chromosome	end	stopCodon	RefSeq ID	RefSeq start	RefSeq length (nt)	RefSeq type	RefSeq pseudo	RefSeq startCodon	mapped IDs
CP040691	1724	TAG	FF955_00005	201	1524	CDS		TTG	FF955_00005|CP040691_201_1724_+3_TTG_507
CP040691	3107	TGA	FF955_00010	1846	1263	fCDS		ATG	FF955_00010_fCDS|CP040691_1846_3107_+1_ATG_420
CP040691	4818	TGA	FF955_00015	3610	1209	CDS		ATG	FF955_00015|CP040691_3610_4818_+1_ATG_402
CP040691	5995	TGA	FF955_00020	4838	1158	CDS		GTG	FF955_00020|CP040691_4838_5995_+2_GTG_385
CP040691	6555	TAA	FF955_00025	5992	564	CDS		ATG	FF955_00025|CP040691_5992_6555_+1_ATG_187
CP040691	8825	TAA	FF955_00030	6798	2028	CDS		GTG	FF955_00030|CP040691_6798_8825_+3_GTG_675
CP040691	11376	TAA	FF955_00035	8860	2517	CDS		ATG	FF955_00035|CP040691_8860_11376_+1_ATG_838
CP040691	12386	TAA	FF955_00040	11472	915	CDS		GTG	FF955_00040|CP040691_11472_12386_+3_GTG_304
CP040691	12974	TGA	FF955_00055	12783	192	CDS		TTG	FF955_00055|CP040691_12783_12974_+3_TTG_63
CP040691	14574	TGA	FF955_00070	14026	549	CDS		ATG	FF955_00070|CP040691_14026_14574_+1_ATG_182
CP040691	16435	TGA	FF955_00085	15647	789	CDS		ATG	FF955_00085|CP040691_15647_16435_+2_ATG_262
CP040691	17170	TGA	FF955_00090	16472	699	CDS		ATG	FF955_00090|CP040691_16472_17170_+2_ATG_232
CP040691	29905	TGA	FF955_00145	29135	771	CDS		GTG	FF955_00145|CP040691_29135_29905_+2_GTG_256
CP040691	30746	TAA	FF955_00150	29889	858	CDS		ATG	FF955_00150|CP040691_29889_30746_+3_ATG_285
CP040691	31146	TAG	FF955_00155	30784	363	CDS		ATG	FF955_00155|CP040691_30784_31146_+1_ATG_120
CP040691	32607	TAG	FF955_00160	31261	1347	CDS		GTG	FF955_00160|CP040691_31261_32607_+1_GTG_448
CP040691	33045	TGA	FF955_00165	32728	318	CDS		ATG	FF955_00165|CP040691_32728_33045_+1_ATG_105
CP040691	33358	TGA	FF955_00170	33053	306	CDS		ATG	FF955_00170|CP040691_33053_33358_+2_ATG_101
CP040691	34693	TAG	FF955_00175	33596	1098	CDS		GTG	FF955_00175|CP040691_33596_34693_+2_GTG_365
CP040691	35092	TGA	FF955_00180	34763	330	CDS		ATG	FF955_00180|CP040691_34763_35092_+2_ATG_109
CP040691	35333	TGA	FF955_00185	35121	213	CDS		TTG	FF955_00185|CP040691_35121_35333_+3_TTG_70
CP040691	38149	TGA	FF955_00195	35834	2316	CDS		ATG	FF955_00195|CP040691_35834_38149_+2_ATG_771
CP040691	38409	TGA	FF955_00200	38146	264	CDS		ATG	FF955_00200|CP040691_38146_38409_+1_ATG_87
CP040691	38801	TGA	FF955_00205	38406	396	CDS		ATG	FF955_00205|CP040691_38406_38801_+3_ATG_131
CP040691	40486	TGA	FF955_00210	38798	1689	CDS		ATG	FF955_00210|CP040691_38798_40486_+2_ATG_562
CP040691	43619	TAG	FF955_00225	43011	609	CDS		GTG	FF955_00225|CP040691_43011_43619_+3_GTG_202
CP040691	48178	TAG	FF955_00240	45269	2910	CDS		GTG	FF955_00240|CP040691_45269_48178_+2_GTG_969
CP040691	54949	TAG	FF955_00280	54536	414	CDS		GTG	FF955_00280|CP040691_54536_54949_+2_GTG_137
CP040691	57413	TGA	FF955_00285	54942	2472	CDS		GTG	FF955_00285|CP040691_54942_57413_+3_GTG_823
CP040691	59092	TGA	FF955_00290	57410	1683	CDS		GTG	FF955_00290|CP040691_57410_59092_+2_GTG_560
CP040691	59687	TGA	FF955_00295	59049	639	CDS		ATG	FF955_00295|CP040691_59049_59687_+3_ATG_212
CP040691	60196	TAA	FF955_00300	59906	291	CDS		ATG	FF955_00300|CP040691_59906_60196_+2_ATG_96
CP040691	60794	TGA	FF955_00305	60300	495	CDS		GTG	FF955_00305|CP040691_60300_60794_+3_GTG_164
CP040691	61090	TAG	FF955_00310	60836	255	CDS		ATG	FF955_00310|CP040691_60836_61090_+2_ATG_84
CP040691	61581	TAA	FF955_00315	61123	459	CDS		ATG	FF955_00315|CP040691_61123_61581_+1_ATG_152
CP040691	62131	TAG	FF955_00320	61610	522	CDS		ATG	FF955_00320|CP040691_61610_62131_+2_ATG_173
CP040691	64734	TGA	FF955_00325	62110	2625	CDS		ATG	FF955_00325|CP040691_62110_64734_+1_ATG_874
CP040691	65606	TAA	FF955_00330	64914	693	CDS		ATG	FF955_00330|CP040691_64914_65606_+3_ATG_230
CP040691	66681	TGA	FF955_00335	65623	1059	CDS		ATG	FF955_00335|CP040691_65623_66681_+1_ATG_352
CP040691	68408	TAG	FF955_00350	67266	1143	CDS		ATG	FF955_00350|CP040691_67266_68408_+3_ATG_380
CP040691	70097	TAG	FF955_00355	68637	1461	CDS		TTG	FF955_00355|CP040691_68637_70097_+3_TTG_486
CP040691	70294	TAG	FF955_00360	70133	162	CDS		GTG	FF955_00360|CP040691_70133_70294_+2_GTG_53
CP040691	73274	TAA	FF955_00365	70335	2940	CDS		ATG	FF955_00365|CP040691_70335_73274_+3_ATG_979
CP040691	73580	TGA	FF955_00370	73341	240	CDS		ATG	FF955_00370|CP040691_73341_73580_+3_ATG_79
CP040691	73974	TGA	FF955_00375	73573	402	CDS		GTG	FF955_00375|CP040691_73573_73974_+1_GTG_133
CP040691	77964	TGA	FF955_00390	77053	912	CDS		ATG	FF955_00390|CP040691_77053_77964_+1_ATG_303
CP040691	82279	TAA	FF955_00405	81230	1050	CDS		ATG	FF955_00405|CP040691_81230_82279_+2_ATG_349
CP040691	83464	TAA	FF955_00410	82292	1173	CDS		ATG	FF955_00410|CP040691_82292_83464_+2_ATG_390
CP040691	85429	TAG	FF955_00425	84824	606	CDS		ATG	FF955_00425|CP040691_84824_85429_+2_ATG_201
CP040691	87321	TGA	FF955_00440	86500	822	CDS		GTG	FF955_00440|CP040691_86500_87321_+1_GTG_273
CP040691	87776	TAG	FF955_00445	87318	459	CDS		ATG	FF955_00445|CP040691_87318_87776_+3_ATG_152
CP040691	88215	TAA	FF955_00450	87871	345	CDS		GTG	FF955_00450|CP040691_87871_88215_+1_GTG_114
CP040691	88699	TGA	FF955_00455	88220	480	CDS		ATG	FF955_00455|CP040691_88220_88699_+2_ATG_159
CP040691	90618	TGA	FF955_00460	88696	1923	CDS		ATG	FF955_00460|CP040691_88696_90618_+1_ATG_640
CP040691	91574	TGA	FF955_00465	90624	951	CDS		ATG	FF955_00465|CP040691_90624_91574_+3_ATG_316
CP040691	92247	TGA	FF955_00470	91585	663	CDS		ATG	FF955_00470|CP040691_91585_92247_+1_ATG_220
CP040691	93713	TGA	FF955_00475	92247	1467	CDS		ATG	FF955_00475|CP040691_92247_93713_+3_ATG_488
CP040691	95188	TAA	FF955_00480	93710	1479	CDS		GTG	FF955_00480|CP040691_93710_95188_+2_GTG_492
CP040691	95897	TGA	FF955_00485	95223	675	CDS		GTG	FF955_00485|CP040691_95223_95897_+3_GTG_224
CP040691	96647	TAA	FF955_00490	96054	594	CDS		GTG	FF955_00490|CP040691_96054_96647_+3_GTG_197
CP040691	97537	TGA	FF955_00495	96776	762	CDS		GTG	FF955_00495|CP040691_96776_97537_+2_GTG_253
CP040691	97860	TGA	FF955_00500	97666	195	CDS		ATG	FF955_00500|CP040691_97666_97860_+1_ATG_64
CP040691	98738	TGA	FF955_00505	97971	768	CDS		ATG	FF955_00505|CP040691_97971_98738_+3_ATG_255
CP040691	101155	TGA	FF955_00510	98870	2286	CDS		ATG	FF955_00510|CP040691_98870_101155_+2_ATG_761
CP040691	105006	TGA	FF955_00530	103615	1392	CDS		ATG	FF955_00530|CP040691_103615_105006_+1_ATG_463
CP040691	105894	TGA	FF955_00535	105025	870	CDS		ATG	FF955_00535|CP040691_105025_105894_+1_ATG_289
CP040691	106442	TAA	FF955_00540	105891	552	CDS		ATG	FF955_00540|CP040691_105891_106442_+3_ATG_183
CP040691	108069	TGA	FF955_00545	106447	1623	CDS		ATG	FF955_00545|CP040691_106447_108069_+1_ATG_540
CP040691	108310	TAA	FF955_00550	108074	237	CDS		GTG	FF955_00550|CP040691_108074_108310_+2_GTG_78
CP040691	115830	TAG	FF955_00555	108292	7539	CDS		GTG	FF955_00555|CP040691_108292_115830_+1_GTG_2512
CP040691	117990	TGA	FF955_00560	116005	1986	CDS		ATG	FF955_00560|CP040691_116005_117990_+1_ATG_661
CP040691	122122	TAA	FF955_00570	120608	1515	CDS	true	GTG	FF955_00570_p|CP040691_120608_122122_+2_GTG_504
CP040691	123861	TGA	FF955_00585	122665	1197	CDS		ATG	FF955_00585|CP040691_122665_123861_+1_ATG_398
CP040691	131165	TAG	FF955_00600	129675	1491	CDS		ATG	FF955_00600|CP040691_129675_131165_+3_ATG_496
CP040691	132062	TGA	FF955_00605	131313	750	CDS		ATG	FF955_00605|CP040691_131313_132062_+3_ATG_249
CP040691	134300	TAA	FF955_00610	132243	2058	CDS		GTG	FF955_00610|CP040691_132243_134300_+3_GTG_685
CP040691	135538	TGA	FF955_00615	134582	957	CDS		ATG	FF955_00615|CP040691_134582_135538_+2_ATG_318
CP040691	136202	TAG	FF955_00620	135612	591	CDS		GTG	FF955_00620|CP040691_135612_136202_+3_GTG_196
CP040691	136806	TAA	FF955_00625	136234	573	CDS		ATG	FF955_00625|CP040691_136234_136806_+1_ATG_190
CP040691	137966	TGA	FF955_00630	136806	1161	CDS		ATG	FF955_00630|CP040691_136806_137966_+3_ATG_386
CP040691	138437	TGA	FF955_00635	138249	189	CDS		ATG	FF955_00635|CP040691_138249_138437_+3_ATG_62
CP040691	140437	TGA	FF955_00645	139493	945	CDS		GTG	FF955_00645|CP040691_139493_140437_+2_GTG_314
CP040691	143919	TAG	FF955_00655	142291	1629	CDS		GTG	FF955_00655|CP040691_142291_143919_+1_GTG_542
CP040691	147152	TGA	FF955_00670	146784	369	CDS		TTG	FF955_00670|CP040691_146784_147152_+3_TTG_122
CP040691	147517	TAG	FF955_00675	147149	369	CDS		ATG	FF955_00675|CP040691_147149_147517_+2_ATG_122
CP040691	149451	TAG	FF955_00680	147826	1626	CDS		ATG	FF955_00680|CP040691_147826_149451_+1_ATG_541
CP040691	150670	TGA	FF955_00685	149603	1068	CDS		ATG	FF955_00685|CP040691_149603_150670_+2_ATG_355
CP040691	152584	TGA	FF955_00690	150779	1806	CDS		ATG	FF955_00690|CP040691_150779_152584_+2_ATG_601
CP040691	152691	GAC	FF955_00695	152581	111	CDS	true	ATG	FF955_00695_p|CP040691_152581_152691_+1_ATG_37
CP040691	154054	TGA	FF955_00700	152687	1368	CDS		ATG	FF955_00700|CP040691_152687_154054_+2_ATG_455
CP040691	154901	TAG	FF955_00705	154122	780	CDS		GTG	FF955_00705|CP040691_154122_154901_+3_GTG_259
CP040691	156757	TGA	FF955_00715	156302	456	CDS		ATG	FF955_00715|CP040691_156302_156757_+2_ATG_151
CP040691	159929	TAG	FF955_00730	159324	606	CDS		ATG	FF955_00730|CP040691_159324_159929_+3_ATG_201
CP040691	161127	TGA	FF955_00735	160226	902	CDS	true	ATG	FF955_00735_p|CP040691_160226_161127_+2_ATG_300
CP040691	163145	TGA	FF955_00745	161820	1326	CDS		ATG	FF955_00745|CP040691_161820_163145_+3_ATG_441
CP040691	164280	TAA	FF955_00755	163777	504	CDS		GTG	FF955_00755|CP040691_163777_164280_+1_GTG_167
CP040691	165303	TGA	FF955_00760	164281	1023	CDS		ATG	FF955_00760|CP040691_164281_165303_+1_ATG_340
CP040691	165744	TAG	FF955_00765	165364	381	CDS		ATG	FF955_00765|CP040691_165364_165744_+1_ATG_126
CP040691	167091	TAG	FF955_00775	166165	927	CDS		GTG	FF955_00775|CP040691_166165_167091_+1_GTG_308
CP040691	169580	TGA	FF955_00785	168738	843	CDS		GTG	FF955_00785|CP040691_168738_169580_+3_GTG_280
CP040691	170622	TGA	FF955_00790	169669	954	CDS		GTG	FF955_00790|CP040691_169669_170622_+1_GTG_317
CP040691	171597	TAG	FF955_00795	170665	933	CDS		ATG	FF955_00795|CP040691_170665_171597_+1_ATG_310
CP040691	173212	TGA	FF955_00800	171692	1521	CDS		ATG	FF955_00800|CP040691_171692_173212_+2_ATG_506
CP040691	174147	TAG	FF955_00805	173287	861	CDS		ATG	FF955_00805|CP040691_173287_174147_+1_ATG_286
CP040691	175122	TAA	FF955_00810	174154	969	CDS		ATG	FF955_00810|CP040691_174154_175122_+1_ATG_322
CP040691	175864	TCC	FF955_00820	175683	182	CDS	true	GGC	FF955_00820_p|CP040691_175683_175864_+3_GGC_60
CP040691	182023	TAG	FF955_00850	181769	255	CDS		CTG	FF955_00850|CP040691_181769_182023_+2_CTG_84
CP040691	183176	TAG	FF955_00855	182076	1101	CDS		ATG	FF955_00855|CP040691_182076_183176_+3_ATG_366
CP040691	183509	TGA	FF955_00860	183177	333	CDS		ATG	FF955_00860|CP040691_183177_183509_+3_ATG_110
CP040691	184933	TAG	FF955_00865	183506	1428	CDS		ATG	FF955_00865|CP040691_183506_184933_+2_ATG_475
CP040691	185883	TGA	FF955_00875	185239	645	CDS		ATG	FF955_00875|CP040691_185239_185883_+1_ATG_214
CP040691	190409	TGA	FF955_00890	189061	1349	CDS	true	ATG	FF955_00890_p|CP040691_189061_190409_+1_ATG_449
CP040691	192025	TAA	FF955_00900	191570	456	CDS		ATG	FF955_00900|CP040691_191570_192025_+2_ATG_151
CP040691	192564	TAA	FF955_00910	192079	486	CDS		ATG	FF955_00910|CP040691_192079_192564_+1_ATG_161
CP040691	195112	TAA	FF955_00920	193448	1665	CDS		TTG	FF955_00920|CP040691_193448_195112_+2_TTG_554
CP040691	196113	TGA	FF955_00925	195316	798	CDS		GTG	FF955_00925|CP040691_195316_196113_+1_GTG_265
CP040691	196984	TAG	FF955_00930	196115	870	CDS		ATG	FF955_00930|CP040691_196115_196984_+2_ATG_289
CP040691	198353	TGA	FF955_00935	196989	1365	CDS		ATG	FF955_00935|CP040691_196989_198353_+3_ATG_454
CP040691	199390	TGA	FF955_00940	198350	1041	CDS		ATG	FF955_00940|CP040691_198350_199390_+2_ATG_346
CP040691	200934	TGA	FF955_00945	199387	1548	CDS		ATG	FF955_00945|CP040691_199387_200934_+1_ATG_515
CP040691	202523	TGA	FF955_00950	200931	1593	CDS		TTG	FF955_00950|CP040691_200931_202523_+3_TTG_530
CP040691	203692	TGA	FF955_00955	202520	1173	CDS		ATG	FF955_00955|CP040691_202520_203692_+2_ATG_390
CP040691	205233	TGA	FF955_00960	203686	1548	CDS		GTG	FF955_00960|CP040691_203686_205233_+1_GTG_515
CP040691	205910	TGA	FF955_00965	205269	642	CDS		GTG	FF955_00965|CP040691_205269_205910_+3_GTG_213
CP040691	206875	TGA	FF955_00970	205907	969	CDS		GTG	FF955_00970|CP040691_205907_206875_+2_GTG_322
CP040691	207426	TGA	FF955_00975	206872	555	CDS		ATG	FF955_00975|CP040691_206872_207426_+1_ATG_184
CP040691	208127	TAG	FF955_00980	207393	735	CDS		GTG	FF955_00980|CP040691_207393_208127_+3_GTG_244
CP040691	213382	TAG	FF955_01005	212543	840	CDS		ATG	FF955_01005|CP040691_212543_213382_+2_ATG_279
CP040691	214173	TGA	FF955_01010	213424	750	CDS		ATG	FF955_01010|CP040691_213424_214173_+1_ATG_249
CP040691	214679	TGA	FF955_01015	214170	510	CDS		GTG	FF955_01015|CP040691_214170_214679_+3_GTG_169
CP040691	216799	TGA	FF955_01020	214724	2076	CDS		ATG	FF955_01020|CP040691_214724_216799_+2_ATG_691
CP040691	217822	TAG	FF955_01030	217160	663	CDS		TTG	FF955_01030|CP040691_217160_217822_+2_TTG_220
CP040691	218372	TAG	FF955_01035	217941	432	CDS		ATG	FF955_01035|CP040691_217941_218372_+3_ATG_143
CP040691	220616	TGA	FF955_01045	220326	291	CDS		ATG	FF955_01045|CP040691_220326_220616_+3_ATG_96
CP040691	221985	TAA	FF955_01050	220744	1242	CDS		ATG	FF955_01050|CP040691_220744_221985_+1_ATG_413
CP040691	223119	TAA	FF955_01055	222019	1101	CDS		ATG	FF955_01055|CP040691_222019_223119_+1_ATG_366
CP040691	228917	TAG	FF955_01065	225333	3585	CDS		ATG	FF955_01065|CP040691_225333_228917_+3_ATG_1194
CP040691	229990	TGA	FF955_01070	229355	636	CDS		ATG	FF955_01070|CP040691_229355_229990_+2_ATG_211
CP040691	230687	TGA	FF955_01075	230103	585	CDS		ATG	FF955_01075|CP040691_230103_230687_+3_ATG_194
CP040691	232933	TAG	FF955_01080	230687	2247	CDS		ATG	FF955_01080|CP040691_230687_232933_+2_ATG_748
CP040691	235667	TGA	FF955_01090	235008	660	CDS		ATG	FF955_01090|CP040691_235008_235667_+3_ATG_219
CP040691	236353	TAA	FF955_01095	235664	690	CDS		ATG	FF955_01095|CP040691_235664_236353_+2_ATG_229
CP040691	240382	TAG	FF955_01110	239972	411	CDS		ATG	FF955_01110|CP040691_239972_240382_+2_ATG_136
CP040691	242945	TAA	FF955_01120	241842	1104	CDS		ATG	FF955_01120|CP040691_241842_242945_+3_ATG_367
CP040691	248581	TGA	FF955_01140	247496	1086	CDS		ATG	FF955_01140|CP040691_247496_248581_+2_ATG_361
CP040691	250056	TGA	FF955_01145	248578	1479	CDS		GTG	FF955_01145|CP040691_248578_250056_+1_GTG_492
CP040691	252060	TAG	FF955_01150	250240	1821	CDS		ATG	FF955_01150|CP040691_250240_252060_+1_ATG_606
CP040691	256135	TGA	FF955_01165	254522	1614	CDS		TTG	FF955_01165|CP040691_254522_256135_+2_TTG_537
CP040691	258384	TAG	FF955_01175	257371	1014	CDS		GTG	FF955_01175|CP040691_257371_258384_+1_GTG_337
CP040691	260710	TGA	FF955_01185	259382	1329	CDS		ATG	FF955_01185|CP040691_259382_260710_+2_ATG_442
CP040691	261260	TAG	FF955_01190	260712	549	CDS		ATG	FF955_01190|CP040691_260712_261260_+3_ATG_182
CP040691	262481	TAA	FF955_01195	261270	1212	CDS		ATG	FF955_01195|CP040691_261270_262481_+3_ATG_403
CP040691	263934	TGA	FF955_01200	262525	1410	CDS		GTG	FF955_01200|CP040691_262525_263934_+1_GTG_469
CP040691	264753	TAG	FF955_01205	263965	789	CDS		ATG	FF955_01205|CP040691_263965_264753_+1_ATG_262
CP040691	268275	TGA	FF955_01220	267121	1155	CDS		ATG	FF955_01220|CP040691_267121_268275_+1_ATG_384
CP040691	272736	TGA	FF955_01235	271513	1224	CDS		ATG	FF955_01235|CP040691_271513_272736_+1_ATG_407
CP040691	276222	TAG	FF955_01255	274516	1707	CDS		ATG	FF955_01255|CP040691_274516_276222_+1_ATG_568
CP040691	277046	TGA	FF955_01260	276357	690	CDS		ATG	FF955_01260|CP040691_276357_277046_+3_ATG_229
CP040691	277987	TAG	FF955_01265	277043	945	CDS		ATG	FF955_01265|CP040691_277043_277987_+2_ATG_314
CP040691	286810	TAG	FF955_01290	285644	1167	CDS		ATG	FF955_01290|CP040691_285644_286810_+2_ATG_388
CP040691	287500	TGA	FF955_01295	286886	615	CDS		ATG	FF955_01295|CP040691_286886_287500_+2_ATG_204
CP040691	287795	TGA	FF955_01300	287562	234	CDS		ATG	FF955_01300|CP040691_287562_287795_+3_ATG_77
CP040691	288240	TGA	FF955_01305	287803	438	CDS		GTG	FF955_01305|CP040691_287803_288240_+1_GTG_145
CP040691	291951	TGA	FF955_01320	290629	1323	CDS		GTG	FF955_01320|CP040691_290629_291951_+1_GTG_440
CP040691	294952	TAA	FF955_01330	294464	489	CDS		GTG	FF955_01330|CP040691_294464_294952_+2_GTG_162
CP040691	296578	TAG	FF955_01335	295268	1311	CDS		GTG	FF955_01335|CP040691_295268_296578_+2_GTG_436
CP040691	303886	TGA	FF955_01365	301325	2562	CDS		ATG	FF955_01365|CP040691_301325_303886_+2_ATG_853
CP040691	304268	TAG	FF955_01370	303912	357	CDS		GTG	FF955_01370|CP040691_303912_304268_+3_GTG_118
CP040691	321181	TAG	FF955_01435	319790	1392	CDS		ATG	FF955_01435|CP040691_319790_321181_+2_ATG_463
CP040691	324708	TAG	FF955_01450	323026	1683	CDS		ATG	FF955_01450|CP040691_323026_324708_+1_ATG_560
CP040691	329462	TAG	FF955_01470	328881	582	CDS		ATG	FF955_01470|CP040691_328881_329462_+3_ATG_193
CP040691	331127	TAA	FF955_01480	330207	921	CDS		ATG	FF955_01480|CP040691_330207_331127_+3_ATG_306
CP040691	339576	TGA	FF955_01505	337966	1611	CDS		ATG	FF955_01505|CP040691_337966_339576_+1_ATG_536
CP040691	340508	TGA	FF955_01510	339600	909	CDS		GTG	FF955_01510|CP040691_339600_340508_+3_GTG_302
CP040691	342627	TGA	FF955_01515	340732	1896	CDS		ATG	FF955_01515|CP040691_340732_342627_+1_ATG_631
CP040691	344240	TGA	FF955_01520	342624	1617	CDS		ATG	FF955_01520|CP040691_342624_344240_+3_ATG_538
CP040691	348229	TGA	FF955_01525	344237	3993	CDS		GTG	FF955_01525|CP040691_344237_348229_+2_GTG_1330
CP040691	348534	TGA	FF955_01530	348226	309	CDS		ATG	FF955_01530|CP040691_348226_348534_+1_ATG_102
CP040691	350078	TAA	FF955_01535	348537	1542	CDS		ATG	FF955_01535|CP040691_348537_350078_+3_ATG_513
CP040691	350420	TGA	FF955_01540	350127	294	CDS		ATG	FF955_01540|CP040691_350127_350420_+3_ATG_97
CP040691	350740	TAG	FF955_01545	350450	291	CDS		ATG	FF955_01545|CP040691_350450_350740_+2_ATG_96
CP040691	351638	TAA	FF955_01550	350751	888	CDS		ATG	FF955_01550|CP040691_350751_351638_+3_ATG_295
CP040691	353103	TGA	FF955_01555	351685	1419	CDS		ATG	FF955_01555|CP040691_351685_353103_+1_ATG_472
CP040691	354485	TGA	FF955_01560	353100	1386	CDS		ATG	FF955_01560|CP040691_353100_354485_+3_ATG_461
CP040691	355477	TGA	FF955_01565	354482	996	CDS		ATG	FF955_01565|CP040691_354482_355477_+2_ATG_331
CP040691	357558	TAG	FF955_01575	356773	786	CDS		ATG	FF955_01575|CP040691_356773_357558_+1_ATG_261
CP040691	361711	TGA	FF955_01590	359936	1776	CDS		GTG	FF955_01590|CP040691_359936_361711_+2_GTG_591
CP040691	362081	TGA	FF955_01595	361854	228	CDS		ATG	FF955_01595|CP040691_361854_362081_+3_ATG_75
CP040691	362380	TAG	FF955_01600	362078	303	CDS		TTG	FF955_01600|CP040691_362078_362380_+2_TTG_100
CP040691	362649	TGA	FF955_01605	362428	222	CDS		ATG	FF955_01605|CP040691_362428_362649_+1_ATG_73
CP040691	363071	TAA	FF955_01610	362646	426	CDS		GTG	FF955_01610|CP040691_362646_363071_+3_GTG_141
CP040691	363839	TGA	FF955_01615	363207	633	CDS		GTG	FF955_01615|CP040691_363207_363839_+3_GTG_210
CP040691	364744	TAG	FF955_01620	363836	909	CDS		ATG	FF955_01620|CP040691_363836_364744_+2_ATG_302
CP040691	375171	TAG	FF955_01630	374500	672	CDS		ATG	FF955_01630|CP040691_374500_375171_+1_ATG_223
CP040691	376415	TAA	FF955_01640	375699	717	CDS		ATG	FF955_01640|CP040691_375699_376415_+3_ATG_238
CP040691	377173	TAA	FF955_01645	376517	657	CDS		ATG	FF955_01645|CP040691_376517_377173_+2_ATG_218
CP040691	378987	TGA	FF955_01655	377758	1230	CDS		ATG	FF955_01655|CP040691_377758_378987_+1_ATG_409
CP040691	381004	TGA	FF955_01660	379142	1863	CDS		ATG	FF955_01660|CP040691_379142_381004_+2_ATG_620
CP040691	381462	TAA	FF955_01665	381076	387	CDS		GTG	FF955_01665|CP040691_381076_381462_+1_GTG_128
CP040691	383072	TAA	FF955_01675	382188	885	CDS		ATG	FF955_01675|CP040691_382188_383072_+3_ATG_294
CP040691	383735	TGA	FF955_01680	383121	615	CDS		ATG	FF955_01680|CP040691_383121_383735_+3_ATG_204
CP040691	386402	TAG	FF955_01700	385734	669	CDS		ATG	FF955_01700|CP040691_385734_386402_+3_ATG_222
CP040691	387136	TGA	FF955_01705	386474	663	CDS		GTG	FF955_01705|CP040691_386474_387136_+2_GTG_220
CP040691	387740	TAG	FF955_01710	387168	573	CDS		GTG	FF955_01710|CP040691_387168_387740_+3_GTG_190
CP040691	389177	TGA	FF955_01715	387846	1332	CDS		GTG	FF955_01715|CP040691_387846_389177_+3_GTG_443
CP040691	390618	TGA	FF955_01725	389938	681	CDS		ATG	FF955_01725|CP040691_389938_390618_+1_ATG_226
CP040691	391314	TAG	FF955_01730	390625	690	CDS		GTG	FF955_01730|CP040691_390625_391314_+1_GTG_229
CP040691	393299	TGA	FF955_01740	392697	603	CDS		GTG	FF955_01740|CP040691_392697_393299_+3_GTG_200
CP040691	395953	TGA	FF955_01755	394787	1167	CDS		ATG	FF955_01755|CP040691_394787_395953_+2_ATG_388
CP040691	396813	TAG	FF955_01760	396028	786	CDS		TTG	FF955_01760|CP040691_396028_396813_+1_TTG_261
CP040691	397214	TGA	FF955_01765	396840	375	CDS		ATG	FF955_01765|CP040691_396840_397214_+3_ATG_124
CP040691	398110	TGA	FF955_01770	397244	867	CDS		ATG	FF955_01770|CP040691_397244_398110_+2_ATG_288
CP040691	400289	TGA	FF955_01780	398754	1536	CDS		ATG	FF955_01780|CP040691_398754_400289_+3_ATG_511
CP040691	400402	CGC	FF955_01785	400211	192	CDS	true	GGT	FF955_01785_p|CP040691_400211_400402_+2_GGT_64
CP040691	407759	TAA	FF955_01805	407220	540	CDS		GTG	FF955_01805|CP040691_407220_407759_+3_GTG_179
CP040691	409387	TGA	FF955_01810	407948	1440	CDS		ATG	FF955_01810|CP040691_407948_409387_+2_ATG_479
CP040691	411346	TGA	FF955_01815	409424	1923	CDS		ATG	FF955_01815|CP040691_409424_411346_+2_ATG_640
CP040691	412824	TGA	FF955_01820	411343	1482	CDS		GTG	FF955_01820|CP040691_411343_412824_+1_GTG_493
CP040691	414046	TGA	FF955_01830	413636	411	CDS		TTG	FF955_01830|CP040691_413636_414046_+2_TTG_136
CP040691	416876	TGA	FF955_01840	415890	987	CDS		GTG	FF955_01840|CP040691_415890_416876_+3_GTG_328
CP040691	417532	TAA	FF955_01845	416879	654	CDS		ATG	FF955_01845|CP040691_416879_417532_+2_ATG_217
CP040691	418194	TGA	FF955_01850	417535	660	CDS		GTG	FF955_01850|CP040691_417535_418194_+1_GTG_219
CP040691	420298	TGA	FF955_01855	418421	1878	CDS		ATG	FF955_01855|CP040691_418421_420298_+2_ATG_625
CP040691	421002	TAA	FF955_01860	420295	708	CDS		GTG	FF955_01860|CP040691_420295_421002_+1_GTG_235
CP040691	422225	TGA	FF955_01865	421038	1188	CDS		ATG	FF955_01865|CP040691_421038_422225_+3_ATG_395
CP040691	422605	TGA	FF955_01870	422225	381	CDS		ATG	FF955_01870|CP040691_422225_422605_+2_ATG_126
CP040691	436025	TAG	FF955_01895	435378	648	CDS		ATG	FF955_01895|CP040691_435378_436025_+3_ATG_215
CP040691	436815	TGA	FF955_01900	436036	780	CDS		GTG	FF955_01900|CP040691_436036_436815_+1_GTG_259
CP040691	438167	TGA	FF955_01910	437340	828	CDS		ATG	FF955_01910|CP040691_437340_438167_+3_ATG_275
CP040691	439771	TGA	FF955_01915	438389	1383	CDS		GTG	FF955_01915|CP040691_438389_439771_+2_GTG_460
CP040691	441596	TGA	FF955_01925	440913	684	CDS		ATG	FF955_01925|CP040691_440913_441596_+3_ATG_227
CP040691	453904	TAG	FF955_01990	452939	966	CDS		ATG	FF955_01990|CP040691_452939_453904_+2_ATG_321
CP040691	454376	TGA	FF955_01995	454155	222	CDS		GTG	FF955_01995|CP040691_454155_454376_+3_GTG_73
CP040691	454710	TAG	FF955_02000	454495	216	CDS		ATG	FF955_02000|CP040691_454495_454710_+1_ATG_71
CP040691	461825	TAG	FF955_02030	460653	1173	CDS		GTG	FF955_02030|CP040691_460653_461825_+3_GTG_390
CP040691	465186	TGA	FF955_02035	461929	3258	CDS		ATG	FF955_02035|CP040691_461929_465186_+1_ATG_1085
CP040691	468114	TGA	FF955_02045	466855	1260	CDS		GTG	FF955_02045|CP040691_466855_468114_+1_GTG_419
CP040691	468533	TGA	FF955_02050	468111	423	CDS		GTG	FF955_02050|CP040691_468111_468533_+3_GTG_140
CP040691	469750	TAA	FF955_02055	468530	1221	CDS		ATG	FF955_02055|CP040691_468530_469750_+2_ATG_406
CP040691	472626	TGA	FF955_02065	471301	1326	CDS		ATG	FF955_02065|CP040691_471301_472626_+1_ATG_441
CP040691	473864	TAG	FF955_02075	473460	405	CDS		ATG	FF955_02075|CP040691_473460_473864_+3_ATG_134
CP040691	474262	TAG	FF955_02080	473870	393	CDS		GTG	FF955_02080|CP040691_473870_474262_+2_GTG_130
CP040691	474704	TAA	FF955_02085	474336	369	CDS		TTG	FF955_02085|CP040691_474336_474704_+3_TTG_122
CP040691	475162	TAG	FF955_02095	474914	249	CDS		ATG	FF955_02095|CP040691_474914_475162_+2_ATG_82
CP040691	478680	TGA	FF955_02115	478309	372	CDS		ATG	FF955_02115|CP040691_478309_478680_+1_ATG_123
CP040691	484203	TGA	FF955_02130	482497	1707	CDS		ATG	FF955_02130|CP040691_482497_484203_+1_ATG_568
CP040691	488458	TAG	FF955_02135	484289	4170	CDS		ATG	FF955_02135|CP040691_484289_488458_+2_ATG_1389
CP040691	490312	TGA	FF955_02145	489302	1011	CDS		GTG	FF955_02145|CP040691_489302_490312_+2_GTG_336
CP040691	492377	TAG	FF955_02150	490305	2073	CDS		TTG	FF955_02150|CP040691_490305_492377_+3_TTG_690
CP040691	493527	TGA	FF955_02155	492370	1158	CDS		ATG	FF955_02155|CP040691_492370_493527_+1_ATG_385
CP040691	498885	TAA	FF955_02175	498232	654	CDS		TTG	FF955_02175|CP040691_498232_498885_+1_TTG_217
CP040691	500689	TGA	FF955_02185	499667	1023	CDS		ATG	FF955_02185|CP040691_499667_500689_+2_ATG_340
CP040691	500892	TGA	FF955_02190	500686	207	CDS		ATG	FF955_02190|CP040691_500686_500892_+1_ATG_68
CP040691	501643	TAA	FF955_02195	500885	759	CDS		GTG	FF955_02195|CP040691_500885_501643_+2_GTG_252
CP040691	501817	TAG	FF955_02200	501665	153	CDS		GTG	FF955_02200|CP040691_501665_501817_+2_GTG_50
CP040691	503517	TGA	FF955_02205	502015	1503	CDS		ATG	FF955_02205|CP040691_502015_503517_+1_ATG_500
CP040691	505101	TAG	FF955_02210	503605	1497	CDS		ATG	FF955_02210|CP040691_503605_505101_+1_ATG_498
CP040691	517559	TGA	FF955_02265	517251	309	CDS		ATG	FF955_02265|CP040691_517251_517559_+3_ATG_102
CP040691	518085	TGA	FF955_02270	517591	495	CDS		GTG	FF955_02270|CP040691_517591_518085_+1_GTG_164
CP040691	518840	TAG	FF955_02275	518118	723	CDS		ATG	FF955_02275|CP040691_518118_518840_+3_ATG_240
CP040691	519972	TAG	FF955_02280	518842	1131	CDS		TTG	FF955_02280|CP040691_518842_519972_+1_TTG_376
CP040691	520685	TAA	FF955_02285	520032	654	CDS		ATG	FF955_02285|CP040691_520032_520685_+3_ATG_217
CP040691	528748	TGA	FF955_02315	527126	1623	CDS		ATG	FF955_02315|CP040691_527126_528748_+2_ATG_540
CP040691	531429	TAA	FF955_02330	530914	516	CDS		ATG	FF955_02330|CP040691_530914_531429_+1_ATG_171
CP040691	541370	TGA	FF955_02375	540660	711	CDS		GTG	FF955_02375|CP040691_540660_541370_+3_GTG_236
CP040691	541695	TGA	FF955_02380	541504	192	CDS		TTG	FF955_02380|CP040691_541504_541695_+1_TTG_63
CP040691	543248	TGA	FF955_02385	541692	1557	CDS		ATG	FF955_02385|CP040691_541692_543248_+3_ATG_518
CP040691	543703	TAG	FF955_02390	543353	351	CDS		TTG	FF955_02390|CP040691_543353_543703_+2_TTG_116
CP040691	549716	TGA	FF955_02420	548193	1524	CDS		ATG	FF955_02420|CP040691_548193_549716_+3_ATG_507
CP040691	550207	TAG	FF955_02425	549716	492	CDS		ATG	FF955_02425|CP040691_549716_550207_+2_ATG_163
CP040691	550506	TGA	FF955_02430	550267	240	CDS		ATG	FF955_02430|CP040691_550267_550506_+1_ATG_79
CP040691	551068	TAG	FF955_02435	550544	525	CDS		GTG	FF955_02435|CP040691_550544_551068_+2_GTG_174
CP040691	552526	TGA	FF955_02440	551132	1395	CDS		GTG	FF955_02440|CP040691_551132_552526_+2_GTG_464
CP040691	552827	TGA	FF955_02445	552534	294	CDS		ATG	FF955_02445|CP040691_552534_552827_+3_ATG_97
CP040691	555770	TGA	FF955_02460	554976	795	CDS		GTG	FF955_02460|CP040691_554976_555770_+3_GTG_264
CP040691	557331	TAG	FF955_02465	556045	1287	CDS		ATG	FF955_02465|CP040691_556045_557331_+1_ATG_428
CP040691	558273	TGA	FF955_02470	557413	861	CDS		GTG	FF955_02470|CP040691_557413_558273_+1_GTG_286
CP040691	559266	TAG	FF955_02475	558406	861	CDS		ATG	FF955_02475|CP040691_558406_559266_+1_ATG_286
CP040691	563452	TGA	FF955_02500	562082	1371	CDS		GTG	FF955_02500|CP040691_562082_563452_+2_GTG_456
CP040691	563961	TAG	FF955_02505	563539	423	CDS		ATG	FF955_02505|CP040691_563539_563961_+1_ATG_140
CP040691	564914	TAG	FF955_02510	564315	600	CDS		ATG	FF955_02510|CP040691_564315_564914_+3_ATG_199
CP040691	565289	TAA	FF955_02515	565026	264	CDS		ATG	FF955_02515|CP040691_565026_565289_+3_ATG_87
CP040691	565740	TAG	FF955_02520	565294	447	CDS		ATG	FF955_02520|CP040691_565294_565740_+1_ATG_148
CP040691	566414	TGA	FF955_02525	565740	675	CDS		GTG	FF955_02525|CP040691_565740_566414_+3_GTG_224
CP040691	570166	TAG	FF955_02545	569057	1110	CDS		ATG	FF955_02545|CP040691_569057_570166_+2_ATG_369
CP040691	571583	TAG	FF955_02550	570228	1356	CDS		GTG	FF955_02550|CP040691_570228_571583_+3_GTG_451
CP040691	573818	TGA	FF955_02560	572502	1317	CDS		GTG	FF955_02560|CP040691_572502_573818_+3_GTG_438
CP040691	575308	TGA	FF955_02565	573866	1443	CDS		ATG	FF955_02565|CP040691_573866_575308_+2_ATG_480
CP040691	575856	TAG	FF955_02570	575305	552	CDS		GTG	FF955_02570|CP040691_575305_575856_+1_GTG_183
CP040691	576787	TGA	FF955_02575	576182	606	CDS		ATG	FF955_02575|CP040691_576182_576787_+2_ATG_201
CP040691	577693	TAA	FF955_02580	576944	750	CDS		ATG	FF955_02580|CP040691_576944_577693_+2_ATG_249
CP040691	579099	TGA	FF955_02585	577867	1233	CDS		GTG	FF955_02585|CP040691_577867_579099_+1_GTG_410
CP040691	579986	TAG	FF955_02595	579303	684	CDS		ATG	FF955_02595|CP040691_579303_579986_+3_ATG_227
CP040691	583917	TAG	FF955_02615	583189	729	CDS		TTG	FF955_02615|CP040691_583189_583917_+1_TTG_242
CP040691	585874	TGA	FF955_02625	584888	987	CDS		GTG	FF955_02625|CP040691_584888_585874_+2_GTG_328
CP040691	586803	TAG	FF955_02630	585871	933	CDS		ATG	FF955_02630|CP040691_585871_586803_+1_ATG_310
CP040691	587661	TGA	FF955_02635	586819	843	CDS		GTG	FF955_02635|CP040691_586819_587661_+1_GTG_280
CP040691	588552	TAG	FF955_02640	587677	876	CDS		ATG	FF955_02640|CP040691_587677_588552_+1_ATG_291
CP040691	589464	TGA	FF955_02645	588577	888	CDS		ATG	FF955_02645|CP040691_588577_589464_+1_ATG_295
CP040691	589841	TAG	FF955_02650	589605	237	CDS		ATG	FF955_02650|CP040691_589605_589841_+3_ATG_78
CP040691	590070	TAG	FF955_02655	589969	102	CDS		ATG	FF955_02655|CP040691_589969_590070_+1_ATG_33
CP040691	591278	TAG	FF955_02660	590148	1131	CDS		GTG	FF955_02660|CP040691_590148_591278_+3_GTG_376
CP040691	592361	TGA	FF955_02665	591285	1077	CDS		ATG	FF955_02665|CP040691_591285_592361_+3_ATG_358
CP040691	595696	TGA	FF955_02685	595253	444	CDS		GTG	FF955_02685|CP040691_595253_595696_+2_GTG_147
CP040691	598599	TAG	FF955_02690	595693	2907	CDS		ATG	FF955_02690|CP040691_595693_598599_+1_ATG_968
CP040691	598885	TAG	FF955_02695	598592	294	CDS		ATG	FF955_02695|CP040691_598592_598885_+2_ATG_97
CP040691	600341	TGA	FF955_02700	598935	1407	CDS		GTG	FF955_02700|CP040691_598935_600341_+3_GTG_468
CP040691	601280	TAG	FF955_02705	600351	930	CDS		GTG	FF955_02705|CP040691_600351_601280_+3_GTG_309
CP040691	603010	TAG	FF955_02710	601313	1698	CDS		ATG	FF955_02710|CP040691_601313_603010_+2_ATG_565
CP040691	604085	TGA	FF955_02715	603096	990	CDS		ATG	FF955_02715|CP040691_603096_604085_+3_ATG_329
CP040691	604646	TGA	FF955_02720	604098	549	CDS		ATG	FF955_02720|CP040691_604098_604646_+3_ATG_182
CP040691	604942	TGA	FF955_02725	604643	300	CDS		GTG	FF955_02725|CP040691_604643_604942_+2_GTG_99
CP040691	606556	TAG	FF955_02730	605021	1536	CDS		ATG	FF955_02730|CP040691_605021_606556_+2_ATG_511
CP040691	608550	TGA	FF955_02740	607240	1311	CDS		ATG	FF955_02740|CP040691_607240_608550_+1_ATG_436
CP040691	609377	TGA	FF955_02745	608682	696	CDS		GTG	FF955_02745|CP040691_608682_609377_+3_GTG_231
CP040691	610810	TAA	FF955_02755	610610	201	CDS		GTG	FF955_02755|CP040691_610610_610810_+2_GTG_66
CP040691	611099	TGA	FF955_02760	610749	351	CDS		ATG	FF955_02760|CP040691_610749_611099_+3_ATG_116
CP040691	611397	TGA	FF955_02765	611092	306	CDS		ATG	FF955_02765|CP040691_611092_611397_+1_ATG_101
CP040691	612836	TGA	FF955_02770	611451	1386	CDS		CTG	FF955_02770|CP040691_611451_612836_+3_CTG_461
CP040691	614717	TGA	FF955_02780	613329	1389	CDS		ATG	FF955_02780|CP040691_613329_614717_+3_ATG_462
CP040691	615325	TGA	FF955_02785	614717	609	CDS		ATG	FF955_02785|CP040691_614717_615325_+2_ATG_202
CP040691	615990	TGA	FF955_02790	615340	651	CDS		ATG	FF955_02790|CP040691_615340_615990_+1_ATG_216
CP040691	616766	TGA	FF955_02795	615987	780	CDS		ATG	FF955_02795|CP040691_615987_616766_+3_ATG_259
CP040691	618388	TGA	FF955_02800	616799	1590	CDS		ATG	FF955_02800|CP040691_616799_618388_+2_ATG_529
CP040691	619359	TGA	FF955_02805	618385	975	CDS		TTG	FF955_02805|CP040691_618385_619359_+1_TTG_324
CP040691	620618	TAG	FF955_02810	619401	1218	CDS		GTG	FF955_02810|CP040691_619401_620618_+3_GTG_405
CP040691	621140	TGA	FF955_02820	620823	318	CDS		GTG	FF955_02820|CP040691_620823_621140_+3_GTG_105
CP040691	621294	TAA	FF955_02825	621112	183	CDS		GTG	FF955_02825|CP040691_621112_621294_+1_GTG_60
CP040691	623155	TAA	FF955_02830	621287	1869	CDS		ATG	FF955_02830|CP040691_621287_623155_+2_ATG_622
CP040691	625829	TGA	FF955_02845	625035	795	CDS		ATG	FF955_02845|CP040691_625035_625829_+3_ATG_264
CP040691	626866	TGA	FF955_02850	625826	1041	CDS		ATG	FF955_02850|CP040691_625826_626866_+2_ATG_346
CP040691	630264	TGA	FF955_02860	628618	1647	CDS		ATG	FF955_02860|CP040691_628618_630264_+1_ATG_548
CP040691	630953	TGA	FF955_02865	630321	633	CDS		GTG	FF955_02865|CP040691_630321_630953_+3_GTG_210
CP040691	631612	TGA	FF955_02870	630950	663	CDS		GTG	FF955_02870|CP040691_630950_631612_+2_GTG_220
CP040691	643071	TGA	FF955_02930	641467	1605	CDS		ATG	FF955_02930|CP040691_641467_643071_+1_ATG_534
CP040691	644048	TGA	FF955_02935	643068	981	CDS		GTG	FF955_02935|CP040691_643068_644048_+3_GTG_326
CP040691	644833	TGA	FF955_02940	644045	789	CDS		GTG	FF955_02940|CP040691_644045_644833_+2_GTG_262
CP040691	646540	TGA	FF955_02945	644876	1665	CDS		GTG	FF955_02945|CP040691_644876_646540_+2_GTG_554
CP040691	647052	TGA	FF955_02950	646537	516	CDS		GTG	FF955_02950|CP040691_646537_647052_+1_GTG_171
CP040691	648250	TAA	FF955_02955	647114	1137	CDS		GTG	FF955_02955|CP040691_647114_648250_+2_GTG_378
CP040691	648971	TGA	FF955_02960	648267	705	CDS		ATG	FF955_02960|CP040691_648267_648971_+3_ATG_234
CP040691	652356	TAG	FF955_02980	651349	1008	CDS		GTG	FF955_02980|CP040691_651349_652356_+1_GTG_335
CP040691	653317	TGA	FF955_02985	652457	861	CDS		ATG	FF955_02985|CP040691_652457_653317_+2_ATG_286
CP040691	657918	TAG	FF955_03010	656899	1020	CDS		GTG	FF955_03010|CP040691_656899_657918_+1_GTG_339
CP040691	659446	TGA	FF955_03015	658028	1419	CDS		ATG	FF955_03015|CP040691_658028_659446_+2_ATG_472
CP040691	659847	TAG	FF955_03020	659581	267	CDS		ATG	FF955_03020|CP040691_659581_659847_+1_ATG_88
CP040691	661951	TGA	FF955_03025	659873	2079	CDS		GTG	FF955_03025|CP040691_659873_661951_+2_GTG_692
CP040691	662157	TAG	FF955_03030	661963	195	CDS		ATG	FF955_03030|CP040691_661963_662157_+1_ATG_64
CP040691	669730	TAA	FF955_03065	668426	1305	CDS		ATG	FF955_03065|CP040691_668426_669730_+2_ATG_434
CP040691	670529	TAG	FF955_03070	669744	786	CDS		ATG	FF955_03070|CP040691_669744_670529_+3_ATG_261
CP040691	674882	TGA	FF955_03080	674403	480	CDS		TTG	FF955_03080|CP040691_674403_674882_+3_TTG_159
CP040691	675568	TGA	FF955_03085	674810	759	CDS		ATG	FF955_03085|CP040691_674810_675568_+2_ATG_252
CP040691	676497	TGA	FF955_03095	676282	216	CDS		GTG	FF955_03095|CP040691_676282_676497_+1_GTG_71
CP040691	676901	TAA	FF955_03100	676494	408	CDS		GTG	FF955_03100|CP040691_676494_676901_+3_GTG_135
CP040691	680434	TGA	FF955_03110	677801	2634	CDS		ATG	FF955_03110|CP040691_677801_680434_+2_ATG_877
CP040691	683704	TGA	FF955_03120	682982	723	CDS		ATG	FF955_03120|CP040691_682982_683704_+2_ATG_240
CP040691	684498	TAG	FF955_03125	683701	798	CDS		ATG	FF955_03125|CP040691_683701_684498_+1_ATG_265
CP040691	685387	TAG	FF955_03130	684500	888	CDS		ATG	FF955_03130|CP040691_684500_685387_+2_ATG_295
CP040691	686607	TGA	FF955_03135	685393	1215	CDS		GTG	FF955_03135|CP040691_685393_686607_+1_GTG_404
CP040691	687635	TGA	FF955_03140	686604	1032	CDS		ATG	FF955_03140|CP040691_686604_687635_+3_ATG_343
CP040691	689077	TGA	FF955_03145	687632	1446	CDS		ATG	FF955_03145|CP040691_687632_689077_+2_ATG_481
CP040691	690600	TGA	FF955_03150	689074	1527	CDS		ATG	FF955_03150|CP040691_689074_690600_+1_ATG_508
CP040691	691805	TGA	FF955_03155	690597	1209	CDS		GTG	FF955_03155|CP040691_690597_691805_+3_GTG_402
CP040691	693360	TGA	FF955_03160	691810	1551	CDS		ATG	FF955_03160|CP040691_691810_693360_+1_ATG_516
CP040691	698740	TAG	FF955_03205	698429	312	CDS		ATG	FF955_03205|CP040691_698429_698740_+2_ATG_103
CP040691	699762	TGA	FF955_03210	698812	951	CDS		ATG	FF955_03210|CP040691_698812_699762_+1_ATG_316
CP040691	700587	TGA	FF955_03215	700003	585	CDS		ATG	FF955_03215|CP040691_700003_700587_+1_ATG_194
CP040691	701332	TAA	FF955_03220	700589	744	CDS		ATG	FF955_03220|CP040691_700589_701332_+2_ATG_247
CP040691	701772	TGA	FF955_03225	701386	387	CDS		GTG	FF955_03225|CP040691_701386_701772_+1_GTG_128
CP040691	702062	TGA	FF955_03230	701817	246	CDS		ATG	FF955_03230|CP040691_701817_702062_+3_ATG_81
CP040691	702460	TGA	FF955_03235	702059	402	CDS		GTG	FF955_03235|CP040691_702059_702460_+2_GTG_133
CP040691	702630	TGA	FF955_03240	702403	228	CDS		GTG	FF955_03240|CP040691_702403_702630_+1_GTG_75
CP040691	702785	TAG	FF955_03245	702558	228	CDS		GTG	FF955_03245|CP040691_702558_702785_+3_GTG_75
CP040691	705502	TGA	FF955_03270	704897	606	CDS		GTG	FF955_03270|CP040691_704897_705502_+2_GTG_201
CP040691	708921	TGA	FF955_03280	708172	750	CDS		GTG	FF955_03280|CP040691_708172_708921_+1_GTG_249
CP040691	709160	TAG	FF955_03285	708918	243	CDS		GTG	FF955_03285|CP040691_708918_709160_+3_GTG_80
CP040691	709582	TGA	FF955_03295	709355	228	CDS		GTG	FF955_03295|CP040691_709355_709582_+2_GTG_75
CP040691	709980	TGA	FF955_03300	709579	402	CDS		GTG	FF955_03300|CP040691_709579_709980_+1_GTG_133
CP040691	710804	TGA	FF955_03305	710109	696	CDS		ATG	FF955_03305|CP040691_710109_710804_+3_ATG_231
CP040691	711292	TGA	FF955_03310	710801	492	CDS		CTG	FF955_03310|CP040691_710801_711292_+2_CTG_163
CP040691	712380	TGA	FF955_03315	711289	1092	CDS		ATG	FF955_03315|CP040691_711289_712380_+1_ATG_363
CP040691	713839	TGA	FF955_03325	712775	1065	CDS		ATG	FF955_03325|CP040691_712775_713839_+2_ATG_354
CP040691	714890	TGA	FF955_03330	713943	948	CDS		ATG	FF955_03330|CP040691_713943_714890_+3_ATG_315
CP040691	715237	TGA	FF955_03335	714983	255	CDS		ATG	FF955_03335|CP040691_714983_715237_+2_ATG_84
CP040691	715632	TAA	FF955_03340	715237	396	CDS		ATG	FF955_03340|CP040691_715237_715632_+1_ATG_131
CP040691	716858	TGA	FF955_03350	716598	261	CDS		ATG	FF955_03350|CP040691_716598_716858_+3_ATG_86
CP040691	717262	TGA	FF955_03355	716855	408	CDS		GTG	FF955_03355|CP040691_716855_717262_+2_GTG_135
CP040691	729937	TGA	FF955_03395	729686	252	CDS		TTG	FF955_03395|CP040691_729686_729937_+2_TTG_83
CP040691	730452	TAA	FF955_03410	730285	168	CDS		ATG	FF955_03410|CP040691_730285_730452_+1_ATG_55
CP040691	730979	TGA	FF955_03415	730503	477	CDS		GTG	FF955_03415|CP040691_730503_730979_+3_GTG_158
CP040691	731394	TAG	FF955_03420	730966	429	CDS		ATG	FF955_03420|CP040691_730966_731394_+1_ATG_142
CP040691	731898	TAA	FF955_03425	731398	501	CDS		ATG	FF955_03425|CP040691_731398_731898_+1_ATG_166
CP040691	732795	TGA	FF955_03435	732310	486	CDS		GTG	FF955_03435|CP040691_732310_732795_+1_GTG_161
CP040691	733543	TAG	FF955_03440	732827	717	CDS		GTG	FF955_03440|CP040691_732827_733543_+2_GTG_238
CP040691	734023	TAG	FF955_03445	733595	429	CDS		ATG	FF955_03445|CP040691_733595_734023_+2_ATG_142
CP040691	734797	TAG	FF955_03450	734090	708	CDS		ATG	FF955_03450|CP040691_734090_734797_+2_ATG_235
CP040691	745472	TGA	FF955_03485	741567	3906	CDS		ATG	FF955_03485|CP040691_741567_745472_+3_ATG_1301
CP040691	746143	TGA	FF955_03490	745469	675	CDS		ATG	FF955_03490|CP040691_745469_746143_+2_ATG_224
CP040691	747051	TAA	FF955_03495	746143	909	CDS		ATG	FF955_03495|CP040691_746143_747051_+1_ATG_302
CP040691	747918	TAG	FF955_03500	747382	537	CDS		ATG	FF955_03500|CP040691_747382_747918_+1_ATG_178
CP040691	748347	TAG	FF955_03505	747955	393	CDS		ATG	FF955_03505|CP040691_747955_748347_+1_ATG_130
CP040691	750611	TGA	FF955_03515	749106	1506	CDS		ATG	FF955_03515|CP040691_749106_750611_+3_ATG_501
CP040691	751702	TAA	FF955_03520	750623	1080	CDS		GTG	FF955_03520|CP040691_750623_751702_+2_GTG_359
CP040691	757606	TAG	FF955_03560	755243	2364	CDS		ATG	FF955_03560|CP040691_755243_757606_+2_ATG_787
CP040691	757910	TGA	FF955_03565	757638	273	CDS		ATG	FF955_03565|CP040691_757638_757910_+3_ATG_90
CP040691	758245	TGA	FF955_03570	757907	339	CDS		GTG	FF955_03570|CP040691_757907_758245_+2_GTG_112
CP040691	758415	TGA	FF955_03575	758242	174	CDS		GTG	FF955_03575|CP040691_758242_758415_+1_GTG_57
CP040691	758630	TAG	FF955_03580	758400	231	CDS		TTG	FF955_03580|CP040691_758400_758630_+3_TTG_76
CP040691	762431	TAA	FF955_03585	758913	3519	CDS		TTG	FF955_03585|CP040691_758913_762431_+3_TTG_1172
CP040691	766426	TAG	FF955_03590	762476	3951	CDS		GTG	FF955_03590|CP040691_762476_766426_+2_GTG_1316
CP040691	769656	TGA	FF955_03605	768898	759	CDS		GTG	FF955_03605|CP040691_768898_769656_+1_GTG_252
CP040691	770530	TGA	FF955_03610	769688	843	CDS		ATG	FF955_03610|CP040691_769688_770530_+2_ATG_280
CP040691	772218	TGA	FF955_03615	770590	1629	CDS		ATG	FF955_03615|CP040691_770590_772218_+1_ATG_542
CP040691	773167	TAA	FF955_03620	772229	939	CDS		ATG	FF955_03620|CP040691_772229_773167_+2_ATG_312
CP040691	773892	TGA	FF955_03625	773170	723	CDS		ATG	FF955_03625|CP040691_773170_773892_+1_ATG_240
CP040691	774680	TAG	FF955_03630	773889	792	CDS		ATG	FF955_03630|CP040691_773889_774680_+3_ATG_263
CP040691	778593	TGA	FF955_03645	778096	498	CDS		GTG	FF955_03645|CP040691_778096_778593_+1_GTG_165
CP040691	780417	TAG	FF955_03660	779827	591	CDS		GTG	FF955_03660|CP040691_779827_780417_+1_GTG_196
CP040691	781040	TGA	FF955_03665	780666	375	CDS		ATG	FF955_03665|CP040691_780666_781040_+3_ATG_124
CP040691	781510	TGA	FF955_03670	781040	471	CDS		ATG	FF955_03670|CP040691_781040_781510_+2_ATG_156
CP040691	783696	TGA	FF955_03675	781591	2106	CDS		GTG	FF955_03675|CP040691_781591_783696_+1_GTG_701
CP040691	785117	TAG	FF955_03680	783927	1191	CDS		GTG	FF955_03680|CP040691_783927_785117_+3_GTG_396
CP040691	786052	TGA	FF955_03685	785255	798	CDS		GTG	FF955_03685|CP040691_785255_786052_+2_GTG_265
CP040691	787032	TGA	FF955_03690	786205	828	CDS		GTG	FF955_03690|CP040691_786205_787032_+1_GTG_275
CP040691	788266	TAG	FF955_03695	787046	1221	CDS		ATG	FF955_03695|CP040691_787046_788266_+2_ATG_406
CP040691	790952	TGA	FF955_03720	790863	90	CDS		ATG	FF955_03720|CP040691_790863_790952_+3_ATG_29
CP040691	791266	TGA	FF955_03725	790955	312	CDS		GTG	FF955_03725|CP040691_790955_791266_+2_GTG_103
CP040691	792438	TAG	FF955_03730	791263	1176	CDS		ATG	FF955_03730|CP040691_791263_792438_+1_ATG_391
CP040691	793631	TAG	FF955_03735	792441	1191	CDS		GTG	FF955_03735|CP040691_792441_793631_+3_GTG_396
CP040691	794576	TGA	FF955_03740	793821	756	CDS		GTG	FF955_03740|CP040691_793821_794576_+3_GTG_251
CP040691	796037	TAG	FF955_03745	794625	1413	CDS		ATG	FF955_03745|CP040691_794625_796037_+3_ATG_470
CP040691	797478	TGA	FF955_03750	796039	1440	CDS		GTG	FF955_03750|CP040691_796039_797478_+1_GTG_479
CP040691	797671	TGA	FF955_03755	797468	204	CDS		TTG	FF955_03755|CP040691_797468_797671_+2_TTG_67
CP040691	797900	GCC	FF955_03760	797754	147	CDS	true	GCG	FF955_03760_p|CP040691_797754_797900_+3_GCG_49
CP040691	798550	TGA	FF955_03765	797939	612	CDS		TTG	FF955_03765|CP040691_797939_798550_+2_TTG_203
CP040691	798956	TAG	FF955_03770	798735	222	CDS		ATG	FF955_03770|CP040691_798735_798956_+3_ATG_73
CP040691	799898	TAG	FF955_03780	799593	306	CDS		GTG	FF955_03780|CP040691_799593_799898_+3_GTG_101
CP040691	800568	TGA	FF955_03785	799915	654	CDS		ATG	FF955_03785|CP040691_799915_800568_+1_ATG_217
CP040691	801239	TGA	FF955_03790	800568	672	CDS		ATG	FF955_03790|CP040691_800568_801239_+3_ATG_223
CP040691	801541	TAG	FF955_03795	801239	303	CDS		ATG	FF955_03795|CP040691_801239_801541_+2_ATG_100
CP040691	802584	TAG	FF955_03800	801742	843	CDS		ATG	FF955_03800|CP040691_801742_802584_+1_ATG_280
CP040691	802906	TGA	FF955_03805	802625	282	CDS		ATG	FF955_03805|CP040691_802625_802906_+2_ATG_93
CP040691	803496	TAG	FF955_03810	802903	594	CDS		ATG	FF955_03810|CP040691_802903_803496_+1_ATG_197
CP040691	804320	TGA	FF955_03815	803496	825	CDS		GTG	FF955_03815|CP040691_803496_804320_+3_GTG_274
CP040691	804740	TGA	FF955_03820	804324	417	CDS		ATG	FF955_03820|CP040691_804324_804740_+3_ATG_138
CP040691	804973	TGA	FF955_03825	804740	234	CDS		ATG	FF955_03825|CP040691_804740_804973_+2_ATG_77
CP040691	805380	TAA	FF955_03830	804970	411	CDS		GTG	FF955_03830|CP040691_804970_805380_+1_GTG_136
CP040691	807912	TGA	FF955_03835	805549	2364	CDS		ATG	FF955_03835|CP040691_805549_807912_+1_ATG_787
CP040691	808859	TAG	FF955_03840	807960	900	CDS		GTG	FF955_03840|CP040691_807960_808859_+3_GTG_299
CP040691	810101	TAA	FF955_03845	809160	942	CDS		ATG	FF955_03845|CP040691_809160_810101_+3_ATG_313
CP040691	810955	TAG	FF955_03850	810587	369	CDS		GTG	FF955_03850|CP040691_810587_810955_+2_GTG_122
CP040691	811273	TGA	FF955_03855	810956	318	CDS		ATG	FF955_03855|CP040691_810956_811273_+2_ATG_105
CP040691	811836	TGA	FF955_03860	811273	564	CDS		ATG	FF955_03860|CP040691_811273_811836_+1_ATG_187
CP040691	812026	TAA	FF955_03865	811841	186	CDS		ATG	FF955_03865|CP040691_811841_812026_+2_ATG_61
CP040691	812588	TGA	FF955_03870	812190	399	CDS		ATG	FF955_03870|CP040691_812190_812588_+3_ATG_132
CP040691	813151	TAG	FF955_03875	812612	540	CDS		ATG	FF955_03875|CP040691_812612_813151_+2_ATG_179
CP040691	813522	TGA	FF955_03880	813154	369	CDS		ATG	FF955_03880|CP040691_813154_813522_+1_ATG_122
CP040691	814204	TAG	FF955_03885	813542	663	CDS		ATG	FF955_03885|CP040691_813542_814204_+2_ATG_220
CP040691	814404	TAG	FF955_03890	814207	198	CDS		ATG	FF955_03890|CP040691_814207_814404_+1_ATG_65
CP040691	814844	TAG	FF955_03895	814404	441	CDS		GTG	FF955_03895|CP040691_814404_814844_+3_GTG_146
CP040691	816748	TAG	FF955_03900	814877	1872	CDS		ATG	FF955_03900|CP040691_814877_816748_+2_ATG_623
CP040691	822067	TGA	FF955_03925	820721	1347	CDS		GTG	FF955_03925|CP040691_820721_822067_+2_GTG_448
CP040691	822808	TAG	FF955_03930	822080	729	CDS		ATG	FF955_03930|CP040691_822080_822808_+2_ATG_242
CP040691	825339	TGA	FF955_03940	824014	1326	CDS		GTG	FF955_03940|CP040691_824014_825339_+1_GTG_441
CP040691	825881	TAG	FF955_03945	825336	546	CDS		GTG	FF955_03945|CP040691_825336_825881_+3_GTG_181
CP040691	826684	TAG	FF955_03950	825884	801	CDS		ATG	FF955_03950|CP040691_825884_826684_+2_ATG_266
CP040691	827290	TGA	FF955_03955	826757	534	CDS		GTG	FF955_03955|CP040691_826757_827290_+2_GTG_177
CP040691	828106	TAA	FF955_03960	827354	753	CDS		ATG	FF955_03960|CP040691_827354_828106_+2_ATG_250
CP040691	828373	TGA	FF955_03965	828161	213	CDS		GTG	FF955_03965|CP040691_828161_828373_+2_GTG_70
CP040691	828918	TGA	FF955_03970	828421	498	CDS		GTG	FF955_03970|CP040691_828421_828918_+1_GTG_165
CP040691	829127	TAA	FF955_03975	828915	213	CDS		TTG	FF955_03975|CP040691_828915_829127_+3_TTG_70
CP040691	829824	TGA	FF955_03980	829276	549	CDS		GTG	FF955_03980|CP040691_829276_829824_+1_GTG_182
CP040691	830877	TGA	FF955_03990	830029	849	CDS		ATG	FF955_03990|CP040691_830029_830877_+1_ATG_282
CP040691	831519	TGA	FF955_03995	830992	528	CDS		ATG	FF955_03995|CP040691_830992_831519_+1_ATG_175
CP040691	832064	TAG	FF955_04000	831741	324	CDS	true	CTA	FF955_04000_p|CP040691_831741_832064_+3_CTA_107
CP040691	832724	TGA	FF955_04005	832197	528	CDS		ATA	FF955_04005|CP040691_832197_832724_+3_ATA_175
CP040691	834897	TGA	FF955_04025	834370	528	CDS		GTG	FF955_04025|CP040691_834370_834897_+1_GTG_175
CP040691	837271	TAG	FF955_04030	834917	2355	CDS		ATG	FF955_04030|CP040691_834917_837271_+2_ATG_784
CP040691	837590	TGA	FF955_04035	837348	243	CDS		ATG	FF955_04035|CP040691_837348_837590_+3_ATG_80
CP040691	839943	TAG	FF955_04040	837670	2274	CDS		ATG	FF955_04040|CP040691_837670_839943_+1_ATG_757
CP040691	840291	TAA	FF955_04045	840034	258	CDS		ATG	FF955_04045|CP040691_840034_840291_+1_ATG_85
CP040691	840743	TAG	FF955_04050	840315	429	CDS		ATG	FF955_04050|CP040691_840315_840743_+3_ATG_142
CP040691	841365	TGA	FF955_04060	841120	246	CDS		GTG	FF955_04060|CP040691_841120_841365_+1_GTG_81
CP040691	847000	TGA	FF955_04080	845246	1755	CDS		ATG	FF955_04080|CP040691_845246_847000_+2_ATG_584
CP040691	851438	TGA	FF955_04105	850695	744	CDS		ATG	FF955_04105|CP040691_850695_851438_+3_ATG_247
CP040691	852940	TGA	FF955_04110	851483	1458	CDS		ATG	FF955_04110|CP040691_851483_852940_+2_ATG_485
CP040691	861467	TAG	FF955_04160	859998	1470	CDS		ATG	FF955_04160|CP040691_859998_861467_+3_ATG_489
CP040691	862244	TGA	FF955_04165	861498	747	CDS		ATG	FF955_04165|CP040691_861498_862244_+3_ATG_248
CP040691	863229	TGA	FF955_04170	862342	888	CDS		ATG	FF955_04170|CP040691_862342_863229_+1_ATG_295
CP040691	863660	TAG	FF955_04175	863226	435	CDS		ATG	FF955_04175|CP040691_863226_863660_+3_ATG_144
CP040691	864940	TAG	FF955_04180	863672	1269	CDS		GTG	FF955_04180|CP040691_863672_864940_+2_GTG_422
CP040691	868116	TGA	FF955_04195	867493	624	CDS		ATG	FF955_04195|CP040691_867493_868116_+1_ATG_207
CP040691	870512	TAG	FF955_04205	869094	1419	CDS		GTG	FF955_04205|CP040691_869094_870512_+3_GTG_472
CP040691	871761	TAG	FF955_04210	870517	1245	CDS		ATG	FF955_04210|CP040691_870517_871761_+1_ATG_414
CP040691	873322	TGA	FF955_04220	872429	894	CDS		ATG	FF955_04220|CP040691_872429_873322_+2_ATG_297
CP040691	875478	TAG	FF955_04225	873319	2160	CDS		ATG	FF955_04225|CP040691_873319_875478_+1_ATG_719
CP040691	875917	TAG	FF955_04230	875732	186	CDS		CTG	FF955_04230|CP040691_875732_875917_+2_CTG_61
CP040691	878412	TGA	FF955_04240	877726	687	CDS		GTG	FF955_04240|CP040691_877726_878412_+1_GTG_228
CP040691	880128	TAG	FF955_04245	878428	1701	CDS		GTG	FF955_04245|CP040691_878428_880128_+1_GTG_566
CP040691	881506	TGA	FF955_04255	880787	720	CDS		ATG	FF955_04255|CP040691_880787_881506_+2_ATG_239
CP040691	881851	TGA	FF955_04260	881612	240	CDS		GTG	FF955_04260|CP040691_881612_881851_+2_GTG_79
CP040691	882522	TGA	FF955_04265	881848	675	CDS		GTG	FF955_04265|CP040691_881848_882522_+1_GTG_224
CP040691	886112	TAG	FF955_04290	885807	306	CDS		ATG	FF955_04290|CP040691_885807_886112_+3_ATG_101
CP040691	889393	TGA	FF955_04300	888132	1263	fCDS		ATG	FF955_04300_fCDS|CP040691_888132_889393_+3_ATG_420
CP040691	890569	TGA	FF955_04305	889475	1095	CDS	true	ATG	FF955_04305_p|CP040691_889475_890569_+2_ATG_364
CP040691	893706	TAG	FF955_04320	892405	1302	CDS		ATG	FF955_04320|CP040691_892405_893706_+1_ATG_433
CP040691	894065	TAA	FF955_04325	893718	348	CDS		ATG	FF955_04325|CP040691_893718_894065_+3_ATG_115
CP040691	897171	TGA	FF955_04335	894907	2265	CDS		GTG	FF955_04335|CP040691_894907_897171_+1_GTG_754
CP040691	897797	TGA	FF955_04340	897168	630	CDS		ATG	FF955_04340|CP040691_897168_897797_+3_ATG_209
CP040691	898874	TGA	FF955_04345	897918	957	CDS		GTG	FF955_04345|CP040691_897918_898874_+3_GTG_318
CP040691	901111	TGA	FF955_04355	900722	390	CDS		ATG	FF955_04355|CP040691_900722_901111_+2_ATG_129
CP040691	902781	TGA	FF955_04360	901198	1584	CDS		GTG	FF955_04360|CP040691_901198_902781_+1_GTG_527
CP040691	903906	TAA	FF955_04365	902812	1095	CDS		ATG	FF955_04365|CP040691_902812_903906_+1_ATG_364
CP040691	906379	TGA	FF955_04380	905510	870	CDS		GTG	FF955_04380|CP040691_905510_906379_+2_GTG_289
CP040691	910826	TGA	FF955_04410	910059	768	CDS		TTG	FF955_04410|CP040691_910059_910826_+3_TTG_255
CP040691	911770	TGA	FF955_04415	910823	948	CDS		GTG	FF955_04415|CP040691_910823_911770_+2_GTG_315
CP040691	912589	TAG	FF955_04420	911813	777	CDS		GTG	FF955_04420|CP040691_911813_912589_+2_GTG_258
CP040691	919773	TGA	FF955_04455	918718	1056	CDS		GTG	FF955_04455|CP040691_918718_919773_+1_GTG_351
CP040691	920949	TGA	FF955_04470	920659	291	CDS		TTG	FF955_04470|CP040691_920659_920949_+1_TTG_96
CP040691	921959	TAA	FF955_04475	921054	906	CDS		ATG	FF955_04475|CP040691_921054_921959_+3_ATG_301
CP040691	924448	TGA	FF955_04505	924035	414	CDS		GTG	FF955_04505|CP040691_924035_924448_+2_GTG_137
CP040691	926403	TAG	FF955_04510	924445	1959	CDS		TTG	FF955_04510|CP040691_924445_926403_+1_TTG_652
CP040691	926601	TGA	FF955_04515	926422	180	CDS		GTG	FF955_04515|CP040691_926422_926601_+1_GTG_59
CP040691	930390	TAG	FF955_04525	929746	645	CDS		GTG	FF955_04525|CP040691_929746_930390_+1_GTG_214
CP040691	934283	TGA	FF955_04555	933513	771	CDS		GTG	FF955_04555|CP040691_933513_934283_+3_GTG_256
CP040691	935182	TAA	FF955_04560	934370	813	CDS		GTG	FF955_04560|CP040691_934370_935182_+2_GTG_270
CP040691	936461	TGA	FF955_04570	936198	264	CDS		ATG	FF955_04570|CP040691_936198_936461_+3_ATG_87
CP040691	936628	TGA	FF955_04575	936386	243	CDS		GTG	FF955_04575|CP040691_936386_936628_+2_GTG_80
CP040691	938197	TGA	FF955_04580	936905	1293	CDS		TTG	FF955_04580|CP040691_936905_938197_+2_TTG_430
CP040691	939185	TGA	FF955_04585	938181	1005	CDS		GTG	FF955_04585|CP040691_938181_939185_+3_GTG_334
CP040691	941260	TGA	FF955_04595	939983	1278	CDS		GTG	FF955_04595|CP040691_939983_941260_+2_GTG_425
CP040691	943528	TGA	FF955_04605	943136	393	CDS		GTG	FF955_04605|CP040691_943136_943528_+2_GTG_130
CP040691	944849	TAA	FF955_04610	943731	1119	CDS		GTG	FF955_04610|CP040691_943731_944849_+3_GTG_372
CP040691	946108	TGA	FF955_04615	944849	1260	CDS		ATG	FF955_04615|CP040691_944849_946108_+2_ATG_419
CP040691	946437	TAA	FF955_04620	946105	333	CDS		GTG	FF955_04620|CP040691_946105_946437_+1_GTG_110
CP040691	947495	GAT	FF955_04630	947400	96	CDS	true	TTG	FF955_04630_p|CP040691_947400_947495_+3_TTG_32
CP040691	948188	TGA	FF955_04635	947550	639	CDS		GTG	FF955_04635|CP040691_947550_948188_+3_GTG_212
CP040691	950419	TAG	FF955_04645	949976	444	CDS		ATG	FF955_04645|CP040691_949976_950419_+2_ATG_147
CP040691	951504	TAA	FF955_04650	950425	1080	CDS		GTG	FF955_04650|CP040691_950425_951504_+1_GTG_359
CP040691	952022	TGA	FF955_04655	951618	405	CDS		ATG	FF955_04655|CP040691_951618_952022_+3_ATG_134
CP040691	952523	TAG	FF955_04660	952050	474	CDS		GTG	FF955_04660|CP040691_952050_952523_+3_GTG_157
CP040691	955081	TAA	FF955_04670	953870	1212	CDS		ATG	FF955_04670|CP040691_953870_955081_+2_ATG_403
CP040691	957248	TGA	FF955_04675	955086	2163	CDS		ATG	FF955_04675|CP040691_955086_957248_+3_ATG_720
CP040691	961673	TAA	FF955_04695	961473	201	CDS		GTG	FF955_04695|CP040691_961473_961673_+3_GTG_66
CP040691	962186	TGA	FF955_04700	961683	504	CDS		ATG	FF955_04700|CP040691_961683_962186_+3_ATG_167
CP040691	962665	TGA	FF955_04705	962183	483	CDS		ATG	FF955_04705|CP040691_962183_962665_+2_ATG_160
CP040691	963087	TAA	FF955_04710	962662	426	CDS		ATG	FF955_04710|CP040691_962662_963087_+1_ATG_141
CP040691	967098	TAA	FF955_04735	966691	408	CDS		GTG	FF955_04735|CP040691_966691_967098_+1_GTG_135
CP040691	971259	TAG	FF955_04750	969307	1953	CDS		ATG	FF955_04750|CP040691_969307_971259_+1_ATG_650
CP040691	975665	TAG	FF955_04770	974877	789	CDS		GTG	FF955_04770|CP040691_974877_975665_+3_GTG_262
CP040691	978167	TGA	FF955_04785	977736	432	CDS		GTG	FF955_04785|CP040691_977736_978167_+3_GTG_143
CP040691	979030	TGA	FF955_04790	978164	867	CDS		GTG	FF955_04790|CP040691_978164_979030_+2_GTG_288
CP040691	979311	TAG	FF955_04795	979027	285	CDS		GTG	FF955_04795|CP040691_979027_979311_+1_GTG_94
CP040691	982587	TAG	FF955_04810	981565	1023	CDS		ATG	FF955_04810|CP040691_981565_982587_+1_ATG_340
CP040691	984333	TGA	FF955_04815	982606	1728	CDS		ATG	FF955_04815|CP040691_982606_984333_+1_ATG_575
CP040691	985338	TGA	FF955_04825	985072	267	CDS		ATG	FF955_04825|CP040691_985072_985338_+1_ATG_88
CP040691	987509	TGA	FF955_04830	986036	1474	CDS	true	ATG	FF955_04830_p|CP040691_986036_987509_+2_ATG_491
CP040691	992556	TAG	FF955_04850	992182	375	CDS		ATG	FF955_04850|CP040691_992182_992556_+1_ATG_124
CP040691	994144	TGA	FF955_04855	992657	1488	CDS		ATG	FF955_04855|CP040691_992657_994144_+2_ATG_495
CP040691	996509	TGA	FF955_04865	995328	1182	CDS		ATG	FF955_04865|CP040691_995328_996509_+3_ATG_393
CP040691	998103	TAA	FF955_04870	996586	1518	CDS		GTG	FF955_04870|CP040691_996586_998103_+1_GTG_505
CP040691	999571	TAG	FF955_04875	998276	1296	CDS		GTG	FF955_04875|CP040691_998276_999571_+2_GTG_431
CP040691	1002596	TAA	FF955_04890	1001616	981	CDS		GTG	FF955_04890|CP040691_1001616_1002596_+3_GTG_326
CP040691	1002761	TGA	FF955_04895	1002609	153	CDS		ATG	FF955_04895|CP040691_1002609_1002761_+3_ATG_50
CP040691	1003288	TGA	FF955_04900	1002761	528	CDS		ATG	FF955_04900|CP040691_1002761_1003288_+2_ATG_175
CP040691	1007743	TAA	FF955_04920	1007042	702	CDS		TTG	FF955_04920|CP040691_1007042_1007743_+2_TTG_233
CP040691	1008867	TAA	FF955_04925	1007749	1119	CDS		ATG	FF955_04925|CP040691_1007749_1008867_+1_ATG_372
CP040691	1010540	TGA	FF955_04930	1008990	1551	CDS		GTG	FF955_04930|CP040691_1008990_1010540_+3_GTG_516
CP040691	1012930	TAA	FF955_04935	1010537	2394	CDS		ATG	FF955_04935|CP040691_1010537_1012930_+2_ATG_797
CP040691	1013666	TAG	FF955_04940	1013487	180	CDS		ATG	FF955_04940|CP040691_1013487_1013666_+3_ATG_59
CP040691	1014106	TGA	FF955_04945	1013672	435	CDS		ATG	FF955_04945|CP040691_1013672_1014106_+2_ATG_144
CP040691	1014977	TAA	FF955_04950	1014204	774	CDS		GTG	FF955_04950|CP040691_1014204_1014977_+3_GTG_257
CP040691	1015491	TAG	FF955_04955	1015042	450	CDS		ATG	FF955_04955|CP040691_1015042_1015491_+1_ATG_149
CP040691	1022674	TGA	FF955_04985	1020893	1782	CDS		ATG	FF955_04985|CP040691_1020893_1022674_+2_ATG_593
CP040691	1022928	TGA	FF955_04990	1022671	258	CDS		ATG	FF955_04990|CP040691_1022671_1022928_+1_ATG_85
CP040691	1023493	TGA	FF955_04995	1023017	477	CDS		TTG	FF955_04995|CP040691_1023017_1023493_+2_TTG_158
CP040691	1023990	TGA	FF955_05000	1023490	501	CDS		GTG	FF955_05000|CP040691_1023490_1023990_+1_GTG_166
CP040691	1026492	TGA	FF955_05015	1025911	582	CDS		GTG	FF955_05015|CP040691_1025911_1026492_+1_GTG_193
CP040691	1028144	TGA	FF955_05020	1026492	1653	CDS		ATG	FF955_05020|CP040691_1026492_1028144_+3_ATG_550
CP040691	1034819	TGA	FF955_05050	1033707	1113	CDS		TTG	FF955_05050|CP040691_1033707_1034819_+3_TTG_370
CP040691	1035806	TGA	FF955_05055	1034832	975	CDS		GTG	FF955_05055|CP040691_1034832_1035806_+3_GTG_324
CP040691	1036717	TGA	FF955_05060	1035803	915	CDS		GTG	FF955_05060|CP040691_1035803_1036717_+2_GTG_304
CP040691	1040898	TGA	FF955_05075	1040068	831	CDS		ATG	FF955_05075|CP040691_1040068_1040898_+1_ATG_276
CP040691	1042043	TAG	FF955_05080	1040919	1125	CDS		GTG	FF955_05080|CP040691_1040919_1042043_+3_GTG_374
CP040691	1043119	TGA	FF955_05085	1042103	1017	CDS		ATG	FF955_05085|CP040691_1042103_1043119_+2_ATG_338
CP040691	1044026	TGA	FF955_05090	1043121	906	CDS		ATG	FF955_05090|CP040691_1043121_1044026_+3_ATG_301
CP040691	1047219	TGA	FF955_05100	1044940	2280	CDS		ATG	FF955_05100|CP040691_1044940_1047219_+1_ATG_759
CP040691	1049150	TAG	FF955_05105	1047216	1935	CDS		ATG	FF955_05105|CP040691_1047216_1049150_+3_ATG_644
CP040691	1051442	TAG	FF955_05120	1051164	279	CDS		TTG	FF955_05120|CP040691_1051164_1051442_+3_TTG_92
CP040691	1053045	TAG	FF955_05130	1052569	477	CDS		GTG	FF955_05130|CP040691_1052569_1053045_+1_GTG_158
CP040691	1053812	TAG	FF955_05135	1053051	762	CDS		ATG	FF955_05135|CP040691_1053051_1053812_+3_ATG_253
CP040691	1056445	TGA	FF955_05155	1056251	195	CDS		ATG	FF955_05155|CP040691_1056251_1056445_+2_ATG_64
CP040691	1059379	TGA	FF955_05165	1057064	2316	CDS		ATG	FF955_05165|CP040691_1057064_1059379_+2_ATG_771
CP040691	1061931	TGA	FF955_05175	1060768	1164	CDS		ATG	FF955_05175|CP040691_1060768_1061931_+1_ATG_387
CP040691	1062855	TAG	FF955_05180	1061944	912	CDS		ATG	FF955_05180|CP040691_1061944_1062855_+1_ATG_303
CP040691	1063950	TAA	FF955_05190	1063765	186	CDS		ATG	FF955_05190|CP040691_1063765_1063950_+1_ATG_61
CP040691	1064842	TAA	FF955_05195	1063931	912	CDS		ATG	FF955_05195|CP040691_1063931_1064842_+2_ATG_303
CP040691	1066249	TAA	FF955_05200	1064882	1368	CDS		GTG	FF955_05200|CP040691_1064882_1066249_+2_GTG_455
CP040691	1067012	TGA	FF955_05205	1066365	648	CDS		GTG	FF955_05205|CP040691_1066365_1067012_+3_GTG_215
CP040691	1068580	TGA	FF955_05210	1067009	1572	CDS		ATG	FF955_05210|CP040691_1067009_1068580_+2_ATG_523
CP040691	1070066	TAA	FF955_05215	1068687	1380	CDS		ATG	FF955_05215|CP040691_1068687_1070066_+3_ATG_459
CP040691	1072077	TAG	FF955_05220	1070059	2019	CDS		ATG	FF955_05220|CP040691_1070059_1072077_+1_ATG_672
CP040691	1072352	TGA	FF955_05225	1072131	222	CDS		ATG	FF955_05225|CP040691_1072131_1072352_+3_ATG_73
CP040691	1072732	TAG	FF955_05230	1072349	384	CDS		ATG	FF955_05230|CP040691_1072349_1072732_+2_ATG_127
CP040691	1073225	TGA	FF955_05235	1072878	348	CDS		GTG	FF955_05235|CP040691_1072878_1073225_+3_GTG_115
CP040691	1077138	TGA	FF955_05265	1076779	360	CDS		ATG	FF955_05265|CP040691_1076779_1077138_+1_ATG_119
CP040691	1077491	TGA	FF955_05270	1077195	297	CDS		ATG	FF955_05270|CP040691_1077195_1077491_+3_ATG_98
CP040691	1079859	TGA	FF955_05275	1077547	2313	CDS		ATG	FF955_05275|CP040691_1077547_1079859_+1_ATG_770
CP040691	1080488	TGA	FF955_05280	1079856	633	CDS		ATG	FF955_05280|CP040691_1079856_1080488_+3_ATG_210
CP040691	1091949	TGA	FF955_05315	1089178	2772	CDS		ATG	FF955_05315|CP040691_1089178_1091949_+1_ATG_923
CP040691	1093876	TGA	FF955_05330	1093703	174	CDS		ATG	FF955_05330|CP040691_1093703_1093876_+2_ATG_57
CP040691	1096325	TGA	FF955_05345	1095639	687	CDS		GTG	FF955_05345|CP040691_1095639_1096325_+3_GTG_228
CP040691	1097839	TAG	FF955_05350	1096325	1515	CDS		ATG	FF955_05350|CP040691_1096325_1097839_+2_ATG_504
CP040691	1099277	TGA	FF955_05355	1097883	1395	CDS		ATG	FF955_05355|CP040691_1097883_1099277_+3_ATG_464
CP040691	1099822	TGA	FF955_05360	1099277	546	CDS		ATG	FF955_05360|CP040691_1099277_1099822_+2_ATG_181
CP040691	1101366	TGA	FF955_05370	1100620	747	CDS		ATG	FF955_05370|CP040691_1100620_1101366_+1_ATG_248
CP040691	1103926	TGA	FF955_05375	1101359	2568	CDS		ATG	FF955_05375|CP040691_1101359_1103926_+2_ATG_855
CP040691	1105093	TGA	FF955_05380	1103933	1161	CDS		ATG	FF955_05380|CP040691_1103933_1105093_+2_ATG_386
CP040691	1109009	TAG	FF955_05405	1108089	921	CDS		ATG	FF955_05405|CP040691_1108089_1109009_+3_ATG_306
CP040691	1110366	TGA	FF955_05410	1109086	1281	CDS		GTG	FF955_05410|CP040691_1109086_1110366_+1_GTG_426
CP040691	1111040	TAA	FF955_05415	1110429	612	CDS		ATG	FF955_05415|CP040691_1110429_1111040_+3_ATG_203
CP040691	1112277	TAG	FF955_05420	1111201	1077	CDS		ATG	FF955_05420|CP040691_1111201_1112277_+1_ATG_358
CP040691	1112681	TGA	FF955_05430	1112451	231	CDS		GTG	FF955_05430|CP040691_1112451_1112681_+3_GTG_76
CP040691	1112929	TAG	FF955_05435	1112678	252	CDS		ATG	FF955_05435|CP040691_1112678_1112929_+2_ATG_83
CP040691	1114566	TGA	FF955_05450	1113565	1002	CDS		TTG	FF955_05450|CP040691_1113565_1114566_+1_TTG_333
CP040691	1115342	TGA	FF955_05455	1114584	759	CDS		GTG	FF955_05455|CP040691_1114584_1115342_+3_GTG_252
CP040691	1117210	TAG	FF955_05465	1116002	1209	CDS		GTG	FF955_05465|CP040691_1116002_1117210_+2_GTG_402
CP040691	1119696	TAG	FF955_05475	1118839	858	CDS		ATG	FF955_05475|CP040691_1118839_1119696_+1_ATG_285
CP040691	1124234	TAG	FF955_05490	1122531	1704	CDS		ATG	FF955_05490|CP040691_1122531_1124234_+3_ATG_567
CP040691	1126700	TGA	FF955_05500	1125906	795	CDS		TTG	FF955_05500|CP040691_1125906_1126700_+3_TTG_264
CP040691	1127996	TGA	FF955_05505	1126908	1089	CDS		ATG	FF955_05505|CP040691_1126908_1127996_+3_ATG_362
CP040691	1128922	TGA	FF955_05510	1127969	954	CDS		ATG	FF955_05510|CP040691_1127969_1128922_+2_ATG_317
CP040691	1129928	TGA	FF955_05515	1129008	921	CDS		GTG	FF955_05515|CP040691_1129008_1129928_+3_GTG_306
CP040691	1130238	TGA	FF955_05520	1129945	294	CDS		ATG	FF955_05520|CP040691_1129945_1130238_+1_ATG_97
CP040691	1132076	TAA	FF955_05530	1130442	1635	CDS		TTG	FF955_05530|CP040691_1130442_1132076_+3_TTG_544
CP040691	1137725	TAG	FF955_05565	1137132	594	CDS		ATG	FF955_05565|CP040691_1137132_1137725_+3_ATG_197
CP040691	1141488	TGA	FF955_05570	1137784	3705	CDS		ATG	FF955_05570|CP040691_1137784_1141488_+1_ATG_1234
CP040691	1142465	TAA	FF955_05575	1141488	978	CDS		ATG	FF955_05575|CP040691_1141488_1142465_+3_ATG_325
CP040691	1143284	TAG	FF955_05580	1142553	732	CDS		GTG	FF955_05580|CP040691_1142553_1143284_+3_GTG_243
CP040691	1144670	TAG	FF955_05585	1143381	1290	CDS		GTG	FF955_05585|CP040691_1143381_1144670_+3_GTG_429
CP040691	1145361	TGA	FF955_05590	1144675	687	CDS		ATG	FF955_05590|CP040691_1144675_1145361_+1_ATG_228
CP040691	1145845	TAA	FF955_05595	1145378	468	CDS		GTG	FF955_05595|CP040691_1145378_1145845_+2_GTG_155
CP040691	1146795	TAA	FF955_05600	1145836	960	CDS		GTG	FF955_05600|CP040691_1145836_1146795_+1_GTG_319
CP040691	1147247	TAG	FF955_05605	1147035	213	CDS		GTG	FF955_05605|CP040691_1147035_1147247_+3_GTG_70
CP040691	1150740	TGA	FF955_05620	1150594	147	CDS		ATG	FF955_05620|CP040691_1150594_1150740_+1_ATG_48
CP040691	1150829	TGA	FF955_05625	1150737	93	CDS		ATG	FF955_05625|CP040691_1150737_1150829_+3_ATG_30
CP040691	1152544	TGA	FF955_05630	1150829	1716	CDS		ATG	FF955_05630|CP040691_1150829_1152544_+2_ATG_571
CP040691	1154670	TGA	FF955_05635	1152541	2130	CDS		GTG	FF955_05635|CP040691_1152541_1154670_+1_GTG_709
CP040691	1155239	TGA	FF955_05640	1154670	570	CDS		ATG	FF955_05640|CP040691_1154670_1155239_+3_ATG_189
CP040691	1163002	TGA	FF955_05680	1162754	249	CDS		GTG	FF955_05680|CP040691_1162754_1163002_+2_GTG_82
CP040691	1166494	TGA	FF955_05705	1165871	624	CDS		TTG	FF955_05705|CP040691_1165871_1166494_+2_TTG_207
CP040691	1167371	TGA	FF955_05710	1166491	881	CDS	true	GTG	FF955_05710_p|CP040691_1166491_1167371_+1_GTG_293
CP040691	1169488	TAG	FF955_05720	1168241	1248	CDS		ATG	FF955_05720|CP040691_1168241_1169488_+2_ATG_415
CP040691	1171650	TGA	FF955_05735	1171204	447	CDS		ATG	FF955_05735|CP040691_1171204_1171650_+1_ATG_148
CP040691	1172604	TGA	FF955_05740	1171699	906	CDS		ATG	FF955_05740|CP040691_1171699_1172604_+1_ATG_301
CP040691	1174688	TGA	FF955_05755	1174506	183	CDS		GTG	FF955_05755|CP040691_1174506_1174688_+3_GTG_60
CP040691	1175303	TAG	FF955_05760	1174679	625	CDS	true	ATG	FF955_05760_p|CP040691_1174679_1175303_+2_ATG_208
CP040691	1175722	TGA	FF955_05765	1175384	339	CDS		GTG	FF955_05765|CP040691_1175384_1175722_+2_GTG_112
CP040691	1176060	TGA	FF955_05770	1175746	315	CDS		GTG	FF955_05770|CP040691_1175746_1176060_+1_GTG_104
CP040691	1176191	TGA	FF955_05775	1175997	195	CDS		ATC	FF955_05775|CP040691_1175997_1176191_+3_ATC_64
CP040691	1177210	TAG	FF955_05785	1176446	765	CDS		ATG	FF955_05785|CP040691_1176446_1177210_+2_ATG_254
CP040691	1179395	TAG	FF955_05795	1178214	1182	CDS		ATG	FF955_05795|CP040691_1178214_1179395_+3_ATG_393
CP040691	1181133	TGA	FF955_05800	1179502	1632	CDS		ATG	FF955_05800|CP040691_1179502_1181133_+1_ATG_543
CP040691	1182273	TAG	FF955_05805	1181209	1065	CDS		GTG	FF955_05805|CP040691_1181209_1182273_+1_GTG_354
CP040691	1182799	TGA	FF955_05810	1182326	474	CDS		ATG	FF955_05810|CP040691_1182326_1182799_+2_ATG_157
CP040691	1183696	TGA	FF955_05815	1182833	864	CDS		ATG	FF955_05815|CP040691_1182833_1183696_+2_ATG_287
CP040691	1184558	TGA	FF955_05820	1183701	858	CDS		GTG	FF955_05820|CP040691_1183701_1184558_+3_GTG_285
CP040691	1186819	TGA	FF955_05835	1186253	567	CDS		GTG	FF955_05835|CP040691_1186253_1186819_+2_GTG_188
CP040691	1187211	TAG	FF955_05840	1186816	396	CDS		ATG	FF955_05840|CP040691_1186816_1187211_+1_ATG_131
CP040691	1196098	TAG	FF955_05870	1195262	837	CDS		GTG	FF955_05870|CP040691_1195262_1196098_+2_GTG_278
CP040691	1197065	TGA	FF955_05875	1196214	852	CDS		ATG	FF955_05875|CP040691_1196214_1197065_+3_ATG_283
CP040691	1200643	TAG	FF955_05890	1199750	894	CDS		GTG	FF955_05890|CP040691_1199750_1200643_+2_GTG_297
CP040691	1202094	TAG	FF955_05895	1200700	1395	CDS		ATG	FF955_05895|CP040691_1200700_1202094_+1_ATG_464
CP040691	1203018	TGA	FF955_05900	1202296	723	CDS		ATG	FF955_05900|CP040691_1202296_1203018_+1_ATG_240
CP040691	1204216	TAA	FF955_05905	1203050	1167	CDS		ATG	FF955_05905|CP040691_1203050_1204216_+2_ATG_388
CP040691	1206369	TGA	FF955_05920	1205503	867	CDS		GTG	FF955_05920|CP040691_1205503_1206369_+1_GTG_288
CP040691	1206632	TAA	FF955_05925	1206366	267	CDS		GTG	FF955_05925|CP040691_1206366_1206632_+3_GTG_88
CP040691	1208640	TAG	FF955_05930	1206619	2022	CDS		ATG	FF955_05930|CP040691_1206619_1208640_+1_ATG_673
CP040691	1210366	TGA	FF955_05940	1209578	789	CDS		GTG	FF955_05940|CP040691_1209578_1210366_+2_GTG_262
CP040691	1212834	TAG	FF955_05950	1210543	2292	CDS		ATG	FF955_05950|CP040691_1210543_1212834_+1_ATG_763
CP040691	1213331	TAA	FF955_05955	1213011	321	CDS		TTG	FF955_05955|CP040691_1213011_1213331_+3_TTG_106
CP040691	1213918	TAG	FF955_05960	1213484	435	CDS		ATG	FF955_05960|CP040691_1213484_1213918_+2_ATG_144
CP040691	1214183	TAA	FF955_05965	1213935	249	CDS		ATG	FF955_05965|CP040691_1213935_1214183_+3_ATG_82
CP040691	1214377	TAG	FF955_05970	1214195	183	CDS		GTG	FF955_05970|CP040691_1214195_1214377_+2_GTG_60
CP040691	1214591	TGA	FF955_05975	1214487	105	CDS		ATG	FF955_05975|CP040691_1214487_1214591_+3_ATG_34
CP040691	1215024	TAA	FF955_05980	1214569	456	CDS		GTG	FF955_05980|CP040691_1214569_1215024_+1_GTG_151
CP040691	1218000	TAG	FF955_05985	1215439	2562	CDS		ATG	FF955_05985|CP040691_1215439_1218000_+1_ATG_853
CP040691	1220824	TGA	FF955_05995	1219544	1281	CDS		ATG	FF955_05995|CP040691_1219544_1220824_+2_ATG_426
CP040691	1221756	TAG	FF955_06000	1220929	828	CDS		ATG	FF955_06000|CP040691_1220929_1221756_+1_ATG_275
CP040691	1223268	TGA	FF955_06005	1221967	1302	CDS		GTG	FF955_06005|CP040691_1221967_1223268_+1_GTG_433
CP040691	1223449	TAG	FF955_06010	1223204	246	CDS		GTG	FF955_06010|CP040691_1223204_1223449_+2_GTG_81
CP040691	1224230	TAA	FF955_06015	1223355	876	CDS		GTG	FF955_06015|CP040691_1223355_1224230_+3_GTG_291
CP040691	1228354	TAG	FF955_06035	1227653	702	CDS		ATG	FF955_06035|CP040691_1227653_1228354_+2_ATG_233
CP040691	1231796	TGA	FF955_06055	1230271	1526	CDS	true	ATG	FF955_06055_p|CP040691_1230271_1231796_+1_ATG_508
CP040691	1236162	TGA	FF955_06080	1235155	1008	CDS		ATG	FF955_06080|CP040691_1235155_1236162_+1_ATG_335
CP040691	1238298	TAG	FF955_06090	1237225	1074	CDS		GTG	FF955_06090|CP040691_1237225_1238298_+1_GTG_357
CP040691	1238583	TGA	FF955_06095	1238386	198	CDS		ATG	FF955_06095|CP040691_1238386_1238583_+1_ATG_65
CP040691	1238954	TGA	FF955_06100	1238580	375	CDS		GTG	FF955_06100|CP040691_1238580_1238954_+3_GTG_124
CP040691	1239855	TAG	FF955_06105	1239157	699	CDS		GTG	FF955_06105|CP040691_1239157_1239855_+1_GTG_232
CP040691	1240158	TGA	FF955_06110	1239973	186	CDS		ATG	FF955_06110|CP040691_1239973_1240158_+1_ATG_61
CP040691	1240926	TAA	FF955_06120	1240603	324	CDS		ATG	FF955_06120|CP040691_1240603_1240926_+1_ATG_107
CP040691	1244077	TGA	FF955_06135	1242677	1401	CDS		TTG	FF955_06135|CP040691_1242677_1244077_+2_TTG_466
CP040691	1245121	TAA	FF955_06140	1244099	1023	CDS		ATG	FF955_06140|CP040691_1244099_1245121_+2_ATG_340
CP040691	1247047	TGA	FF955_06150	1246097	951	CDS		ATG	FF955_06150|CP040691_1246097_1247047_+2_ATG_316
CP040691	1248296	TGA	FF955_06155	1247052	1245	CDS		GTG	FF955_06155|CP040691_1247052_1248296_+3_GTG_414
CP040691	1255104	TGA	FF955_06180	1253524	1581	CDS		GTG	FF955_06180|CP040691_1253524_1255104_+1_GTG_526
CP040691	1256282	TAG	FF955_06185	1255101	1182	CDS		ATG	FF955_06185|CP040691_1255101_1256282_+3_ATG_393
CP040691	1258024	TAG	FF955_06190	1256294	1731	CDS		ATG	FF955_06190|CP040691_1256294_1258024_+2_ATG_576
CP040691	1261127	TAA	FF955_06200	1260891	237	CDS		ATG	FF955_06200|CP040691_1260891_1261127_+3_ATG_78
CP040691	1264883	TGA	FF955_06220	1264641	243	CDS		ATG	FF955_06220|CP040691_1264641_1264883_+3_ATG_80
CP040691	1265274	TAA	FF955_06225	1264880	395	CDS	true	GTG	FF955_06225_p|CP040691_1264880_1265274_+2_GTG_131
CP040691	1265765	TGA	FF955_06230	1265424	342	CDS		GTG	FF955_06230|CP040691_1265424_1265765_+3_GTG_113
CP040691	1268522	TGA	FF955_06250	1267674	849	CDS		ATG	FF955_06250|CP040691_1267674_1268522_+3_ATG_282
CP040691	1271471	TAG	FF955_06265	1270389	1083	CDS		ATG	FF955_06265|CP040691_1270389_1271471_+3_ATG_360
CP040691	1272235	TAA	FF955_06270	1271483	753	CDS		ATG	FF955_06270|CP040691_1271483_1272235_+2_ATG_250
CP040691	1272690	TAA	FF955_06280	1272463	228	CDS		ATG	FF955_06280|CP040691_1272463_1272690_+1_ATG_75
CP040691	1275095	TGA	FF955_06285	1272750	2346	CDS		ATG	FF955_06285|CP040691_1272750_1275095_+3_ATG_781
CP040691	1275878	TAG	FF955_06290	1275228	651	CDS		ATG	FF955_06290|CP040691_1275228_1275878_+3_ATG_216
CP040691	1279148	TAG	FF955_06310	1278221	928	CDS	true	GTG	FF955_06310_p|CP040691_1278221_1279148_+2_GTG_309
CP040691	1280348	TGA	FF955_06320	1279983	366	CDS		GTG	FF955_06320|CP040691_1279983_1280348_+3_GTG_121
CP040691	1282200	TAA	FF955_06335	1281757	444	CDS		ATG	FF955_06335|CP040691_1281757_1282200_+1_ATG_147
CP040691	1282546	TAG	FF955_06340	1282358	189	CDS		ATG	FF955_06340|CP040691_1282358_1282546_+2_ATG_62
CP040691	1283221	TGA	FF955_06345	1282634	588	CDS		GTG	FF955_06345|CP040691_1282634_1283221_+2_GTG_195
CP040691	1283364	TGA	FF955_06350	1283218	147	CDS		GTG	FF955_06350|CP040691_1283218_1283364_+1_GTG_48
CP040691	1286615	TAG	FF955_06365	1285320	1296	CDS		ATG	FF955_06365|CP040691_1285320_1286615_+3_ATG_431
CP040691	1287348	TAG	FF955_06375	1286923	426	CDS		ATG	FF955_06375|CP040691_1286923_1287348_+1_ATG_141
CP040691	1291354	TGA	FF955_06380	1287656	3699	CDS		GTG	FF955_06380|CP040691_1287656_1291354_+2_GTG_1232
CP040691	1293069	TGA	FF955_06385	1291393	1677	CDS		ATG	FF955_06385|CP040691_1291393_1293069_+1_ATG_558
CP040691	1293731	TGA	FF955_06390	1293126	606	CDS		GTG	FF955_06390|CP040691_1293126_1293731_+3_GTG_201
CP040691	1294474	TAG	FF955_06395	1293734	741	CDS		TTG	FF955_06395|CP040691_1293734_1294474_+2_TTG_246
CP040691	1296382	TAG	FF955_06400	1294496	1887	CDS		GTG	FF955_06400|CP040691_1294496_1296382_+2_GTG_628
CP040691	1298387	TAG	FF955_06405	1296480	1908	CDS		ATG	FF955_06405|CP040691_1296480_1298387_+3_ATG_635
CP040691	1301543	TAG	FF955_06425	1300632	912	CDS		ATG	FF955_06425|CP040691_1300632_1301543_+3_ATG_303
CP040691	1302075	TAG	FF955_06430	1301635	441	CDS		GTG	FF955_06430|CP040691_1301635_1302075_+1_GTG_146
CP040691	1305829	TAG	FF955_06440	1303259	2571	CDS		GTG	FF955_06440|CP040691_1303259_1305829_+2_GTG_856
CP040691	1309659	TGA	FF955_06460	1309333	327	CDS		GTG	FF955_06460|CP040691_1309333_1309659_+1_GTG_108
CP040691	1310780	TAG	FF955_06465	1309692	1089	CDS		GTG	FF955_06465|CP040691_1309692_1310780_+3_GTG_362
CP040691	1320311	TGA	FF955_06475	1314054	6258	CDS		GTG	FF955_06475|CP040691_1314054_1320311_+3_GTG_2085
CP040691	1321782	TGA	FF955_06480	1320364	1419	CDS		ATG	FF955_06480|CP040691_1320364_1321782_+1_ATG_472
CP040691	1324857	TAG	FF955_06485	1321849	3009	CDS		GTG	FF955_06485|CP040691_1321849_1324857_+1_GTG_1002
CP040691	1331350	TGA	FF955_06505	1329719	1632	CDS		ATG	FF955_06505|CP040691_1329719_1331350_+2_ATG_543
CP040691	1332339	TGA	FF955_06510	1331350	990	CDS		ATG	FF955_06510|CP040691_1331350_1332339_+1_ATG_329
CP040691	1333293	TAG	FF955_06515	1332421	873	CDS		ATG	FF955_06515|CP040691_1332421_1333293_+1_ATG_290
CP040691	1334187	TGA	FF955_06520	1333309	879	CDS		ATG	FF955_06520|CP040691_1333309_1334187_+1_ATG_292
CP040691	1335174	TGA	FF955_06525	1334260	915	CDS		ATG	FF955_06525|CP040691_1334260_1335174_+1_ATG_304
CP040691	1336083	TGA	FF955_06530	1335256	828	CDS		ATG	FF955_06530|CP040691_1335256_1336083_+1_ATG_275
CP040691	1337544	TGA	FF955_06535	1336123	1422	CDS		GTG	FF955_06535|CP040691_1336123_1337544_+1_GTG_473
CP040691	1339631	TAA	FF955_06550	1339332	300	CDS		GTG	FF955_06550|CP040691_1339332_1339631_+3_GTG_99
CP040691	1340853	TAG	FF955_06555	1339678	1176	CDS		ATG	FF955_06555|CP040691_1339678_1340853_+1_ATG_391
CP040691	1341284	TAA	FF955_06560	1340988	297	CDS		ATG	FF955_06560|CP040691_1340988_1341284_+3_ATG_98
CP040691	1341619	TGA	FF955_06565	1341335	285	CDS		ATG	FF955_06565|CP040691_1341335_1341619_+2_ATG_94
CP040691	1343062	TGA	FF955_06575	1342934	129	CDS		TTG	FF955_06575|CP040691_1342934_1343062_+2_TTG_42
CP040691	1344548	TAG	FF955_06580	1343271	1278	CDS		ATG	FF955_06580|CP040691_1343271_1344548_+3_ATG_425
CP040691	1346653	TAG	FF955_06590	1345589	1065	CDS		GTG	FF955_06590|CP040691_1345589_1346653_+2_GTG_354
CP040691	1349611	TGA	FF955_06605	1349048	564	CDS		ATG	FF955_06605|CP040691_1349048_1349611_+2_ATG_187
CP040691	1351454	TAG	FF955_06610	1349661	1794	CDS		GTG	FF955_06610|CP040691_1349661_1351454_+3_GTG_597
CP040691	1352476	TGA	FF955_06615	1351520	957	CDS		GTG	FF955_06615|CP040691_1351520_1352476_+2_GTG_318
CP040691	1353447	TGA	FF955_06620	1352473	975	CDS		ATG	FF955_06620|CP040691_1352473_1353447_+1_ATG_324
CP040691	1353854	TGA	FF955_06625	1353486	369	CDS		GTG	FF955_06625|CP040691_1353486_1353854_+3_GTG_122
CP040691	1354465	TGA	FF955_06630	1353851	615	CDS		GTG	FF955_06630|CP040691_1353851_1354465_+2_GTG_204
CP040691	1354799	TAA	FF955_06635	1354572	228	CDS		ATG	FF955_06635|CP040691_1354572_1354799_+3_ATG_75
CP040691	1357379	TAG	FF955_06645	1356165	1215	CDS		ATG	FF955_06645|CP040691_1356165_1357379_+3_ATG_404
CP040691	1365515	TGA	FF955_06685	1364742	774	CDS		ATG	FF955_06685|CP040691_1364742_1365515_+3_ATG_257
CP040691	1365673	TGA	FF955_06690	1365485	189	CDS		GTG	FF955_06690|CP040691_1365485_1365673_+2_GTG_62
CP040691	1366137	TAG	FF955_06695	1365673	465	CDS		ATG	FF955_06695|CP040691_1365673_1366137_+1_ATG_154
CP040691	1367792	TAG	FF955_06700	1366206	1587	CDS		GTG	FF955_06700|CP040691_1366206_1367792_+3_GTG_528
CP040691	1368189	TAG	FF955_06705	1367794	396	CDS		GTG	FF955_06705|CP040691_1367794_1368189_+1_GTG_131
CP040691	1371809	TGA	FF955_06725	1371252	558	CDS		ATG	FF955_06725|CP040691_1371252_1371809_+3_ATG_185
CP040691	1372034	TAG	FF955_06730	1371861	174	CDS		TTG	FF955_06730|CP040691_1371861_1372034_+3_TTG_57
CP040691	1377835	TGA	FF955_06760	1377308	528	CDS		ATG	FF955_06760|CP040691_1377308_1377835_+2_ATG_175
CP040691	1379262	TGA	FF955_06765	1377856	1407	CDS		GTG	FF955_06765|CP040691_1377856_1379262_+1_GTG_468
CP040691	1380182	TGA	FF955_06770	1379259	924	CDS		GTG	FF955_06770|CP040691_1379259_1380182_+3_GTG_307
CP040691	1381011	TAG	FF955_06775	1380187	825	CDS		GTG	FF955_06775|CP040691_1380187_1381011_+1_GTG_274
CP040691	1382197	TAA	FF955_06780	1381016	1182	CDS		ATG	FF955_06780|CP040691_1381016_1382197_+2_ATG_393
CP040691	1384534	TGA	FF955_06790	1383545	990	CDS		GTG	FF955_06790|CP040691_1383545_1384534_+2_GTG_329
CP040691	1384870	TGA	FF955_06795	1384610	261	CDS		ATG	FF955_06795|CP040691_1384610_1384870_+2_ATG_86
CP040691	1385298	TAA	FF955_06800	1384867	432	CDS		GTG	FF955_06800|CP040691_1384867_1385298_+1_GTG_143
CP040691	1387944	TGA	FF955_06815	1387084	861	CDS		GTG	FF955_06815|CP040691_1387084_1387944_+1_GTG_286
CP040691	1396145	TAA	FF955_06845	1394406	1740	CDS		ATG	FF955_06845|CP040691_1394406_1396145_+3_ATG_579
CP040691	1401888	TGA	FF955_06860	1400197	1692	CDS		ATG	FF955_06860|CP040691_1400197_1401888_+1_ATG_563
CP040691	1403036	TAG	FF955_06865	1401885	1152	CDS		ATG	FF955_06865|CP040691_1401885_1403036_+3_ATG_383
CP040691	1408466	TGA	FF955_06895	1407567	900	CDS		ATG	FF955_06895|CP040691_1407567_1408466_+3_ATG_299
CP040691	1409586	TGA	FF955_06900	1408468	1119	CDS		GTG	FF955_06900|CP040691_1408468_1409586_+1_GTG_372
CP040691	1412047	TGA	FF955_06915	1410659	1389	CDS		GTG	FF955_06915|CP040691_1410659_1412047_+2_GTG_462
CP040691	1413315	TAG	FF955_06920	1412122	1194	CDS		GTG	FF955_06920|CP040691_1412122_1413315_+1_GTG_397
CP040691	1414167	TAA	FF955_06925	1413487	681	CDS		ATG	FF955_06925|CP040691_1413487_1414167_+1_ATG_226
CP040691	1424989	TGA	FF955_06975	1424432	558	CDS		GTG	FF955_06975|CP040691_1424432_1424989_+2_GTG_185
CP040691	1425528	TAG	FF955_06980	1424986	543	CDS		ATG	FF955_06980|CP040691_1424986_1425528_+1_ATG_180
CP040691	1425747	TAG	FF955_06985	1425568	180	CDS		TTG	FF955_06985|CP040691_1425568_1425747_+1_TTG_59
CP040691	1427652	TGA	FF955_06995	1426399	1254	CDS		GTG	FF955_06995|CP040691_1426399_1427652_+1_GTG_417
CP040691	1430276	TGA	FF955_07000	1427649	2628	CDS		GTG	FF955_07000|CP040691_1427649_1430276_+3_GTG_875
CP040691	1431883	TGA	FF955_07005	1430297	1587	CDS		ATG	FF955_07005|CP040691_1430297_1431883_+2_ATG_528
CP040691	1438050	TAG	FF955_07030	1437559	492	CDS		GTG	FF955_07030|CP040691_1437559_1438050_+1_GTG_163
CP040691	1439142	TGA	FF955_07035	1438144	999	CDS		ATG	FF955_07035|CP040691_1438144_1439142_+1_ATG_332
CP040691	1440986	TAG	FF955_07040	1439142	1845	CDS		ATG	FF955_07040|CP040691_1439142_1440986_+3_ATG_614
CP040691	1441525	TAG	FF955_07045	1441040	486	CDS		ATG	FF955_07045|CP040691_1441040_1441525_+2_ATG_161
CP040691	1442953	TAG	FF955_07050	1441583	1371	CDS		ATG	FF955_07050|CP040691_1441583_1442953_+2_ATG_456
CP040691	1443634	TAA	FF955_07055	1443002	633	CDS		ATG	FF955_07055|CP040691_1443002_1443634_+2_ATG_210
CP040691	1445663	TGA	FF955_07065	1445349	315	CDS		GTG	FF955_07065|CP040691_1445349_1445663_+3_GTG_104
CP040691	1448322	TGA	FF955_07080	1446670	1653	CDS		GTG	FF955_07080|CP040691_1446670_1448322_+1_GTG_550
CP040691	1449662	TGA	FF955_07085	1448319	1344	CDS		GTG	FF955_07085|CP040691_1448319_1449662_+3_GTG_447
CP040691	1450991	TGA	FF955_07090	1449666	1326	CDS		GTG	FF955_07090|CP040691_1449666_1450991_+3_GTG_441
CP040691	1452070	TAG	FF955_07095	1450988	1083	CDS		ATG	FF955_07095|CP040691_1450988_1452070_+2_ATG_360
CP040691	1453124	TAA	FF955_07100	1452174	951	CDS		ATG	FF955_07100|CP040691_1452174_1453124_+3_ATG_316
CP040691	1453384	TGA	FF955_07105	1453277	108	CDS		ATG	FF955_07105|CP040691_1453277_1453384_+2_ATG_35
CP040691	1455189	TGA	FF955_07110	1453381	1809	CDS		GTG	FF955_07110|CP040691_1453381_1455189_+1_GTG_602
CP040691	1455582	TAG	FF955_07120	1455340	243	CDS		ATG	FF955_07120|CP040691_1455340_1455582_+1_ATG_80
CP040691	1456745	TGA	FF955_07125	1455672	1074	CDS		ATG	FF955_07125|CP040691_1455672_1456745_+3_ATG_357
CP040691	1457719	TGA	FF955_07130	1456742	978	CDS		ATG	FF955_07130|CP040691_1456742_1457719_+2_ATG_325
CP040691	1458388	TAG	FF955_07135	1457735	654	CDS		TTG	FF955_07135|CP040691_1457735_1458388_+2_TTG_217
CP040691	1459686	TAG	FF955_07140	1458472	1215	CDS		GTG	FF955_07140|CP040691_1458472_1459686_+1_GTG_404
CP040691	1460428	TGA	FF955_07145	1459943	486	CDS		GTG	FF955_07145|CP040691_1459943_1460428_+2_GTG_161
CP040691	1461173	TAG	FF955_07150	1460421	753	CDS		ATG	FF955_07150|CP040691_1460421_1461173_+3_ATG_250
CP040691	1461467	TAA	FF955_07155	1461222	246	CDS		ATG	FF955_07155|CP040691_1461222_1461467_+3_ATG_81
CP040691	1462013	TAA	FF955_07160	1461498	516	CDS		ATG	FF955_07160|CP040691_1461498_1462013_+3_ATG_171
CP040691	1463360	TGA	FF955_07165	1462020	1341	CDS		ATG	FF955_07165|CP040691_1462020_1463360_+3_ATG_446
CP040691	1465054	TAG	FF955_07170	1463405	1650	CDS		ATG	FF955_07170|CP040691_1463405_1465054_+2_ATG_549
CP040691	1465978	TAG	FF955_07175	1465061	918	CDS		ATG	FF955_07175|CP040691_1465061_1465978_+2_ATG_305
CP040691	1467478	TGA	FF955_07180	1466018	1461	CDS		ATG	FF955_07180|CP040691_1466018_1467478_+2_ATG_486
CP040691	1467857	TAA	FF955_07185	1467492	366	CDS		ATG	FF955_07185|CP040691_1467492_1467857_+3_ATG_121
CP040691	1468308	TGA	FF955_07190	1467865	444	CDS		ATG	FF955_07190|CP040691_1467865_1468308_+1_ATG_147
CP040691	1471754	TAG	FF955_07205	1470498	1257	CDS		GTG	FF955_07205|CP040691_1470498_1471754_+3_GTG_418
CP040691	1486810	TGA	FF955_07255	1486139	672	CDS		GTG	FF955_07255|CP040691_1486139_1486810_+2_GTG_223
CP040691	1487129	TAG	FF955_07260	1486833	297	CDS		ATG	FF955_07260|CP040691_1486833_1487129_+3_ATG_98
CP040691	1488882	TAG	FF955_07270	1487701	1182	CDS		ATA	FF955_07270|CP040691_1487701_1488882_+1_ATA_393
CP040691	1489926	TGA	FF955_07275	1489012	915	CDS		GTG	FF955_07275|CP040691_1489012_1489926_+1_GTG_304
CP040691	1498970	TGA	FF955_07295	1496379	2592	CDS		GTG	FF955_07295|CP040691_1496379_1498970_+3_GTG_863
CP040691	1502781	TGA	FF955_07310	1502476	306	CDS		ATG	FF955_07310|CP040691_1502476_1502781_+1_ATG_101
CP040691	1503397	TGA	FF955_07315	1502741	657	CDS		ATG	FF955_07315|CP040691_1502741_1503397_+2_ATG_218
CP040691	1504448	TGA	FF955_07320	1503414	1035	CDS		ATG	FF955_07320|CP040691_1503414_1504448_+3_ATG_344
CP040691	1504896	TGA	FF955_07325	1504456	441	CDS		GTG	FF955_07325|CP040691_1504456_1504896_+1_GTG_146
CP040691	1505199	TGA	FF955_07330	1504918	282	CDS		ATG	FF955_07330|CP040691_1504918_1505199_+1_ATG_93
CP040691	1506180	TGA	FF955_07335	1505209	972	CDS		ATG	FF955_07335|CP040691_1505209_1506180_+1_ATG_323
CP040691	1506893	TGA	FF955_07340	1506171	723	CDS		ATG	FF955_07340|CP040691_1506171_1506893_+3_ATG_240
CP040691	1507705	TAG	FF955_07345	1506890	816	CDS		ATG	FF955_07345|CP040691_1506890_1507705_+2_ATG_271
CP040691	1508553	TAG	FF955_07350	1507732	822	CDS		ATG	FF955_07350|CP040691_1507732_1508553_+1_ATG_273
CP040691	1509349	TGA	FF955_07355	1508570	780	CDS		GTG	FF955_07355|CP040691_1508570_1509349_+2_GTG_259
CP040691	1510002	TAA	FF955_07360	1509388	615	CDS		GTG	FF955_07360|CP040691_1509388_1510002_+1_GTG_204
CP040691	1511103	TGA	FF955_07375	1510783	321	CDS		ATG	FF955_07375|CP040691_1510783_1511103_+1_ATG_106
CP040691	1512661	TGA	FF955_07380	1511096	1566	CDS		ATG	FF955_07380|CP040691_1511096_1512661_+2_ATG_521
CP040691	1513821	TAG	FF955_07385	1512661	1161	CDS		ATG	FF955_07385|CP040691_1512661_1513821_+1_ATG_386
CP040691	1517441	TGA	FF955_07400	1514862	2580	CDS		ATG	FF955_07400|CP040691_1514862_1517441_+3_ATG_859
CP040691	1519177	TAA	FF955_07405	1517438	1740	CDS		ATG	FF955_07405|CP040691_1517438_1519177_+2_ATG_579
CP040691	1520049	TGA	FF955_07415	1519306	744	CDS		ATG	FF955_07415|CP040691_1519306_1520049_+1_ATG_247
CP040691	1520375	TGA	FF955_07420	1520046	330	CDS		ATG	FF955_07420|CP040691_1520046_1520375_+3_ATG_109
CP040691	1520949	TAG	FF955_07430	1520578	372	CDS		ATG	FF955_07430|CP040691_1520578_1520949_+1_ATG_123
CP040691	1531906	TAG	FF955_07460	1528427	3480	CDS		ATG	FF955_07460|CP040691_1528427_1531906_+2_ATG_1159
CP040691	1532740	TGA	FF955_07465	1531988	753	CDS		ATG	FF955_07465|CP040691_1531988_1532740_+2_ATG_250
CP040691	1534185	TGA	FF955_07475	1533163	1023	CDS		ATG	FF955_07475|CP040691_1533163_1534185_+1_ATG_340
CP040691	1541026	TGA	FF955_07505	1540205	822	CDS		GTG	FF955_07505|CP040691_1540205_1541026_+2_GTG_273
CP040691	1541255	TAG	FF955_07510	1540995	261	CDS		ATG	FF955_07510|CP040691_1540995_1541255_+3_ATG_86
CP040691	1543620	TAA	FF955_07520	1542835	786	CDS		ATG	FF955_07520|CP040691_1542835_1543620_+1_ATG_261
CP040691	1544430	GGT	FF955_07525	1543816	615	CDS	true	GTG	FF955_07525_p|CP040691_1543816_1544430_+1_GTG_205
CP040691	1546644	TGA	FF955_07535	1545784	861	CDS	true	AGA	FF955_07535_p|CP040691_1545784_1546644_+1_AGA_286
CP040691	1547822	TGA	FF955_07540	1546641	1182	CDS		ATG	FF955_07540|CP040691_1546641_1547822_+3_ATG_393
CP040691	1548808	TGA	FF955_07545	1547828	981	CDS		ATG	FF955_07545|CP040691_1547828_1548808_+2_ATG_326
CP040691	1550967	TGA	FF955_07555	1549648	1320	CDS		ATG	FF955_07555|CP040691_1549648_1550967_+1_ATG_439
CP040691	1552457	TAA	FF955_07560	1550964	1494	CDS		ATG	FF955_07560|CP040691_1550964_1552457_+3_ATG_497
CP040691	1555051	TGA	FF955_07575	1554470	582	CDS		ATG	FF955_07575|CP040691_1554470_1555051_+2_ATG_193
CP040691	1556007	TGA	FF955_07580	1555048	960	CDS		ATG	FF955_07580|CP040691_1555048_1556007_+1_ATG_319
CP040691	1557296	TGA	FF955_07585	1556004	1293	CDS		GTG	FF955_07585|CP040691_1556004_1557296_+3_GTG_430
CP040691	1557790	TGA	FF955_07590	1557293	498	CDS		ATG	FF955_07590|CP040691_1557293_1557790_+2_ATG_165
CP040691	1558917	TAG	FF955_07595	1557787	1131	CDS		TTG	FF955_07595|CP040691_1557787_1558917_+1_TTG_376
CP040691	1562264	TGA	FF955_07600	1558917	3348	CDS		GTG	FF955_07600|CP040691_1558917_1562264_+3_GTG_1115
CP040691	1563085	TAG	FF955_07605	1562261	825	CDS		GTG	FF955_07605|CP040691_1562261_1563085_+2_GTG_274
CP040691	1563588	TGA	FF955_07610	1563280	309	CDS		GTG	FF955_07610|CP040691_1563280_1563588_+1_GTG_102
CP040691	1565204	TGA	FF955_07615	1563585	1620	CDS		ATG	FF955_07615|CP040691_1563585_1565204_+3_ATG_539
CP040691	1566082	TAA	FF955_07625	1565765	318	CDS		GTG	FF955_07625|CP040691_1565765_1566082_+2_GTG_105
CP040691	1566843	TGA	FF955_07630	1566217	627	CDS		GTG	FF955_07630|CP040691_1566217_1566843_+1_GTG_208
CP040691	1567241	TAG	FF955_07635	1566909	333	CDS		GTG	FF955_07635|CP040691_1566909_1567241_+3_GTG_110
CP040691	1568513	TAA	FF955_07640	1567257	1257	CDS		GTG	FF955_07640|CP040691_1567257_1568513_+3_GTG_418
CP040691	1569852	TAG	FF955_07645	1568641	1212	CDS		GTG	FF955_07645|CP040691_1568641_1569852_+1_GTG_403
CP040691	1573897	TAG	FF955_07660	1572863	1035	CDS		GTG	FF955_07660|CP040691_1572863_1573897_+2_GTG_344
CP040691	1579348	TAG	FF955_07690	1578746	603	CDS		ATG	FF955_07690|CP040691_1578746_1579348_+2_ATG_200
CP040691	1581396	TAA	FF955_07695	1579429	1968	CDS		ATG	FF955_07695|CP040691_1579429_1581396_+1_ATG_655
CP040691	1582889	TAG	FF955_07705	1582407	483	CDS		ATG	FF955_07705|CP040691_1582407_1582889_+3_ATG_160
CP040691	1584920	TGA	FF955_07715	1583982	939	CDS		GTG	FF955_07715|CP040691_1583982_1584920_+3_GTG_312
CP040691	1586290	TGA	FF955_07720	1584917	1374	CDS		ATG	FF955_07720|CP040691_1584917_1586290_+2_ATG_457
CP040691	1587013	TGA	FF955_07725	1586315	699	CDS		GTG	FF955_07725|CP040691_1586315_1587013_+2_GTG_232
CP040691	1588029	TAG	FF955_07730	1587010	1020	CDS		ATG	FF955_07730|CP040691_1587010_1588029_+1_ATG_339
CP040691	1590988	TGA	FF955_07745	1590383	606	CDS		ATG	FF955_07745|CP040691_1590383_1590988_+2_ATG_201
CP040691	1591717	TGA	FF955_07750	1591196	522	CDS		CTG	FF955_07750|CP040691_1591196_1591717_+2_CTG_173
CP040691	1592108	TGA	FF955_07755	1591707	402	CDS		GTG	FF955_07755|CP040691_1591707_1592108_+3_GTG_133
CP040691	1593490	TGA	FF955_07760	1592213	1278	CDS		ATG	FF955_07760|CP040691_1592213_1593490_+2_ATG_425
CP040691	1593969	TGA	FF955_07765	1593487	483	CDS		GTG	FF955_07765|CP040691_1593487_1593969_+1_GTG_160
CP040691	1594430	TGA	FF955_07770	1593966	465	CDS		GTG	FF955_07770|CP040691_1593966_1594430_+3_GTG_154
CP040691	1595141	TAA	FF955_07775	1594455	687	CDS		ATG	FF955_07775|CP040691_1594455_1595141_+3_ATG_228
CP040691	1595794	TAA	FF955_07780	1595321	474	CDS		ATG	FF955_07780|CP040691_1595321_1595794_+2_ATG_157
CP040691	1597798	TGA	FF955_07785	1595858	1941	CDS		GTG	FF955_07785|CP040691_1595858_1597798_+2_GTG_646
CP040691	1598700	TGA	FF955_07790	1597795	906	CDS		ATG	FF955_07790|CP040691_1597795_1598700_+1_ATG_301
CP040691	1599725	TGA	FF955_07795	1598697	1029	CDS		ATG	FF955_07795|CP040691_1598697_1599725_+3_ATG_342
CP040691	1600699	TAG	FF955_07800	1599722	978	CDS		ATG	FF955_07800|CP040691_1599722_1600699_+2_ATG_325
CP040691	1602853	TAG	FF955_07810	1601474	1380	CDS		ATG	FF955_07810|CP040691_1601474_1602853_+2_ATG_459
CP040691	1607962	TAG	FF955_07830	1606694	1269	CDS		GTG	FF955_07830|CP040691_1606694_1607962_+2_GTG_422
CP040691	1609788	TAG	FF955_07835	1608202	1587	CDS		ATG	FF955_07835|CP040691_1608202_1609788_+1_ATG_528
CP040691	1611668	TGA	FF955_07840	1609899	1770	CDS		ATG	FF955_07840|CP040691_1609899_1611668_+3_ATG_589
CP040691	1613086	TGA	FF955_07845	1611665	1422	CDS		ATG	FF955_07845|CP040691_1611665_1613086_+2_ATG_473
CP040691	1614065	TAG	FF955_07850	1613250	816	CDS		ATG	FF955_07850|CP040691_1613250_1614065_+3_ATG_271
CP040691	1614209	TGA	FF955_07855	1614072	138	CDS		ATG	FF955_07855|CP040691_1614072_1614209_+3_ATG_45
CP040691	1614980	TAG	FF955_07865	1614765	216	CDS		TTG	FF955_07865|CP040691_1614765_1614980_+3_TTG_71
CP040691	1616163	TAG	FF955_07870	1615144	1020	CDS		GTG	FF955_07870|CP040691_1615144_1616163_+1_GTG_339
CP040691	1617404	TGA	FF955_07875	1616166	1239	CDS		ATG	FF955_07875|CP040691_1616166_1617404_+3_ATG_412
CP040691	1618186	TAG	FF955_07880	1617401	786	CDS		GTG	FF955_07880|CP040691_1617401_1618186_+2_GTG_261
CP040691	1619907	TAG	FF955_07900	1619674	234	CDS		ATG	FF955_07900|CP040691_1619674_1619907_+1_ATG_77
CP040691	1623910	TAG	FF955_07910	1621610	2301	CDS		ATG	FF955_07910|CP040691_1621610_1623910_+2_ATG_766
CP040691	1624826	TGA	FF955_07920	1624587	240	CDS		ATG	FF955_07920|CP040691_1624587_1624826_+3_ATG_79
CP040691	1637984	TGA	FF955_07970	1637058	927	CDS		GTG	FF955_07970|CP040691_1637058_1637984_+3_GTG_308
CP040691	1641855	TAG	FF955_07980	1640590	1266	CDS		GTG	FF955_07980|CP040691_1640590_1641855_+1_GTG_421
CP040691	1643752	TAG	FF955_07990	1642889	864	CDS		ATG	FF955_07990|CP040691_1642889_1643752_+2_ATG_287
CP040691	1646707	TGA	FF955_08010	1646450	258	CDS		GTG	FF955_08010|CP040691_1646450_1646707_+2_GTG_85
CP040691	1649254	TGA	FF955_08020	1648448	807	CDS		GTG	FF955_08020|CP040691_1648448_1649254_+2_GTG_268
CP040691	1651791	TGA	FF955_08025	1649251	2541	CDS		ATG	FF955_08025|CP040691_1649251_1651791_+1_ATG_846
CP040691	1652981	TGA	FF955_08030	1651788	1194	CDS		ATG	FF955_08030|CP040691_1651788_1652981_+3_ATG_397
CP040691	1653778	TGA	FF955_08035	1652978	801	CDS		ATG	FF955_08035|CP040691_1652978_1653778_+2_ATG_266
CP040691	1655033	TGA	FF955_08040	1653780	1254	CDS		ATG	FF955_08040|CP040691_1653780_1655033_+3_ATG_417
CP040691	1655518	TGA	FF955_08045	1655030	489	CDS		GTG	FF955_08045|CP040691_1655030_1655518_+2_GTG_162
CP040691	1655840	TGA	FF955_08050	1655493	348	CDS		ATG	FF955_08050|CP040691_1655493_1655840_+3_ATG_115
CP040691	1662556	TAG	FF955_08070	1660580	1977	CDS		ATG	FF955_08070|CP040691_1660580_1662556_+2_ATG_658
CP040691	1662974	TGA	FF955_08075	1662600	375	CDS		GTG	FF955_08075|CP040691_1662600_1662974_+3_GTG_124
CP040691	1663361	TGA	FF955_08080	1662990	372	CDS		GTG	FF955_08080|CP040691_1662990_1663361_+3_GTG_123
CP040691	1664240	TAA	FF955_08085	1663383	858	CDS		GTG	FF955_08085|CP040691_1663383_1664240_+3_GTG_285
CP040691	1665904	TGA	FF955_08090	1664276	1629	CDS		GTG	FF955_08090|CP040691_1664276_1665904_+2_GTG_542
CP040691	1666192	TGA	FF955_08095	1666001	192	CDS		ATG	FF955_08095|CP040691_1666001_1666192_+2_ATG_63
CP040691	1670384	TAG	FF955_08110	1669824	561	CDS		ATG	FF955_08110|CP040691_1669824_1670384_+3_ATG_186
CP040691	1672028	TAG	FF955_08115	1670610	1419	CDS		ATG	FF955_08115|CP040691_1670610_1672028_+3_ATG_472
CP040691	1672764	TGA	FF955_08120	1672039	726	CDS		ATG	FF955_08120|CP040691_1672039_1672764_+1_ATG_241
CP040691	1674036	TGA	FF955_08125	1672903	1134	CDS		ATG	FF955_08125|CP040691_1672903_1674036_+1_ATG_377
CP040691	1674986	TGA	FF955_08130	1674033	954	CDS		GTG	FF955_08130|CP040691_1674033_1674986_+3_GTG_317
CP040691	1676004	TAG	FF955_08135	1674997	1008	CDS		ATG	FF955_08135|CP040691_1674997_1676004_+1_ATG_335
CP040691	1677803	TGA	FF955_08145	1677060	744	CDS		GTG	FF955_08145|CP040691_1677060_1677803_+3_GTG_247
CP040691	1678631	TAG	FF955_08150	1677822	810	CDS		ATG	FF955_08150|CP040691_1677822_1678631_+3_ATG_269
CP040691	1679671	TGA	FF955_08155	1678637	1035	CDS		ATG	FF955_08155|CP040691_1678637_1679671_+2_ATG_344
CP040691	1680995	TAG	FF955_08165	1680561	435	CDS		ATG	FF955_08165|CP040691_1680561_1680995_+3_ATG_144
CP040691	1682162	TAG	FF955_08170	1681017	1146	CDS		GTG	FF955_08170|CP040691_1681017_1682162_+3_GTG_381
CP040691	1682528	TAA	FF955_08175	1682172	357	CDS		ATG	FF955_08175|CP040691_1682172_1682528_+3_ATG_118
CP040691	1682792	TGA	FF955_08180	1682562	231	CDS		GTG	FF955_08180|CP040691_1682562_1682792_+3_GTG_76
CP040691	1684249	TGA	FF955_08185	1682942	1308	CDS		GTG	FF955_08185|CP040691_1682942_1684249_+2_GTG_435
CP040691	1684610	TAG	FF955_08190	1684347	264	CDS		TTG	FF955_08190|CP040691_1684347_1684610_+3_TTG_87
CP040691	1687624	TAG	FF955_08200	1685777	1848	CDS		GTG	FF955_08200|CP040691_1685777_1687624_+2_GTG_615
CP040691	1689876	TAG	FF955_08205	1687625	2252	CDS	true	ATG	FF955_08205_p|CP040691_1687625_1689876_+2_ATG_750
CP040691	1690192	TGA	FF955_08210	1689890	303	CDS		GTG	FF955_08210|CP040691_1689890_1690192_+2_GTG_100
CP040691	1690506	TGA	FF955_08215	1690189	318	CDS		GTG	FF955_08215|CP040691_1690189_1690506_+1_GTG_105
CP040691	1691507	TAA	FF955_08220	1690503	1005	CDS		ATG	FF955_08220|CP040691_1690503_1691507_+3_ATG_334
CP040691	1692849	TAA	FF955_08225	1691560	1290	CDS		GTG	FF955_08225|CP040691_1691560_1692849_+1_GTG_429
CP040691	1694424	TGA	FF955_08240	1694026	399	CDS		GTG	FF955_08240|CP040691_1694026_1694424_+1_GTG_132
CP040691	1695497	TGA	FF955_08245	1694469	1029	CDS		ATG	FF955_08245|CP040691_1694469_1695497_+3_ATG_342
CP040691	1696330	TAG	FF955_08250	1695509	822	CDS		ATG	FF955_08250|CP040691_1695509_1696330_+2_ATG_273
CP040691	1697442	TGA	FF955_08255	1696543	900	CDS		ATG	FF955_08255|CP040691_1696543_1697442_+1_ATG_299
CP040691	1701477	TGA	FF955_08280	1700974	504	CDS		ATG	FF955_08280|CP040691_1700974_1701477_+1_ATG_167
CP040691	1703846	TAA	FF955_08290	1703484	363	CDS		GTG	FF955_08290|CP040691_1703484_1703846_+3_GTG_120
CP040691	1704711	TAA	FF955_08295	1703830	882	CDS		GTG	FF955_08295|CP040691_1703830_1704711_+1_GTG_293
CP040691	1706211	TGA	FF955_08300	1704913	1299	CDS		ATG	FF955_08300|CP040691_1704913_1706211_+1_ATG_432
CP040691	1707714	TGA	FF955_08310	1706692	1023	CDS		GTG	FF955_08310|CP040691_1706692_1707714_+1_GTG_340
CP040691	1708679	TGA	FF955_08315	1707711	969	CDS		ATG	FF955_08315|CP040691_1707711_1708679_+3_ATG_322
CP040691	1709407	TGA	FF955_08320	1708676	732	CDS		ATG	FF955_08320|CP040691_1708676_1709407_+2_ATG_243
CP040691	1713253	TGA	FF955_08340	1712489	765	CDS		ATG	FF955_08340|CP040691_1712489_1713253_+2_ATG_254
CP040691	1714221	TAG	FF955_08345	1713262	960	CDS		GTG	FF955_08345|CP040691_1713262_1714221_+1_GTG_319
CP040691	1714620	TGA	FF955_08350	1714351	270	CDS		TTG	FF955_08350|CP040691_1714351_1714620_+1_TTG_89
CP040691	1715686	TAG	FF955_08355	1714646	1041	CDS		GTG	FF955_08355|CP040691_1714646_1715686_+2_GTG_346
CP040691	1717671	TAG	FF955_08365	1715920	1752	CDS		ATG	FF955_08365|CP040691_1715920_1717671_+1_ATG_583
CP040691	1722314	TGA	FF955_08375	1721271	1044	CDS		ATG	FF955_08375|CP040691_1721271_1722314_+3_ATG_347
CP040691	1723588	TAA	FF955_08380	1722344	1245	CDS		ATG	FF955_08380|CP040691_1722344_1723588_+2_ATG_414
CP040691	1724420	TAG	FF955_08385	1723635	786	CDS		TTG	FF955_08385|CP040691_1723635_1724420_+3_TTG_261
CP040691	1734874	TGA	FF955_08405	1733120	1755	CDS		GTG	FF955_08405|CP040691_1733120_1734874_+2_GTG_584
CP040691	1736094	TGA	FF955_08410	1734991	1104	CDS		ATG	FF955_08410|CP040691_1734991_1736094_+1_ATG_367
CP040691	1736657	TGA	FF955_08415	1736091	567	CDS		ATG	FF955_08415|CP040691_1736091_1736657_+3_ATG_188
CP040691	1738355	TGA	FF955_08425	1737228	1128	CDS		ATG	FF955_08425|CP040691_1737228_1738355_+3_ATG_375
CP040691	1739029	TGA	FF955_08430	1738352	678	CDS		GTG	FF955_08430|CP040691_1738352_1739029_+2_GTG_225
CP040691	1739830	TAG	FF955_08435	1739594	237	CDS		ATG	FF955_08435|CP040691_1739594_1739830_+2_ATG_78
CP040691	1743262	TGA	FF955_08440	1740137	3126	CDS		GTG	FF955_08440|CP040691_1740137_1743262_+2_GTG_1041
CP040691	1744865	TGA	FF955_08445	1743474	1392	CDS		GTG	FF955_08445|CP040691_1743474_1744865_+3_GTG_463
CP040691	1746470	TGA	FF955_08455	1745862	609	CDS		GTG	FF955_08455|CP040691_1745862_1746470_+3_GTG_202
CP040691	1747389	TGA	FF955_08460	1746463	927	CDS		ATG	FF955_08460|CP040691_1746463_1747389_+1_ATG_308
CP040691	1749707	TGA	FF955_08475	1748682	1026	CDS		ATG	FF955_08475|CP040691_1748682_1749707_+3_ATG_341
CP040691	1750515	TGA	FF955_08480	1749712	804	CDS		ATG	FF955_08480|CP040691_1749712_1750515_+1_ATG_267
CP040691	1750764	TAG	FF955_08485	1750537	228	CDS		GTG	FF955_08485|CP040691_1750537_1750764_+1_GTG_75
CP040691	1751244	TAG	FF955_08490	1750813	432	CDS		ATG	FF955_08490|CP040691_1750813_1751244_+1_ATG_143
CP040691	1754866	TAG	FF955_08495	1751312	3555	CDS		ATG	FF955_08495|CP040691_1751312_1754866_+2_ATG_1184
CP040691	1757656	TGA	FF955_08505	1757108	549	CDS		ATG	FF955_08505|CP040691_1757108_1757656_+2_ATG_182
CP040691	1759050	TGA	FF955_08510	1757662	1389	CDS		TTG	FF955_08510|CP040691_1757662_1759050_+1_TTG_462
CP040691	1760928	TGA	FF955_08515	1759064	1865	CDS	true	GTG	FF955_08515_p|CP040691_1759064_1760928_+2_GTG_621
CP040691	1761289	TGA	FF955_08520	1761107	183	CDS		ATG	FF955_08520|CP040691_1761107_1761289_+2_ATG_60
CP040691	1763050	TAA	FF955_08525	1761299	1752	CDS		ATG	FF955_08525|CP040691_1761299_1763050_+2_ATG_583
CP040691	1763796	TGA	FF955_08530	1763053	744	CDS		ATG	FF955_08530|CP040691_1763053_1763796_+1_ATG_247
CP040691	1764173	TGA	FF955_08535	1763793	381	CDS		ATG	FF955_08535|CP040691_1763793_1764173_+3_ATG_126
CP040691	1764547	TAA	FF955_08540	1764170	378	CDS		ATG	FF955_08540|CP040691_1764170_1764547_+2_ATG_125
CP040691	1765223	TGA	FF955_08545	1764615	609	CDS		ATG	FF955_08545|CP040691_1764615_1765223_+3_ATG_202
CP040691	1766555	TAA	FF955_08550	1765362	1194	CDS		GTG	FF955_08550|CP040691_1765362_1766555_+3_GTG_397
CP040691	1767011	TAG	FF955_08555	1766565	447	CDS		ATG	FF955_08555|CP040691_1766565_1767011_+3_ATG_148
CP040691	1768335	TAG	FF955_08560	1767046	1290	CDS		GTG	FF955_08560|CP040691_1767046_1768335_+1_GTG_429
CP040691	1768591	TGA	FF955_08565	1768373	219	CDS		GTG	FF955_08565|CP040691_1768373_1768591_+2_GTG_72
CP040691	1769001	TGA	FF955_08570	1768597	405	CDS		ATG	FF955_08570|CP040691_1768597_1769001_+1_ATG_134
CP040691	1780323	TGA	FF955_08605	1779010	1314	CDS		ATG	FF955_08605|CP040691_1779010_1780323_+1_ATG_437
CP040691	1781480	TGA	FF955_08610	1780320	1161	CDS		ATG	FF955_08610|CP040691_1780320_1781480_+3_ATG_386
CP040691	1782157	TGA	FF955_08615	1781477	681	CDS		TTG	FF955_08615|CP040691_1781477_1782157_+2_TTG_226
CP040691	1782666	TGA	FF955_08620	1782157	510	CDS		ATG	FF955_08620|CP040691_1782157_1782666_+1_ATG_169
CP040691	1782850	TAG	FF955_08625	1782644	207	CDS		GTG	FF955_08625|CP040691_1782644_1782850_+2_GTG_68
CP040691	1785704	TAA	FF955_08640	1784655	1050	CDS		GTG	FF955_08640|CP040691_1784655_1785704_+3_GTG_349
CP040691	1785944	TGA	FF955_08645	1785705	240	CDS		ATG	FF955_08645|CP040691_1785705_1785944_+3_ATG_79
CP040691	1786606	TAG	FF955_08650	1785941	666	CDS		GTG	FF955_08650|CP040691_1785941_1786606_+2_GTG_221
CP040691	1790176	TGA	FF955_08665	1789127	1050	CDS		ATG	FF955_08665|CP040691_1789127_1790176_+2_ATG_349
CP040691	1791759	TGA	FF955_08670	1790176	1584	CDS		ATG	FF955_08670|CP040691_1790176_1791759_+1_ATG_527
CP040691	1792616	TAG	FF955_08675	1791759	858	CDS		ATG	FF955_08675|CP040691_1791759_1792616_+3_ATG_285
CP040691	1793423	TGA	FF955_08680	1792665	759	CDS		GTG	FF955_08680|CP040691_1792665_1793423_+3_GTG_252
CP040691	1795270	TGA	FF955_08690	1793954	1317	CDS		GTG	FF955_08690|CP040691_1793954_1795270_+2_GTG_438
CP040691	1796409	TGA	FF955_08695	1795267	1143	CDS		ATG	FF955_08695|CP040691_1795267_1796409_+1_ATG_380
CP040691	1797038	TGA	FF955_08700	1796406	633	CDS		ATG	FF955_08700|CP040691_1796406_1797038_+3_ATG_210
CP040691	1797655	TAA	FF955_08705	1797035	621	CDS		GTG	FF955_08705|CP040691_1797035_1797655_+2_GTG_206
CP040691	1798402	TAG	FF955_08710	1797665	738	CDS		GTG	FF955_08710|CP040691_1797665_1798402_+2_GTG_245
CP040691	1799222	TGA	FF955_08715	1798410	813	CDS		ATG	FF955_08715|CP040691_1798410_1799222_+3_ATG_270
CP040691	1800027	TGA	FF955_08720	1799224	804	CDS		ATG	FF955_08720|CP040691_1799224_1800027_+1_ATG_267
CP040691	1800371	TAA	FF955_08725	1800024	348	CDS		ATG	FF955_08725|CP040691_1800024_1800371_+3_ATG_115
CP040691	1801634	TGA	FF955_08730	1800552	1083	CDS		ATG	FF955_08730|CP040691_1800552_1801634_+3_ATG_360
CP040691	1803824	TAA	FF955_08740	1802274	1551	CDS		GTG	FF955_08740|CP040691_1802274_1803824_+3_GTG_516
CP040691	1804521	TGA	FF955_08745	1803814	708	CDS		GTG	FF955_08745|CP040691_1803814_1804521_+1_GTG_235
CP040691	1805429	TAG	FF955_08750	1804611	819	CDS		ATG	FF955_08750|CP040691_1804611_1805429_+3_ATG_272
CP040691	1806730	TGA	FF955_08755	1805498	1233	CDS		ATG	FF955_08755|CP040691_1805498_1806730_+2_ATG_410
CP040691	1807542	TGA	FF955_08760	1806730	813	CDS		ATG	FF955_08760|CP040691_1806730_1807542_+1_ATG_270
CP040691	1808948	TGA	FF955_08765	1807542	1407	CDS		ATG	FF955_08765|CP040691_1807542_1808948_+3_ATG_468
CP040691	1809498	CAG	FF955_08770	1809277	222	CDS	true	ATG	FF955_08770_p|CP040691_1809277_1809498_+1_ATG_74
CP040691	1810064	TAG	FF955_08775	1809624	441	CDS		ATG	FF955_08775|CP040691_1809624_1810064_+3_ATG_146
CP040691	1810452	TAG	FF955_08780	1810054	399	CDS		ATG	FF955_08780|CP040691_1810054_1810452_+1_ATG_132
CP040691	1811978	TAG	FF955_08785	1810560	1419	CDS		GTG	FF955_08785|CP040691_1810560_1811978_+3_GTG_472
CP040691	1812888	TAG	FF955_08790	1811986	903	CDS		GTG	FF955_08790|CP040691_1811986_1812888_+1_GTG_300
CP040691	1814400	TGA	FF955_08795	1812946	1455	CDS		ATG	FF955_08795|CP040691_1812946_1814400_+1_ATG_484
CP040691	1823168	TGA	FF955_08835	1822551	618	CDS		ATG	FF955_08835|CP040691_1822551_1823168_+3_ATG_205
CP040691	1827750	TGA	FF955_08850	1825036	2715	CDS		GTG	FF955_08850|CP040691_1825036_1827750_+1_GTG_904
CP040691	1829358	TGA	FF955_08855	1827913	1446	CDS		ATG	FF955_08855|CP040691_1827913_1829358_+1_ATG_481
CP040691	1830607	TGA	FF955_08860	1829384	1224	CDS		ATG	FF955_08860|CP040691_1829384_1830607_+2_ATG_407
CP040691	1830762	ATG	FF955_08865	1830643	120	CDS	true	ATC	FF955_08865_p|CP040691_1830643_1830762_+1_ATC_40
CP040691	1831372	TAG	FF955_08875	1831172	201	CDS		ATG	FF955_08875|CP040691_1831172_1831372_+2_ATG_66
CP040691	1833542	TGA	FF955_08880	1831446	2097	CDS		GTG	FF955_08880|CP040691_1831446_1833542_+3_GTG_698
CP040691	1834954	TGA	FF955_08885	1833539	1416	CDS		GTG	FF955_08885|CP040691_1833539_1834954_+2_GTG_471
CP040691	1836799	TAG	FF955_08895	1836539	261	CDS		ATG	FF955_08895|CP040691_1836539_1836799_+2_ATG_86
CP040691	1837262	TAG	FF955_08900	1836822	441	CDS		ATG	FF955_08900|CP040691_1836822_1837262_+3_ATG_146
CP040691	1841030	TGA	FF955_08910	1838112	2919	CDS		GTG	FF955_08910|CP040691_1838112_1841030_+3_GTG_972
CP040691	1847249	TAG	FF955_08930	1846644	606	CDS		ATC	FF955_08930|CP040691_1846644_1847249_+3_ATC_201
CP040691	1847493	TGA	FF955_08935	1847299	195	CDS		ATG	FF955_08935|CP040691_1847299_1847493_+1_ATG_64
CP040691	1847944	TGA	FF955_08940	1847555	390	CDS		ATG	FF955_08940|CP040691_1847555_1847944_+2_ATG_129
CP040691	1848759	TGA	FF955_08945	1847977	783	CDS		GTG	FF955_08945|CP040691_1847977_1848759_+1_GTG_260
CP040691	1851067	TAA	FF955_08955	1850135	933	CDS		ATG	FF955_08955|CP040691_1850135_1851067_+2_ATG_310
CP040691	1852095	TAG	FF955_08960	1851145	951	CDS		TTG	FF955_08960|CP040691_1851145_1852095_+1_TTG_316
CP040691	1852908	TGA	FF955_08965	1852102	807	CDS		ATG	FF955_08965|CP040691_1852102_1852908_+1_ATG_268
CP040691	1854129	TGA	FF955_08970	1853104	1026	CDS		ATG	FF955_08970|CP040691_1853104_1854129_+1_ATG_341
CP040691	1856624	TGA	FF955_08975	1854129	2496	CDS		ATG	FF955_08975|CP040691_1854129_1856624_+3_ATG_831
CP040691	1861026	TGA	FF955_08985	1859968	1059	CDS		ATG	FF955_08985|CP040691_1859968_1861026_+1_ATG_352
CP040691	1862237	TGA	FF955_08990	1861023	1215	CDS		GTG	FF955_08990|CP040691_1861023_1862237_+3_GTG_404
CP040691	1863118	TGA	FF955_08995	1862234	885	CDS		ATG	FF955_08995|CP040691_1862234_1863118_+2_ATG_294
CP040691	1864317	TGA	FF955_09000	1863115	1203	CDS		ATG	FF955_09000|CP040691_1863115_1864317_+1_ATG_400
CP040691	1865237	TGA	FF955_09005	1864314	924	CDS		GTG	FF955_09005|CP040691_1864314_1865237_+3_GTG_307
CP040691	1865746	TAA	FF955_09010	1865234	513	CDS		ATG	FF955_09010|CP040691_1865234_1865746_+2_ATG_170
CP040691	1866951	TGA	FF955_09015	1865755	1197	CDS		ATG	FF955_09015|CP040691_1865755_1866951_+1_ATG_398
CP040691	1868443	TGA	FF955_09020	1867031	1413	CDS		GTG	FF955_09020|CP040691_1867031_1868443_+2_GTG_470
CP040691	1869613	TGA	FF955_09025	1868552	1062	CDS		GTG	FF955_09025|CP040691_1868552_1869613_+2_GTG_353
CP040691	1876076	TAA	FF955_09030	1869696	6381	CDS		ATG	FF955_09030|CP040691_1869696_1876076_+3_ATG_2126
CP040691	1880904	TGA	FF955_09035	1876096	4809	CDS		ATG	FF955_09035|CP040691_1876096_1880904_+1_ATG_1602
CP040691	1882412	TAG	FF955_09040	1880904	1509	CDS		ATG	FF955_09040|CP040691_1880904_1882412_+3_ATG_502
CP040691	1885471	TGA	FF955_09045	1882418	3054	CDS		GTG	FF955_09045|CP040691_1882418_1885471_+2_GTG_1017
CP040691	1886679	TGA	FF955_09050	1885618	1062	CDS		ATG	FF955_09050|CP040691_1885618_1886679_+1_ATG_353
CP040691	1890489	TGA	FF955_09065	1890127	363	CDS		ATG	FF955_09065|CP040691_1890127_1890489_+1_ATG_120
CP040691	1890869	TAG	FF955_09070	1890522	348	CDS		ATG	FF955_09070|CP040691_1890522_1890869_+3_ATG_115
CP040691	1891269	TAG	FF955_09075	1890877	393	CDS		ATG	FF955_09075|CP040691_1890877_1891269_+1_ATG_130
CP040691	1896153	TGA	FF955_09100	1895449	705	CDS		TTG	FF955_09100|CP040691_1895449_1896153_+1_TTG_234
CP040691	1896698	TGA	FF955_09105	1896150	549	CDS		GTG	FF955_09105|CP040691_1896150_1896698_+3_GTG_182
CP040691	1897701	TGA	FF955_09110	1896799	903	CDS		ATG	FF955_09110|CP040691_1896799_1897701_+1_ATG_300
CP040691	1898822	TAG	FF955_09115	1897701	1122	CDS		ATG	FF955_09115|CP040691_1897701_1898822_+3_ATG_373
CP040691	1899655	TGA	FF955_09120	1898831	825	CDS		ATG	FF955_09120|CP040691_1898831_1899655_+2_ATG_274
CP040691	1900644	TAG	FF955_09125	1899652	993	CDS		GTG	FF955_09125|CP040691_1899652_1900644_+1_GTG_330
CP040691	1901722	TAG	FF955_09130	1900805	918	CDS		GTG	FF955_09130|CP040691_1900805_1901722_+2_GTG_305
CP040691	1904995	TGA	FF955_09135	1901996	3000	CDS		GTG	FF955_09135|CP040691_1901996_1904995_+2_GTG_999
CP040691	1905212	TGA	FF955_09140	1904988	225	CDS		ATG	FF955_09140|CP040691_1904988_1905212_+3_ATG_74
CP040691	1907992	TAG	FF955_09160	1907381	612	CDS		ATG	FF955_09160|CP040691_1907381_1907992_+2_ATG_203
CP040691	1909278	TGA	FF955_09165	1908004	1275	CDS		ATG	FF955_09165|CP040691_1908004_1909278_+1_ATG_424
CP040691	1910312	TGA	FF955_09170	1909929	384	CDS		ATG	FF955_09170|CP040691_1909929_1910312_+3_ATG_127
CP040691	1911103	TGA	FF955_09175	1910351	753	CDS		GTG	FF955_09175|CP040691_1910351_1911103_+2_GTG_250
CP040691	1912161	TGA	FF955_09180	1911100	1062	CDS		ATG	FF955_09180|CP040691_1911100_1912161_+1_ATG_353
CP040691	1912334	TGA	FF955_09185	1912158	177	CDS		ATG	FF955_09185|CP040691_1912158_1912334_+3_ATG_58
CP040691	1913148	TAG	FF955_09190	1912342	807	CDS		GTG	FF955_09190|CP040691_1912342_1913148_+1_GTG_268
CP040691	1914071	TAG	FF955_09195	1913148	924	CDS		GTG	FF955_09195|CP040691_1913148_1914071_+3_GTG_307
CP040691	1915848	TAG	FF955_09200	1914085	1764	CDS		GTG	FF955_09200|CP040691_1914085_1915848_+1_GTG_587
CP040691	1917125	TAG	FF955_09205	1915944	1182	CDS		ATG	FF955_09205|CP040691_1915944_1917125_+3_ATG_393
CP040691	1918091	TAG	FF955_09210	1917147	945	CDS		ATG	FF955_09210|CP040691_1917147_1918091_+3_ATG_314
CP040691	1919991	TGA	FF955_09215	1918231	1761	CDS		GTG	FF955_09215|CP040691_1918231_1919991_+1_GTG_586
CP040691	1920607	TGA	FF955_09220	1919984	624	CDS		GTG	FF955_09220|CP040691_1919984_1920607_+2_GTG_207
CP040691	1921539	TAA	FF955_09225	1920604	936	CDS		ATG	FF955_09225|CP040691_1920604_1921539_+1_ATG_311
CP040691	1930744	TGA	FF955_09260	1929284	1461	CDS		GTG	FF955_09260|CP040691_1929284_1930744_+2_GTG_486
CP040691	1931718	TGA	FF955_09265	1930762	957	CDS		TTG	FF955_09265|CP040691_1930762_1931718_+1_TTG_318
CP040691	1932551	TGA	FF955_09270	1931715	837	CDS		GTG	FF955_09270|CP040691_1931715_1932551_+3_GTG_278
CP040691	1933243	TGA	FF955_09275	1932548	696	CDS		GTG	FF955_09275|CP040691_1932548_1933243_+2_GTG_231
CP040691	1934004	TGA	FF955_09280	1933240	765	CDS		TTG	FF955_09280|CP040691_1933240_1934004_+1_TTG_254
CP040691	1934693	TGA	FF955_09285	1934001	693	CDS		GTG	FF955_09285|CP040691_1934001_1934693_+3_GTG_230
CP040691	1936081	TGA	FF955_09290	1934690	1392	CDS		GTG	FF955_09290|CP040691_1934690_1936081_+2_GTG_463
CP040691	1937067	TGA	FF955_09295	1936255	813	CDS		GTG	FF955_09295|CP040691_1936255_1937067_+1_GTG_270
CP040691	1937975	TAG	FF955_09300	1937061	915	CDS		ATG	FF955_09300|CP040691_1937061_1937975_+3_ATG_304
CP040691	1938808	TGA	FF955_09305	1937978	831	CDS		ATG	FF955_09305|CP040691_1937978_1938808_+2_ATG_276
CP040691	1939158	TGA	FF955_09310	1938808	351	CDS		ATG	FF955_09310|CP040691_1938808_1939158_+1_ATG_116
CP040691	1940029	TGA	FF955_09315	1939211	819	CDS		ATG	FF955_09315|CP040691_1939211_1940029_+2_ATG_272
CP040691	1940822	TGA	FF955_09320	1940043	780	CDS		GTG	FF955_09320|CP040691_1940043_1940822_+3_GTG_259
CP040691	1943747	TGA	FF955_09340	1942263	1485	CDS		GTG	FF955_09340|CP040691_1942263_1943747_+3_GTG_494
CP040691	1944991	TAA	FF955_09345	1943744	1248	CDS		GTG	FF955_09345|CP040691_1943744_1944991_+2_GTG_415
CP040691	1947639	TGA	FF955_09360	1946254	1386	CDS		ATG	FF955_09360|CP040691_1946254_1947639_+1_ATG_461
CP040691	1948241	TGA	FF955_09365	1947672	570	CDS		ATG	FF955_09365|CP040691_1947672_1948241_+3_ATG_189
CP040691	1953841	TGA	FF955_09390	1952285	1557	CDS		ATG	FF955_09390|CP040691_1952285_1953841_+2_ATG_518
CP040691	1955966	TGA	FF955_09410	1955766	201	CDS		GTG	FF955_09410|CP040691_1955766_1955966_+3_GTG_66
CP040691	1960549	TGA	FF955_09435	1960265	285	CDS		ATG	FF955_09435|CP040691_1960265_1960549_+2_ATG_94
CP040691	1962525	TGA	FF955_09445	1962313	213	CDS		ATG	FF955_09445|CP040691_1962313_1962525_+1_ATG_70
CP040691	1962773	TGA	FF955_09450	1962525	249	CDS		ATG	FF955_09450|CP040691_1962525_1962773_+3_ATG_82
CP040691	1963518	TAG	FF955_09455	1962781	738	CDS		ATG	FF955_09455|CP040691_1962781_1963518_+1_ATG_245
CP040691	1965312	TAG	FF955_09460	1963612	1701	CDS		ATG	FF955_09460|CP040691_1963612_1965312_+1_ATG_566
CP040691	1968176	TGA	FF955_09475	1966746	1431	CDS		ATG	FF955_09475|CP040691_1966746_1968176_+3_ATG_476
CP040691	1970835	TAG	FF955_09480	1968238	2598	CDS		GTG	FF955_09480|CP040691_1968238_1970835_+1_GTG_865
CP040691	1971939	TAA	FF955_09485	1971208	732	CDS		TTG	FF955_09485|CP040691_1971208_1971939_+1_TTG_243
CP040691	1975611	TGA	FF955_09500	1974229	1383	CDS		ATG	FF955_09500|CP040691_1974229_1975611_+1_ATG_460
CP040691	1976187	TGA	FF955_09505	1975738	450	CDS		ATG	FF955_09505|CP040691_1975738_1976187_+1_ATG_149
CP040691	1984054	TGA	FF955_09540	1983785	270	CDS		GTG	FF955_09540|CP040691_1983785_1984054_+2_GTG_89
CP040691	1984481	TAG	FF955_09545	1984122	360	CDS		ATG	FF955_09545|CP040691_1984122_1984481_+3_ATG_119
CP040691	1986518	TGA	FF955_09550	1984662	1857	CDS		ATG	FF955_09550|CP040691_1984662_1986518_+3_ATG_618
CP040691	1987918	TAA	FF955_09555	1986674	1245	CDS		GTG	FF955_09555|CP040691_1986674_1987918_+2_GTG_414
CP040691	1989212	TGA	FF955_09560	1987926	1287	CDS		ATG	FF955_09560|CP040691_1987926_1989212_+3_ATG_428
CP040691	1990495	TGA	FF955_09565	1989209	1287	CDS		ATG	FF955_09565|CP040691_1989209_1990495_+2_ATG_428
CP040691	1990995	TAA	FF955_09570	1990684	312	CDS		TTG	FF955_09570|CP040691_1990684_1990995_+1_TTG_103
CP040691	1993220	TGA	FF955_09580	1991880	1341	CDS		ATG	FF955_09580|CP040691_1991880_1993220_+3_ATG_446
CP040691	1994037	TGA	FF955_09585	1993351	687	CDS		ATG	FF955_09585|CP040691_1993351_1994037_+1_ATG_228
CP040691	1996007	TAG	FF955_09595	1994703	1305	CDS		GTG	FF955_09595|CP040691_1994703_1996007_+3_GTG_434
CP040691	1999309	TAG	FF955_09610	1998746	564	CDS		ATG	FF955_09610|CP040691_1998746_1999309_+2_ATG_187
CP040691	2003307	TGA	FF955_09620	2001787	1521	CDS		GTG	FF955_09620|CP040691_2001787_2003307_+1_GTG_506
CP040691	2007479	TAG	FF955_09625	2003304	4176	CDS		ATG	FF955_09625|CP040691_2003304_2007479_+3_ATG_1391
CP040691	2009078	TGA	FF955_09635	2008875	204	CDS		GTG	FF955_09635|CP040691_2008875_2009078_+3_GTG_67
CP040691	2010445	TAA	FF955_09640	2009348	1098	CDS		TTG	FF955_09640|CP040691_2009348_2010445_+2_TTG_365
CP040691	2010823	TAG	FF955_09645	2010524	300	CDS		ATG	FF955_09645|CP040691_2010524_2010823_+2_ATG_99
CP040691	2012018	TAG	FF955_09650	2010837	1182	CDS		ATG	FF955_09650|CP040691_2010837_2012018_+3_ATG_393
CP040691	2012360	TAG	FF955_09655	2012058	303	CDS		GTG	FF955_09655|CP040691_2012058_2012360_+3_GTG_100
CP040691	2013524	TAG	FF955_09660	2012472	1053	CDS		ATG	FF955_09660|CP040691_2012472_2013524_+3_ATG_350
CP040691	2014250	TGA	FF955_09665	2013951	300	CDS		ATG	FF955_09665|CP040691_2013951_2014250_+3_ATG_99
CP040691	2014690	TAG	FF955_09670	2014394	297	CDS	true	ATG	FF955_09670_p|CP040691_2014394_2014690_+2_ATG_98
CP040691	2015025	TAA	FF955_09675	2014741	285	CDS		ATG	FF955_09675|CP040691_2014741_2015025_+1_ATG_94
CP040691	2016015	TGA	FF955_09680	2015113	903	CDS		ATG	FF955_09680|CP040691_2015113_2016015_+1_ATG_300
CP040691	2017798	TAG	FF955_09685	2016287	1512	CDS		ATG	FF955_09685|CP040691_2016287_2017798_+2_ATG_503
CP040691	2019533	TGA	FF955_09690	2017776	1758	CDS		ATG	FF955_09690|CP040691_2017776_2019533_+3_ATG_585
CP040691	2020750	TGA	FF955_09695	2019530	1221	CDS		ATG	FF955_09695|CP040691_2019530_2020750_+2_ATG_406
CP040691	2022579	TAG	FF955_09700	2020747	1833	CDS		ATG	FF955_09700|CP040691_2020747_2022579_+1_ATG_610
CP040691	2023397	TGA	FF955_09705	2023206	192	CDS		ATG	FF955_09705|CP040691_2023206_2023397_+3_ATG_63
CP040691	2025467	TGA	FF955_09710	2023500	1968	CDS		ATG	FF955_09710|CP040691_2023500_2025467_+3_ATG_655
CP040691	2027319	TAG	FF955_09720	2026048	1272	CDS		ATG	FF955_09720|CP040691_2026048_2027319_+1_ATG_423
CP040691	2028822	TAG	FF955_09725	2027431	1392	CDS		ATG	FF955_09725|CP040691_2027431_2028822_+1_ATG_463
CP040691	2032418	TAA	FF955_09745	2032119	300	CDS		ATG	FF955_09745|CP040691_2032119_2032418_+3_ATG_99
CP040691	2033644	TGA	FF955_09750	2032433	1212	CDS		ATG	FF955_09750|CP040691_2032433_2033644_+2_ATG_403
CP040691	2035197	TGA	FF955_09755	2033968	1230	CDS		TTG	FF955_09755|CP040691_2033968_2035197_+1_TTG_409
CP040691	2036735	TGA	FF955_09760	2035329	1407	CDS		ATG	FF955_09760|CP040691_2035329_2036735_+3_ATG_468
CP040691	2037336	TAG	FF955_09765	2036980	357	CDS		ATG	FF955_09765|CP040691_2036980_2037336_+1_ATG_118
CP040691	2038194	TGA	FF955_09770	2037490	705	CDS		ATG	FF955_09770|CP040691_2037490_2038194_+1_ATG_234
CP040691	2041470	TAA	FF955_09785	2040568	903	CDS		ATG	FF955_09785|CP040691_2040568_2041470_+1_ATG_300
CP040691	2042240	TAG	FF955_09790	2041575	666	CDS		GTG	FF955_09790|CP040691_2041575_2042240_+3_GTG_221
CP040691	2043007	TGA	FF955_09795	2042303	705	CDS		TTG	FF955_09795|CP040691_2042303_2043007_+2_TTG_234
CP040691	2043397	TTT	FF955_09800	2043146	252	CDS	true	ATC	FF955_09800_p|CP040691_2043146_2043397_+2_ATC_84
CP040691	2043568	TGA	FF955_09805	2043494	75	CDS	true	CGC	FF955_09805_p|CP040691_2043494_2043568_+2_CGC_24
CP040691	2045105	TAA	FF955_09810	2043642	1464	CDS		ATG	FF955_09810|CP040691_2043642_2045105_+3_ATG_487
CP040691	2050498	TGA	FF955_09825	2048855	1644	CDS		ATG	FF955_09825|CP040691_2048855_2050498_+2_ATG_547
CP040691	2052939	TGA	FF955_09830	2050513	2427	CDS		GTG	FF955_09830|CP040691_2050513_2052939_+1_GTG_808
CP040691	2053765	TGA	FF955_09835	2053136	630	CDS		ATG	FF955_09835|CP040691_2053136_2053765_+2_ATG_209
CP040691	2054681	TAG	FF955_09840	2053758	924	CDS		GTG	FF955_09840|CP040691_2053758_2054681_+3_GTG_307
CP040691	2055075	TGA	FF955_09845	2054743	333	CDS		ATG	FF955_09845|CP040691_2054743_2055075_+1_ATG_110
CP040691	2055970	TGA	FF955_09850	2055092	879	CDS		GTG	FF955_09850|CP040691_2055092_2055970_+2_GTG_292
CP040691	2056412	TGA	FF955_09855	2056008	405	CDS		GTG	FF955_09855|CP040691_2056008_2056412_+3_GTG_134
CP040691	2057140	TGA	FF955_09860	2056652	489	CDS		GTG	FF955_09860|CP040691_2056652_2057140_+2_GTG_162
CP040691	2057880	TGA	FF955_09865	2057137	744	CDS		GTG	FF955_09865|CP040691_2057137_2057880_+1_GTG_247
CP040691	2058493	TAG	FF955_09870	2057999	495	CDS		ATG	FF955_09870|CP040691_2057999_2058493_+2_ATG_164
CP040691	2059518	TAG	FF955_09875	2058841	678	CDS		GTG	FF955_09875|CP040691_2058841_2059518_+1_GTG_225
CP040691	2062702	TAA	FF955_09880	2059877	2826	CDS		GTG	FF955_09880|CP040691_2059877_2062702_+2_GTG_941
CP040691	2064696	TAG	FF955_09890	2063830	867	CDS		GTG	FF955_09890|CP040691_2063830_2064696_+1_GTG_288
CP040691	2068759	TAG	FF955_09905	2068559	201	CDS		GTG	FF955_09905|CP040691_2068559_2068759_+2_GTG_66
CP040691	2081293	TAA	FF955_09960	2080871	423	CDS		GTG	FF955_09960|CP040691_2080871_2081293_+2_GTG_140
CP040691	2081644	TGA	FF955_09965	2081342	303	CDS		ATG	FF955_09965|CP040691_2081342_2081644_+2_ATG_100
CP040691	2081955	TGA	FF955_09970	2081641	315	CDS		ATG	FF955_09970|CP040691_2081641_2081955_+1_ATG_104
CP040691	2083688	TAA	FF955_09975	2081955	1734	CDS		ATG	FF955_09975|CP040691_2081955_2083688_+3_ATG_577
CP040691	2084323	TGA	FF955_09980	2083688	636	CDS		ATG	FF955_09980|CP040691_2083688_2084323_+2_ATG_211
CP040691	2085008	TAG	FF955_09985	2084334	675	CDS		ATG	FF955_09985|CP040691_2084334_2085008_+3_ATG_224
CP040691	2085642	TAA	FF955_09990	2085016	627	CDS		GTG	FF955_09990|CP040691_2085016_2085642_+1_GTG_208
CP040691	2089764	TGA	FF955_10010	2088979	786	CDS		GTG	FF955_10010|CP040691_2088979_2089764_+1_GTG_261
CP040691	2090561	TAG	FF955_10015	2089767	795	CDS		ATG	FF955_10015|CP040691_2089767_2090561_+3_ATG_264
CP040691	2091677	TGA	FF955_10020	2090568	1110	CDS		ATG	FF955_10020|CP040691_2090568_2091677_+3_ATG_369
CP040691	2092707	TGA	FF955_10025	2091730	978	CDS		ATG	FF955_10025|CP040691_2091730_2092707_+1_ATG_325
CP040691	2093464	TAG	FF955_10030	2093159	306	CDS		ATG	FF955_10030|CP040691_2093159_2093464_+2_ATG_101
CP040691	2094579	TGA	FF955_10035	2093539	1041	CDS		ATG	FF955_10035|CP040691_2093539_2094579_+1_ATG_346
CP040691	2099471	TAA	FF955_10055	2097057	2415	CDS		GTG	FF955_10055|CP040691_2097057_2099471_+3_GTG_804
CP040691	2101243	TAG	FF955_10065	2099759	1485	CDS		ATG	FF955_10065|CP040691_2099759_2101243_+2_ATG_494
CP040691	2103441	TAG	FF955_10070	2101342	2100	CDS		GTG	FF955_10070|CP040691_2101342_2103441_+1_GTG_699
CP040691	2107606	TAG	FF955_10095	2107169	438	CDS		ATG	FF955_10095|CP040691_2107169_2107606_+2_ATG_145
CP040691	2108365	TGA	FF955_10100	2107679	687	CDS		GTG	FF955_10100|CP040691_2107679_2108365_+2_GTG_228
CP040691	2108819	TGA	FF955_10105	2108376	444	CDS		ATG	FF955_10105|CP040691_2108376_2108819_+3_ATG_147
CP040691	2109814	TGA	FF955_10120	2109335	480	CDS		ATG	FF955_10120|CP040691_2109335_2109814_+2_ATG_159
CP040691	2111962	TAG	FF955_10125	2109899	2064	CDS		ATG	FF955_10125|CP040691_2109899_2111962_+2_ATG_687
CP040691	2113369	TAA	FF955_10130	2112017	1353	CDS		ATG	FF955_10130|CP040691_2112017_2113369_+2_ATG_450
CP040691	2114508	TAG	FF955_10135	2113372	1137	CDS		ATG	FF955_10135|CP040691_2113372_2114508_+1_ATG_378
CP040691	2120127	TAG	FF955_10175	2119945	183	CDS		ATG	FF955_10175|CP040691_2119945_2120127_+1_ATG_60
CP040691	2121410	TAG	FF955_10180	2120268	1143	CDS		TTG	FF955_10180|CP040691_2120268_2121410_+3_TTG_380
CP040691	2122518	TGA	FF955_10190	2122339	180	CDS		GTG	FF955_10190|CP040691_2122339_2122518_+1_GTG_59
CP040691	2124168	TAA	FF955_10210	2123761	408	CDS		ATG	FF955_10210|CP040691_2123761_2124168_+1_ATG_135
CP040691	2124496	TAG	FF955_10215	2124185	312	CDS		ATG	FF955_10215|CP040691_2124185_2124496_+2_ATG_103
CP040691	2124724	TAG	FF955_10220	2124506	219	CDS		ATG	FF955_10220|CP040691_2124506_2124724_+2_ATG_72
CP040691	2126553	TAG	FF955_10230	2126248	306	CDS		GTG	FF955_10230|CP040691_2126248_2126553_+1_GTG_101
CP040691	2127563	CCT	FF955_10235	2126541	1023	CDS	true	ATG	FF955_10235_p|CP040691_2126541_2127563_+3_ATG_341
CP040691	2129268	TAG	FF955_10250	2128960	309	CDS		GTG	FF955_10250|CP040691_2128960_2129268_+1_GTG_102
CP040691	2133019	TAG	FF955_10265	2131727	1293	CDS		ATG	FF955_10265|CP040691_2131727_2133019_+2_ATG_430
CP040691	2134833	TAG	FF955_10275	2134429	405	CDS		ATG	FF955_10275|CP040691_2134429_2134833_+1_ATG_134
CP040691	2135450	TGA	FF955_10280	2135019	432	CDS		ATG	FF955_10280|CP040691_2135019_2135450_+3_ATG_143
CP040691	2143994	TGA	FF955_10325	2143242	753	CDS		GTG	FF955_10325|CP040691_2143242_2143994_+3_GTG_250
CP040691	2146814	TAG	FF955_10335	2144514	2301	CDS		ATG	FF955_10335|CP040691_2144514_2146814_+3_ATG_766
CP040691	2159174	TAA	FF955_10365	2158311	864	CDS		GTG	FF955_10365|CP040691_2158311_2159174_+3_GTG_287
CP040691	2161870	TAG	FF955_10375	2160755	1116	CDS		ATG	FF955_10375|CP040691_2160755_2161870_+2_ATG_371
CP040691	2163201	TAA	FF955_10380	2161861	1341	CDS		TTG	FF955_10380|CP040691_2161861_2163201_+1_TTG_446
CP040691	2165637	TAG	FF955_10390	2163775	1863	CDS		ATG	FF955_10390|CP040691_2163775_2165637_+1_ATG_620
CP040691	2167134	TGA	FF955_10400	2166361	774	CDS		GTG	FF955_10400|CP040691_2166361_2167134_+1_GTG_257
CP040691	2170557	TAG	FF955_10425	2170060	498	CDS		ATG	FF955_10425|CP040691_2170060_2170557_+1_ATG_165
CP040691	2175181	TAG	FF955_10450	2174072	1110	CDS		ATG	FF955_10450|CP040691_2174072_2175181_+2_ATG_369
CP040691	2177703	TAG	FF955_10455	2175184	2520	CDS		ATG	FF955_10455|CP040691_2175184_2177703_+1_ATG_839
CP040691	2178785	TGA	FF955_10460	2177715	1071	CDS		GTG	FF955_10460|CP040691_2177715_2178785_+3_GTG_356
CP040691	2179297	TGA	FF955_10465	2178782	516	CDS		GTG	FF955_10465|CP040691_2178782_2179297_+2_GTG_171
CP040691	2180355	TGA	FF955_10470	2179294	1062	CDS		ATG	FF955_10470|CP040691_2179294_2180355_+1_ATG_353
CP040691	2181122	TGA	FF955_10475	2180352	771	CDS		TTG	FF955_10475|CP040691_2180352_2181122_+3_TTG_256
CP040691	2184041	TGA	FF955_10495	2182677	1365	CDS		ATG	FF955_10495|CP040691_2182677_2184041_+3_ATG_454
CP040691	2185113	TAG	FF955_10505	2184712	402	CDS		GTG	FF955_10505|CP040691_2184712_2185113_+1_GTG_133
CP040691	2187629	TGA	FF955_10535	2187414	216	CDS		GTG	FF955_10535|CP040691_2187414_2187629_+3_GTG_71
CP040691	2187937	TAG	FF955_10540	2187626	312	CDS		GTG	FF955_10540|CP040691_2187626_2187937_+2_GTG_103
CP040691	2188267	TGA	FF955_10545	2187965	303	CDS		ATG	FF955_10545|CP040691_2187965_2188267_+2_ATG_100
CP040691	2188784	TGA	FF955_10550	2188272	513	CDS		GTG	FF955_10550|CP040691_2188272_2188784_+3_GTG_170
CP040691	2189275	TGA	FF955_10555	2188826	450	CDS		ATG	FF955_10555|CP040691_2188826_2189275_+2_ATG_149
CP040691	2189817	TGA	FF955_10560	2189272	546	CDS		ATG	FF955_10560|CP040691_2189272_2189817_+1_ATG_181
CP040691	2191394	TGA	FF955_10580	2190900	495	CDS		GTG	FF955_10580|CP040691_2190900_2191394_+3_GTG_164
CP040691	2193895	TGA	FF955_10600	2193638	258	CDS		GTG	FF955_10600|CP040691_2193638_2193895_+2_GTG_85
CP040691	2194395	TAA	FF955_10605	2194126	270	CDS		GTG	FF955_10605|CP040691_2194126_2194395_+1_GTG_89
CP040691	2195186	TGA	FF955_10610	2194389	798	CDS		ATG	FF955_10610|CP040691_2194389_2195186_+3_ATG_265
CP040691	2196011	TAG	FF955_10615	2195196	816	CDS		ATG	FF955_10615|CP040691_2195196_2196011_+3_ATG_271
CP040691	2197293	TGA	FF955_10620	2196016	1278	CDS		ATG	FF955_10620|CP040691_2196016_2197293_+1_ATG_425
CP040691	2198318	TGA	FF955_10625	2197290	1029	CDS	true	ATG	FF955_10625_p|CP040691_2197290_2198318_+3_ATG_342
CP040691	2199547	TGA	FF955_10630	2198315	1233	CDS		ATG	FF955_10630|CP040691_2198315_2199547_+2_ATG_410
CP040691	2200815	TGA	FF955_10635	2199544	1272	CDS		GTG	FF955_10635|CP040691_2199544_2200815_+1_GTG_423
CP040691	2201945	TAG	FF955_10640	2200812	1134	CDS		GTG	FF955_10640|CP040691_2200812_2201945_+3_GTG_377
CP040691	2203259	TGA	FF955_10645	2201946	1314	CDS		ATG	FF955_10645|CP040691_2201946_2203259_+3_ATG_437
CP040691	2203856	TGA	FF955_10650	2203281	576	CDS		ATG	FF955_10650|CP040691_2203281_2203856_+3_ATG_191
CP040691	2204335	TGA	FF955_10655	2203853	483	CDS		GTG	FF955_10655|CP040691_2203853_2204335_+2_GTG_160
CP040691	2204725	TGA	FF955_10660	2204348	378	CDS		GTG	FF955_10660|CP040691_2204348_2204725_+2_GTG_125
CP040691	2205406	TAG	FF955_10665	2204741	666	CDS		ATG	FF955_10665|CP040691_2204741_2205406_+2_ATG_221
CP040691	2208586	TGA	FF955_10690	2207837	750	CDS		GTG	FF955_10690|CP040691_2207837_2208586_+2_GTG_249
CP040691	2209329	TGA	FF955_10695	2208583	747	CDS		ATG	FF955_10695|CP040691_2208583_2209329_+1_ATG_248
CP040691	2210535	TGA	FF955_10710	2210329	207	CDS		GTG	FF955_10710|CP040691_2210329_2210535_+1_GTG_68
CP040691	2211984	TGA	FF955_10715	2210938	1047	CDS		ATG	FF955_10715|CP040691_2210938_2211984_+1_ATG_348
CP040691	2212940	TGA	FF955_10720	2212092	849	CDS		ATG	FF955_10720|CP040691_2212092_2212940_+3_ATG_282
CP040691	2219104	TGA	FF955_10750	2217428	1677	CDS		GTG	FF955_10750|CP040691_2217428_2219104_+2_GTG_558
CP040691	2220090	TAA	FF955_10760	2219860	231	CDS		ATG	FF955_10760|CP040691_2219860_2220090_+1_ATG_76
CP040691	2221794	TAG	FF955_10770	2221195	600	CDS		GTG	FF955_10770|CP040691_2221195_2221794_+1_GTG_199
CP040691	2222638	TAG	FF955_10775	2222210	429	CDS		ATG	FF955_10775|CP040691_2222210_2222638_+2_ATG_142
CP040691	2223403	TAA	FF955_10780	2222864	540	CDS		GTG	FF955_10780|CP040691_2222864_2223403_+2_GTG_179
CP040691	2223855	TAA	FF955_10785	2223583	273	CDS		ATG	FF955_10785|CP040691_2223583_2223855_+1_ATG_90
CP040691	2225164	TGA	FF955_10800	2224907	258	CDS		ATG	FF955_10800|CP040691_2224907_2225164_+2_ATG_85
CP040691	2230092	TAA	FF955_10835	2229325	768	CDS		GTG	FF955_10835|CP040691_2229325_2230092_+1_GTG_255
CP040691	2231141	TGA	FF955_10840	2230188	954	CDS		ATG	FF955_10840|CP040691_2230188_2231141_+3_ATG_317
CP040691	2234059	TGA	FF955_10845	2231343	2717	CDS	true	TTG	FF955_10845_p|CP040691_2231343_2234059_+3_TTG_905
CP040691	2238005	TAA	FF955_10860	2236392	1614	CDS		ATG	FF955_10860|CP040691_2236392_2238005_+3_ATG_537
CP040691	2238767	TAA	FF955_10865	2238015	753	CDS		GTG	FF955_10865|CP040691_2238015_2238767_+3_GTG_250
CP040691	2239625	TAA	FF955_10870	2238843	783	CDS		ATG	FF955_10870|CP040691_2238843_2239625_+3_ATG_260
CP040691	2247168	TGA	FF955_10890	2243185	3984	CDS		GTG	FF955_10890|CP040691_2243185_2247168_+1_GTG_1327
CP040691	2249455	TAG	FF955_10905	2249213	243	CDS		GTG	FF955_10905|CP040691_2249213_2249455_+2_GTG_80
CP040691	2249854	TGA	FF955_10910	2249456	399	CDS		ATG	FF955_10910|CP040691_2249456_2249854_+2_ATG_132
CP040691	2251003	TGA	FF955_10920	2250509	495	CDS		ATG	FF955_10920|CP040691_2250509_2251003_+2_ATG_164
CP040691	2251248	TGA	FF955_10925	2251000	249	CDS		TTG	FF955_10925|CP040691_2251000_2251248_+1_TTG_82
CP040691	2252327	TGA	FF955_10940	2251680	648	CDS		ATC	FF955_10940|CP040691_2251680_2252327_+3_ATC_215
CP040691	2252871	TGA	FF955_10945	2252281	591	CDS		GTG	FF955_10945|CP040691_2252281_2252871_+1_GTG_196
CP040691	2254612	TGA	FF955_10955	2254316	297	CDS		GTG	FF955_10955|CP040691_2254316_2254612_+2_GTG_98
CP040691	2254848	TGA	FF955_10960	2254573	276	CDS		ATG	FF955_10960|CP040691_2254573_2254848_+1_ATG_91
CP040691	2256542	TGA	FF955_10970	2256192	351	CDS		GTG	FF955_10970|CP040691_2256192_2256542_+3_GTG_116
CP040691	2257579	TGA	FF955_10975	2256539	1041	CDS		ATG	FF955_10975|CP040691_2256539_2257579_+2_ATG_346
CP040691	2258540	TGA	FF955_10980	2257821	720	CDS		ATG	FF955_10980|CP040691_2257821_2258540_+3_ATG_239
CP040691	2258946	TAG	FF955_10985	2258530	417	CDS		TTG	FF955_10985|CP040691_2258530_2258946_+1_TTG_138
CP040691	2277664	TAG	FF955_11070	2276669	996	CDS		ATG	FF955_11070|CP040691_2276669_2277664_+2_ATG_331
CP040691	2279157	TGA	FF955_11080	2278834	324	CDS		GTG	FF955_11080|CP040691_2278834_2279157_+1_GTG_107
CP040691	2279642	TGA	FF955_11085	2279154	489	CDS		ATG	FF955_11085|CP040691_2279154_2279642_+3_ATG_162
CP040691	2280280	TAA	FF955_11090	2279639	642	CDS		ATG	FF955_11090|CP040691_2279639_2280280_+2_ATG_213
CP040691	2289465	TGA	FF955_11140	2288809	657	CDS		ATG	FF955_11140|CP040691_2288809_2289465_+1_ATG_218
CP040691	2305696	TGA	FF955_11160	2305361	336	CDS		ATG	FF955_11160|CP040691_2305361_2305696_+2_ATG_111
CP040691	2311378	TAG	FF955_11180	2310665	714	CDS		ATG	FF955_11180|CP040691_2310665_2311378_+2_ATG_237
CP040691	2314249	TGA	FF955_11205	2312714	1536	CDS		GTG	FF955_11205|CP040691_2312714_2314249_+2_GTG_511
CP040691	2318604	TGA	FF955_11220	2318371	234	CDS		ATG	FF955_11220|CP040691_2318371_2318604_+1_ATG_77
CP040691	2319007	TGA	FF955_11225	2318597	411	CDS		TTG	FF955_11225|CP040691_2318597_2319007_+2_TTG_136
CP040691	2320082	TAG	FF955_11230	2318991	1092	CDS		GTG	FF955_11230|CP040691_2318991_2320082_+3_GTG_363
CP040691	2320718	TGA	FF955_11235	2320092	627	CDS		GTG	FF955_11235|CP040691_2320092_2320718_+3_GTG_208
CP040691	2322241	TGA	FF955_11240	2320715	1527	CDS		ATG	FF955_11240|CP040691_2320715_2322241_+2_ATG_508
CP040691	2325041	TAG	FF955_11255	2324484	558	CDS		ATG	FF955_11255|CP040691_2324484_2325041_+3_ATG_185
CP040691	2328946	TGA	FF955_11280	2328533	414	CDS		GTG	FF955_11280|CP040691_2328533_2328946_+2_GTG_137
CP040691	2332913	TAA	FF955_11305	2332599	315	CDS		GTG	FF955_11305|CP040691_2332599_2332913_+3_GTG_104
CP040691	2334721	TAA	FF955_11310	2332895	1827	CDS		ATG	FF955_11310|CP040691_2332895_2334721_+2_ATG_608
CP040691	2335409	TGA	FF955_11315	2334846	564	CDS		ATG	FF955_11315|CP040691_2334846_2335409_+3_ATG_187
CP040691	2336260	TGA	FF955_11325	2336069	192	CDS		ATG	FF955_11325|CP040691_2336069_2336260_+2_ATG_63
CP040691	2338415	TGA	FF955_11330	2336250	2166	CDS		GTG	FF955_11330|CP040691_2336250_2338415_+3_GTG_721
CP040691	2339356	TGA	FF955_11335	2338412	945	CDS		ATG	FF955_11335|CP040691_2338412_2339356_+2_ATG_314
CP040691	2340344	TAG	FF955_11340	2339349	996	CDS		GTG	FF955_11340|CP040691_2339349_2340344_+3_GTG_331
CP040691	2340496	TGA	FF955_11345	2340389	108	CDS		TTG	FF955_11345|CP040691_2340389_2340496_+2_TTG_35
CP040691	2341468	TAG	FF955_11350	2340863	606	CDS		GTG	FF955_11350|CP040691_2340863_2341468_+2_GTG_201
CP040691	2343732	TGA	FF955_11355	2341963	1770	CDS		GTG	FF955_11355|CP040691_2341963_2343732_+1_GTG_589
CP040691	2346106	TGA	FF955_11365	2344925	1182	CDS		ATG	FF955_11365|CP040691_2344925_2346106_+2_ATG_393
CP040691	2357659	TGA	FF955_11410	2356007	1653	CDS		ATG	FF955_11410|CP040691_2356007_2357659_+2_ATG_550
CP040691	2360899	TAG	FF955_11415	2357858	3042	CDS		ATG	FF955_11415|CP040691_2357858_2360899_+2_ATG_1013
CP040691	2361725	TGA	FF955_11420	2360892	834	CDS		GTG	FF955_11420|CP040691_2360892_2361725_+3_GTG_277
CP040691	2362999	TAG	FF955_11440	2362808	192	CDS		TTG	FF955_11440|CP040691_2362808_2362999_+2_TTG_63
CP040691	2364467	TGA	FF955_11445	2363206	1263	fCDS		ATG	FF955_11445_fCDS|CP040691_2363206_2364467_+1_ATG_420
CP040691	2365273	TAA	FF955_11450	2364977	297	CDS		ATG	FF955_11450|CP040691_2364977_2365273_+2_ATG_98
CP040691	2366060	TGA	FF955_11455	2365329	732	CDS		ATG	FF955_11455|CP040691_2365329_2366060_+3_ATG_243
CP040691	2370292	TAG	FF955_11480	2370056	237	CDS	true	CCG	FF955_11480_p|CP040691_2370056_2370292_+2_CCG_78
CP040691	2371497	TAG	FF955_11485	2370304	1194	CDS		ATG	FF955_11485|CP040691_2370304_2371497_+1_ATG_397
CP040691	2372131	TGA	FF955_11490	2371508	624	CDS		ATG	FF955_11490|CP040691_2371508_2372131_+2_ATG_207
CP040691	2374814	TGA	FF955_11500	2374245	570	CDS		ATG	FF955_11500|CP040691_2374245_2374814_+3_ATG_189
CP040691	2375115	TAA	FF955_11505	2374822	294	CDS		ATG	FF955_11505|CP040691_2374822_2375115_+1_ATG_97
CP040691	2376896	TAA	FF955_11515	2376060	837	CDS		ATG	FF955_11515|CP040691_2376060_2376896_+3_ATG_278
CP040691	2380165	TAA	FF955_11535	2378745	1421	CDS	true	GTG	FF955_11535_p|CP040691_2378745_2380165_+3_GTG_473
CP040691	2384844	TAG	FF955_11545	2383966	879	CDS		GTG	FF955_11545|CP040691_2383966_2384844_+1_GTG_292
CP040691	2387758	TGA	FF955_11555	2386289	1470	CDS		TTG	FF955_11555|CP040691_2386289_2387758_+2_TTG_489
CP040691	2387961	TGA	FF955_11560	2387758	204	CDS		ATG	FF955_11560|CP040691_2387758_2387961_+1_ATG_67
CP040691	2391314	TAA	FF955_11580	2391084	231	CDS		ATG	FF955_11580|CP040691_2391084_2391314_+3_ATG_76
CP040691	2396079	TGA	FF955_11610	2395003	1077	CDS		TTG	FF955_11610|CP040691_2395003_2396079_+1_TTG_358
CP040691	2396357	TGA	FF955_11615	2396076	282	CDS		ATG	FF955_11615|CP040691_2396076_2396357_+3_ATG_93
CP040691	2397466	TAA	FF955_11620	2396393	1074	CDS		ATG	FF955_11620|CP040691_2396393_2397466_+2_ATG_357
CP040691	2401824	TAA	FF955_11650	2400766	1059	CDS		ATG	FF955_11650|CP040691_2400766_2401824_+1_ATG_352
CP040691	2429289	TAA	FF955_11775	2428669	621	CDS		TTG	FF955_11775|CP040691_2428669_2429289_+1_TTG_206
CP040691	2430068	TAG	FF955_11780	2429385	684	CDS		GTG	FF955_11780|CP040691_2429385_2430068_+3_GTG_227
CP040691	2432339	TAA	FF955_11790	2431281	1059	CDS		TTG	FF955_11790|CP040691_2431281_2432339_+3_TTG_352
CP040691	2433893	TAG	FF955_11795	2432343	1551	CDS		ATG	FF955_11795|CP040691_2432343_2433893_+3_ATG_516
CP040691	2435574	TAA	FF955_11805	2434375	1200	CDS		GTG	FF955_11805|CP040691_2434375_2435574_+1_GTG_399
CP040691	2441019	TGA	FF955_11835	2439736	1284	CDS		ATG	FF955_11835|CP040691_2439736_2441019_+1_ATG_427
CP040691	2446396	TAG	FF955_11865	2444594	1803	CDS		GTG	FF955_11865|CP040691_2444594_2446396_+2_GTG_600
CP040691	2452190	TAA	FF955_11890	2450253	1938	CDS		GTG	FF955_11890|CP040691_2450253_2452190_+3_GTG_645
CP040691	2453946	TGA	FF955_11900	2453335	612	CDS		GTG	FF955_11900|CP040691_2453335_2453946_+1_GTG_203
CP040691	2454829	TGA	FF955_11905	2453987	843	CDS		TTG	FF955_11905|CP040691_2453987_2454829_+2_TTG_280
CP040691	2456115	TGA	FF955_11910	2454826	1290	CDS		ATG	FF955_11910|CP040691_2454826_2456115_+1_ATG_429
CP040691	2457761	TAG	FF955_11915	2456112	1650	CDS		ATG	FF955_11915|CP040691_2456112_2457761_+3_ATG_549
CP040691	2463332	TAA	FF955_11940	2461374	1959	CDS		GTG	FF955_11940|CP040691_2461374_2463332_+3_GTG_652
CP040691	2465300	TAG	FF955_11950	2464608	693	CDS		ATG	FF955_11950|CP040691_2464608_2465300_+3_ATG_230
CP040691	2467709	TAA	FF955_11965	2466999	711	CDS		GTG	FF955_11965|CP040691_2466999_2467709_+3_GTG_236
CP040691	2468873	TGA	FF955_11970	2467788	1086	CDS		ATG	FF955_11970|CP040691_2467788_2468873_+3_ATG_361
CP040691	2469619	TAG	FF955_11975	2468870	750	CDS		GTG	FF955_11975|CP040691_2468870_2469619_+2_GTG_249
CP040691	2471315	TAG	FF955_11980	2469777	1539	CDS		ATG	FF955_11980|CP040691_2469777_2471315_+3_ATG_512
CP040691	2474703	TAG	FF955_11995	2473567	1137	CDS		GTG	FF955_11995|CP040691_2473567_2474703_+1_GTG_378
CP040691	2476262	TAG	FF955_12000	2474715	1548	CDS		GTG	FF955_12000|CP040691_2474715_2476262_+3_GTG_515
CP040691	2480003	TGA	FF955_12010	2478342	1662	CDS		ATG	FF955_12010|CP040691_2478342_2480003_+3_ATG_553
CP040691	2480908	TAG	FF955_12015	2480003	906	CDS		ATG	FF955_12015|CP040691_2480003_2480908_+2_ATG_301
CP040691	2481653	TGA	FF955_12020	2480961	693	CDS		GTG	FF955_12020|CP040691_2480961_2481653_+3_GTG_230
CP040691	2482585	TAG	FF955_12025	2481650	936	CDS		ATG	FF955_12025|CP040691_2481650_2482585_+2_ATG_311
CP040691	2483364	TAA	FF955_12030	2482612	753	CDS		ATG	FF955_12030|CP040691_2482612_2483364_+1_ATG_250
CP040691	2485428	TAA	FF955_12040	2483992	1437	CDS		GTG	FF955_12040|CP040691_2483992_2485428_+1_GTG_478
CP040691	2494964	TGA	FF955_12070	2494119	846	CDS		ATG	FF955_12070|CP040691_2494119_2494964_+3_ATG_281
CP040691	2496750	TGA	FF955_12075	2495209	1542	CDS		ATG	FF955_12075|CP040691_2495209_2496750_+1_ATG_513
CP040691	2498009	TGA	FF955_12085	2497308	702	CDS		GTG	FF955_12085|CP040691_2497308_2498009_+3_GTG_233
CP040691	2503530	TGA	FF955_12120	2502655	876	CDS		GTG	FF955_12120|CP040691_2502655_2503530_+1_GTG_291
CP040691	2504014	TGA	FF955_12125	2503523	492	CDS		GTG	FF955_12125|CP040691_2503523_2504014_+2_GTG_163
CP040691	2504829	TAA	FF955_12130	2504014	816	CDS		ATG	FF955_12130|CP040691_2504014_2504829_+1_ATG_271
CP040691	2506633	TGA	FF955_12140	2505866	768	CDS		ATG	FF955_12140|CP040691_2505866_2506633_+2_ATG_255
CP040691	2511621	TAA	FF955_12170	2508829	2793	CDS		TTG	FF955_12170|CP040691_2508829_2511621_+1_TTG_930
CP040691	2512925	TGA	FF955_12175	2511681	1245	CDS		GTG	FF955_12175|CP040691_2511681_2512925_+3_GTG_414
CP040691	2514072	TAA	FF955_12180	2513164	909	CDS		GTG	FF955_12180|CP040691_2513164_2514072_+1_GTG_302
CP040691	2514495	TGA	FF955_12185	2514148	348	CDS		GTG	FF955_12185|CP040691_2514148_2514495_+1_GTG_115
CP040691	2515742	TGA	FF955_12190	2514492	1251	CDS		GTG	FF955_12190|CP040691_2514492_2515742_+3_GTG_416
CP040691	2517089	TAA	FF955_12195	2515773	1317	CDS		GTG	FF955_12195|CP040691_2515773_2517089_+3_GTG_438
CP040691	2518541	TAG	FF955_12200	2517120	1422	CDS		ATG	FF955_12200|CP040691_2517120_2518541_+3_ATG_473
CP040691	2519552	TGA	FF955_12205	2518737	816	CDS		ATG	FF955_12205|CP040691_2518737_2519552_+3_ATG_271
CP040691	2523371	TGA	FF955_12220	2521782	1590	CDS		ATG	FF955_12220|CP040691_2521782_2523371_+3_ATG_529
CP040691	2524297	TAA	FF955_12225	2523368	930	CDS		ATG	FF955_12225|CP040691_2523368_2524297_+2_ATG_309
CP040691	2524866	TGA	FF955_12230	2524363	504	CDS		ATG	FF955_12230|CP040691_2524363_2524866_+1_ATG_167
CP040691	2525691	TGA	FF955_12245	2525473	219	CDS		GTG	FF955_12245|CP040691_2525473_2525691_+1_GTG_72
CP040691	2528574	TGA	FF955_12265	2528275	300	CDS		ATC	FF955_12265|CP040691_2528275_2528574_+1_ATC_99
CP040691	2529656	TGA	FF955_12270	2528571	1086	CDS		ATG	FF955_12270|CP040691_2528571_2529656_+3_ATG_361
CP040691	2530291	TGA	FF955_12275	2529656	636	CDS		ATG	FF955_12275|CP040691_2529656_2530291_+2_ATG_211
CP040691	2532208	TGA	FF955_12285	2531756	453	CDS	true	AGG	FF955_12285_p|CP040691_2531756_2532208_+2_AGG_150
CP040691	2535544	TAA	FF955_12295	2534315	1230	CDS		GTG	FF955_12295|CP040691_2534315_2535544_+2_GTG_409
CP040691	2537005	TGA	FF955_12300	2535719	1287	CDS		ATG	FF955_12300|CP040691_2535719_2537005_+2_ATG_428
CP040691	2540840	TGA	FF955_12320	2540313	528	CDS		ATG	FF955_12320|CP040691_2540313_2540840_+3_ATG_175
CP040691	2541246	TAG	FF955_12325	2540947	300	CDS		ATG	FF955_12325|CP040691_2540947_2541246_+1_ATG_99
CP040691	2541720	TGA	FF955_12330	2541352	369	CDS		GTG	FF955_12330|CP040691_2541352_2541720_+1_GTG_122
CP040691	2542046	TAG	FF955_12335	2541717	330	CDS		GTG	FF955_12335|CP040691_2541717_2542046_+3_GTG_109
CP040691	2543367	TGA	FF955_12345	2542498	870	CDS		ATG	FF955_12345|CP040691_2542498_2543367_+1_ATG_289
CP040691	2544554	TAG	FF955_12350	2543364	1191	CDS		ATG	FF955_12350|CP040691_2543364_2544554_+3_ATG_396
CP040691	2547196	TGA	FF955_12360	2545817	1380	CDS		ATG	FF955_12360|CP040691_2545817_2547196_+2_ATG_459
CP040691	2549088	TGA	FF955_12365	2547430	1659	CDS		ATG	FF955_12365|CP040691_2547430_2549088_+1_ATG_552
CP040691	2550392	TAA	FF955_12375	2550198	195	CDS		ATG	FF955_12375|CP040691_2550198_2550392_+3_ATG_64
CP040691	2551697	TAG	FF955_12380	2550402	1296	CDS		ATG	FF955_12380|CP040691_2550402_2551697_+3_ATG_431
CP040691	2553067	TAG	FF955_12385	2551730	1338	CDS		GTG	FF955_12385|CP040691_2551730_2553067_+2_GTG_445
CP040691	2555588	TGA	FF955_12395	2553960	1629	CDS		ATG	FF955_12395|CP040691_2553960_2555588_+3_ATG_542
CP040691	2555962	TAA	FF955_12400	2555585	378	CDS		GTG	FF955_12400|CP040691_2555585_2555962_+2_GTG_125
CP040691	2556714	TGA	FF955_12405	2555932	783	CDS		GTG	FF955_12405|CP040691_2555932_2556714_+1_GTG_260
CP040691	2557371	TAA	FF955_12410	2556856	516	CDS		TTG	FF955_12410|CP040691_2556856_2557371_+1_TTG_171
CP040691	2558285	TAG	FF955_12415	2557431	855	CDS		GTG	FF955_12415|CP040691_2557431_2558285_+3_GTG_284
CP040691	2559575	TAG	FF955_12425	2559474	102	CDS	true	TAT	FF955_12425_p|CP040691_2559474_2559575_+3_TAT_33
CP040691	2560808	TAG	FF955_12430	2559585	1224	CDS		GTG	FF955_12430|CP040691_2559585_2560808_+3_GTG_407
CP040691	2561669	TAA	FF955_12435	2561031	639	CDS		ATG	FF955_12435|CP040691_2561031_2561669_+3_ATG_212
CP040691	2562665	TAA	FF955_12440	2561763	903	CDS		ATG	FF955_12440|CP040691_2561763_2562665_+3_ATG_300
CP040691	2563149	TGA	FF955_12445	2562697	453	CDS		ATG	FF955_12445|CP040691_2562697_2563149_+1_ATG_150
CP040691	2564312	TGA	FF955_12450	2563341	972	CDS		ATG	FF955_12450|CP040691_2563341_2564312_+3_ATG_323
CP040691	2567966	TAG	FF955_12465	2567274	693	CDS		GTG	FF955_12465|CP040691_2567274_2567966_+3_GTG_230
CP040691	2568314	TAG	FF955_12470	2568072	243	CDS		ATG	FF955_12470|CP040691_2568072_2568314_+3_ATG_80
CP040691	2571357	TGA	FF955_12490	2570068	1290	CDS		ATG	FF955_12490|CP040691_2570068_2571357_+1_ATG_429
CP040691	2572181	TAG	FF955_12495	2571696	486	CDS		CTG	FF955_12495|CP040691_2571696_2572181_+3_CTG_161
CP040691	2575394	TAA	FF955_12525	2574678	717	CDS		ATG	FF955_12525|CP040691_2574678_2575394_+3_ATG_238
CP040691	2575736	TGA	FF955_12530	2575404	333	CDS		ATG	FF955_12530|CP040691_2575404_2575736_+3_ATG_110
CP040691	2577591	TGA	FF955_12555	2577304	288	CDS		TTG	FF955_12555|CP040691_2577304_2577591_+1_TTG_95
CP040691	2578038	TGA	FF955_12560	2577694	345	CDS		GTG	FF955_12560|CP040691_2577694_2578038_+1_GTG_114
CP040691	2578667	TGA	FF955_12565	2578143	525	CDS		GTG	FF955_12565|CP040691_2578143_2578667_+3_GTG_174
CP040691	2579014	TGA	FF955_12570	2578745	270	CDS		ATG	FF955_12570|CP040691_2578745_2579014_+2_ATG_89
CP040691	2583969	TAG	FF955_12590	2583097	873	CDS		ATG	FF955_12590|CP040691_2583097_2583969_+1_ATG_290
CP040691	2584780	TGA	FF955_12595	2583956	825	CDS		ATG	FF955_12595|CP040691_2583956_2584780_+2_ATG_274
CP040691	2586099	TAG	FF955_12600	2584777	1323	CDS		GTG	FF955_12600|CP040691_2584777_2586099_+1_GTG_440
CP040691	2587051	TAG	FF955_12610	2586617	435	CDS	true	GTA	FF955_12610_p|CP040691_2586617_2587051_+2_GTA_144
CP040691	2591991	TAG	FF955_12640	2591545	447	CDS		ATG	FF955_12640|CP040691_2591545_2591991_+1_ATG_148
CP040691	2595690	TAG	FF955_12655	2595199	492	CDS		ATG	FF955_12655|CP040691_2595199_2595690_+1_ATG_163
CP040691	2595913	TAA	FF955_12660	2595725	189	CDS		GTG	FF955_12660|CP040691_2595725_2595913_+2_GTG_62
CP040691	2597090	TAG	FF955_12665	2595942	1149	CDS		ATG	FF955_12665|CP040691_2595942_2597090_+3_ATG_382
CP040691	2599894	TAG	FF955_12680	2599508	387	CDS		GTG	FF955_12680|CP040691_2599508_2599894_+2_GTG_128
CP040691	2600289	TAA	FF955_12685	2599951	339	CDS		ATG	FF955_12685|CP040691_2599951_2600289_+1_ATG_112
CP040691	2601965	TAA	FF955_12690	2600319	1647	CDS		ATG	FF955_12690|CP040691_2600319_2601965_+3_ATG_548
CP040691	2604939	TAA	FF955_12700	2604007	933	CDS		ATG	FF955_12700|CP040691_2604007_2604939_+1_ATG_310
CP040691	2605632	TGA	FF955_12705	2604943	690	CDS		ATG	FF955_12705|CP040691_2604943_2605632_+1_ATG_229
CP040691	2607016	TGA	FF955_12710	2606048	969	CDS		ATG	FF955_12710|CP040691_2606048_2607016_+2_ATG_322
CP040691	2609867	TGA	FF955_12725	2609391	477	CDS		GTG	FF955_12725|CP040691_2609391_2609867_+3_GTG_158
CP040691	2612791	TGA	FF955_12730	2610128	2664	CDS		GTG	FF955_12730|CP040691_2610128_2612791_+2_GTG_887
CP040691	2612847	GGC	FF955_12735	2612748	100	CDS	true	GCC	FF955_12735_p|CP040691_2612748_2612847_+3_GCC_33
CP040691	2615226	TGA	FF955_12750	2614807	420	CDS		ATG	FF955_12750|CP040691_2614807_2615226_+1_ATG_139
CP040691	2615739	TGA	FF955_12755	2615482	258	CDS		TTG	FF955_12755|CP040691_2615482_2615739_+1_TTG_85
CP040691	2621013	TAA	FF955_12770	2619031	1983	CDS		ATG	FF955_12770|CP040691_2619031_2621013_+1_ATG_660
CP040691	2630572	TGA	FF955_12810	2629311	1263	fCDS		ATG	FF955_12810_fCDS|CP040691_2629311_2630572_+3_ATG_420
CP040691	2633574	GTC	FF955_12820	2633350	225	CDS	true	ATG	FF955_12820_p|CP040691_2633350_2633574_+1_ATG_75
CP040691	2637274	TGA	FF955_12835	2637095	180	CDS		GTG	FF955_12835|CP040691_2637095_2637274_+2_GTG_59
CP040691	2637692	TGA	FF955_12840	2637285	408	CDS		ATG	FF955_12840|CP040691_2637285_2637692_+3_ATG_135
CP040691	2638081	TAG	FF955_12845	2637689	393	CDS		ATG	FF955_12845|CP040691_2637689_2638081_+2_ATG_130
CP040691	2641813	TAA	FF955_12865	2640359	1455	CDS		GTG	FF955_12865|CP040691_2640359_2641813_+2_GTG_484
CP040691	2647977	TGA	FF955_12905	2647690	288	CDS		GTG	FF955_12905|CP040691_2647690_2647977_+1_GTG_95
CP040691	2651621	TGA	FF955_12925	2651304	318	CDS		ATG	FF955_12925|CP040691_2651304_2651621_+3_ATG_105
CP040691	2673672	TGA	FF955_12970	2671975	1698	CDS		ATG	FF955_12970|CP040691_2671975_2673672_+1_ATG_565
CP040691	2674688	TGA	FF955_12975	2673768	921	CDS		ATG	FF955_12975|CP040691_2673768_2674688_+3_ATG_306
CP040691	2676706	TAA	FF955_12985	2676497	210	CDS		ATG	FF955_12985|CP040691_2676497_2676706_+2_ATG_69
CP040691	2678057	TAG	FF955_12990	2676804	1254	CDS		ATG	FF955_12990|CP040691_2676804_2678057_+3_ATG_417
CP040691	2682409	TGA	FF955_13010	2680718	1692	CDS		ATG	FF955_13010|CP040691_2680718_2682409_+2_ATG_563
CP040691	2683170	TGA	FF955_13015	2682406	765	CDS		ATG	FF955_13015|CP040691_2682406_2683170_+1_ATG_254
CP040691	2684012	TAG	FF955_13020	2683167	846	CDS		GTG	FF955_13020|CP040691_2683167_2684012_+3_GTG_281
CP040691	2685980	TGA	FF955_13025	2684049	1932	CDS		GTG	FF955_13025|CP040691_2684049_2685980_+3_GTG_643
CP040691	2688114	TAA	FF955_13030	2686111	2004	CDS		ATG	FF955_13030|CP040691_2686111_2688114_+1_ATG_667
CP040691	2688478	TGA	FF955_13035	2688263	216	CDS		TTG	FF955_13035|CP040691_2688263_2688478_+2_TTG_71
CP040691	2688754	TAG	FF955_13040	2688590	165	CDS		GTG	FF955_13040|CP040691_2688590_2688754_+2_GTG_54
CP040691	2689923	TAG	FF955_13045	2688838	1086	CDS		ATG	FF955_13045|CP040691_2688838_2689923_+1_ATG_361
CP040691	2694096	TGA	FF955_13070	2693767	330	CDS		GTG	FF955_13070|CP040691_2693767_2694096_+1_GTG_109
CP040691	2696496	TAG	FF955_13080	2694568	1929	CDS		ATG	FF955_13080|CP040691_2694568_2696496_+1_ATG_642
CP040691	2699877	TAA	FF955_13095	2699308	570	CDS		TTG	FF955_13095|CP040691_2699308_2699877_+1_TTG_189
CP040691	2701579	TAG	FF955_13105	2700737	843	CDS		ATG	FF955_13105|CP040691_2700737_2701579_+2_ATG_280
CP040691	2701940	TGA	FF955_13115	2701662	279	CDS		GTG	FF955_13115|CP040691_2701662_2701940_+3_GTG_92
CP040691	2702380	AGC	FF955_13120	2702126	255	CDS	true	ATG	FF955_13120_p|CP040691_2702126_2702380_+2_ATG_85
CP040691	2706396	TGA	FF955_13140	2706136	261	CDS		GTG	FF955_13140|CP040691_2706136_2706396_+1_GTG_86
CP040691	2715416	TAG	FF955_13195	2715144	273	CDS		ATG	FF955_13195|CP040691_2715144_2715416_+3_ATG_90
CP040691	2716704	TGA	FF955_13200	2715658	1047	CDS		GTG	FF955_13200|CP040691_2715658_2716704_+1_GTG_348
CP040691	2722821	TAA	FF955_13235	2722234	588	CDS		ATG	FF955_13235|CP040691_2722234_2722821_+1_ATG_195
CP040691	2723380	TAA	FF955_13240	2722847	534	CDS		ATG	FF955_13240|CP040691_2722847_2723380_+2_ATG_177
CP040691	2729971	TGA	FF955_13280	2729057	915	CDS		ATG	FF955_13280|CP040691_2729057_2729971_+2_ATG_304
CP040691	2730621	TAG	FF955_13290	2730203	419	CDS	true	GTG	FF955_13290_p|CP040691_2730203_2730621_+2_GTG_139
CP040691	2738010	TAG	FF955_13325	2736535	1476	CDS		ATG	FF955_13325|CP040691_2736535_2738010_+1_ATG_491
CP040691	2748486	TGA	FF955_13365	2748088	399	CDS		GTG	FF955_13365|CP040691_2748088_2748486_+1_GTG_132
CP040691	2756513	TGA	FF955_13400	2755605	909	CDS		GTG	FF955_13400|CP040691_2755605_2756513_+3_GTG_302
CP040691	2758206	TAA	FF955_13405	2756680	1527	CDS		ATG	FF955_13405|CP040691_2756680_2758206_+1_ATG_508
CP040691	2762665	TAG	FF955_13435	2761481	1185	CDS		ATG	FF955_13435|CP040691_2761481_2762665_+2_ATG_394
CP040691	2767397	TAG	FF955_13455	2764812	2586	CDS		GTG	FF955_13455|CP040691_2764812_2767397_+3_GTG_861
CP040691	2769390	TGA	FF955_13475	2769004	387	CDS		ATG	FF955_13475|CP040691_2769004_2769390_+1_ATG_128
CP040691	2771030	TAG	FF955_13480	2769390	1641	CDS		ATG	FF955_13480|CP040691_2769390_2771030_+3_ATG_546
CP040691	2771391	TAA	FF955_13485	2771098	294	CDS		ATG	FF955_13485|CP040691_2771098_2771391_+1_ATG_97
CP040691	2772110	TGA	FF955_13490	2771394	717	CDS		GTG	FF955_13490|CP040691_2771394_2772110_+3_GTG_238
CP040691	2780987	TAG	FF955_13520	2780730	258	CDS		ATG	FF955_13520|CP040691_2780730_2780987_+3_ATG_85
CP040691	2789588	TAG	FF955_13555	2788818	771	CDS		ATG	FF955_13555|CP040691_2788818_2789588_+3_ATG_256
CP040691	2801756	TAG	FF955_13585	2801133	624	CDS		ATG	FF955_13585|CP040691_2801133_2801756_+3_ATG_207
CP040691	2802498	TAG	FF955_13590	2801746	753	CDS		ATG	FF955_13590|CP040691_2801746_2802498_+1_ATG_250
CP040691	2802772	TGA	FF955_13595	2802551	222	CDS		GTG	FF955_13595|CP040691_2802551_2802772_+2_GTG_73
CP040691	2803203	TAA	FF955_13600	2802778	426	CDS		GTG	FF955_13600|CP040691_2802778_2803203_+1_GTG_141
CP040691	2816827	TAG	FF955_13660	2816180	648	CDS		GTG	FF955_13660|CP040691_2816180_2816827_+2_GTG_215
CP040691	2817727	TAG	FF955_13665	2816906	822	CDS		ATG	FF955_13665|CP040691_2816906_2817727_+2_ATG_273
CP040691	2819952	TAG	FF955_13675	2819146	807	CDS		ATG	FF955_13675|CP040691_2819146_2819952_+1_ATG_268
CP040691	2822272	TAA	FF955_13685	2821625	648	CDS		GTG	FF955_13685|CP040691_2821625_2822272_+2_GTG_215
CP040691	2822960	GCC	FF955_13695	2822727	234	CDS	true	ATG	FF955_13695_p|CP040691_2822727_2822960_+3_ATG_78
CP040691	2824408	TGA	FF955_13705	2824271	138	CDS		TTG	FF955_13705|CP040691_2824271_2824408_+2_TTG_45
CP040691	2824607	TAA	FF955_13710	2824422	186	CDS		ATG	FF955_13710|CP040691_2824422_2824607_+3_ATG_61
CP040691	2825051	TAA	FF955_13715	2824629	423	CDS		GTG	FF955_13715|CP040691_2824629_2825051_+3_GTG_140
CP040691	2825304	TGA	FF955_13720	2825059	246	CDS		ATG	FF955_13720|CP040691_2825059_2825304_+1_ATG_81
CP040691	2831731	TAG	FF955_13760	2830253	1479	CDS		GTG	FF955_13760|CP040691_2830253_2831731_+2_GTG_492
CP040691	2832625	TAG	FF955_13770	2832152	474	CDS		GTG	FF955_13770|CP040691_2832152_2832625_+2_GTG_157
CP040691	2844289	TAG	FF955_13790	2844044	246	CDS		GTG	FF955_13790|CP040691_2844044_2844289_+2_GTG_81
CP040691	2845378	TGA	FF955_13800	2845043	336	CDS		ATG	FF955_13800|CP040691_2845043_2845378_+2_ATG_111
CP040691	2845781	TGA	FF955_13805	2845559	223	CDS	true	ATG	FF955_13805_p|CP040691_2845559_2845781_+2_ATG_74
CP040691	2846179	TAG	FF955_13810	2845778	402	CDS		ATG	FF955_13810|CP040691_2845778_2846179_+2_ATG_133
CP040691	2848729	TGA	FF955_13820	2847338	1392	CDS		GTG	FF955_13820|CP040691_2847338_2848729_+2_GTG_463
CP040691	2855607	TAA	FF955_13860	2854915	693	CDS		ATG	FF955_13860|CP040691_2854915_2855607_+1_ATG_230
CP040691	2859297	TGA	FF955_13885	2858890	408	CDS		ATG	FF955_13885|CP040691_2858890_2859297_+1_ATG_135
CP040691	2860804	TGA	FF955_13890	2859593	1212	CDS		GTG	FF955_13890|CP040691_2859593_2860804_+2_GTG_403
CP040691	2861590	TGA	FF955_13900	2860931	660	CDS		GTG	FF955_13900|CP040691_2860931_2861590_+2_GTG_219
CP040691	2862249	TGA	FF955_13905	2861587	663	CDS		TTG	FF955_13905|CP040691_2861587_2862249_+1_TTG_220
CP040691	2862523	TAG	FF955_13910	2862246	278	CDS	true	GTG	FF955_13910_p|CP040691_2862246_2862523_+3_GTG_92
CP040691	2863029	TAA	FF955_13915	2862616	414	CDS		ATG	FF955_13915|CP040691_2862616_2863029_+1_ATG_137
CP040691	2863325	TGA	FF955_13920	2863068	258	CDS		ATG	FF955_13920|CP040691_2863068_2863325_+3_ATG_85
CP040691	2863699	TGA	FF955_13925	2863322	378	CDS		GTG	FF955_13925|CP040691_2863322_2863699_+2_GTG_125
CP040691	2872208	TGA	FF955_13980	2871534	675	CDS		TTG	FF955_13980|CP040691_2871534_2872208_+3_TTG_224
CP040691	2873003	TGA	FF955_13985	2872293	711	CDS		TTG	FF955_13985|CP040691_2872293_2873003_+3_TTG_236
CP040691	2875514	TAG	FF955_13995	2874537	978	CDS		ATG	FF955_13995|CP040691_2874537_2875514_+3_ATG_325
CP040691	2876608	TAA	FF955_14010	2875871	738	CDS		ATG	FF955_14010|CP040691_2875871_2876608_+2_ATG_245
CP040691	2877800	TAG	FF955_14015	2876751	1050	CDS		ATG	FF955_14015|CP040691_2876751_2877800_+3_ATG_349
CP040691	2878795	TAG	FF955_14020	2877803	993	CDS		ATG	FF955_14020|CP040691_2877803_2878795_+2_ATG_330
CP040691	2880823	TGA	FF955_14025	2879072	1752	CDS		ATG	FF955_14025|CP040691_2879072_2880823_+2_ATG_583
CP040691	2884256	TAA	FF955_14030	2880834	3423	CDS		GTG	FF955_14030|CP040691_2880834_2884256_+3_GTG_1140
CP040691	2886910	TAA	FF955_14035	2884256	2655	CDS		ATG	FF955_14035|CP040691_2884256_2886910_+2_ATG_884
CP040691	2889362	TGA	FF955_14050	2888973	390	CDS		GTG	FF955_14050|CP040691_2888973_2889362_+3_GTG_129
CP040691	2893244	TAG	FF955_14065	2892369	876	CDS		ATT	FF955_14065|CP040691_2892369_2893244_+3_ATT_291
CP040691	2893770	TAG	FF955_14070	2893267	504	CDS		ATG	FF955_14070|CP040691_2893267_2893770_+1_ATG_167
CP040691	2894681	TAG	FF955_14075	2893800	882	CDS		ATG	FF955_14075|CP040691_2893800_2894681_+3_ATG_293
CP040691	2896968	TAG	FF955_14085	2895379	1590	CDS		GTG	FF955_14085|CP040691_2895379_2896968_+1_GTG_529
CP040691	2899002	TGA	FF955_14095	2898100	903	CDS		ATG	FF955_14095|CP040691_2898100_2899002_+1_ATG_300
CP040691	2902201	TAG	FF955_14110	2901275	927	CDS		ATG	FF955_14110|CP040691_2901275_2902201_+2_ATG_308
CP040691	2912170	TGA	FF955_14150	2910821	1350	CDS		GTG	FF955_14150|CP040691_2910821_2912170_+2_GTG_449
CP040691	2915838	TGA	FF955_14155	2912332	3507	CDS		ATG	FF955_14155|CP040691_2912332_2915838_+1_ATG_1168
CP040691	2917643	TAG	FF955_14160	2916012	1632	CDS		ATG	FF955_14160|CP040691_2916012_2917643_+3_ATG_543
CP040691	2920198	TGA	FF955_14180	2919953	246	CDS		ATG	FF955_14180|CP040691_2919953_2920198_+2_ATG_81
CP040691	2920599	TGA	FF955_14185	2920195	405	CDS		GTG	FF955_14185|CP040691_2920195_2920599_+1_GTG_134
CP040691	2921436	TAG	FF955_14190	2920816	621	CDS		GTG	FF955_14190|CP040691_2920816_2921436_+1_GTG_206
CP040691	2921941	TGA	FF955_14195	2921447	495	CDS		GTG	FF955_14195|CP040691_2921447_2921941_+2_GTG_164
CP040691	2922369	TAA	FF955_14200	2921938	432	CDS		ATG	FF955_14200|CP040691_2921938_2922369_+1_ATG_143
CP040691	2922852	TGA	FF955_14205	2922451	402	CDS		GTG	FF955_14205|CP040691_2922451_2922852_+1_GTG_133
CP040691	2924420	TAG	FF955_14210	2922849	1572	CDS		ATG	FF955_14210|CP040691_2922849_2924420_+3_ATG_523
CP040691	2924818	TGA	FF955_14215	2924531	288	CDS		ATG	FF955_14215|CP040691_2924531_2924818_+2_ATG_95
CP040691	2925245	TGA	FF955_14220	2924805	441	CDS		ATG	FF955_14220|CP040691_2924805_2925245_+3_ATG_146
CP040691	2929333	TGA	FF955_14245	2928659	675	CDS		ATG	FF955_14245|CP040691_2928659_2929333_+2_ATG_224
CP040691	2931249	TAA	FF955_14250	2929507	1743	CDS		ATG	FF955_14250|CP040691_2929507_2931249_+1_ATG_580
CP040691	2938064	TAG	FF955_14285	2937837	228	CDS		GTG	FF955_14285|CP040691_2937837_2938064_+3_GTG_75
CP040691	2940291	TGA	FF955_14295	2939791	501	CDS		GTG	FF955_14295|CP040691_2939791_2940291_+1_GTG_166
CP040691	2941572	TGA	FF955_14305	2940895	678	CDS		GTG	FF955_14305|CP040691_2940895_2941572_+1_GTG_225
CP040691	2943918	TGA	FF955_14325	2943097	822	CDS		ATG	FF955_14325|CP040691_2943097_2943918_+1_ATG_273
CP040691	2944947	TAG	FF955_14330	2944054	894	CDS		ATG	FF955_14330|CP040691_2944054_2944947_+1_ATG_297
CP040691	2949897	TAA	FF955_14355	2949535	363	CDS		ATG	FF955_14355|CP040691_2949535_2949897_+1_ATG_120
CP040691	2951368	TAG	FF955_14360	2950244	1125	CDS		ATG	FF955_14360|CP040691_2950244_2951368_+2_ATG_374
CP040691	2951909	TGA	FF955_14365	2951370	540	CDS		ATG	FF955_14365|CP040691_2951370_2951909_+3_ATG_179
CP040691	2953347	TGA	FF955_14370	2952049	1299	CDS		ATG	FF955_14370|CP040691_2952049_2953347_+1_ATG_432
CP040691	2957189	TGA	FF955_14395	2956947	243	CDS		ATG	FF955_14395|CP040691_2956947_2957189_+3_ATG_80
CP040691	2957867	TGA	FF955_14400	2957190	678	CDS		GTG	FF955_14400|CP040691_2957190_2957867_+3_GTG_225
CP040691	2958719	TGA	FF955_14405	2958063	657	CDS		ATG	FF955_14405|CP040691_2958063_2958719_+3_ATG_218
CP040691	2959328	TGA	FF955_14410	2958882	447	CDS		ATG	FF955_14410|CP040691_2958882_2959328_+3_ATG_148
CP040691	2960874	TAA	FF955_14425	2960416	459	CDS		ATG	FF955_14425|CP040691_2960416_2960874_+1_ATG_152
CP040691	2961390	TGA	FF955_14430	2961010	381	CDS		ATG	FF955_14430|CP040691_2961010_2961390_+1_ATG_126
CP040691	2962883	TAG	FF955_14435	2961387	1497	CDS		ATG	FF955_14435|CP040691_2961387_2962883_+3_ATG_498
CP040691	2963309	TGA	FF955_14440	2963073	237	CDS		ATC	FF955_14440|CP040691_2963073_2963309_+3_ATC_78
CP040691	2963555	TGA	FF955_14445	2963382	174	CDS		ATC	FF955_14445|CP040691_2963382_2963555_+3_ATC_57
CP040691	2965031	TGA	FF955_14470	2964600	432	CDS		ATG	FF955_14470|CP040691_2964600_2965031_+3_ATG_143
CP040691	2966026	TGA	FF955_14475	2965028	999	CDS		GTG	FF955_14475|CP040691_2965028_2966026_+2_GTG_332
CP040691	2966504	TGA	FF955_14480	2966040	465	CDS		TTG	FF955_14480|CP040691_2966040_2966504_+3_TTG_154
CP040691	2966743	TGA	FF955_14485	2966492	252	CDS		TTG	FF955_14485|CP040691_2966492_2966743_+2_TTG_83
CP040691	2974873	TAG	FF955_14550	2974601	273	CDS		ATG	FF955_14550|CP040691_2974601_2974873_+2_ATG_90
CP040691	2975205	TGA	FF955_14555	2974972	234	CDS		GTG	FF955_14555|CP040691_2974972_2975205_+1_GTG_77
CP040691	2975470	TAA	FF955_14560	2975216	255	CDS		GTG	FF955_14560|CP040691_2975216_2975470_+2_GTG_84
CP040691	2976099	TAA	FF955_14570	2975818	282	CDS		ATG	FF955_14570|CP040691_2975818_2976099_+1_ATG_93
CP040691	2976972	AAT	FF955_14580	2976190	783	CDS	true	ATG	FF955_14580_p|CP040691_2976190_2976972_+1_ATG_261
CP040691	2977773	TGA	FF955_14585	2977015	759	CDS		ATG	FF955_14585|CP040691_2977015_2977773_+1_ATG_252
CP040691	2978373	TGA	FF955_14590	2977852	522	CDS		ATG	FF955_14590|CP040691_2977852_2978373_+1_ATG_173
CP040691	2978872	TGA	FF955_14595	2978402	471	CDS		GTG	FF955_14595|CP040691_2978402_2978872_+2_GTG_156
CP040691	2980734	TGA	FF955_14605	2979958	777	CDS		ATG	FF955_14605|CP040691_2979958_2980734_+1_ATG_258
CP040691	2982387	TGA	FF955_14610	2980801	1587	CDS		ATG	FF955_14610|CP040691_2980801_2982387_+1_ATG_528
CP040691	2983711	TGA	FF955_14615	2982410	1302	CDS		GTG	FF955_14615|CP040691_2982410_2983711_+2_GTG_433
CP040691	2984290	TAG	FF955_14625	2983880	411	CDS		ATG	FF955_14625|CP040691_2983880_2984290_+2_ATG_136
CP040691	2989119	TGA	FF955_14650	2988289	831	CDS		ATG	FF955_14650|CP040691_2988289_2989119_+1_ATG_276
CP040691	2989341	GCC	FF955_14655	2989177	165	CDS	true	GTG	FF955_14655_p|CP040691_2989177_2989341_+1_GTG_55
CP040691	2990115	TGA	FF955_14660	2989483	633	CDS		TTG	FF955_14660|CP040691_2989483_2990115_+1_TTG_210
CP040691	2991433	TAG	FF955_14665	2990117	1317	CDS		ATG	FF955_14665|CP040691_2990117_2991433_+2_ATG_438
CP040691	2993458	GGC	FF955_14675	2993251	208	CDS	true	GTG	FF955_14675_p|CP040691_2993251_2993458_+1_GTG_69
CP040691	2993987	TGA	FF955_14680	2993490	498	CDS		ATG	FF955_14680|CP040691_2993490_2993987_+3_ATG_165
CP040691	2995281	TGA	FF955_14685	2993992	1290	CDS		GTG	FF955_14685|CP040691_2993992_2995281_+1_GTG_429
CP040691	2996647	TAA	FF955_14690	2995361	1287	CDS		ATG	FF955_14690|CP040691_2995361_2996647_+2_ATG_428
CP040691	3000654	TGA	FF955_14715	3000397	258	CDS		GTG	FF955_14715|CP040691_3000397_3000654_+1_GTG_85
CP040691	3003405	TGA	FF955_14725	3002722	684	CDS		ATG	FF955_14725|CP040691_3002722_3003405_+1_ATG_227
CP040691	3004064	TAA	FF955_14730	3003402	663	CDS		ATG	FF955_14730|CP040691_3003402_3004064_+3_ATG_220
CP040691	3006001	TGA	FF955_14745	3005294	708	CDS		ATG	FF955_14745|CP040691_3005294_3006001_+2_ATG_235
CP040691	3008036	TGA	FF955_14760	3007551	486	CDS		GTG	FF955_14760|CP040691_3007551_3008036_+3_GTG_161
CP040691	3009231	TGA	FF955_14770	3008581	651	CDS		GTG	FF955_14770|CP040691_3008581_3009231_+1_GTG_216
CP040691	3011033	TGA	FF955_14780	3010236	798	CDS		ATG	FF955_14780|CP040691_3010236_3011033_+3_ATG_265
CP040691	3012799	TGA	FF955_14785	3011213	1587	CDS		GTG	FF955_14785|CP040691_3011213_3012799_+2_GTG_528
CP040691	3013264	TAG	FF955_14790	3012836	429	CDS		ATG	FF955_14790|CP040691_3012836_3013264_+2_ATG_142
CP040691	3014925	TAG	FF955_14805	3013951	975	CDS		ATG	FF955_14805|CP040691_3013951_3014925_+1_ATG_324
CP040691	3015654	TAG	FF955_14815	3015217	438	CDS		ATG	FF955_14815|CP040691_3015217_3015654_+1_ATG_145
CP040691	3016801	TGA	FF955_14820	3015830	972	CDS		ATG	FF955_14820|CP040691_3015830_3016801_+2_ATG_323
CP040691	3017626	TGA	FF955_14825	3016934	693	CDS		ATG	FF955_14825|CP040691_3016934_3017626_+2_ATG_230
CP040691	3020216	TGA	FF955_14835	3018810	1407	CDS		ATG	FF955_14835|CP040691_3018810_3020216_+3_ATG_468
CP040691	3021408	TAA	FF955_14840	3020434	975	CDS		ATG	FF955_14840|CP040691_3020434_3021408_+1_ATG_324
CP040691	3022492	TGA	FF955_14845	3021467	1026	CDS		ATG	FF955_14845|CP040691_3021467_3022492_+2_ATG_341
CP040691	3023227	TGA	FF955_14850	3022541	687	CDS		ATG	FF955_14850|CP040691_3022541_3023227_+2_ATG_228
CP040691	3025867	TGA	FF955_14870	3025157	711	CDS		ATG	FF955_14870|CP040691_3025157_3025867_+2_ATG_236
CP040691	3028252	TGA	FF955_14880	3028004	249	CDS		ATG	FF955_14880|CP040691_3028004_3028252_+2_ATG_82
CP040691	3029471	TGA	FF955_14885	3028278	1194	CDS		ATG	FF955_14885|CP040691_3028278_3029471_+3_ATG_397
CP040691	3036387	TGA	FF955_14920	3035911	477	CDS		ATG	FF955_14920|CP040691_3035911_3036387_+1_ATG_158
CP040691	3037747	TAA	FF955_14925	3036395	1353	CDS		ATG	FF955_14925|CP040691_3036395_3037747_+2_ATG_450
CP040691	3040092	TAA	FF955_14940	3039817	276	CDS		GTG	FF955_14940|CP040691_3039817_3040092_+1_GTG_91
CP040691	3041044	TGA	FF955_14945	3040190	855	CDS		ATG	FF955_14945|CP040691_3040190_3041044_+2_ATG_284
CP040691	3045161	TGA	FF955_14965	3044988	174	CDS		GTG	FF955_14965|CP040691_3044988_3045161_+3_GTG_57
CP040691	3047051	TAG	FF955_14980	3046602	450	CDS		ATG	FF955_14980|CP040691_3046602_3047051_+3_ATG_149
CP040691	3047224	TGA	FF955_14985	3046958	267	CDS		GTG	FF955_14985|CP040691_3046958_3047224_+2_GTG_88
CP040691	3048860	TGA	FF955_14990	3047283	1578	CDS		ATG	FF955_14990|CP040691_3047283_3048860_+3_ATG_525
CP040691	3053155	TAG	FF955_15020	3052631	525	CDS		GTG	FF955_15020|CP040691_3052631_3053155_+2_GTG_174
CP040691	3056188	TGA	FF955_15030	3055874	315	CDS		ATG	FF955_15030|CP040691_3055874_3056188_+2_ATG_104
CP040691	3057003	TAG	FF955_15035	3056185	819	CDS		GTG	FF955_15035|CP040691_3056185_3057003_+1_GTG_272
CP040691	3057897	TGA	FF955_15040	3057007	891	CDS		ATG	FF955_15040|CP040691_3057007_3057897_+1_ATG_296
CP040691	3068742	TAG	FF955_15110	3068005	738	CDS		ATG	FF955_15110|CP040691_3068005_3068742_+1_ATG_245
CP040691	3076739	TAA	FF955_15165	3076278	462	CDS		ATG	FF955_15165|CP040691_3076278_3076739_+3_ATG_153
CP040691	3081304	TGA	FF955_15190	3080189	1116	CDS		ATG	FF955_15190|CP040691_3080189_3081304_+2_ATG_371
CP040691	3090243	TGA	FF955_15225	3088480	1764	CDS		ATG	FF955_15225|CP040691_3088480_3090243_+1_ATG_587
CP040691	3091014	TGA	FF955_15230	3090328	687	CDS		GTG	FF955_15230|CP040691_3090328_3091014_+1_GTG_228
CP040691	3101766	TAG	FF955_15285	3101137	630	CDS		TTG	FF955_15285|CP040691_3101137_3101766_+1_TTG_209
CP040691	3103434	TAA	FF955_15290	3101785	1650	CDS		GTG	FF955_15290|CP040691_3101785_3103434_+1_GTG_549
CP040691	3105658	TGA	FF955_15310	3105383	276	CDS		ATG	FF955_15310|CP040691_3105383_3105658_+2_ATG_91
CP040691	3106163	TGA	FF955_15315	3105798	366	CDS		GTG	FF955_15315|CP040691_3105798_3106163_+3_GTG_121
CP040691	3106640	TGA	FF955_15320	3106236	405	CDS		ATG	FF955_15320|CP040691_3106236_3106640_+3_ATG_134
CP040691	3106828	TAG	FF955_15325	3106637	192	CDS		GTG	FF955_15325|CP040691_3106637_3106828_+2_GTG_63
CP040691	3108181	TAA	FF955_15330	3107027	1155	CDS		GTG	FF955_15330|CP040691_3107027_3108181_+2_GTG_384
CP040691	3108672	TAA	FF955_15335	3108415	258	CDS		GTG	FF955_15335|CP040691_3108415_3108672_+1_GTG_85
CP040691	3109094	TGA	FF955_15340	3108777	318	CDS		ATG	FF955_15340|CP040691_3108777_3109094_+3_ATG_105
CP040691	3111474	TAG	FF955_15355	3110866	609	CDS		GTG	FF955_15355|CP040691_3110866_3111474_+1_GTG_202
CP040691	3112954	TGA	FF955_15360	3111545	1410	CDS		GTG	FF955_15360|CP040691_3111545_3112954_+2_GTG_469
CP040691	3113763	TGA	FF955_15365	3112951	813	CDS		ATG	FF955_15365|CP040691_3112951_3113763_+1_ATG_270
CP040691	3116352	TGA	FF955_15370	3115091	1263	fCDS		ATG	FF955_15370_fCDS|CP040691_3115091_3116352_+2_ATG_420
CP040691	3126429	AGC	FF955_15435	3125743	687	CDS	true	ATG	FF955_15435_p|CP040691_3125743_3126429_+1_ATG_229
CP040691	3139089	TGA	FF955_15495	3138544	546	CDS		GTG	FF955_15495|CP040691_3138544_3139089_+1_GTG_181
CP040691	3139574	TAG	FF955_15500	3139086	489	CDS		ATG	FF955_15500|CP040691_3139086_3139574_+3_ATG_162
CP040691	3152489	TGA	FF955_15545	3150642	1848	CDS		ATG	FF955_15545|CP040691_3150642_3152489_+3_ATG_615
CP040691	3153566	TGA	FF955_15550	3152526	1041	CDS		GTG	FF955_15550|CP040691_3152526_3153566_+3_GTG_346
CP040691	3154958	TGA	FF955_15555	3153579	1380	CDS		ATG	FF955_15555|CP040691_3153579_3154958_+3_ATG_459
CP040691	3156176	TGA	FF955_15560	3155058	1119	CDS		ATG	FF955_15560|CP040691_3155058_3156176_+3_ATG_372
CP040691	3156574	TAA	FF955_15565	3156242	333	CDS		GTG	FF955_15565|CP040691_3156242_3156574_+2_GTG_110
CP040691	3156801	TGA	FF955_15570	3156586	216	CDS		ATG	FF955_15570|CP040691_3156586_3156801_+1_ATG_71
CP040691	3156904	TGA	FF955_15575	3156722	183	CDS		ATG	FF955_15575|CP040691_3156722_3156904_+2_ATG_60
CP040691	3163368	TGA	FF955_15610	3163174	195	CDS		ATG	FF955_15610|CP040691_3163174_3163368_+1_ATG_64
CP040691	3163745	TGA	FF955_15615	3163365	381	CDS		ATG	FF955_15615|CP040691_3163365_3163745_+3_ATG_126
CP040691	3166191	TGA	FF955_15625	3165910	282	CDS		ATG	FF955_15625|CP040691_3165910_3166191_+1_ATG_93
CP040691	3166458	TAG	FF955_15630	3166195	264	CDS		GTG	FF955_15630|CP040691_3166195_3166458_+1_GTG_87
CP040691	3171768	TGA	FF955_15655	3171511	258	CDS		GTG	FF955_15655|CP040691_3171511_3171768_+1_GTG_85
CP040691	3172198	TAA	FF955_15660	3171755	444	CDS		ATG	FF955_15660|CP040691_3171755_3172198_+2_ATG_147
CP040691	3172940	TAA	FF955_15665	3172278	663	CDS		ATG	FF955_15665|CP040691_3172278_3172940_+3_ATG_220
CP040691	3173227	TGA	FF955_15670	3173036	192	CDS		ATG	FF955_15670|CP040691_3173036_3173227_+2_ATG_63
CP040691	3175307	TGA	FF955_15675	3173220	2088	CDS		ATG	FF955_15675|CP040691_3173220_3175307_+3_ATG_695
CP040691	3175984	TAA	FF955_15680	3175403	582	CDS		ATG	FF955_15680|CP040691_3175403_3175984_+2_ATG_193
CP040691	3176350	TAG	FF955_15685	3176036	315	CDS		ATG	FF955_15685|CP040691_3176036_3176350_+2_ATG_104
CP040691	3182629	TGA	FF955_15730	3181871	759	CDS		ATG	FF955_15730|CP040691_3181871_3182629_+2_ATG_252
CP040691	3185329	TAG	FF955_15745	3184910	420	CDS		ATG	FF955_15745|CP040691_3184910_3185329_+2_ATG_139
CP040691	3189494	TGA	FF955_15765	3188745	750	CDS		TTG	FF955_15765|CP040691_3188745_3189494_+3_TTG_249
CP040691	3191876	TAG	FF955_15775	3190899	978	CDS		ATG	FF955_15775|CP040691_3190899_3191876_+3_ATG_325
CP040691	3204051	TGA	FF955_15835	3203107	945	CDS		ATG	FF955_15835|CP040691_3203107_3204051_+1_ATG_314
CP040691	3207692	TAG	FF955_15865	3206817	876	CDS		ATG	FF955_15865|CP040691_3206817_3207692_+3_ATG_291
CP040691	3216721	TGA	FF955_15895	3214841	1881	CDS		GTG	FF955_15895|CP040691_3214841_3216721_+2_GTG_626
CP040691	3221800	TAG	FF955_15915	3221579	222	CDS		GTG	FF955_15915|CP040691_3221579_3221800_+2_GTG_73
CP040691	3231906	TAG	FF955_15965	3231121	786	CDS		ATG	FF955_15965|CP040691_3231121_3231906_+1_ATG_261
CP040691	3232204	TGA	FF955_15970	3231893	312	CDS		ATG	FF955_15970|CP040691_3231893_3232204_+2_ATG_103
CP040691	3234371	TGA	FF955_15975	3232620	1752	CDS		ATG	FF955_15975|CP040691_3232620_3234371_+3_ATG_583
CP040691	3239998	TGA	FF955_15980	3234368	5631	CDS		ATG	FF955_15980|CP040691_3234368_3239998_+2_ATG_1876
CP040691	3244611	TGA	FF955_15985	3239995	4617	CDS		GTG	FF955_15985|CP040691_3239995_3244611_+1_GTG_1538
CP040691	3251174	TGA	FF955_15990	3244608	6567	CDS		ATG	FF955_15990|CP040691_3244608_3251174_+3_ATG_2188
CP040691	3256654	TAA	FF955_15995	3251171	5484	CDS		ATG	FF955_15995|CP040691_3251171_3256654_+2_ATG_1827
CP040691	3261126	TGA	FF955_16000	3256660	4467	CDS		GTG	FF955_16000|CP040691_3256660_3261126_+1_GTG_1488
CP040691	3262132	TGA	FF955_16005	3261137	996	CDS		ATG	FF955_16005|CP040691_3261137_3262132_+2_ATG_331
CP040691	3262998	TGA	FF955_16010	3262129	870	CDS		ATG	FF955_16010|CP040691_3262129_3262998_+1_ATG_289
CP040691	3263825	TGA	FF955_16015	3262995	831	CDS		ATG	FF955_16015|CP040691_3262995_3263825_+3_ATG_276
CP040691	3265140	TGA	FF955_16020	3263872	1269	CDS		ATG	FF955_16020|CP040691_3263872_3265140_+1_ATG_422
CP040691	3274000	TAG	FF955_16030	3272258	1743	CDS		ATG	FF955_16030|CP040691_3272258_3274000_+2_ATG_580
CP040691	3276755	TGA	FF955_16035	3273993	2763	CDS		ATG	FF955_16035|CP040691_3273993_3276755_+3_ATG_920
CP040691	3278628	TGA	FF955_16045	3277387	1242	CDS		ATG	FF955_16045|CP040691_3277387_3278628_+1_ATG_413
CP040691	3279429	TAA	FF955_16050	3278628	802	CDS	true	ATG	FF955_16050_p|CP040691_3278628_3279429_+3_ATG_267
CP040691	3291862	TGA	FF955_16085	3291545	318	CDS		ATG	FF955_16085|CP040691_3291545_3291862_+2_ATG_105
CP040691	3294183	TGA	FF955_16095	3293371	813	CDS		ATG	FF955_16095|CP040691_3293371_3294183_+1_ATG_270
CP040691	3295465	TAA	FF955_16100	3294209	1257	CDS		ATG	FF955_16100|CP040691_3294209_3295465_+2_ATG_418
CP040691	3298329	TGA	FF955_16115	3297598	732	CDS		GTG	FF955_16115|CP040691_3297598_3298329_+1_GTG_243
CP040691	3299227	TAG	FF955_16120	3298400	828	CDS		ATG	FF955_16120|CP040691_3298400_3299227_+2_ATG_275
CP040691	3302602	TGA	FF955_16145	3302147	456	CDS	true	CCG	FF955_16145_p|CP040691_3302147_3302602_+2_CCG_151
CP040691	3305386	TAG	FF955_16155	3304166	1221	CDS		GTG	FF955_16155|CP040691_3304166_3305386_+2_GTG_406
CP040691	3306391	TGA	FF955_16160	3305459	933	CDS		ATG	FF955_16160|CP040691_3305459_3306391_+2_ATG_310
CP040691	3307216	TAG	FF955_16170	3307031	186	CDS		ATG	FF955_16170|CP040691_3307031_3307216_+2_ATG_61
CP040691	3315024	TGA	FF955_16205	3314831	194	CDS	true	GTC	FF955_16205_p|CP040691_3314831_3315024_+2_GTC_64
CP040691	3315879	TGA	FF955_16210	3315031	849	CDS		GTG	FF955_16210|CP040691_3315031_3315879_+1_GTG_282
CP040691	3320976	TGA	FF955_16235	3320782	195	CDS		ATG	FF955_16235|CP040691_3320782_3320976_+1_ATG_64
CP040691	3325433	TAG	FF955_16260	3324888	546	CDS		GTG	FF955_16260|CP040691_3324888_3325433_+3_GTG_181
CP040691	3325837	CGG	FF955_16265	3325673	165	CDS	true	ATC	FF955_16265_p|CP040691_3325673_3325837_+2_ATC_55
CP040691	3328805	TGA	FF955_16280	3328161	645	CDS		ATG	FF955_16280|CP040691_3328161_3328805_+3_ATG_214
CP040691	3331125	TGA	FF955_16285	3328897	2229	CDS		ATG	FF955_16285|CP040691_3328897_3331125_+1_ATG_742
CP040691	3332161	TAA	FF955_16290	3331208	954	CDS		GTG	FF955_16290|CP040691_3331208_3332161_+2_GTG_317
CP040691	3337249	TAG	FF955_16320	3336548	702	CDS		GTG	FF955_16320|CP040691_3336548_3337249_+2_GTG_233
CP040691	3338874	TAG	FF955_16330	3338383	492	CDS		ATG	FF955_16330|CP040691_3338383_3338874_+1_ATG_163
CP040691	3342956	GGG	FF955_16355	3341670	1287	CDS	true	ATG	FF955_16355_p|CP040691_3341670_3342956_+3_ATG_429
CP040691	3346942	TAA	FF955_16370	3345500	1443	CDS		GTG	FF955_16370|CP040691_3345500_3346942_+2_GTG_480
CP040691	3348968	TAA	FF955_16385	3348003	966	CDS		ATG	FF955_16385|CP040691_3348003_3348968_+3_ATG_321
CP040691	3349672	TGA	FF955_16390	3349013	660	CDS		ATG	FF955_16390|CP040691_3349013_3349672_+2_ATG_219
CP040691	3354087	TGA	FF955_16410	3353749	339	CDS		ATG	FF955_16410|CP040691_3353749_3354087_+1_ATG_112
CP040691	3356231	TGA	FF955_16420	3355110	1122	CDS		ATG	FF955_16420|CP040691_3355110_3356231_+3_ATG_373
CP040691	3357668	TAA	FF955_16430	3357045	624	CDS		ATG	FF955_16430|CP040691_3357045_3357668_+3_ATG_207
CP040691	3362872	TGA	FF955_16455	3362216	657	CDS		GTG	FF955_16455|CP040691_3362216_3362872_+2_GTG_218
CP040691	3366788	TAG	FF955_16470	3366159	630	CDS		ATG	FF955_16470|CP040691_3366159_3366788_+3_ATG_209
CP040691	3370267	TGA	FF955_16490	3369006	1263	fCDS		ATG	FF955_16490_fCDS|CP040691_3369006_3370267_+3_ATG_420
CP040691	3374036	CCA	FF955_16515	3373908	129	CDS	true	TTG	FF955_16515_p|CP040691_3373908_3374036_+3_TTG_43
CP040691	3381211	TGA	FF955_16550	3380387	825	CDS		ATG	FF955_16550|CP040691_3380387_3381211_+2_ATG_274
CP040691	3382788	TGA	FF955_16555	3381208	1581	CDS		TTG	FF955_16555|CP040691_3381208_3382788_+1_TTG_526
CP040691	3384064	TAG	FF955_16560	3382820	1245	CDS		ATG	FF955_16560|CP040691_3382820_3384064_+2_ATG_414
CP040691	3384487	TAG	FF955_16565	3384098	390	CDS		GTG	FF955_16565|CP040691_3384098_3384487_+2_GTG_129
CP040691	3385214	TAG	FF955_16570	3384666	549	CDS		ATG	FF955_16570|CP040691_3384666_3385214_+3_ATG_182
CP040691	3387747	TAG	FF955_16580	3386665	1083	CDS		TTG	FF955_16580|CP040691_3386665_3387747_+1_TTG_360
CP040691	3397501	TAG	FF955_16630	3396422	1080	CDS		ATG	FF955_16630|CP040691_3396422_3397501_+2_ATG_359
CP040691	3398611	TGA	FF955_16635	3397571	1041	CDS		ATG	FF955_16635|CP040691_3397571_3398611_+2_ATG_346
CP040691	3407967	TGA	FF955_16690	3407353	615	CDS		GTG	FF955_16690|CP040691_3407353_3407967_+1_GTG_204
CP040691	3409017	TAG	FF955_16695	3407977	1041	CDS		ATG	FF955_16695|CP040691_3407977_3409017_+1_ATG_346
CP040691	3412242	TAG	FF955_16710	3410764	1479	CDS		ATG	FF955_16710|CP040691_3410764_3412242_+1_ATG_492
CP040691	3412702	TAG	FF955_16715	3412517	186	CDS		ATG	FF955_16715|CP040691_3412517_3412702_+2_ATG_61
CP040691	3418447	TGA	FF955_16730	3416924	1524	CDS		GTG	FF955_16730|CP040691_3416924_3418447_+2_GTG_507
CP040691	3420859	TAG	FF955_16735	3418583	2277	CDS		GTG	FF955_16735|CP040691_3418583_3420859_+2_GTG_758
CP040691	3422050	TGA	FF955_16745	3421727	324	CDS		TTG	FF955_16745|CP040691_3421727_3422050_+2_TTG_107
CP040691	3422655	TGA	FF955_16750	3422047	609	CDS		TTG	FF955_16750|CP040691_3422047_3422655_+1_TTG_202
CP040691	3423178	TGA	FF955_16755	3422768	411	CDS		TTG	FF955_16755|CP040691_3422768_3423178_+2_TTG_136
CP040691	3425430	TGA	FF955_16770	3425032	399	CDS		GTG	FF955_16770|CP040691_3425032_3425430_+1_GTG_132
CP040691	3425807	TGA	FF955_16775	3425427	381	CDS		ATG	FF955_16775|CP040691_3425427_3425807_+3_ATG_126
CP040691	3426913	TGA	FF955_16780	3425804	1110	CDS		ATG	FF955_16780|CP040691_3425804_3426913_+2_ATG_369
CP040691	3429393	TAG	FF955_16795	3428119	1275	CDS		ATG	FF955_16795|CP040691_3428119_3429393_+1_ATG_424
CP040691	3430888	TAA	FF955_16805	3430412	477	CDS		ATG	FF955_16805|CP040691_3430412_3430888_+2_ATG_158
CP040691	3432692	TAA	FF955_16810	3430881	1812	CDS		ATG	FF955_16810|CP040691_3430881_3432692_+3_ATG_603
CP040691	3433094	TGA	FF955_16815	3432693	402	CDS		TTG	FF955_16815|CP040691_3432693_3433094_+3_TTG_133
CP040691	3438618	TAG	FF955_16830	3437380	1239	CDS		GTG	FF955_16830|CP040691_3437380_3438618_+1_GTG_412
CP040691	3441331	TGA	FF955_16840	3439844	1488	CDS		ATG	FF955_16840|CP040691_3439844_3441331_+2_ATG_495
CP040691	3442263	TGA	FF955_16845	3441337	927	CDS		ATG	FF955_16845|CP040691_3441337_3442263_+1_ATG_308
CP040691	3443090	TAG	FF955_16850	3442260	831	CDS		ATG	FF955_16850|CP040691_3442260_3443090_+3_ATG_276
CP040691	3444227	TGA	FF955_16855	3443121	1107	CDS		ATG	FF955_16855|CP040691_3443121_3444227_+3_ATG_368
CP040691	3445683	TGA	FF955_16860	3444265	1419	CDS		ATG	FF955_16860|CP040691_3444265_3445683_+1_ATG_472
CP040691	3447104	TGA	FF955_16865	3445680	1425	CDS		ATG	FF955_16865|CP040691_3445680_3447104_+3_ATG_474
CP040691	3448612	TGA	FF955_16870	3447101	1512	CDS		ATG	FF955_16870|CP040691_3447101_3448612_+2_ATG_503
CP040691	3449104	TAG	FF955_16875	3448892	213	CDS		TTG	FF955_16875|CP040691_3448892_3449104_+2_TTG_70
CP040691	3450438	TAA	FF955_16885	3449551	888	CDS		ATG	FF955_16885|CP040691_3449551_3450438_+1_ATG_295
CP040691	3452147	TAG	FF955_16890	3450456	1692	CDS		ATG	FF955_16890|CP040691_3450456_3452147_+3_ATG_563
CP040691	3455789	TAA	FF955_16910	3455313	477	CDS		ATG	FF955_16910|CP040691_3455313_3455789_+3_ATG_158
CP040691	3457026	TAG	FF955_16915	3455887	1140	CDS		GTG	FF955_16915|CP040691_3455887_3457026_+1_GTG_379
CP040691	3459266	TGA	FF955_16930	3458946	321	CDS		GTG	FF955_16930|CP040691_3458946_3459266_+3_GTG_106
CP040691	3466718	TGA	FF955_16975	3465348	1371	CDS		ATG	FF955_16975|CP040691_3465348_3466718_+3_ATG_456
CP040691	3468841	TAA	FF955_16985	3468401	441	CDS		ATG	FF955_16985|CP040691_3468401_3468841_+2_ATG_146
CP040691	3470069	TAA	FF955_16990	3468990	1080	CDS		ATG	FF955_16990|CP040691_3468990_3470069_+3_ATG_359
CP040691	3470515	TGA	FF955_16995	3470120	396	CDS		ATG	FF955_16995|CP040691_3470120_3470515_+2_ATG_131
CP040691	3471024	TAA	FF955_17000	3470512	513	CDS		ATG	FF955_17000|CP040691_3470512_3471024_+1_ATG_170
CP040691	3471292	TGA	FF955_17005	3471041	252	CDS		ATG	FF955_17005|CP040691_3471041_3471292_+2_ATG_83
CP040691	3472083	TGA	FF955_17010	3471415	669	CDS		ATG	FF955_17010|CP040691_3471415_3472083_+1_ATG_222
CP040691	3472630	TGA	FF955_17015	3472100	531	CDS		GTG	FF955_17015|CP040691_3472100_3472630_+2_GTG_176
CP040691	3474039	TAG	FF955_17025	3472792	1248	CDS		ATG	FF955_17025|CP040691_3472792_3474039_+1_ATG_415
CP040691	3475286	TAG	FF955_17030	3474117	1170	CDS		ATG	FF955_17030|CP040691_3474117_3475286_+3_ATG_389
CP040691	3476148	TGA	FF955_17035	3475315	834	CDS		ATG	FF955_17035|CP040691_3475315_3476148_+1_ATG_277
CP040691	3476452	TGA	FF955_17040	3476150	303	CDS		ATG	FF955_17040|CP040691_3476150_3476452_+2_ATG_100
CP040691	3476916	TGA	FF955_17045	3476473	444	CDS		ATG	FF955_17045|CP040691_3476473_3476916_+1_ATG_147
CP040691	3477515	TGA	FF955_17050	3476913	603	CDS		ATG	FF955_17050|CP040691_3476913_3477515_+3_ATG_200
CP040691	3479052	TGA	FF955_17055	3477850	1203	CDS		ATG	FF955_17055|CP040691_3477850_3479052_+1_ATG_400
CP040691	3479900	TAG	FF955_17065	3479475	426	CDS		GTG	FF955_17065|CP040691_3479475_3479900_+3_GTG_141
CP040691	3480404	TAA	FF955_17070	3479910	495	CDS		TTG	FF955_17070|CP040691_3479910_3480404_+3_TTG_164
CP040691	3481716	TAA	FF955_17075	3480847	870	CDS		GTG	FF955_17075|CP040691_3480847_3481716_+1_GTG_289
CP040691	3484522	TGA	FF955_17090	3483488	1035	CDS		GTG	FF955_17090|CP040691_3483488_3484522_+2_GTG_344
CP040691	3487691	TAG	FF955_17115	3487359	333	CDS		GTG	FF955_17115|CP040691_3487359_3487691_+3_GTG_110
CP040691	3490248	TGA	FF955_17125	3489250	999	CDS		ATG	FF955_17125|CP040691_3489250_3490248_+1_ATG_332
CP040691	3494686	TGG	FF955_17150	3494033	654	CDS	true	ATG	FF955_17150_p|CP040691_3494033_3494686_+2_ATG_218
CP040691	3496025	TAA	FF955_17155	3494883	1143	CDS		ATG	FF955_17155|CP040691_3494883_3496025_+3_ATG_380
CP040691	3497264	TAA	FF955_17165	3496482	783	CDS		GTG	FF955_17165|CP040691_3496482_3497264_+3_GTG_260
CP040691	3498372	TGA	FF955_17170	3497284	1089	CDS		ATG	FF955_17170|CP040691_3497284_3498372_+1_ATG_362
CP040691	3499858	TAG	FF955_17175	3498452	1407	CDS		ATG	FF955_17175|CP040691_3498452_3499858_+2_ATG_468
CP040691	3501084	TAG	FF955_17180	3499879	1206	CDS		ATG	FF955_17180|CP040691_3499879_3501084_+1_ATG_401
CP040691	3502155	TAA	FF955_17185	3501184	972	CDS		ATG	FF955_17185|CP040691_3501184_3502155_+1_ATG_323
CP040691	3503144	TAA	FF955_17195	3502743	402	CDS		GTG	FF955_17195|CP040691_3502743_3503144_+3_GTG_133
CP040691	3505157	TGA	FF955_17205	3504771	387	CDS		TTG	FF955_17205|CP040691_3504771_3505157_+3_TTG_128
CP040691	3505720	TGA	FF955_17210	3505166	555	CDS		GTG	FF955_17210|CP040691_3505166_3505720_+2_GTG_184
CP040691	3506427	TGA	FF955_17215	3505717	711	CDS		ATG	FF955_17215|CP040691_3505717_3506427_+1_ATG_236
CP040691	3507749	TGA	FF955_17220	3506427	1323	CDS		ATG	FF955_17220|CP040691_3506427_3507749_+3_ATG_440
CP040691	3508504	TGA	FF955_17225	3507746	759	CDS		GTG	FF955_17225|CP040691_3507746_3508504_+2_GTG_252
CP040691	3509838	TGA	FF955_17230	3508501	1338	CDS		ATG	FF955_17230|CP040691_3508501_3509838_+1_ATG_445
CP040691	3512255	TGA	FF955_17235	3509835	2421	CDS		GTG	FF955_17235|CP040691_3509835_3512255_+3_GTG_806
CP040691	3513603	TAA	FF955_17240	3512371	1233	CDS		ATG	FF955_17240|CP040691_3512371_3513603_+1_ATG_410
CP040691	3514231	TGA	FF955_17245	3513596	636	CDS		GTG	FF955_17245|CP040691_3513596_3514231_+2_GTG_211
CP040691	3515016	TGA	FF955_17250	3514228	789	CDS		ATG	FF955_17250|CP040691_3514228_3515016_+1_ATG_262
CP040691	3515312	TGA	FF955_17255	3515013	300	CDS		ATG	FF955_17255|CP040691_3515013_3515312_+3_ATG_99
CP040691	3517224	TGA	FF955_17260	3515323	1902	CDS		GTG	FF955_17260|CP040691_3515323_3517224_+1_GTG_633
CP040691	3518882	TGA	FF955_17265	3517221	1662	CDS		GTG	FF955_17265|CP040691_3517221_3518882_+3_GTG_553
CP040691	3520474	TGA	FF955_17270	3518879	1596	CDS		ATG	FF955_17270|CP040691_3518879_3520474_+2_ATG_531
CP040691	3532473	TAA	FF955_17325	3531337	1137	CDS		GTG	FF955_17325|CP040691_3531337_3532473_+1_GTG_378
CP040691	3533597	TAG	FF955_17330	3532473	1125	CDS		ATG	FF955_17330|CP040691_3532473_3533597_+3_ATG_374
CP040691	3535086	TGA	FF955_17335	3533740	1347	CDS		GTG	FF955_17335|CP040691_3533740_3535086_+1_GTG_448
CP040691	3538080	TGA	FF955_17355	3537373	708	CDS		ATG	FF955_17355|CP040691_3537373_3538080_+1_ATG_235
CP040691	3539582	TAG	FF955_17360	3538095	1488	CDS		ATG	FF955_17360|CP040691_3538095_3539582_+3_ATG_495
CP040691	3541542	TGA	FF955_17370	3540682	861	CDS		GTG	FF955_17370|CP040691_3540682_3541542_+1_GTG_286
CP040691	3542032	TAA	FF955_17375	3541637	396	CDS		ATC	FF955_17375|CP040691_3541637_3542032_+2_ATC_131
CP040691	3542259	TGA	FF955_17380	3542048	212	CDS	true	TCC	FF955_17380_p|CP040691_3542048_3542259_+2_TCC_70
CP040691	3542565	TGA	FF955_17385	3542272	294	CDS		GTG	FF955_17385|CP040691_3542272_3542565_+1_GTG_97
CP040691	3544142	TAG	FF955_17390	3542853	1290	CDS		GTG	FF955_17390|CP040691_3542853_3544142_+3_GTG_429
CP040691	3547311	TGA	FF955_17410	3546967	345	CDS		TTG	FF955_17410|CP040691_3546967_3547311_+1_TTG_114
CP040691	3547637	TGA	FF955_17415	3547308	330	CDS		ATG	FF955_17415|CP040691_3547308_3547637_+3_ATG_109
CP040691	3548522	TGA	FF955_17420	3548175	348	CDS		ATG	FF955_17420|CP040691_3548175_3548522_+3_ATG_115
CP040691	3549139	TAA	FF955_17425	3548519	621	CDS		GTG	FF955_17425|CP040691_3548519_3549139_+2_GTG_206
CP040691	3550941	TGA	FF955_17435	3550732	210	CDS		ATG	FF955_17435|CP040691_3550732_3550941_+1_ATG_69
CP040691	3551161	TGA	FF955_17440	3550976	186	CDS		ATG	FF955_17440|CP040691_3550976_3551161_+2_ATG_61
CP040691	3553901	TGA	FF955_17465	3553284	618	CDS		ATG	FF955_17465|CP040691_3553284_3553901_+3_ATG_205
CP040691	3559659	TGA	FF955_17480	3558241	1419	CDS		GTG	FF955_17480|CP040691_3558241_3559659_+1_GTG_472
CP040691	3560564	TGA	FF955_17485	3559665	900	CDS		GTG	FF955_17485|CP040691_3559665_3560564_+3_GTG_299
CP040691	3562244	TGA	FF955_17495	3560901	1344	CDS		ATG	FF955_17495|CP040691_3560901_3562244_+3_ATG_447
CP040691	3565466	TAA	FF955_17510	3565212	255	CDS		ATG	FF955_17510|CP040691_3565212_3565466_+3_ATG_84
CP040691	3574372	TAG	FF955_17535	3574163	210	CDS		ATG	FF955_17535|CP040691_3574163_3574372_+2_ATG_69
CP040691	3575188	TAG	FF955_17540	3574403	786	CDS		GTG	FF955_17540|CP040691_3574403_3575188_+2_GTG_261
CP040691	3575496	TGA	FF955_17545	3575191	306	CDS		ATG	FF955_17545|CP040691_3575191_3575496_+1_ATG_101
CP040691	3579566	TAG	FF955_17565	3578880	687	CDS		ATG	FF955_17565|CP040691_3578880_3579566_+3_ATG_228
CP040691	3580710	TAG	FF955_17575	3580150	561	CDS		GTG	FF955_17575|CP040691_3580150_3580710_+1_GTG_186
CP040691	3583257	TGA	FF955_17585	3581674	1584	CDS		ATG	FF955_17585|CP040691_3581674_3583257_+1_ATG_527
CP040691	3584493	TGA	FF955_17590	3583270	1224	CDS		ATG	FF955_17590|CP040691_3583270_3584493_+1_ATG_407
CP040691	3586134	TGA	FF955_17600	3585523	612	CDS		ATG	FF955_17600|CP040691_3585523_3586134_+1_ATG_203
CP040691	3587249	TGA	FF955_17605	3586131	1119	CDS		GTG	FF955_17605|CP040691_3586131_3587249_+3_GTG_372
CP040691	3587729	TGA	FF955_17610	3587397	333	CDS		ATG	FF955_17610|CP040691_3587397_3587729_+3_ATG_110
CP040691	3589310	TGA	FF955_17620	3588345	966	CDS		ATG	FF955_17620|CP040691_3588345_3589310_+3_ATG_321
CP040691	3589844	TGA	FF955_17625	3589590	255	CDS		ATG	FF955_17625|CP040691_3589590_3589844_+3_ATG_84
CP040691	3591918	TAA	FF955_17640	3591844	75	CDS		ATG	FF955_17640|CP040691_3591844_3591918_+1_ATG_24
CP040691	3594576	TAG	FF955_17660	3593728	849	CDS		ATG	FF955_17660|CP040691_3593728_3594576_+1_ATG_282
CP040691	3594700	TAA	FF955_17665	3594590	111	CDS		CTG	FF955_17665|CP040691_3594590_3594700_+2_CTG_36
CP040691	3594896	TAA	FF955_17670	3594678	219	CDS		GTG	FF955_17670|CP040691_3594678_3594896_+3_GTG_72
CP040691	3598606	TGA	FF955_17685	3597254	1353	CDS		GTG	FF955_17685|CP040691_3597254_3598606_+2_GTG_450
CP040691	3599595	TGA	FF955_17690	3598603	993	CDS		TTG	FF955_17690|CP040691_3598603_3599595_+1_TTG_330
CP040691	3605819	TGA	FF955_17720	3605178	642	CDS		ATG	FF955_17720|CP040691_3605178_3605819_+3_ATG_213
CP040691	3628941	TGA	FF955_17815	3627553	1389	CDS		GTG	FF955_17815|CP040691_3627553_3628941_+1_GTG_462
CP040691	3633722	TAG	FF955_17840	3633303	420	CDS		ATG	FF955_17840|CP040691_3633303_3633722_+3_ATG_139
CP040691	3634371	TGA	FF955_17850	3634172	200	CDS	true	ATG	FF955_17850_p|CP040691_3634172_3634371_+2_ATG_66
CP040691	3635416	TGA	FF955_17855	3634421	996	CDS		GTG	FF955_17855|CP040691_3634421_3635416_+2_GTG_331
CP040691	3636759	TGA	FF955_17860	3635413	1347	CDS		TTG	FF955_17860|CP040691_3635413_3636759_+1_TTG_448
CP040691	3636991	CTG	FF955_17865	3636801	191	CDS	true	CTG	FF955_17865_p|CP040691_3636801_3636991_+3_CTG_63
CP040691	3638716	TAA	FF955_17870	3637055	1662	CDS		ATG	FF955_17870|CP040691_3637055_3638716_+2_ATG_553
CP040691	3643259	TGA	FF955_17890	3641763	1497	CDS		GTG	FF955_17890|CP040691_3641763_3643259_+3_GTG_498
CP040691	3643987	TGA	FF955_17895	3643298	690	CDS		ATG	FF955_17895|CP040691_3643298_3643987_+2_ATG_229
CP040691	3644393	TGA	FF955_17900	3644112	282	CDS		ATG	FF955_17900|CP040691_3644112_3644393_+3_ATG_93
CP040691	3646560	TAG	FF955_17905	3644404	2157	CDS		ATG	FF955_17905|CP040691_3644404_3646560_+1_ATG_718
CP040691	3648510	TGA	FF955_17915	3647326	1185	CDS		ATG	FF955_17915|CP040691_3647326_3648510_+1_ATG_394
CP040691	3650809	TAG	FF955_17920	3648515	2295	CDS		GTG	FF955_17920|CP040691_3648515_3650809_+2_GTG_764
CP040691	3654574	TGA	FF955_17940	3653756	819	CDS		ATG	FF955_17940|CP040691_3653756_3654574_+2_ATG_272
CP040691	3657586	TGA	FF955_17955	3655940	1647	CDS		ATG	FF955_17955|CP040691_3655940_3657586_+2_ATG_548
CP040691	3657965	TGA	FF955_17960	3657567	399	CDS		ATG	FF955_17960|CP040691_3657567_3657965_+3_ATG_132
CP040691	3658630	TAG	FF955_17965	3657962	669	CDS		ATG	FF955_17965|CP040691_3657962_3658630_+2_ATG_222
CP040691	3659564	TGA	FF955_17970	3658671	894	CDS		GTG	FF955_17970|CP040691_3658671_3659564_+3_GTG_297
CP040691	3659992	TGA	FF955_17975	3659561	432	CDS		ATG	FF955_17975|CP040691_3659561_3659992_+2_ATG_143
CP040691	3661902	TAA	FF955_17980	3660100	1803	CDS		GTG	FF955_17980|CP040691_3660100_3661902_+1_GTG_600
CP040691	3667318	TGA	FF955_18015	3666071	1248	CDS		ATG	FF955_18015|CP040691_3666071_3667318_+2_ATG_415
CP040691	3668829	TAA	FF955_18020	3667345	1485	CDS		GTG	FF955_18020|CP040691_3667345_3668829_+1_GTG_494
CP040691	3670474	TGA	FF955_18030	3669809	666	CDS		ATG	FF955_18030|CP040691_3669809_3670474_+2_ATG_221
CP040691	3675059	TAA	FF955_18035	3670518	4542	CDS		GTG	FF955_18035|CP040691_3670518_3675059_+3_GTG_1513
CP040691	3675830	TGA	FF955_18040	3675063	768	CDS		ATG	FF955_18040|CP040691_3675063_3675830_+3_ATG_255
CP040691	3684783	GCG	FF955_18075	3684706	78	CDS	true	ATG	FF955_18075_p|CP040691_3684706_3684783_+1_ATG_26
CP040691	3685421	TAA	FF955_18080	3684942	480	CDS		GTG	FF955_18080|CP040691_3684942_3685421_+3_GTG_159
CP040691	3688661	TAA	FF955_18095	3687855	807	CDS		GTG	FF955_18095|CP040691_3687855_3688661_+3_GTG_268
CP040691	3690269	TGA	FF955_18100	3688665	1605	CDS		GTG	FF955_18100|CP040691_3688665_3690269_+3_GTG_534
CP040691	3691898	TAG	FF955_18110	3690999	900	CDS		ATG	FF955_18110|CP040691_3690999_3691898_+3_ATG_299
CP040691	3693184	TAG	FF955_18115	3691922	1263	CDS		ATG	FF955_18115|CP040691_3691922_3693184_+2_ATG_420
CP040691	3698241	TGA	FF955_18150	3697804	438	CDS		ATA	FF955_18150|CP040691_3697804_3698241_+1_ATA_145
CP040691	3698672	TGA	FF955_18155	3698238	435	CDS		ATG	FF955_18155|CP040691_3698238_3698672_+3_ATG_144
CP040691	3700573	TAA	FF955_18160	3698801	1773	CDS		TTG	FF955_18160|CP040691_3698801_3700573_+2_TTG_590
CP040691	3701364	TGA	FF955_18165	3700573	792	CDS		ATG	FF955_18165|CP040691_3700573_3701364_+1_ATG_263
CP040691	3705986	TGA	FF955_18205	3705636	351	CDS		ATG	FF955_18205|CP040691_3705636_3705986_+3_ATG_116
CP040691	3706350	TAA	FF955_18210	3705964	387	CDS		GTG	FF955_18210|CP040691_3705964_3706350_+1_GTG_128
CP040691	3707371	TAG	FF955_18215	3706298	1074	CDS		TTG	FF955_18215|CP040691_3706298_3707371_+2_TTG_357
CP040691	3709513	TGA	FF955_18230	3709352	162	CDS		ATG	FF955_18230|CP040691_3709352_3709513_+2_ATG_53
CP040691	3711064	TGA	FF955_18235	3709535	1530	CDS		ATG	FF955_18235|CP040691_3709535_3711064_+2_ATG_509
CP040691	3713311	TAA	FF955_18245	3711944	1368	CDS		TTG	FF955_18245|CP040691_3711944_3713311_+2_TTG_455
CP040691	3714597	TAG	FF955_18250	3713380	1218	CDS		ATG	FF955_18250|CP040691_3713380_3714597_+1_ATG_405
CP040691	3716201	TGA	FF955_18255	3714693	1509	CDS		GTG	FF955_18255|CP040691_3714693_3716201_+3_GTG_502
CP040691	3717349	TGA	FF955_18260	3716198	1152	CDS		GTG	FF955_18260|CP040691_3716198_3717349_+2_GTG_383
CP040691	3718841	TAG	FF955_18270	3718362	480	CDS		ATG	FF955_18270|CP040691_3718362_3718841_+3_ATG_159
CP040691	3719300	TAG	FF955_18275	3718860	441	CDS		ATG	FF955_18275|CP040691_3718860_3719300_+3_ATG_146
CP040691	3722151	TAG	FF955_18290	3721519	633	CDS		GTG	FF955_18290|CP040691_3721519_3722151_+1_GTG_210
CP040691	3725079	TGA	FF955_18300	3723730	1350	CDS		ATG	FF955_18300|CP040691_3723730_3725079_+1_ATG_449
CP040691	3726230	TGA	FF955_18305	3725091	1140	CDS		ATG	FF955_18305|CP040691_3725091_3726230_+3_ATG_379
CP040691	3726958	TGA	FF955_18310	3726227	732	CDS		GTG	FF955_18310|CP040691_3726227_3726958_+2_GTG_243
CP040691	3753778	TAG	FF955_18340	3753332	447	CDS		ATC	FF955_18340|CP040691_3753332_3753778_+2_ATC_148
CP040691	3753879	GAC	FF955_18345	3753793	87	CDS	true	GTG	FF955_18345_p|CP040691_3753793_3753879_+1_GTG_29
CP040691	3769021	TAG	FF955_18385	3768632	390	CDS		ATG	FF955_18385|CP040691_3768632_3769021_+2_ATG_129
CP040691	3770569	TGA	FF955_18400	3770294	276	CDS		ATG	FF955_18400|CP040691_3770294_3770569_+2_ATG_91
CP040691	3770823	TGA	FF955_18405	3770566	258	CDS		GTG	FF955_18405|CP040691_3770566_3770823_+1_GTG_85
CP040691	3772055	TAG	FF955_18410	3770865	1191	CDS		GTG	FF955_18410|CP040691_3770865_3772055_+3_GTG_396
CP040691	3772540	TAG	FF955_18415	3772172	369	CDS		ATG	FF955_18415|CP040691_3772172_3772540_+2_ATG_122
CP040691	3777722	TAG	FF955_18445	3777258	465	CDS		ATG	FF955_18445|CP040691_3777258_3777722_+3_ATG_154
CP040691	3779864	TAA	FF955_18455	3778089	1776	CDS		ATG	FF955_18455|CP040691_3778089_3779864_+3_ATG_591
CP040691	3780942	TGA	FF955_18465	3780508	435	CDS		ATG	FF955_18465|CP040691_3780508_3780942_+1_ATG_144
CP040691	3785802	TGA	FF955_18475	3784462	1341	CDS		ATG	FF955_18475|CP040691_3784462_3785802_+1_ATG_446
CP040691	3787019	TGA	FF955_18480	3785844	1176	CDS		GTG	FF955_18480|CP040691_3785844_3787019_+3_GTG_391
CP040691	3787177	TGA	FF955_18485	3787073	105	CDS		ATG	FF955_18485|CP040691_3787073_3787177_+2_ATG_34
CP040691	3787897	TGA	FF955_18490	3787256	642	CDS		ATG	FF955_18490|CP040691_3787256_3787897_+2_ATG_213
CP040691	3788146	TAG	FF955_18495	3787898	249	CDS		TTG	FF955_18495|CP040691_3787898_3788146_+2_TTG_82
CP040691	3789578	TGA	FF955_18500	3788151	1428	CDS		ATG	FF955_18500|CP040691_3788151_3789578_+3_ATG_475
CP040691	3790339	TGA	FF955_18505	3789686	654	CDS		TTG	FF955_18505|CP040691_3789686_3790339_+2_TTG_217
CP040691	3797314	TGA	FF955_18535	3796053	1263	fCDS		ATG	FF955_18535_fCDS|CP040691_3796053_3797314_+3_ATG_420
CP040691	3800995	TGA	FF955_18555	3799654	1342	CDS	true	TTG	FF955_18555_p|CP040691_3799654_3800995_+1_TTG_447
CP040691	3803362	TAA	FF955_18560	3801185	2178	CDS		ATG	FF955_18560|CP040691_3801185_3803362_+2_ATG_725
CP040691	3805089	TGA	FF955_18570	3804379	711	CDS		ATG	FF955_18570|CP040691_3804379_3805089_+1_ATG_236
CP040691	3807087	TAG	FF955_18575	3805135	1953	CDS		ATG	FF955_18575|CP040691_3805135_3807087_+1_ATG_650
CP040691	3808901	TGA	FF955_18585	3807975	927	CDS		GTG	FF955_18585|CP040691_3807975_3808901_+3_GTG_308
CP040691	3811859	TAG	FF955_18600	3811233	627	CDS		GTG	FF955_18600|CP040691_3811233_3811859_+3_GTG_208
CP040691	3816689	TAG	FF955_18620	3815643	1047	CDS		ATG	FF955_18620|CP040691_3815643_3816689_+3_ATG_348
CP040691	3817541	TAG	FF955_18625	3816753	789	CDS		ATG	FF955_18625|CP040691_3816753_3817541_+3_ATG_262
CP040691	3819915	TGA	FF955_18630	3817556	2360	CDS	true	ATG	FF955_18630_p|CP040691_3817556_3819915_+2_ATG_786
CP040691	3826367	TGA	FF955_18665	3825480	888	CDS		ATG	FF955_18665|CP040691_3825480_3826367_+3_ATG_295
CP040691	3826701	TGA	FF955_18670	3826402	300	CDS		ATG	FF955_18670|CP040691_3826402_3826701_+1_ATG_99
CP040691	3827108	TGA	FF955_18675	3826698	411	CDS		GTG	FF955_18675|CP040691_3826698_3827108_+3_GTG_136
CP040691	3832286	TGA	FF955_18695	3831876	411	CDS		GTG	FF955_18695|CP040691_3831876_3832286_+3_GTG_136
CP040691	3835350	TAA	FF955_18715	3835042	309	CDS		ATG	FF955_18715|CP040691_3835042_3835350_+1_ATG_102
CP040691	3841760	TAG	FF955_18755	3841530	231	CDS		GTG	FF955_18755|CP040691_3841530_3841760_+3_GTG_76
CP040691	3842918	TAG	FF955_18765	3842389	530	CDS	true	ATG	FF955_18765_p|CP040691_3842389_3842918_+1_ATG_176
CP040691	3843715	TAG	FF955_18770	3843185	531	CDS		ATG	FF955_18770|CP040691_3843185_3843715_+2_ATG_176
CP040691	3848571	TGA	FF955_18800	3848272	300	CDS		GTG	FF955_18800|CP040691_3848272_3848571_+1_GTG_99
CP040691	3849199	TAG	FF955_18805	3848657	543	CDS		ATG	FF955_18805|CP040691_3848657_3849199_+2_ATG_180
CP040691	3849685	TAG	FF955_18815	3849290	396	CDS		ATG	FF955_18815|CP040691_3849290_3849685_+2_ATG_131
CP040691	3851629	TAG	FF955_18830	3851093	537	CDS		ATG	FF955_18830|CP040691_3851093_3851629_+2_ATG_178
CP040691	3861315	TAA	FF955_18875	3860839	477	CDS		ATG	FF955_18875|CP040691_3860839_3861315_+1_ATG_158
CP040691	3862167	TAG	FF955_18880	3861325	843	CDS		GTG	FF955_18880|CP040691_3861325_3862167_+1_GTG_280
CP040691	3873682	TGA	FF955_18930	3872279	1404	CDS		ATG	FF955_18930|CP040691_3872279_3873682_+2_ATG_467
CP040691	3875046	TGA	FF955_18935	3873679	1368	CDS		ATG	FF955_18935|CP040691_3873679_3875046_+1_ATG_455
CP040691	3877332	TGA	FF955_18945	3876544	789	CDS		GTG	FF955_18945|CP040691_3876544_3877332_+1_GTG_262
CP040691	3878059	TAA	FF955_18950	3877379	681	CDS		GTG	FF955_18950|CP040691_3877379_3878059_+2_GTG_226
CP040691	3878356	TGA	FF955_18955	3878117	240	CDS		GTG	FF955_18955|CP040691_3878117_3878356_+2_GTG_79
CP040691	3880016	TGA	FF955_18960	3878331	1686	CDS		ATG	FF955_18960|CP040691_3878331_3880016_+3_ATG_561
CP040691	3884315	TAA	FF955_18995	3884118	198	CDS		ATG	FF955_18995|CP040691_3884118_3884315_+3_ATG_65
CP040691	3885747	TGA	FF955_19010	3884890	858	CDS		ATG	FF955_19010|CP040691_3884890_3885747_+1_ATG_285
CP040691	3886815	TGA	FF955_19015	3885820	996	CDS		ATG	FF955_19015|CP040691_3885820_3886815_+1_ATG_331
CP040691	3887425	TAG	FF955_19020	3886817	609	CDS		ATG	FF955_19020|CP040691_3886817_3887425_+2_ATG_202
CP040691	3887795	GCC	FF955_19025	3887438	358	CDS	true	TTG	FF955_19025_p|CP040691_3887438_3887795_+2_TTG_119
CP040691	3888900	TGA	FF955_19030	3887947	954	CDS		GTG	FF955_19030|CP040691_3887947_3888900_+1_GTG_317
CP040691	3893851	TAG	FF955_19055	3893345	507	CDS		ATG	FF955_19055|CP040691_3893345_3893851_+2_ATG_168
CP040691	3897014	TAG	FF955_19070	3896718	297	CDS		GTG	FF955_19070|CP040691_3896718_3897014_+3_GTG_98
CP040691	3898232	TAG	FF955_19075	3897051	1182	CDS		GTG	FF955_19075|CP040691_3897051_3898232_+3_GTG_393
CP040691	3901510	TGA	FF955_19080	3898262	3249	CDS		TTG	FF955_19080|CP040691_3898262_3901510_+2_TTG_1082
CP040691	3907242	TAG	FF955_19105	3905704	1539	CDS		ATG	FF955_19105|CP040691_3905704_3907242_+1_ATG_512
CP040691	3908465	TGA	FF955_19115	3908217	249	CDS		GTG	FF955_19115|CP040691_3908217_3908465_+3_GTG_82
CP040691	3908847	TGA	FF955_19120	3908398	450	CDS		TTG	FF955_19120|CP040691_3908398_3908847_+1_TTG_149
CP040691	3910616	TGA	FF955_19130	3910293	324	CDS		ATG	FF955_19130|CP040691_3910293_3910616_+3_ATG_107
CP040691	3910862	TAA	FF955_19135	3910698	165	CDS		ATG	FF955_19135|CP040691_3910698_3910862_+3_ATG_54
CP040691	3912364	TAA	FF955_19140	3910862	1503	CDS		ATG	FF955_19140|CP040691_3910862_3912364_+2_ATG_500
CP040691	3913094	TAA	FF955_19145	3912516	579	CDS		GTG	FF955_19145|CP040691_3912516_3913094_+3_GTG_192
CP040691	3926299	TGA	FF955_19210	3925097	1203	CDS		ATG	FF955_19210|CP040691_3925097_3926299_+2_ATG_400
CP040691	3927445	TAG	FF955_19215	3926324	1122	CDS		ATG	FF955_19215|CP040691_3926324_3927445_+2_ATG_373
CP040691	3929024	TAG	FF955_19220	3927516	1509	CDS		ATG	FF955_19220|CP040691_3927516_3929024_+3_ATG_502
CP040691	3933346	TGA	FF955_19225	3929195	4152	CDS		ATG	FF955_19225|CP040691_3929195_3933346_+2_ATG_1383
CP040691	3938499	TAA	FF955_19230	3933637	4863	CDS		ATG	FF955_19230|CP040691_3933637_3938499_+1_ATG_1620
CP040691	3947417	GGC	FF955_19245	3941406	6012	CDS	true	GTG	FF955_19245_p|CP040691_3941406_3947417_+3_GTG_2004
CP040691	3953435	TGA	FF955_19260	3948751	4685	CDS	true	ATG	FF955_19260_p|CP040691_3948751_3953435_+1_ATG_1561
CP040691	3956507	TAG	FF955_19275	3955716	792	CDS		GTG	FF955_19275|CP040691_3955716_3956507_+3_GTG_263
CP040691	3957442	TGA	FF955_19280	3956603	840	CDS		GTG	FF955_19280|CP040691_3956603_3957442_+2_GTG_279
CP040691	3959432	TGA	FF955_19290	3958722	711	CDS		ATG	FF955_19290|CP040691_3958722_3959432_+3_ATG_236
CP040691	3961604	TAA	FF955_19300	3960693	912	CDS		GTG	FF955_19300|CP040691_3960693_3961604_+3_GTG_303
CP040691	3962684	TAG	FF955_19305	3961620	1065	CDS		ATG	FF955_19305|CP040691_3961620_3962684_+3_ATG_354
CP040691	3963885	TAA	FF955_19310	3962701	1185	CDS		ATG	FF955_19310|CP040691_3962701_3963885_+1_ATG_394
CP040691	3964958	TAA	FF955_19315	3963927	1032	CDS		ATG	FF955_19315|CP040691_3963927_3964958_+3_ATG_343
CP040691	3966771	TGA	FF955_19325	3965611	1161	CDS		GTG	FF955_19325|CP040691_3965611_3966771_+1_GTG_386
CP040691	3967226	TAA	FF955_19330	3966777	450	CDS		ATG	FF955_19330|CP040691_3966777_3967226_+3_ATG_149
CP040691	3968792	TGA	FF955_19340	3968595	198	CDS		ATG	FF955_19340|CP040691_3968595_3968792_+3_ATG_65
CP040691	3968994	TGA	FF955_19345	3968797	198	CDS		TTG	FF955_19345|CP040691_3968797_3968994_+1_TTG_65
CP040691	3973735	TGA	FF955_19365	3972515	1221	CDS		ATG	FF955_19365|CP040691_3972515_3973735_+2_ATG_406
CP040691	3980232	TGA	FF955_19390	3978541	1692	CDS		ATG	FF955_19390|CP040691_3978541_3980232_+1_ATG_563
CP040691	3981094	TAG	FF955_19395	3980234	861	CDS		ATG	FF955_19395|CP040691_3980234_3981094_+2_ATG_286
CP040691	3982670	TAG	FF955_19400	3981231	1440	CDS		ATG	FF955_19400|CP040691_3981231_3982670_+3_ATG_479
CP040691	3989904	TAA	FF955_19435	3988729	1176	CDS		ATG	FF955_19435|CP040691_3988729_3989904_+1_ATG_391
CP040691	3990471	TGA	FF955_19440	3990016	456	CDS		ATG	FF955_19440|CP040691_3990016_3990471_+1_ATG_151
CP040691	3993067	TAG	FF955_19460	3992324	744	CDS		ATG	FF955_19460|CP040691_3992324_3993067_+2_ATG_247
CP040691	3993945	TGA	FF955_19465	3993067	879	CDS		GTG	FF955_19465|CP040691_3993067_3993945_+1_GTG_292
CP040691	3994694	TGA	FF955_19470	3993942	753	CDS		GTG	FF955_19470|CP040691_3993942_3994694_+3_GTG_250
CP040691	3995859	TGA	FF955_19475	3994792	1068	CDS		ATG	FF955_19475|CP040691_3994792_3995859_+1_ATG_355
CP040691	3997913	TAG	FF955_19480	3995856	2058	CDS		GTG	FF955_19480|CP040691_3995856_3997913_+3_GTG_685
CP040691	4002809	TAG	FF955_19500	4001151	1659	CDS		ATG	FF955_19500|CP040691_4001151_4002809_+3_ATG_552
CP040691	4006331	TAG	FF955_19515	4004808	1524	CDS		TTG	FF955_19515|CP040691_4004808_4006331_+3_TTG_507
CP040691	4007465	TGA	FF955_19520	4006332	1134	CDS		ATG	FF955_19520|CP040691_4006332_4007465_+3_ATG_377
CP040691	4008421	TGA	FF955_19525	4007462	960	CDS		GTG	FF955_19525|CP040691_4007462_4008421_+2_GTG_319
CP040691	4009374	TGA	FF955_19530	4008418	957	CDS		ATG	FF955_19530|CP040691_4008418_4009374_+1_ATG_318
CP040691	4010537	TAG	FF955_19535	4009371	1167	CDS		GTG	FF955_19535|CP040691_4009371_4010537_+3_GTG_388
CP040691	4011824	GAC	FF955_19550	4011720	105	CDS	true	ATG	FF955_19550_p|CP040691_4011720_4011824_+3_ATG_35
CP040691	4016664	TAG	FF955_19575	4015588	1077	CDS		TTG	FF955_19575|CP040691_4015588_4016664_+1_TTG_358
CP040691	4017212	TAG	FF955_19580	4016682	531	CDS		ATG	FF955_19580|CP040691_4016682_4017212_+3_ATG_176
CP040691	4020254	TAG	FF955_19590	4019655	600	CDS		GTG	FF955_19590|CP040691_4019655_4020254_+3_GTG_199
CP040691	4022242	TAG	FF955_19600	4021529	714	CDS		GTG	FF955_19600|CP040691_4021529_4022242_+2_GTG_237
CP040691	4023299	TGA	FF955_19605	4022433	867	CDS		GTG	FF955_19605|CP040691_4022433_4023299_+3_GTG_288
CP040691	4024554	TAG	FF955_19610	4023313	1242	CDS		TTG	FF955_19610|CP040691_4023313_4024554_+1_TTG_413
CP040691	4029549	TAG	FF955_19640	4029001	549	CDS		GTG	FF955_19640|CP040691_4029001_4029549_+1_GTG_182
CP040691	4031057	TAG	FF955_19645	4029615	1443	CDS		GTG	FF955_19645|CP040691_4029615_4031057_+3_GTG_480
CP040691	4032138	TAA	FF955_19650	4031062	1077	CDS		ATG	FF955_19650|CP040691_4031062_4032138_+1_ATG_358
CP040691	4034578	TAG	FF955_19665	4033664	915	CDS		ATG	FF955_19665|CP040691_4033664_4034578_+2_ATG_304
CP040691	4037545	TAA	FF955_19680	4037228	318	CDS		ATG	FF955_19680|CP040691_4037228_4037545_+2_ATG_105
CP040691	4038881	TAG	FF955_19685	4037523	1359	CDS		GTG	FF955_19685|CP040691_4037523_4038881_+3_GTG_452
CP040691	4039855	TAG	FF955_19690	4039028	828	CDS		GTG	FF955_19690|CP040691_4039028_4039855_+2_GTG_275
CP040691	4057107	TGA	FF955_19780	4056577	531	CDS		ATC	FF955_19780|CP040691_4056577_4057107_+1_ATC_176
CP040691	4060168	CTT	FF955_19810	4059959	210	CDS	true	CTG	FF955_19810_p|CP040691_4059959_4060168_+2_CTG_70
CP040691	4062205	TGA	FF955_19815	4061237	969	CDS		ATG	FF955_19815|CP040691_4061237_4062205_+2_ATG_322
CP040691	4063389	TGA	FF955_19820	4062202	1188	CDS		ATG	FF955_19820|CP040691_4062202_4063389_+1_ATG_395
CP040691	4066753	TAG	FF955_19845	4066031	723	CDS		ATG	FF955_19845|CP040691_4066031_4066753_+2_ATG_240
CP040691	4071415	TGA	FF955_19870	4070927	489	CDS		GTG	FF955_19870|CP040691_4070927_4071415_+2_GTG_162
CP040691	4073974	TAA	FF955_19880	4072679	1296	CDS		TTG	FF955_19880|CP040691_4072679_4073974_+2_TTG_431
CP040691	4074743	TGA	FF955_19885	4074018	726	CDS		ATG	FF955_19885|CP040691_4074018_4074743_+3_ATG_241
CP040691	4075084	TAA	FF955_19890	4074740	345	CDS		ATG	FF955_19890|CP040691_4074740_4075084_+2_ATG_114
CP040691	4076170	TGA	FF955_19895	4075295	876	CDS		ATG	FF955_19895|CP040691_4075295_4076170_+2_ATG_291
CP040691	4078913	TGA	FF955_19905	4077138	1776	CDS		ATG	FF955_19905|CP040691_4077138_4078913_+3_ATG_591
CP040691	4080488	TGA	FF955_19910	4079256	1233	CDS	true	GTG	FF955_19910_p|CP040691_4079256_4080488_+3_GTG_410
CP040691	4081234	TGA	FF955_19915	4080488	747	CDS		ATG	FF955_19915|CP040691_4080488_4081234_+2_ATG_248
CP040691	4084855	TGA	FF955_19940	4084664	192	CDS		GTG	FF955_19940|CP040691_4084664_4084855_+2_GTG_63
CP040691	4087960	TAG	FF955_19955	4086311	1650	CDS		ATG	FF955_19955|CP040691_4086311_4087960_+2_ATG_549
CP040691	4094600	TGA	FF955_19975	4092285	2316	CDS		ATG	FF955_19975|CP040691_4092285_4094600_+3_ATG_771
CP040691	4095021	TAG	FF955_19980	4094737	285	CDS		GTG	FF955_19980|CP040691_4094737_4095021_+1_GTG_94
CP040691	4096382	TGA	FF955_19985	4095345	1038	CDS		ATG	FF955_19985|CP040691_4095345_4096382_+3_ATG_345
CP040691	4097450	TGA	FF955_19995	4097136	315	CDS		ATG	FF955_19995|CP040691_4097136_4097450_+3_ATG_104
CP040691	4098049	TAG	FF955_20000	4097444	606	CDS		TTG	FF955_20000|CP040691_4097444_4098049_+2_TTG_201
CP040691	4104034	TAG	FF955_20040	4103171	864	CDS		GTG	FF955_20040|CP040691_4103171_4104034_+2_GTG_287
CP040691	4111050	TAA	FF955_20075	4110694	357	CDS		GTG	FF955_20075|CP040691_4110694_4111050_+1_GTG_118
CP040691	4113271	TAG	FF955_20080	4111316	1956	CDS		GTG	FF955_20080|CP040691_4111316_4113271_+2_GTG_651
CP040691	4114869	TAG	FF955_20090	4114351	519	CDS		GTG	FF955_20090|CP040691_4114351_4114869_+1_GTG_172
CP040691	4115853	TGA	FF955_20095	4114870	984	CDS		ATG	FF955_20095|CP040691_4114870_4115853_+1_ATG_327
CP040691	4119903	TAG	FF955_20120	4119526	378	CDS		ATG	FF955_20120|CP040691_4119526_4119903_+1_ATG_125
CP040691	4120676	TAA	FF955_20125	4120002	675	CDS		GTG	FF955_20125|CP040691_4120002_4120676_+3_GTG_224
CP040691	4123322	TGA	FF955_20145	4122300	1023	CDS		ATG	FF955_20145|CP040691_4122300_4123322_+3_ATG_340
CP040691	4124479	TGA	FF955_20150	4123319	1161	CDS		ATG	FF955_20150|CP040691_4123319_4124479_+2_ATG_386
CP040691	4128328	TAG	FF955_20170	4125896	2433	CDS		ATG	FF955_20170|CP040691_4125896_4128328_+2_ATG_810
CP040691	4129354	TGA	FF955_20175	4128395	960	CDS		ATG	FF955_20175|CP040691_4128395_4129354_+2_ATG_319
CP040691	4130457	TGA	FF955_20180	4129417	1041	CDS		TTG	FF955_20180|CP040691_4129417_4130457_+1_TTG_346
CP040691	4131254	GTT	FF955_20190	4131030	225	CDS	true	ATT	FF955_20190_p|CP040691_4131030_4131254_+3_ATT_75
CP040691	4135687	TAA	FF955_20215	4134332	1356	CDS		TTG	FF955_20215|CP040691_4134332_4135687_+2_TTG_451
CP040691	4136367	TGA	FF955_20220	4135714	654	CDS		GTG	FF955_20220|CP040691_4135714_4136367_+1_GTG_217
CP040691	4137494	TGA	FF955_20225	4136493	1002	CDS		ATG	FF955_20225|CP040691_4136493_4137494_+3_ATG_333
CP040691	4138567	TAG	FF955_20230	4137491	1077	CDS		GTG	FF955_20230|CP040691_4137491_4138567_+2_GTG_358
CP040691	4138704	TGA	FF955_20235	4138585	120	CDS	true	GCC	FF955_20235_p|CP040691_4138585_4138704_+1_GCC_39
CP040691	4140023	TAA	FF955_20240	4138701	1323	CDS		ATG	FF955_20240|CP040691_4138701_4140023_+3_ATG_440
CP040691	4142113	TAG	FF955_20250	4141181	933	CDS		ATG	FF955_20250|CP040691_4141181_4142113_+2_ATG_310
CP040691	4145997	TAG	FF955_20270	4144468	1530	CDS		ATG	FF955_20270|CP040691_4144468_4145997_+1_ATG_509
CP040691	4146720	TGA	FF955_20275	4146019	702	CDS		ATG	FF955_20275|CP040691_4146019_4146720_+1_ATG_233
CP040691	4159649	TAG	FF955_20335	4157715	1935	CDS		GTG	FF955_20335|CP040691_4157715_4159649_+3_GTG_644
CP040691	4162197	TGA	FF955_20350	4160956	1242	CDS		GTG	FF955_20350|CP040691_4160956_4162197_+1_GTG_413
CP040691	4162897	TAG	FF955_20355	4162202	696	CDS		GTG	FF955_20355|CP040691_4162202_4162897_+2_GTG_231
CP040691	4165748	TAG	FF955_20375	4165023	726	CDS		ATG	FF955_20375|CP040691_4165023_4165748_+3_ATG_241
CP040691	4167693	TGA	FF955_20385	4166281	1413	CDS		ATG	FF955_20385|CP040691_4166281_4167693_+1_ATG_470
CP040691	4168973	TAG	FF955_20390	4167711	1263	CDS		ATG	FF955_20390|CP040691_4167711_4168973_+3_ATG_420
CP040691	4173275	TAG	FF955_20415	4172511	765	CDS		ATG	FF955_20415|CP040691_4172511_4173275_+3_ATG_254
CP040691	4174144	TAG	FF955_20420	4173442	703	CDS	true	ATG	FF955_20420_p|CP040691_4173442_4174144_+1_ATG_234
CP040691	4175190	TAA	FF955_20425	4174189	1002	CDS		ATG	FF955_20425|CP040691_4174189_4175190_+1_ATG_333
CP040691	4176590	TGA	FF955_20430	4175397	1194	CDS		ATG	FF955_20430|CP040691_4175397_4176590_+3_ATG_397
CP040691	4178739	TAG	FF955_20435	4176931	1809	CDS		ATG	FF955_20435|CP040691_4176931_4178739_+1_ATG_602
CP040691	4182046	TGA	FF955_20440	4178849	3198	CDS		GTG	FF955_20440|CP040691_4178849_4182046_+2_GTG_1065
CP040691	4184591	TGA	FF955_20445	4182261	2331	CDS		ATG	FF955_20445|CP040691_4182261_4184591_+3_ATG_776
CP040691	4186810	TAA	FF955_20455	4185734	1077	CDS		ATG	FF955_20455|CP040691_4185734_4186810_+2_ATG_358
CP040691	4187968	TAG	FF955_20460	4186910	1059	CDS		ATG	FF955_20460|CP040691_4186910_4187968_+2_ATG_352
CP040691	4190553	TGA	FF955_20475	4190065	489	CDS		ATG	FF955_20475|CP040691_4190065_4190553_+1_ATG_162
CP040691	4191671	TGA	FF955_20480	4190610	1062	CDS		ATG	FF955_20480|CP040691_4190610_4191671_+3_ATG_353
CP040691	4193264	TAG	FF955_20485	4191675	1590	CDS		ATG	FF955_20485|CP040691_4191675_4193264_+3_ATG_529
CP040691	4199778	TAA	FF955_20515	4199416	363	CDS		ATG	FF955_20515|CP040691_4199416_4199778_+1_ATG_120
CP040691	4201083	TGA	FF955_20530	4200700	384	CDS		GTG	FF955_20530|CP040691_4200700_4201083_+1_GTG_127
CP040691	4201572	TGA	FF955_20535	4201213	360	CDS		GTG	FF955_20535|CP040691_4201213_4201572_+1_GTG_119
CP040691	4203065	TGA	FF955_20555	4202838	228	CDS		ATC	FF955_20555|CP040691_4202838_4203065_+3_ATC_75
CP040691	4205302	TGA	FF955_20575	4204331	972	CDS		GTG	FF955_20575|CP040691_4204331_4205302_+2_GTG_323
CP040691	4209816	TAA	FF955_20605	4209514	303	CDS		GTG	FF955_20605|CP040691_4209514_4209816_+1_GTG_100
CP040691	4213502	TAA	FF955_20620	4213023	480	CDS		GTG	FF955_20620|CP040691_4213023_4213502_+3_GTG_159
CP040691	4216955	TAG	FF955_20635	4216269	687	CDS		ATG	FF955_20635|CP040691_4216269_4216955_+3_ATG_228
CP040691	4218402	TGA	FF955_20645	4218043	360	CDS		ATG	FF955_20645|CP040691_4218043_4218402_+1_ATG_119
CP040691	4218860	TGA	FF955_20650	4218588	273	CDS		GTG	FF955_20650|CP040691_4218588_4218860_+3_GTG_90
CP040691	4222168	TGA	FF955_20680	4221107	1062	CDS		GTG	FF955_20680|CP040691_4221107_4222168_+2_GTG_353
CP040691	4223646	TAG	FF955_20690	4222822	825	CDS		ATG	FF955_20690|CP040691_4222822_4223646_+1_ATG_274
CP040691	4224905	TGA	FF955_20695	4223658	1248	CDS		ATG	FF955_20695|CP040691_4223658_4224905_+3_ATG_415
CP040691	4226533	CCC	FF955_20700	4225061	1473	CDS	true	ATG	FF955_20700_p|CP040691_4225061_4226533_+2_ATG_491
CP040691	4227652	TAG	FF955_20710	4226666	987	CDS		GTG	FF955_20710|CP040691_4226666_4227652_+2_GTG_328
CP040691	4230957	TAG	FF955_20720	4228957	2001	CDS		GTG	FF955_20720|CP040691_4228957_4230957_+1_GTG_666
CP040691	4231497	TAA	FF955_20725	4230961	537	CDS		GTG	FF955_20725|CP040691_4230961_4231497_+1_GTG_178
CP040691	4232322	TGA	FF955_20730	4231501	822	CDS		GTG	FF955_20730|CP040691_4231501_4232322_+1_GTG_273
CP040691	4233233	TGA	FF955_20735	4232319	915	CDS		ATG	FF955_20735|CP040691_4232319_4233233_+3_ATG_304
CP040691	4234072	TAG	FF955_20740	4233230	843	CDS		ATG	FF955_20740|CP040691_4233230_4234072_+2_ATG_280
CP040691	4235208	TAA	FF955_20745	4234228	981	CDS		ATG	FF955_20745|CP040691_4234228_4235208_+1_ATG_326
CP040691	4236276	TGA	FF955_20750	4235292	985	CDS	true	ATG	FF955_20750_p|CP040691_4235292_4236276_+3_ATG_328
CP040691	4239148	TAA	FF955_20765	4238663	486	CDS		GTG	FF955_20765|CP040691_4238663_4239148_+2_GTG_161
CP040691	4239622	TGA	FF955_20770	4239257	366	CDS		ATG	FF955_20770|CP040691_4239257_4239622_+2_ATG_121
CP040691	4241047	TAG	FF955_20775	4239662	1386	CDS		ATG	FF955_20775|CP040691_4239662_4241047_+2_ATG_461
CP040691	4241812	TGA	FF955_20780	4241048	765	CDS		ATG	FF955_20780|CP040691_4241048_4241812_+2_ATG_254
CP040691	4243746	TGA	FF955_20785	4241815	1932	CDS		ATG	FF955_20785|CP040691_4241815_4243746_+1_ATG_643
CP040691	4247030	TAG	FF955_20790	4243746	3285	CDS		ATG	FF955_20790|CP040691_4243746_4247030_+3_ATG_1094
CP040691	4250400	TGA	FF955_20795	4247116	3285	CDS		GTG	FF955_20795|CP040691_4247116_4250400_+1_GTG_1094
CP040691	4253693	TAG	FF955_20800	4250397	3297	CDS		ATG	FF955_20800|CP040691_4250397_4253693_+3_ATG_1098
CP040691	4254888	TGA	FF955_20805	4253761	1128	CDS		ATG	FF955_20805|CP040691_4253761_4254888_+1_ATG_375
CP040691	4256749	TAA	FF955_20810	4254968	1782	CDS		ATG	FF955_20810|CP040691_4254968_4256749_+2_ATG_593
CP040691	4258210	TAG	FF955_20815	4256876	1335	CDS		GTG	FF955_20815|CP040691_4256876_4258210_+2_GTG_444
CP040691	4278477	TAA	FF955_20875	4277623	855	CDS		GTG	FF955_20875|CP040691_4277623_4278477_+1_GTG_284
CP040691	4280301	TGA	FF955_20880	4278682	1620	CDS		ATG	FF955_20880|CP040691_4278682_4280301_+1_ATG_539
CP040691	4281969	TAG	FF955_20885	4280455	1515	CDS		GTG	FF955_20885|CP040691_4280455_4281969_+1_GTG_504
CP040691	4286286	TAA	FF955_20920	4285531	756	CDS		GTG	FF955_20920|CP040691_4285531_4286286_+1_GTG_251
CP040691	4287883	TGA	FF955_20925	4286333	1551	CDS		GTG	FF955_20925|CP040691_4286333_4287883_+2_GTG_516
CP040691	4288215	TGA	FF955_20930	4287880	336	CDS		ATG	FF955_20930|CP040691_4287880_4288215_+1_ATG_111
CP040691	4290570	TAG	FF955_20940	4289857	714	CDS		ATG	FF955_20940|CP040691_4289857_4290570_+1_ATG_237
CP040691	4291819	TAG	FF955_20945	4290605	1215	CDS		ATG	FF955_20945|CP040691_4290605_4291819_+2_ATG_404
CP040691	4305450	TAG	FF955_20970	4303696	1755	CDS		ATG	FF955_20970|CP040691_4303696_4305450_+1_ATG_584
CP040691	4310125	TAG	FF955_20990	4309643	483	CDS		ATG	FF955_20990|CP040691_4309643_4310125_+2_ATG_160
CP040691	4311544	TAA	FF955_21000	4310753	792	CDS		ATG	FF955_21000|CP040691_4310753_4311544_+2_ATG_263
CP040691	4314282	TAG	FF955_21010	4312933	1350	CDS		ATG	FF955_21010|CP040691_4312933_4314282_+1_ATG_449
CP040691	4314700	TGA	FF955_21015	4314287	414	CDS		GTG	FF955_21015|CP040691_4314287_4314700_+2_GTG_137
CP040691	4314918	TGA	FF955_21020	4314697	222	CDS		ATG	FF955_21020|CP040691_4314697_4314918_+1_ATG_73
CP040691	4317427	TAG	FF955_21035	4316651	777	CDS		ATG	FF955_21035|CP040691_4316651_4317427_+2_ATG_258
CP040691	4317866	TAA	FF955_21040	4317453	414	CDS		TTG	FF955_21040|CP040691_4317453_4317866_+3_TTG_137
CP040691	4318609	TAG	FF955_21045	4318064	546	CDS		ATG	FF955_21045|CP040691_4318064_4318609_+2_ATG_181
CP040691	4323152	TAG	FF955_21075	4322706	447	CDS		ATC	FF955_21075|CP040691_4322706_4323152_+3_ATC_148
CP040691	4323526	TGA	FF955_21080	4323167	360	CDS		GTG	FF955_21080|CP040691_4323167_4323526_+2_GTG_119
CP040691	4323926	TGA	FF955_21085	4323711	216	CDS		ATG	FF955_21085|CP040691_4323711_4323926_+3_ATG_71
CP040691	4325213	TGA	FF955_21095	4324590	624	CDS		GTG	FF955_21095|CP040691_4324590_4325213_+3_GTG_207
CP040691	4326050	TAG	FF955_21100	4325493	558	CDS		GTG	FF955_21100|CP040691_4325493_4326050_+3_GTG_185
CP040691	4327119	TGA	FF955_21110	4326211	909	CDS		ATG	FF955_21110|CP040691_4326211_4327119_+1_ATG_302
CP040691	4327782	TAG	FF955_21115	4327384	399	CDS		ATG	FF955_21115|CP040691_4327384_4327782_+1_ATG_132
CP040691	4328556	TAA	FF955_21120	4327900	657	CDS		ATG	FF955_21120|CP040691_4327900_4328556_+1_ATG_218
CP040691	4328852	TAA	FF955_21125	4328568	285	CDS		ATG	FF955_21125|CP040691_4328568_4328852_+3_ATG_94
CP040691	4329363	TGA	FF955_21130	4328959	405	CDS		ATG	FF955_21130|CP040691_4328959_4329363_+1_ATG_134
CP040691	4329853	TGA	FF955_21135	4329380	474	CDS		GTG	FF955_21135|CP040691_4329380_4329853_+2_GTG_157
CP040691	4332084	TAA	FF955_21145	4331434	651	CDS		GTG	FF955_21145|CP040691_4331434_4332084_+1_GTG_216
CP040691	4341834	TGA	FF955_21175	4340662	1173	CDS		ATG	FF955_21175|CP040691_4340662_4341834_+1_ATG_390
CP040691	4342157	TGA	FF955_21180	4341831	327	CDS		GTG	FF955_21180|CP040691_4341831_4342157_+3_GTG_108
CP040691	4343911	TGA	FF955_21190	4342733	1179	CDS		ATG	FF955_21190|CP040691_4342733_4343911_+2_ATG_392
CP040691	4345362	TGA	FF955_21195	4344154	1209	CDS		ATG	FF955_21195|CP040691_4344154_4345362_+1_ATG_402
CP040691	4345761	TGA	FF955_21200	4345450	312	CDS		ATG	FF955_21200|CP040691_4345450_4345761_+1_ATG_103
CP040691	4346615	TGA	FF955_21205	4345764	852	CDS		ATG	FF955_21205|CP040691_4345764_4346615_+3_ATG_283
CP040691	4347205	TGA	FF955_21210	4346654	552	CDS		ATG	FF955_21210|CP040691_4346654_4347205_+2_ATG_183
CP040691	4348919	TGA	FF955_21215	4347198	1722	CDS		ATG	FF955_21215|CP040691_4347198_4348919_+3_ATG_573
CP040691	4350365	TGA	FF955_21220	4348923	1443	CDS		ATG	FF955_21220|CP040691_4348923_4350365_+3_ATG_480
CP040691	4352608	TGA	FF955_21225	4350365	2244	CDS		ATG	FF955_21225|CP040691_4350365_4352608_+2_ATG_747
CP040691	4352748	TGA	FF955_21230	4352605	144	CDS		GTG	FF955_21230|CP040691_4352605_4352748_+1_GTG_47
CP040691	4354539	TAA	FF955_21235	4352764	1776	CDS		ATG	FF955_21235|CP040691_4352764_4354539_+1_ATG_591
CP040691	4354978	TAA	FF955_21240	4354682	297	CDS		ATG	FF955_21240|CP040691_4354682_4354978_+2_ATG_98
CP040691	4356118	TGA	FF955_21245	4355012	1107	CDS		ATG	FF955_21245|CP040691_4355012_4356118_+2_ATG_368
CP040691	4356513	TGA	FF955_21250	4356211	303	CDS		ATG	FF955_21250|CP040691_4356211_4356513_+1_ATG_100
CP040691	4356833	TAG	FF955_21255	4356546	288	CDS		ATG	FF955_21255|CP040691_4356546_4356833_+3_ATG_95
CP040691	4358947	TGA	FF955_21260	4356947	2001	CDS		ATG	FF955_21260|CP040691_4356947_4358947_+2_ATG_666
CP040691	4360479	TGA	FF955_21265	4358944	1536	CDS		TTG	FF955_21265|CP040691_4358944_4360479_+1_TTG_511
CP040691	4361472	TAG	FF955_21270	4360630	843	CDS		ATG	FF955_21270|CP040691_4360630_4361472_+1_ATG_280
CP040691	4397278	TGA	FF955_21415	4397066	213	CDS		ATG	FF955_21415|CP040691_4397066_4397278_+2_ATG_70
CP040691	4398173	TGA	FF955_21420	4397427	747	CDS		GTG	FF955_21420|CP040691_4397427_4398173_+3_GTG_248
CP040691	4400578	TGA	FF955_21425	4398170	2409	CDS		GTG	FF955_21425|CP040691_4398170_4400578_+2_GTG_802
CP040691	4404129	TGA	FF955_21430	4400575	3555	CDS		ATG	FF955_21430|CP040691_4400575_4404129_+1_ATG_1184
CP040691	4404754	TGA	FF955_21435	4404164	591	CDS		ATG	FF955_21435|CP040691_4404164_4404754_+2_ATG_196
CP040691	4405611	TGA	FF955_21440	4404847	765	CDS		ATG	FF955_21440|CP040691_4404847_4405611_+1_ATG_254
CP040691	4406712	TGA	FF955_21445	4405705	1008	CDS		ATG	FF955_21445|CP040691_4405705_4406712_+1_ATG_335
CP040691	4407059	TAG	FF955_21450	4406709	351	CDS		ATG	FF955_21450|CP040691_4406709_4407059_+3_ATG_116
CP040691	4408389	TAA	FF955_21455	4407169	1221	CDS		ATG	FF955_21455|CP040691_4407169_4408389_+1_ATG_406
CP040691	4415143	TAA	FF955_21510	4414922	222	CDS		ATG	FF955_21510|CP040691_4414922_4415143_+2_ATG_73
CP040691	-13113	TAG	FF955_00060	-13250	138	CDS		GTG	FF955_00060|CP040691_13250_13113_-1_GTG_45
CP040691	-13432	TGA	FF955_00065	-13869	438	CDS		ATG	FF955_00065|CP040691_13869_13432_-3_ATG_145
CP040691	-14691	TGA	FF955_00075	-15116	426	CDS		ATG	FF955_00075|CP040691_15116_14691_-1_ATG_141
CP040691	-15272	TGA	FF955_00080	-15553	282	CDS		ATG	FF955_00080|CP040691_15553_15272_-2_ATG_93
CP040691	-17148	TAG	FF955_00095	-19028	1881	CDS		ATG	FF955_00095|CP040691_19028_17148_-1_ATG_626
CP040691	-19025	TGA	FF955_00100	-20320	1296	CDS		ATG	FF955_00100|CP040691_20320_19025_-2_ATG_431
CP040691	-20317	TGA	FF955_00105	-21792	1476	CDS		ATG	FF955_00105|CP040691_21792_20317_-3_ATG_491
CP040691	-21789	TGA	FF955_00110	-23198	1410	CDS		ATG	FF955_00110|CP040691_23198_21789_-1_ATG_469
CP040691	-23195	TGA	FF955_00115	-24739	1545	CDS		GTG	FF955_00115|CP040691_24739_23195_-2_GTG_514
CP040691	-24828	TGA	FF955_00120	-25295	468	CDS		ATG	FF955_00120|CP040691_25295_24828_-1_ATG_155
CP040691	-25419	TGA	FF955_00125	-26984	1566	CDS		ATG	FF955_00125|CP040691_26984_25419_-1_ATG_521
CP040691	-27453	TAA	FF955_00135	-28421	969	CDS		GTG	FF955_00135|CP040691_28421_27453_-1_GTG_322
CP040691	-28563	TGA	FF955_00140	-28982	420	CDS		ATG	FF955_00140|CP040691_28982_28563_-1_ATG_139
CP040691	-35439	TAG	FF955_00190	-35696	258	CDS		TTG	FF955_00190|CP040691_35696_35439_-1_TTG_85
CP040691	-40763	TGA	FF955_00215	-41536	774	CDS		ATG	FF955_00215|CP040691_41536_40763_-2_ATG_257
CP040691	-41584	TAG	FF955_00220	-42909	1326	CDS		GTG	FF955_00220|CP040691_42909_41584_-3_GTG_441
CP040691	-43711	TGA	FF955_00230	-44058	348	CDS		ATG	FF955_00230|CP040691_44058_43711_-3_ATG_115
CP040691	-44140	TAG	FF955_00235	-45072	933	CDS		ATG	FF955_00235|CP040691_45072_44140_-3_ATG_310
CP040691	-48288	TGA	FF955_00245	-48914	627	CDS		ATG	FF955_00245|CP040691_48914_48288_-1_ATG_208
CP040691	-49073	TAA	FF955_00250	-49807	735	CDS		ATG	FF955_00250|CP040691_49807_49073_-2_ATG_244
CP040691	-49940	TGA	FF955_00255	-50734	795	CDS		ATG	FF955_00255|CP040691_50734_49940_-2_ATG_264
CP040691	-50750	TGA	FF955_00260	-51644	895	CDS	true	GTG	FF955_00260_p|CP040691_51644_50750_-1_GTG_298
CP040691	-51726	TAG	FF955_00265	-52829	1104	CDS		ATG	FF955_00265|CP040691_52829_51726_-1_ATG_367
CP040691	-52890	TAA	FF955_00270	-53432	543	CDS		ATG	FF955_00270|CP040691_53432_52890_-1_ATG_180
CP040691	-53533	TGA	FF955_00275	-54402	870	CDS		GTG	FF955_00275|CP040691_54402_53533_-3_GTG_289
CP040691	-66726	TGA	FF955_00340	-67064	339	CDS	true	ATG	FF955_00340_p|CP040691_67064_66726_-1_ATG_112
CP040691	-67114	TGA	FF955_00345	-67326	213	CDS		GTG	FF955_00345|CP040691_67326_67114_-3_GTG_70
CP040691	-74026	TGA	FF955_00380	-76263	2238	CDS		ATG	FF955_00380|CP040691_76263_74026_-3_ATG_745
CP040691	-76381	TGA	FF955_00385	-76950	570	CDS		TTG	FF955_00385|CP040691_76950_76381_-3_TTG_189
CP040691	-77989	TGA	FF955_00395	-79366	1378	CDS	true	ATG	FF955_00395_p|CP040691_79366_77989_-2_ATG_459
CP040691	-79363	TGA	FF955_00400	-80640	1278	CDS		ATG	FF955_00400|CP040691_80640_79363_-3_ATG_425
CP040691	-83479	TGA	FF955_00415	-83868	390	CDS		ATG	FF955_00415|CP040691_83868_83479_-3_ATG_129
CP040691	-83932	TAG	FF955_00420	-84762	831	CDS		ATG	FF955_00420|CP040691_84762_83932_-3_ATG_276
CP040691	-85504	TGA	FF955_00430	-86097	594	CDS		ATG	FF955_00430|CP040691_86097_85504_-3_ATG_197
CP040691	-86094	TGA	FF955_00435	-86300	207	CDS		GTG	FF955_00435|CP040691_86300_86094_-1_GTG_68
CP040691	-101102	TAG	FF955_00515	-101950	849	CDS		GTG	FF955_00515|CP040691_101950_101102_-2_GTG_282
CP040691	-101997	TGA	FF955_00520	-102953	957	CDS		GTG	FF955_00520|CP040691_102953_101997_-1_GTG_318
CP040691	-102724	TGA	FF955_00525	-103506	783	CDS		GTG	FF955_00525|CP040691_103506_102724_-3_GTG_260
CP040691	-118206	TAG	FF955_00565	-120464	2259	CDS		GTG	FF955_00565|CP040691_120464_118206_-1_GTG_752
CP040691	-122144	CGA	FF955_00575	-122261	118	CDS	true	ATG	FF955_00575_p|CP040691_122261_122144_-1_ATG_39
CP040691	-122271	TGA	FF955_00580	-122555	285	CDS		ATG	FF955_00580|CP040691_122555_122271_-1_ATG_94
CP040691	-123956	TAG	FF955_00590	-128833	4878	CDS		GTG	FF955_00590|CP040691_128833_123956_-2_GTG_1625
CP040691	-129187	TGA	FF955_00595	-129396	210	CDS		TTG	FF955_00595|CP040691_129396_129187_-3_TTG_69
CP040691	-138560	TAG	FF955_00640	-139315	756	CDS		ATG	FF955_00640|CP040691_139315_138560_-2_ATG_251
CP040691	-140421	TGA	FF955_00650	-142169	1749	CDS		ATG	FF955_00650|CP040691_142169_140421_-1_ATG_582
CP040691	-143920	TAG	FF955_00660	-146064	2145	CDS		ATG	FF955_00660|CP040691_146064_143920_-3_ATG_714
CP040691	-146201	TGA	FF955_00665	-146635	435	CDS		GTG	FF955_00665|CP040691_146635_146201_-2_GTG_144
CP040691	-155033	TGA	FF955_00710	-156055	1023	CDS		ATG	FF955_00710|CP040691_156055_155033_-2_ATG_340
CP040691	-156770	TGA	FF955_00720	-158113	1344	CDS		ATG	FF955_00720|CP040691_158113_156770_-2_ATG_447
CP040691	-158155	TGA	FF955_00725	-159237	1083	CDS		ATG	FF955_00725|CP040691_159237_158155_-3_ATG_360
CP040691	-161098	TAG	FF955_00740	-161703	606	CDS		GTG	FF955_00740|CP040691_161703_161098_-3_GTG_201
CP040691	-163166	TGA	FF955_00750	-163714	549	CDS		ATG	FF955_00750|CP040691_163714_163166_-2_ATG_182
CP040691	-165725	TGA	FF955_00770	-166135	411	CDS		ATG	FF955_00770|CP040691_166135_165725_-2_ATG_136
CP040691	-167158	TAG	FF955_00780	-168636	1479	CDS		ATG	FF955_00780|CP040691_168636_167158_-3_ATG_492
CP040691	-175119	TAG	FF955_00815	-175406	288	CDS		ATG	FF955_00815|CP040691_175406_175119_-1_ATG_95
CP040691	-175997	TGA	FF955_00825	-177763	1767	CDS		ATG	FF955_00825|CP040691_177763_175997_-2_ATG_588
CP040691	-177773	TGA	FF955_00830	-179350	1578	CDS		ATG	FF955_00830|CP040691_179350_177773_-2_ATG_525
CP040691	-179259	TAG	FF955_00835	-179483	225	CDS		ATG	FF955_00835|CP040691_179483_179259_-1_ATG_74
CP040691	-179609	TGA	FF955_00840	-180439	831	CDS		ATG	FF955_00840|CP040691_180439_179609_-2_ATG_276
CP040691	-180441	TGA	FF955_00845	-181652	1212	CDS		ATG	FF955_00845|CP040691_181652_180441_-1_ATG_403
CP040691	-184949	TGA	FF955_00870	-185074	126	CDS		ATG	FF955_00870|CP040691_185074_184949_-2_ATG_41
CP040691	-185887	TGA	FF955_00880	-187293	1407	CDS		ATG	FF955_00880|CP040691_187293_185887_-3_ATG_468
CP040691	-187385	TGA	FF955_00885	-188893	1509	CDS		ATG	FF955_00885|CP040691_188893_187385_-2_ATG_502
CP040691	-190437	TAA	FF955_00895	-191588	1152	CDS		GTG	FF955_00895|CP040691_191588_190437_-1_GTG_383
CP040691	-191955	TAG	FF955_00905	-192140	186	CDS		TTG	FF955_00905|CP040691_192140_191955_-1_TTG_61
CP040691	-192578	TGA	FF955_00915	-193270	693	CDS		GTG	FF955_00915|CP040691_193270_192578_-2_GTG_230
CP040691	-208158	TAA	FF955_00985	-209267	1110	CDS		ATG	FF955_00985|CP040691_209267_208158_-1_ATG_369
CP040691	-209347	TAA	FF955_00990	-210705	1359	CDS		ATG	FF955_00990|CP040691_210705_209347_-3_ATG_452
CP040691	-210732	TAG	FF955_00995	-211466	735	CDS		ATG	FF955_00995|CP040691_211466_210732_-1_ATG_244
CP040691	-211483	TGA	FF955_01000	-212595	1113	CDS		ATG	FF955_01000|CP040691_212595_211483_-3_ATG_370
CP040691	-216845	TAG	FF955_01025	-217006	162	CDS		ATG	FF955_01025|CP040691_217006_216845_-2_ATG_53
CP040691	-218451	TAG	FF955_01040	-220178	1728	CDS		ATG	FF955_01040|CP040691_220178_218451_-1_ATG_575
CP040691	-223179	TAA	FF955_01060	-225026	1848	CDS		GTG	FF955_01060|CP040691_225026_223179_-1_GTG_615
CP040691	-232974	TAG	FF955_01085	-234965	1992	CDS		GTG	FF955_01085|CP040691_234965_232974_-1_GTG_663
CP040691	-236350	TAG	FF955_01100	-236853	504	CDS		GTG	FF955_01100|CP040691_236853_236350_-3_GTG_167
CP040691	-236850	TGA	FF955_01105	-239750	2901	CDS		ATG	FF955_01105|CP040691_239750_236850_-1_ATG_966
CP040691	-240434	TAG	FF955_01115	-241717	1284	CDS		ATG	FF955_01115|CP040691_241717_240434_-2_ATG_427
CP040691	-242942	TAA	FF955_01125	-245776	2835	CDS		GTG	FF955_01125|CP040691_245776_242942_-2_GTG_944
CP040691	-245842	TGA	FF955_01130	-246570	729	CDS		ATG	FF955_01130|CP040691_246570_245842_-3_ATG_242
CP040691	-246573	TGA	FF955_01135	-247364	792	CDS		ATG	FF955_01135|CP040691_247364_246573_-1_ATG_263
CP040691	-252127	TAA	FF955_01155	-253098	972	CDS		GTG	FF955_01155|CP040691_253098_252127_-3_GTG_323
CP040691	-253095	TGA	FF955_01160	-254426	1332	CDS		ATG	FF955_01160|CP040691_254426_253095_-1_ATG_443
CP040691	-256241	TGA	FF955_01170	-257314	1074	CDS		GTG	FF955_01170|CP040691_257314_256241_-2_GTG_357
CP040691	-258381	TAG	FF955_01180	-259289	909	CDS		GTG	FF955_01180|CP040691_259289_258381_-1_GTG_302
CP040691	-264759	TAG	FF955_01210	-266222	1464	CDS		ATG	FF955_01210|CP040691_266222_264759_-1_ATG_487
CP040691	-266321	TAA	FF955_01215	-267085	765	CDS		GTG	FF955_01215|CP040691_267085_266321_-2_GTG_254
CP040691	-268292	TAA	FF955_01225	-270022	1731	CDS		GTG	FF955_01225|CP040691_270022_268292_-2_GTG_576
CP040691	-270032	TAA	FF955_01230	-271297	1266	CDS		ATG	FF955_01230|CP040691_271297_270032_-2_ATG_421
CP040691	-272764	TAG	FF955_01240	-273177	414	CDS		ATG	FF955_01240|CP040691_273177_272764_-3_ATG_137
CP040691	-273168	TGA	FF955_01245	-273362	195	CDS		ATG	FF955_01245|CP040691_273362_273168_-1_ATG_64
CP040691	-273441	TGA	FF955_01250	-274421	981	CDS		GTG	FF955_01250|CP040691_274421_273441_-1_GTG_326
CP040691	-278063	TAG	FF955_01270	-279598	1536	CDS		ATG	FF955_01270|CP040691_279598_278063_-2_ATG_511
CP040691	-279624	TGA	FF955_01275	-281072	1449	CDS		ATG	FF955_01275|CP040691_281072_279624_-1_ATG_482
CP040691	-281107	TAG	FF955_01280	-285309	4203	CDS		GTG	FF955_01280|CP040691_285309_281107_-3_GTG_1400
CP040691	-285356	TAG	FF955_01285	-285529	174	CDS		ATG	FF955_01285|CP040691_285529_285356_-2_ATG_57
CP040691	-288270	TAG	FF955_01310	-289112	843	CDS		GTG	FF955_01310|CP040691_289112_288270_-1_GTG_280
CP040691	-289123	TGA	FF955_01315	-290487	1365	CDS		GTG	FF955_01315|CP040691_290487_289123_-3_GTG_454
CP040691	-292257	TGA	FF955_01325	-294092	1836	CDS		GTG	FF955_01325|CP040691_294092_292257_-1_GTG_611
CP040691	-296575	TAA	FF955_01340	-297321	747	CDS		ATG	FF955_01340|CP040691_297321_296575_-3_ATG_248
CP040691	-297322	TAA	FF955_01345	-299262	1941	CDS		ATG	FF955_01345|CP040691_299262_297322_-3_ATG_646
CP040691	-299293	TGA	FF955_01350	-300114	822	CDS		ATG	FF955_01350|CP040691_300114_299293_-3_ATG_273
CP040691	-300194	TGA	FF955_01355	-300487	294	CDS		TTG	FF955_01355|CP040691_300487_300194_-2_TTG_97
CP040691	-300632	TAG	FF955_01360	-301111	480	CDS		ATG	FF955_01360|CP040691_301111_300632_-2_ATG_159
CP040691	-304284	TGA	FF955_01375	-304808	525	CDS		GTG	FF955_01375|CP040691_304808_304284_-1_GTG_174
CP040691	-304833	TGA	FF955_01380	-306317	1485	CDS		ATG	FF955_01380|CP040691_306317_304833_-1_ATG_494
CP040691	-306336	TGA	FF955_01385	-308006	1671	CDS		ATG	FF955_01385|CP040691_308006_306336_-1_ATG_556
CP040691	-308753	TAG	FF955_01390	-309208	456	CDS		ATG	FF955_01390|CP040691_309208_308753_-2_ATG_151
CP040691	-309233	TGA	FF955_01395	-309976	744	CDS		ATG	FF955_01395|CP040691_309976_309233_-2_ATG_247
CP040691	-309973	TGA	FF955_01400	-311118	1146	CDS		ATG	FF955_01400|CP040691_311118_309973_-3_ATG_381
CP040691	-311218	TAG	FF955_01405	-312627	1410	CDS		ATG	FF955_01405|CP040691_312627_311218_-3_ATG_469
CP040691	-312768	TAA	FF955_01410	-313313	546	CDS		GTG	FF955_01410|CP040691_313313_312768_-1_GTG_181
CP040691	-313323	TAG	FF955_01415	-314225	903	CDS		ATG	FF955_01415|CP040691_314225_313323_-1_ATG_300
CP040691	-314242	TGA	FF955_01420	-314874	633	CDS		ATG	FF955_01420|CP040691_314874_314242_-3_ATG_210
CP040691	-314970	TGA	FF955_01425	-315962	993	CDS		GTG	FF955_01425|CP040691_315962_314970_-1_GTG_330
CP040691	-315984	TAA	FF955_01430	-319613	3630	CDS		GTG	FF955_01430|CP040691_319613_315984_-1_GTG_1209
CP040691	-321223	TGA	FF955_01440	-321732	510	CDS		GTG	FF955_01440|CP040691_321732_321223_-3_GTG_169
CP040691	-321797	TGA	FF955_01445	-322990	1194	CDS		ATG	FF955_01445|CP040691_322990_321797_-2_ATG_397
CP040691	-324725	TAA	FF955_01455	-326920	2196	CDS		ATG	FF955_01455|CP040691_326920_324725_-2_ATG_731
CP040691	-327034	TGA	FF955_01460	-328167	1134	CDS		TTG	FF955_01460|CP040691_328167_327034_-3_TTG_377
CP040691	-328164	TGA	FF955_01465	-328784	621	CDS		GTG	FF955_01465|CP040691_328784_328164_-1_GTG_206
CP040691	-329392	TAG	FF955_01475	-330117	726	CDS		ATG	FF955_01475|CP040691_330117_329392_-3_ATG_241
CP040691	-331167	TAG	FF955_01485	-331595	429	CDS		ATG	FF955_01485|CP040691_331595_331167_-1_ATG_142
CP040691	-331619	TGA	FF955_01490	-331801	183	CDS		CTG	FF955_01490|CP040691_331801_331619_-2_CTG_60
CP040691	-331896	TAG	FF955_01495	-334703	2808	CDS		ATG	FF955_01495|CP040691_334703_331896_-1_ATG_935
CP040691	-334967	TAG	FF955_01500	-337675	2709	CDS		ATG	FF955_01500|CP040691_337675_334967_-2_ATG_902
CP040691	-355464	TGA	FF955_01570	-356666	1203	CDS		ATG	FF955_01570|CP040691_356666_355464_-1_ATG_400
CP040691	-357547	TGA	FF955_01580	-358350	804	CDS		ATG	FF955_01580|CP040691_358350_357547_-3_ATG_267
CP040691	-358360	TAG	FF955_01585	-359757	1398	CDS		GTG	FF955_01585|CP040691_359757_358360_-3_GTG_465
CP040691	-364752	TAA	FF955_01625	-374297	9546	CDS		ATG	FF955_01625|CP040691_374297_364752_-1_ATG_3181
CP040691	-375159	TGA	FF955_01635	-375641	483	CDS		ATG	FF955_01635|CP040691_375641_375159_-1_ATG_160
CP040691	-377243	TGA	FF955_01650	-377734	492	CDS		GTG	FF955_01650|CP040691_377734_377243_-2_GTG_163
CP040691	-381465	TGA	FF955_01670	-382127	663	CDS		ATG	FF955_01670|CP040691_382127_381465_-1_ATG_220
CP040691	-383759	TAA	FF955_01685	-384529	771	CDS		GTG	FF955_01685|CP040691_384529_383759_-2_GTG_256
CP040691	-384891	TGA	FF955_01695	-385685	795	CDS		TTG	FF955_01695|CP040691_385685_384891_-1_TTG_264
CP040691	-389166	TAA	FF955_01720	-389837	672	CDS		ATG	FF955_01720|CP040691_389837_389166_-1_ATG_223
CP040691	-391282	TAG	FF955_01735	-392631	1350	CDS		ATG	FF955_01735|CP040691_392631_391282_-3_ATG_449
CP040691	-393280	TGA	FF955_01745	-393906	627	CDS		ATG	FF955_01745|CP040691_393906_393280_-3_ATG_208
CP040691	-393933	TAA	FF955_01750	-394673	741	CDS		ATG	FF955_01750|CP040691_394673_393933_-1_ATG_246
CP040691	-398121	TAA	FF955_01775	-398636	516	CDS		GTG	FF955_01775|CP040691_398636_398121_-1_GTG_171
CP040691	-400459	TAG	FF955_01790	-401748	1290	CDS		GTG	FF955_01790|CP040691_401748_400459_-3_GTG_429
CP040691	-401779	TGA	FF955_01795	-404427	2649	CDS		GTG	FF955_01795|CP040691_404427_401779_-3_GTG_882
CP040691	-404536	TGA	FF955_01800	-407034	2499	CDS		GTG	FF955_01800|CP040691_407034_404536_-3_GTG_832
CP040691	-412967	TGA	FF955_01825	-413527	561	CDS		GTG	FF955_01825|CP040691_413527_412967_-2_GTG_186
CP040691	-414088	TGA	FF955_01835	-415551	1464	CDS		ATG	FF955_01835|CP040691_415551_414088_-3_ATG_487
CP040691	-422957	TAG	FF955_01875	-423383	427	CDS	true	GTG	FF955_01875_p|CP040691_423383_422957_-1_GTG_142
CP040691	-423466	TGA	FF955_01880	-433197	9732	CDS		ATG	FF955_01880|CP040691_433197_423466_-3_ATG_3243
CP040691	-433348	TAG	FF955_01885	-433992	645	CDS		GTG	FF955_01885|CP040691_433992_433348_-3_GTG_214
CP040691	-433989	TGA	FF955_01890	-435287	1299	CDS		ATG	FF955_01890|CP040691_435287_433989_-1_ATG_432
CP040691	-436820	TGA	FF955_01905	-437257	438	CDS		GTG	FF955_01905|CP040691_437257_436820_-2_GTG_145
CP040691	-439783	TAA	FF955_01920	-440817	1035	CDS		ATG	FF955_01920|CP040691_440817_439783_-3_ATG_344
CP040691	-441585	TAA	FF955_01930	-442715	1131	CDS		ATG	FF955_01930|CP040691_442715_441585_-1_ATG_376
CP040691	-442740	TAA	FF955_01935	-443333	594	CDS		GTG	FF955_01935|CP040691_443333_442740_-1_GTG_197
CP040691	-443362	TGA	FF955_01940	-443751	390	CDS		GTG	FF955_01940|CP040691_443751_443362_-3_GTG_129
CP040691	-443832	TAG	FF955_01945	-445043	1212	CDS		ATG	FF955_01945|CP040691_445043_443832_-1_ATG_403
CP040691	-445049	TGA	FF955_01950	-445651	603	CDS		ATG	FF955_01950|CP040691_445651_445049_-2_ATG_200
CP040691	-445665	TGA	FF955_01955	-446561	897	CDS		GTG	FF955_01955|CP040691_446561_445665_-1_GTG_298
CP040691	-446558	TGA	FF955_01960	-447151	594	CDS		ATG	FF955_01960|CP040691_447151_446558_-2_ATG_197
CP040691	-447148	TGA	FF955_01965	-447903	756	CDS		ATG	FF955_01965|CP040691_447903_447148_-3_ATG_251
CP040691	-447922	TAG	FF955_01970	-450321	2400	CDS		ATG	FF955_01970|CP040691_450321_447922_-3_ATG_799
CP040691	-450318	TGA	FF955_01975	-450797	480	CDS		ATG	FF955_01975|CP040691_450797_450318_-1_ATG_159
CP040691	-450812	TGA	FF955_01980	-451714	903	CDS		ATG	FF955_01980|CP040691_451714_450812_-2_ATG_300
CP040691	-451748	TGA	FF955_01985	-452890	1143	CDS		ATG	FF955_01985|CP040691_452890_451748_-2_ATG_380
CP040691	-454786	TAG	FF955_02005	-455337	552	CDS		GTG	FF955_02005|CP040691_455337_454786_-3_GTG_183
CP040691	-455433	TGA	FF955_02010	-456341	909	CDS		GTG	FF955_02010|CP040691_456341_455433_-1_GTG_302
CP040691	-456359	TAG	FF955_02015	-456898	540	CDS		GTG	FF955_02015|CP040691_456898_456359_-2_GTG_179
CP040691	-456979	TGA	FF955_02020	-457833	855	CDS		ATG	FF955_02020|CP040691_457833_456979_-3_ATG_284
CP040691	-457974	TGA	FF955_02025	-460520	2547	CDS		GTG	FF955_02025|CP040691_460520_457974_-1_GTG_848
CP040691	-465190	TAG	FF955_02040	-466521	1332	CDS		ATG	FF955_02040|CP040691_466521_465190_-3_ATG_443
CP040691	-469747	TAG	FF955_02060	-471159	1413	CDS		ATG	FF955_02060|CP040691_471159_469747_-3_ATG_470
CP040691	-472642	TGA	FF955_02070	-473361	720	CDS		ATG	FF955_02070|CP040691_473361_472642_-3_ATG_239
CP040691	-474784	TAG	FF955_02090	-474978	195	CDS		ATG	FF955_02090|CP040691_474978_474784_-3_ATG_64
CP040691	-475199	TAG	FF955_02100	-475840	642	CDS		ATG	FF955_02100|CP040691_475840_475199_-2_ATG_213
CP040691	-475847	TAG	FF955_02105	-477076	1230	CDS		ATG	FF955_02105|CP040691_477076_475847_-2_ATG_409
CP040691	-477086	TAG	FF955_02110	-478273	1188	CDS		ATG	FF955_02110|CP040691_478273_477086_-2_ATG_395
CP040691	-478875	TAG	FF955_02120	-481751	2877	CDS		GTG	FF955_02120|CP040691_481751_478875_-1_GTG_958
CP040691	-481748	TGA	FF955_02125	-482176	429	CDS		ATG	FF955_02125|CP040691_482176_481748_-2_ATG_142
CP040691	-488406	TAG	FF955_02140	-489224	819	CDS		ATG	FF955_02140|CP040691_489224_488406_-1_ATG_272
CP040691	-493581	TAA	FF955_02160	-495833	2253	CDS		ATG	FF955_02160|CP040691_495833_493581_-1_ATG_750
CP040691	-495833	TGA	FF955_02165	-496819	987	CDS		ATG	FF955_02165|CP040691_496819_495833_-2_ATG_328
CP040691	-496819	TGA	FF955_02170	-498138	1320	CDS		GTG	FF955_02170|CP040691_498138_496819_-3_GTG_439
CP040691	-498869	TGA	FF955_02180	-499537	669	CDS		GTG	FF955_02180|CP040691_499537_498869_-2_GTG_222
CP040691	-505080	TAG	FF955_02215	-505490	411	CDS		TTG	FF955_02215|CP040691_505490_505080_-1_TTG_136
CP040691	-505650	TGA	FF955_02220	-506279	630	CDS		ATG	FF955_02220|CP040691_506279_505650_-1_ATG_209
CP040691	-506276	TGA	FF955_02225	-507073	798	CDS		ATG	FF955_02225|CP040691_507073_506276_-2_ATG_265
CP040691	-507100	TGA	FF955_02230	-508743	1644	CDS		ATG	FF955_02230|CP040691_508743_507100_-3_ATG_547
CP040691	-508895	TAA	FF955_02235	-509170	276	CDS		ATG	FF955_02235|CP040691_509170_508895_-2_ATG_91
CP040691	-509220	TGA	FF955_02240	-513839	4620	CDS		ATG	FF955_02240|CP040691_513839_509220_-1_ATG_1539
CP040691	-513891	TAG	FF955_02245	-514334	444	CDS		ATG	FF955_02245|CP040691_514334_513891_-1_ATG_147
CP040691	-514535	TAG	FF955_02250	-515410	876	CDS		ATG	FF955_02250|CP040691_515410_514535_-2_ATG_291
CP040691	-515413	TAG	FF955_02255	-516321	909	CDS		ATG	FF955_02255|CP040691_516321_515413_-3_ATG_302
CP040691	-516321	TAA	FF955_02260	-516914	594	CDS		ATG	FF955_02260|CP040691_516914_516321_-1_ATG_197
CP040691	-520865	TAG	FF955_02290	-523051	2187	CDS		GTG	FF955_02290|CP040691_523051_520865_-2_GTG_728
CP040691	-523048	TGA	FF955_02295	-523908	861	CDS		ATG	FF955_02295|CP040691_523908_523048_-3_ATG_286
CP040691	-523905	TGA	FF955_02300	-524600	696	CDS		GTG	FF955_02300|CP040691_524600_523905_-1_GTG_231
CP040691	-524661	TAA	FF955_02305	-525878	1218	CDS		GTG	FF955_02305|CP040691_525878_524661_-1_GTG_405
CP040691	-525897	TGA	FF955_02310	-526832	936	CDS		ATG	FF955_02310|CP040691_526832_525897_-1_ATG_311
CP040691	-528814	TAG	FF955_02320	-529242	429	CDS		GTG	FF955_02320|CP040691_529242_528814_-3_GTG_142
CP040691	-529269	TAA	FF955_02325	-530732	1464	CDS		GTG	FF955_02325|CP040691_530732_529269_-1_GTG_487
CP040691	-531609	TGA	FF955_02335	-532307	699	CDS		ATG	FF955_02335|CP040691_532307_531609_-1_ATG_232
CP040691	-532351	TGA	FF955_02340	-532914	564	CDS		ATG	FF955_02340|CP040691_532914_532351_-3_ATG_187
CP040691	-532963	TGA	FF955_02345	-533733	771	CDS		GTG	FF955_02345|CP040691_533733_532963_-3_GTG_256
CP040691	-533742	TGA	FF955_02350	-535025	1284	CDS		ATG	FF955_02350|CP040691_535025_533742_-1_ATG_427
CP040691	-535022	TGA	FF955_02355	-535711	690	CDS		ATC	FF955_02355|CP040691_535711_535022_-2_ATC_229
CP040691	-535747	TGA	FF955_02360	-537066	1320	CDS		GTG	FF955_02360|CP040691_537066_535747_-3_GTG_439
CP040691	-537106	TGA	FF955_02365	-540009	2904	CDS		GTG	FF955_02365|CP040691_540009_537106_-3_GTG_967
CP040691	-540006	TGA	FF955_02370	-540428	423	CDS		GTG	FF955_02370|CP040691_540428_540006_-1_GTG_140
CP040691	-543893	TAA	FF955_02395	-544339	447	CDS		ATG	FF955_02395|CP040691_544339_543893_-2_ATG_148
CP040691	-544407	TAG	FF955_02400	-545321	915	CDS		ATG	FF955_02400|CP040691_545321_544407_-1_ATG_304
CP040691	-545594	TGA	FF955_02405	-545875	282	CDS		ATG	FF955_02405|CP040691_545875_545594_-2_ATG_93
CP040691	-545862	TGA	FF955_02410	-546035	174	CDS		ATT	FF955_02410|CP040691_546035_545862_-1_ATT_57
CP040691	-546104	TAA	FF955_02415	-548134	2031	CDS		ATG	FF955_02415|CP040691_548134_546104_-2_ATG_676
CP040691	-552831	TAG	FF955_02450	-553403	573	CDS		ATG	FF955_02450|CP040691_553403_552831_-1_ATG_190
CP040691	-553400	TGA	FF955_02455	-554824	1425	CDS		GTG	FF955_02455|CP040691_554824_553400_-2_GTG_474
CP040691	-559366	TAA	FF955_02480	-560229	864	CDS		ATG	FF955_02480|CP040691_560229_559366_-3_ATG_287
CP040691	-560372	TGA	FF955_02485	-560812	441	CDS		GTG	FF955_02485|CP040691_560812_560372_-2_GTG_146
CP040691	-560743	TGA	FF955_02490	-561231	489	CDS		ATG	FF955_02490|CP040691_561231_560743_-3_ATG_162
CP040691	-561241	TAG	FF955_02495	-561945	705	CDS		GTG	FF955_02495|CP040691_561945_561241_-3_GTG_234
CP040691	-566439	TGA	FF955_02530	-567485	1047	CDS		GTG	FF955_02530|CP040691_567485_566439_-1_GTG_348
CP040691	-567482	TGA	FF955_02535	-568324	843	CDS		ATG	FF955_02535|CP040691_568324_567482_-2_ATG_280
CP040691	-568506	TGA	FF955_02540	-569030	525	CDS		ATG	FF955_02540|CP040691_569030_568506_-1_ATG_174
CP040691	-571564	TAG	FF955_02555	-572319	756	CDS		ATG	FF955_02555|CP040691_572319_571564_-3_ATG_251
CP040691	-578981	TGA	FF955_02590	-579370	390	CDS		TTG	FF955_02590|CP040691_579370_578981_-2_TTG_129
CP040691	-579983	TAG	FF955_02600	-581872	1890	CDS		ATG	FF955_02600|CP040691_581872_579983_-2_ATG_629
CP040691	-581869	TGA	FF955_02605	-582198	330	CDS		ATG	FF955_02605|CP040691_582198_581869_-3_ATG_109
CP040691	-582195	TGA	FF955_02610	-583184	990	CDS		GTG	FF955_02610|CP040691_583184_582195_-1_GTG_329
CP040691	-583918	TAG	FF955_02620	-584808	891	CDS		GTG	FF955_02620|CP040691_584808_583918_-3_GTG_296
CP040691	-592365	TAA	FF955_02670	-593273	909	CDS		ATG	FF955_02670|CP040691_593273_592365_-1_ATG_302
CP040691	-593296	TAG	FF955_02675	-593796	501	CDS		ATG	FF955_02675|CP040691_593796_593296_-3_ATG_166
CP040691	-593958	TGA	FF955_02680	-595079	1122	CDS		ATG	FF955_02680|CP040691_595079_593958_-1_ATG_373
CP040691	-606553	TAA	FF955_02735	-607029	477	CDS		ATG	FF955_02735|CP040691_607029_606553_-3_ATG_158
CP040691	-609666	TAG	FF955_02750	-610568	903	CDS		GTG	FF955_02750|CP040691_610568_609666_-1_GTG_300
CP040691	-612820	TAA	FF955_02775	-613215	396	CDS		ATG	FF955_02775|CP040691_613215_612820_-3_ATG_131
CP040691	-620615	TAG	FF955_02815	-620776	162	CDS		GTG	FF955_02815|CP040691_620776_620615_-2_GTG_53
CP040691	-623051	TGA	FF955_02835	-624058	1008	CDS		ATG	FF955_02835|CP040691_624058_623051_-2_ATG_335
CP040691	-624140	TAA	FF955_02840	-625018	879	CDS		GTG	FF955_02840|CP040691_625018_624140_-2_GTG_292
CP040691	-626876	TAG	FF955_02855	-628309	1434	CDS		GTG	FF955_02855|CP040691_628309_626876_-2_GTG_477
CP040691	-631633	TAA	FF955_02875	-632982	1350	CDS		GTG	FF955_02875|CP040691_632982_631633_-3_GTG_449
CP040691	-632994	TAG	FF955_02880	-634136	1143	CDS		CTG	FF955_02880|CP040691_634136_632994_-1_CTG_380
CP040691	-634151	TAG	FF955_02885	-634453	303	CDS		GTG	FF955_02885|CP040691_634453_634151_-2_GTG_100
CP040691	-634513	TAG	FF955_02890	-634791	279	CDS		GTG	FF955_02890|CP040691_634791_634513_-3_GTG_92
CP040691	-634788	TGA	FF955_02895	-636041	1254	CDS		GTG	FF955_02895|CP040691_636041_634788_-1_GTG_417
CP040691	-636161	TGA	FF955_02900	-636547	387	CDS		ATG	FF955_02900|CP040691_636547_636161_-2_ATG_128
CP040691	-636610	TGA	FF955_02905	-637494	885	CDS		GTG	FF955_02905|CP040691_637494_636610_-3_GTG_294
CP040691	-637590	TAA	FF955_02910	-638492	903	CDS		TTG	FF955_02910|CP040691_638492_637590_-1_TTG_300
CP040691	-638806	TGA	FF955_02915	-639219	414	CDS		GTG	FF955_02915|CP040691_639219_638806_-3_GTG_137
CP040691	-639216	TGA	FF955_02920	-639482	267	CDS		TTG	FF955_02920|CP040691_639482_639216_-1_TTG_88
CP040691	-639674	TAG	FF955_02925	-641389	1716	CDS		ATG	FF955_02925|CP040691_641389_639674_-2_ATG_571
CP040691	-648985	TAA	FF955_02965	-649323	339	CDS		ATG	FF955_02965|CP040691_649323_648985_-3_ATG_112
CP040691	-649357	TGA	FF955_02970	-650082	726	CDS		ATG	FF955_02970|CP040691_650082_649357_-3_ATG_241
CP040691	-650107	TGA	FF955_02975	-651333	1227	CDS		GTG	FF955_02975|CP040691_651333_650107_-3_GTG_408
CP040691	-653502	TAG	FF955_02990	-654527	1026	CDS		ATG	FF955_02990|CP040691_654527_653502_-1_ATG_341
CP040691	-654588	TGA	FF955_02995	-656048	1461	CDS		ATG	FF955_02995|CP040691_656048_654588_-1_ATG_486
CP040691	-656126	TAG	FF955_03000	-656617	492	CDS		ATG	FF955_03000|CP040691_656617_656126_-2_ATG_163
CP040691	-662065	TAA	FF955_03035	-663396	1332	CDS		ATG	FF955_03035|CP040691_663396_662065_-3_ATG_443
CP040691	-663620	TGA	FF955_03040	-663961	342	CDS		ATG	FF955_03040|CP040691_663961_663620_-2_ATG_113
CP040691	-664012	TAG	FF955_03045	-664179	168	CDS		ATG	FF955_03045|CP040691_664179_664012_-3_ATG_55
CP040691	-664429	TAG	FF955_03050	-665820	1392	CDS		ATG	FF955_03050|CP040691_665820_664429_-3_ATG_463
CP040691	-665830	TAA	FF955_03055	-666972	1143	CDS		GTG	FF955_03055|CP040691_666972_665830_-3_GTG_380
CP040691	-667157	TGA	FF955_03060	-668323	1167	CDS		GTG	FF955_03060|CP040691_668323_667157_-2_GTG_388
CP040691	-670574	TAG	FF955_03075	-674488	3915	CDS		ATG	FF955_03075|CP040691_674488_670574_-2_ATG_1304
CP040691	-675697	TAG	FF955_03090	-676188	492	CDS		ATG	FF955_03090|CP040691_676188_675697_-3_ATG_163
CP040691	-676961	TAA	FF955_03105	-677647	687	CDS		ATG	FF955_03105|CP040691_677647_676961_-2_ATG_228
CP040691	-680457	TAA	FF955_03115	-682844	2388	CDS		ATG	FF955_03115|CP040691_682844_680457_-1_ATG_795
CP040691	-693412	TGA	FF955_03165	-693804	393	CDS		GTG	FF955_03165|CP040691_693804_693412_-3_GTG_130
CP040691	-693801	TGA	FF955_03170	-694058	258	CDS		ATG	FF955_03170|CP040691_694058_693801_-1_ATG_85
CP040691	-694241	TAA	FF955_03175	-695476	1236	CDS		ATG	FF955_03175|CP040691_695476_694241_-2_ATG_411
CP040691	-695727	TGA	FF955_03180	-696140	414	CDS		GTG	FF955_03180|CP040691_696140_695727_-1_GTG_137
CP040691	-696137	TGA	FF955_03185	-696373	237	CDS		ATG	FF955_03185|CP040691_696373_696137_-2_ATG_78
CP040691	-696477	TAG	FF955_03190	-696983	507	CDS		GTG	FF955_03190|CP040691_696983_696477_-1_GTG_168
CP040691	-697097	TGA	FF955_03195	-697567	471	CDS		ATG	FF955_03195|CP040691_697567_697097_-2_ATG_156
CP040691	-697611	TGA	FF955_03200	-698372	762	CDS		GTG	FF955_03200|CP040691_698372_697611_-1_GTG_253
CP040691	-702848	TGA	FF955_03250	-703015	168	CDS		ATA	FF955_03250|CP040691_703015_702848_-2_ATA_55
CP040691	-703048	TGA	FF955_03255	-703245	198	CDS		GTG	FF955_03255|CP040691_703245_703048_-3_GTG_65
CP040691	-703325	TGA	FF955_03260	-704482	1158	CDS		ATG	FF955_03260|CP040691_704482_703325_-2_ATG_385
CP040691	-704534	TAG	FF955_03265	-704755	222	CDS		ATG	FF955_03265|CP040691_704755_704534_-2_ATG_73
CP040691	-705521	TAG	FF955_03275	-708088	2568	CDS		GTG	FF955_03275|CP040691_708088_705521_-2_GTG_855
CP040691	-709157	TAA	FF955_03290	-709423	267	CDS		GTG	FF955_03290|CP040691_709423_709157_-2_GTG_88
CP040691	-712502	TAA	FF955_03320	-712846	345	CDS		ATG	FF955_03320|CP040691_712846_712502_-2_ATG_114
CP040691	-715726	TGA	FF955_03345	-716466	741	CDS		ATG	FF955_03345|CP040691_716466_715726_-3_ATG_246
CP040691	-717334	TGA	FF955_03360	-718485	1152	CDS		GTG	FF955_03360|CP040691_718485_717334_-3_GTG_383
CP040691	-718578	TGA	FF955_03365	-720305	1728	CDS		GTG	FF955_03365|CP040691_720305_718578_-1_GTG_575
CP040691	-720302	TGA	FF955_03370	-723586	3285	CDS		ATG	FF955_03370|CP040691_723586_720302_-2_ATG_1094
CP040691	-723586	TGA	FF955_03375	-726879	3294	CDS		ATG	FF955_03375|CP040691_726879_723586_-3_ATG_1097
CP040691	-727156	TAA	FF955_03380	-727851	696	CDS		ATG	FF955_03380|CP040691_727851_727156_-3_ATG_231
CP040691	-727900	TAA	FF955_03385	-728739	840	CDS		ATG	FF955_03385|CP040691_728739_727900_-3_ATG_279
CP040691	-728893	TGA	FF955_03390	-729606	714	CDS		GTG	FF955_03390|CP040691_729606_728893_-3_GTG_237
CP040691	-734871	TAA	FF955_03455	-735776	906	CDS		ATG	FF955_03455|CP040691_735776_734871_-1_ATG_301
CP040691	-735841	TAG	FF955_03460	-736722	882	CDS		ATG	FF955_03460|CP040691_736722_735841_-3_ATG_293
CP040691	-736870	TAG	FF955_03465	-737733	864	CDS		ATG	FF955_03465|CP040691_737733_736870_-3_ATG_287
CP040691	-737900	TAG	FF955_03470	-738760	861	CDS		ATG	FF955_03470|CP040691_738760_737900_-2_ATG_286
CP040691	-738807	TGA	FF955_03475	-739712	906	CDS		GTG	FF955_03475|CP040691_739712_738807_-1_GTG_301
CP040691	-739724	TAG	FF955_03480	-741190	1467	CDS		ATG	FF955_03480|CP040691_741190_739724_-2_ATG_488
CP040691	-748340	TGA	FF955_03510	-749035	696	CDS		ATG	FF955_03510|CP040691_749035_748340_-2_ATG_231
CP040691	-752090	TAG	FF955_03525	-752473	384	CDS		TTG	FF955_03525|CP040691_752473_752090_-2_TTG_127
CP040691	-752568	TAG	FF955_03530	-752723	156	CDS		GTG	FF955_03530|CP040691_752723_752568_-1_GTG_51
CP040691	-752799	TGA	FF955_03535	-753515	717	CDS		GTG	FF955_03535|CP040691_753515_752799_-1_GTG_238
CP040691	-753791	TGA	FF955_03540	-754099	309	CDS		ATG	FF955_03540|CP040691_754099_753791_-2_ATG_102
CP040691	-754086	TGA	FF955_03545	-754331	246	CDS		ATG	FF955_03545|CP040691_754331_754086_-1_ATG_81
CP040691	-754441	TGA	FF955_03550	-754878	438	CDS		ATG	FF955_03550|CP040691_754878_754441_-3_ATG_145
CP040691	-754875	TGA	FF955_03555	-755243	369	CDS		TTG	FF955_03555|CP040691_755243_754875_-1_TTG_122
CP040691	-766423	TAG	FF955_03595	-766743	321	CDS		ATG	FF955_03595|CP040691_766743_766423_-3_ATG_106
CP040691	-766790	TGA	FF955_03600	-768703	1914	CDS		ATG	FF955_03600|CP040691_768703_766790_-2_ATG_637
CP040691	-774692	TGA	FF955_03635	-777586	2895	CDS		ATG	FF955_03635|CP040691_777586_774692_-2_ATG_964
CP040691	-777583	TGA	FF955_03640	-778011	429	CDS		ATG	FF955_03640|CP040691_778011_777583_-3_ATG_142
CP040691	-778649	TGA	FF955_03650	-779146	498	CDS		GTG	FF955_03650|CP040691_779146_778649_-2_GTG_165
CP040691	-779148	TGA	FF955_03655	-779522	375	CDS		GTG	FF955_03655|CP040691_779522_779148_-1_GTG_124
CP040691	-788263	TAG	FF955_03700	-788517	255	CDS		GTG	FF955_03700|CP040691_788517_788263_-3_GTG_84
CP040691	-788871	CAC	FF955_03705	-789009	139	CDS	true	CGG	FF955_03705_p|CP040691_789009_788871_-3_CGG_46
CP040691	-789130	TGA	FF955_03710	-790179	1050	CDS		GTG	FF955_03710|CP040691_790179_789130_-3_GTG_349
CP040691	-790176	TGA	FF955_03715	-790772	597	CDS		ATG	FF955_03715|CP040691_790772_790176_-1_ATG_198
CP040691	-799210	TGA	FF955_03775	-799440	231	CDS		GTG	FF955_03775|CP040691_799440_799210_-3_GTG_76
CP040691	-816753	TGA	FF955_03905	-817658	906	CDS		ATG	FF955_03905|CP040691_817658_816753_-1_ATG_301
CP040691	-817751	TGA	FF955_03910	-818854	1104	CDS		ATG	FF955_03910|CP040691_818854_817751_-2_ATG_367
CP040691	-819057	TAG	FF955_03915	-819713	657	CDS		ATG	FF955_03915|CP040691_819713_819057_-1_ATG_218
CP040691	-819710	TGA	FF955_03920	-820690	981	CDS		GTG	FF955_03920|CP040691_820690_819710_-2_GTG_326
CP040691	-822897	TGA	FF955_03935	-823853	957	CDS		ATG	FF955_03935|CP040691_823853_822897_-1_ATG_318
CP040691	-829838	AGC	FF955_03985	-829966	129	CDS	true	ATG	FF955_03985_p|CP040691_829966_829838_-2_ATG_43
CP040691	-833102	TAG	FF955_04010	-833659	558	CDS		ATG	FF955_04010|CP040691_833659_833102_-2_ATG_185
CP040691	-833656	TGA	FF955_04015	-834162	507	CDS		ATG	FF955_04015|CP040691_834162_833656_-3_ATG_168
CP040691	-834275	TAG	FF955_04020	-834421	147	CDS		ATG	FF955_04020|CP040691_834421_834275_-2_ATG_48
CP040691	-840824	TAG	FF955_04055	-840961	138	CDS		GTG	FF955_04055|CP040691_840961_840824_-2_GTG_45
CP040691	-841434	TAA	FF955_04065	-842318	885	CDS		ATG	FF955_04065|CP040691_842318_841434_-1_ATG_294
CP040691	-842329	TAG	FF955_04070	-843501	1173	CDS		ATG	FF955_04070|CP040691_843501_842329_-3_ATG_390
CP040691	-843508	TAG	FF955_04075	-845040	1533	CDS		ATG	FF955_04075|CP040691_845040_843508_-3_ATG_510
CP040691	-847190	TAG	FF955_04085	-849127	1938	CDS		ATG	FF955_04085|CP040691_849127_847190_-2_ATG_645
CP040691	-849456	TTA	FF955_04090	-849614	159	CDS	true	ATG	FF955_04090_p|CP040691_849614_849456_-1_ATG_53
CP040691	-849828	TGA	FF955_04100	-850553	726	CDS		ATG	FF955_04100|CP040691_850553_849828_-1_ATG_241
CP040691	-852912	TGA	FF955_04115	-853313	402	CDS		GTG	FF955_04115|CP040691_853313_852912_-1_GTG_133
CP040691	-853353	TGA	FF955_04120	-853772	420	CDS		ATG	FF955_04120|CP040691_853772_853353_-1_ATG_139
CP040691	-853785	TAG	FF955_04125	-854912	1128	CDS		GTG	FF955_04125|CP040691_854912_853785_-1_GTG_375
CP040691	-855011	TAA	FF955_04130	-855556	546	CDS		GTG	FF955_04130|CP040691_855556_855011_-2_GTG_181
CP040691	-855559	TAA	FF955_04135	-855765	207	CDS		ATG	FF955_04135|CP040691_855765_855559_-3_ATG_68
CP040691	-855768	TAA	FF955_04140	-857123	1356	CDS		ATG	FF955_04140|CP040691_857123_855768_-1_ATG_451
CP040691	-857123	TAA	FF955_04145	-857950	828	CDS		ATG	FF955_04145|CP040691_857950_857123_-2_ATG_275
CP040691	-857950	TAA	FF955_04150	-859158	1209	CDS		ATG	FF955_04150|CP040691_859158_857950_-3_ATG_402
CP040691	-859155	TGA	FF955_04155	-859796	642	CDS		GTG	FF955_04155|CP040691_859796_859155_-1_GTG_213
CP040691	-864937	TAG	FF955_04185	-866475	1539	CDS		ATG	FF955_04185|CP040691_866475_864937_-3_ATG_512
CP040691	-866526	TAA	FF955_04190	-867437	912	CDS		ATG	FF955_04190|CP040691_867437_866526_-1_ATG_303
CP040691	-868070	TGA	FF955_04200	-868849	780	CDS		ATG	FF955_04200|CP040691_868849_868070_-2_ATG_259
CP040691	-871758	TAG	FF955_04215	-872378	621	CDS		ATG	FF955_04215|CP040691_872378_871758_-1_ATG_206
CP040691	-875906	TGA	FF955_04235	-877528	1623	CDS	true	ATG	FF955_04235_p|CP040691_877528_875906_-2_ATG_540
CP040691	-880163	TAG	FF955_04250	-880801	639	CDS		ATG	FF955_04250|CP040691_880801_880163_-2_ATG_212
CP040691	-882539	TGA	FF955_04270	-883138	600	CDS		GTG	FF955_04270|CP040691_883138_882539_-2_GTG_199
CP040691	-883160	TGA	FF955_04275	-883888	729	CDS		ATG	FF955_04275|CP040691_883888_883160_-2_ATG_242
CP040691	-883885	TGA	FF955_04280	-884928	1044	CDS		ATG	FF955_04280|CP040691_884928_883885_-3_ATG_347
CP040691	-884925	TGA	FF955_04285	-885734	810	CDS		ATG	FF955_04285|CP040691_885734_884925_-1_ATG_269
CP040691	-886225	TAG	FF955_04295	-887724	1500	CDS		ATG	FF955_04295|CP040691_887724_886225_-3_ATG_499
CP040691	-890559	TAA	FF955_04310	-891356	798	CDS		ATG	FF955_04310|CP040691_891356_890559_-1_ATG_265
CP040691	-891353	TGA	FF955_04315	-892360	1008	CDS		GTG	FF955_04315|CP040691_892360_891353_-2_GTG_335
CP040691	-894059	TGA	FF955_04330	-894715	657	CDS		ATG	FF955_04330|CP040691_894715_894059_-2_ATG_218
CP040691	-898819	TGA	FF955_04350	-900417	1599	CDS		ATG	FF955_04350|CP040691_900417_898819_-3_ATG_532
CP040691	-903992	TAG	FF955_04370	-904174	183	CDS		ATG	FF955_04370|CP040691_904174_903992_-2_ATG_60
CP040691	-904321	TGA	FF955_04375	-905427	1107	CDS		GTG	FF955_04375|CP040691_905427_904321_-3_GTG_368
CP040691	-906425	TAA	FF955_04385	-907105	681	CDS		GTG	FF955_04385|CP040691_907105_906425_-2_GTG_226
CP040691	-907268	TGA	FF955_04390	-907570	303	CDS		ATG	FF955_04390|CP040691_907570_907268_-2_ATG_100
CP040691	-907572	TGA	FF955_04395	-908405	834	CDS		ATG	FF955_04395|CP040691_908405_907572_-1_ATG_277
CP040691	-908698	TGA	FF955_04400	-909120	423	CDS		ATG	FF955_04400|CP040691_909120_908698_-3_ATG_140
CP040691	-909117	TGA	FF955_04405	-909929	813	CDS		ATG	FF955_04405|CP040691_909929_909117_-1_ATG_270
CP040691	-912645	TAG	FF955_04425	-913286	642	CDS		ATG	FF955_04425|CP040691_913286_912645_-1_ATG_213
CP040691	-913344	TAG	FF955_04430	-915398	2055	CDS		ATG	FF955_04430|CP040691_915398_913344_-1_ATG_684
CP040691	-915564	TGA	FF955_04435	-916730	1167	CDS		ATG	FF955_04435|CP040691_916730_915564_-1_ATG_388
CP040691	-916723	CAG	FF955_04440	-916818	96	CDS	true	GCC	FF955_04440_p|CP040691_916818_916723_-3_GCC_32
CP040691	-916818	TAG	FF955_04445	-917834	1017	CDS		ATG	FF955_04445|CP040691_917834_916818_-1_ATG_338
CP040691	-917996	TGA	FF955_04450	-918637	642	CDS		GTG	FF955_04450|CP040691_918637_917996_-2_GTG_213
CP040691	-919825	TAA	FF955_04460	-920217	393	CDS		ATG	FF955_04460|CP040691_920217_919825_-3_ATG_130
CP040691	-920275	TGA	FF955_04465	-920697	423	CDS		ATG	FF955_04465|CP040691_920697_920275_-3_ATG_140
CP040691	-921978	TAA	FF955_04480	-922793	816	CDS		ATG	FF955_04480|CP040691_922793_921978_-1_ATG_271
CP040691	-926630	TAA	FF955_04520	-929278	2649	CDS		ATG	FF955_04520|CP040691_929278_926630_-2_ATG_882
CP040691	-930371	TGA	FF955_04530	-930922	552	CDS		ATG	FF955_04530|CP040691_930922_930371_-2_ATG_183
CP040691	-931003	TAA	FF955_04535	-931725	723	CDS		ATG	FF955_04535|CP040691_931725_931003_-3_ATG_240
CP040691	-931796	TGA	FF955_04540	-932824	1029	CDS		ATG	FF955_04540|CP040691_932824_931796_-2_ATG_342
CP040691	-933086	TAG	FF955_04545	-933274	189	CDS		ATG	FF955_04545|CP040691_933274_933086_-2_ATG_62
CP040691	-933293	TGA	FF955_04550	-933562	270	CDS		ATG	FF955_04550|CP040691_933562_933293_-2_ATG_89
CP040691	-935250	TGA	FF955_04565	-936110	861	CDS		GTG	FF955_04565|CP040691_936110_935250_-1_GTG_286
CP040691	-939249	TAG	FF955_04590	-939899	651	CDS		ATG	FF955_04590|CP040691_939899_939249_-1_ATG_216
CP040691	-941473	TGA	FF955_04600	-942987	1515	CDS		ATG	FF955_04600|CP040691_942987_941473_-3_ATG_504
CP040691	-946434	TAG	FF955_04625	-947261	828	CDS		GTG	FF955_04625|CP040691_947261_946434_-1_GTG_275
CP040691	-948229	TGA	FF955_04640	-949911	1683	CDS		GTG	FF955_04640|CP040691_949911_948229_-3_GTG_560
CP040691	-952520	TAG	FF955_04665	-953713	1194	CDS		ATG	FF955_04665|CP040691_953713_952520_-2_ATG_397
CP040691	-957316	TAG	FF955_04680	-958944	1629	CDS		GTG	FF955_04680|CP040691_958944_957316_-3_GTG_542
CP040691	-958968	CGC	FF955_04685	-959071	104	CDS	true	TTG	FF955_04685_p|CP040691_959071_958968_-2_TTG_34
CP040691	-959135	TAA	FF955_04690	-961405	2271	CDS		ATG	FF955_04690|CP040691_961405_959135_-2_ATG_756
CP040691	-963105	TGA	FF955_04715	-964328	1224	CDS		ATG	FF955_04715|CP040691_964328_963105_-1_ATG_407
CP040691	-964776	TAA	FF955_04720	-965054	279	CDS		GTG	FF955_04720|CP040691_965054_964776_-1_GTG_92
CP040691	-965058	TAA	FF955_04725	-966140	1083	CDS		ATG	FF955_04725|CP040691_966140_965058_-1_ATG_360
CP040691	-966137	TGA	FF955_04730	-966526	390	CDS		ATG	FF955_04730|CP040691_966526_966137_-2_ATG_129
CP040691	-967217	TAA	FF955_04740	-969046	1830	CDS		ATG	FF955_04740|CP040691_969046_967217_-2_ATG_609
CP040691	-969127	TAG	FF955_04745	-969318	192	CDS		TTG	FF955_04745|CP040691_969318_969127_-3_TTG_63
CP040691	-971348	TAG	FF955_04755	-972508	1161	CDS		GTG	FF955_04755|CP040691_972508_971348_-2_GTG_386
CP040691	-972608	TGA	FF955_04760	-973096	489	CDS		GTG	FF955_04760|CP040691_973096_972608_-2_GTG_162
CP040691	-973093	TGA	FF955_04765	-974739	1647	CDS		ATG	FF955_04765|CP040691_974739_973093_-3_ATG_548
CP040691	-975674	TGA	FF955_04775	-977005	1332	CDS		ATG	FF955_04775|CP040691_977005_975674_-2_ATG_443
CP040691	-977283	TAG	FF955_04780	-977558	276	CDS		ATG	FF955_04780|CP040691_977558_977283_-1_ATG_91
CP040691	-979308	TAG	FF955_04800	-980069	762	CDS		ATG	FF955_04800|CP040691_980069_979308_-1_ATG_253
CP040691	-980226	TAG	FF955_04805	-981356	1131	CDS		ATG	FF955_04805|CP040691_981356_980226_-1_ATG_376
CP040691	-984316	TAG	FF955_04820	-984774	459	CDS		ATG	FF955_04820|CP040691_984774_984316_-3_ATG_152
CP040691	-987544	TGA	FF955_04835	-988665	1122	CDS		ATG	FF955_04835|CP040691_988665_987544_-3_ATG_373
CP040691	-988752	TGA	FF955_04840	-991400	2649	CDS		GTG	FF955_04840|CP040691_991400_988752_-1_GTG_882
CP040691	-991402	TGA	FF955_04845	-992259	858	CDS		GTG	FF955_04845|CP040691_992259_991402_-3_GTG_285
CP040691	-994122	TAG	FF955_04860	-995099	978	CDS		ATG	FF955_04860|CP040691_995099_994122_-1_ATG_325
CP040691	-999612	TAA	FF955_04880	-1001219	1608	CDS		ATG	FF955_04880|CP040691_1001219_999612_-1_ATG_535
CP040691	-1001245	TAG	FF955_04885	-1001508	264	CDS		ATG	FF955_04885|CP040691_1001508_1001245_-3_ATG_87
CP040691	-1003305	TAG	FF955_04905	-1004645	1341	CDS		ATG	FF955_04905|CP040691_1004645_1003305_-1_ATG_446
CP040691	-1004656	TGA	FF955_04910	-1005366	711	CDS		ATG	FF955_04910|CP040691_1005366_1004656_-3_ATG_236
CP040691	-1005497	TAA	FF955_04915	-1006984	1488	CDS		GTG	FF955_04915|CP040691_1006984_1005497_-2_GTG_495
CP040691	-1015626	TGA	FF955_04960	-1015856	231	CDS		GTG	FF955_04960|CP040691_1015856_1015626_-1_GTG_76
CP040691	-1016023	TGA	FF955_04965	-1017531	1509	CDS		ATG	FF955_04965|CP040691_1017531_1016023_-3_ATG_502
CP040691	-1017533	TGA	FF955_04970	-1018771	1239	CDS		ATG	FF955_04970|CP040691_1018771_1017533_-2_ATG_412
CP040691	-1018864	TAA	FF955_04975	-1020135	1272	CDS		ATG	FF955_04975|CP040691_1020135_1018864_-3_ATG_423
CP040691	-1020150	TAA	FF955_04980	-1020449	300	CDS		ATG	FF955_04980|CP040691_1020449_1020150_-1_ATG_99
CP040691	-1024303	TGA	FF955_05010	-1025622	1320	CDS		ATG	FF955_05010|CP040691_1025622_1024303_-3_ATG_439
CP040691	-1028320	TAG	FF955_05025	-1029384	1065	CDS		ATG	FF955_05025|CP040691_1029384_1028320_-3_ATG_354
CP040691	-1029385	TGA	FF955_05030	-1030671	1287	CDS		GTG	FF955_05030|CP040691_1030671_1029385_-3_GTG_428
CP040691	-1030703	TAG	FF955_05035	-1031440	738	CDS		ATG	FF955_05035|CP040691_1031440_1030703_-2_ATG_245
CP040691	-1031517	TGA	FF955_05040	-1032593	1077	CDS		ATG	FF955_05040|CP040691_1032593_1031517_-1_ATG_358
CP040691	-1032647	TGA	FF955_05045	-1033435	789	CDS		ATG	FF955_05045|CP040691_1033435_1032647_-2_ATG_262
CP040691	-1036724	TAA	FF955_05065	-1038718	1995	CDS		GTG	FF955_05065|CP040691_1038718_1036724_-2_GTG_664
CP040691	-1038740	TGA	FF955_05070	-1039852	1113	CDS		GTG	FF955_05070|CP040691_1039852_1038740_-2_GTG_370
CP040691	-1044003	TGA	FF955_05095	-1044824	822	CDS		ATG	FF955_05095|CP040691_1044824_1044003_-1_ATG_273
CP040691	-1049397	TAA	FF955_05110	-1050263	867	CDS		GTG	FF955_05110|CP040691_1050263_1049397_-1_GTG_288
CP040691	-1050348	TGA	FF955_05115	-1051121	774	CDS		GTG	FF955_05115|CP040691_1051121_1050348_-1_GTG_257
CP040691	-1051500	TGA	FF955_05125	-1052540	1041	CDS		GTG	FF955_05125|CP040691_1052540_1051500_-1_GTG_346
CP040691	-1053828	TAG	FF955_05140	-1055489	1662	CDS		ATG	FF955_05140|CP040691_1055489_1053828_-1_ATG_553
CP040691	-1055590	TAG	FF955_05145	-1055874	285	CDS		ATG	FF955_05145|CP040691_1055874_1055590_-3_ATG_94
CP040691	-1056104	TGA	FF955_05150	-1056334	231	CDS		ATG	FF955_05150|CP040691_1056334_1056104_-2_ATG_76
CP040691	-1056450	TAA	FF955_05160	-1056767	318	CDS		ATG	FF955_05160|CP040691_1056767_1056450_-1_ATG_105
CP040691	-1059460	TGA	FF955_05170	-1060458	999	CDS		ATG	FF955_05170|CP040691_1060458_1059460_-3_ATG_332
CP040691	-1062918	TAG	FF955_05185	-1063766	849	CDS		ATG	FF955_05185|CP040691_1063766_1062918_-1_ATG_282
CP040691	-1073244	TGA	FF955_05240	-1073918	675	CDS		ATG	FF955_05240|CP040691_1073918_1073244_-1_ATG_224
CP040691	-1074101	TAA	FF955_05245	-1074901	801	CDS		GTG	FF955_05245|CP040691_1074901_1074101_-2_GTG_266
CP040691	-1075000	TGA	FF955_05250	-1075482	483	CDS		ATG	FF955_05250|CP040691_1075482_1075000_-3_ATG_160
CP040691	-1075582	TGA	FF955_05255	-1076001	420	CDS		ATG	FF955_05255|CP040691_1076001_1075582_-3_ATG_139
CP040691	-1076037	TAG	FF955_05260	-1076639	603	CDS		ATG	FF955_05260|CP040691_1076639_1076037_-1_ATG_200
CP040691	-1080579	TAG	FF955_05285	-1081388	810	CDS		ATG	FF955_05285|CP040691_1081388_1080579_-1_ATG_269
CP040691	-1081388	TGA	FF955_05290	-1082554	1167	CDS		GTG	FF955_05290|CP040691_1082554_1081388_-2_GTG_388
CP040691	-1082551	TGA	FF955_05295	-1084554	2004	CDS		ATG	FF955_05295|CP040691_1084554_1082551_-3_ATG_667
CP040691	-1084560	TGA	FF955_05300	-1086149	1590	CDS		GTG	FF955_05300|CP040691_1086149_1084560_-1_GTG_529
CP040691	-1086152	TGA	FF955_05305	-1087300	1149	CDS		GTG	FF955_05305|CP040691_1087300_1086152_-2_GTG_382
CP040691	-1087297	TGA	FF955_05310	-1088979	1683	CDS		GTG	FF955_05310|CP040691_1088979_1087297_-3_GTG_560
CP040691	-1092166	TGA	FF955_05320	-1093218	1053	CDS		GTG	FF955_05320|CP040691_1093218_1092166_-3_GTG_350
CP040691	-1093487	TGA	FF955_05325	-1093681	195	CDS		ATG	FF955_05325|CP040691_1093681_1093487_-2_ATG_64
CP040691	-1093895	TGA	FF955_05335	-1095268	1374	CDS		ATG	FF955_05335|CP040691_1095268_1093895_-2_ATG_457
CP040691	-1095451	CTG	FF955_05340	-1095537	87	CDS	true	ATG	FF955_05340_p|CP040691_1095537_1095451_-3_ATG_29
CP040691	-1099842	TAG	FF955_05365	-1100297	456	CDS		ATG	FF955_05365|CP040691_1100297_1099842_-1_ATG_151
CP040691	-1105222	TAG	FF955_05385	-1106199	978	CDS		ATG	FF955_05385|CP040691_1106199_1105222_-3_ATG_325
CP040691	-1106260	TGA	FF955_05390	-1106916	657	CDS		GTG	FF955_05390|CP040691_1106916_1106260_-3_GTG_218
CP040691	-1106989	TGA	FF955_05395	-1107321	333	CDS		GTG	FF955_05395|CP040691_1107321_1106989_-3_GTG_110
CP040691	-1107395	TGA	FF955_05400	-1107988	594	CDS		ATG	FF955_05400|CP040691_1107988_1107395_-2_ATG_197
CP040691	-1112990	TAG	FF955_05440	-1113199	210	CDS		ATG	FF955_05440|CP040691_1113199_1112990_-2_ATG_69
CP040691	-1113203	TAG	FF955_05445	-1113658	456	CDS		ATG	FF955_05445|CP040691_1113658_1113203_-2_ATG_151
CP040691	-1115348	TAA	FF955_05460	-1115965	618	CDS		ATG	FF955_05460|CP040691_1115965_1115348_-2_ATG_205
CP040691	-1117245	TGA	FF955_05470	-1118756	1512	CDS		GTG	FF955_05470|CP040691_1118756_1117245_-1_GTG_503
CP040691	-1119706	TAA	FF955_05480	-1120965	1260	CDS		GTG	FF955_05480|CP040691_1120965_1119706_-3_GTG_419
CP040691	-1121039	TAG	FF955_05485	-1122475	1437	CDS		TTG	FF955_05485|CP040691_1122475_1121039_-2_TTG_478
CP040691	-1124261	TGA	FF955_05495	-1125820	1560	CDS		ATG	FF955_05495|CP040691_1125820_1124261_-2_ATG_519
CP040691	-1130198	TGA	FF955_05525	-1130497	300	CDS		ATG	FF955_05525|CP040691_1130497_1130198_-2_ATG_99
CP040691	-1132150	TAA	FF955_05535	-1132725	576	CDS		ATG	FF955_05535|CP040691_1132725_1132150_-3_ATG_191
CP040691	-1132738	TAG	FF955_05540	-1133385	648	CDS		ATG	FF955_05540|CP040691_1133385_1132738_-3_ATG_215
CP040691	-1133602	TAA	FF955_05545	-1134282	681	CDS		TTG	FF955_05545|CP040691_1134282_1133602_-3_TTG_226
CP040691	-1134318	TAG	FF955_05550	-1135298	981	CDS		TTG	FF955_05550|CP040691_1135298_1134318_-1_TTG_326
CP040691	-1135390	TGA	FF955_05555	-1136877	1488	CDS		ATG	FF955_05555|CP040691_1136877_1135390_-3_ATG_495
CP040691	-1147244	TAA	FF955_05610	-1147924	681	CDS		ATG	FF955_05610|CP040691_1147924_1147244_-2_ATG_226
CP040691	-1147921	TGA	FF955_05615	-1150503	2583	CDS		GTG	FF955_05615|CP040691_1150503_1147921_-3_GTG_860
CP040691	-1155243	TGA	FF955_05645	-1156772	1530	CDS		ATG	FF955_05645|CP040691_1156772_1155243_-1_ATG_509
CP040691	-1156780	TGA	FF955_05650	-1157553	774	CDS		ATG	FF955_05650|CP040691_1157553_1156780_-3_ATG_257
CP040691	-1157735	TAA	FF955_05655	-1159175	1441	CDS	true	GTG	FF955_05655_p|CP040691_1159175_1157735_-1_GTG_480
CP040691	-1159361	TAA	FF955_05660	-1159645	285	CDS		ATG	FF955_05660|CP040691_1159645_1159361_-2_ATG_94
CP040691	-1159672	TGA	FF955_05665	-1159968	297	CDS		ATG	FF955_05665|CP040691_1159968_1159672_-3_ATG_98
CP040691	-1160114	TGA	FF955_05670	-1161289	1176	CDS		ATG	FF955_05670|CP040691_1161289_1160114_-2_ATG_391
CP040691	-1161366	TAG	FF955_05675	-1162193	828	CDS		ATG	FF955_05675|CP040691_1162193_1161366_-1_ATG_275
CP040691	-1162981	TGA	FF955_05685	-1163220	240	CDS		TTG	FF955_05685|CP040691_1163220_1162981_-3_TTG_79
CP040691	-1163126	TGA	FF955_05690	-1163344	219	CDS		GTG	FF955_05690|CP040691_1163344_1163126_-2_GTG_72
CP040691	-1163389	TAG	FF955_05695	-1164316	928	CDS	true	GTG	FF955_05695_p|CP040691_1164316_1163389_-2_GTG_309
CP040691	-1164599	TAG	FF955_05700	-1165624	1026	CDS		ATG	FF955_05700|CP040691_1165624_1164599_-2_ATG_341
CP040691	-1167453	TGA	FF955_05715	-1168241	789	CDS		TTG	FF955_05715|CP040691_1168241_1167453_-1_TTG_262
CP040691	-1169856	TGA	FF955_05725	-1170971	1116	CDS		GTG	FF955_05725|CP040691_1170971_1169856_-1_GTG_371
CP040691	-1170928	TAG	FF955_05730	-1171131	204	CDS		GTG	FF955_05730|CP040691_1171131_1170928_-3_GTG_67
CP040691	-1172763	TGA	FF955_05745	-1173518	756	CDS		ATG	FF955_05745|CP040691_1173518_1172763_-1_ATG_251
CP040691	-1173813	TGA	FF955_05750	-1174439	627	CDS		ATG	FF955_05750|CP040691_1174439_1173813_-1_ATG_208
CP040691	-1177422	TGA	FF955_05790	-1177586	165	CDS		ATG	FF955_05790|CP040691_1177586_1177422_-1_ATG_54
CP040691	-1184559	TGA	FF955_05825	-1185641	1083	CDS		ATG	FF955_05825|CP040691_1185641_1184559_-1_ATG_360
CP040691	-1185722	TAA	FF955_05830	-1186141	420	CDS		GTG	FF955_05830|CP040691_1186141_1185722_-2_GTG_139
CP040691	-1187239	TAA	FF955_05845	-1189260	2022	CDS		GTG	FF955_05845|CP040691_1189260_1187239_-3_GTG_673
CP040691	-1189593	TAA	FF955_05850	-1191131	1539	CDS		ATG	FF955_05850|CP040691_1191131_1189593_-1_ATG_512
CP040691	-1191493	TAG	FF955_05855	-1193256	1764	CDS		ATG	FF955_05855|CP040691_1193256_1191493_-3_ATG_587
CP040691	-1193253	TGA	FF955_05860	-1194026	774	CDS		ATG	FF955_05860|CP040691_1194026_1193253_-1_ATG_257
CP040691	-1194038	TAG	FF955_05865	-1195075	1038	CDS		GTG	FF955_05865|CP040691_1195075_1194038_-2_GTG_345
CP040691	-1197139	TGA	FF955_05880	-1198356	1218	CDS		ATG	FF955_05880|CP040691_1198356_1197139_-3_ATG_405
CP040691	-1198409	TAG	FF955_05885	-1199353	945	CDS		GTG	FF955_05885|CP040691_1199353_1198409_-2_GTG_314
CP040691	-1204287	TAG	FF955_05910	-1204781	495	CDS		ATG	FF955_05910|CP040691_1204781_1204287_-1_ATG_164
CP040691	-1204967	TGA	FF955_05915	-1205401	435	CDS		ATG	FF955_05915|CP040691_1205401_1204967_-2_ATG_144
CP040691	-1208739	TGA	FF955_05935	-1209467	729	CDS		ATG	FF955_05935|CP040691_1209467_1208739_-1_ATG_242
CP040691	-1210383	TAG	FF955_05945	-1210652	270	CDS		GTG	FF955_05945|CP040691_1210652_1210383_-1_GTG_89
CP040691	-1218218	TAA	FF955_05990	-1219156	939	CDS		ATG	FF955_05990|CP040691_1219156_1218218_-2_ATG_312
CP040691	-1224233	TGA	FF955_06020	-1225114	882	CDS		ATG	FF955_06020|CP040691_1225114_1224233_-2_ATG_293
CP040691	-1225111	TGA	FF955_06025	-1226535	1425	CDS		ATG	FF955_06025|CP040691_1226535_1225111_-3_ATG_474
CP040691	-1226566	TAA	FF955_06030	-1227654	1089	CDS		ATG	FF955_06030|CP040691_1227654_1226566_-3_ATG_362
CP040691	-1228361	TGA	FF955_06040	-1229518	1158	CDS		TTG	FF955_06040|CP040691_1229518_1228361_-2_TTG_385
CP040691	-1229630	TAG	FF955_06045	-1229941	312	CDS		ATG	FF955_06045|CP040691_1229941_1229630_-2_ATG_103
CP040691	-1229941	TGA	FF955_06050	-1230261	321	CDS		ATG	FF955_06050|CP040691_1230261_1229941_-3_ATG_106
CP040691	-1231814	TAG	FF955_06060	-1232926	1113	CDS		ATG	FF955_06060|CP040691_1232926_1231814_-2_ATG_370
CP040691	-1232936	TAA	FF955_06065	-1233193	258	CDS		ATG	FF955_06065|CP040691_1233193_1232936_-2_ATG_85
CP040691	-1233183	TGA	FF955_06070	-1234430	1248	CDS		GTG	FF955_06070|CP040691_1234430_1233183_-1_GTG_415
CP040691	-1234427	TGA	FF955_06075	-1235065	639	CDS		ATG	FF955_06075|CP040691_1235065_1234427_-2_ATG_212
CP040691	-1236179	TAA	FF955_06085	-1237162	984	CDS		GTG	FF955_06085|CP040691_1237162_1236179_-2_GTG_327
CP040691	-1240085	TGA	FF955_06115	-1240360	276	CDS		ATG	FF955_06115|CP040691_1240360_1240085_-2_ATG_91
CP040691	-1240941	TGA	FF955_06125	-1241801	861	CDS		GTG	FF955_06125|CP040691_1241801_1240941_-1_GTG_286
CP040691	-1241834	TGA	FF955_06130	-1242604	771	CDS	true	CTG	FF955_06130_p|CP040691_1242604_1241834_-2_CTG_256
CP040691	-1245114	TAG	FF955_06145	-1246022	909	CDS		ATG	FF955_06145|CP040691_1246022_1245114_-1_ATG_302
CP040691	-1248300	TAG	FF955_06160	-1248905	606	CDS		ATG	FF955_06160|CP040691_1248905_1248300_-1_ATG_201
CP040691	-1248902	TGA	FF955_06165	-1250374	1473	CDS		ATG	FF955_06165|CP040691_1250374_1248902_-2_ATG_490
CP040691	-1250587	TAG	FF955_06170	-1251941	1355	CDS	true	ATG	FF955_06170_p|CP040691_1251941_1250587_-1_ATG_451
CP040691	-1252043	TGA	FF955_06175	-1253503	1461	CDS		ATG	FF955_06175|CP040691_1253503_1252043_-2_ATG_486
CP040691	-1258036	TAG	FF955_06195	-1260315	2280	CDS		GTG	FF955_06195|CP040691_1260315_1258036_-3_GTG_759
CP040691	-1261241	TAG	FF955_06205	-1261930	690	CDS	true	TTC	FF955_06205_p|CP040691_1261930_1261241_-2_TTC_229
CP040691	-1261975	TGA	FF955_06210	-1263236	1263	fCDS		ATG	FF955_06210_fCDS|CP040691_1263236_1261975_-1_ATG_420
CP040691	-1263193	TGA	FF955_06215	-1264458	1266	CDS		GTG	FF955_06215|CP040691_1264458_1263193_-3_GTG_421
CP040691	-1265799	TGA	FF955_06235	-1266815	1017	CDS		ATG	FF955_06235|CP040691_1266815_1265799_-1_ATG_338
CP040691	-1266812	TGA	FF955_06240	-1267312	501	CDS		GTG	FF955_06240|CP040691_1267312_1266812_-2_GTG_166
CP040691	-1267317	TAG	FF955_06245	-1267766	450	CDS		ATG	FF955_06245|CP040691_1267766_1267317_-1_ATG_149
CP040691	-1268530	TGA	FF955_06255	-1269336	807	CDS		ATG	FF955_06255|CP040691_1269336_1268530_-3_ATG_268
CP040691	-1269479	TGA	FF955_06260	-1270285	807	CDS		ATG	FF955_06260|CP040691_1270285_1269479_-2_ATG_268
CP040691	-1272363	TGA	FF955_06275	-1272494	132	CDS		ATG	FF955_06275|CP040691_1272494_1272363_-1_ATG_43
CP040691	-1276005	TGA	FF955_06295	-1276262	258	CDS		ATG	FF955_06295|CP040691_1276262_1276005_-1_ATG_85
CP040691	-1276356	TAA	FF955_06300	-1276631	276	CDS		TTG	FF955_06300|CP040691_1276631_1276356_-1_TTG_91
CP040691	-1276628	TGA	FF955_06305	-1278076	1449	CDS		GTG	FF955_06305|CP040691_1278076_1276628_-2_GTG_482
CP040691	-1279232	TAG	FF955_06315	-1279945	714	CDS		ATG	FF955_06315|CP040691_1279945_1279232_-2_ATG_237
CP040691	-1280326	TGA	FF955_06325	-1281174	849	CDS		GTG	FF955_06325|CP040691_1281174_1280326_-3_GTG_282
CP040691	-1281171	TGA	FF955_06330	-1281812	642	CDS		ATG	FF955_06330|CP040691_1281812_1281171_-1_ATG_213
CP040691	-1283384	TAG	FF955_06355	-1284499	1116	CDS		GTG	FF955_06355|CP040691_1284499_1283384_-2_GTG_371
CP040691	-1284507	TGA	FF955_06360	-1285190	684	CDS		ATG	FF955_06360|CP040691_1285190_1284507_-1_ATG_227
CP040691	-1286612	TAA	FF955_06370	-1286896	285	CDS		ATG	FF955_06370|CP040691_1286896_1286612_-2_ATG_94
CP040691	-1298415	TAG	FF955_06410	-1299020	606	CDS		ATG	FF955_06410|CP040691_1299020_1298415_-1_ATG_201
CP040691	-1299092	TAG	FF955_06415	-1300132	1041	CDS		ATG	FF955_06415|CP040691_1300132_1299092_-2_ATG_346
CP040691	-1300150	TAG	FF955_06420	-1300452	303	CDS		GTG	FF955_06420|CP040691_1300452_1300150_-3_GTG_100
CP040691	-1302083	TAA	FF955_06435	-1303009	927	CDS		ATG	FF955_06435|CP040691_1303009_1302083_-2_ATG_308
CP040691	-1305997	TAA	FF955_06445	-1306329	333	CDS		ATG	FF955_06445|CP040691_1306329_1305997_-3_ATG_110
CP040691	-1306530	TAA	FF955_06450	-1308554	2025	CDS		ATG	FF955_06450|CP040691_1308554_1306530_-1_ATG_674
CP040691	-1308551	TGA	FF955_06455	-1309120	570	CDS		ATG	FF955_06455|CP040691_1309120_1308551_-2_ATG_189
CP040691	-1310808	TGA	FF955_06470	-1313627	2820	CDS		GTG	FF955_06470|CP040691_1313627_1310808_-1_GTG_939
CP040691	-1324861	TAA	FF955_06490	-1325940	1080	CDS		ATG	FF955_06490|CP040691_1325940_1324861_-3_ATG_359
CP040691	-1326105	TGA	FF955_06495	-1327841	1737	CDS		ATG	FF955_06495|CP040691_1327841_1326105_-1_ATG_578
CP040691	-1328018	TAG	FF955_06500	-1329634	1617	CDS		ATG	FF955_06500|CP040691_1329634_1328018_-2_ATG_538
CP040691	-1337577	TAA	FF955_06540	-1338842	1266	CDS		GTG	FF955_06540|CP040691_1338842_1337577_-1_GTG_421
CP040691	-1338934	TGA	FF955_06545	-1339161	228	CDS		ATG	FF955_06545|CP040691_1339161_1338934_-3_ATG_75
CP040691	-1341687	TAG	FF955_06570	-1342934	1248	CDS		ATG	FF955_06570|CP040691_1342934_1341687_-1_ATG_415
CP040691	-1344545	TAG	FF955_06585	-1345498	954	CDS		GTG	FF955_06585|CP040691_1345498_1344545_-2_GTG_317
CP040691	-1346650	TAG	FF955_06595	-1347234	585	CDS		GTG	FF955_06595|CP040691_1347234_1346650_-3_GTG_194
CP040691	-1347265	TAG	FF955_06600	-1348953	1689	CDS		ATG	FF955_06600|CP040691_1348953_1347265_-3_ATG_562
CP040691	-1354827	TAA	FF955_06640	-1355990	1164	CDS		ATG	FF955_06640|CP040691_1355990_1354827_-1_ATG_387
CP040691	-1357622	TGA	FF955_06650	-1357954	333	CDS		GTG	FF955_06650|CP040691_1357954_1357622_-2_GTG_110
CP040691	-1358088	TAG	FF955_06655	-1359773	1686	CDS		GTG	FF955_06655|CP040691_1359773_1358088_-1_GTG_561
CP040691	-1359801	TAG	FF955_06660	-1360475	675	CDS		ATG	FF955_06660|CP040691_1360475_1359801_-1_ATG_224
CP040691	-1360484	TAG	FF955_06665	-1362130	1647	CDS		GTG	FF955_06665|CP040691_1362130_1360484_-2_GTG_548
CP040691	-1362127	TGA	FF955_06670	-1363062	936	CDS		ATG	FF955_06670|CP040691_1363062_1362127_-3_ATG_311
CP040691	-1363052	TGA	FF955_06675	-1363690	639	CDS		ATG	FF955_06675|CP040691_1363690_1363052_-2_ATG_212
CP040691	-1363832	TAA	FF955_06680	-1364506	675	CDS		ATG	FF955_06680|CP040691_1364506_1363832_-2_ATG_224
CP040691	-1368222	TAG	FF955_06710	-1369053	832	CDS	true	GTG	FF955_06710_p|CP040691_1369053_1368222_-3_GTG_277
CP040691	-1369164	TGA	FF955_06715	-1370627	1464	CDS		ATG	FF955_06715|CP040691_1370627_1369164_-1_ATG_487
CP040691	-1370624	TGA	FF955_06720	-1371157	534	CDS		TTG	FF955_06720|CP040691_1371157_1370624_-2_TTG_177
CP040691	-1372109	TAG	FF955_06735	-1373281	1173	CDS		ATG	FF955_06735|CP040691_1373281_1372109_-2_ATG_390
CP040691	-1373294	TGA	FF955_06740	-1374529	1236	CDS		GTG	FF955_06740|CP040691_1374529_1373294_-2_GTG_411
CP040691	-1374654	TGA	FF955_06745	-1375196	543	CDS		GTG	FF955_06745|CP040691_1375196_1374654_-1_GTG_180
CP040691	-1375193	TGA	FF955_06750	-1376500	1308	CDS		ATG	FF955_06750|CP040691_1376500_1375193_-2_ATG_435
CP040691	-1376562	TAG	FF955_06755	-1377158	597	CDS		ATG	FF955_06755|CP040691_1377158_1376562_-1_ATG_198
CP040691	-1382274	TAG	FF955_06785	-1383374	1101	CDS		GTG	FF955_06785|CP040691_1383374_1382274_-1_GTG_366
CP040691	-1385321	TGA	FF955_06805	-1386904	1584	CDS		ATG	FF955_06805|CP040691_1386904_1385321_-2_ATG_527
CP040691	-1386892	TGA	FF955_06810	-1387077	186	CDS		GTG	FF955_06810|CP040691_1387077_1386892_-3_GTG_61
CP040691	-1388025	TGA	FF955_06820	-1388855	831	CDS		ATG	FF955_06820|CP040691_1388855_1388025_-1_ATG_276
CP040691	-1388912	TAA	FF955_06825	-1389205	294	CDS		GTG	FF955_06825|CP040691_1389205_1388912_-2_GTG_97
CP040691	-1389202	TGA	FF955_06830	-1389471	270	CDS		ATG	FF955_06830|CP040691_1389471_1389202_-3_ATG_89
CP040691	-1389584	TGA	FF955_06835	-1393279	3696	CDS		GTG	FF955_06835|CP040691_1393279_1389584_-2_GTG_1231
CP040691	-1393421	TAG	FF955_06840	-1394209	789	CDS		ATG	FF955_06840|CP040691_1394209_1393421_-2_ATG_262
CP040691	-1396048	TGA	FF955_06850	-1399467	3420	CDS		GTG	FF955_06850|CP040691_1399467_1396048_-3_GTG_1139
CP040691	-1399523	TAA	FF955_06855	-1400131	609	CDS		GTG	FF955_06855|CP040691_1400131_1399523_-2_GTG_202
CP040691	-1403005	TGA	FF955_06870	-1403613	609	CDS		ATG	FF955_06870|CP040691_1403613_1403005_-3_ATG_202
CP040691	-1403613	TGA	FF955_06875	-1404830	1218	CDS		ATG	FF955_06875|CP040691_1404830_1403613_-1_ATG_405
CP040691	-1404944	TGA	FF955_06880	-1406311	1368	CDS		GTG	FF955_06880|CP040691_1406311_1404944_-2_GTG_455
CP040691	-1406308	TGA	FF955_06885	-1406880	573	CDS		ATG	FF955_06885|CP040691_1406880_1406308_-3_ATG_190
CP040691	-1406873	TGA	FF955_06890	-1407568	696	CDS		ATG	FF955_06890|CP040691_1407568_1406873_-2_ATG_231
CP040691	-1409712	TAA	FF955_06905	-1410161	450	CDS		ATG	FF955_06905|CP040691_1410161_1409712_-1_ATG_149
CP040691	-1410166	TGA	FF955_06910	-1410600	435	CDS		ATG	FF955_06910|CP040691_1410600_1410166_-3_ATG_144
CP040691	-1414187	TGA	FF955_06930	-1416067	1881	CDS		ATG	FF955_06930|CP040691_1416067_1414187_-2_ATG_626
CP040691	-1416408	TAG	FF955_06935	-1417574	1167	CDS		ATG	FF955_06935|CP040691_1417574_1416408_-1_ATG_388
CP040691	-1417622	TAG	FF955_06940	-1417873	252	CDS		ATG	FF955_06940|CP040691_1417873_1417622_-2_ATG_83
CP040691	-1417885	TGA	FF955_06945	-1418583	699	CDS		ATG	FF955_06945|CP040691_1418583_1417885_-3_ATG_232
CP040691	-1418806	TAA	FF955_06950	-1419188	383	CDS	true	ATG	FF955_06950_p|CP040691_1419188_1418806_-1_ATG_127
CP040691	-1419249	TAG	FF955_06955	-1419983	735	CDS		ATG	FF955_06955|CP040691_1419983_1419249_-1_ATG_244
CP040691	-1420196	TAG	FF955_06960	-1420537	342	CDS		ATG	FF955_06960|CP040691_1420537_1420196_-2_ATG_113
CP040691	-1420645	TAG	FF955_06965	-1422540	1896	CDS		GTG	FF955_06965|CP040691_1422540_1420645_-3_GTG_631
CP040691	-1422537	TGA	FF955_06970	-1424285	1749	CDS		ATG	FF955_06970|CP040691_1424285_1422537_-1_ATG_582
CP040691	-1425673	TAG	FF955_06990	-1426149	477	CDS		ATG	FF955_06990|CP040691_1426149_1425673_-3_ATG_158
CP040691	-1431900	TGA	FF955_07010	-1433675	1776	CDS		GTG	FF955_07010|CP040691_1433675_1431900_-1_GTG_591
CP040691	-1433668	TGA	FF955_07015	-1435506	1839	CDS		ATG	FF955_07015|CP040691_1435506_1433668_-3_ATG_612
CP040691	-1435503	TGA	FF955_07020	-1436378	876	CDS		ATG	FF955_07020|CP040691_1436378_1435503_-1_ATG_291
CP040691	-1436375	TGA	FF955_07025	-1437352	978	CDS		ATG	FF955_07025|CP040691_1437352_1436375_-2_ATG_325
CP040691	-1443773	TAG	FF955_07060	-1445338	1566	CDS		GTG	FF955_07060|CP040691_1445338_1443773_-2_GTG_521
CP040691	-1445790	TAA	FF955_07070	-1446125	336	CDS		ATG	FF955_07070|CP040691_1446125_1445790_-1_ATG_111
CP040691	-1455147	TGA	FF955_07115	-1455341	195	CDS		ATG	FF955_07115|CP040691_1455341_1455147_-1_ATG_64
CP040691	-1468348	TAG	FF955_07195	-1469682	1335	CDS		GTG	FF955_07195|CP040691_1469682_1468348_-3_GTG_444
CP040691	-1469848	TAG	FF955_07200	-1470429	582	CDS		ATG	FF955_07200|CP040691_1470429_1469848_-3_ATG_193
CP040691	-1477311	TGA	FF955_07225	-1477808	498	CDS		ATG	FF955_07225|CP040691_1477808_1477311_-1_ATG_165
CP040691	-1477805	TGA	FF955_07230	-1479295	1491	CDS		GTG	FF955_07230|CP040691_1479295_1477805_-2_GTG_496
CP040691	-1479376	TAA	FF955_07235	-1481001	1626	CDS		ATG	FF955_07235|CP040691_1481001_1479376_-3_ATG_541
CP040691	-1481071	TAA	FF955_07240	-1482669	1599	CDS		ATG	FF955_07240|CP040691_1482669_1481071_-3_ATG_532
CP040691	-1482676	TGA	FF955_07245	-1484352	1677	CDS		ATG	FF955_07245|CP040691_1484352_1482676_-3_ATG_558
CP040691	-1484365	TAG	FF955_07250	-1486068	1704	CDS		ATG	FF955_07250|CP040691_1486068_1484365_-3_ATG_567
CP040691	-1487164	TAA	FF955_07265	-1487622	459	CDS		GTG	FF955_07265|CP040691_1487622_1487164_-3_GTG_152
CP040691	-1490005	TAG	FF955_07280	-1491780	1776	CDS		ATG	FF955_07280|CP040691_1491780_1490005_-3_ATG_591
CP040691	-1491932	TAG	FF955_07285	-1494127	2196	CDS		ATG	FF955_07285|CP040691_1494127_1491932_-2_ATG_731
CP040691	-1494135	TGA	FF955_07290	-1496240	2106	CDS		GTG	FF955_07290|CP040691_1496240_1494135_-1_GTG_701
CP040691	-1499010	TAA	FF955_07300	-1501004	1995	CDS		GTG	FF955_07300|CP040691_1501004_1499010_-1_GTG_664
CP040691	-1501028	TGA	FF955_07305	-1502374	1347	CDS		GTG	FF955_07305|CP040691_1502374_1501028_-2_GTG_448
CP040691	-1509999	TAG	FF955_07365	-1510361	363	CDS		ATG	FF955_07365|CP040691_1510361_1509999_-1_ATG_120
CP040691	-1510358	TGA	FF955_07370	-1510738	381	CDS		GTG	FF955_07370|CP040691_1510738_1510358_-2_GTG_126
CP040691	-1513788	TAA	FF955_07390	-1514420	633	CDS		ATG	FF955_07390|CP040691_1514420_1513788_-1_ATG_210
CP040691	-1519119	TGA	FF955_07410	-1519289	171	CDS	true	GCA	FF955_07410_p|CP040691_1519289_1519119_-1_GCA_56
CP040691	-1520267	TGA	FF955_07425	-1520539	273	CDS		ATG	FF955_07425|CP040691_1520539_1520267_-2_ATG_90
CP040691	-1521015	TGA	FF955_07435	-1521800	786	CDS		ATG	FF955_07435|CP040691_1521800_1521015_-1_ATG_261
CP040691	-1521820	TGA	FF955_07440	-1523691	1872	CDS		ATG	FF955_07440|CP040691_1523691_1521820_-3_ATG_623
CP040691	-1523700	TAG	FF955_07445	-1525847	2148	CDS		GTG	FF955_07445|CP040691_1525847_1523700_-1_GTG_715
CP040691	-1525844	TGA	FF955_07450	-1526635	792	CDS		GTG	FF955_07450|CP040691_1526635_1525844_-2_GTG_263
CP040691	-1527108	TAG	FF955_07455	-1528031	924	CDS		ATG	FF955_07455|CP040691_1528031_1527108_-1_ATG_307
CP040691	-1532788	TGA	FF955_07470	-1533024	237	CDS		ATG	FF955_07470|CP040691_1533024_1532788_-3_ATG_78
CP040691	-1534258	TAA	FF955_07480	-1535448	1191	CDS		GTG	FF955_07480|CP040691_1535448_1534258_-3_GTG_396
CP040691	-1535763	TAG	FF955_07485	-1536425	663	CDS		GTG	FF955_07485|CP040691_1536425_1535763_-1_GTG_220
CP040691	-1536422	TGA	FF955_07490	-1537207	786	CDS		ATG	FF955_07490|CP040691_1537207_1536422_-2_ATG_261
CP040691	-1537498	TAG	FF955_07495	-1539459	1962	CDS		ATG	FF955_07495|CP040691_1539459_1537498_-3_ATG_653
CP040691	-1539598	TAA	FF955_07500	-1539984	387	CDS		ATG	FF955_07500|CP040691_1539984_1539598_-3_ATG_128
CP040691	-1541327	TAG	FF955_07515	-1542532	1206	CDS		GTG	FF955_07515|CP040691_1542532_1541327_-2_GTG_401
CP040691	-1544472	TGA	FF955_07530	-1545733	1263	fCDS		ATG	FF955_07530_fCDS|CP040691_1545733_1544472_-2_ATG_420
CP040691	-1548888	TGA	FF955_07550	-1549346	459	CDS		GTG	FF955_07550|CP040691_1549346_1548888_-1_GTG_152
CP040691	-1552395	TAA	FF955_07565	-1553033	639	CDS		ATG	FF955_07565|CP040691_1553033_1552395_-1_ATG_212
CP040691	-1553044	TAA	FF955_07570	-1554471	1428	CDS		ATG	FF955_07570|CP040691_1554471_1553044_-3_ATG_475
CP040691	-1565302	TAG	FF955_07620	-1565523	222	CDS		GTG	FF955_07620|CP040691_1565523_1565302_-3_GTG_73
CP040691	-1569925	TAG	FF955_07650	-1571403	1479	CDS		ATG	FF955_07650|CP040691_1571403_1569925_-3_ATG_492
CP040691	-1571400	TGA	FF955_07655	-1572785	1386	CDS		ATG	FF955_07655|CP040691_1572785_1571400_-1_ATG_461
CP040691	-1573943	TAA	FF955_07665	-1575673	1731	CDS		ATG	FF955_07665|CP040691_1575673_1573943_-2_ATG_576
CP040691	-1575928	TGA	FF955_07670	-1576329	402	CDS		ATG	FF955_07670|CP040691_1576329_1575928_-3_ATG_133
CP040691	-1576326	TGA	FF955_07675	-1576583	258	CDS		ATG	FF955_07675|CP040691_1576583_1576326_-1_ATG_85
CP040691	-1576666	TAA	FF955_07680	-1577625	960	CDS		ATG	FF955_07680|CP040691_1577625_1576666_-3_ATG_319
CP040691	-1577650	TAG	FF955_07685	-1578612	963	CDS		ATG	FF955_07685|CP040691_1578612_1577650_-3_ATG_320
CP040691	-1581414	TGA	FF955_07700	-1582238	825	CDS		ATG	FF955_07700|CP040691_1582238_1581414_-1_ATG_274
CP040691	-1582961	TGA	FF955_07710	-1583785	825	CDS		ATG	FF955_07710|CP040691_1583785_1582961_-2_ATG_274
CP040691	-1588026	TAA	FF955_07735	-1589582	1557	CDS		ATG	FF955_07735|CP040691_1589582_1588026_-1_ATG_518
CP040691	-1589588	TGA	FF955_07740	-1590298	711	CDS		ATG	FF955_07740|CP040691_1590298_1589588_-2_ATG_236
CP040691	-1600709	TAA	FF955_07805	-1601470	762	CDS		ATG	FF955_07805|CP040691_1601470_1600709_-2_ATG_253
CP040691	-1602875	TAG	FF955_07815	-1604137	1263	CDS		ATG	FF955_07815|CP040691_1604137_1602875_-2_ATG_420
CP040691	-1604137	TAA	FF955_07820	-1605744	1608	CDS		ATG	FF955_07820|CP040691_1605744_1604137_-3_ATG_535
CP040691	-1605748	TAA	FF955_07825	-1606575	828	CDS		TTG	FF955_07825|CP040691_1606575_1605748_-3_TTG_275
CP040691	-1614158	TGA	FF955_07860	-1614787	630	CDS		TTG	FF955_07860|CP040691_1614787_1614158_-2_TTG_209
CP040691	-1618202	TAG	FF955_07885	-1618429	228	CDS		ATG	FF955_07885|CP040691_1618429_1618202_-2_ATG_75
CP040691	-1618608	CAG	FF955_07890	-1618790	183	CDS	true	ATG	FF955_07890_p|CP040691_1618790_1618608_-1_ATG_61
CP040691	-1618798	TGA	FF955_07895	-1619223	426	CDS		ATG	FF955_07895|CP040691_1619223_1618798_-3_ATG_141
CP040691	-1620046	TGA	FF955_07905	-1621503	1458	CDS		ATG	FF955_07905|CP040691_1621503_1620046_-3_ATG_485
CP040691	-1624026	TAG	FF955_07915	-1624511	486	CDS		GTG	FF955_07915|CP040691_1624511_1624026_-1_GTG_161
CP040691	-1624943	TAA	FF955_07925	-1625056	114	CDS		ATG	FF955_07925|CP040691_1625056_1624943_-2_ATG_37
CP040691	-1625106	TGA	FF955_07930	-1625516	411	CDS		ATG	FF955_07930|CP040691_1625516_1625106_-1_ATG_136
CP040691	-1625533	TAA	FF955_07935	-1626276	744	CDS		GTG	FF955_07935|CP040691_1626276_1625533_-3_GTG_247
CP040691	-1626273	TGA	FF955_07940	-1627187	915	CDS		ATG	FF955_07940|CP040691_1627187_1626273_-1_ATG_304
CP040691	-1627240	TAG	FF955_07945	-1628784	1545	CDS		ATG	FF955_07945|CP040691_1628784_1627240_-3_ATG_514
CP040691	-1628781	TGA	FF955_07950	-1629902	1122	CDS		ATG	FF955_07950|CP040691_1629902_1628781_-1_ATG_373
CP040691	-1629919	TGA	FF955_07955	-1632021	2103	CDS		GTG	FF955_07955|CP040691_1632021_1629919_-3_GTG_700
CP040691	-1632213	TAG	FF955_07960	-1632428	216	CDS		ATG	FF955_07960|CP040691_1632428_1632213_-1_ATG_71
CP040691	-1632460	TAG	FF955_07965	-1636656	4197	CDS		ATG	FF955_07965|CP040691_1636656_1632460_-3_ATG_1398
CP040691	-1638033	TGA	FF955_07975	-1640438	2406	CDS		ATG	FF955_07975|CP040691_1640438_1638033_-1_ATG_801
CP040691	-1641883	TAG	FF955_07985	-1642869	987	CDS		ATG	FF955_07985|CP040691_1642869_1641883_-3_ATG_328
CP040691	-1643702	TGA	FF955_07995	-1644634	933	CDS		GTG	FF955_07995|CP040691_1644634_1643702_-2_GTG_310
CP040691	-1644746	TGA	FF955_08000	-1645531	786	CDS		GTG	FF955_08000|CP040691_1645531_1644746_-2_GTG_261
CP040691	-1645528	TGA	FF955_08005	-1646469	942	CDS		GTG	FF955_08005|CP040691_1646469_1645528_-3_GTG_313
CP040691	-1646625	TGA	FF955_08015	-1648400	1776	CDS		ATG	FF955_08015|CP040691_1648400_1646625_-1_ATG_591
CP040691	-1655935	TGA	FF955_08055	-1657764	1830	CDS		TTG	FF955_08055|CP040691_1657764_1655935_-3_TTG_609
CP040691	-1657871	TAG	FF955_08060	-1658983	1113	CDS		ATG	FF955_08060|CP040691_1658983_1657871_-2_ATG_370
CP040691	-1659320	TGA	FF955_08065	-1660581	1263	fCDS		ATG	FF955_08065_fCDS|CP040691_1660581_1659320_-3_ATG_420
CP040691	-1666261	TGA	FF955_08100	-1666824	564	CDS		GTG	FF955_08100|CP040691_1666824_1666261_-3_GTG_187
CP040691	-1666835	TGA	FF955_08105	-1669666	2832	CDS		GTG	FF955_08105|CP040691_1669666_1666835_-2_GTG_943
CP040691	-1676077	TAA	FF955_08140	-1676919	843	CDS		ATG	FF955_08140|CP040691_1676919_1676077_-3_ATG_280
CP040691	-1679637	TGA	FF955_08160	-1680503	867	CDS		ATG	FF955_08160|CP040691_1680503_1679637_-1_ATG_288
CP040691	-1684828	TGA	FF955_08195	-1685586	759	CDS		GTG	FF955_08195|CP040691_1685586_1684828_-3_GTG_252
CP040691	-1692922	TAG	FF955_08230	-1693695	774	CDS		CTG	FF955_08230|CP040691_1693695_1692922_-3_CTG_257
CP040691	-1693753	TGA	FF955_08235	-1693965	213	CDS		ATG	FF955_08235|CP040691_1693965_1693753_-3_ATG_70
CP040691	-1697615	TGA	FF955_08260	-1698763	1149	CDS	true	GTG	FF955_08260_p|CP040691_1698763_1697615_-2_GTG_382
CP040691	-1698900	TGA	FF955_08265	-1699565	666	CDS		ATG	FF955_08265|CP040691_1699565_1698900_-1_ATG_221
CP040691	-1699562	TGA	FF955_08270	-1700062	501	CDS		GTG	FF955_08270|CP040691_1700062_1699562_-2_GTG_166
CP040691	-1700345	TGA	FF955_08275	-1701040	696	CDS		TTG	FF955_08275|CP040691_1701040_1700345_-2_TTG_231
CP040691	-1701713	TAG	FF955_08285	-1703512	1800	CDS		GTG	FF955_08285|CP040691_1703512_1701713_-2_GTG_599
CP040691	-1706233	TGA	FF955_08305	-1706527	295	CDS	true	ATT	FF955_08305_p|CP040691_1706527_1706233_-2_ATT_98
CP040691	-1709425	TAG	FF955_08325	-1710213	789	CDS		GTG	FF955_08325|CP040691_1710213_1709425_-3_GTG_262
CP040691	-1710248	TGA	FF955_08330	-1711144	897	CDS		ATG	FF955_08330|CP040691_1711144_1710248_-2_ATG_298
CP040691	-1711147	TGA	FF955_08335	-1712157	1011	CDS		GTG	FF955_08335|CP040691_1712157_1711147_-3_GTG_336
CP040691	-1715675	TGA	FF955_08360	-1715875	201	CDS		ATG	FF955_08360|CP040691_1715875_1715675_-2_ATG_66
CP040691	-1717790	TGA	FF955_08370	-1721230	3441	CDS		GTG	FF955_08370|CP040691_1721230_1717790_-2_GTG_1146
CP040691	-1724398	TGA	FF955_08390	-1725678	1281	CDS		ATG	FF955_08390|CP040691_1725678_1724398_-3_ATG_426
CP040691	-1725701	TGA	FF955_08395	-1732027	6327	CDS		GTG	FF955_08395|CP040691_1732027_1725701_-2_GTG_2108
CP040691	-1732571	TGA	FF955_08400	-1733068	498	CDS		GTG	FF955_08400|CP040691_1733068_1732571_-2_GTG_165
CP040691	-1736734	TAG	FF955_08420	-1737168	435	CDS		ATG	FF955_08420|CP040691_1737168_1736734_-3_ATG_144
CP040691	-1744830	TGA	FF955_08450	-1745810	981	CDS		ATG	FF955_08450|CP040691_1745810_1744830_-1_ATG_326
CP040691	-1747396	TGA	FF955_08465	-1747989	594	CDS		ATG	FF955_08465|CP040691_1747989_1747396_-3_ATG_197
CP040691	-1748044	TGA	FF955_08470	-1748454	411	CDS		ATG	FF955_08470|CP040691_1748454_1748044_-3_ATG_136
CP040691	-1754915	TAG	FF955_08500	-1756951	2037	CDS		ATG	FF955_08500|CP040691_1756951_1754915_-2_ATG_678
CP040691	-1769018	TGA	FF955_08575	-1770760	1743	CDS		ATG	FF955_08575|CP040691_1770760_1769018_-2_ATG_580
CP040691	-1770753	TGA	FF955_08580	-1773050	2298	CDS		ATG	FF955_08580|CP040691_1773050_1770753_-1_ATG_765
CP040691	-1773054	TGA	FF955_08585	-1775219	2166	CDS		ATG	FF955_08585|CP040691_1775219_1773054_-1_ATG_721
CP040691	-1775258	TGA	FF955_08590	-1777447	2190	CDS		ATG	FF955_08590|CP040691_1777447_1775258_-2_ATG_729
CP040691	-1777546	TAA	FF955_08595	-1778238	693	CDS		ATG	FF955_08595|CP040691_1778238_1777546_-3_ATG_230
CP040691	-1778478	TAA	FF955_08600	-1778762	285	CDS		ATG	FF955_08600|CP040691_1778762_1778478_-1_ATG_94
CP040691	-1782812	TGA	FF955_08630	-1783768	957	CDS		GTG	FF955_08630|CP040691_1783768_1782812_-2_GTG_318
CP040691	-1783539	TGA	FF955_08635	-1784207	669	CDS		ATG	FF955_08635|CP040691_1784207_1783539_-1_ATG_222
CP040691	-1786771	TGA	FF955_08655	-1788111	1341	CDS		ATG	FF955_08655|CP040691_1788111_1786771_-3_ATG_446
CP040691	-1788368	TGA	FF955_08660	-1789078	711	CDS		ATG	FF955_08660|CP040691_1789078_1788368_-2_ATG_236
CP040691	-1793444	TGA	FF955_08685	-1793854	411	CDS		ATG	FF955_08685|CP040691_1793854_1793444_-2_ATG_136
CP040691	-1801669	TAG	FF955_08735	-1802133	465	CDS		ATG	FF955_08735|CP040691_1802133_1801669_-3_ATG_154
CP040691	-1814334	TGA	FF955_08800	-1816064	1731	CDS		ATG	FF955_08800|CP040691_1816064_1814334_-1_ATG_576
CP040691	-1816061	TGA	FF955_08805	-1817668	1608	CDS		CTG	FF955_08805|CP040691_1817668_1816061_-2_CTG_535
CP040691	-1817731	TGA	FF955_08810	-1818771	1041	CDS		GTG	FF955_08810|CP040691_1818771_1817731_-3_GTG_346
CP040691	-1818801	TGA	FF955_08815	-1820258	1458	CDS		ATG	FF955_08815|CP040691_1820258_1818801_-1_ATG_485
CP040691	-1820369	TGA	FF955_08820	-1820956	588	CDS		ATG	FF955_08820|CP040691_1820956_1820369_-2_ATG_195
CP040691	-1820985	TGA	FF955_08825	-1822316	1332	CDS		GTG	FF955_08825|CP040691_1822316_1820985_-1_GTG_443
CP040691	-1823236	TAG	FF955_08840	-1824444	1209	CDS		ATG	FF955_08840|CP040691_1824444_1823236_-3_ATG_402
CP040691	-1824441	TGA	FF955_08845	-1824932	492	CDS		GTG	FF955_08845|CP040691_1824932_1824441_-1_GTG_163
CP040691	-1830758	TGA	FF955_08870	-1831201	444	CDS		GTG	FF955_08870|CP040691_1831201_1830758_-2_GTG_147
CP040691	-1834943	TAA	FF955_08890	-1836613	1671	CDS		ATG	FF955_08890|CP040691_1836613_1834943_-2_ATG_556
CP040691	-1837269	TAA	FF955_08905	-1838063	795	CDS		ATG	FF955_08905|CP040691_1838063_1837269_-1_ATG_264
CP040691	-1841087	TGA	FF955_08915	-1841344	258	CDS		ATG	FF955_08915|CP040691_1841344_1841087_-2_ATG_85
CP040691	-1841360	TAG	FF955_08920	-1842829	1470	CDS		ATG	FF955_08920|CP040691_1842829_1841360_-2_ATG_489
CP040691	-1842888	TAG	FF955_08925	-1846406	3519	CDS		GTG	FF955_08925|CP040691_1846406_1842888_-1_GTG_1172
CP040691	-1848770	TAG	FF955_08950	-1849825	1056	CDS		ATG	FF955_08950|CP040691_1849825_1848770_-2_ATG_351
CP040691	-1856718	TAG	FF955_08980	-1859774	3057	CDS		ATG	FF955_08980|CP040691_1859774_1856718_-1_ATG_1018
CP040691	-1886662	TAA	FF955_09055	-1887954	1293	CDS		GTG	FF955_09055|CP040691_1887954_1886662_-3_GTG_430
CP040691	-1887969	TGA	FF955_09060	-1889744	1776	CDS		ATG	FF955_09060|CP040691_1889744_1887969_-1_ATG_591
CP040691	-1891278	TAA	FF955_09080	-1892609	1332	CDS		GTG	FF955_09080|CP040691_1892609_1891278_-1_GTG_443
CP040691	-1892702	TAA	FF955_09085	-1893634	933	CDS		ATG	FF955_09085|CP040691_1893634_1892702_-2_ATG_310
CP040691	-1893662	TAA	FF955_09090	-1894318	657	CDS		ATG	FF955_09090|CP040691_1894318_1893662_-2_ATG_218
CP040691	-1894643	TGA	FF955_09095	-1895377	735	CDS		ATG	FF955_09095|CP040691_1895377_1894643_-2_ATG_244
CP040691	-1905178	TGA	FF955_09145	-1905801	624	CDS		GTG	FF955_09145|CP040691_1905801_1905178_-3_GTG_207
CP040691	-1905803	TAG	FF955_09150	-1906522	720	CDS		ATT	FF955_09150|CP040691_1906522_1905803_-2_ATT_239
CP040691	-1906555	TAA	FF955_09155	-1907322	768	CDS		ATG	FF955_09155|CP040691_1907322_1906555_-3_ATG_255
CP040691	-1921613	TGA	FF955_09230	-1922977	1365	CDS		ATG	FF955_09230|CP040691_1922977_1921613_-2_ATG_454
CP040691	-1923533	TAG	FF955_09235	-1924282	750	CDS		ATG	FF955_09235|CP040691_1924282_1923533_-2_ATG_249
CP040691	-1924188	TGA	FF955_09240	-1925858	1671	CDS		ATG	FF955_09240|CP040691_1925858_1924188_-1_ATG_556
CP040691	-1925899	TAA	FF955_09245	-1927056	1158	CDS		ATG	FF955_09245|CP040691_1927056_1925899_-3_ATG_385
CP040691	-1927096	TAG	FF955_09250	-1928280	1185	CDS		ATG	FF955_09250|CP040691_1928280_1927096_-3_ATG_394
CP040691	-1928884	TGA	FF955_09255	-1929051	168	CDS		ATG	FF955_09255|CP040691_1929051_1928884_-3_ATG_55
CP040691	-1941432	TGA	FF955_09330	-1941821	390	CDS		GTG	FF955_09330|CP040691_1941821_1941432_-1_GTG_129
CP040691	-1941818	TGA	FF955_09335	-1942045	228	CDS		ATG	FF955_09335|CP040691_1942045_1941818_-2_ATG_75
CP040691	-1945034	TAA	FF955_09350	-1945453	420	CDS		ATG	FF955_09350|CP040691_1945453_1945034_-2_ATG_139
CP040691	-1945443	TAA	FF955_09355	-1946153	711	CDS		GTG	FF955_09355|CP040691_1946153_1945443_-1_GTG_236
CP040691	-1948266	TGA	FF955_09370	-1949036	771	CDS		ATG	FF955_09370|CP040691_1949036_1948266_-1_ATG_256
CP040691	-1949033	TGA	FF955_09375	-1949971	939	CDS		GTG	FF955_09375|CP040691_1949971_1949033_-2_GTG_312
CP040691	-1949938	TGA	FF955_09380	-1950186	249	CDS		TTG	FF955_09380|CP040691_1950186_1949938_-3_TTG_82
CP040691	-1950322	TAG	FF955_09385	-1951853	1532	CDS	true	TTG	FF955_09385_p|CP040691_1951853_1950322_-1_TTG_510
CP040691	-1953851	TAG	FF955_09395	-1954399	549	CDS		ATG	FF955_09395|CP040691_1954399_1953851_-2_ATG_182
CP040691	-1954463	TGA	FF955_09400	-1955095	633	CDS		ATG	FF955_09400|CP040691_1955095_1954463_-2_ATG_210
CP040691	-1955382	TGA	FF955_09405	-1955624	243	CDS		ATG	FF955_09405|CP040691_1955624_1955382_-1_ATG_80
CP040691	-1955899	TAG	FF955_09415	-1956435	537	CDS		CTG	FF955_09415|CP040691_1956435_1955899_-3_CTG_178
CP040691	-1956495	TAG	FF955_09420	-1956737	243	CDS		ATG	FF955_09420|CP040691_1956737_1956495_-1_ATG_80
CP040691	-1956836	TGA	FF955_09425	-1958794	1959	CDS		GTG	FF955_09425|CP040691_1958794_1956836_-2_GTG_652
CP040691	-1958791	TGA	FF955_09430	-1959978	1188	CDS		ATG	FF955_09430|CP040691_1959978_1958791_-3_ATG_395
CP040691	-1960563	TAA	FF955_09440	-1962245	1683	CDS		ATG	FF955_09440|CP040691_1962245_1960563_-1_ATG_560
CP040691	-1965597	TAA	FF955_09465	-1965998	402	CDS		ATG	FF955_09465|CP040691_1965998_1965597_-1_ATG_133
CP040691	-1965988	TAA	FF955_09470	-1966599	612	CDS		ATG	FF955_09470|CP040691_1966599_1965988_-3_ATG_203
CP040691	-1971936	TAG	FF955_09490	-1972493	558	CDS		GTG	FF955_09490|CP040691_1972493_1971936_-1_GTG_185
CP040691	-1972577	TGA	FF955_09495	-1974175	1599	CDS		ATG	FF955_09495|CP040691_1974175_1972577_-2_ATG_532
CP040691	-1976222	TAA	FF955_09510	-1979452	3231	CDS		ATG	FF955_09510|CP040691_1979452_1976222_-2_ATG_1076
CP040691	-1979656	TAG	FF955_09515	-1981305	1650	CDS		ATG	FF955_09515|CP040691_1981305_1979656_-3_ATG_549
CP040691	-1981358	TGA	FF955_09520	-1982619	1263	fCDS		ATG	FF955_09520_fCDS|CP040691_1982619_1981358_-3_ATG_420
CP040691	-1983190	TAA	FF955_09525	-1983429	240	CDS		ATT	FF955_09525|CP040691_1983429_1983190_-3_ATT_79
CP040691	-1983463	TAG	FF955_09530	-1983591	129	CDS		ATT	FF955_09530|CP040691_1983591_1983463_-3_ATT_42
CP040691	-1983567	TGA	FF955_09535	-1983767	201	CDS		TTG	FF955_09535|CP040691_1983767_1983567_-1_TTG_66
CP040691	-1991068	TGA	FF955_09575	-1991814	747	CDS		GTG	FF955_09575|CP040691_1991814_1991068_-3_GTG_248
CP040691	-1994042	TGA	FF955_09590	-1994602	561	CDS		GTG	FF955_09590|CP040691_1994602_1994042_-2_GTG_186
CP040691	-1996128	TAG	FF955_09600	-1996577	450	CDS		ATG	FF955_09600|CP040691_1996577_1996128_-1_ATG_149
CP040691	-1996733	TAG	FF955_09605	-1998526	1794	CDS		ATG	FF955_09605|CP040691_1998526_1996733_-2_ATG_597
CP040691	-1999349	TGA	FF955_09615	-2001523	2175	CDS		ATG	FF955_09615|CP040691_2001523_1999349_-2_ATG_724
CP040691	-2007494	TGA	FF955_09630	-2008675	1182	CDS		ATG	FF955_09630|CP040691_2008675_2007494_-2_ATG_393
CP040691	-2025418	TGA	FF955_09715	-2025804	387	CDS		ATG	FF955_09715|CP040691_2025804_2025418_-3_ATG_128
CP040691	-2028970	TAG	FF955_09730	-2030889	1920	CDS		GTG	FF955_09730|CP040691_2030889_2028970_-3_GTG_639
CP040691	-2031070	TAG	FF955_09735	-2031396	327	CDS		ATG	FF955_09735|CP040691_2031396_2031070_-3_ATG_108
CP040691	-2031734	TAA	FF955_09740	-2032081	348	CDS		ATG	FF955_09740|CP040691_2032081_2031734_-2_ATG_115
CP040691	-2038204	TAG	FF955_09775	-2039406	1203	CDS		TTG	FF955_09775|CP040691_2039406_2038204_-3_TTG_400
CP040691	-2039728	TAA	FF955_09780	-2040159	432	CDS		ATG	FF955_09780|CP040691_2040159_2039728_-3_ATG_143
CP040691	-2045225	TAG	FF955_09815	-2046730	1506	CDS		ATG	FF955_09815|CP040691_2046730_2045225_-2_ATG_501
CP040691	-2046865	TAA	FF955_09820	-2048784	1920	CDS		TTG	FF955_09820|CP040691_2048784_2046865_-3_TTG_639
CP040691	-2062929	TGA	FF955_09885	-2063789	861	CDS		ATG	FF955_09885|CP040691_2063789_2062929_-1_ATG_286
CP040691	-2064701	TAG	FF955_09895	-2066587	1887	CDS		ATG	FF955_09895|CP040691_2066587_2064701_-2_ATG_628
CP040691	-2066603	TGA	FF955_09900	-2068636	2034	CDS		ATG	FF955_09900|CP040691_2068636_2066603_-2_ATG_677
CP040691	-2068756	TAG	FF955_09910	-2070981	2226	CDS		ATG	FF955_09910|CP040691_2070981_2068756_-3_ATG_741
CP040691	-2071257	TGA	FF955_09915	-2071652	396	CDS		GTG	FF955_09915|CP040691_2071652_2071257_-1_GTG_131
CP040691	-2071649	TGA	FF955_09920	-2071912	264	CDS		ATG	FF955_09920|CP040691_2071912_2071649_-2_ATG_87
CP040691	-2071971	TAG	FF955_09925	-2073518	1548	CDS		ATG	FF955_09925|CP040691_2073518_2071971_-1_ATG_515
CP040691	-2073681	TGA	FF955_09930	-2074718	1038	CDS		ATG	FF955_09930|CP040691_2074718_2073681_-1_ATG_345
CP040691	-2074718	TGA	FF955_09935	-2076085	1368	CDS		GTG	FF955_09935|CP040691_2076085_2074718_-2_GTG_455
CP040691	-2076259	TGA	FF955_09940	-2077695	1437	CDS		ATG	FF955_09940|CP040691_2077695_2076259_-3_ATG_478
CP040691	-2077731	TAG	FF955_09945	-2079182	1452	CDS		ATG	FF955_09945|CP040691_2079182_2077731_-1_ATG_483
CP040691	-2079212	TAG	FF955_09950	-2080162	951	CDS		GTG	FF955_09950|CP040691_2080162_2079212_-2_GTG_316
CP040691	-2080177	TGA	FF955_09955	-2080593	417	CDS		ATG	FF955_09955|CP040691_2080593_2080177_-3_ATG_138
CP040691	-2085645	TAG	FF955_09995	-2087036	1392	CDS		ATG	FF955_09995|CP040691_2087036_2085645_-1_ATG_463
CP040691	-2087178	TAG	FF955_10000	-2088101	924	CDS		GTG	FF955_10000|CP040691_2088101_2087178_-1_GTG_307
CP040691	-2088140	TGA	FF955_10005	-2088817	678	CDS		ATG	FF955_10005|CP040691_2088817_2088140_-2_ATG_225
CP040691	-2094586	TGA	FF955_10040	-2095356	771	CDS		ATG	FF955_10040|CP040691_2095356_2094586_-3_ATG_256
CP040691	-2095349	TGA	FF955_10045	-2096104	756	CDS		GTG	FF955_10045|CP040691_2096104_2095349_-2_GTG_251
CP040691	-2096101	TGA	FF955_10050	-2096961	861	CDS		GTG	FF955_10050|CP040691_2096961_2096101_-3_GTG_286
CP040691	-2099606	TAG	FF955_10060	-2099812	207	CDS		GTG	FF955_10060|CP040691_2099812_2099606_-2_GTG_68
CP040691	-2103455	TGA	FF955_10075	-2104690	1236	CDS		ATG	FF955_10075|CP040691_2104690_2103455_-2_ATG_411
CP040691	-2104790	TAA	FF955_10080	-2105425	636	CDS		TTG	FF955_10080|CP040691_2105425_2104790_-2_TTG_211
CP040691	-2105490	TGA	FF955_10085	-2105879	390	CDS		TTG	FF955_10085|CP040691_2105879_2105490_-1_TTG_129
CP040691	-2105902	TGA	FF955_10090	-2107146	1245	CDS		ATG	FF955_10090|CP040691_2107146_2105902_-3_ATG_414
CP040691	-2108825	TGA	FF955_10110	-2109037	213	CDS		ATG	FF955_10110|CP040691_2109037_2108825_-2_ATG_70
CP040691	-2109037	TGA	FF955_10115	-2109228	192	CDS		GTG	FF955_10115|CP040691_2109228_2109037_-3_GTG_63
CP040691	-2114536	TGA	FF955_10140	-2115852	1317	CDS		GTG	FF955_10140|CP040691_2115852_2114536_-3_GTG_438
CP040691	-2115902	TGA	FF955_10145	-2116324	423	CDS		GTG	FF955_10145|CP040691_2116324_2115902_-2_GTG_140
CP040691	-2116365	TAA	FF955_10150	-2117198	834	CDS		ATG	FF955_10150|CP040691_2117198_2116365_-1_ATG_277
CP040691	-2117226	TGA	FF955_10155	-2117702	477	CDS		ATG	FF955_10155|CP040691_2117702_2117226_-1_ATG_158
CP040691	-2117741	TGA	FF955_10160	-2118271	531	CDS		GTG	FF955_10160|CP040691_2118271_2117741_-2_GTG_176
CP040691	-2118283	TGA	FF955_10165	-2118882	600	CDS		TTG	FF955_10165|CP040691_2118882_2118283_-3_TTG_199
CP040691	-2118900	TGA	FF955_10170	-2119877	978	CDS		ATG	FF955_10170|CP040691_2119877_2118900_-1_ATG_325
CP040691	-2121380	TAA	FF955_10185	-2122099	720	CDS		ATG	FF955_10185|CP040691_2122099_2121380_-2_ATG_239
CP040691	-2122464	TAG	FF955_10195	-2122637	174	CDS		GTG	FF955_10195|CP040691_2122637_2122464_-1_GTG_57
CP040691	-2122681	TGA	FF955_10200	-2123037	357	CDS		ATG	FF955_10200|CP040691_2123037_2122681_-3_ATG_118
CP040691	-2123096	TGA	FF955_10205	-2123707	612	CDS		GTG	FF955_10205|CP040691_2123707_2123096_-2_GTG_203
CP040691	-2124759	TGA	FF955_10225	-2125889	1131	CDS		ATG	FF955_10225|CP040691_2125889_2124759_-1_ATG_376
CP040691	-2127555	TAA	FF955_10240	-2128466	912	CDS		ATG	FF955_10240|CP040691_2128466_2127555_-1_ATG_303
CP040691	-2128471	TGA	FF955_10245	-2128902	432	CDS		GTG	FF955_10245|CP040691_2128902_2128471_-3_GTG_143
CP040691	-2129234	TAG	FF955_10255	-2130310	1077	CDS		ATG	FF955_10255|CP040691_2130310_2129234_-2_ATG_358
CP040691	-2130310	TAA	FF955_10260	-2131698	1389	CDS		GTG	FF955_10260|CP040691_2131698_2130310_-3_GTG_462
CP040691	-2133071	TAG	FF955_10270	-2134339	1269	CDS		GTG	FF955_10270|CP040691_2134339_2133071_-2_GTG_422
CP040691	-2135498	TAA	FF955_10285	-2136460	963	CDS		GTG	FF955_10285|CP040691_2136460_2135498_-2_GTG_320
CP040691	-2136490	TAA	FF955_10290	-2136960	471	CDS		ATG	FF955_10290|CP040691_2136960_2136490_-3_ATG_156
CP040691	-2137300	TGA	FF955_10295	-2137764	465	CDS		ATG	FF955_10295|CP040691_2137764_2137300_-3_ATG_154
CP040691	-2137940	TGA	FF955_10300	-2140162	2223	CDS		GTG	FF955_10300|CP040691_2140162_2137940_-2_GTG_740
CP040691	-2140200	TGA	FF955_10305	-2140643	444	CDS		GTG	FF955_10305|CP040691_2140643_2140200_-1_GTG_147
CP040691	-2140757	TGA	FF955_10310	-2141350	594	CDS		GTG	FF955_10310|CP040691_2141350_2140757_-2_GTG_197
CP040691	-2141433	TGA	FF955_10315	-2142038	606	CDS		ATG	FF955_10315|CP040691_2142038_2141433_-1_ATG_201
CP040691	-2142138	TGA	FF955_10320	-2143142	1005	CDS		ATG	FF955_10320|CP040691_2143142_2142138_-1_ATG_334
CP040691	-2143972	TAG	FF955_10330	-2144379	408	CDS		ATG	FF955_10330|CP040691_2144379_2143972_-3_ATG_135
CP040691	-2146984	TAA	FF955_10340	-2151036	4053	CDS	true	ATT	FF955_10340_p|CP040691_2151036_2146984_-3_ATT_1350
CP040691	-2151079	TGA	FF955_10345	-2152340	1263	fCDS		ATG	FF955_10345_fCDS|CP040691_2152340_2151079_-1_ATG_420
CP040691	-2152392	ATT	FF955_10350	-2153999	1608	CDS	true	ATG	FF955_10350_p|CP040691_2153999_2152392_-1_ATG_536
CP040691	-2154337	TAA	FF955_10355	-2157300	2964	CDS		ATG	FF955_10355|CP040691_2157300_2154337_-3_ATG_987
CP040691	-2157749	TGA	FF955_10360	-2158213	465	CDS		ATG	FF955_10360|CP040691_2158213_2157749_-2_ATG_154
CP040691	-2159212	TGA	FF955_10370	-2160483	1272	CDS		ATG	FF955_10370|CP040691_2160483_2159212_-3_ATG_423
CP040691	-2163238	TAG	FF955_10385	-2163618	381	CDS		ATG	FF955_10385|CP040691_2163618_2163238_-3_ATG_126
CP040691	-2165645	TAG	FF955_10395	-2166124	480	CDS		ATG	FF955_10395|CP040691_2166124_2165645_-2_ATG_159
CP040691	-2167138	TAA	FF955_10405	-2167905	768	CDS		ATG	FF955_10405|CP040691_2167905_2167138_-3_ATG_255
CP040691	-2167950	TGA	FF955_10410	-2168594	645	CDS		GTG	FF955_10410|CP040691_2168594_2167950_-1_GTG_214
CP040691	-2168606	TAG	FF955_10415	-2169130	525	CDS		ATG	FF955_10415|CP040691_2169130_2168606_-2_ATG_174
CP040691	-2169148	TGA	FF955_10420	-2169927	780	CDS		GTG	FF955_10420|CP040691_2169927_2169148_-3_GTG_259
CP040691	-2170554	TAG	FF955_10430	-2171645	1092	CDS		GTG	FF955_10430|CP040691_2171645_2170554_-1_GTG_363
CP040691	-2171647	TGA	FF955_10435	-2172876	1230	CDS		GTG	FF955_10435|CP040691_2172876_2171647_-3_GTG_409
CP040691	-2172891	TGA	FF955_10440	-2173847	957	CDS		ATG	FF955_10440|CP040691_2173847_2172891_-1_ATG_318
CP040691	-2173889	TAA	FF955_10445	-2174104	216	CDS		ATG	FF955_10445|CP040691_2174104_2173889_-2_ATG_71
CP040691	-2181332	TGA	FF955_10480	-2181661	330	CDS		GTG	FF955_10480|CP040691_2181661_2181332_-2_GTG_109
CP040691	-2181658	TGA	FF955_10485	-2182035	378	CDS		GTG	FF955_10485|CP040691_2182035_2181658_-3_GTG_125
CP040691	-2182032	TGA	FF955_10490	-2182622	591	CDS		ATG	FF955_10490|CP040691_2182622_2182032_-1_ATG_196
CP040691	-2184196	TGA	FF955_10500	-2184648	453	CDS		ATG	FF955_10500|CP040691_2184648_2184196_-3_ATG_150
CP040691	-2185106	TAA	FF955_10510	-2185288	183	CDS		GTG	FF955_10510|CP040691_2185288_2185106_-2_GTG_60
CP040691	-2185402	TGA	FF955_10515	-2185752	351	CDS		ATG	FF955_10515|CP040691_2185752_2185402_-3_ATG_116
CP040691	-2185763	TGA	FF955_10520	-2186665	903	CDS		TTG	FF955_10520|CP040691_2186665_2185763_-2_TTG_300
CP040691	-2186686	TAG	FF955_10525	-2186877	192	CDS		TTG	FF955_10525|CP040691_2186877_2186686_-3_TTG_63
CP040691	-2186878	TAA	FF955_10530	-2187174	297	CDS		ATG	FF955_10530|CP040691_2187174_2186878_-3_ATG_98
CP040691	-2189706	TAG	FF955_10565	-2190320	615	CDS		ATG	FF955_10565|CP040691_2190320_2189706_-1_ATG_204
CP040691	-2190369	TGA	FF955_10570	-2190665	297	CDS		GTG	FF955_10570|CP040691_2190665_2190369_-1_GTG_98
CP040691	-2190662	TGA	FF955_10575	-2190913	252	CDS		GTG	FF955_10575|CP040691_2190913_2190662_-2_GTG_83
CP040691	-2191554	TGA	FF955_10585	-2191961	408	CDS		GTG	FF955_10585|CP040691_2191961_2191554_-1_GTG_135
CP040691	-2191965	TAG	FF955_10590	-2192237	273	CDS		GTG	FF955_10590|CP040691_2192237_2191965_-1_GTG_90
CP040691	-2192270	TAG	FF955_10595	-2193490	1221	CDS		ATG	FF955_10595|CP040691_2193490_2192270_-2_ATG_406
CP040691	-2205533	TGA	FF955_10670	-2205940	408	CDS		GTG	FF955_10670|CP040691_2205940_2205533_-2_GTG_135
CP040691	-2206003	TAG	FF955_10675	-2206281	279	CDS		GTG	FF955_10675|CP040691_2206281_2206003_-3_GTG_92
CP040691	-2206411	TAG	FF955_10680	-2207057	647	CDS	true	ATG	FF955_10680_p|CP040691_2207057_2206411_-1_ATG_215
CP040691	-2207556	TGA	FF955_10685	-2207765	210	CDS		GTG	FF955_10685|CP040691_2207765_2207556_-1_GTG_69
CP040691	-2209382	TAA	FF955_10700	-2209651	270	CDS		ATG	FF955_10700|CP040691_2209651_2209382_-2_ATG_89
CP040691	-2209729	TAG	FF955_10705	-2209908	180	CDS		GTG	FF955_10705|CP040691_2209908_2209729_-3_GTG_59
CP040691	-2212903	TAG	FF955_10725	-2214348	1446	CDS		GTG	FF955_10725|CP040691_2214348_2212903_-3_GTG_481
CP040691	-2214527	TAG	FF955_10730	-2215213	687	CDS		GTG	FF955_10730|CP040691_2215213_2214527_-2_GTG_228
CP040691	-2215404	TAA	FF955_10735	-2216372	969	CDS		ATG	FF955_10735|CP040691_2216372_2215404_-1_ATG_322
CP040691	-2216597	TAA	FF955_10740	-2217016	420	CDS		ATG	FF955_10740|CP040691_2217016_2216597_-2_ATG_139
CP040691	-2217025	TGA	FF955_10745	-2217285	261	CDS		GTG	FF955_10745|CP040691_2217285_2217025_-3_GTG_86
CP040691	-2219092	TGA	FF955_10755	-2219745	654	CDS		ATG	FF955_10755|CP040691_2219745_2219092_-3_ATG_217
CP040691	-2220175	TGA	FF955_10765	-2221086	912	CDS		ATG	FF955_10765|CP040691_2221086_2220175_-3_ATG_303
CP040691	-2223923	TAG	FF955_10790	-2224483	561	CDS		GTG	FF955_10790|CP040691_2224483_2223923_-2_GTG_186
CP040691	-2224480	TGA	FF955_10795	-2224821	342	CDS		ATG	FF955_10795|CP040691_2224821_2224480_-3_ATG_113
CP040691	-2225065	TAG	FF955_10805	-2225400	336	CDS		GTG	FF955_10805|CP040691_2225400_2225065_-3_GTG_111
CP040691	-2225489	TGA	FF955_10810	-2225833	345	CDS		GTG	FF955_10810|CP040691_2225833_2225489_-2_GTG_114
CP040691	-2225827	TGA	FF955_10815	-2226075	249	CDS		ATG	FF955_10815|CP040691_2226075_2225827_-3_ATG_82
CP040691	-2226175	TAG	FF955_10820	-2228490	2316	CDS		GTG	FF955_10820|CP040691_2228490_2226175_-3_GTG_771
CP040691	-2228487	TGA	FF955_10825	-2228759	273	CDS		GTG	FF955_10825|CP040691_2228759_2228487_-1_GTG_90
CP040691	-2228812	TGA	FF955_10830	-2229168	357	CDS		ATG	FF955_10830|CP040691_2229168_2228812_-3_ATG_118
CP040691	-2234128	TAA	FF955_10850	-2234904	777	CDS		ATG	FF955_10850|CP040691_2234904_2234128_-3_ATG_258
CP040691	-2234999	TAG	FF955_10855	-2236321	1323	CDS		ATG	FF955_10855|CP040691_2236321_2234999_-2_ATG_440
CP040691	-2239746	TAG	FF955_10875	-2240603	858	CDS		GTG	FF955_10875|CP040691_2240603_2239746_-1_GTG_285
CP040691	-2240661	TGA	FF955_10880	-2242157	1497	CDS		ATG	FF955_10880|CP040691_2242157_2240661_-1_ATG_498
CP040691	-2242179	TGA	FF955_10885	-2243066	888	CDS		ATG	FF955_10885|CP040691_2243066_2242179_-1_ATG_295
CP040691	-2247267	TAG	FF955_10895	-2247611	345	CDS		GTG	FF955_10895|CP040691_2247611_2247267_-1_GTG_114
CP040691	-2247800	TGA	FF955_10900	-2249125	1326	CDS		ATG	FF955_10900|CP040691_2249125_2247800_-2_ATG_441
CP040691	-2250037	TGA	FF955_10915	-2250468	432	CDS		ATG	FF955_10915|CP040691_2250468_2250037_-3_ATG_143
CP040691	-2251204	TAA	FF955_10930	-2251443	240	CDS		GTG	FF955_10930|CP040691_2251443_2251204_-3_GTG_79
CP040691	-2251440	TGA	FF955_10935	-2251619	180	CDS	true	TTC	FF955_10935_p|CP040691_2251619_2251440_-1_TTC_59
CP040691	-2252999	TAG	FF955_10950	-2254255	1257	CDS		ATG	FF955_10950|CP040691_2254255_2252999_-2_ATG_418
CP040691	-2254853	TGA	FF955_10965	-2256114	1263	fCDS		ATG	FF955_10965_fCDS|CP040691_2256114_2254853_-3_ATG_420
CP040691	-2258962	TAA	FF955_10990	-2259261	300	CDS		GTG	FF955_10990|CP040691_2259261_2258962_-3_GTG_99
CP040691	-2259346	TAG	FF955_10995	-2259651	306	CDS		ATG	FF955_10995|CP040691_2259651_2259346_-3_ATG_101
CP040691	-2259660	TAA	FF955_11000	-2260265	606	CDS		GTG	FF955_11000|CP040691_2260265_2259660_-1_GTG_201
CP040691	-2260290	TGA	FF955_11005	-2260649	360	CDS		GTG	FF955_11005|CP040691_2260649_2260290_-1_GTG_119
CP040691	-2260809	TAG	FF955_11010	-2261486	678	CDS		ATG	FF955_11010|CP040691_2261486_2260809_-1_ATG_225
CP040691	-2261438	TGA	FF955_11015	-2261674	237	CDS		ATG	FF955_11015|CP040691_2261674_2261438_-2_ATG_78
CP040691	-2261881	TGA	FF955_11020	-2262777	897	CDS		ATG	FF955_11020|CP040691_2262777_2261881_-3_ATG_298
CP040691	-2262961	TGA	FF955_11025	-2267781	4821	CDS		ATG	FF955_11025|CP040691_2267781_2262961_-3_ATG_1606
CP040691	-2268291	TGA	FF955_11030	-2269289	999	CDS		ATG	FF955_11030|CP040691_2269289_2268291_-1_ATG_332
CP040691	-2269404	TAG	FF955_11035	-2270288	885	CDS		ATG	FF955_11035|CP040691_2270288_2269404_-1_ATG_294
CP040691	-2270328	TGA	FF955_11040	-2271233	906	CDS		GTG	FF955_11040|CP040691_2271233_2270328_-1_GTG_301
CP040691	-2271236	TAG	FF955_11045	-2272048	813	CDS		GTG	FF955_11045|CP040691_2272048_2271236_-2_GTG_270
CP040691	-2272109	TGA	FF955_11050	-2272948	840	CDS		ATG	FF955_11050|CP040691_2272948_2272109_-2_ATG_279
CP040691	-2272945	TGA	FF955_11055	-2273964	1020	CDS		ATG	FF955_11055|CP040691_2273964_2272945_-3_ATG_339
CP040691	-2273981	TAG	FF955_11060	-2276026	2046	CDS		GTG	FF955_11060|CP040691_2276026_2273981_-2_GTG_681
CP040691	-2276038	TGA	FF955_11065	-2276472	435	CDS		ATG	FF955_11065|CP040691_2276472_2276038_-3_ATG_144
CP040691	-2277780	TAG	FF955_11075	-2278622	843	CDS		GTG	FF955_11075|CP040691_2278622_2277780_-1_GTG_280
CP040691	-2280287	TAG	FF955_11095	-2281261	975	CDS		GTG	FF955_11095|CP040691_2281261_2280287_-2_GTG_324
CP040691	-2281263	TAA	FF955_11100	-2282336	1074	CDS		ATG	FF955_11100|CP040691_2282336_2281263_-1_ATG_357
CP040691	-2282339	TAA	FF955_11105	-2283181	843	CDS		GTG	FF955_11105|CP040691_2283181_2282339_-2_GTG_280
CP040691	-2283168	TGA	FF955_11110	-2284070	903	CDS		ATG	FF955_11110|CP040691_2284070_2283168_-1_ATG_300
CP040691	-2284067	TGA	FF955_11115	-2285386	1320	CDS		ATG	FF955_11115|CP040691_2285386_2284067_-2_ATG_439
CP040691	-2285424	TGA	FF955_11120	-2286221	798	CDS		ATG	FF955_11120|CP040691_2286221_2285424_-1_ATG_265
CP040691	-2286221	TGA	FF955_11125	-2286781	561	CDS		ATG	FF955_11125|CP040691_2286781_2286221_-2_ATG_186
CP040691	-2286822	TAG	FF955_11130	-2287139	318	CDS		ATG	FF955_11130|CP040691_2287139_2286822_-1_ATG_105
CP040691	-2287225	TGA	FF955_11135	-2288760	1536	CDS		GTG	FF955_11135|CP040691_2288760_2287225_-3_GTG_511
CP040691	-2289502	TGA	FF955_11145	-2292066	2565	CDS		GTG	FF955_11145|CP040691_2292066_2289502_-3_GTG_854
CP040691	-2292071	TAG	FF955_11150	-2304526	12456	CDS		ATG	FF955_11150|CP040691_2304526_2292071_-2_ATG_4151
CP040691	-2304833	TAG	FF955_11155	-2305057	225	CDS		ATG	FF955_11155|CP040691_2305057_2304833_-2_ATG_74
CP040691	-2305671	TGA	FF955_11165	-2308295	2625	CDS		GTG	FF955_11165|CP040691_2308295_2305671_-1_GTG_874
CP040691	-2308453	TAG	FF955_11170	-2310057	1605	CDS		GTG	FF955_11170|CP040691_2310057_2308453_-3_GTG_534
CP040691	-2310062	TAG	FF955_11175	-2310589	528	CDS		GTG	FF955_11175|CP040691_2310589_2310062_-2_GTG_175
CP040691	-2311627	TGA	FF955_11185	-2311893	267	CDS		ATG	FF955_11185|CP040691_2311893_2311627_-3_ATG_88
CP040691	-2311894	TAG	FF955_11190	-2312199	306	CDS		GTG	FF955_11190|CP040691_2312199_2311894_-3_GTG_101
CP040691	-2312201	TGA	FF955_11195	-2312365	165	CDS		ATG	FF955_11195|CP040691_2312365_2312201_-2_ATG_54
CP040691	-2312365	TGA	FF955_11200	-2312601	237	CDS		TTG	FF955_11200|CP040691_2312601_2312365_-3_TTG_78
CP040691	-2314221	TAG	FF955_11210	-2314625	405	CDS		GTG	FF955_11210|CP040691_2314625_2314221_-1_GTG_134
CP040691	-2314709	TGA	FF955_11215	-2318293	3585	CDS		GTG	FF955_11215|CP040691_2318293_2314709_-2_GTG_1194
CP040691	-2322187	TAG	FF955_11245	-2323410	1224	CDS		GTG	FF955_11245|CP040691_2323410_2322187_-3_GTG_407
CP040691	-2323426	TAG	FF955_11250	-2324349	924	CDS		ATG	FF955_11250|CP040691_2324349_2323426_-3_ATG_307
CP040691	-2325031	TGA	FF955_11260	-2325765	735	CDS		GTG	FF955_11260|CP040691_2325765_2325031_-3_GTG_244
CP040691	-2325762	TGA	FF955_11265	-2326517	756	CDS		ATG	FF955_11265|CP040691_2326517_2325762_-1_ATG_251
CP040691	-2326514	TGA	FF955_11270	-2327686	1173	CDS		ATG	FF955_11270|CP040691_2327686_2326514_-2_ATG_390
CP040691	-2327754	TGA	FF955_11275	-2328503	750	CDS		GTG	FF955_11275|CP040691_2328503_2327754_-1_GTG_249
CP040691	-2328956	TGA	FF955_11285	-2330419	1464	CDS		ATG	FF955_11285|CP040691_2330419_2328956_-2_ATG_487
CP040691	-2330577	TGA	FF955_11290	-2330828	252	CDS		GTG	FF955_11290|CP040691_2330828_2330577_-1_GTG_83
CP040691	-2330863	TAG	FF955_11295	-2331834	972	CDS		ATG	FF955_11295|CP040691_2331834_2330863_-3_ATG_323
CP040691	-2331835	TAG	FF955_11300	-2332134	300	CDS		GTG	FF955_11300|CP040691_2332134_2331835_-3_GTG_99
CP040691	-2335605	TAG	FF955_11320	-2336046	442	CDS	true	ATG	FF955_11320_p|CP040691_2336046_2335605_-3_ATG_147
CP040691	-2343749	TAG	FF955_11360	-2344876	1128	CDS		ATG	FF955_11360|CP040691_2344876_2343749_-2_ATG_375
CP040691	-2346110	TAA	FF955_11370	-2346844	735	CDS		ATG	FF955_11370|CP040691_2346844_2346110_-2_ATG_244
CP040691	-2346886	TAG	FF955_11375	-2349606	2721	CDS		GTG	FF955_11375|CP040691_2349606_2346886_-3_GTG_906
CP040691	-2349723	TAG	FF955_11380	-2350649	927	CDS		GTG	FF955_11380|CP040691_2350649_2349723_-1_GTG_308
CP040691	-2350666	TAG	FF955_11385	-2350917	252	CDS		GTG	FF955_11385|CP040691_2350917_2350666_-3_GTG_83
CP040691	-2350985	TGA	FF955_11390	-2351935	951	CDS		ATG	FF955_11390|CP040691_2351935_2350985_-2_ATG_316
CP040691	-2351932	TGA	FF955_11395	-2352930	999	CDS		ATG	FF955_11395|CP040691_2352930_2351932_-3_ATG_332
CP040691	-2352939	TAG	FF955_11400	-2354297	1359	CDS		GTG	FF955_11400|CP040691_2354297_2352939_-1_GTG_452
CP040691	-2354349	TAA	FF955_11405	-2355824	1476	CDS		ATG	FF955_11405|CP040691_2355824_2354349_-1_ATG_491
CP040691	-2361704	TGA	FF955_11425	-2362138	435	CDS		ATG	FF955_11425|CP040691_2362138_2361704_-2_ATG_144
CP040691	-2362145	TAG	FF955_11430	-2362399	255	CDS		ATG	FF955_11430|CP040691_2362399_2362145_-2_ATG_84
CP040691	-2362415	TGA	FF955_11435	-2362672	258	CDS		ATG	FF955_11435|CP040691_2362672_2362415_-2_ATG_85
CP040691	-2366600	TGA	FF955_11460	-2367346	747	CDS		GTG	FF955_11460|CP040691_2367346_2366600_-2_GTG_248
CP040691	-2367343	TGA	FF955_11465	-2368218	876	CDS		GTG	FF955_11465|CP040691_2368218_2367343_-3_GTG_291
CP040691	-2368215	TGA	FF955_11470	-2368409	195	CDS		ATG	FF955_11470|CP040691_2368409_2368215_-1_ATG_64
CP040691	-2368522	TAA	FF955_11475	-2370159	1638	CDS		ATG	FF955_11475|CP040691_2370159_2368522_-3_ATG_545
CP040691	-2372135	TAG	FF955_11495	-2373964	1830	CDS		ATG	FF955_11495|CP040691_2373964_2372135_-2_ATG_609
CP040691	-2375144	TAG	FF955_11510	-2375986	843	CDS		GTG	FF955_11510|CP040691_2375986_2375144_-2_GTG_280
CP040691	-2376919	TGA	FF955_11520	-2377401	483	CDS		GTG	FF955_11520|CP040691_2377401_2376919_-3_GTG_160
CP040691	-2377480	TGA	FF955_11525	-2378334	855	CDS		ATG	FF955_11525|CP040691_2378334_2377480_-3_ATG_284
CP040691	-2378337	TGA	FF955_11530	-2378618	282	CDS		GTG	FF955_11530|CP040691_2378618_2378337_-1_GTG_93
CP040691	-2380162	TAA	FF955_11540	-2383740	3579	CDS		GTG	FF955_11540|CP040691_2383740_2380162_-3_GTG_1192
CP040691	-2384875	TGA	FF955_11550	-2385963	1089	CDS		CTG	FF955_11550|CP040691_2385963_2384875_-3_CTG_362
CP040691	-2387981	TAG	FF955_11565	-2388862	882	CDS		ATG	FF955_11565|CP040691_2388862_2387981_-2_ATG_293
CP040691	-2388888	TAG	FF955_11570	-2390132	1245	CDS		ATG	FF955_11570|CP040691_2390132_2388888_-1_ATG_414
CP040691	-2390190	TGA	FF955_11575	-2390993	804	CDS		GTG	FF955_11575|CP040691_2390993_2390190_-1_GTG_267
CP040691	-2391524	TAG	FF955_11585	-2392312	789	CDS		GTG	FF955_11585|CP040691_2392312_2391524_-2_GTG_262
CP040691	-2392323	TGA	FF955_11590	-2392910	588	CDS		ATG	FF955_11590|CP040691_2392910_2392323_-1_ATG_195
CP040691	-2392974	TAG	FF955_11595	-2393684	711	CDS		ATG	FF955_11595|CP040691_2393684_2392974_-1_ATG_236
CP040691	-2393681	TGA	FF955_11600	-2394511	831	CDS		ATG	FF955_11600|CP040691_2394511_2393681_-2_ATG_276
CP040691	-2394575	TAG	FF955_11605	-2394988	414	CDS		ATG	FF955_11605|CP040691_2394988_2394575_-2_ATG_137
CP040691	-2397471	TAG	FF955_11625	-2398001	531	CDS		ATG	FF955_11625|CP040691_2398001_2397471_-1_ATG_176
CP040691	-2398049	TAG	FF955_11630	-2399395	1347	CDS		GTG	FF955_11630|CP040691_2399395_2398049_-2_GTG_448
CP040691	-2399982	TGA	FF955_11640	-2400299	318	CDS		ATG	FF955_11640|CP040691_2400299_2399982_-1_ATG_105
CP040691	-2400296	TGA	FF955_11645	-2400511	216	CDS		GTG	FF955_11645|CP040691_2400511_2400296_-2_GTG_71
CP040691	-2401954	TAG	FF955_11655	-2402310	357	CDS		ATG	FF955_11655|CP040691_2402310_2401954_-3_ATG_118
CP040691	-2402405	TAG	FF955_11660	-2403187	783	CDS		ATG	FF955_11660|CP040691_2403187_2402405_-2_ATG_260
CP040691	-2403455	TGA	FF955_11665	-2403745	291	CDS		TTG	FF955_11665|CP040691_2403745_2403455_-2_TTG_96
CP040691	-2403907	TAG	FF955_11670	-2404563	657	CDS		ATG	FF955_11670|CP040691_2404563_2403907_-3_ATG_218
CP040691	-2404625	TAG	FF955_11675	-2405404	780	CDS		ATG	FF955_11675|CP040691_2405404_2404625_-2_ATG_259
CP040691	-2405410	TGA	FF955_11680	-2406162	753	CDS		TTG	FF955_11680|CP040691_2406162_2405410_-3_TTG_250
CP040691	-2406173	TGA	FF955_11685	-2407312	1140	CDS		ATG	FF955_11685|CP040691_2407312_2406173_-2_ATG_379
CP040691	-2407485	TAG	FF955_11690	-2408429	945	CDS		ATG	FF955_11690|CP040691_2408429_2407485_-1_ATG_314
CP040691	-2408426	TGA	FF955_11695	-2409910	1485	CDS		GTG	FF955_11695|CP040691_2409910_2408426_-2_GTG_494
CP040691	-2409907	TGA	FF955_11700	-2411139	1233	CDS		GTG	FF955_11700|CP040691_2411139_2409907_-3_GTG_410
CP040691	-2411136	TGA	FF955_11705	-2412710	1575	CDS		GTG	FF955_11705|CP040691_2412710_2411136_-1_GTG_524
CP040691	-2412722	TAG	FF955_11710	-2414182	1461	CDS		GTG	FF955_11710|CP040691_2414182_2412722_-2_GTG_486
CP040691	-2414184	TGA	FF955_11715	-2415263	1080	CDS		ATG	FF955_11715|CP040691_2415263_2414184_-1_ATG_359
CP040691	-2415260	TGA	FF955_11720	-2416792	1533	CDS		ATG	FF955_11720|CP040691_2416792_2415260_-2_ATG_510
CP040691	-2416789	TGA	FF955_11725	-2418396	1608	CDS		GTG	FF955_11725|CP040691_2418396_2416789_-3_GTG_535
CP040691	-2418419	TGA	FF955_11730	-2419453	1035	CDS		ATG	FF955_11730|CP040691_2419453_2418419_-2_ATG_344
CP040691	-2419450	TGA	FF955_11735	-2420070	621	CDS		ATG	FF955_11735|CP040691_2420070_2419450_-3_ATG_206
CP040691	-2420063	TAG	FF955_11740	-2420929	867	CDS		ATG	FF955_11740|CP040691_2420929_2420063_-2_ATG_288
CP040691	-2421032	TGA	FF955_11745	-2422630	1599	CDS		ATG	FF955_11745|CP040691_2422630_2421032_-2_ATG_532
CP040691	-2422840	TAG	FF955_11750	-2424879	2040	CDS		GTG	FF955_11750|CP040691_2424879_2422840_-3_GTG_679
CP040691	-2424876	TGA	FF955_11755	-2426030	1155	CDS		ATG	FF955_11755|CP040691_2426030_2424876_-1_ATG_384
CP040691	-2426027	TGA	FF955_11760	-2427217	1191	CDS		GTG	FF955_11760|CP040691_2427217_2426027_-2_GTG_396
CP040691	-2427219	TGA	FF955_11765	-2427650	432	CDS		ATG	FF955_11765|CP040691_2427650_2427219_-1_ATG_143
CP040691	-2427999	TAA	FF955_11770	-2428403	405	CDS		ATG	FF955_11770|CP040691_2428403_2427999_-1_ATG_134
CP040691	-2430065	TAG	FF955_11785	-2430970	906	CDS		GTG	FF955_11785|CP040691_2430970_2430065_-2_GTG_301
CP040691	-2433880	TGA	FF955_11800	-2434320	441	CDS		ATG	FF955_11800|CP040691_2434320_2433880_-3_ATG_146
CP040691	-2435716	TGA	FF955_11810	-2436381	666	CDS		ATG	FF955_11810|CP040691_2436381_2435716_-3_ATG_221
CP040691	-2436315	TGA	FF955_11815	-2436497	183	CDS		ATG	FF955_11815|CP040691_2436497_2436315_-1_ATG_60
CP040691	-2436766	TAG	FF955_11820	-2438154	1389	CDS		ATG	FF955_11820|CP040691_2438154_2436766_-3_ATG_462
CP040691	-2438245	TGA	FF955_11825	-2438751	507	CDS		GTG	FF955_11825|CP040691_2438751_2438245_-3_GTG_168
CP040691	-2438902	TGA	FF955_11830	-2439648	747	CDS		TTG	FF955_11830|CP040691_2439648_2438902_-3_TTG_248
CP040691	-2441020	TAG	FF955_11840	-2441763	744	CDS		ATG	FF955_11840|CP040691_2441763_2441020_-3_ATG_247
CP040691	-2441849	TGA	FF955_11845	-2442244	396	CDS		GTG	FF955_11845|CP040691_2442244_2441849_-2_GTG_131
CP040691	-2442241	TGA	FF955_11850	-2443470	1230	CDS		ATC	FF955_11850|CP040691_2443470_2442241_-3_ATC_409
CP040691	-2443500	TGA	FF955_11855	-2443934	435	CDS		GTG	FF955_11855|CP040691_2443934_2443500_-1_GTG_144
CP040691	-2444039	TAA	FF955_11860	-2444428	390	CDS		ATG	FF955_11860|CP040691_2444428_2444039_-2_ATG_129
CP040691	-2446427	TGA	FF955_11870	-2447584	1158	CDS		GTG	FF955_11870|CP040691_2447584_2446427_-2_GTG_385
CP040691	-2447681	TAG	FF955_11875	-2448454	774	CDS		GTG	FF955_11875|CP040691_2448454_2447681_-2_GTG_257
CP040691	-2448549	TGA	FF955_11880	-2449706	1158	CDS		TTG	FF955_11880|CP040691_2449706_2448549_-1_TTG_385
CP040691	-2449892	TAA	FF955_11885	-2450143	252	CDS		ATG	FF955_11885|CP040691_2450143_2449892_-2_ATG_83
CP040691	-2452065	TGA	FF955_11895	-2453177	1113	CDS		GTG	FF955_11895|CP040691_2453177_2452065_-1_GTG_370
CP040691	-2457881	TAG	FF955_11920	-2458525	645	CDS		ATG	FF955_11920|CP040691_2458525_2457881_-2_ATG_214
CP040691	-2458525	TGA	FF955_11925	-2459424	900	CDS		ATG	FF955_11925|CP040691_2459424_2458525_-3_ATG_299
CP040691	-2459610	TGA	FF955_11930	-2460029	420	CDS		ATG	FF955_11930|CP040691_2460029_2459610_-1_ATG_139
CP040691	-2460037	TAG	FF955_11935	-2461128	1092	CDS		GTG	FF955_11935|CP040691_2461128_2460037_-3_GTG_363
CP040691	-2463430	TAG	FF955_11945	-2464404	975	CDS		GTG	FF955_11945|CP040691_2464404_2463430_-3_GTG_324
CP040691	-2465308	TGA	FF955_11955	-2465664	357	CDS		ATG	FF955_11955|CP040691_2465664_2465308_-3_ATG_118
CP040691	-2465764	TGA	FF955_11960	-2466840	1077	CDS		ATG	FF955_11960|CP040691_2466840_2465764_-3_ATG_358
CP040691	-2471241	TAG	FF955_11985	-2472347	1107	CDS		ATG	FF955_11985|CP040691_2472347_2471241_-1_ATG_368
CP040691	-2472419	TGA	FF955_11990	-2473558	1140	CDS		GTG	FF955_11990|CP040691_2473558_2472419_-2_GTG_379
CP040691	-2476300	TAA	FF955_12005	-2478078	1779	CDS		ATG	FF955_12005|CP040691_2478078_2476300_-3_ATG_592
CP040691	-2483371	TGA	FF955_12035	-2483793	423	CDS		ATG	FF955_12035|CP040691_2483793_2483371_-3_ATG_140
CP040691	-2485746	TGA	FF955_12045	-2488730	2985	CDS		GTG	FF955_12045|CP040691_2488730_2485746_-1_GTG_994
CP040691	-2488779	TAG	FF955_12050	-2490119	1341	CDS		ATG	FF955_12050|CP040691_2490119_2488779_-1_ATG_446
CP040691	-2490214	TGA	FF955_12055	-2491776	1563	CDS		ATG	FF955_12055|CP040691_2491776_2490214_-3_ATG_520
CP040691	-2491838	TAG	FF955_12060	-2493400	1563	CDS		GTG	FF955_12060|CP040691_2493400_2491838_-2_GTG_520
CP040691	-2493602	TGA	FF955_12065	-2493823	222	CDS		CTG	FF955_12065|CP040691_2493823_2493602_-2_CTG_73
CP040691	-2498021	TAG	FF955_12090	-2499115	1095	CDS		GTG	FF955_12090|CP040691_2499115_2498021_-2_GTG_364
CP040691	-2499112	TGA	FF955_12095	-2499849	738	CDS		ATG	FF955_12095|CP040691_2499849_2499112_-3_ATG_245
CP040691	-2499846	TGA	FF955_12100	-2500985	1140	CDS		ATG	FF955_12100|CP040691_2500985_2499846_-1_ATG_379
CP040691	-2500982	TGA	FF955_12105	-2502076	1095	CDS		GTG	FF955_12105|CP040691_2502076_2500982_-2_GTG_364
CP040691	-2502113	TGA	FF955_12110	-2502538	426	CDS		TTG	FF955_12110|CP040691_2502538_2502113_-2_TTG_141
CP040691	-2502459	TGA	FF955_12115	-2502739	281	CDS	true	ATG	FF955_12115_p|CP040691_2502739_2502459_-2_ATG_93
CP040691	-2504811	TAG	FF955_12135	-2505752	942	CDS		GTG	FF955_12135|CP040691_2505752_2504811_-1_GTG_313
CP040691	-2506728	TAG	FF955_12145	-2506964	237	CDS		GTG	FF955_12145|CP040691_2506964_2506728_-1_GTG_78
CP040691	-2507092	TAA	FF955_12155	-2507553	462	CDS		ATG	FF955_12155|CP040691_2507553_2507092_-3_ATG_153
CP040691	-2507553	TGA	FF955_12160	-2508029	477	CDS		ATG	FF955_12160|CP040691_2508029_2507553_-1_ATG_158
CP040691	-2508067	TGA	FF955_12165	-2508657	591	CDS		GTG	FF955_12165|CP040691_2508657_2508067_-3_GTG_196
CP040691	-2519621	TGA	FF955_12210	-2521171	1551	CDS		GTG	FF955_12210|CP040691_2521171_2519621_-2_GTG_516
CP040691	-2521165	TGA	FF955_12215	-2521734	570	CDS		ATG	FF955_12215|CP040691_2521734_2521165_-3_ATG_189
CP040691	-2524899	TGA	FF955_12235	-2525354	456	CDS		TTG	FF955_12235|CP040691_2525354_2524899_-1_TTG_151
CP040691	-2525359	TAG	FF955_12240	-2525553	195	CDS		GTG	FF955_12240|CP040691_2525553_2525359_-3_GTG_64
CP040691	-2525720	TAA	FF955_12250	-2526232	513	CDS		ATG	FF955_12250|CP040691_2526232_2525720_-2_ATG_170
CP040691	-2526383	TAG	FF955_12255	-2527201	819	CDS		ATG	FF955_12255|CP040691_2527201_2526383_-2_ATG_272
CP040691	-2527215	TGA	FF955_12260	-2528276	1062	CDS		ATG	FF955_12260|CP040691_2528276_2527215_-1_ATG_353
CP040691	-2530368	TAG	FF955_12280	-2531735	1368	CDS		GTG	FF955_12280|CP040691_2531735_2530368_-1_GTG_455
CP040691	-2532190	TAG	FF955_12290	-2533935	1746	CDS		TTG	FF955_12290|CP040691_2533935_2532190_-3_TTG_581
CP040691	-2537259	TGA	FF955_12305	-2538425	1167	CDS		ATG	FF955_12305|CP040691_2538425_2537259_-1_ATG_388
CP040691	-2538422	TGA	FF955_12310	-2539891	1470	CDS		ATG	FF955_12310|CP040691_2539891_2538422_-2_ATG_489
CP040691	-2539904	TGA	FF955_12315	-2540236	333	CDS		GTG	FF955_12315|CP040691_2540236_2539904_-2_GTG_110
CP040691	-2542103	TAG	FF955_12340	-2542420	318	CDS		ATG	FF955_12340|CP040691_2542420_2542103_-2_ATG_105
CP040691	-2544739	TAA	FF955_12355	-2545638	900	CDS		ATG	FF955_12355|CP040691_2545638_2544739_-3_ATG_299
CP040691	-2549195	TAG	FF955_12370	-2550133	939	CDS		ATG	FF955_12370|CP040691_2550133_2549195_-2_ATG_312
CP040691	-2553134	TGA	FF955_12390	-2553826	693	CDS		ATG	FF955_12390|CP040691_2553826_2553134_-2_ATG_230
CP040691	-2558286	TGA	FF955_12420	-2559290	1005	CDS		GTG	FF955_12420|CP040691_2559290_2558286_-1_GTG_334
CP040691	-2564318	TAG	FF955_12455	-2566261	1944	CDS		ATG	FF955_12455|CP040691_2566261_2564318_-2_ATG_647
CP040691	-2566335	TAG	FF955_12460	-2567267	933	CDS		ATG	FF955_12460|CP040691_2567267_2566335_-1_ATG_310
CP040691	-2568355	TGA	FF955_12475	-2569278	924	CDS		ATG	FF955_12475|CP040691_2569278_2568355_-3_ATG_307
CP040691	-2569275	TGA	FF955_12480	-2569484	210	CDS		ATG	FF955_12480|CP040691_2569484_2569275_-1_ATG_69
CP040691	-2569867	TAA	FF955_12485	-2570046	180	CDS		GTG	FF955_12485|CP040691_2570046_2569867_-3_GTG_59
CP040691	-2572110	TGA	FF955_12500	-2572955	846	CDS		ATG	FF955_12500|CP040691_2572955_2572110_-1_ATG_281
CP040691	-2573112	TGA	FF955_12505	-2573456	345	CDS		ATG	FF955_12505|CP040691_2573456_2573112_-1_ATG_114
CP040691	-2573487	TAG	FF955_12510	-2573678	192	CDS		GTG	FF955_12510|CP040691_2573678_2573487_-1_GTG_63
CP040691	-2573763	TGA	FF955_12515	-2574194	432	CDS		GTG	FF955_12515|CP040691_2574194_2573763_-1_GTG_143
CP040691	-2574287	TAG	FF955_12520	-2574469	183	CDS		ATG	FF955_12520|CP040691_2574469_2574287_-2_ATG_60
CP040691	-2576102	TAG	FF955_12540	-2576557	456	CDS		GTG	FF955_12540|CP040691_2576557_2576102_-2_GTG_151
CP040691	-2576574	TGA	FF955_12545	-2576699	126	CDS		GTG	FF955_12545|CP040691_2576699_2576574_-1_GTG_41
CP040691	-2577086	TGA	FF955_12550	-2577250	165	CDS		GTG	FF955_12550|CP040691_2577250_2577086_-2_GTG_54
CP040691	-2579311	TGA	FF955_12575	-2580165	855	CDS		GTG	FF955_12575|CP040691_2580165_2579311_-3_GTG_284
CP040691	-2580176	TAG	FF955_12580	-2581549	1374	CDS		ATG	FF955_12580|CP040691_2581549_2580176_-2_ATG_457
CP040691	-2581546	TGA	FF955_12585	-2583063	1518	CDS		GTG	FF955_12585|CP040691_2583063_2581546_-3_GTG_505
CP040691	-2586107	TAG	FF955_12605	-2586616	510	CDS	true	TCG	FF955_12605_p|CP040691_2586616_2586107_-2_TCG_169
CP040691	-2587059	TAG	FF955_12615	-2587937	879	CDS		GTG	FF955_12615|CP040691_2587937_2587059_-1_GTG_292
CP040691	-2587934	TGA	FF955_12620	-2589364	1431	CDS		TTG	FF955_12620|CP040691_2589364_2587934_-2_TTG_476
CP040691	-2589365	TAA	FF955_12625	-2589910	546	CDS		ATG	FF955_12625|CP040691_2589910_2589365_-2_ATG_181
CP040691	-2589910	TGA	FF955_12630	-2590575	666	CDS		ATG	FF955_12630|CP040691_2590575_2589910_-3_ATG_221
CP040691	-2590572	TGA	FF955_12635	-2591480	909	CDS		ATG	FF955_12635|CP040691_2591480_2590572_-1_ATG_302
CP040691	-2592220	TAG	FF955_12645	-2593068	849	CDS		ATG	FF955_12645|CP040691_2593068_2592220_-3_ATG_282
CP040691	-2593065	TGA	FF955_12650	-2595158	2094	CDS		ATG	FF955_12650|CP040691_2595158_2593065_-1_ATG_697
CP040691	-2597125	TAA	FF955_12670	-2598672	1548	CDS		ATG	FF955_12670|CP040691_2598672_2597125_-3_ATG_515
CP040691	-2598906	TAG	FF955_12675	-2599433	528	CDS		GTG	FF955_12675|CP040691_2599433_2598906_-1_GTG_175
CP040691	-2601919	TGA	FF955_12695	-2603532	1614	CDS		ATG	FF955_12695|CP040691_2603532_2601919_-3_ATG_537
CP040691	-2607080	TAA	FF955_12715	-2608198	1119	CDS		ATG	FF955_12715|CP040691_2608198_2607080_-2_ATG_372
CP040691	-2608318	TAG	FF955_12720	-2609274	957	CDS		ATG	FF955_12720|CP040691_2609274_2608318_-3_ATG_318
CP040691	-2612877	TGA	FF955_12740	-2614118	1242	CDS		ATG	FF955_12740|CP040691_2614118_2612877_-1_ATG_413
CP040691	-2615743	TGA	FF955_12760	-2617662	1920	CDS		ATG	FF955_12760|CP040691_2617662_2615743_-3_ATG_639
CP040691	-2617667	TGA	FF955_12765	-2618962	1296	CDS		GTG	FF955_12765|CP040691_2618962_2617667_-2_GTG_431
CP040691	-2621098	TGA	FF955_12775	-2621382	285	CDS		ATG	FF955_12775|CP040691_2621382_2621098_-3_ATG_94
CP040691	-2621433	TAA	FF955_12780	-2621729	297	CDS		ATG	FF955_12780|CP040691_2621729_2621433_-1_ATG_98
CP040691	-2621864	TAG	FF955_12785	-2622190	327	CDS		GTG	FF955_12785|CP040691_2622190_2621864_-2_GTG_108
CP040691	-2622382	TAG	FF955_12790	-2623908	1527	CDS		ATG	FF955_12790|CP040691_2623908_2622382_-3_ATG_508
CP040691	-2623991	TGA	FF955_12795	-2625529	1539	CDS		ATG	FF955_12795|CP040691_2625529_2623991_-2_ATG_512
CP040691	-2625747	TGA	FF955_12800	-2627285	1539	CDS		ATG	FF955_12800|CP040691_2627285_2625747_-1_ATG_512
CP040691	-2628134	TAG	FF955_12805	-2629312	1179	CDS		ATG	FF955_12805|CP040691_2629312_2628134_-2_ATG_392
CP040691	-2631121	TAG	FF955_12815	-2632989	1869	CDS		GTG	FF955_12815|CP040691_2632989_2631121_-3_GTG_622
CP040691	-2633727	TAG	FF955_12825	-2635574	1848	CDS		GTG	FF955_12825|CP040691_2635574_2633727_-1_GTG_615
CP040691	-2635712	TAG	FF955_12830	-2637103	1392	CDS		GTG	FF955_12830|CP040691_2637103_2635712_-2_GTG_463
CP040691	-2638189	TAG	FF955_12850	-2638617	429	CDS		GTG	FF955_12850|CP040691_2638617_2638189_-3_GTG_142
CP040691	-2638617	TAG	FF955_12855	-2639507	891	CDS		GTG	FF955_12855|CP040691_2639507_2638617_-1_GTG_296
CP040691	-2639500	TAG	FF955_12860	-2640297	798	CDS		ATG	FF955_12860|CP040691_2640297_2639500_-3_ATG_265
CP040691	-2641810	TAG	FF955_12870	-2642712	903	CDS		ATG	FF955_12870|CP040691_2642712_2641810_-3_ATG_300
CP040691	-2642786	TGA	FF955_12875	-2643127	342	CDS		ATG	FF955_12875|CP040691_2643127_2642786_-2_ATG_113
CP040691	-2643099	TGA	FF955_12880	-2644406	1308	CDS		TTG	FF955_12880|CP040691_2644406_2643099_-1_TTG_435
CP040691	-2644403	TGA	FF955_12885	-2644936	534	CDS		ATG	FF955_12885|CP040691_2644936_2644403_-2_ATG_177
CP040691	-2644955	TGA	FF955_12890	-2646013	1059	CDS		GTG	FF955_12890|CP040691_2646013_2644955_-2_GTG_352
CP040691	-2645985	TGA	FF955_12895	-2646287	303	CDS		GTG	FF955_12895|CP040691_2646287_2645985_-1_GTG_100
CP040691	-2646284	TGA	FF955_12900	-2647597	1314	CDS		GTG	FF955_12900|CP040691_2647597_2646284_-2_GTG_437
CP040691	-2648076	TAG	FF955_12910	-2648864	789	CDS		ATG	FF955_12910|CP040691_2648864_2648076_-1_ATG_262
CP040691	-2648878	TAA	FF955_12915	-2650026	1149	CDS		GTG	FF955_12915|CP040691_2650026_2648878_-3_GTG_382
CP040691	-2650101	TGA	FF955_12920	-2651132	1032	CDS		ATG	FF955_12920|CP040691_2651132_2650101_-1_ATG_343
CP040691	-2651648	TGA	FF955_12930	-2652154	507	CDS		ATG	FF955_12930|CP040691_2652154_2651648_-2_ATG_168
CP040691	-2652254	TGA	FF955_12935	-2652469	216	CDS		GTG	FF955_12935|CP040691_2652469_2652254_-2_GTG_71
CP040691	-2652447	TGA	FF955_12940	-2653742	1296	CDS		ATG	FF955_12940|CP040691_2653742_2652447_-1_ATG_431
CP040691	-2653739	TGA	FF955_12945	-2658124	4386	CDS		ATG	FF955_12945|CP040691_2658124_2653739_-2_ATG_1461
CP040691	-2658106	TGA	FF955_12950	-2663301	5196	CDS		GTG	FF955_12950|CP040691_2663301_2658106_-3_GTG_1731
CP040691	-2663294	TAA	FF955_12955	-2666308	3015	CDS		ATG	FF955_12955|CP040691_2666308_2663294_-2_ATG_1004
CP040691	-2666308	TGA	FF955_12960	-2667642	1335	CDS		ATG	FF955_12960|CP040691_2667642_2666308_-3_ATG_444
CP040691	-2667632	TAA	FF955_12965	-2671876	4245	CDS		GTG	FF955_12965|CP040691_2671876_2667632_-2_GTG_1414
CP040691	-2674692	TAA	FF955_12980	-2676044	1353	CDS		GTG	FF955_12980|CP040691_2676044_2674692_-1_GTG_450
CP040691	-2678054	TAA	FF955_12995	-2679226	1173	CDS		ATG	FF955_12995|CP040691_2679226_2678054_-2_ATG_390
CP040691	-2679287	TGA	FF955_13000	-2679751	465	CDS		ATG	FF955_13000|CP040691_2679751_2679287_-2_ATG_154
CP040691	-2679748	TGA	FF955_13005	-2680305	558	CDS		ATG	FF955_13005|CP040691_2680305_2679748_-3_ATG_185
CP040691	-2689948	TGA	FF955_13050	-2691003	1056	CDS		ATG	FF955_13050|CP040691_2691003_2689948_-3_ATG_351
CP040691	-2691020	TGA	FF955_13055	-2691838	819	CDS		ATG	FF955_13055|CP040691_2691838_2691020_-2_ATG_272
CP040691	-2691835	TGA	FF955_13060	-2692686	852	CDS		ATG	FF955_13060|CP040691_2692686_2691835_-3_ATG_283
CP040691	-2692683	TGA	FF955_13065	-2693753	1071	CDS		ATG	FF955_13065|CP040691_2693753_2692683_-1_ATG_356
CP040691	-2694081	TAG	FF955_13075	-2694284	204	CDS		GTG	FF955_13075|CP040691_2694284_2694081_-1_GTG_67
CP040691	-2696574	TGA	FF955_13085	-2697329	756	CDS		GTG	FF955_13085|CP040691_2697329_2696574_-1_GTG_251
CP040691	-2697326	TGA	FF955_13090	-2699287	1962	CDS		GTG	FF955_13090|CP040691_2699287_2697326_-2_GTG_653
CP040691	-2700049	TGA	FF955_13100	-2700477	429	CDS		ATG	FF955_13100|CP040691_2700477_2700049_-3_ATG_142
CP040691	-2701547	TAG	FF955_13110	-2701765	219	CDS		GTG	FF955_13110|CP040691_2701765_2701547_-2_GTG_72
CP040691	-2702555	TAG	FF955_13125	-2703394	840	CDS		ATG	FF955_13125|CP040691_2703394_2702555_-2_ATG_279
CP040691	-2703394	TGA	FF955_13130	-2704371	978	CDS		ATG	FF955_13130|CP040691_2704371_2703394_-3_ATG_325
CP040691	-2704371	TGA	FF955_13135	-2706026	1656	CDS		ATG	FF955_13135|CP040691_2706026_2704371_-1_ATG_551
CP040691	-2706412	TGA	FF955_13145	-2707362	951	CDS		TTG	FF955_13145|CP040691_2707362_2706412_-3_TTG_316
CP040691	-2707393	TGA	FF955_13150	-2708937	1545	CDS		ATG	FF955_13150|CP040691_2708937_2707393_-3_ATG_514
CP040691	-2708952	TGA	FF955_13155	-2709845	894	CDS		ATG	FF955_13155|CP040691_2709845_2708952_-1_ATG_297
CP040691	-2710185	TGA	FF955_13160	-2711411	1227	CDS		ATG	FF955_13160|CP040691_2711411_2710185_-1_ATG_408
CP040691	-2711533	TAA	FF955_13165	-2712375	843	CDS		GTG	FF955_13165|CP040691_2712375_2711533_-3_GTG_280
CP040691	-2712456	TGA	FF955_13170	-2713199	744	CDS		ATG	FF955_13170|CP040691_2713199_2712456_-1_ATG_247
CP040691	-2713189	TAG	FF955_13175	-2713860	672	CDS		ATG	FF955_13175|CP040691_2713860_2713189_-3_ATG_223
CP040691	-2713857	TGA	FF955_13180	-2714237	381	CDS		ATG	FF955_13180|CP040691_2714237_2713857_-1_ATG_126
CP040691	-2714234	TGA	FF955_13185	-2714869	636	CDS		ATG	FF955_13185|CP040691_2714869_2714234_-2_ATG_211
CP040691	-2714905	TAA	FF955_13190	-2715108	204	CDS		ATG	FF955_13190|CP040691_2715108_2714905_-3_ATG_67
CP040691	-2716837	TGA	FF955_13205	-2717838	1002	CDS		GTG	FF955_13205|CP040691_2717838_2716837_-3_GTG_333
CP040691	-2717927	TAG	FF955_13210	-2719369	1443	CDS		GTG	FF955_13210|CP040691_2719369_2717927_-2_GTG_480
CP040691	-2719369	TAG	FF955_13215	-2720244	876	CDS		GTG	FF955_13215|CP040691_2720244_2719369_-3_GTG_291
CP040691	-2720271	TGA	FF955_13220	-2721518	1248	CDS		ATG	FF955_13220|CP040691_2721518_2720271_-1_ATG_415
CP040691	-2721601	TAG	FF955_13225	-2721906	306	CDS		CTG	FF955_13225|CP040691_2721906_2721601_-3_CTG_101
CP040691	-2721907	TGA	FF955_13230	-2722101	195	CDS		GTG	FF955_13230|CP040691_2722101_2721907_-3_GTG_64
CP040691	-2723377	TAG	FF955_13245	-2723961	585	CDS		ATG	FF955_13245|CP040691_2723961_2723377_-3_ATG_194
CP040691	-2724008	TAA	FF955_13250	-2724307	300	CDS		ATG	FF955_13250|CP040691_2724307_2724008_-2_ATG_99
CP040691	-2724478	TGA	FF955_13255	-2724888	411	CDS		ATG	FF955_13255|CP040691_2724888_2724478_-3_ATG_136
CP040691	-2724885	TGA	FF955_13260	-2725175	291	CDS		GTG	FF955_13260|CP040691_2725175_2724885_-1_GTG_96
CP040691	-2725156	TGA	FF955_13265	-2726387	1232	CDS	true	ATG	FF955_13265_p|CP040691_2726387_2725156_-1_ATG_410
CP040691	-2726384	TGA	FF955_13270	-2728576	2193	CDS		TTG	FF955_13270|CP040691_2728576_2726384_-2_TTG_730
CP040691	-2728720	TGA	FF955_13275	-2728923	204	CDS		ATG	FF955_13275|CP040691_2728923_2728720_-3_ATG_67
CP040691	-2730026	TAA	FF955_13285	-2730229	204	CDS		TTG	FF955_13285|CP040691_2730229_2730026_-2_TTG_67
CP040691	-2730618	TAG	FF955_13295	-2732657	2040	CDS		ATG	FF955_13295|CP040691_2732657_2730618_-1_ATG_679
CP040691	-2732943	TAG	FF955_13300	-2734073	1131	CDS		ATG	FF955_13300|CP040691_2734073_2732943_-1_ATG_376
CP040691	-2734073	TGA	FF955_13305	-2735512	1440	CDS		GTG	FF955_13305|CP040691_2735512_2734073_-2_GTG_479
CP040691	-2735598	TGA	FF955_13310	-2735858	261	CDS		ATG	FF955_13310|CP040691_2735858_2735598_-1_ATG_86
CP040691	-2735873	TAA	FF955_13315	-2736184	312	CDS		ATG	FF955_13315|CP040691_2736184_2735873_-2_ATG_103
CP040691	-2736354	TGA	FF955_13320	-2736584	231	CDS		TTG	FF955_13320|CP040691_2736584_2736354_-1_TTG_76
CP040691	-2737949	TGA	FF955_13330	-2740810	2862	CDS		GTG	FF955_13330|CP040691_2740810_2737949_-2_GTG_953
CP040691	-2741140	TAG	FF955_13335	-2741550	411	CDS		GTG	FF955_13335|CP040691_2741550_2741140_-3_GTG_136
CP040691	-2741593	TGA	FF955_13340	-2741964	372	CDS		ATG	FF955_13340|CP040691_2741964_2741593_-3_ATG_123
CP040691	-2741961	TGA	FF955_13345	-2743424	1464	CDS		ATG	FF955_13345|CP040691_2743424_2741961_-1_ATG_487
CP040691	-2743421	TGA	FF955_13350	-2746051	2631	CDS		ATG	FF955_13350|CP040691_2746051_2743421_-2_ATG_876
CP040691	-2746139	TGA	FF955_13355	-2747398	1260	CDS		GTG	FF955_13355|CP040691_2747398_2746139_-2_GTG_419
CP040691	-2747488	TGA	FF955_13360	-2748006	519	CDS		TTG	FF955_13360|CP040691_2748006_2747488_-3_TTG_172
CP040691	-2748674	TGA	FF955_13370	-2748820	147	CDS		GTG	FF955_13370|CP040691_2748820_2748674_-2_GTG_48
CP040691	-2748844	TAA	FF955_13375	-2749449	606	CDS		GTG	FF955_13375|CP040691_2749449_2748844_-3_GTG_201
CP040691	-2749451	TGA	FF955_13380	-2750572	1122	CDS		ATG	FF955_13380|CP040691_2750572_2749451_-2_ATG_373
CP040691	-2750569	TGA	FF955_13385	-2752530	1962	CDS		GTG	FF955_13385|CP040691_2752530_2750569_-3_GTG_653
CP040691	-2752762	TGA	FF955_13390	-2754018	1257	CDS		ATG	FF955_13390|CP040691_2754018_2752762_-3_ATG_418
CP040691	-2754034	TAG	FF955_13395	-2755314	1281	CDS		ATG	FF955_13395|CP040691_2755314_2754034_-3_ATG_426
CP040691	-2758357	TGA	FF955_13410	-2759001	645	CDS		GTG	FF955_13410|CP040691_2759001_2758357_-3_GTG_214
CP040691	-2758998	TGA	FF955_13415	-2759600	603	CDS		GTG	FF955_13415|CP040691_2759600_2758998_-1_GTG_200
CP040691	-2759717	TGA	FF955_13420	-2761117	1401	CDS		GTG	FF955_13420|CP040691_2761117_2759717_-2_GTG_466
CP040691	-2762685	TGA	FF955_13440	-2763491	807	CDS		GTG	FF955_13440|CP040691_2763491_2762685_-1_GTG_268
CP040691	-2763497	TGA	FF955_13445	-2763985	489	CDS		ATG	FF955_13445|CP040691_2763985_2763497_-2_ATG_162
CP040691	-2764087	TAG	FF955_13450	-2764710	624	CDS		ATG	FF955_13450|CP040691_2764710_2764087_-3_ATG_207
CP040691	-2767470	TGA	FF955_13460	-2767973	504	CDS		ATG	FF955_13460|CP040691_2767973_2767470_-1_ATG_167
CP040691	-2767924	TGA	FF955_13465	-2768157	234	CDS		ATG	FF955_13465|CP040691_2768157_2767924_-3_ATG_77
CP040691	-2768193	TGA	FF955_13470	-2768861	669	CDS		ATG	FF955_13470|CP040691_2768861_2768193_-1_ATG_222
CP040691	-2772142	TGA	FF955_13495	-2772795	654	CDS		GTG	FF955_13495|CP040691_2772795_2772142_-3_GTG_217
CP040691	-2772801	TAG	FF955_13500	-2773217	417	CDS		GTG	FF955_13500|CP040691_2773217_2772801_-1_GTG_138
CP040691	-2773214	TGA	FF955_13505	-2778088	4875	CDS		ATG	FF955_13505|CP040691_2778088_2773214_-2_ATG_1624
CP040691	-2778192	TAA	FF955_13510	-2779868	1677	CDS		ATG	FF955_13510|CP040691_2779868_2778192_-1_ATG_558
CP040691	-2779949	TAG	FF955_13515	-2780455	507	CDS		ATG	FF955_13515|CP040691_2780455_2779949_-2_ATG_168
CP040691	-2781043	TAG	FF955_13525	-2781366	324	CDS		GTG	FF955_13525|CP040691_2781366_2781043_-3_GTG_107
CP040691	-2781382	TAA	FF955_13530	-2783751	2370	CDS		GTG	FF955_13530|CP040691_2783751_2781382_-3_GTG_789
CP040691	-2783748	TGA	FF955_13535	-2785490	1743	CDS		ATG	FF955_13535|CP040691_2785490_2783748_-1_ATG_580
CP040691	-2785487	TGA	FF955_13540	-2786962	1476	CDS		ATG	FF955_13540|CP040691_2786962_2785487_-2_ATG_491
CP040691	-2787191	TGA	FF955_13545	-2788456	1266	CDS		ATG	FF955_13545|CP040691_2788456_2787191_-2_ATG_421
CP040691	-2789769	TAG	FF955_13560	-2791853	2085	CDS		GTG	FF955_13560|CP040691_2791853_2789769_-1_GTG_694
CP040691	-2791935	TAG	FF955_13565	-2795348	3414	CDS		ATG	FF955_13565|CP040691_2795348_2791935_-1_ATG_1137
CP040691	-2795314	TAG	FF955_13570	-2795613	300	CDS		TTG	FF955_13570|CP040691_2795613_2795314_-3_TTG_99
CP040691	-2795722	TAG	FF955_13575	-2800704	4983	CDS		ATG	FF955_13575|CP040691_2800704_2795722_-3_ATG_1660
CP040691	-2800791	TAG	FF955_13580	-2800997	207	CDS		GTG	FF955_13580|CP040691_2800997_2800791_-1_GTG_68
CP040691	-2803226	TAG	FF955_13605	-2804407	1182	CDS		ATG	FF955_13605|CP040691_2804407_2803226_-2_ATG_393
CP040691	-2804404	TGA	FF955_13610	-2805450	1047	CDS		ATG	FF955_13610|CP040691_2805450_2804404_-3_ATG_348
CP040691	-2805461	TGA	FF955_13615	-2806564	1104	CDS		ATG	FF955_13615|CP040691_2806564_2805461_-2_ATG_367
CP040691	-2806823	TGA	FF955_13620	-2807644	822	CDS		ATG	FF955_13620|CP040691_2807644_2806823_-2_ATG_273
CP040691	-2807641	TGA	FF955_13625	-2808198	558	CDS		GTG	FF955_13625|CP040691_2808198_2807641_-3_GTG_185
CP040691	-2808195	TGA	FF955_13630	-2809379	1185	CDS		ATG	FF955_13630|CP040691_2809379_2808195_-1_ATG_394
CP040691	-2809384	TAG	FF955_13635	-2811348	1965	CDS		ATG	FF955_13635|CP040691_2811348_2809384_-3_ATG_654
CP040691	-2811353	TGA	FF955_13640	-2812942	1590	CDS		GTG	FF955_13640|CP040691_2812942_2811353_-2_GTG_529
CP040691	-2812939	TGA	FF955_13645	-2813595	657	CDS		ATG	FF955_13645|CP040691_2813595_2812939_-3_ATG_218
CP040691	-2813592	TGA	FF955_13650	-2814338	747	CDS		ATG	FF955_13650|CP040691_2814338_2813592_-1_ATG_248
CP040691	-2814421	TGA	FF955_13655	-2816064	1644	CDS		GTG	FF955_13655|CP040691_2816064_2814421_-3_GTG_547
CP040691	-2817724	TAG	FF955_13670	-2819061	1338	CDS		ATG	FF955_13670|CP040691_2819061_2817724_-3_ATG_445
CP040691	-2819956	TGA	FF955_13680	-2821557	1602	CDS		ATG	FF955_13680|CP040691_2821557_2819956_-3_ATG_533
CP040691	-2823024	TAG	FF955_13700	-2824271	1248	CDS		ATG	FF955_13700|CP040691_2824271_2823024_-1_ATG_415
CP040691	-2825345	TGA	FF955_13725	-2825806	462	CDS		GTG	FF955_13725|CP040691_2825806_2825345_-2_GTG_153
CP040691	-2825812	TAA	FF955_13730	-2827059	1248	CDS		GTG	FF955_13730|CP040691_2827059_2825812_-3_GTG_415
CP040691	-2827178	TAG	FF955_13735	-2827981	804	CDS		GTG	FF955_13735|CP040691_2827981_2827178_-2_GTG_267
CP040691	-2827978	TGA	FF955_13740	-2828229	252	CDS		GTG	FF955_13740|CP040691_2828229_2827978_-3_GTG_83
CP040691	-2828171	TGA	FF955_13745	-2828410	240	CDS		GTG	FF955_13745|CP040691_2828410_2828171_-2_GTG_79
CP040691	-2828577	TAA	FF955_13750	-2829803	1227	CDS		ATG	FF955_13750|CP040691_2829803_2828577_-1_ATG_408
CP040691	-2831856	TGA	FF955_13765	-2832083	228	CDS		GTG	FF955_13765|CP040691_2832083_2831856_-1_GTG_75
CP040691	-2832597	TAG	FF955_13775	-2834009	1413	CDS		GTG	FF955_13775|CP040691_2834009_2832597_-1_GTG_470
CP040691	-2834006	TGA	FF955_13780	-2834398	393	CDS		ATG	FF955_13780|CP040691_2834398_2834006_-2_ATG_130
CP040691	-2834591	TGA	FF955_13785	-2843800	9210	CDS		GTG	FF955_13785|CP040691_2843800_2834591_-2_GTG_3069
CP040691	-2844320	TAG	FF955_13795	-2845042	723	CDS		ATG	FF955_13795|CP040691_2845042_2844320_-2_ATG_240
CP040691	-2846214	TAA	FF955_13815	-2847134	921	CDS		ATG	FF955_13815|CP040691_2847134_2846214_-1_ATG_306
CP040691	-2848730	TAG	FF955_13825	-2849149	420	CDS		GTG	FF955_13825|CP040691_2849149_2848730_-2_GTG_139
CP040691	-2849146	TGA	FF955_13830	-2849370	225	CDS		ATG	FF955_13830|CP040691_2849370_2849146_-3_ATG_74
CP040691	-2849401	TGA	FF955_13835	-2852244	2844	CDS		ATG	FF955_13835|CP040691_2852244_2849401_-3_ATG_947
CP040691	-2852316	TGA	FF955_13840	-2852717	402	CDS		ATG	FF955_13840|CP040691_2852717_2852316_-1_ATG_133
CP040691	-2852717	TGA	FF955_13845	-2853187	471	CDS		ATG	FF955_13845|CP040691_2853187_2852717_-2_ATG_156
CP040691	-2853190	TGA	FF955_13850	-2853753	564	CDS		GTG	FF955_13850|CP040691_2853753_2853190_-3_GTG_187
CP040691	-2853763	TAG	FF955_13855	-2854881	1119	CDS		GTG	FF955_13855|CP040691_2854881_2853763_-3_GTG_372
CP040691	-2855611	TGA	FF955_13865	-2856054	444	CDS		ATG	FF955_13865|CP040691_2856054_2855611_-3_ATG_147
CP040691	-2856051	TGA	FF955_13870	-2857139	1089	CDS		ATG	FF955_13870|CP040691_2857139_2856051_-1_ATG_362
CP040691	-2857136	TGA	FF955_13875	-2857666	531	CDS		ATG	FF955_13875|CP040691_2857666_2857136_-2_ATG_176
CP040691	-2857670	TAA	FF955_13880	-2858875	1206	CDS		GTG	FF955_13880|CP040691_2858875_2857670_-2_GTG_401
CP040691	-2860716	TGA	FF955_13895	-2860943	228	CDS		GTG	FF955_13895|CP040691_2860943_2860716_-1_GTG_75
CP040691	-2863715	TGA	FF955_13930	-2864089	375	CDS		GTG	FF955_13930|CP040691_2864089_2863715_-2_GTG_124
CP040691	-2864189	TAG	FF955_13935	-2864584	396	CDS		ATG	FF955_13935|CP040691_2864584_2864189_-2_ATG_131
CP040691	-2864581	TGA	FF955_13940	-2864826	246	CDS		ATG	FF955_13940|CP040691_2864826_2864581_-3_ATG_81
CP040691	-2864944	TAG	FF955_13945	-2865153	210	CDS		TTG	FF955_13945|CP040691_2865153_2864944_-3_TTG_69
CP040691	-2865237	TGA	FF955_13950	-2865656	420	CDS		ATG	FF955_13950|CP040691_2865656_2865237_-1_ATG_139
CP040691	-2865668	TAG	FF955_13955	-2866477	810	CDS		ATG	FF955_13955|CP040691_2866477_2865668_-2_ATG_269
CP040691	-2866474	TGA	FF955_13960	-2867727	1254	CDS		ATG	FF955_13960|CP040691_2867727_2866474_-3_ATG_417
CP040691	-2867720	TGA	FF955_13965	-2868232	513	CDS		GTG	FF955_13965|CP040691_2868232_2867720_-2_GTG_170
CP040691	-2868233	TGA	FF955_13970	-2870947	2715	CDS		GTG	FF955_13970|CP040691_2870947_2868233_-2_GTG_904
CP040691	-2871038	TGA	FF955_13975	-2871427	390	CDS		GTG	FF955_13975|CP040691_2871427_2871038_-2_GTG_129
CP040691	-2873033	TGA	FF955_13990	-2874391	1359	CDS		ATG	FF955_13990|CP040691_2874391_2873033_-2_ATG_452
CP040691	-2875427	TAG	FF955_14000	-2875750	324	CDS		GTG	FF955_14000|CP040691_2875750_2875427_-2_GTG_107
CP040691	-2875769	TAA	FF955_14005	-2875957	189	CDS		GTG	FF955_14005|CP040691_2875957_2875769_-2_GTG_62
CP040691	-2886907	TAG	FF955_14040	-2887932	1026	CDS		ATG	FF955_14040|CP040691_2887932_2886907_-3_ATG_341
CP040691	-2887925	TGA	FF955_14045	-2888869	945	CDS		TTG	FF955_14045|CP040691_2888869_2887925_-2_TTG_314
CP040691	-2889354	TGA	FF955_14055	-2890421	1068	CDS		ATG	FF955_14055|CP040691_2890421_2889354_-1_ATG_355
CP040691	-2890474	TGA	FF955_14060	-2892264	1791	CDS		GTG	FF955_14060|CP040691_2892264_2890474_-3_GTG_596
CP040691	-2894687	TAA	FF955_14080	-2895151	465	CDS		GTG	FF955_14080|CP040691_2895151_2894687_-2_GTG_154
CP040691	-2896970	TGA	FF955_14090	-2897992	1023	CDS		ATG	FF955_14090|CP040691_2897992_2896970_-2_ATG_340
CP040691	-2899282	TAG	FF955_14100	-2900553	1272	CDS		GTG	FF955_14100|CP040691_2900553_2899282_-3_GTG_423
CP040691	-2900550	TGA	FF955_14105	-2901224	675	CDS		GTG	FF955_14105|CP040691_2901224_2900550_-1_GTG_224
CP040691	-2902287	TAG	FF955_14115	-2904659	2373	CDS		GTG	FF955_14115|CP040691_2904659_2902287_-1_GTG_790
CP040691	-2904690	TGA	FF955_14120	-2905361	672	CDS		GTG	FF955_14120|CP040691_2905361_2904690_-1_GTG_223
CP040691	-2905465	TGA	FF955_14125	-2907138	1674	CDS		GTG	FF955_14125|CP040691_2907138_2905465_-3_GTG_557
CP040691	-2907144	TAG	FF955_14130	-2908472	1329	CDS		ATG	FF955_14130|CP040691_2908472_2907144_-1_ATG_442
CP040691	-2908476	TAG	FF955_14135	-2910197	1722	CDS		GTG	FF955_14135|CP040691_2910197_2908476_-1_GTG_573
CP040691	-2910307	TGA	FF955_14140	-2910654	348	CDS		ATG	FF955_14140|CP040691_2910654_2910307_-3_ATG_115
CP040691	-2910683	TGA	FF955_14145	-2910892	210	CDS		GTG	FF955_14145|CP040691_2910892_2910683_-2_GTG_69
CP040691	-2917660	TAG	FF955_14165	-2918694	1035	CDS		ATG	FF955_14165|CP040691_2918694_2917660_-3_ATG_344
CP040691	-2918691	TGA	FF955_14170	-2919281	591	CDS		ATG	FF955_14170|CP040691_2919281_2918691_-1_ATG_196
CP040691	-2919278	TGA	FF955_14175	-2919844	567	CDS		GTG	FF955_14175|CP040691_2919844_2919278_-2_GTG_188
CP040691	-2925266	TGA	FF955_14225	-2926021	756	CDS		ATG	FF955_14225|CP040691_2926021_2925266_-2_ATG_251
CP040691	-2926154	TGA	FF955_14230	-2926750	597	CDS		GTG	FF955_14230|CP040691_2926750_2926154_-2_GTG_198
CP040691	-2926758	TGA	FF955_14235	-2927603	846	CDS		GTG	FF955_14235|CP040691_2927603_2926758_-1_GTG_281
CP040691	-2927632	TGA	FF955_14240	-2928531	900	CDS		ATG	FF955_14240|CP040691_2928531_2927632_-3_ATG_299
CP040691	-2931271	TGA	FF955_14255	-2932326	1056	CDS		ATG	FF955_14255|CP040691_2932326_2931271_-3_ATG_351
CP040691	-2932326	TGA	FF955_14260	-2933462	1137	CDS		ATG	FF955_14260|CP040691_2933462_2932326_-1_ATG_378
CP040691	-2933473	TGA	FF955_14265	-2934423	951	CDS		GTG	FF955_14265|CP040691_2934423_2933473_-3_GTG_316
CP040691	-2934420	TGA	FF955_14270	-2935073	654	CDS		ATG	FF955_14270|CP040691_2935073_2934420_-1_ATG_217
CP040691	-2935070	TGA	FF955_14275	-2935657	588	CDS		GTG	FF955_14275|CP040691_2935657_2935070_-2_GTG_195
CP040691	-2935650	TGA	FF955_14280	-2937728	2079	CDS		ATG	FF955_14280|CP040691_2937728_2935650_-1_ATG_692
CP040691	-2938061	TAA	FF955_14290	-2939446	1386	CDS		ATG	FF955_14290|CP040691_2939446_2938061_-2_ATG_461
CP040691	-2940308	TAA	FF955_14300	-2940748	441	CDS		ATG	FF955_14300|CP040691_2940748_2940308_-2_ATG_146
CP040691	-2941557	TGA	FF955_14310	-2941910	354	CDS		ATG	FF955_14310|CP040691_2941910_2941557_-1_ATG_117
CP040691	-2941923	TGA	FF955_14315	-2942348	426	CDS		GTG	FF955_14315|CP040691_2942348_2941923_-1_GTG_141
CP040691	-2942345	TGA	FF955_14320	-2943019	675	CDS		ATG	FF955_14320|CP040691_2943019_2942345_-2_ATG_224
CP040691	-2944950	TGA	FF955_14335	-2945784	835	CDS	true	ATG	FF955_14335_p|CP040691_2945784_2944950_-3_ATG_278
CP040691	-2945799	TGA	FF955_14340	-2946980	1182	CDS		ATG	FF955_14340|CP040691_2946980_2945799_-1_ATG_393
CP040691	-2947039	TAG	FF955_14345	-2947470	432	CDS		ATG	FF955_14345|CP040691_2947470_2947039_-3_ATG_143
CP040691	-2947984	TAA	FF955_14350	-2949225	1242	CDS		ATG	FF955_14350|CP040691_2949225_2947984_-3_ATG_413
CP040691	-2953386	TGA	FF955_14375	-2953667	282	CDS		ATG	FF955_14375|CP040691_2953667_2953386_-1_ATG_93
CP040691	-2953812	TAG	FF955_14380	-2954297	486	CDS		GTG	FF955_14380|CP040691_2954297_2953812_-1_GTG_161
CP040691	-2954324	TGA	FF955_14385	-2954581	258	CDS		TTG	FF955_14385|CP040691_2954581_2954324_-2_TTG_85
CP040691	-2954582	TAG	FF955_14390	-2956918	2337	CDS		ATG	FF955_14390|CP040691_2956918_2954582_-2_ATG_778
CP040691	-2959503	TGA	FF955_14415	-2959835	333	CDS		ATG	FF955_14415|CP040691_2959835_2959503_-1_ATG_110
CP040691	-2959955	TGA	FF955_14420	-2960314	360	CDS		ATG	FF955_14420|CP040691_2960314_2959955_-2_ATG_119
CP040691	-2966914	TAG	FF955_14490	-2968353	1440	CDS		ATG	FF955_14490|CP040691_2968353_2966914_-3_ATG_479
CP040691	-2968361	TAA	FF955_14495	-2968894	534	CDS		TTG	FF955_14495|CP040691_2968894_2968361_-2_TTG_177
CP040691	-2969047	TGA	FF955_14500	-2969673	627	CDS		TTG	FF955_14500|CP040691_2969673_2969047_-3_TTG_208
CP040691	-2969705	TGA	FF955_14505	-2970028	324	CDS		TTG	FF955_14505|CP040691_2970028_2969705_-2_TTG_107
CP040691	-2970108	TGA	FF955_14510	-2970353	246	CDS		ATG	FF955_14510|CP040691_2970353_2970108_-1_ATG_81
CP040691	-2970350	TGA	FF955_14515	-2971777	1428	CDS		ATG	FF955_14515|CP040691_2971777_2970350_-2_ATG_475
CP040691	-2971779	TGA	FF955_14520	-2972171	393	CDS		ATG	FF955_14520|CP040691_2972171_2971779_-1_ATG_130
CP040691	-2972168	TGA	FF955_14525	-2972428	261	CDS		ATG	FF955_14525|CP040691_2972428_2972168_-2_ATG_86
CP040691	-2972445	TAA	FF955_14530	-2972807	363	CDS		ATG	FF955_14530|CP040691_2972807_2972445_-1_ATG_120
CP040691	-2972810	TGA	FF955_14535	-2973937	1128	CDS		GTG	FF955_14535|CP040691_2973937_2972810_-2_GTG_375
CP040691	-2974082	TAG	FF955_14540	-2974309	228	CDS		GTG	FF955_14540|CP040691_2974309_2974082_-2_GTG_75
CP040691	-2974306	TGA	FF955_14545	-2974695	390	CDS		ATG	FF955_14545|CP040691_2974695_2974306_-3_ATG_129
CP040691	-2975467	TAG	FF955_14565	-2975640	174	CDS		GTG	FF955_14565|CP040691_2975640_2975467_-3_GTG_57
CP040691	-2976056	CGC	FF955_14575	-2976190	135	CDS	true	TTG	FF955_14575_p|CP040691_2976190_2976056_-2_TTG_45
CP040691	-2978850	TGA	FF955_14600	-2979959	1110	CDS		ATG	FF955_14600|CP040691_2979959_2978850_-1_ATG_369
CP040691	-2983627	TAG	FF955_14620	-2983806	180	CDS		ATG	FF955_14620|CP040691_2983806_2983627_-3_ATG_59
CP040691	-2984358	TGA	FF955_14630	-2985110	753	CDS		ATG	FF955_14630|CP040691_2985110_2984358_-1_ATG_250
CP040691	-2985107	TGA	FF955_14635	-2985802	696	CDS		ATG	FF955_14635|CP040691_2985802_2985107_-2_ATG_231
CP040691	-2985808	TAG	FF955_14640	-2987166	1359	CDS		ATG	FF955_14640|CP040691_2987166_2985808_-3_ATG_452
CP040691	-2987163	TGA	FF955_14645	-2988236	1074	CDS		ATG	FF955_14645|CP040691_2988236_2987163_-1_ATG_357
CP040691	-2991430	TAA	FF955_14670	-2993346	1917	CDS		ATG	FF955_14670|CP040691_2993346_2991430_-3_ATG_638
CP040691	-2996658	TGA	FF955_14695	-2997416	759	CDS		GTG	FF955_14695|CP040691_2997416_2996658_-1_GTG_252
CP040691	-2997413	TGA	FF955_14700	-2998126	714	CDS		ATG	FF955_14700|CP040691_2998126_2997413_-2_ATG_237
CP040691	-2998123	TGA	FF955_14705	-2999028	906	CDS		ATG	FF955_14705|CP040691_2999028_2998123_-3_ATG_301
CP040691	-2999223	TAG	FF955_14710	-3000440	1218	CDS		GTG	FF955_14710|CP040691_3000440_2999223_-1_GTG_405
CP040691	-3000614	TGA	FF955_14720	-3002587	1974	CDS		GTG	FF955_14720|CP040691_3002587_3000614_-2_GTG_657
CP040691	-3004075	TAG	FF955_14735	-3004746	672	CDS		GTG	FF955_14735|CP040691_3004746_3004075_-3_GTG_223
CP040691	-3004777	TGA	FF955_14740	-3005145	369	CDS		ATG	FF955_14740|CP040691_3005145_3004777_-3_ATG_122
CP040691	-3006207	TAG	FF955_14750	-3006986	780	CDS		ATG	FF955_14750|CP040691_3006986_3006207_-1_ATG_259
CP040691	-3007061	TGA	FF955_14755	-3007525	465	CDS		GTG	FF955_14755|CP040691_3007525_3007061_-2_GTG_154
CP040691	-3008041	TGA	FF955_14765	-3008343	303	CDS		ATG	FF955_14765|CP040691_3008343_3008041_-3_ATG_100
CP040691	-3009241	TGA	FF955_14775	-3010113	873	CDS		GTG	FF955_14775|CP040691_3010113_3009241_-3_GTG_290
CP040691	-3013192	TAG	FF955_14795	-3013581	390	CDS		GTG	FF955_14795|CP040691_3013581_3013192_-3_GTG_129
CP040691	-3013578	TGA	FF955_14800	-3013835	258	CDS		GTG	FF955_14800|CP040691_3013835_3013578_-1_GTG_85
CP040691	-3014926	TGA	FF955_14810	-3015174	249	CDS		ATG	FF955_14810|CP040691_3015174_3014926_-3_ATG_82
CP040691	-3017639	TAG	FF955_14830	-3018697	1059	CDS		ATG	FF955_14830|CP040691_3018697_3017639_-2_ATG_352
CP040691	-3023236	TGA	FF955_14855	-3023730	495	CDS		ATG	FF955_14855|CP040691_3023730_3023236_-3_ATG_164
CP040691	-3023782	TGA	FF955_14860	-3024246	465	CDS		ATG	FF955_14860|CP040691_3024246_3023782_-3_ATG_154
CP040691	-3024409	TGA	FF955_14865	-3024906	498	CDS		ATG	FF955_14865|CP040691_3024906_3024409_-3_ATG_165
CP040691	-3025889	TGA	FF955_14875	-3027988	2100	CDS		GTG	FF955_14875|CP040691_3027988_3025889_-2_GTG_699
CP040691	-3029500	TAG	FF955_14890	-3030660	1161	CDS		ATG	FF955_14890|CP040691_3030660_3029500_-3_ATG_386
CP040691	-3030796	TAA	FF955_14895	-3032283	1488	CDS		ATG	FF955_14895|CP040691_3032283_3030796_-3_ATG_495
CP040691	-3032300	TGA	FF955_14900	-3033169	870	CDS		ATG	FF955_14900|CP040691_3033169_3032300_-2_ATG_289
CP040691	-3033194	TGA	FF955_14905	-3034138	945	CDS		GTG	FF955_14905|CP040691_3034138_3033194_-2_GTG_314
CP040691	-3034135	TGA	FF955_14910	-3034830	696	CDS		GTG	FF955_14910|CP040691_3034830_3034135_-3_GTG_231
CP040691	-3034939	TGA	FF955_14915	-3035844	906	CDS		ATG	FF955_14915|CP040691_3035844_3034939_-3_ATG_301
CP040691	-3037744	TAG	FF955_14930	-3038358	615	CDS		ATG	FF955_14930|CP040691_3038358_3037744_-3_ATG_204
CP040691	-3038355	TGA	FF955_14935	-3039893	1539	CDS		ATG	FF955_14935|CP040691_3039893_3038355_-1_ATG_512
CP040691	-3040929	TAA	FF955_14950	-3041921	993	CDS		ATG	FF955_14950|CP040691_3041921_3040929_-1_ATG_330
CP040691	-3041931	TAA	FF955_14955	-3042455	525	CDS		ATG	FF955_14955|CP040691_3042455_3041931_-1_ATG_174
CP040691	-3042421	TGA	FF955_14960	-3044793	2373	CDS		ATG	FF955_14960|CP040691_3044793_3042421_-3_ATG_790
CP040691	-3045175	TGA	FF955_14970	-3045381	207	CDS		ATG	FF955_14970|CP040691_3045381_3045175_-3_ATG_68
CP040691	-3045392	TAG	FF955_14975	-3046558	1167	CDS		ATG	FF955_14975|CP040691_3046558_3045392_-2_ATG_388
CP040691	-3048884	TGA	FF955_14995	-3049717	834	CDS		GTG	FF955_14995|CP040691_3049717_3048884_-2_GTG_277
CP040691	-3049789	TAG	FF955_15000	-3050601	813	CDS		ATG	FF955_15000|CP040691_3050601_3049789_-3_ATG_270
CP040691	-3050620	TAG	FF955_15005	-3051432	813	CDS		ATG	FF955_15005|CP040691_3051432_3050620_-3_ATG_270
CP040691	-3051562	TAA	FF955_15010	-3051900	339	CDS		ATG	FF955_15010|CP040691_3051900_3051562_-3_ATG_112
CP040691	-3051971	TGA	FF955_15015	-3052600	630	CDS		ATG	FF955_15015|CP040691_3052600_3051971_-2_ATG_209
CP040691	-3053224	TAG	FF955_15025	-3055875	2652	CDS		ATG	FF955_15025|CP040691_3055875_3053224_-3_ATG_883
CP040691	-3057884	TAA	FF955_15045	-3059560	1677	CDS		GTG	FF955_15045|CP040691_3059560_3057884_-2_GTG_558
CP040691	-3059591	TGA	FF955_15050	-3060493	903	CDS		GTG	FF955_15050|CP040691_3060493_3059591_-2_GTG_300
CP040691	-3060562	TGA	FF955_15055	-3061314	753	CDS		GTG	FF955_15055|CP040691_3061314_3060562_-3_GTG_250
CP040691	-3061558	TAG	FF955_15060	-3061833	276	CDS		ATG	FF955_15060|CP040691_3061833_3061558_-3_ATG_91
CP040691	-3061830	TGA	FF955_15065	-3063452	1623	CDS		ATG	FF955_15065|CP040691_3063452_3061830_-1_ATG_540
CP040691	-3063539	TGA	FF955_15070	-3063955	417	CDS		ATG	FF955_15070|CP040691_3063955_3063539_-2_ATG_138
CP040691	-3063952	TGA	FF955_15075	-3064218	267	CDS		ATG	FF955_15075|CP040691_3064218_3063952_-3_ATG_88
CP040691	-3064244	TGA	FF955_15080	-3064639	396	CDS		GTG	FF955_15080|CP040691_3064639_3064244_-2_GTG_131
CP040691	-3064636	TGA	FF955_15085	-3064905	270	CDS		ATG	FF955_15085|CP040691_3064905_3064636_-3_ATG_89
CP040691	-3064915	TAG	FF955_15090	-3066009	1095	CDS		ATG	FF955_15090|CP040691_3066009_3064915_-3_ATG_364
CP040691	-3066006	TGA	FF955_15095	-3066425	420	CDS		ATG	FF955_15095|CP040691_3066425_3066006_-1_ATG_139
CP040691	-3066499	TGA	FF955_15100	-3066978	480	CDS		ATG	FF955_15100|CP040691_3066978_3066499_-3_ATG_159
CP040691	-3067049	TGA	FF955_15105	-3067849	801	CDS		GTG	FF955_15105|CP040691_3067849_3067049_-2_GTG_266
CP040691	-3068957	TGA	FF955_15115	-3069739	783	CDS		ATG	FF955_15115|CP040691_3069739_3068957_-2_ATG_260
CP040691	-3069736	TGA	FF955_15120	-3070089	354	CDS		ATG	FF955_15120|CP040691_3070089_3069736_-3_ATG_117
CP040691	-3069972	TAA	FF955_15125	-3070262	291	CDS		TTG	FF955_15125|CP040691_3070262_3069972_-1_TTG_96
CP040691	-3070263	TGA	FF955_15130	-3071447	1185	CDS		ATG	FF955_15130|CP040691_3071447_3070263_-1_ATG_394
CP040691	-3071527	TAG	FF955_15135	-3072354	828	CDS		ATG	FF955_15135|CP040691_3072354_3071527_-3_ATG_275
CP040691	-3072678	TGA	FF955_15140	-3073826	1149	CDS		GTG	FF955_15140|CP040691_3073826_3072678_-1_GTG_382
CP040691	-3073950	TGA	FF955_15145	-3074402	453	CDS		GTG	FF955_15145|CP040691_3074402_3073950_-1_GTG_150
CP040691	-3074488	TGA	FF955_15150	-3074961	474	CDS		ATG	FF955_15150|CP040691_3074961_3074488_-3_ATG_157
CP040691	-3074973	TGA	FF955_15155	-3075710	738	CDS		ATG	FF955_15155|CP040691_3075710_3074973_-1_ATG_245
CP040691	-3075721	TAG	FF955_15160	-3076125	405	CDS		GTG	FF955_15160|CP040691_3076125_3075721_-3_GTG_134
CP040691	-3076743	TGA	FF955_15170	-3077672	930	CDS		GTG	FF955_15170|CP040691_3077672_3076743_-1_GTG_309
CP040691	-3077854	TGA	FF955_15175	-3078924	1071	CDS		GTG	FF955_15175|CP040691_3078924_3077854_-3_GTG_356
CP040691	-3079082	TAG	FF955_15180	-3079552	471	CDS		ATG	FF955_15180|CP040691_3079552_3079082_-2_ATG_156
CP040691	-3079584	TAG	FF955_15185	-3080123	540	CDS		ATG	FF955_15185|CP040691_3080123_3079584_-1_ATG_179
CP040691	-3081319	TAA	FF955_15195	-3082353	1035	CDS		ATG	FF955_15195|CP040691_3082353_3081319_-3_ATG_344
CP040691	-3082414	TAG	FF955_15200	-3083730	1317	CDS		ATG	FF955_15200|CP040691_3083730_3082414_-3_ATG_438
CP040691	-3083708	TGA	FF955_15205	-3085966	2259	CDS		ATG	FF955_15205|CP040691_3085966_3083708_-2_ATG_752
CP040691	-3086320	TGA	FF955_15210	-3086835	516	CDS		ATG	FF955_15210|CP040691_3086835_3086320_-3_ATG_171
CP040691	-3086848	TGA	FF955_15215	-3087117	270	CDS		GTG	FF955_15215|CP040691_3087117_3086848_-3_GTG_89
CP040691	-3087274	TGA	FF955_15220	-3088269	996	CDS		GTG	FF955_15220|CP040691_3088269_3087274_-3_GTG_331
CP040691	-3091075	TAA	FF955_15235	-3092307	1233	CDS		ATG	FF955_15235|CP040691_3092307_3091075_-3_ATG_410
CP040691	-3092333	TGA	FF955_15240	-3093538	1206	CDS		ATG	FF955_15240|CP040691_3093538_3092333_-2_ATG_401
CP040691	-3093571	TGA	FF955_15245	-3094950	1380	CDS		ATG	FF955_15245|CP040691_3094950_3093571_-3_ATG_459
CP040691	-3094950	TGA	FF955_15250	-3095531	582	CDS		ATG	FF955_15250|CP040691_3095531_3094950_-1_ATG_193
CP040691	-3095733	TAG	FF955_15255	-3096629	897	CDS		ATG	FF955_15255|CP040691_3096629_3095733_-1_ATG_298
CP040691	-3096626	TGA	FF955_15260	-3097309	684	CDS		ATG	FF955_15260|CP040691_3097309_3096626_-2_ATG_227
CP040691	-3097306	TGA	FF955_15265	-3098280	975	CDS		GTG	FF955_15265|CP040691_3098280_3097306_-3_GTG_324
CP040691	-3098425	TAG	FF955_15270	-3098988	564	CDS		ATG	FF955_15270|CP040691_3098988_3098425_-3_ATG_187
CP040691	-3098988	TGA	FF955_15275	-3100676	1689	CDS		GTG	FF955_15275|CP040691_3100676_3098988_-1_GTG_562
CP040691	-3100680	TGA	FF955_15280	-3101006	327	CDS		GTG	FF955_15280|CP040691_3101006_3100680_-1_GTG_108
CP040691	-3103536	TAG	FF955_15295	-3103892	357	CDS		GTG	FF955_15295|CP040691_3103892_3103536_-1_GTG_118
CP040691	-3103876	TGA	FF955_15300	-3104106	231	CDS		GTG	FF955_15300|CP040691_3104106_3103876_-3_GTG_76
CP040691	-3104149	TGA	FF955_15305	-3105192	1044	CDS		ATG	FF955_15305|CP040691_3105192_3104149_-3_ATG_347
CP040691	-3109099	TGA	FF955_15345	-3110360	1263	fCDS		ATG	FF955_15345_fCDS|CP040691_3110360_3109099_-1_ATG_420
CP040691	-3110468	TGA	FF955_15350	-3110740	273	CDS	true	CGG	FF955_15350_p|CP040691_3110740_3110468_-2_CGG_90
CP040691	-3116391	GAA	FF955_15375	-3116735	345	CDS	true	ATG	FF955_15375_p|CP040691_3116735_3116391_-1_ATG_115
CP040691	-3116716	TAG	FF955_15380	-3117426	711	CDS		ATG	FF955_15380|CP040691_3117426_3116716_-3_ATG_236
CP040691	-3117436	TGA	FF955_15385	-3117810	375	CDS		ATG	FF955_15385|CP040691_3117810_3117436_-3_ATG_124
CP040691	-3117807	TGA	FF955_15390	-3120245	2439	CDS		ATG	FF955_15390|CP040691_3120245_3117807_-1_ATG_812
CP040691	-3120242	TGA	FF955_15395	-3121186	945	CDS		TTG	FF955_15395|CP040691_3121186_3120242_-2_TTG_314
CP040691	-3121364	TGA	FF955_15400	-3121909	546	CDS		GTG	FF955_15400|CP040691_3121909_3121364_-2_GTG_181
CP040691	-3122181	TGA	FF955_15405	-3123065	885	CDS		GTG	FF955_15405|CP040691_3123065_3122181_-1_GTG_294
CP040691	-3123068	TGA	FF955_15410	-3123955	888	CDS		GTG	FF955_15410|CP040691_3123955_3123068_-2_GTG_295
CP040691	-3124260	TGA	FF955_15415	-3124805	546	CDS		GTG	FF955_15415|CP040691_3124805_3124260_-1_GTG_181
CP040691	-3124802	TGA	FF955_15420	-3125071	270	CDS		ATG	FF955_15420|CP040691_3125071_3124802_-2_ATG_89
CP040691	-3125092	TAG	FF955_15425	-3125484	393	CDS		ATG	FF955_15425|CP040691_3125484_3125092_-3_ATG_130
CP040691	-3125481	TGA	FF955_15430	-3125696	216	CDS		ATG	FF955_15430|CP040691_3125696_3125481_-1_ATG_71
CP040691	-3126472	TGA	FF955_15440	-3127554	1083	CDS		ATG	FF955_15440|CP040691_3127554_3126472_-3_ATG_360
CP040691	-3127547	TAA	FF955_15445	-3128857	1311	CDS		ATG	FF955_15445|CP040691_3128857_3127547_-2_ATG_436
CP040691	-3128860	TAG	FF955_15450	-3129687	828	CDS		GTG	FF955_15450|CP040691_3129687_3128860_-3_GTG_275
CP040691	-3129684	TGA	FF955_15455	-3130595	912	CDS		ATG	FF955_15455|CP040691_3130595_3129684_-1_ATG_303
CP040691	-3130682	TAG	FF955_15460	-3132001	1320	CDS		TTG	FF955_15460|CP040691_3132001_3130682_-2_TTG_439
CP040691	-3132008	TAG	FF955_15465	-3133018	1011	CDS		GTG	FF955_15465|CP040691_3133018_3132008_-2_GTG_336
CP040691	-3132993	TGA	FF955_15470	-3133544	552	CDS		ATG	FF955_15470|CP040691_3133544_3132993_-1_ATG_183
CP040691	-3133544	TGA	FF955_15475	-3136246	2703	CDS		GTG	FF955_15475|CP040691_3136246_3133544_-2_GTG_900
CP040691	-3136332	TGA	FF955_15480	-3136631	300	CDS		GTG	FF955_15480|CP040691_3136631_3136332_-1_GTG_99
CP040691	-3136758	TAG	FF955_15485	-3137801	1044	CDS		ATG	FF955_15485|CP040691_3137801_3136758_-1_ATG_347
CP040691	-3137798	TGA	FF955_15490	-3138349	552	CDS		GTG	FF955_15490|CP040691_3138349_3137798_-2_GTG_183
CP040691	-3139575	TAG	FF955_15505	-3141323	1749	CDS		GTG	FF955_15505|CP040691_3141323_3139575_-1_GTG_582
CP040691	-3141412	TAA	FF955_15510	-3143004	1593	CDS		ATG	FF955_15510|CP040691_3143004_3141412_-3_ATG_530
CP040691	-3143027	TAA	FF955_15515	-3144244	1218	CDS		GTG	FF955_15515|CP040691_3144244_3143027_-2_GTG_405
CP040691	-3144521	TAA	FF955_15520	-3145895	1375	CDS	true	ATG	FF955_15520_p|CP040691_3145895_3144521_-1_ATG_458
CP040691	-3145895	TGA	FF955_15525	-3146518	624	CDS		ATG	FF955_15525|CP040691_3146518_3145895_-2_ATG_207
CP040691	-3146539	TGA	FF955_15530	-3148428	1890	CDS		GTG	FF955_15530|CP040691_3148428_3146539_-3_GTG_629
CP040691	-3148425	TGA	FF955_15535	-3148895	471	CDS		ATG	FF955_15535|CP040691_3148895_3148425_-1_ATG_156
CP040691	-3148954	TGA	FF955_15540	-3150435	1482	CDS		GTG	FF955_15540|CP040691_3150435_3148954_-3_GTG_493
CP040691	-3156957	TGA	FF955_15580	-3157733	777	CDS		GTG	FF955_15580|CP040691_3157733_3156957_-1_GTG_258
CP040691	-3157730	TGA	FF955_15585	-3159097	1368	CDS		ATG	FF955_15585|CP040691_3159097_3157730_-2_ATG_455
CP040691	-3159094	TGA	FF955_15590	-3160020	927	CDS		GTG	FF955_15590|CP040691_3160020_3159094_-3_GTG_308
CP040691	-3160001	TAG	FF955_15595	-3161374	1374	CDS		GTG	FF955_15595|CP040691_3161374_3160001_-2_GTG_457
CP040691	-3161534	TAG	FF955_15600	-3162391	858	CDS		ATG	FF955_15600|CP040691_3162391_3161534_-2_ATG_285
CP040691	-3162433	TGA	FF955_15605	-3163017	585	CDS		ATG	FF955_15605|CP040691_3163017_3162433_-3_ATG_194
CP040691	-3163827	TAG	FF955_15620	-3165638	1812	CDS		ATG	FF955_15620|CP040691_3165638_3163827_-1_ATG_603
CP040691	-3166831	TGA	FF955_15635	-3167685	855	CDS		ATG	FF955_15635|CP040691_3167685_3166831_-3_ATG_284
CP040691	-3167741	TGA	FF955_15640	-3168904	1164	CDS		GTG	FF955_15640|CP040691_3168904_3167741_-2_GTG_387
CP040691	-3168921	TAG	FF955_15645	-3170135	1215	CDS		ATG	FF955_15645|CP040691_3170135_3168921_-1_ATG_404
CP040691	-3170143	TGA	FF955_15650	-3171384	1242	CDS		GTG	FF955_15650|CP040691_3171384_3170143_-3_GTG_413
CP040691	-3176381	TGA	FF955_15690	-3177244	864	CDS		GTG	FF955_15690|CP040691_3177244_3176381_-2_GTG_287
CP040691	-3177249	TGA	FF955_15695	-3177770	522	CDS		ATG	FF955_15695|CP040691_3177770_3177249_-1_ATG_173
CP040691	-3177956	TAG	FF955_15700	-3179050	1095	CDS		ATG	FF955_15700|CP040691_3179050_3177956_-2_ATG_364
CP040691	-3179073	TGA	FF955_15705	-3179993	921	CDS		GTG	FF955_15705|CP040691_3179993_3179073_-1_GTG_306
CP040691	-3180016	TAG	FF955_15710	-3180573	558	CDS		ATG	FF955_15710|CP040691_3180573_3180016_-3_ATG_185
CP040691	-3180566	TGA	FF955_15715	-3180679	114	CDS		ATG	FF955_15715|CP040691_3180679_3180566_-2_ATG_37
CP040691	-3180695	TGA	FF955_15720	-3180838	144	CDS		CTG	FF955_15720|CP040691_3180838_3180695_-2_CTG_47
CP040691	-3180851	TAA	FF955_15725	-3181636	786	CDS		ATG	FF955_15725|CP040691_3181636_3180851_-2_ATG_261
CP040691	-3182708	TGA	FF955_15735	-3184027	1320	CDS		GTG	FF955_15735|CP040691_3184027_3182708_-2_GTG_439
CP040691	-3184024	TGA	FF955_15740	-3184911	888	CDS		ATG	FF955_15740|CP040691_3184911_3184024_-3_ATG_295
CP040691	-3185343	TAG	FF955_15750	-3186764	1422	CDS		ATG	FF955_15750|CP040691_3186764_3185343_-1_ATG_473
CP040691	-3186771	TAG	FF955_15755	-3187586	816	CDS		ATG	FF955_15755|CP040691_3187586_3186771_-1_ATG_271
CP040691	-3187598	TAG	FF955_15760	-3188461	864	CDS		ATG	FF955_15760|CP040691_3188461_3187598_-2_ATG_287
CP040691	-3189273	TAG	FF955_15770	-3190499	1227	CDS		TTG	FF955_15770|CP040691_3190499_3189273_-1_TTG_408
CP040691	-3191873	TAG	FF955_15780	-3192769	897	CDS		GTG	FF955_15780|CP040691_3192769_3191873_-2_GTG_298
CP040691	-3192860	TAG	FF955_15785	-3193711	852	CDS		GTG	FF955_15785|CP040691_3193711_3192860_-2_GTG_283
CP040691	-3193744	TAG	FF955_15790	-3194913	1170	CDS		ATG	FF955_15790|CP040691_3194913_3193744_-3_ATG_389
CP040691	-3194910	TGA	FF955_15795	-3196421	1512	CDS		ATG	FF955_15795|CP040691_3196421_3194910_-1_ATG_503
CP040691	-3196421	TGA	FF955_15800	-3196807	387	CDS		ATG	FF955_15800|CP040691_3196807_3196421_-2_ATG_128
CP040691	-3197055	TAA	FF955_15805	-3197885	831	CDS		GTG	FF955_15805|CP040691_3197885_3197055_-1_GTG_276
CP040691	-3197885	TAG	FF955_15810	-3200224	2340	CDS		ATG	FF955_15810|CP040691_3200224_3197885_-2_ATG_779
CP040691	-3200282	TAG	FF955_15815	-3200587	306	CDS		ATG	FF955_15815|CP040691_3200587_3200282_-2_ATG_101
CP040691	-3200641	TAG	FF955_15820	-3201435	795	CDS		ATG	FF955_15820|CP040691_3201435_3200641_-3_ATG_264
CP040691	-3201449	TAG	FF955_15825	-3202333	885	CDS		GTG	FF955_15825|CP040691_3202333_3201449_-2_GTG_294
CP040691	-3202391	TGA	FF955_15830	-3202732	342	CDS		ATG	FF955_15830|CP040691_3202732_3202391_-2_ATG_113
CP040691	-3204143	TAG	FF955_15840	-3204835	693	CDS		GTG	FF955_15840|CP040691_3204835_3204143_-2_GTG_230
CP040691	-3204839	TAA	FF955_15845	-3205369	531	CDS		ATG	FF955_15845|CP040691_3205369_3204839_-2_ATG_176
CP040691	-3205383	TAG	FF955_15850	-3205625	243	CDS		ATG	FF955_15850|CP040691_3205625_3205383_-1_ATG_80
CP040691	-3205633	TGA	FF955_15855	-3206121	489	CDS		ATG	FF955_15855|CP040691_3206121_3205633_-3_ATG_162
CP040691	-3206305	TGA	FF955_15860	-3206748	444	CDS		ATG	FF955_15860|CP040691_3206748_3206305_-3_ATG_147
CP040691	-3207752	TGA	FF955_15870	-3208339	588	CDS		ATG	FF955_15870|CP040691_3208339_3207752_-2_ATG_195
CP040691	-3208341	TGA	FF955_15875	-3210176	1836	CDS		ATG	FF955_15875|CP040691_3210176_3208341_-1_ATG_611
CP040691	-3210245	TGA	FF955_15880	-3212002	1758	CDS		ATG	FF955_15880|CP040691_3212002_3210245_-2_ATG_585
CP040691	-3212046	TAG	FF955_15885	-3213158	1113	CDS		GTG	FF955_15885|CP040691_3213158_3212046_-1_GTG_370
CP040691	-3213186	TAG	FF955_15890	-3214763	1578	CDS		GTG	FF955_15890|CP040691_3214763_3213186_-1_GTG_525
CP040691	-3216732	TAG	FF955_15900	-3219158	2427	CDS		ATG	FF955_15900|CP040691_3219158_3216732_-1_ATG_808
CP040691	-3219216	TGA	FF955_15905	-3219554	339	CDS		ATG	FF955_15905|CP040691_3219554_3219216_-1_ATG_112
CP040691	-3219551	TGA	FF955_15910	-3220984	1434	CDS		GTG	FF955_15910|CP040691_3220984_3219551_-2_GTG_477
CP040691	-3221797	TAG	FF955_15920	-3223065	1269	CDS		GTG	FF955_15920|CP040691_3223065_3221797_-3_GTG_422
CP040691	-3223115	TAG	FF955_15925	-3226732	3618	CDS		GTG	FF955_15925|CP040691_3226732_3223115_-2_GTG_1205
CP040691	-3226744	TAA	FF955_15930	-3227025	282	CDS		ATG	FF955_15930|CP040691_3227025_3226744_-3_ATG_93
CP040691	-3227012	TGA	FF955_15935	-3227422	411	CDS		ATG	FF955_15935|CP040691_3227422_3227012_-2_ATG_136
CP040691	-3227524	TAG	FF955_15940	-3228393	870	CDS		ATG	FF955_15940|CP040691_3228393_3227524_-3_ATG_289
CP040691	-3228583	TGG	FF955_15945	-3228717	135	CDS	true	TTG	FF955_15945_p|CP040691_3228717_3228583_-3_TTG_45
CP040691	-3228752	TAA	FF955_15950	-3229474	723	CDS		ATG	FF955_15950|CP040691_3229474_3228752_-2_ATG_240
CP040691	-3229471	TGA	FF955_15955	-3230094	624	CDS		GTG	FF955_15955|CP040691_3230094_3229471_-3_GTG_207
CP040691	-3230145	TAA	FF955_15960	-3230882	738	CDS		GTG	FF955_15960|CP040691_3230882_3230145_-1_GTG_245
CP040691	-3265303	TAG	FF955_16025	-3271638	6336	CDS		ATG	FF955_16025|CP040691_3271638_3265303_-3_ATG_2111
CP040691	-3276709	TGA	FF955_16040	-3276924	216	CDS		TTG	FF955_16040|CP040691_3276924_3276709_-3_TTG_71
CP040691	-3279547	TAG	FF955_16055	-3280248	702	CDS		ATG	FF955_16055|CP040691_3280248_3279547_-3_ATG_233
CP040691	-3280270	TGA	FF955_16060	-3280425	156	CDS	true	CCC	FF955_16060_p|CP040691_3280425_3280270_-3_CCC_51
CP040691	-3280426	TAG	FF955_16065	-3286770	6345	CDS		GTG	FF955_16065|CP040691_3286770_3280426_-3_GTG_2114
CP040691	-3286767	TGA	FF955_16070	-3288884	2118	CDS		ATG	FF955_16070|CP040691_3288884_3286767_-1_ATG_705
CP040691	-3288901	TAG	FF955_16075	-3289500	600	CDS		ATG	FF955_16075|CP040691_3289500_3288901_-3_ATG_199
CP040691	-3289526	TAA	FF955_16080	-3291385	1860	CDS		ATG	FF955_16080|CP040691_3291385_3289526_-2_ATG_619
CP040691	-3292033	TGA	FF955_16090	-3293178	1146	CDS		GTG	FF955_16090|CP040691_3293178_3292033_-3_GTG_381
CP040691	-3295596	TGA	FF955_16105	-3296321	726	CDS		ATG	FF955_16105|CP040691_3296321_3295596_-1_ATG_241
CP040691	-3296510	TAG	FF955_16110	-3297475	966	CDS		GTG	FF955_16110|CP040691_3297475_3296510_-2_GTG_321
CP040691	-3299375	TAG	FF955_16125	-3299581	207	CDS		GTG	FF955_16125|CP040691_3299581_3299375_-2_GTG_68
CP040691	-3299644	TAA	FF955_16130	-3300930	1287	CDS		ATG	FF955_16130|CP040691_3300930_3299644_-3_ATG_428
CP040691	-3301031	TAG	FF955_16135	-3301768	738	CDS		ATG	FF955_16135|CP040691_3301768_3301031_-2_ATG_245
CP040691	-3301883	TAA	FF955_16140	-3302131	249	CDS		GTG	FF955_16140|CP040691_3302131_3301883_-2_GTG_82
CP040691	-3302703	TAG	FF955_16150	-3304052	1350	CDS		GTG	FF955_16150|CP040691_3304052_3302703_-1_GTG_449
CP040691	-3306463	GCC	FF955_16165	-3306669	207	CDS	true	CTT	FF955_16165_p|CP040691_3306669_3306463_-3_CTT_69
CP040691	-3307260	TAG	FF955_16175	-3307745	486	CDS		ATG	FF955_16175|CP040691_3307745_3307260_-1_ATG_161
CP040691	-3307831	TAG	FF955_16180	-3308397	567	CDS		TTG	FF955_16180|CP040691_3308397_3307831_-3_TTG_188
CP040691	-3308593	TGA	FF955_16185	-3311976	3384	CDS		GTG	FF955_16185|CP040691_3311976_3308593_-3_GTG_1127
CP040691	-3312001	TGA	FF955_16190	-3312633	633	CDS		GTG	FF955_16190|CP040691_3312633_3312001_-3_GTG_210
CP040691	-3312639	TGA	FF955_16195	-3313406	768	CDS		GTG	FF955_16195|CP040691_3313406_3312639_-1_GTG_255
CP040691	-3313503	TGA	FF955_16200	-3314633	1131	CDS		ATG	FF955_16200|CP040691_3314633_3313503_-1_ATG_376
CP040691	-3315953	TAG	FF955_16215	-3316666	714	CDS		ATG	FF955_16215|CP040691_3316666_3315953_-2_ATG_237
CP040691	-3316663	TGA	FF955_16220	-3318876	2214	CDS		GTG	FF955_16220|CP040691_3318876_3316663_-3_GTG_737
CP040691	-3318879	TAG	FF955_16225	-3320540	1662	CDS		GTG	FF955_16225|CP040691_3320540_3318879_-1_GTG_553
CP040691	-3320540	TAG	FF955_16230	-3320746	207	CDS		CTG	FF955_16230|CP040691_3320746_3320540_-2_CTG_68
CP040691	-3320999	TGA	FF955_16240	-3321682	684	CDS		GTG	FF955_16240|CP040691_3321682_3320999_-2_GTG_227
CP040691	-3321715	TGA	FF955_16245	-3322716	1002	CDS		GTG	FF955_16245|CP040691_3322716_3321715_-3_GTG_333
CP040691	-3322713	TGA	FF955_16250	-3324092	1380	CDS		ATG	FF955_16250|CP040691_3324092_3322713_-1_ATG_459
CP040691	-3324092	TGA	FF955_16255	-3324676	585	CDS		ATG	FF955_16255|CP040691_3324676_3324092_-2_ATG_194
CP040691	-3325839	TAG	FF955_16270	-3326960	1122	CDS		GTG	FF955_16270|CP040691_3326960_3325839_-1_GTG_373
CP040691	-3327038	TGA	FF955_16275	-3328042	1005	CDS		ATG	FF955_16275|CP040691_3328042_3327038_-2_ATG_334
CP040691	-3332219	TAG	FF955_16295	-3332863	645	CDS		ATG	FF955_16295|CP040691_3332863_3332219_-2_ATG_214
CP040691	-3333031	TGA	FF955_16300	-3334292	1263	fCDS		ATG	FF955_16300_fCDS|CP040691_3334292_3333031_-1_ATG_420
CP040691	-3334249	TGA	FF955_16305	-3334350	102	CDS	true	AAC	FF955_16305_p|CP040691_3334350_3334249_-3_AAC_33
CP040691	-3334434	TGA	FF955_16310	-3335030	597	CDS		ATG	FF955_16310|CP040691_3335030_3334434_-1_ATG_198
CP040691	-3335055	TGA	FF955_16315	-3336476	1422	CDS		ATG	FF955_16315|CP040691_3336476_3335055_-1_ATG_473
CP040691	-3337260	TAG	FF955_16325	-3338120	861	CDS		ATG	FF955_16325|CP040691_3338120_3337260_-1_ATG_286
CP040691	-3339206	TGA	FF955_16345	-3340678	1473	CDS		GTG	FF955_16345|CP040691_3340678_3339206_-2_GTG_490
CP040691	-3340675	TGA	FF955_16350	-3341472	798	CDS		ATG	FF955_16350|CP040691_3341472_3340675_-3_ATG_265
CP040691	-3342859	TAG	FF955_16360	-3343869	1011	CDS		ATG	FF955_16360|CP040691_3343869_3342859_-3_ATG_336
CP040691	-3343884	TGA	FF955_16365	-3345470	1587	CDS		GTG	FF955_16365|CP040691_3345470_3343884_-1_GTG_528
CP040691	-3347134	TGA	FF955_16375	-3347334	201	CDS		ATG	FF955_16375|CP040691_3347334_3347134_-3_ATG_66
CP040691	-3347399	TGA	FF955_16380	-3347856	458	CDS	true	CTG	FF955_16380_p|CP040691_3347856_3347399_-3_CTG_152
CP040691	-3349986	TAG	FF955_16395	-3350987	1002	CDS		ATG	FF955_16395|CP040691_3350987_3349986_-1_ATG_333
CP040691	-3351025	TAG	FF955_16400	-3351531	507	CDS		ATG	FF955_16400|CP040691_3351531_3351025_-3_ATG_168
CP040691	-3351531	TGA	FF955_16405	-3353387	1857	CDS		GTG	FF955_16405|CP040691_3353387_3351531_-1_GTG_618
CP040691	-3354094	TGA	FF955_16415	-3354933	840	CDS		GTG	FF955_16415|CP040691_3354933_3354094_-3_GTG_279
CP040691	-3356237	TAA	FF955_16425	-3356851	615	CDS		GTG	FF955_16425|CP040691_3356851_3356237_-2_GTG_204
CP040691	-3357665	TAG	FF955_16435	-3359194	1530	CDS		ATG	FF955_16435|CP040691_3359194_3357665_-2_ATG_509
CP040691	-3359224	TGA	FF955_16440	-3360255	1032	CDS		ATG	FF955_16440|CP040691_3360255_3359224_-3_ATG_343
CP040691	-3360351	TAG	FF955_16445	-3361835	1485	CDS		GTG	FF955_16445|CP040691_3361835_3360351_-1_GTG_494
CP040691	-3361832	TGA	FF955_16450	-3362131	300	CDS		GTG	FF955_16450|CP040691_3362131_3361832_-2_GTG_99
CP040691	-3362946	TAA	FF955_16460	-3365021	2076	CDS		GTG	FF955_16460|CP040691_3365021_3362946_-1_GTG_691
CP040691	-3365052	TGA	FF955_16465	-3366065	1014	CDS		GTG	FF955_16465|CP040691_3366065_3365052_-1_GTG_337
CP040691	-3366891	TAA	FF955_16475	-3367253	363	CDS		GTG	FF955_16475|CP040691_3367253_3366891_-1_GTG_120
CP040691	-3367340	TGA	FF955_16480	-3368644	1305	CDS		GTG	FF955_16480|CP040691_3368644_3367340_-2_GTG_434
CP040691	-3368730	TGA	FF955_16485	-3368933	204	CDS		GTG	FF955_16485|CP040691_3368933_3368730_-1_GTG_67
CP040691	-3370321	TAA	FF955_16495	-3370614	294	CDS		ATG	FF955_16495|CP040691_3370614_3370321_-3_ATG_97
CP040691	-3370661	TGA	FF955_16500	-3371968	1308	CDS		GTG	FF955_16500|CP040691_3371968_3370661_-2_GTG_435
CP040691	-3371965	TGA	FF955_16505	-3372279	315	CDS		GTG	FF955_16505|CP040691_3372279_3371965_-3_GTG_104
CP040691	-3372661	TAG	FF955_16510	-3373908	1248	CDS		ATG	FF955_16510|CP040691_3373908_3372661_-3_ATG_415
CP040691	-3374071	TGA	FF955_16520	-3375174	1104	CDS		ATG	FF955_16520|CP040691_3375174_3374071_-3_ATG_367
CP040691	-3375171	TGA	FF955_16525	-3376352	1182	CDS		ATG	FF955_16525|CP040691_3376352_3375171_-1_ATG_393
CP040691	-3376449	TAA	FF955_16530	-3377363	915	CDS		ATG	FF955_16530|CP040691_3377363_3376449_-1_ATG_304
CP040691	-3377360	TGA	FF955_16535	-3378205	846	CDS		ATG	FF955_16535|CP040691_3378205_3377360_-2_ATG_281
CP040691	-3378361	TAG	FF955_16540	-3379317	957	CDS		ATG	FF955_16540|CP040691_3379317_3378361_-3_ATG_318
CP040691	-3379356	TAA	FF955_16545	-3380156	801	CDS		ATG	FF955_16545|CP040691_3380156_3379356_-1_ATG_266
CP040691	-3385305	TAG	FF955_16575	-3386207	903	CDS		GTG	FF955_16575|CP040691_3386207_3385305_-1_GTG_300
CP040691	-3387744	TAA	FF955_16585	-3388427	684	CDS		ATG	FF955_16585|CP040691_3388427_3387744_-1_ATG_227
CP040691	-3388500	TAG	FF955_16590	-3389576	1077	CDS		GTG	FF955_16590|CP040691_3389576_3388500_-1_GTG_358
CP040691	-3389711	TGA	FF955_16595	-3390694	984	CDS		ATG	FF955_16595|CP040691_3390694_3389711_-2_ATG_327
CP040691	-3390705	TAG	FF955_16600	-3391469	765	CDS		GTG	FF955_16600|CP040691_3391469_3390705_-1_GTG_254
CP040691	-3391478	TGA	FF955_16605	-3392344	867	CDS		ATG	FF955_16605|CP040691_3392344_3391478_-2_ATG_288
CP040691	-3392341	TGA	FF955_16610	-3393204	864	CDS		ATG	FF955_16610|CP040691_3393204_3392341_-3_ATG_287
CP040691	-3393219	TAG	FF955_16615	-3394448	1230	CDS		ATG	FF955_16615|CP040691_3394448_3393219_-1_ATG_409
CP040691	-3394486	TGA	FF955_16620	-3396207	1722	CDS		TTG	FF955_16620|CP040691_3396207_3394486_-3_TTG_573
CP040691	-3396299	TAG	FF955_16625	-3396502	204	CDS		ATG	FF955_16625|CP040691_3396502_3396299_-2_ATG_67
CP040691	-3398600	TGA	FF955_16640	-3398974	375	CDS		GTG	FF955_16640|CP040691_3398974_3398600_-2_GTG_124
CP040691	-3399308	TGA	FF955_16645	-3399592	285	CDS		ATG	FF955_16645|CP040691_3399592_3399308_-2_ATG_94
CP040691	-3399690	TAG	FF955_16650	-3400664	975	CDS		GTG	FF955_16650|CP040691_3400664_3399690_-1_GTG_324
CP040691	-3400795	TAG	FF955_16655	-3402369	1575	CDS		GTG	FF955_16655|CP040691_3402369_3400795_-3_GTG_524
CP040691	-3402503	TGA	FF955_16660	-3403243	741	CDS		GTG	FF955_16660|CP040691_3403243_3402503_-2_GTG_246
CP040691	-3403371	TAG	FF955_16665	-3405548	2178	CDS		GTG	FF955_16665|CP040691_3405548_3403371_-1_GTG_725
CP040691	-3405518	TAG	FF955_16670	-3405970	453	CDS		ATG	FF955_16670|CP040691_3405970_3405518_-2_ATG_150
CP040691	-3406005	TAG	FF955_16675	-3406244	240	CDS		ATG	FF955_16675|CP040691_3406244_3406005_-1_ATG_79
CP040691	-3406222	TAA	FF955_16680	-3406626	405	CDS		TTG	FF955_16680|CP040691_3406626_3406222_-3_TTG_134
CP040691	-3406707	TGA	FF955_16685	-3407261	555	CDS		GTG	FF955_16685|CP040691_3407261_3406707_-1_GTG_184
CP040691	-3409071	TAG	FF955_16700	-3409934	864	CDS		ATG	FF955_16700|CP040691_3409934_3409071_-1_ATG_287
CP040691	-3409998	TAG	FF955_16705	-3410648	651	CDS		GTG	FF955_16705|CP040691_3410648_3409998_-1_GTG_216
CP040691	-3413013	TAA	FF955_16720	-3414485	1473	CDS		ATG	FF955_16720|CP040691_3414485_3413013_-1_ATG_490
CP040691	-3414602	TAG	FF955_16725	-3416767	2166	CDS		ATG	FF955_16725|CP040691_3416767_3414602_-2_ATG_721
CP040691	-3421165	TAA	FF955_16740	-3421590	426	CDS		ATG	FF955_16740|CP040691_3421590_3421165_-3_ATG_141
CP040691	-3423319	TGA	FF955_16765	-3424962	1644	CDS		ATG	FF955_16765|CP040691_3424962_3423319_-3_ATG_547
CP040691	-3427138	TGA	FF955_16785	-3427662	525	CDS		TTG	FF955_16785|CP040691_3427662_3427138_-3_TTG_174
CP040691	-3427669	TAA	FF955_16790	-3428025	357	CDS		ATG	FF955_16790|CP040691_3428025_3427669_-3_ATG_118
CP040691	-3429390	TAG	FF955_16800	-3430313	924	CDS		ATG	FF955_16800|CP040691_3430313_3429390_-1_ATG_307
CP040691	-3433110	TAG	FF955_16820	-3433937	828	CDS		ATG	FF955_16820|CP040691_3433937_3433110_-1_ATG_275
CP040691	-3433996	TAA	FF955_16825	-3437328	3333	CDS		ATG	FF955_16825|CP040691_3437328_3433996_-3_ATG_1110
CP040691	-3438744	TGA	FF955_16835	-3439766	1023	CDS		ATG	FF955_16835|CP040691_3439766_3438744_-1_ATG_340
CP040691	-3449109	TGA	FF955_16880	-3449411	303	CDS		GTG	FF955_16880|CP040691_3449411_3449109_-1_GTG_100
CP040691	-3452154	TAG	FF955_16895	-3453074	921	CDS		ATG	FF955_16895|CP040691_3453074_3452154_-1_ATG_306
CP040691	-3453100	TAA	FF955_16900	-3454104	1005	CDS		ATG	FF955_16900|CP040691_3454104_3453100_-3_ATG_334
CP040691	-3454101	TGA	FF955_16905	-3455231	1131	CDS		GTG	FF955_16905|CP040691_3455231_3454101_-1_GTG_376
CP040691	-3457118	TGA	FF955_16920	-3458431	1314	CDS		GTG	FF955_16920|CP040691_3458431_3457118_-2_GTG_437
CP040691	-3458550	TAA	FF955_16925	-3459002	453	CDS		GTG	FF955_16925|CP040691_3459002_3458550_-1_GTG_150
CP040691	-3459753	TGA	FF955_16940	-3460604	852	CDS		GTG	FF955_16940|CP040691_3460604_3459753_-1_GTG_283
CP040691	-3460641	TGA	FF955_16945	-3461123	483	CDS		GTG	FF955_16945|CP040691_3461123_3460641_-1_GTG_160
CP040691	-3461126	TAG	FF955_16950	-3462019	894	CDS		GTG	FF955_16950|CP040691_3462019_3461126_-2_GTG_297
CP040691	-3462020	TAA	FF955_16955	-3462709	690	CDS		ATG	FF955_16955|CP040691_3462709_3462020_-2_ATG_229
CP040691	-3462753	TGA	FF955_16960	-3463190	438	CDS		GTG	FF955_16960|CP040691_3463190_3462753_-1_GTG_145
CP040691	-3463192	TAG	FF955_16965	-3464118	927	CDS		ATG	FF955_16965|CP040691_3464118_3463192_-3_ATG_308
CP040691	-3464108	TAG	FF955_16970	-3465223	1116	CDS		GTG	FF955_16970|CP040691_3465223_3464108_-2_GTG_371
CP040691	-3466719	TGA	FF955_16980	-3468302	1584	CDS		ATG	FF955_16980|CP040691_3468302_3466719_-1_ATG_527
CP040691	-3472649	TGA	FF955_17020	-3472792	144	CDS		TTG	FF955_17020|CP040691_3472792_3472649_-2_TTG_47
CP040691	-3479134	TGA	FF955_17060	-3479253	120	CDS	true	ATT	FF955_17060_p|CP040691_3479253_3479134_-3_ATT_39
CP040691	-3481817	TAG	FF955_17080	-3482992	1176	CDS		ATG	FF955_17080|CP040691_3482992_3481817_-2_ATG_391
CP040691	-3483149	TGA	FF955_17085	-3483463	315	CDS		ATG	FF955_17085|CP040691_3483463_3483149_-2_ATG_104
CP040691	-3484509	TGA	FF955_17095	-3484859	351	CDS		GTG	FF955_17095|CP040691_3484859_3484509_-1_GTG_116
CP040691	-3484941	TAG	FF955_17100	-3485321	381	CDS	true	TCA	FF955_17100_p|CP040691_3485321_3484941_-1_TCA_126
CP040691	-3485294	TGA	FF955_17105	-3486555	1263	fCDS		ATG	FF955_17105_fCDS|CP040691_3486555_3485294_-3_ATG_420
CP040691	-3486512	TGA	FF955_17110	-3486880	369	CDS		GTG	FF955_17110|CP040691_3486880_3486512_-2_GTG_122
CP040691	-3487674	TGA	FF955_17120	-3489065	1392	CDS		ATG	FF955_17120|CP040691_3489065_3487674_-1_ATG_463
CP040691	-3490228	TAG	FF955_17130	-3491964	1737	CDS		ATG	FF955_17130|CP040691_3491964_3490228_-3_ATG_578
CP040691	-3491961	TGA	FF955_17135	-3492614	654	CDS		GTG	FF955_17135|CP040691_3492614_3491961_-1_GTG_217
CP040691	-3492642	TAG	FF955_17140	-3493448	807	CDS		ATG	FF955_17140|CP040691_3493448_3492642_-1_ATG_268
CP040691	-3493607	TAG	FF955_17145	-3493882	276	CDS		GTG	FF955_17145|CP040691_3493882_3493607_-2_GTG_91
CP040691	-3496034	TAG	FF955_17160	-3496366	333	CDS		GTG	FF955_17160|CP040691_3496366_3496034_-2_GTG_110
CP040691	-3502207	TGA	FF955_17190	-3502635	429	CDS		ATG	FF955_17190|CP040691_3502635_3502207_-3_ATG_142
CP040691	-3503177	TGA	FF955_17200	-3504406	1230	CDS		GTG	FF955_17200|CP040691_3504406_3503177_-2_GTG_409
CP040691	-3520480	TAA	FF955_17275	-3522249	1770	CDS		ATG	FF955_17275|CP040691_3522249_3520480_-3_ATG_589
CP040691	-3522497	TAA	FF955_17280	-3524398	1902	CDS		ATG	FF955_17280|CP040691_3524398_3522497_-2_ATG_633
CP040691	-3524573	TAG	FF955_17285	-3525214	642	CDS		ATG	FF955_17285|CP040691_3525214_3524573_-2_ATG_213
CP040691	-3525225	TAG	FF955_17290	-3526373	1149	CDS		ATG	FF955_17290|CP040691_3526373_3525225_-1_ATG_382
CP040691	-3526443	TGA	FF955_17295	-3526880	438	CDS		ATG	FF955_17295|CP040691_3526880_3526443_-1_ATG_145
CP040691	-3526877	TGA	FF955_17300	-3528148	1272	CDS		GTG	FF955_17300|CP040691_3528148_3526877_-2_GTG_423
CP040691	-3528178	TAG	FF955_17305	-3529140	963	CDS		ATG	FF955_17305|CP040691_3529140_3528178_-3_ATG_320
CP040691	-3529148	TGA	FF955_17310	-3529630	483	CDS		ATG	FF955_17310|CP040691_3529630_3529148_-2_ATG_160
CP040691	-3529627	TGA	FF955_17315	-3530586	960	CDS		ATG	FF955_17315|CP040691_3530586_3529627_-3_ATG_319
CP040691	-3530666	TGA	FF955_17320	-3531292	627	CDS		ATG	FF955_17320|CP040691_3531292_3530666_-2_ATG_208
CP040691	-3535081	TAG	FF955_17340	-3535980	900	CDS		TTG	FF955_17340|CP040691_3535980_3535081_-3_TTG_299
CP040691	-3536117	TAA	FF955_17345	-3536599	483	CDS		ATG	FF955_17345|CP040691_3536599_3536117_-2_ATG_160
CP040691	-3536678	TGA	FF955_17350	-3537280	603	CDS		ATG	FF955_17350|CP040691_3537280_3536678_-2_ATG_200
CP040691	-3539579	TAA	FF955_17365	-3540535	957	CDS		ATG	FF955_17365|CP040691_3540535_3539579_-2_ATG_318
CP040691	-3544477	TGA	FF955_17395	-3545738	1263	fCDS		ATG	FF955_17395_fCDS|CP040691_3545738_3544477_-1_ATG_420
CP040691	-3545847	TGA	FF955_17400	-3546281	435	CDS		GTG	FF955_17400|CP040691_3546281_3545847_-1_GTG_144
CP040691	-3546284	TGA	FF955_17405	-3546736	453	CDS		ATG	FF955_17405|CP040691_3546736_3546284_-2_ATG_150
CP040691	-3549299	TGA	FF955_17430	-3550564	1266	CDS		GTG	FF955_17430|CP040691_3550564_3549299_-2_GTG_421
CP040691	-3551188	TGA	FF955_17445	-3552222	1035	CDS		GTG	FF955_17445|CP040691_3552222_3551188_-3_GTG_344
CP040691	-3552506	TGA	FF955_17450	-3552730	225	CDS		GTG	FF955_17450|CP040691_3552730_3552506_-2_GTG_74
CP040691	-3552675	TGA	FF955_17455	-3552857	183	CDS		GTG	FF955_17455|CP040691_3552857_3552675_-1_GTG_60
CP040691	-3554071	TAG	FF955_17470	-3557049	2979	CDS		GTG	FF955_17470|CP040691_3557049_3554071_-3_GTG_992
CP040691	-3557141	TAG	FF955_17475	-3558163	1023	CDS		GTG	FF955_17475|CP040691_3558163_3557141_-2_GTG_340
CP040691	-3560573	TAG	FF955_17490	-3560773	201	CDS		GTG	FF955_17490|CP040691_3560773_3560573_-2_GTG_66
CP040691	-3562278	TAG	FF955_17500	-3562556	279	CDS		GTG	FF955_17500|CP040691_3562556_3562278_-1_GTG_92
CP040691	-3562986	TGA	FF955_17505	-3565088	2103	CDS		ATG	FF955_17505|CP040691_3565088_3562986_-1_ATG_700
CP040691	-3565479	TGA	FF955_17515	-3566420	942	CDS		GTG	FF955_17515|CP040691_3566420_3565479_-1_GTG_313
CP040691	-3566479	TAG	FF955_17520	-3567546	1068	CDS		GTG	FF955_17520|CP040691_3567546_3566479_-3_GTG_355
CP040691	-3567608	TGA	FF955_17525	-3570913	3306	CDS		ATG	FF955_17525|CP040691_3570913_3567608_-2_ATG_1101
CP040691	-3570910	TGA	FF955_17530	-3574077	3168	CDS		ATG	FF955_17530|CP040691_3574077_3570910_-3_ATG_1055
CP040691	-3575503	TAA	FF955_17550	-3576381	879	CDS		ATG	FF955_17550|CP040691_3576381_3575503_-3_ATG_292
CP040691	-3576408	TAG	FF955_17555	-3577586	1179	CDS		GTG	FF955_17555|CP040691_3577586_3576408_-1_GTG_392
CP040691	-3577677	TAA	FF955_17560	-3578534	858	CDS		GTG	FF955_17560|CP040691_3578534_3577677_-1_GTG_285
CP040691	-3579553	TAA	FF955_17570	-3579825	273	CDS		GTG	FF955_17570|CP040691_3579825_3579553_-3_GTG_90
CP040691	-3580720	TAG	FF955_17580	-3581415	696	CDS		ATG	FF955_17580|CP040691_3581415_3580720_-3_ATG_231
CP040691	-3584569	TAG	FF955_17595	-3585369	801	CDS		ATG	FF955_17595|CP040691_3585369_3584569_-3_ATG_266
CP040691	-3587681	TAG	FF955_17615	-3588112	432	CDS		GTG	FF955_17615|CP040691_3588112_3587681_-2_GTG_143
CP040691	-3589906	TAG	FF955_17630	-3591411	1506	CDS		ATG	FF955_17630|CP040691_3591411_3589906_-3_ATG_501
CP040691	-3591428	TAG	FF955_17635	-3591643	216	CDS		ATG	FF955_17635|CP040691_3591643_3591428_-2_ATG_71
CP040691	-3591928	TAG	FF955_17645	-3592233	306	CDS		GTG	FF955_17645|CP040691_3592233_3591928_-3_GTG_101
CP040691	-3592230	TGA	FF955_17650	-3592781	552	CDS		ATG	FF955_17650|CP040691_3592781_3592230_-1_ATG_183
CP040691	-3592778	TGA	FF955_17655	-3593428	651	CDS		ATG	FF955_17655|CP040691_3593428_3592778_-2_ATG_216
CP040691	-3594893	TAG	FF955_17675	-3596317	1425	CDS		GTG	FF955_17675|CP040691_3596317_3594893_-2_GTG_474
CP040691	-3596441	TGA	FF955_17680	-3597199	759	CDS		ATG	FF955_17680|CP040691_3597199_3596441_-2_ATG_252
CP040691	-3599628	TAA	FF955_17695	-3600911	1284	CDS		ATG	FF955_17695|CP040691_3600911_3599628_-1_ATG_427
CP040691	-3600989	TAG	FF955_17700	-3602131	1143	CDS		ATG	FF955_17700|CP040691_3602131_3600989_-2_ATG_380
CP040691	-3602241	TGA	FF955_17705	-3602750	510	CDS		GTG	FF955_17705|CP040691_3602750_3602241_-1_GTG_169
CP040691	-3602747	TGA	FF955_17710	-3603634	888	CDS		GTG	FF955_17710|CP040691_3603634_3602747_-2_GTG_295
CP040691	-3603658	TAG	FF955_17715	-3605067	1410	CDS		GTG	FF955_17715|CP040691_3605067_3603658_-3_GTG_469
CP040691	-3605837	TAG	FF955_17725	-3606994	1158	CDS		GTG	FF955_17725|CP040691_3606994_3605837_-2_GTG_385
CP040691	-3606999	TGA	FF955_17730	-3607481	483	CDS		ATG	FF955_17730|CP040691_3607481_3606999_-1_ATG_160
CP040691	-3607542	TGA	FF955_17735	-3608276	735	CDS		ATG	FF955_17735|CP040691_3608276_3607542_-1_ATG_244
CP040691	-3608335	TGA	FF955_17740	-3611481	3147	CDS		ATG	FF955_17740|CP040691_3611481_3608335_-3_ATG_1048
CP040691	-3611560	TAG	FF955_17745	-3614409	2850	CDS		GTG	FF955_17745|CP040691_3614409_3611560_-3_GTG_949
CP040691	-3614488	TGA	FF955_17750	-3615132	645	CDS		GTG	FF955_17750|CP040691_3615132_3614488_-3_GTG_214
CP040691	-3615448	TGA	FF955_17755	-3616089	642	CDS		GTG	FF955_17755|CP040691_3616089_3615448_-3_GTG_213
CP040691	-3616127	TGA	FF955_17760	-3616969	843	CDS		ATG	FF955_17760|CP040691_3616969_3616127_-2_ATG_280
CP040691	-3617037	TGA	FF955_17765	-3618788	1752	CDS		ATG	FF955_17765|CP040691_3618788_3617037_-1_ATG_583
CP040691	-3618788	TGA	FF955_17770	-3620491	1704	CDS		ATG	FF955_17770|CP040691_3620491_3618788_-2_ATG_567
CP040691	-3620541	TGA	FF955_17775	-3621227	687	CDS		ATG	FF955_17775|CP040691_3621227_3620541_-1_ATG_228
CP040691	-3621297	TGA	FF955_17780	-3621941	645	CDS		GTG	FF955_17780|CP040691_3621941_3621297_-1_GTG_214
CP040691	-3622038	TGA	FF955_17785	-3623525	1488	CDS		ATG	FF955_17785|CP040691_3623525_3622038_-1_ATG_495
CP040691	-3623630	TGA	FF955_17790	-3624265	636	CDS		GTG	FF955_17790|CP040691_3624265_3623630_-2_GTG_211
CP040691	-3624262	TGA	FF955_17795	-3624444	183	CDS		GTG	FF955_17795|CP040691_3624444_3624262_-3_GTG_60
CP040691	-3624449	TAA	FF955_17800	-3624616	168	CDS		ATG	FF955_17800|CP040691_3624616_3624449_-2_ATG_55
CP040691	-3624616	TGA	FF955_17805	-3625866	1251	CDS		ATG	FF955_17805|CP040691_3625866_3624616_-3_ATG_416
CP040691	-3625975	TGA	FF955_17810	-3627462	1488	CDS		ATG	FF955_17810|CP040691_3627462_3625975_-3_ATG_495
CP040691	-3628919	TGA	FF955_17820	-3630145	1227	CDS		GTG	FF955_17820|CP040691_3630145_3628919_-2_GTG_408
CP040691	-3630153	TAG	FF955_17825	-3631193	1041	CDS		GTG	FF955_17825|CP040691_3631193_3630153_-1_GTG_346
CP040691	-3631190	TGA	FF955_17830	-3632587	1398	CDS		ATG	FF955_17830|CP040691_3632587_3631190_-2_ATG_465
CP040691	-3632689	TAG	FF955_17835	-3633180	492	CDS		ATG	FF955_17835|CP040691_3633180_3632689_-3_ATG_163
CP040691	-3633750	TGA	FF955_17845	-3634019	270	CDS		TTG	FF955_17845|CP040691_3634019_3633750_-1_TTG_89
CP040691	-3638776	TGA	FF955_17875	-3639855	1080	CDS		TTG	FF955_17875|CP040691_3639855_3638776_-3_TTG_359
CP040691	-3639857	TGA	FF955_17880	-3640762	906	CDS		GTG	FF955_17880|CP040691_3640762_3639857_-2_GTG_301
CP040691	-3640773	TGA	FF955_17885	-3641687	915	CDS		ATG	FF955_17885|CP040691_3641687_3640773_-1_ATG_304
CP040691	-3646557	TAG	FF955_17910	-3647225	669	CDS		ATG	FF955_17910|CP040691_3647225_3646557_-1_ATG_222
CP040691	-3650798	TGA	FF955_17925	-3651967	1170	CDS		ATG	FF955_17925|CP040691_3651967_3650798_-2_ATG_389
CP040691	-3651992	TAG	FF955_17930	-3652516	525	CDS		ATG	FF955_17930|CP040691_3652516_3651992_-2_ATG_174
CP040691	-3652513	TGA	FF955_17935	-3653802	1290	CDS		ATG	FF955_17935|CP040691_3653802_3652513_-3_ATG_429
CP040691	-3654529	TGA	FF955_17945	-3655047	519	CDS		ATG	FF955_17945|CP040691_3655047_3654529_-3_ATG_172
CP040691	-3655090	TAA	FF955_17950	-3655890	801	CDS		GTG	FF955_17950|CP040691_3655890_3655090_-3_GTG_266
CP040691	-3661912	TAG	FF955_17985	-3662697	786	CDS		GTG	FF955_17985|CP040691_3662697_3661912_-3_GTG_261
CP040691	-3662694	TGA	FF955_17990	-3663131	438	CDS		ATG	FF955_17990|CP040691_3663131_3662694_-1_ATG_145
CP040691	-3663329	TAG	FF955_17995	-3663742	414	CDS		ATG	FF955_17995|CP040691_3663742_3663329_-2_ATG_137
CP040691	-3663777	TGA	FF955_18000	-3664154	378	CDS		ATG	FF955_18000|CP040691_3664154_3663777_-1_ATG_125
CP040691	-3664188	TAA	FF955_18005	-3665537	1350	CDS		ATG	FF955_18005|CP040691_3665537_3664188_-1_ATG_449
CP040691	-3665588	TAA	FF955_18010	-3666040	453	CDS		ATG	FF955_18010|CP040691_3666040_3665588_-2_ATG_150
CP040691	-3668929	TAG	FF955_18025	-3669738	810	CDS		GTG	FF955_18025|CP040691_3669738_3668929_-3_GTG_269
CP040691	-3675853	TAG	FF955_18045	-3676767	915	CDS		ATG	FF955_18045|CP040691_3676767_3675853_-3_ATG_304
CP040691	-3676794	TGA	FF955_18050	-3679706	2913	CDS		GTG	FF955_18050|CP040691_3679706_3676794_-1_GTG_970
CP040691	-3679726	TGA	FF955_18055	-3680643	918	CDS		GTG	FF955_18055|CP040691_3680643_3679726_-3_GTG_305
CP040691	-3680655	TGA	FF955_18060	-3681320	666	CDS		ATG	FF955_18060|CP040691_3681320_3680655_-1_ATG_221
CP040691	-3681428	TGA	FF955_18065	-3683185	1758	CDS		GTG	FF955_18065|CP040691_3683185_3681428_-2_GTG_585
CP040691	-3683266	TGA	FF955_18070	-3684681	1416	CDS		GTG	FF955_18070|CP040691_3684681_3683266_-3_GTG_471
CP040691	-3685440	TAG	FF955_18085	-3686609	1170	CDS		ATG	FF955_18085|CP040691_3686609_3685440_-1_ATG_389
CP040691	-3686606	TGA	FF955_18090	-3687790	1185	CDS		ATG	FF955_18090|CP040691_3687790_3686606_-2_ATG_394
CP040691	-3690271	TGA	FF955_18105	-3690894	624	CDS		GTG	FF955_18105|CP040691_3690894_3690271_-3_GTG_207
CP040691	-3693205	TAG	FF955_18120	-3694131	927	CDS		TTG	FF955_18120|CP040691_3694131_3693205_-3_TTG_308
CP040691	-3694157	TGA	FF955_18125	-3694327	171	CDS		ATG	FF955_18125|CP040691_3694327_3694157_-2_ATG_56
CP040691	-3694506	TAG	FF955_18130	-3694817	312	CDS		ATG	FF955_18130|CP040691_3694817_3694506_-1_ATG_103
CP040691	-3694888	TAA	FF955_18135	-3695985	1098	CDS		ATG	FF955_18135|CP040691_3695985_3694888_-3_ATG_365
CP040691	-3695985	TGA	FF955_18140	-3697268	1284	CDS		GTG	FF955_18140|CP040691_3697268_3695985_-1_GTG_427
CP040691	-3697265	TGA	FF955_18145	-3697666	402	CDS		ATG	FF955_18145|CP040691_3697666_3697265_-2_ATG_133
CP040691	-3701443	TAG	FF955_18170	-3701871	429	CDS		ATG	FF955_18170|CP040691_3701871_3701443_-3_ATG_142
CP040691	-3701875	TGA	FF955_18175	-3702117	243	CDS		ATG	FF955_18175|CP040691_3702117_3701875_-3_ATG_80
CP040691	-3702239	TAG	FF955_18180	-3702853	615	CDS		ATG	FF955_18180|CP040691_3702853_3702239_-2_ATG_204
CP040691	-3702850	TGA	FF955_18185	-3703515	666	CDS		ATG	FF955_18185|CP040691_3703515_3702850_-3_ATG_221
CP040691	-3703516	TGA	FF955_18190	-3704049	534	CDS		GTG	FF955_18190|CP040691_3704049_3703516_-3_GTG_177
CP040691	-3704046	TGA	FF955_18195	-3704420	375	CDS		ATG	FF955_18195|CP040691_3704420_3704046_-1_ATG_124
CP040691	-3704517	TAA	FF955_18200	-3705581	1065	CDS		GTG	FF955_18200|CP040691_3705581_3704517_-1_GTG_354
CP040691	-3707466	TAG	FF955_18220	-3707687	222	CDS		GTG	FF955_18220|CP040691_3707687_3707466_-1_GTG_73
CP040691	-3707797	TGA	FF955_18225	-3709058	1263	fCDS		ATG	FF955_18225_fCDS|CP040691_3709058_3707797_-1_ATG_420
CP040691	-3710997	TGA	FF955_18240	-3711935	939	CDS		ATG	FF955_18240|CP040691_3711935_3710997_-1_ATG_312
CP040691	-3717540	TGA	FF955_18265	-3718385	846	CDS		ATG	FF955_18265|CP040691_3718385_3717540_-1_ATG_281
CP040691	-3719334	TAA	FF955_18280	-3720203	870	CDS		ATG	FF955_18280|CP040691_3720203_3719334_-1_ATG_289
CP040691	-3720224	TAA	FF955_18285	-3721234	1011	CDS		ATG	FF955_18285|CP040691_3721234_3720224_-2_ATG_336
CP040691	-3722218	TAG	FF955_18295	-3723447	1230	CDS		ATG	FF955_18295|CP040691_3723447_3722218_-3_ATG_409
CP040691	-3726967	TAA	FF955_18315	-3736301	9335	CDS	true	ATG	FF955_18315_p|CP040691_3736301_3726967_-1_ATG_3111
CP040691	-3736350	TGA	FF955_18320	-3742289	5940	CDS		ATG	FF955_18320|CP040691_3742289_3736350_-1_ATG_1979
CP040691	-3742720	TAG	FF955_18325	-3742977	258	CDS		ATG	FF955_18325|CP040691_3742977_3742720_-3_ATG_85
CP040691	-3743233	TAA	FF955_18330	-3752706	9474	CDS		TTG	FF955_18330|CP040691_3752706_3743233_-3_TTG_3157
CP040691	-3752744	TGA	FF955_18335	-3753235	492	CDS		GTG	FF955_18335|CP040691_3753235_3752744_-2_GTG_163
CP040691	-3753815	TAA	FF955_18350	-3754633	819	CDS		ATG	FF955_18350|CP040691_3754633_3753815_-2_ATG_272
CP040691	-3754850	TGA	FF955_18355	-3755137	288	CDS		ATG	FF955_18355|CP040691_3755137_3754850_-2_ATG_95
CP040691	-3755474	TAA	FF955_18360	-3766623	11150	CDS	true	ATG	FF955_18360_p|CP040691_3766623_3755474_-3_ATG_3716
CP040691	-3766867	TGA	FF955_18365	-3767661	795	CDS		GTG	FF955_18365|CP040691_3767661_3766867_-3_GTG_264
CP040691	-3767743	TGA	FF955_18370	-3768114	372	CDS		GTG	FF955_18370|CP040691_3768114_3767743_-3_GTG_123
CP040691	-3768012	TGA	FF955_18375	-3768422	411	CDS		GTG	FF955_18375|CP040691_3768422_3768012_-1_GTG_136
CP040691	-3768257	TAG	FF955_18380	-3768517	261	CDS		ATG	FF955_18380|CP040691_3768517_3768257_-2_ATG_86
CP040691	-3769035	TAG	FF955_18390	-3769328	294	CDS		ATG	FF955_18390|CP040691_3769328_3769035_-1_ATG_97
CP040691	-3769325	TGA	FF955_18395	-3770170	846	CDS		GTG	FF955_18395|CP040691_3770170_3769325_-2_GTG_281
CP040691	-3772537	TAG	FF955_18420	-3773088	552	CDS		TTG	FF955_18420|CP040691_3773088_3772537_-3_TTG_183
CP040691	-3773095	TGA	FF955_18425	-3773676	582	CDS		GTG	FF955_18425|CP040691_3773676_3773095_-3_GTG_193
CP040691	-3773657	TGA	FF955_18430	-3774025	369	CDS		TTG	FF955_18430|CP040691_3774025_3773657_-2_TTG_122
CP040691	-3774003	TAG	FF955_18435	-3774395	393	CDS		ATG	FF955_18435|CP040691_3774395_3774003_-1_ATG_130
CP040691	-3774392	TGA	FF955_18440	-3777022	2631	CDS		GTG	FF955_18440|CP040691_3777022_3774392_-2_GTG_876
CP040691	-3777604	TGA	FF955_18450	-3778035	432	CDS		ATG	FF955_18450|CP040691_3778035_3777604_-3_ATG_143
CP040691	-3779865	TAA	FF955_18460	-3780509	645	CDS		ATG	FF955_18460|CP040691_3780509_3779865_-1_ATG_214
CP040691	-3781031	TGA	FF955_18470	-3784270	3240	CDS		ATG	FF955_18470|CP040691_3784270_3781031_-2_ATG_1079
CP040691	-3790378	TGA	FF955_18510	-3791883	1506	CDS		ATG	FF955_18510|CP040691_3791883_3790378_-3_ATG_501
CP040691	-3791888	TGA	FF955_18515	-3792778	891	CDS		ATG	FF955_18515|CP040691_3792778_3791888_-2_ATG_296
CP040691	-3792787	TAA	FF955_18520	-3794625	1839	CDS		ATG	FF955_18520|CP040691_3794625_3792787_-3_ATG_612
CP040691	-3794622	TGA	FF955_18525	-3795611	990	CDS		ATG	FF955_18525|CP040691_3795611_3794622_-1_ATG_329
CP040691	-3795611	TGA	FF955_18530	-3796000	390	CDS	true	ATT	FF955_18530_p|CP040691_3796000_3795611_-2_ATT_129
CP040691	-3797356	ATT	FF955_18540	-3798021	666	CDS	true	ATG	FF955_18540_p|CP040691_3798021_3797356_-3_ATG_222
CP040691	-3798775	TGA	FF955_18545	-3799167	393	CDS		ATG	FF955_18545|CP040691_3799167_3798775_-3_ATG_130
CP040691	-3799167	TGA	FF955_18550	-3799475	309	CDS		ATG	FF955_18550|CP040691_3799475_3799167_-1_ATG_102
CP040691	-3803433	TAG	FF955_18565	-3804305	873	CDS		ATG	FF955_18565|CP040691_3804305_3803433_-1_ATG_290
CP040691	-3807088	TGA	FF955_18580	-3807951	864	CDS		ATG	FF955_18580|CP040691_3807951_3807088_-3_ATG_287
CP040691	-3808956	TGA	FF955_18590	-3810539	1584	CDS		GTG	FF955_18590|CP040691_3810539_3808956_-1_GTG_527
CP040691	-3810536	TGA	FF955_18595	-3811150	615	CDS		ATG	FF955_18595|CP040691_3811150_3810536_-2_ATG_204
CP040691	-3812015	TAG	FF955_18605	-3813592	1578	CDS		GTG	FF955_18605|CP040691_3813592_3812015_-2_GTG_525
CP040691	-3813604	TAG	FF955_18610	-3814512	909	CDS		ATG	FF955_18610|CP040691_3814512_3813604_-3_ATG_302
CP040691	-3814541	TGA	FF955_18615	-3815620	1080	CDS		ATG	FF955_18615|CP040691_3815620_3814541_-2_ATG_359
CP040691	-3820141	CGG	FF955_18635	-3820650	510	CDS	true	ATT	FF955_18635_p|CP040691_3820650_3820141_-3_ATT_170
CP040691	-3820598	TAA	FF955_18640	-3820810	213	CDS		GTG	FF955_18640|CP040691_3820810_3820598_-2_GTG_70
CP040691	-3820803	TGA	FF955_18645	-3822041	1239	CDS		ATG	FF955_18645|CP040691_3822041_3820803_-1_ATG_412
CP040691	-3822412	TGA	FF955_18650	-3824013	1602	CDS		ATG	FF955_18650|CP040691_3824013_3822412_-3_ATG_533
CP040691	-3824030	TAA	FF955_18655	-3824734	705	CDS		GTG	FF955_18655|CP040691_3824734_3824030_-2_GTG_234
CP040691	-3824852	TGA	FF955_18660	-3825418	567	CDS		ATG	FF955_18660|CP040691_3825418_3824852_-2_ATG_188
CP040691	-3827141	TGA	FF955_18680	-3828877	1737	CDS		ATG	FF955_18680|CP040691_3828877_3827141_-2_ATG_578
CP040691	-3828933	TGA	FF955_18685	-3830060	1128	CDS		ATG	FF955_18685|CP040691_3830060_3828933_-1_ATG_375
CP040691	-3830080	TAA	FF955_18690	-3831669	1590	CDS		ATG	FF955_18690|CP040691_3831669_3830080_-3_ATG_529
CP040691	-3832296	TAG	FF955_18700	-3833195	900	CDS		ATG	FF955_18700|CP040691_3833195_3832296_-1_ATG_299
CP040691	-3833188	TGA	FF955_18705	-3833826	639	CDS		ATG	FF955_18705|CP040691_3833826_3833188_-3_ATG_212
CP040691	-3833844	TAA	FF955_18710	-3834671	828	CDS		GTG	FF955_18710|CP040691_3834671_3833844_-1_GTG_275
CP040691	-3835422	TGA	FF955_18720	-3837041	1620	CDS		ATG	FF955_18720|CP040691_3837041_3835422_-1_ATG_539
CP040691	-3837136	TAG	FF955_18725	-3837438	303	CDS		GTG	FF955_18725|CP040691_3837438_3837136_-3_GTG_100
CP040691	-3837705	TGA	FF955_18730	-3838739	1035	CDS		ATG	FF955_18730|CP040691_3838739_3837705_-1_ATG_344
CP040691	-3838736	TGA	FF955_18735	-3839212	477	CDS		GTG	FF955_18735|CP040691_3839212_3838736_-2_GTG_158
CP040691	-3839209	TGA	FF955_18740	-3839844	636	CDS		ATG	FF955_18740|CP040691_3839844_3839209_-3_ATG_211
CP040691	-3839841	TGA	FF955_18745	-3840347	507	CDS		TTG	FF955_18745|CP040691_3840347_3839841_-1_TTG_168
CP040691	-3840344	TGA	FF955_18750	-3841570	1227	CDS		GTG	FF955_18750|CP040691_3841570_3840344_-2_GTG_408
CP040691	-3841864	TGA	FF955_18760	-3842226	363	CDS		ATG	FF955_18760|CP040691_3842226_3841864_-3_ATG_120
CP040691	-3843662	TAG	FF955_18775	-3843928	267	CDS		GTG	FF955_18775|CP040691_3843928_3843662_-2_GTG_88
CP040691	-3844033	TAG	FF955_18780	-3844788	756	CDS		ATG	FF955_18780|CP040691_3844788_3844033_-3_ATG_251
CP040691	-3844872	TGA	FF955_18785	-3845882	1011	CDS		ATT	FF955_18785|CP040691_3845882_3844872_-1_ATT_336
CP040691	-3845908	TGA	FF955_18790	-3847566	1659	CDS		CTG	FF955_18790|CP040691_3847566_3845908_-3_CTG_552
CP040691	-3847559	TGA	FF955_18795	-3847777	219	CDS		ATG	FF955_18795|CP040691_3847777_3847559_-2_ATG_72
CP040691	-3849137	TAG	FF955_18810	-3849339	203	CDS	true	CTG	FF955_18810_p|CP040691_3849339_3849137_-3_CTG_67
CP040691	-3849834	TGA	FF955_18820	-3850100	267	CDS		GTG	FF955_18820|CP040691_3850100_3849834_-1_GTG_88
CP040691	-3850568	TGA	FF955_18825	-3850930	363	CDS		ATG	FF955_18825|CP040691_3850930_3850568_-2_ATG_120
CP040691	-3851686	TAA	FF955_18835	-3852733	1048	CDS	true	GTG	FF955_18835_p|CP040691_3852733_3851686_-2_GTG_349
CP040691	-3852772	TGA	FF955_18840	-3852927	156	CDS		TTG	FF955_18840|CP040691_3852927_3852772_-3_TTG_51
CP040691	-3853246	GTC	FF955_18845	-3854082	837	CDS	true	GCT	FF955_18845_p|CP040691_3854082_3853246_-3_GCT_279
CP040691	-3854300	TAG	FF955_18850	-3855682	1383	CDS		GTG	FF955_18850|CP040691_3855682_3854300_-2_GTG_460
CP040691	-3855720	TAG	FF955_18855	-3857141	1422	CDS		ATG	FF955_18855|CP040691_3857141_3855720_-1_ATG_473
CP040691	-3857143	TGA	FF955_18860	-3857856	714	CDS		GTG	FF955_18860|CP040691_3857856_3857143_-3_GTG_237
CP040691	-3857867	TAA	FF955_18865	-3858721	855	CDS		TTG	FF955_18865|CP040691_3858721_3857867_-2_TTG_284
CP040691	-3858943	TAG	FF955_18870	-3860817	1875	CDS		GTG	FF955_18870|CP040691_3860817_3858943_-3_GTG_624
CP040691	-3862187	TGA	FF955_18885	-3863590	1404	CDS		GTG	FF955_18885|CP040691_3863590_3862187_-2_GTG_467
CP040691	-3863593	TGA	FF955_18890	-3863904	312	CDS		ATG	FF955_18890|CP040691_3863904_3863593_-3_ATG_103
CP040691	-3863952	TGA	FF955_18895	-3865298	1347	CDS		ATG	FF955_18895|CP040691_3865298_3863952_-1_ATG_448
CP040691	-3865423	TGA	FF955_18900	-3865878	456	CDS		ATG	FF955_18900|CP040691_3865878_3865423_-3_ATG_151
CP040691	-3865875	TGA	FF955_18905	-3866318	444	CDS		GTG	FF955_18905|CP040691_3866318_3865875_-1_GTG_147
CP040691	-3866551	TAG	FF955_18910	-3866853	303	CDS		ATG	FF955_18910|CP040691_3866853_3866551_-3_ATG_100
CP040691	-3866874	TAG	FF955_18915	-3867191	318	CDS		GTG	FF955_18915|CP040691_3867191_3866874_-1_GTG_105
CP040691	-3867244	TGA	FF955_18920	-3868458	1215	CDS		GTG	FF955_18920|CP040691_3868458_3867244_-3_GTG_404
CP040691	-3868455	TGA	FF955_18925	-3872165	3711	CDS		ATG	FF955_18925|CP040691_3872165_3868455_-1_ATG_1236
CP040691	-3875011	TAG	FF955_18940	-3876423	1413	CDS		GTG	FF955_18940|CP040691_3876423_3875011_-3_GTG_470
CP040691	-3879978	TAA	FF955_18965	-3880871	894	CDS		GTG	FF955_18965|CP040691_3880871_3879978_-1_GTG_297
CP040691	-3880816	TAG	FF955_18970	-3881358	543	CDS		ATG	FF955_18970|CP040691_3881358_3880816_-3_ATG_180
CP040691	-3881390	TAG	FF955_18975	-3882433	1044	CDS		ATG	FF955_18975|CP040691_3882433_3881390_-2_ATG_347
CP040691	-3882585	TAA	FF955_18980	-3883190	606	CDS		ATG	FF955_18980|CP040691_3883190_3882585_-1_ATG_201
CP040691	-3883199	TAG	FF955_18985	-3883618	420	CDS		ATG	FF955_18985|CP040691_3883618_3883199_-2_ATG_139
CP040691	-3883622	TAA	FF955_18990	-3883996	375	CDS		ATG	FF955_18990|CP040691_3883996_3883622_-2_ATG_124
CP040691	-3884269	TAG	FF955_19000	-3884382	114	CDS		GTG	FF955_19000|CP040691_3884382_3884269_-3_GTG_37
CP040691	-3884415	TAG	FF955_19005	-3884636	222	CDS		ATG	FF955_19005|CP040691_3884636_3884415_-1_ATG_73
CP040691	-3888958	TGA	FF955_19035	-3890052	1095	CDS		GTG	FF955_19035|CP040691_3890052_3888958_-3_GTG_364
CP040691	-3890056	TGA	FF955_19040	-3891066	1011	CDS		ATG	FF955_19040|CP040691_3891066_3890056_-3_ATG_336
CP040691	-3891127	TAG	FF955_19045	-3892785	1659	CDS		GTG	FF955_19045|CP040691_3892785_3891127_-3_GTG_552
CP040691	-3892791	TGA	FF955_19050	-3893324	534	CDS		ATG	FF955_19050|CP040691_3893324_3892791_-1_ATG_177
CP040691	-3893931	TGA	FF955_19060	-3894716	786	CDS		GTG	FF955_19060|CP040691_3894716_3893931_-1_GTG_261
CP040691	-3894996	TAG	FF955_19065	-3896345	1350	CDS		ATG	FF955_19065|CP040691_3896345_3894996_-1_ATG_449
CP040691	-3901534	TGA	FF955_19085	-3903027	1494	CDS		GTG	FF955_19085|CP040691_3903027_3901534_-3_GTG_497
CP040691	-3903118	TGA	FF955_19090	-3903807	690	CDS		ATG	FF955_19090|CP040691_3903807_3903118_-3_ATG_229
CP040691	-3903949	TAA	FF955_19095	-3904731	783	CDS		ATG	FF955_19095|CP040691_3904731_3903949_-3_ATG_260
CP040691	-3904775	TAG	FF955_19100	-3905438	664	CDS	true	GTG	FF955_19100_p|CP040691_3905438_3904775_-1_GTG_221
CP040691	-3907248	TAA	FF955_19110	-3908192	945	CDS		ATG	FF955_19110|CP040691_3908192_3907248_-1_ATG_314
CP040691	-3908800	TAG	FF955_19125	-3909633	834	CDS		GTG	FF955_19125|CP040691_3909633_3908800_-3_GTG_277
CP040691	-3913091	TAA	FF955_19150	-3913573	483	CDS		ATG	FF955_19150|CP040691_3913573_3913091_-2_ATG_160
CP040691	-3913573	TGA	FF955_19155	-3914301	729	CDS		GTG	FF955_19155|CP040691_3914301_3913573_-3_GTG_242
CP040691	-3914301	TAG	FF955_19160	-3915995	1695	CDS		ATG	FF955_19160|CP040691_3915995_3914301_-1_ATG_564
CP040691	-3916006	TAG	FF955_19165	-3917160	1155	CDS		ATG	FF955_19165|CP040691_3917160_3916006_-3_ATG_384
CP040691	-3917157	TGA	FF955_19170	-3918512	1356	CDS		GTG	FF955_19170|CP040691_3918512_3917157_-1_GTG_451
CP040691	-3918509	TGA	FF955_19175	-3919582	1074	CDS		TTG	FF955_19175|CP040691_3919582_3918509_-2_TTG_357
CP040691	-3919572	TAG	FF955_19180	-3920624	1053	CDS		ATG	FF955_19180|CP040691_3920624_3919572_-1_ATG_350
CP040691	-3920624	TGA	FF955_19185	-3921826	1203	CDS		ATG	FF955_19185|CP040691_3921826_3920624_-2_ATG_400
CP040691	-3921846	TAA	FF955_19190	-3922688	843	CDS		ATG	FF955_19190|CP040691_3922688_3921846_-1_ATG_280
CP040691	-3922723	TAA	FF955_19195	-3923487	765	CDS		TTG	FF955_19195|CP040691_3923487_3922723_-3_TTG_254
CP040691	-3923713	TGA	FF955_19200	-3924666	954	CDS		TTG	FF955_19200|CP040691_3924666_3923713_-3_TTG_317
CP040691	-3924691	TAG	FF955_19205	-3924882	192	CDS		GTG	FF955_19205|CP040691_3924882_3924691_-3_GTG_63
CP040691	-3938666	TAG	FF955_19235	-3940213	1548	CDS		GTG	FF955_19235|CP040691_3940213_3938666_-2_GTG_515
CP040691	-3940210	TGA	FF955_19240	-3941046	837	CDS		ATG	FF955_19240|CP040691_3941046_3940210_-3_ATG_278
CP040691	-3947482	CCG	FF955_19250	-3947907	426	CDS	true	CTG	FF955_19250_p|CP040691_3947907_3947482_-3_CTG_142
CP040691	-3948049	TGA	FF955_19255	-3948705	657	CDS		ATG	FF955_19255|CP040691_3948705_3948049_-3_ATG_218
CP040691	-3953781	TAG	FF955_19265	-3953999	219	CDS		GTG	FF955_19265|CP040691_3953999_3953781_-1_GTG_72
CP040691	-3953996	TGA	FF955_19270	-3955642	1647	CDS		GTG	FF955_19270|CP040691_3955642_3953996_-2_GTG_548
CP040691	-3957497	TGA	FF955_19285	-3958693	1197	CDS		ATG	FF955_19285|CP040691_3958693_3957497_-2_ATG_398
CP040691	-3959497	TGA	FF955_19295	-3960540	1044	CDS		GTG	FF955_19295|CP040691_3960540_3959497_-3_GTG_347
CP040691	-3964972	TAG	FF955_19320	-3965496	525	CDS		ATG	FF955_19320|CP040691_3965496_3964972_-3_ATG_174
CP040691	-3967651	TAA	FF955_19335	-3968364	714	CDS		ATG	FF955_19335|CP040691_3968364_3967651_-3_ATG_237
CP040691	-3969056	TGA	FF955_19350	-3970210	1155	CDS		ATG	FF955_19350|CP040691_3970210_3969056_-2_ATG_384
CP040691	-3970210	TAA	FF955_19355	-3970992	783	CDS		ATG	FF955_19355|CP040691_3970992_3970210_-3_ATG_260
CP040691	-3970989	TGA	FF955_19360	-3972116	1128	CDS		GTG	FF955_19360|CP040691_3972116_3970989_-1_GTG_375
CP040691	-3973877	TGA	FF955_19370	-3975625	1749	CDS		ATG	FF955_19370|CP040691_3975625_3973877_-2_ATG_582
CP040691	-3975724	TGA	FF955_19375	-3976764	1041	CDS		ATG	FF955_19375|CP040691_3976764_3975724_-3_ATG_346
CP040691	-3976761	TGA	FF955_19380	-3977672	912	CDS		ATG	FF955_19380|CP040691_3977672_3976761_-1_ATG_303
CP040691	-3977683	TAA	FF955_19385	-3978468	786	CDS		ATG	FF955_19385|CP040691_3978468_3977683_-3_ATG_261
CP040691	-3982671	TAA	FF955_19405	-3983831	1161	CDS		GTG	FF955_19405|CP040691_3983831_3982671_-1_GTG_386
CP040691	-3983831	TAG	FF955_19410	-3984220	390	CDS		ATG	FF955_19410|CP040691_3984220_3983831_-2_ATG_129
CP040691	-3984217	TGA	FF955_19415	-3985152	936	CDS		GTG	FF955_19415|CP040691_3985152_3984217_-3_GTG_311
CP040691	-3985149	TGA	FF955_19420	-3986312	1164	CDS		ATG	FF955_19420|CP040691_3986312_3985149_-1_ATG_387
CP040691	-3986297	TGA	FF955_19425	-3987316	1020	CDS		ATG	FF955_19425|CP040691_3987316_3986297_-2_ATG_339
CP040691	-3987316	TAA	FF955_19430	-3988617	1302	CDS		GTG	FF955_19430|CP040691_3988617_3987316_-3_GTG_433
CP040691	-3990553	TAG	FF955_19445	-3991467	915	CDS		ATG	FF955_19445|CP040691_3991467_3990553_-3_ATG_304
CP040691	-3991490	TGA	FF955_19450	-3992269	780	CDS		GTG	FF955_19450|CP040691_3992269_3991490_-2_GTG_259
CP040691	-3992266	TGA	FF955_19455	-3992370	105	CDS		GTG	FF955_19455|CP040691_3992370_3992266_-3_GTG_34
CP040691	-3998001	TGA	FF955_19485	-3998870	870	CDS		ATG	FF955_19485|CP040691_3998870_3998001_-1_ATG_289
CP040691	-3998975	TAG	FF955_19490	-4000135	1161	CDS		ATG	FF955_19490|CP040691_4000135_3998975_-2_ATG_386
CP040691	-4000200	TGA	FF955_19495	-4000802	603	CDS		ATG	FF955_19495|CP040691_4000802_4000200_-1_ATG_200
CP040691	-4002818	TGA	FF955_19505	-4003606	789	CDS		ATG	FF955_19505|CP040691_4003606_4002818_-2_ATG_262
CP040691	-4003603	TGA	FF955_19510	-4004760	1158	CDS		ATG	FF955_19510|CP040691_4004760_4003603_-3_ATG_385
CP040691	-4010502	TAA	FF955_19540	-4011353	852	CDS		ATG	FF955_19540|CP040691_4011353_4010502_-1_ATG_283
CP040691	-4011338	TGA	FF955_19545	-4011604	267	CDS		GTG	FF955_19545|CP040691_4011604_4011338_-2_GTG_88
CP040691	-4011890	TAG	FF955_19555	-4012453	564	CDS		ATG	FF955_19555|CP040691_4012453_4011890_-2_ATG_187
CP040691	-4012468	TAG	FF955_19560	-4013370	903	CDS		ATG	FF955_19560|CP040691_4013370_4012468_-3_ATG_300
CP040691	-4013367	TGA	FF955_19565	-4014242	876	CDS		ATG	FF955_19565|CP040691_4014242_4013367_-1_ATG_291
CP040691	-4014257	TAG	FF955_19570	-4015441	1185	CDS		GTG	FF955_19570|CP040691_4015441_4014257_-2_GTG_394
CP040691	-4017248	TGA	FF955_19585	-4019383	2136	CDS		GTG	FF955_19585|CP040691_4019383_4017248_-2_GTG_711
CP040691	-4020260	TAA	FF955_19595	-4021339	1080	CDS		GTG	FF955_19595|CP040691_4021339_4020260_-2_GTG_359
CP040691	-4024596	TGA	FF955_19615	-4025564	969	CDS		ATG	FF955_19615|CP040691_4025564_4024596_-1_ATG_322
CP040691	-4025565	TAG	FF955_19620	-4026974	1410	CDS		GTG	FF955_19620|CP040691_4026974_4025565_-1_GTG_469
CP040691	-4027039	TAG	FF955_19625	-4027518	480	CDS		GTG	FF955_19625|CP040691_4027518_4027039_-3_GTG_159
CP040691	-4027515	TGA	FF955_19630	-4028210	696	CDS		GTG	FF955_19630|CP040691_4028210_4027515_-1_GTG_231
CP040691	-4028227	TGA	FF955_19635	-4028715	489	CDS		ATG	FF955_19635|CP040691_4028715_4028227_-3_ATG_162
CP040691	-4032139	TAA	FF955_19655	-4032933	795	CDS		GTG	FF955_19655|CP040691_4032933_4032139_-3_GTG_264
CP040691	-4033042	TGA	FF955_19660	-4033665	624	CDS		ATG	FF955_19660|CP040691_4033665_4033042_-3_ATG_207
CP040691	-4034575	TAA	FF955_19670	-4036329	1755	CDS		ATG	FF955_19670|CP040691_4036329_4034575_-3_ATG_584
CP040691	-4036440	TGA	FF955_19675	-4037213	774	CDS		GTG	FF955_19675|CP040691_4037213_4036440_-1_GTG_257
CP040691	-4039902	TGA	FF955_19695	-4041221	1320	CDS		ATG	FF955_19695|CP040691_4041221_4039902_-1_ATG_439
CP040691	-4041329	TAG	FF955_19700	-4043875	2547	CDS		ATG	FF955_19700|CP040691_4043875_4041329_-2_ATG_848
CP040691	-4044152	TGA	FF955_19705	-4044490	339	CDS		ATG	FF955_19705|CP040691_4044490_4044152_-2_ATG_112
CP040691	-4044594	TGA	FF955_19710	-4046111	1518	CDS		GTG	FF955_19710|CP040691_4046111_4044594_-1_GTG_505
CP040691	-4046123	TAA	FF955_19715	-4046206	84	CDS		ATG	FF955_19715|CP040691_4046206_4046123_-2_ATG_27
CP040691	-4046212	TGA	FF955_19720	-4047030	819	CDS		GTG	FF955_19720|CP040691_4047030_4046212_-3_GTG_272
CP040691	-4047033	TAG	FF955_19725	-4047452	420	CDS		ATG	FF955_19725|CP040691_4047452_4047033_-1_ATG_139
CP040691	-4047452	TGA	FF955_19730	-4048381	930	CDS		ATG	FF955_19730|CP040691_4048381_4047452_-2_ATG_309
CP040691	-4048378	TGA	FF955_19735	-4049289	912	CDS		ATG	FF955_19735|CP040691_4049289_4048378_-3_ATG_303
CP040691	-4049474	TAG	FF955_19740	-4050667	1194	CDS		ATG	FF955_19740|CP040691_4050667_4049474_-2_ATG_397
CP040691	-4050876	TAG	FF955_19745	-4051352	477	CDS		ATG	FF955_19745|CP040691_4051352_4050876_-1_ATG_158
CP040691	-4051352	TGA	FF955_19750	-4051918	567	CDS		ATG	FF955_19750|CP040691_4051918_4051352_-2_ATG_188
CP040691	-4051915	TGA	FF955_19755	-4052316	402	CDS		ATG	FF955_19755|CP040691_4052316_4051915_-3_ATG_133
CP040691	-4052309	TGA	FF955_19760	-4053151	843	CDS		GTG	FF955_19760|CP040691_4053151_4052309_-2_GTG_280
CP040691	-4053148	TGA	FF955_19765	-4053756	609	CDS		ATG	FF955_19765|CP040691_4053756_4053148_-3_ATG_202
CP040691	-4053772	TGA	FF955_19770	-4056054	2283	CDS		ATG	FF955_19770|CP040691_4056054_4053772_-3_ATG_760
CP040691	-4056112	TAA	FF955_19775	-4056612	501	CDS		ATG	FF955_19775|CP040691_4056612_4056112_-3_ATG_166
CP040691	-4057022	TGA	FF955_19785	-4057351	330	CDS		ATG	FF955_19785|CP040691_4057351_4057022_-2_ATG_109
CP040691	-4057385	TAG	FF955_19790	-4057546	162	CDS		ATG	FF955_19790|CP040691_4057546_4057385_-2_ATG_53
CP040691	-4057646	TGA	FF955_19795	-4058200	555	CDS		GTG	FF955_19795|CP040691_4058200_4057646_-2_GTG_184
CP040691	-4058316	TGA	FF955_19800	-4058627	312	CDS		ATG	FF955_19800|CP040691_4058627_4058316_-1_ATG_103
CP040691	-4058701	TAA	FF955_19805	-4059879	1179	CDS		ATG	FF955_19805|CP040691_4059879_4058701_-3_ATG_392
CP040691	-4063488	TAA	FF955_19825	-4063772	285	CDS		ATG	FF955_19825|CP040691_4063772_4063488_-1_ATG_94
CP040691	-4063799	TGA	FF955_19830	-4064095	297	CDS		ATG	FF955_19830|CP040691_4064095_4063799_-2_ATG_98
CP040691	-4064152	TGA	FF955_19835	-4065393	1242	CDS		ATG	FF955_19835|CP040691_4065393_4064152_-3_ATG_413
CP040691	-4065403	TAG	FF955_19840	-4065702	300	CDS		ATG	FF955_19840|CP040691_4065702_4065403_-3_ATG_99
CP040691	-4066758	TAG	FF955_19850	-4067408	651	CDS		TTG	FF955_19850|CP040691_4067408_4066758_-1_TTG_216
CP040691	-4067405	TGA	FF955_19855	-4068376	972	CDS		ATG	FF955_19855|CP040691_4068376_4067405_-2_ATG_323
CP040691	-4068355	TAG	FF955_19860	-4069407	1053	CDS		GTG	FF955_19860|CP040691_4069407_4068355_-3_GTG_350
CP040691	-4069404	TGA	FF955_19865	-4070789	1386	CDS		ATG	FF955_19865|CP040691_4070789_4069404_-1_ATG_461
CP040691	-4071461	TGA	FF955_19875	-4072558	1098	CDS		ATG	FF955_19875|CP040691_4072558_4071461_-2_ATG_365
CP040691	-4076171	TGA	FF955_19900	-4077115	945	CDS		GTG	FF955_19900|CP040691_4077115_4076171_-2_GTG_314
CP040691	-4081388	TGA	FF955_19920	-4081954	567	CDS		ATG	FF955_19920|CP040691_4081954_4081388_-2_ATG_188
CP040691	-4082024	TAG	FF955_19925	-4083253	1230	CDS		ATG	FF955_19925|CP040691_4083253_4082024_-2_ATG_409
CP040691	-4083429	TGA	FF955_19930	-4084064	636	CDS		GTG	FF955_19930|CP040691_4084064_4083429_-1_GTG_211
CP040691	-4084075	TAA	FF955_19935	-4084269	195	CDS		GTG	FF955_19935|CP040691_4084269_4084075_-3_GTG_64
CP040691	-4085020	TAG	FF955_19950	-4086225	1206	CDS		ATG	FF955_19950|CP040691_4086225_4085020_-3_ATG_401
CP040691	-4087957	TAG	FF955_19960	-4090761	2805	CDS		TTG	FF955_19960|CP040691_4090761_4087957_-3_TTG_934
CP040691	-4091114	TAG	FF955_19965	-4091692	579	CDS		GTG	FF955_19965|CP040691_4091692_4091114_-2_GTG_192
CP040691	-4091832	TGA	FF955_19970	-4092035	204	CDS		ATG	FF955_19970|CP040691_4092035_4091832_-1_ATG_67
CP040691	-4096897	TGA	FF955_19990	-4097142	246	CDS		ATG	FF955_19990|CP040691_4097142_4096897_-3_ATG_81
CP040691	-4098182	TGA	FF955_20005	-4098559	378	CDS		TTG	FF955_20005|CP040691_4098559_4098182_-2_TTG_125
CP040691	-4098522	TGA	FF955_20010	-4098821	300	CDS		GTG	FF955_20010|CP040691_4098821_4098522_-1_GTG_99
CP040691	-4098845	TAG	FF955_20015	-4099051	207	CDS		ATG	FF955_20015|CP040691_4099051_4098845_-2_ATG_68
CP040691	-4099061	TGA	FF955_20020	-4099636	576	CDS		ATG	FF955_20020|CP040691_4099636_4099061_-2_ATG_191
CP040691	-4099660	TGA	FF955_20025	-4100415	756	CDS		GTG	FF955_20025|CP040691_4100415_4099660_-3_GTG_251
CP040691	-4100458	TGA	FF955_20030	-4101621	1164	CDS		ATG	FF955_20030|CP040691_4101621_4100458_-3_ATG_387
CP040691	-4101618	TGA	FF955_20035	-4102670	1053	CDS		ATG	FF955_20035|CP040691_4102670_4101618_-1_ATG_350
CP040691	-4104209	CCG	FF955_20045	-4104476	268	CDS	true	ATC	FF955_20045_p|CP040691_4104476_4104209_-1_ATC_89
CP040691	-4104789	TGA	FF955_20050	-4105559	771	CDS		GTG	FF955_20050|CP040691_4105559_4104789_-1_GTG_256
CP040691	-4105556	TGA	FF955_20055	-4107202	1647	CDS		ATG	FF955_20055|CP040691_4107202_4105556_-2_ATG_548
CP040691	-4107199	TGA	FF955_20060	-4108062	864	CDS		ATG	FF955_20060|CP040691_4108062_4107199_-3_ATG_287
CP040691	-4108055	TGA	FF955_20065	-4108981	927	CDS		ATG	FF955_20065|CP040691_4108981_4108055_-2_ATG_308
CP040691	-4108983	TGA	FF955_20070	-4110608	1626	CDS		ATG	FF955_20070|CP040691_4110608_4108983_-1_ATG_541
CP040691	-4113307	TGA	FF955_20085	-4114005	699	CDS		TTG	FF955_20085|CP040691_4114005_4113307_-3_TTG_232
CP040691	-4115846	TGA	FF955_20100	-4117039	1194	CDS		ATG	FF955_20100|CP040691_4117039_4115846_-2_ATG_397
CP040691	-4117045	TGA	FF955_20105	-4117866	822	CDS		ATG	FF955_20105|CP040691_4117866_4117045_-3_ATG_273
CP040691	-4117998	TGA	FF955_20110	-4118681	684	CDS		ATG	FF955_20110|CP040691_4118681_4117998_-1_ATG_227
CP040691	-4118681	TAA	FF955_20115	-4119418	738	CDS		GTG	FF955_20115|CP040691_4119418_4118681_-2_GTG_245
CP040691	-4120782	TAG	FF955_20130	-4121576	795	CDS		ATG	FF955_20130|CP040691_4121576_4120782_-1_ATG_264
CP040691	-4121583	TAG	FF955_20135	-4122038	456	CDS		ATG	FF955_20135|CP040691_4122038_4121583_-1_ATG_151
CP040691	-4122054	TAG	FF955_20140	-4122215	162	CDS		ATG	FF955_20140|CP040691_4122215_4122054_-1_ATG_53
CP040691	-4124436	TGA	FF955_20155	-4124663	228	CDS		ATG	FF955_20155|CP040691_4124663_4124436_-1_ATG_75
CP040691	-4124784	CCG	FF955_20160	-4125041	258	CDS	true	ATG	FF955_20160_p|CP040691_4125041_4124784_-1_ATG_86
CP040691	-4125178	TAG	FF955_20165	-4125534	357	CDS		GTG	FF955_20165|CP040691_4125534_4125178_-3_GTG_118
CP040691	-4131273	TAG	FF955_20195	-4132700	1428	CDS		ATG	FF955_20195|CP040691_4132700_4131273_-1_ATG_475
CP040691	-4132726	TAG	FF955_20200	-4133058	333	CDS		ATG	FF955_20200|CP040691_4133058_4132726_-3_ATG_110
CP040691	-4133298	TAA	FF955_20205	-4133666	369	CDS		TTG	FF955_20205|CP040691_4133666_4133298_-1_TTG_122
CP040691	-4133868	TAG	FF955_20210	-4134332	465	CDS		ATG	FF955_20210|CP040691_4134332_4133868_-1_ATG_154
CP040691	-4140097	TGA	FF955_20245	-4141089	993	CDS		GTG	FF955_20245|CP040691_4141089_4140097_-3_GTG_330
CP040691	-4142177	TAG	FF955_20255	-4143703	1527	CDS		TTG	FF955_20255|CP040691_4143703_4142177_-2_TTG_508
CP040691	-4143780	TGA	FF955_20260	-4144217	438	CDS		GTG	FF955_20260|CP040691_4144217_4143780_-1_GTG_145
CP040691	-4144214	TGA	FF955_20265	-4144438	225	CDS		ATG	FF955_20265|CP040691_4144438_4144214_-2_ATG_74
CP040691	-4146723	TAG	FF955_20280	-4147895	1173	CDS		ATG	FF955_20280|CP040691_4147895_4146723_-1_ATG_390
CP040691	-4147926	TGA	FF955_20285	-4148891	966	CDS		ATG	FF955_20285|CP040691_4148891_4147926_-1_ATG_321
CP040691	-4148888	TGA	FF955_20290	-4149589	702	CDS		ATG	FF955_20290|CP040691_4149589_4148888_-2_ATG_233
CP040691	-4149589	TGA	FF955_20295	-4150866	1278	CDS		GTG	FF955_20295|CP040691_4150866_4149589_-3_GTG_425
CP040691	-4150863	TGA	FF955_20300	-4152161	1299	CDS		ATG	FF955_20300|CP040691_4152161_4150863_-1_ATG_432
CP040691	-4152293	TGA	FF955_20305	-4152937	645	CDS		ATG	FF955_20305|CP040691_4152937_4152293_-2_ATG_214
CP040691	-4153066	TAG	FF955_20310	-4153455	390	CDS		ATG	FF955_20310|CP040691_4153455_4153066_-3_ATG_129
CP040691	-4153566	TAA	FF955_20315	-4153886	321	CDS		ATG	FF955_20315|CP040691_4153886_4153566_-1_ATG_106
CP040691	-4154005	TAG	FF955_20320	-4155015	1011	CDS		GTG	FF955_20320|CP040691_4155015_4154005_-3_GTG_336
CP040691	-4155155	TGA	FF955_20325	-4156192	1038	CDS		ATG	FF955_20325|CP040691_4156192_4155155_-2_ATG_345
CP040691	-4156193	TAG	FF955_20330	-4157458	1266	CDS		GTG	FF955_20330|CP040691_4157458_4156193_-2_GTG_421
CP040691	-4159715	TGA	FF955_20340	-4160704	990	CDS		GTG	FF955_20340|CP040691_4160704_4159715_-2_GTG_329
CP040691	-4160733	TGA	FF955_20345	-4161023	291	CDS		GTG	FF955_20345|CP040691_4161023_4160733_-1_GTG_96
CP040691	-4162906	TAA	FF955_20360	-4163796	891	CDS		ATG	FF955_20360|CP040691_4163796_4162906_-3_ATG_296
CP040691	-4163864	TGA	FF955_20365	-4164475	612	CDS		ATG	FF955_20365|CP040691_4164475_4163864_-2_ATG_203
CP040691	-4164487	TGA	FF955_20370	-4164888	402	CDS		ATG	FF955_20370|CP040691_4164888_4164487_-3_ATG_133
CP040691	-4165790	TGA	FF955_20380	-4166233	444	CDS		ATG	FF955_20380|CP040691_4166233_4165790_-2_ATG_147
CP040691	-4168970	TAG	FF955_20395	-4170706	1737	CDS		GTG	FF955_20395|CP040691_4170706_4168970_-2_GTG_578
CP040691	-4170796	TGA	FF955_20400	-4172103	1308	CDS		GTG	FF955_20400|CP040691_4172103_4170796_-3_GTG_435
CP040691	-4184656	TAA	FF955_20450	-4185696	1041	CDS		ATG	FF955_20450|CP040691_4185696_4184656_-3_ATG_346
CP040691	-4187988	TGA	FF955_20465	-4188488	501	CDS		ATG	FF955_20465|CP040691_4188488_4187988_-1_ATG_166
CP040691	-4188502	TAA	FF955_20470	-4189866	1365	CDS		ATG	FF955_20470|CP040691_4189866_4188502_-3_ATG_454
CP040691	-4193261	TAG	FF955_20490	-4194493	1233	CDS	true	ATG	FF955_20490_p|CP040691_4194493_4193261_-2_ATG_410
CP040691	-4194809	TGA	FF955_20495	-4196155	1347	CDS		ATG	FF955_20495|CP040691_4196155_4194809_-2_ATG_448
CP040691	-4196155	TGA	FF955_20500	-4196829	675	CDS		ATG	FF955_20500|CP040691_4196829_4196155_-3_ATG_224
CP040691	-4196826	TGA	FF955_20505	-4197221	396	CDS		GTG	FF955_20505|CP040691_4197221_4196826_-1_GTG_131
CP040691	-4197367	TGA	FF955_20510	-4199349	1983	CDS		GTG	FF955_20510|CP040691_4199349_4197367_-3_GTG_660
CP040691	-4199862	TGA	FF955_20520	-4200074	213	CDS		ATG	FF955_20520|CP040691_4200074_4199862_-1_ATG_70
CP040691	-4200147	TAG	FF955_20525	-4200482	336	CDS		ATG	FF955_20525|CP040691_4200482_4200147_-1_ATG_111
CP040691	-4201605	TAG	FF955_20540	-4202114	510	CDS		ATG	FF955_20540|CP040691_4202114_4201605_-1_ATG_169
CP040691	-4202182	TAG	FF955_20545	-4202574	393	CDS		ATG	FF955_20545|CP040691_4202574_4202182_-3_ATG_130
CP040691	-4202732	TGA	FF955_20550	-4202932	201	CDS		TTG	FF955_20550|CP040691_4202932_4202732_-2_TTG_66
CP040691	-4203223	TGA	FF955_20565	-4203681	459	CDS		GTG	FF955_20565|CP040691_4203681_4203223_-3_GTG_152
CP040691	-4203697	TGA	FF955_20570	-4204218	522	CDS		ATG	FF955_20570|CP040691_4204218_4203697_-3_ATG_173
CP040691	-4205265	TAA	FF955_20580	-4205864	600	CDS		GTG	FF955_20580|CP040691_4205864_4205265_-1_GTG_199
CP040691	-4205870	TAG	FF955_20585	-4206589	720	CDS		ATG	FF955_20585|CP040691_4206589_4205870_-2_ATG_239
CP040691	-4206586	TGA	FF955_20590	-4207275	690	CDS		ATG	FF955_20590|CP040691_4207275_4206586_-3_ATG_229
CP040691	-4207263	TGA	FF955_20595	-4208393	1131	CDS		TTG	FF955_20595|CP040691_4208393_4207263_-1_TTG_376
CP040691	-4208402	TAG	FF955_20600	-4209349	948	CDS		ATG	FF955_20600|CP040691_4209349_4208402_-2_ATG_315
CP040691	-4209838	TAA	FF955_20610	-4210893	1056	CDS		GTG	FF955_20610|CP040691_4210893_4209838_-3_GTG_351
CP040691	-4210972	TAG	FF955_20615	-4212852	1881	CDS		GTG	FF955_20615|CP040691_4212852_4210972_-3_GTG_626
CP040691	-4213558	TAG	FF955_20625	-4214985	1428	CDS		GTG	FF955_20625|CP040691_4214985_4213558_-3_GTG_475
CP040691	-4215056	TAG	FF955_20630	-4215760	705	CDS		ATG	FF955_20630|CP040691_4215760_4215056_-2_ATG_234
CP040691	-4216969	TGA	FF955_20640	-4217913	945	CDS		GTG	FF955_20640|CP040691_4217913_4216969_-3_GTG_314
CP040691	-4219173	TAA	FF955_20655	-4219748	576	CDS		ATG	FF955_20655|CP040691_4219748_4219173_-1_ATG_191
CP040691	-4219893	CTG	FF955_20660	-4220242	350	CDS	true	GTG	FF955_20660_p|CP040691_4220242_4219893_-2_GTG_116
CP040691	-4220377	TGA	FF955_20665	-4220703	327	CDS		GTG	FF955_20665|CP040691_4220703_4220377_-3_GTG_108
CP040691	-4222214	TAG	FF955_20685	-4222798	585	CDS		ATG	FF955_20685|CP040691_4222798_4222214_-2_ATG_194
CP040691	-4227671	TGA	FF955_20715	-4228867	1197	CDS		ATG	FF955_20715|CP040691_4228867_4227671_-2_ATG_398
CP040691	-4236257	TAG	FF955_20755	-4237480	1224	CDS		ATG	FF955_20755|CP040691_4237480_4236257_-2_ATG_407
CP040691	-4237493	TGA	FF955_20760	-4238419	927	CDS		GTG	FF955_20760|CP040691_4238419_4237493_-2_GTG_308
CP040691	-4258263	TAG	FF955_20820	-4259831	1569	CDS		GTG	FF955_20820|CP040691_4259831_4258263_-1_GTG_522
CP040691	-4259828	TGA	FF955_20825	-4265029	5202	CDS		ATG	FF955_20825|CP040691_4265029_4259828_-2_ATG_1733
CP040691	-4265036	TGA	FF955_20830	-4266949	1914	CDS		ATG	FF955_20830|CP040691_4266949_4265036_-2_ATG_637
CP040691	-4267238	TGA	FF955_20835	-4268248	1011	CDS		ATG	FF955_20835|CP040691_4268248_4267238_-2_ATG_336
CP040691	-4268447	TAA	FF955_20840	-4269346	900	CDS		ATG	FF955_20840|CP040691_4269346_4268447_-2_ATG_299
CP040691	-4269526	TAG	FF955_20845	-4270542	1017	CDS		ATG	FF955_20845|CP040691_4270542_4269526_-3_ATG_338
CP040691	-4270837	TGA	FF955_20850	-4272720	1884	CDS		ATG	FF955_20850|CP040691_4272720_4270837_-3_ATG_627
CP040691	-4272809	TAG	FF955_20855	-4273717	909	CDS		ATG	FF955_20855|CP040691_4273717_4272809_-2_ATG_302
CP040691	-4273724	TGA	FF955_20860	-4274221	498	CDS		ATG	FF955_20860|CP040691_4274221_4273724_-2_ATG_165
CP040691	-4274250	TGA	FF955_20865	-4276163	1914	CDS		ATG	FF955_20865|CP040691_4276163_4274250_-1_ATG_637
CP040691	-4276160	TGA	FF955_20870	-4277359	1200	CDS		ATG	FF955_20870|CP040691_4277359_4276160_-2_ATG_399
CP040691	-4281966	TAA	FF955_20890	-4282118	153	CDS		ATG	FF955_20890|CP040691_4282118_4281966_-1_ATG_50
CP040691	-4282069	TGA	FF955_20895	-4282185	117	CDS		ATG	FF955_20895|CP040691_4282185_4282069_-3_ATG_38
CP040691	-4282278	TAG	FF955_20900	-4283099	822	CDS		TTG	FF955_20900|CP040691_4283099_4282278_-1_TTG_273
CP040691	-4283114	TGA	FF955_20905	-4283899	786	CDS		ATG	FF955_20905|CP040691_4283899_4283114_-2_ATG_261
CP040691	-4283917	TAA	FF955_20910	-4284672	756	CDS		ATG	FF955_20910|CP040691_4284672_4283917_-3_ATG_251
CP040691	-4284676	TGA	FF955_20915	-4285455	780	CDS		GTG	FF955_20915|CP040691_4285455_4284676_-3_GTG_259
CP040691	-4288303	TGA	FF955_20935	-4289709	1407	CDS		GTG	FF955_20935|CP040691_4289709_4288303_-3_GTG_468
CP040691	-4292144	TAG	FF955_20950	-4295413	3270	CDS		ATG	FF955_20950|CP040691_4295413_4292144_-2_ATG_1089
CP040691	-4295523	TAG	FF955_20955	-4297058	1536	CDS		GTG	FF955_20955|CP040691_4297058_4295523_-1_GTG_511
CP040691	-4297109	TAA	FF955_20960	-4303489	6381	CDS		TTG	FF955_20960|CP040691_4303489_4297109_-2_TTG_2126
CP040691	-4303590	TAG	FF955_20965	-4303766	177	CDS		GTG	FF955_20965|CP040691_4303766_4303590_-1_GTG_58
CP040691	-4305447	TAA	FF955_20975	-4306670	1224	CDS		ATG	FF955_20975|CP040691_4306670_4305447_-1_ATG_407
CP040691	-4306670	TGA	FF955_20980	-4307251	582	CDS		ATG	FF955_20980|CP040691_4307251_4306670_-2_ATG_193
CP040691	-4307282	TAG	FF955_20985	-4309571	2290	CDS	true	ATG	FF955_20985_p|CP040691_4309571_4307282_-1_ATG_763
CP040691	-4310122	TAG	FF955_20995	-4310697	576	CDS		ATG	FF955_20995|CP040691_4310697_4310122_-3_ATG_191
CP040691	-4311541	TAG	FF955_21005	-4312800	1260	CDS		GTG	FF955_21005|CP040691_4312800_4311541_-3_GTG_419
CP040691	-4314895	TGA	FF955_21025	-4315593	699	CDS		ATG	FF955_21025|CP040691_4315593_4314895_-3_ATG_232
CP040691	-4315590	TGA	FF955_21030	-4316555	966	CDS		GTG	FF955_21030|CP040691_4316555_4315590_-1_GTG_321
CP040691	-4318624	TGA	FF955_21050	-4319448	825	CDS		ATG	FF955_21050|CP040691_4319448_4318624_-3_ATG_274
CP040691	-4319454	TAG	FF955_21055	-4320482	1029	CDS		GTG	FF955_21055|CP040691_4320482_4319454_-1_GTG_342
CP040691	-4321571	TAA	FF955_21060	-4321783	213	CDS		TTG	FF955_21060|CP040691_4321783_4321571_-2_TTG_70
CP040691	-4321851	GGG	FF955_21065	-4322044	194	CDS	true	GTT	FF955_21065_p|CP040691_4322044_4321851_-2_GTT_64
CP040691	-4322133	TAG	FF955_21070	-4322732	600	CDS		GTG	FF955_21070|CP040691_4322732_4322133_-1_GTG_199
CP040691	-4324249	TAA	FF955_21090	-4324557	309	CDS		ATG	FF955_21090|CP040691_4324557_4324249_-3_ATG_102
CP040691	-4326047	TAG	FF955_21105	-4326226	180	CDS		GTG	FF955_21105|CP040691_4326226_4326047_-2_GTG_59
CP040691	-4329889	TAG	FF955_21140	-4331358	1470	CDS		ATG	FF955_21140|CP040691_4331358_4329889_-3_ATG_489
CP040691	-4332286	TAG	FF955_21150	-4333293	1008	CDS		ATG	FF955_21150|CP040691_4333293_4332286_-3_ATG_335
CP040691	-4333302	TGA	FF955_21155	-4333499	198	CDS		ATG	FF955_21155|CP040691_4333499_4333302_-1_ATG_65
CP040691	-4333924	TAA	FF955_21160	-4335390	1467	CDS		ATG	FF955_21160|CP040691_4335390_4333924_-3_ATG_488
CP040691	-4335383	TGA	FF955_21165	-4339966	4584	CDS		ATG	FF955_21165|CP040691_4339966_4335383_-2_ATG_1527
CP040691	-4339981	TGA	FF955_21170	-4340364	384	CDS		GTG	FF955_21170|CP040691_4340364_4339981_-3_GTG_127
CP040691	-4342056	TGA	FF955_21185	-4342406	351	CDS		ATG	FF955_21185|CP040691_4342406_4342056_-1_ATG_116
CP040691	-4361530	TGA	FF955_21275	-4363756	2227	CDS	true	ATG	FF955_21275_p|CP040691_4363756_4361530_-2_ATG_742
CP040691	-4364173	TAA	FF955_21280	-4364520	348	CDS		GTG	FF955_21280|CP040691_4364520_4364173_-3_GTG_115
CP040691	-4364517	TGA	FF955_21285	-4365899	1383	CDS		ATG	FF955_21285|CP040691_4365899_4364517_-1_ATG_460
CP040691	-4366006	TAG	FF955_21290	-4367394	1389	CDS		ATG	FF955_21290|CP040691_4367394_4366006_-3_ATG_462
CP040691	-4367391	TGA	FF955_21295	-4368731	1341	CDS		GTG	FF955_21295|CP040691_4368731_4367391_-1_GTG_446
CP040691	-4368953	TAG	FF955_21300	-4370812	1860	CDS		ATG	FF955_21300|CP040691_4370812_4368953_-2_ATG_619
CP040691	-4370882	TAG	FF955_21305	-4372495	1614	CDS		TTG	FF955_21305|CP040691_4372495_4370882_-2_TTG_537
CP040691	-4372492	TGA	FF955_21310	-4374144	1653	CDS		ATG	FF955_21310|CP040691_4374144_4372492_-3_ATG_550
CP040691	-4374129	TAA	FF955_21315	-4375658	1530	CDS		GTG	FF955_21315|CP040691_4375658_4374129_-1_GTG_509
CP040691	-4375655	TGA	FF955_21320	-4376680	1026	CDS		GTG	FF955_21320|CP040691_4376680_4375655_-2_GTG_341
CP040691	-4376774	TGA	FF955_21325	-4377604	831	CDS		ATG	FF955_21325|CP040691_4377604_4376774_-2_ATG_276
CP040691	-4377700	TAA	FF955_21330	-4377987	288	CDS		ATG	FF955_21330|CP040691_4377987_4377700_-3_ATG_95
CP040691	-4378023	TGA	FF955_21335	-4378346	324	CDS		GTG	FF955_21335|CP040691_4378346_4378023_-1_GTG_107
CP040691	-4378458	TAG	FF955_21340	-4379657	1200	CDS		ATG	FF955_21340|CP040691_4379657_4378458_-1_ATG_399
CP040691	-4379736	TAG	FF955_21345	-4379969	234	CDS		ATG	FF955_21345|CP040691_4379969_4379736_-1_ATG_77
CP040691	-4380236	TAG	FF955_21350	-4384425	4190	CDS	true	ATG	FF955_21350_p|CP040691_4384425_4380236_-3_ATG_1396
CP040691	-4384426	TAG	FF955_21355	-4385913	1488	CDS		ATG	FF955_21355|CP040691_4385913_4384426_-3_ATG_495
CP040691	-4385916	TGA	FF955_21360	-4386824	909	CDS		GTG	FF955_21360|CP040691_4386824_4385916_-1_GTG_302
CP040691	-4386974	TAG	FF955_21365	-4387963	990	CDS		ATG	FF955_21365|CP040691_4387963_4386974_-2_ATG_329
CP040691	-4388125	TGA	FF955_21370	-4389357	1233	CDS		ATG	FF955_21370|CP040691_4389357_4388125_-3_ATG_410
CP040691	-4389351	TGA	FF955_21375	-4390286	936	CDS		GTG	FF955_21375|CP040691_4390286_4389351_-1_GTG_311
CP040691	-4390343	TGA	FF955_21380	-4390792	450	CDS		GTG	FF955_21380|CP040691_4390792_4390343_-2_GTG_149
CP040691	-4391343	TAG	FF955_21385	-4391873	531	CDS		GTG	FF955_21385|CP040691_4391873_4391343_-1_GTG_176
CP040691	-4391870	TGA	FF955_21390	-4394410	2541	CDS		ATG	FF955_21390|CP040691_4394410_4391870_-2_ATG_846
CP040691	-4394415	TGA	FF955_21395	-4394687	273	CDS		GTG	FF955_21395|CP040691_4394687_4394415_-1_GTG_90
CP040691	-4394698	TGA	FF955_21400	-4395009	312	CDS		ATG	FF955_21400|CP040691_4395009_4394698_-3_ATG_103
CP040691	-4395075	TAG	FF955_21405	-4395584	510	CDS		GTG	FF955_21405|CP040691_4395584_4395075_-1_GTG_169
CP040691	-4395609	TAG	FF955_21410	-4397051	1443	CDS		GTG	FF955_21410|CP040691_4397051_4395609_-1_GTG_480
CP040691	-4408410	TAA	FF955_21460	-4409144	735	CDS		GTG	FF955_21460|CP040691_4409144_4408410_-1_GTG_244
CP040691	-4409184	TAG	FF955_21465	-4409471	288	CDS		ATG	FF955_21465|CP040691_4409471_4409184_-1_ATG_95
CP040691	-4409434	TAA	FF955_21470	-4410468	1035	CDS		ATG	FF955_21470|CP040691_4410468_4409434_-3_ATG_344
CP040691	-4410465	TGA	FF955_21475	-4411508	1044	CDS		GTG	FF955_21475|CP040691_4411508_4410465_-1_GTG_347
CP040691	-4411505	TGA	FF955_21480	-4412179	675	CDS		ATG	FF955_21480|CP040691_4412179_4411505_-2_ATG_224
CP040691	-4412311	TAG	FF955_21485	-4412874	564	CDS		ATG	FF955_21485|CP040691_4412874_4412311_-3_ATG_187
CP040691	-4412946	TGA	FF955_21490	-4414046	1101	CDS		GTG	FF955_21490|CP040691_4414046_4412946_-1_GTG_366
CP040691	-4414030	TGA	FF955_21495	-4414392	363	CDS		GTG	FF955_21495|CP040691_4414392_4414030_-3_GTG_120
CP040691	-4414389	TGA	FF955_21500	-4414766	378	CDS		TTG	FF955_21500|CP040691_4414766_4414389_-1_TTG_125
CP040691	-4414763	TGA	FF955_21505	-4414906	144	CDS		GTG	FF955_21505|CP040691_4414906_4414763_-2_GTG_47
