chromosome	end	stopCodon	RefSeq ID	RefSeq start	RefSeq length (nt)	RefSeq type	RefSeq pseudo	RefSeq startCodon	mapped IDs
CP040693	1724	TAG	FF953_00005	201	1524	CDS		TTG	FF953_00005|CP040693_201_1724_+3_TTG_507
CP040693	3107	TGA	FF953_00010	1846	1263	fCDS		ATG	FF953_00010_fCDS|CP040693_1846_3107_+1_ATG_420
CP040693	4818	TGA	FF953_00015	3610	1209	CDS		ATG	FF953_00015|CP040693_3610_4818_+1_ATG_402
CP040693	5995	TGA	FF953_00020	4838	1158	CDS		GTG	FF953_00020|CP040693_4838_5995_+2_GTG_385
CP040693	6555	TAA	FF953_00025	5992	564	CDS		ATG	FF953_00025|CP040693_5992_6555_+1_ATG_187
CP040693	8825	TAA	FF953_00030	6798	2028	CDS		GTG	FF953_00030|CP040693_6798_8825_+3_GTG_675
CP040693	11376	TAA	FF953_00035	8860	2517	CDS		ATG	FF953_00035|CP040693_8860_11376_+1_ATG_838
CP040693	12386	TAA	FF953_00040	11472	915	CDS		GTG	FF953_00040|CP040693_11472_12386_+3_GTG_304
CP040693	12974	TGA	FF953_00055	12783	192	CDS		TTG	FF953_00055|CP040693_12783_12974_+3_TTG_63
CP040693	14574	TGA	FF953_00070	14026	549	CDS		ATG	FF953_00070|CP040693_14026_14574_+1_ATG_182
CP040693	16435	TGA	FF953_00085	15647	789	CDS		ATG	FF953_00085|CP040693_15647_16435_+2_ATG_262
CP040693	17170	TGA	FF953_00090	16472	699	CDS		ATG	FF953_00090|CP040693_16472_17170_+2_ATG_232
CP040693	29905	TGA	FF953_00145	29135	771	CDS		GTG	FF953_00145|CP040693_29135_29905_+2_GTG_256
CP040693	30746	TAA	FF953_00150	29889	858	CDS		ATG	FF953_00150|CP040693_29889_30746_+3_ATG_285
CP040693	31146	TAG	FF953_00155	30784	363	CDS		ATG	FF953_00155|CP040693_30784_31146_+1_ATG_120
CP040693	32607	TAG	FF953_00160	31261	1347	CDS		GTG	FF953_00160|CP040693_31261_32607_+1_GTG_448
CP040693	33045	TGA	FF953_00165	32728	318	CDS		ATG	FF953_00165|CP040693_32728_33045_+1_ATG_105
CP040693	33358	TGA	FF953_00170	33053	306	CDS		ATG	FF953_00170|CP040693_33053_33358_+2_ATG_101
CP040693	34693	TAG	FF953_00175	33596	1098	CDS		GTG	FF953_00175|CP040693_33596_34693_+2_GTG_365
CP040693	35094	TGA	FF953_00180	34765	330	CDS		ATG	FF953_00180|CP040693_34765_35094_+1_ATG_109
CP040693	35335	TGA	FF953_00185	35123	213	CDS		TTG	FF953_00185|CP040693_35123_35335_+2_TTG_70
CP040693	38151	TGA	FF953_00195	35836	2316	CDS		ATG	FF953_00195|CP040693_35836_38151_+1_ATG_771
CP040693	38411	TGA	FF953_00200	38148	264	CDS		ATG	FF953_00200|CP040693_38148_38411_+3_ATG_87
CP040693	38803	TGA	FF953_00205	38408	396	CDS		ATG	FF953_00205|CP040693_38408_38803_+2_ATG_131
CP040693	40488	TGA	FF953_00210	38800	1689	CDS		ATG	FF953_00210|CP040693_38800_40488_+1_ATG_562
CP040693	43621	TAG	FF953_00225	43013	609	CDS		GTG	FF953_00225|CP040693_43013_43621_+2_GTG_202
CP040693	48180	TAG	FF953_00240	45271	2910	CDS		GTG	FF953_00240|CP040693_45271_48180_+1_GTG_969
CP040693	54951	TAG	FF953_00280	54538	414	CDS		GTG	FF953_00280|CP040693_54538_54951_+1_GTG_137
CP040693	57415	TGA	FF953_00285	54944	2472	CDS		GTG	FF953_00285|CP040693_54944_57415_+2_GTG_823
CP040693	59094	TGA	FF953_00290	57412	1683	CDS		GTG	FF953_00290|CP040693_57412_59094_+1_GTG_560
CP040693	59689	TGA	FF953_00295	59051	639	CDS		ATG	FF953_00295|CP040693_59051_59689_+2_ATG_212
CP040693	60198	TAA	FF953_00300	59908	291	CDS		ATG	FF953_00300|CP040693_59908_60198_+1_ATG_96
CP040693	60796	TGA	FF953_00305	60302	495	CDS		GTG	FF953_00305|CP040693_60302_60796_+2_GTG_164
CP040693	61092	TAG	FF953_00310	60838	255	CDS		ATG	FF953_00310|CP040693_60838_61092_+1_ATG_84
CP040693	61583	TAA	FF953_00315	61125	459	CDS		ATG	FF953_00315|CP040693_61125_61583_+3_ATG_152
CP040693	62133	TAG	FF953_00320	61612	522	CDS		ATG	FF953_00320|CP040693_61612_62133_+1_ATG_173
CP040693	64736	TGA	FF953_00325	62112	2625	CDS		ATG	FF953_00325|CP040693_62112_64736_+3_ATG_874
CP040693	65608	TAA	FF953_00330	64916	693	CDS		ATG	FF953_00330|CP040693_64916_65608_+2_ATG_230
CP040693	66683	TGA	FF953_00335	65625	1059	CDS		ATG	FF953_00335|CP040693_65625_66683_+3_ATG_352
CP040693	68410	TAG	FF953_00350	67268	1143	CDS		ATG	FF953_00350|CP040693_67268_68410_+2_ATG_380
CP040693	70099	TAG	FF953_00355	68639	1461	CDS		TTG	FF953_00355|CP040693_68639_70099_+2_TTG_486
CP040693	70296	TAG	FF953_00360	70135	162	CDS		GTG	FF953_00360|CP040693_70135_70296_+1_GTG_53
CP040693	73276	TAA	FF953_00365	70337	2940	CDS		ATG	FF953_00365|CP040693_70337_73276_+2_ATG_979
CP040693	73582	TGA	FF953_00370	73343	240	CDS		ATG	FF953_00370|CP040693_73343_73582_+2_ATG_79
CP040693	73976	TGA	FF953_00375	73575	402	CDS		GTG	FF953_00375|CP040693_73575_73976_+3_GTG_133
CP040693	77966	TGA	FF953_00390	77055	912	CDS		ATG	FF953_00390|CP040693_77055_77966_+3_ATG_303
CP040693	82289	TAA	FF953_00405	81240	1050	CDS		ATG	FF953_00405|CP040693_81240_82289_+3_ATG_349
CP040693	83474	TAA	FF953_00410	82302	1173	CDS		ATG	FF953_00410|CP040693_82302_83474_+3_ATG_390
CP040693	85439	TAG	FF953_00425	84834	606	CDS		ATG	FF953_00425|CP040693_84834_85439_+3_ATG_201
CP040693	87331	TGA	FF953_00440	86510	822	CDS		GTG	FF953_00440|CP040693_86510_87331_+2_GTG_273
CP040693	87786	TAG	FF953_00445	87328	459	CDS		ATG	FF953_00445|CP040693_87328_87786_+1_ATG_152
CP040693	88225	TAA	FF953_00450	87881	345	CDS		GTG	FF953_00450|CP040693_87881_88225_+2_GTG_114
CP040693	88709	TGA	FF953_00455	88230	480	CDS		ATG	FF953_00455|CP040693_88230_88709_+3_ATG_159
CP040693	90628	TGA	FF953_00460	88706	1923	CDS		ATG	FF953_00460|CP040693_88706_90628_+2_ATG_640
CP040693	91584	TGA	FF953_00465	90634	951	CDS		ATG	FF953_00465|CP040693_90634_91584_+1_ATG_316
CP040693	92257	TGA	FF953_00470	91595	663	CDS		ATG	FF953_00470|CP040693_91595_92257_+2_ATG_220
CP040693	93723	TGA	FF953_00475	92257	1467	CDS		ATG	FF953_00475|CP040693_92257_93723_+1_ATG_488
CP040693	95198	TAA	FF953_00480	93720	1479	CDS		GTG	FF953_00480|CP040693_93720_95198_+3_GTG_492
CP040693	95907	TGA	FF953_00485	95233	675	CDS		GTG	FF953_00485|CP040693_95233_95907_+1_GTG_224
CP040693	96657	TAA	FF953_00490	96064	594	CDS		GTG	FF953_00490|CP040693_96064_96657_+1_GTG_197
CP040693	97547	TGA	FF953_00495	96786	762	CDS		GTG	FF953_00495|CP040693_96786_97547_+3_GTG_253
CP040693	97870	TGA	FF953_00500	97676	195	CDS		ATG	FF953_00500|CP040693_97676_97870_+2_ATG_64
CP040693	98748	TGA	FF953_00505	97981	768	CDS		ATG	FF953_00505|CP040693_97981_98748_+1_ATG_255
CP040693	101165	TGA	FF953_00510	98880	2286	CDS		ATG	FF953_00510|CP040693_98880_101165_+3_ATG_761
CP040693	105016	TGA	FF953_00530	103625	1392	CDS		ATG	FF953_00530|CP040693_103625_105016_+2_ATG_463
CP040693	105904	TGA	FF953_00535	105035	870	CDS		ATG	FF953_00535|CP040693_105035_105904_+2_ATG_289
CP040693	106452	TAA	FF953_00540	105901	552	CDS		ATG	FF953_00540|CP040693_105901_106452_+1_ATG_183
CP040693	108079	TGA	FF953_00545	106457	1623	CDS		ATG	FF953_00545|CP040693_106457_108079_+2_ATG_540
CP040693	108320	TAA	FF953_00550	108084	237	CDS		GTG	FF953_00550|CP040693_108084_108320_+3_GTG_78
CP040693	115840	TAG	FF953_00555	108302	7539	CDS		GTG	FF953_00555|CP040693_108302_115840_+2_GTG_2512
CP040693	118000	TGA	FF953_00560	116015	1986	CDS		ATG	FF953_00560|CP040693_116015_118000_+2_ATG_661
CP040693	122132	TAA	FF953_00570	120618	1515	CDS	true	GTG	FF953_00570_p|CP040693_120618_122132_+3_GTG_504
CP040693	123871	TGA	FF953_00585	122675	1197	CDS		ATG	FF953_00585|CP040693_122675_123871_+2_ATG_398
CP040693	131175	TAG	FF953_00600	129685	1491	CDS		ATG	FF953_00600|CP040693_129685_131175_+1_ATG_496
CP040693	132072	TGA	FF953_00605	131323	750	CDS		ATG	FF953_00605|CP040693_131323_132072_+1_ATG_249
CP040693	134310	TAA	FF953_00610	132253	2058	CDS		GTG	FF953_00610|CP040693_132253_134310_+1_GTG_685
CP040693	135548	TGA	FF953_00615	134592	957	CDS		ATG	FF953_00615|CP040693_134592_135548_+3_ATG_318
CP040693	136212	TAG	FF953_00620	135622	591	CDS		GTG	FF953_00620|CP040693_135622_136212_+1_GTG_196
CP040693	136816	TAA	FF953_00625	136244	573	CDS		ATG	FF953_00625|CP040693_136244_136816_+2_ATG_190
CP040693	137976	TGA	FF953_00630	136816	1161	CDS		ATG	FF953_00630|CP040693_136816_137976_+1_ATG_386
CP040693	138447	TGA	FF953_00635	138259	189	CDS		ATG	FF953_00635|CP040693_138259_138447_+1_ATG_62
CP040693	140447	TGA	FF953_00645	139503	945	CDS		GTG	FF953_00645|CP040693_139503_140447_+3_GTG_314
CP040693	143929	TAG	FF953_00655	142301	1629	CDS		GTG	FF953_00655|CP040693_142301_143929_+2_GTG_542
CP040693	147162	TGA	FF953_00670	146794	369	CDS		TTG	FF953_00670|CP040693_146794_147162_+1_TTG_122
CP040693	147527	TAG	FF953_00675	147159	369	CDS		ATG	FF953_00675|CP040693_147159_147527_+3_ATG_122
CP040693	149461	TAG	FF953_00680	147836	1626	CDS		ATG	FF953_00680|CP040693_147836_149461_+2_ATG_541
CP040693	150680	TGA	FF953_00685	149613	1068	CDS		ATG	FF953_00685|CP040693_149613_150680_+3_ATG_355
CP040693	152594	TGA	FF953_00690	150789	1806	CDS		ATG	FF953_00690|CP040693_150789_152594_+3_ATG_601
CP040693	152701	GAC	FF953_00695	152591	111	CDS	true	ATG	FF953_00695_p|CP040693_152591_152701_+2_ATG_37
CP040693	154064	TGA	FF953_00700	152697	1368	CDS		ATG	FF953_00700|CP040693_152697_154064_+3_ATG_455
CP040693	154911	TAG	FF953_00705	154132	780	CDS		GTG	FF953_00705|CP040693_154132_154911_+1_GTG_259
CP040693	156767	TGA	FF953_00715	156312	456	CDS		ATG	FF953_00715|CP040693_156312_156767_+3_ATG_151
CP040693	159939	TAG	FF953_00730	159334	606	CDS		ATG	FF953_00730|CP040693_159334_159939_+1_ATG_201
CP040693	161137	TGA	FF953_00735	160236	902	CDS	true	ATG	FF953_00735_p|CP040693_160236_161137_+3_ATG_300
CP040693	163155	TGA	FF953_00745	161830	1326	CDS		ATG	FF953_00745|CP040693_161830_163155_+1_ATG_441
CP040693	164290	TAA	FF953_00755	163787	504	CDS		GTG	FF953_00755|CP040693_163787_164290_+2_GTG_167
CP040693	165313	TGA	FF953_00760	164291	1023	CDS		ATG	FF953_00760|CP040693_164291_165313_+2_ATG_340
CP040693	165754	TAG	FF953_00765	165374	381	CDS		ATG	FF953_00765|CP040693_165374_165754_+2_ATG_126
CP040693	167101	TAG	FF953_00775	166175	927	CDS		GTG	FF953_00775|CP040693_166175_167101_+2_GTG_308
CP040693	169590	TGA	FF953_00785	168748	843	CDS		GTG	FF953_00785|CP040693_168748_169590_+1_GTG_280
CP040693	170632	TGA	FF953_00790	169679	954	CDS		GTG	FF953_00790|CP040693_169679_170632_+2_GTG_317
CP040693	171607	TAG	FF953_00795	170675	933	CDS		ATG	FF953_00795|CP040693_170675_171607_+2_ATG_310
CP040693	173222	TGA	FF953_00800	171702	1521	CDS		ATG	FF953_00800|CP040693_171702_173222_+3_ATG_506
CP040693	174157	TAG	FF953_00805	173297	861	CDS		ATG	FF953_00805|CP040693_173297_174157_+2_ATG_286
CP040693	175132	TAA	FF953_00810	174164	969	CDS		ATG	FF953_00810|CP040693_174164_175132_+2_ATG_322
CP040693	175874	TCC	FF953_00820	175693	182	CDS	true	GGC	FF953_00820_p|CP040693_175693_175874_+1_GGC_60
CP040693	182033	TAG	FF953_00850	181779	255	CDS		CTG	FF953_00850|CP040693_181779_182033_+3_CTG_84
CP040693	183186	TAG	FF953_00855	182086	1101	CDS		ATG	FF953_00855|CP040693_182086_183186_+1_ATG_366
CP040693	183519	TGA	FF953_00860	183187	333	CDS		ATG	FF953_00860|CP040693_183187_183519_+1_ATG_110
CP040693	184943	TAG	FF953_00865	183516	1428	CDS		ATG	FF953_00865|CP040693_183516_184943_+3_ATG_475
CP040693	185893	TGA	FF953_00875	185249	645	CDS		ATG	FF953_00875|CP040693_185249_185893_+2_ATG_214
CP040693	190420	TGA	FF953_00890	189071	1350	CDS		ATG	FF953_00890|CP040693_189071_190420_+2_ATG_449
CP040693	192036	TAA	FF953_00900	191581	456	CDS		ATG	FF953_00900|CP040693_191581_192036_+1_ATG_151
CP040693	192575	TAA	FF953_00910	192090	486	CDS		ATG	FF953_00910|CP040693_192090_192575_+3_ATG_161
CP040693	195123	TAA	FF953_00920	193459	1665	CDS		TTG	FF953_00920|CP040693_193459_195123_+1_TTG_554
CP040693	196124	TGA	FF953_00925	195327	798	CDS		GTG	FF953_00925|CP040693_195327_196124_+3_GTG_265
CP040693	196995	TAG	FF953_00930	196126	870	CDS		ATG	FF953_00930|CP040693_196126_196995_+1_ATG_289
CP040693	198364	TGA	FF953_00935	197000	1365	CDS		ATG	FF953_00935|CP040693_197000_198364_+2_ATG_454
CP040693	199401	TGA	FF953_00940	198361	1041	CDS		ATG	FF953_00940|CP040693_198361_199401_+1_ATG_346
CP040693	200945	TGA	FF953_00945	199398	1548	CDS		ATG	FF953_00945|CP040693_199398_200945_+3_ATG_515
CP040693	202534	TGA	FF953_00950	200942	1593	CDS		TTG	FF953_00950|CP040693_200942_202534_+2_TTG_530
CP040693	203703	TGA	FF953_00955	202531	1173	CDS		ATG	FF953_00955|CP040693_202531_203703_+1_ATG_390
CP040693	205244	TGA	FF953_00960	203697	1548	CDS		GTG	FF953_00960|CP040693_203697_205244_+3_GTG_515
CP040693	205921	TGA	FF953_00965	205280	642	CDS		GTG	FF953_00965|CP040693_205280_205921_+2_GTG_213
CP040693	206886	TGA	FF953_00970	205918	969	CDS		GTG	FF953_00970|CP040693_205918_206886_+1_GTG_322
CP040693	207437	TGA	FF953_00975	206883	555	CDS		ATG	FF953_00975|CP040693_206883_207437_+3_ATG_184
CP040693	208138	TAG	FF953_00980	207404	735	CDS		GTG	FF953_00980|CP040693_207404_208138_+2_GTG_244
CP040693	213393	TAG	FF953_01005	212554	840	CDS		ATG	FF953_01005|CP040693_212554_213393_+1_ATG_279
CP040693	214184	TGA	FF953_01010	213435	750	CDS		ATG	FF953_01010|CP040693_213435_214184_+3_ATG_249
CP040693	214690	TGA	FF953_01015	214181	510	CDS		GTG	FF953_01015|CP040693_214181_214690_+2_GTG_169
CP040693	216810	TGA	FF953_01020	214735	2076	CDS		ATG	FF953_01020|CP040693_214735_216810_+1_ATG_691
CP040693	217833	TAG	FF953_01030	217171	663	CDS		TTG	FF953_01030|CP040693_217171_217833_+1_TTG_220
CP040693	218383	TAG	FF953_01035	217952	432	CDS		ATG	FF953_01035|CP040693_217952_218383_+2_ATG_143
CP040693	220627	TGA	FF953_01045	220337	291	CDS		ATG	FF953_01045|CP040693_220337_220627_+2_ATG_96
CP040693	221996	TAA	FF953_01050	220755	1242	CDS		ATG	FF953_01050|CP040693_220755_221996_+3_ATG_413
CP040693	223130	TAA	FF953_01055	222030	1101	CDS		ATG	FF953_01055|CP040693_222030_223130_+3_ATG_366
CP040693	228928	TAG	FF953_01065	225344	3585	CDS		ATG	FF953_01065|CP040693_225344_228928_+2_ATG_1194
CP040693	230001	TGA	FF953_01070	229366	636	CDS		ATG	FF953_01070|CP040693_229366_230001_+1_ATG_211
CP040693	230698	TGA	FF953_01075	230114	585	CDS		ATG	FF953_01075|CP040693_230114_230698_+2_ATG_194
CP040693	232944	TAG	FF953_01080	230698	2247	CDS		ATG	FF953_01080|CP040693_230698_232944_+1_ATG_748
CP040693	235678	TGA	FF953_01090	235019	660	CDS		ATG	FF953_01090|CP040693_235019_235678_+2_ATG_219
CP040693	236364	TAA	FF953_01095	235675	690	CDS		ATG	FF953_01095|CP040693_235675_236364_+1_ATG_229
CP040693	240393	TAG	FF953_01110	239983	411	CDS		ATG	FF953_01110|CP040693_239983_240393_+1_ATG_136
CP040693	242956	TAA	FF953_01120	241853	1104	CDS		ATG	FF953_01120|CP040693_241853_242956_+2_ATG_367
CP040693	248592	TGA	FF953_01140	247507	1086	CDS		ATG	FF953_01140|CP040693_247507_248592_+1_ATG_361
CP040693	250067	TGA	FF953_01145	248589	1479	CDS		GTG	FF953_01145|CP040693_248589_250067_+3_GTG_492
CP040693	252071	TAG	FF953_01150	250251	1821	CDS		ATG	FF953_01150|CP040693_250251_252071_+3_ATG_606
CP040693	256146	TGA	FF953_01165	254533	1614	CDS		TTG	FF953_01165|CP040693_254533_256146_+1_TTG_537
CP040693	258395	TAG	FF953_01175	257382	1014	CDS		GTG	FF953_01175|CP040693_257382_258395_+3_GTG_337
CP040693	260721	TGA	FF953_01185	259393	1329	CDS		ATG	FF953_01185|CP040693_259393_260721_+1_ATG_442
CP040693	261271	TAG	FF953_01190	260723	549	CDS		ATG	FF953_01190|CP040693_260723_261271_+2_ATG_182
CP040693	262492	TAA	FF953_01195	261281	1212	CDS		ATG	FF953_01195|CP040693_261281_262492_+2_ATG_403
CP040693	263945	TGA	FF953_01200	262536	1410	CDS		GTG	FF953_01200|CP040693_262536_263945_+3_GTG_469
CP040693	264764	TAG	FF953_01205	263976	789	CDS		ATG	FF953_01205|CP040693_263976_264764_+3_ATG_262
CP040693	268286	TGA	FF953_01220	267132	1155	CDS		ATG	FF953_01220|CP040693_267132_268286_+3_ATG_384
CP040693	272747	TGA	FF953_01235	271524	1224	CDS		ATG	FF953_01235|CP040693_271524_272747_+3_ATG_407
CP040693	276233	TAG	FF953_01255	274527	1707	CDS		ATG	FF953_01255|CP040693_274527_276233_+3_ATG_568
CP040693	277057	TGA	FF953_01260	276368	690	CDS		ATG	FF953_01260|CP040693_276368_277057_+2_ATG_229
CP040693	277998	TAG	FF953_01265	277054	945	CDS		ATG	FF953_01265|CP040693_277054_277998_+1_ATG_314
CP040693	286821	TAG	FF953_01290	285655	1167	CDS		ATG	FF953_01290|CP040693_285655_286821_+1_ATG_388
CP040693	287511	TGA	FF953_01295	286897	615	CDS		ATG	FF953_01295|CP040693_286897_287511_+1_ATG_204
CP040693	287806	TGA	FF953_01300	287573	234	CDS		ATG	FF953_01300|CP040693_287573_287806_+2_ATG_77
CP040693	288251	TGA	FF953_01305	287814	438	CDS		GTG	FF953_01305|CP040693_287814_288251_+3_GTG_145
CP040693	291962	TGA	FF953_01320	290640	1323	CDS		GTG	FF953_01320|CP040693_290640_291962_+3_GTG_440
CP040693	294963	TAA	FF953_01330	294475	489	CDS		GTG	FF953_01330|CP040693_294475_294963_+1_GTG_162
CP040693	296589	TAG	FF953_01335	295279	1311	CDS		GTG	FF953_01335|CP040693_295279_296589_+1_GTG_436
CP040693	303897	TGA	FF953_01365	301336	2562	CDS		ATG	FF953_01365|CP040693_301336_303897_+1_ATG_853
CP040693	304279	TAG	FF953_01370	303923	357	CDS		GTG	FF953_01370|CP040693_303923_304279_+2_GTG_118
CP040693	321192	TAG	FF953_01435	319801	1392	CDS		ATG	FF953_01435|CP040693_319801_321192_+1_ATG_463
CP040693	324719	TAG	FF953_01450	323037	1683	CDS		ATG	FF953_01450|CP040693_323037_324719_+3_ATG_560
CP040693	329473	TAG	FF953_01470	328892	582	CDS		ATG	FF953_01470|CP040693_328892_329473_+2_ATG_193
CP040693	331138	TAA	FF953_01480	330218	921	CDS		ATG	FF953_01480|CP040693_330218_331138_+2_ATG_306
CP040693	339587	TGA	FF953_01505	337977	1611	CDS		ATG	FF953_01505|CP040693_337977_339587_+3_ATG_536
CP040693	340519	TGA	FF953_01510	339611	909	CDS		GTG	FF953_01510|CP040693_339611_340519_+2_GTG_302
CP040693	342638	TGA	FF953_01515	340743	1896	CDS		ATG	FF953_01515|CP040693_340743_342638_+3_ATG_631
CP040693	344251	TGA	FF953_01520	342635	1617	CDS		ATG	FF953_01520|CP040693_342635_344251_+2_ATG_538
CP040693	348240	TGA	FF953_01525	344248	3993	CDS		GTG	FF953_01525|CP040693_344248_348240_+1_GTG_1330
CP040693	348545	TGA	FF953_01530	348237	309	CDS		ATG	FF953_01530|CP040693_348237_348545_+3_ATG_102
CP040693	350089	TAA	FF953_01535	348548	1542	CDS		ATG	FF953_01535|CP040693_348548_350089_+2_ATG_513
CP040693	350431	TGA	FF953_01540	350138	294	CDS		ATG	FF953_01540|CP040693_350138_350431_+2_ATG_97
CP040693	350751	TAG	FF953_01545	350461	291	CDS		ATG	FF953_01545|CP040693_350461_350751_+1_ATG_96
CP040693	351649	TAA	FF953_01550	350762	888	CDS		ATG	FF953_01550|CP040693_350762_351649_+2_ATG_295
CP040693	353114	TGA	FF953_01555	351696	1419	CDS		ATG	FF953_01555|CP040693_351696_353114_+3_ATG_472
CP040693	354496	TGA	FF953_01560	353111	1386	CDS		ATG	FF953_01560|CP040693_353111_354496_+2_ATG_461
CP040693	355488	TGA	FF953_01565	354493	996	CDS		ATG	FF953_01565|CP040693_354493_355488_+1_ATG_331
CP040693	357569	TAG	FF953_01575	356784	786	CDS		ATG	FF953_01575|CP040693_356784_357569_+3_ATG_261
CP040693	361722	TGA	FF953_01590	359947	1776	CDS		GTG	FF953_01590|CP040693_359947_361722_+1_GTG_591
CP040693	362092	TGA	FF953_01595	361865	228	CDS		ATG	FF953_01595|CP040693_361865_362092_+2_ATG_75
CP040693	362391	TAG	FF953_01600	362089	303	CDS		TTG	FF953_01600|CP040693_362089_362391_+1_TTG_100
CP040693	362660	TGA	FF953_01605	362439	222	CDS		ATG	FF953_01605|CP040693_362439_362660_+3_ATG_73
CP040693	363082	TAA	FF953_01610	362657	426	CDS		GTG	FF953_01610|CP040693_362657_363082_+2_GTG_141
CP040693	363850	TGA	FF953_01615	363218	633	CDS		GTG	FF953_01615|CP040693_363218_363850_+2_GTG_210
CP040693	364755	TAG	FF953_01620	363847	909	CDS		ATG	FF953_01620|CP040693_363847_364755_+1_ATG_302
CP040693	375182	TAG	FF953_01630	374511	672	CDS		ATG	FF953_01630|CP040693_374511_375182_+3_ATG_223
CP040693	376426	TAA	FF953_01640	375710	717	CDS		ATG	FF953_01640|CP040693_375710_376426_+2_ATG_238
CP040693	377184	TAA	FF953_01645	376528	657	CDS		ATG	FF953_01645|CP040693_376528_377184_+1_ATG_218
CP040693	378998	TGA	FF953_01655	377769	1230	CDS		ATG	FF953_01655|CP040693_377769_378998_+3_ATG_409
CP040693	381015	TGA	FF953_01660	379153	1863	CDS		ATG	FF953_01660|CP040693_379153_381015_+1_ATG_620
CP040693	381473	TAA	FF953_01665	381087	387	CDS		GTG	FF953_01665|CP040693_381087_381473_+3_GTG_128
CP040693	383083	TAA	FF953_01675	382199	885	CDS		ATG	FF953_01675|CP040693_382199_383083_+2_ATG_294
CP040693	383746	TGA	FF953_01680	383132	615	CDS		ATG	FF953_01680|CP040693_383132_383746_+2_ATG_204
CP040693	386413	TAG	FF953_01700	385745	669	CDS		ATG	FF953_01700|CP040693_385745_386413_+2_ATG_222
CP040693	387147	TGA	FF953_01705	386485	663	CDS		GTG	FF953_01705|CP040693_386485_387147_+1_GTG_220
CP040693	387751	TAG	FF953_01710	387179	573	CDS		GTG	FF953_01710|CP040693_387179_387751_+2_GTG_190
CP040693	389188	TGA	FF953_01715	387857	1332	CDS		GTG	FF953_01715|CP040693_387857_389188_+2_GTG_443
CP040693	390629	TGA	FF953_01725	389949	681	CDS		ATG	FF953_01725|CP040693_389949_390629_+3_ATG_226
CP040693	391325	TAG	FF953_01730	390636	690	CDS		GTG	FF953_01730|CP040693_390636_391325_+3_GTG_229
CP040693	393310	TGA	FF953_01740	392708	603	CDS		GTG	FF953_01740|CP040693_392708_393310_+2_GTG_200
CP040693	395964	TGA	FF953_01755	394798	1167	CDS		ATG	FF953_01755|CP040693_394798_395964_+1_ATG_388
CP040693	396824	TAG	FF953_01760	396039	786	CDS		TTG	FF953_01760|CP040693_396039_396824_+3_TTG_261
CP040693	397225	TGA	FF953_01765	396851	375	CDS		ATG	FF953_01765|CP040693_396851_397225_+2_ATG_124
CP040693	398121	TGA	FF953_01770	397255	867	CDS		ATG	FF953_01770|CP040693_397255_398121_+1_ATG_288
CP040693	400300	TGA	FF953_01780	398765	1536	CDS		ATG	FF953_01780|CP040693_398765_400300_+2_ATG_511
CP040693	400413	CGC	FF953_01785	400222	192	CDS	true	GGT	FF953_01785_p|CP040693_400222_400413_+1_GGT_64
CP040693	407770	TAA	FF953_01805	407231	540	CDS		GTG	FF953_01805|CP040693_407231_407770_+2_GTG_179
CP040693	409386	TGA	FF953_01810	407959	1428	CDS		ATG	FF953_01810|CP040693_407959_409386_+1_ATG_475
CP040693	411345	TGA	FF953_01815	409423	1923	CDS		ATG	FF953_01815|CP040693_409423_411345_+1_ATG_640
CP040693	412823	TGA	FF953_01820	411342	1482	CDS		GTG	FF953_01820|CP040693_411342_412823_+3_GTG_493
CP040693	414045	TGA	FF953_01830	413635	411	CDS		TTG	FF953_01830|CP040693_413635_414045_+1_TTG_136
CP040693	416875	TGA	FF953_01840	415889	987	CDS		GTG	FF953_01840|CP040693_415889_416875_+2_GTG_328
CP040693	417531	TAA	FF953_01845	416878	654	CDS		ATG	FF953_01845|CP040693_416878_417531_+1_ATG_217
CP040693	418193	TGA	FF953_01850	417534	660	CDS		GTG	FF953_01850|CP040693_417534_418193_+3_GTG_219
CP040693	420297	TGA	FF953_01855	418420	1878	CDS		ATG	FF953_01855|CP040693_418420_420297_+1_ATG_625
CP040693	421001	TAA	FF953_01860	420294	708	CDS		GTG	FF953_01860|CP040693_420294_421001_+3_GTG_235
CP040693	422224	TGA	FF953_01865	421037	1188	CDS		ATG	FF953_01865|CP040693_421037_422224_+2_ATG_395
CP040693	422604	TGA	FF953_01870	422224	381	CDS		ATG	FF953_01870|CP040693_422224_422604_+1_ATG_126
CP040693	436024	TAG	FF953_01895	435377	648	CDS		ATG	FF953_01895|CP040693_435377_436024_+2_ATG_215
CP040693	436814	TGA	FF953_01900	436035	780	CDS		GTG	FF953_01900|CP040693_436035_436814_+3_GTG_259
CP040693	438166	TGA	FF953_01910	437339	828	CDS		ATG	FF953_01910|CP040693_437339_438166_+2_ATG_275
CP040693	439770	TGA	FF953_01915	438388	1383	CDS		GTG	FF953_01915|CP040693_438388_439770_+1_GTG_460
CP040693	441595	TGA	FF953_01925	440912	684	CDS		ATG	FF953_01925|CP040693_440912_441595_+2_ATG_227
CP040693	453903	TAG	FF953_01990	452938	966	CDS		ATG	FF953_01990|CP040693_452938_453903_+1_ATG_321
CP040693	454375	TGA	FF953_01995	454154	222	CDS		GTG	FF953_01995|CP040693_454154_454375_+2_GTG_73
CP040693	454709	TAG	FF953_02000	454494	216	CDS		ATG	FF953_02000|CP040693_454494_454709_+3_ATG_71
CP040693	461824	TAG	FF953_02030	460652	1173	CDS		GTG	FF953_02030|CP040693_460652_461824_+2_GTG_390
CP040693	465185	TGA	FF953_02035	461928	3258	CDS		ATG	FF953_02035|CP040693_461928_465185_+3_ATG_1085
CP040693	468113	TGA	FF953_02045	466854	1260	CDS		GTG	FF953_02045|CP040693_466854_468113_+3_GTG_419
CP040693	468532	TGA	FF953_02050	468110	423	CDS		GTG	FF953_02050|CP040693_468110_468532_+2_GTG_140
CP040693	469749	TAA	FF953_02055	468529	1221	CDS		ATG	FF953_02055|CP040693_468529_469749_+1_ATG_406
CP040693	472634	TGA	FF953_02065	471309	1326	CDS		ATG	FF953_02065|CP040693_471309_472634_+3_ATG_441
CP040693	473872	TAG	FF953_02075	473468	405	CDS		ATG	FF953_02075|CP040693_473468_473872_+2_ATG_134
CP040693	474270	TAG	FF953_02080	473878	393	CDS		GTG	FF953_02080|CP040693_473878_474270_+1_GTG_130
CP040693	474712	TAA	FF953_02085	474344	369	CDS		TTG	FF953_02085|CP040693_474344_474712_+2_TTG_122
CP040693	475170	TAG	FF953_02095	474922	249	CDS		ATG	FF953_02095|CP040693_474922_475170_+1_ATG_82
CP040693	478688	TGA	FF953_02115	478317	372	CDS		ATG	FF953_02115|CP040693_478317_478688_+3_ATG_123
CP040693	484262	TGA	FF953_02130	482505	1758	CDS		ATG	FF953_02130|CP040693_482505_484262_+3_ATG_585
CP040693	488466	TAG	FF953_02135	484297	4170	CDS		ATG	FF953_02135|CP040693_484297_488466_+1_ATG_1389
CP040693	490320	TGA	FF953_02145	489310	1011	CDS		GTG	FF953_02145|CP040693_489310_490320_+1_GTG_336
CP040693	492385	TAG	FF953_02150	490313	2073	CDS		TTG	FF953_02150|CP040693_490313_492385_+2_TTG_690
CP040693	493535	TGA	FF953_02155	492378	1158	CDS		ATG	FF953_02155|CP040693_492378_493535_+3_ATG_385
CP040693	498893	TAA	FF953_02175	498240	654	CDS		TTG	FF953_02175|CP040693_498240_498893_+3_TTG_217
CP040693	500697	TGA	FF953_02185	499675	1023	CDS		ATG	FF953_02185|CP040693_499675_500697_+1_ATG_340
CP040693	500900	TGA	FF953_02190	500694	207	CDS		ATG	FF953_02190|CP040693_500694_500900_+3_ATG_68
CP040693	501651	TAA	FF953_02195	500893	759	CDS		GTG	FF953_02195|CP040693_500893_501651_+1_GTG_252
CP040693	501825	TAG	FF953_02200	501673	153	CDS		GTG	FF953_02200|CP040693_501673_501825_+1_GTG_50
CP040693	503525	TGA	FF953_02205	502023	1503	CDS		ATG	FF953_02205|CP040693_502023_503525_+3_ATG_500
CP040693	505109	TAG	FF953_02210	503613	1497	CDS		ATG	FF953_02210|CP040693_503613_505109_+3_ATG_498
CP040693	517567	TGA	FF953_02265	517259	309	CDS		ATG	FF953_02265|CP040693_517259_517567_+2_ATG_102
CP040693	518093	TGA	FF953_02270	517599	495	CDS		GTG	FF953_02270|CP040693_517599_518093_+3_GTG_164
CP040693	518848	TAG	FF953_02275	518126	723	CDS		ATG	FF953_02275|CP040693_518126_518848_+2_ATG_240
CP040693	519980	TAG	FF953_02280	518850	1131	CDS		TTG	FF953_02280|CP040693_518850_519980_+3_TTG_376
CP040693	520693	TAA	FF953_02285	520040	654	CDS		ATG	FF953_02285|CP040693_520040_520693_+2_ATG_217
CP040693	528756	TGA	FF953_02315	527134	1623	CDS		ATG	FF953_02315|CP040693_527134_528756_+1_ATG_540
CP040693	531437	TAA	FF953_02330	530922	516	CDS		ATG	FF953_02330|CP040693_530922_531437_+3_ATG_171
CP040693	541378	TGA	FF953_02375	540668	711	CDS		GTG	FF953_02375|CP040693_540668_541378_+2_GTG_236
CP040693	541703	TGA	FF953_02380	541512	192	CDS		TTG	FF953_02380|CP040693_541512_541703_+3_TTG_63
CP040693	543256	TGA	FF953_02385	541700	1557	CDS		ATG	FF953_02385|CP040693_541700_543256_+2_ATG_518
CP040693	543711	TAG	FF953_02390	543361	351	CDS		TTG	FF953_02390|CP040693_543361_543711_+1_TTG_116
CP040693	549724	TGA	FF953_02420	548201	1524	CDS		ATG	FF953_02420|CP040693_548201_549724_+2_ATG_507
CP040693	550215	TAG	FF953_02425	549724	492	CDS		ATG	FF953_02425|CP040693_549724_550215_+1_ATG_163
CP040693	550514	TGA	FF953_02430	550275	240	CDS		ATG	FF953_02430|CP040693_550275_550514_+3_ATG_79
CP040693	551076	TAG	FF953_02435	550552	525	CDS		GTG	FF953_02435|CP040693_550552_551076_+1_GTG_174
CP040693	552534	TGA	FF953_02440	551140	1395	CDS		GTG	FF953_02440|CP040693_551140_552534_+1_GTG_464
CP040693	552835	TGA	FF953_02445	552542	294	CDS		ATG	FF953_02445|CP040693_552542_552835_+2_ATG_97
CP040693	555778	TGA	FF953_02460	554984	795	CDS		GTG	FF953_02460|CP040693_554984_555778_+2_GTG_264
CP040693	557339	TAG	FF953_02465	556053	1287	CDS		ATG	FF953_02465|CP040693_556053_557339_+3_ATG_428
CP040693	558281	TGA	FF953_02470	557421	861	CDS		GTG	FF953_02470|CP040693_557421_558281_+3_GTG_286
CP040693	559274	TAG	FF953_02475	558414	861	CDS		ATG	FF953_02475|CP040693_558414_559274_+3_ATG_286
CP040693	563460	TGA	FF953_02500	562090	1371	CDS		GTG	FF953_02500|CP040693_562090_563460_+1_GTG_456
CP040693	563969	TAG	FF953_02505	563547	423	CDS		ATG	FF953_02505|CP040693_563547_563969_+3_ATG_140
CP040693	564922	TAG	FF953_02510	564323	600	CDS		ATG	FF953_02510|CP040693_564323_564922_+2_ATG_199
CP040693	565297	TAA	FF953_02515	565034	264	CDS		ATG	FF953_02515|CP040693_565034_565297_+2_ATG_87
CP040693	565748	TAG	FF953_02520	565302	447	CDS		ATG	FF953_02520|CP040693_565302_565748_+3_ATG_148
CP040693	566422	TGA	FF953_02525	565748	675	CDS		GTG	FF953_02525|CP040693_565748_566422_+2_GTG_224
CP040693	570174	TAG	FF953_02545	569065	1110	CDS		ATG	FF953_02545|CP040693_569065_570174_+1_ATG_369
CP040693	571591	TAG	FF953_02550	570236	1356	CDS		GTG	FF953_02550|CP040693_570236_571591_+2_GTG_451
CP040693	573826	TGA	FF953_02560	572510	1317	CDS		GTG	FF953_02560|CP040693_572510_573826_+2_GTG_438
CP040693	575316	TGA	FF953_02565	573874	1443	CDS		ATG	FF953_02565|CP040693_573874_575316_+1_ATG_480
CP040693	575864	TAG	FF953_02570	575313	552	CDS		GTG	FF953_02570|CP040693_575313_575864_+3_GTG_183
CP040693	576795	TGA	FF953_02575	576190	606	CDS		ATG	FF953_02575|CP040693_576190_576795_+1_ATG_201
CP040693	577701	TAA	FF953_02580	576952	750	CDS		ATG	FF953_02580|CP040693_576952_577701_+1_ATG_249
CP040693	579107	TGA	FF953_02585	577875	1233	CDS		GTG	FF953_02585|CP040693_577875_579107_+3_GTG_410
CP040693	579994	TAG	FF953_02595	579311	684	CDS		ATG	FF953_02595|CP040693_579311_579994_+2_ATG_227
CP040693	583925	TAG	FF953_02615	583197	729	CDS		TTG	FF953_02615|CP040693_583197_583925_+3_TTG_242
CP040693	585882	TGA	FF953_02625	584896	987	CDS		GTG	FF953_02625|CP040693_584896_585882_+1_GTG_328
CP040693	586811	TAG	FF953_02630	585879	933	CDS		ATG	FF953_02630|CP040693_585879_586811_+3_ATG_310
CP040693	587669	TGA	FF953_02635	586827	843	CDS		GTG	FF953_02635|CP040693_586827_587669_+3_GTG_280
CP040693	588560	TAG	FF953_02640	587685	876	CDS		ATG	FF953_02640|CP040693_587685_588560_+3_ATG_291
CP040693	589472	TGA	FF953_02645	588585	888	CDS		ATG	FF953_02645|CP040693_588585_589472_+3_ATG_295
CP040693	589849	TAG	FF953_02650	589613	237	CDS		ATG	FF953_02650|CP040693_589613_589849_+2_ATG_78
CP040693	590078	TAG	FF953_02655	589977	102	CDS		ATG	FF953_02655|CP040693_589977_590078_+3_ATG_33
CP040693	591286	TAG	FF953_02660	590156	1131	CDS		GTG	FF953_02660|CP040693_590156_591286_+2_GTG_376
CP040693	592369	TGA	FF953_02665	591293	1077	CDS		ATG	FF953_02665|CP040693_591293_592369_+2_ATG_358
CP040693	595704	TGA	FF953_02685	595261	444	CDS		GTG	FF953_02685|CP040693_595261_595704_+1_GTG_147
CP040693	598607	TAG	FF953_02690	595701	2907	CDS		ATG	FF953_02690|CP040693_595701_598607_+3_ATG_968
CP040693	598893	TAG	FF953_02695	598600	294	CDS		ATG	FF953_02695|CP040693_598600_598893_+1_ATG_97
CP040693	600349	TGA	FF953_02700	598943	1407	CDS		GTG	FF953_02700|CP040693_598943_600349_+2_GTG_468
CP040693	601288	TAG	FF953_02705	600359	930	CDS		GTG	FF953_02705|CP040693_600359_601288_+2_GTG_309
CP040693	603018	TAG	FF953_02710	601321	1698	CDS		ATG	FF953_02710|CP040693_601321_603018_+1_ATG_565
CP040693	604093	TGA	FF953_02715	603104	990	CDS		ATG	FF953_02715|CP040693_603104_604093_+2_ATG_329
CP040693	604654	TGA	FF953_02720	604106	549	CDS		ATG	FF953_02720|CP040693_604106_604654_+2_ATG_182
CP040693	604950	TGA	FF953_02725	604651	300	CDS		GTG	FF953_02725|CP040693_604651_604950_+1_GTG_99
CP040693	606564	TAG	FF953_02730	605029	1536	CDS		ATG	FF953_02730|CP040693_605029_606564_+1_ATG_511
CP040693	608558	TGA	FF953_02740	607248	1311	CDS		ATG	FF953_02740|CP040693_607248_608558_+3_ATG_436
CP040693	609385	TGA	FF953_02745	608690	696	CDS		GTG	FF953_02745|CP040693_608690_609385_+2_GTG_231
CP040693	610818	TAA	FF953_02755	610618	201	CDS		GTG	FF953_02755|CP040693_610618_610818_+1_GTG_66
CP040693	611107	TGA	FF953_02760	610757	351	CDS		ATG	FF953_02760|CP040693_610757_611107_+2_ATG_116
CP040693	611405	TGA	FF953_02765	611100	306	CDS		ATG	FF953_02765|CP040693_611100_611405_+3_ATG_101
CP040693	612844	TGA	FF953_02770	611459	1386	CDS		CTG	FF953_02770|CP040693_611459_612844_+2_CTG_461
CP040693	614725	TGA	FF953_02780	613337	1389	CDS		ATG	FF953_02780|CP040693_613337_614725_+2_ATG_462
CP040693	615333	TGA	FF953_02785	614725	609	CDS		ATG	FF953_02785|CP040693_614725_615333_+1_ATG_202
CP040693	615998	TGA	FF953_02790	615348	651	CDS		ATG	FF953_02790|CP040693_615348_615998_+3_ATG_216
CP040693	616774	TGA	FF953_02795	615995	780	CDS		ATG	FF953_02795|CP040693_615995_616774_+2_ATG_259
CP040693	618396	TGA	FF953_02800	616807	1590	CDS		ATG	FF953_02800|CP040693_616807_618396_+1_ATG_529
CP040693	619367	TGA	FF953_02805	618393	975	CDS		TTG	FF953_02805|CP040693_618393_619367_+3_TTG_324
CP040693	620626	TAG	FF953_02810	619409	1218	CDS		GTG	FF953_02810|CP040693_619409_620626_+2_GTG_405
CP040693	621148	TGA	FF953_02820	620831	318	CDS		GTG	FF953_02820|CP040693_620831_621148_+2_GTG_105
CP040693	621302	TAA	FF953_02825	621120	183	CDS		GTG	FF953_02825|CP040693_621120_621302_+3_GTG_60
CP040693	623163	TAA	FF953_02830	621295	1869	CDS		ATG	FF953_02830|CP040693_621295_623163_+1_ATG_622
CP040693	625837	TGA	FF953_02845	625043	795	CDS		ATG	FF953_02845|CP040693_625043_625837_+2_ATG_264
CP040693	626874	TGA	FF953_02850	625834	1041	CDS		ATG	FF953_02850|CP040693_625834_626874_+1_ATG_346
CP040693	630272	TGA	FF953_02860	628626	1647	CDS		ATG	FF953_02860|CP040693_628626_630272_+3_ATG_548
CP040693	630961	TGA	FF953_02865	630329	633	CDS		GTG	FF953_02865|CP040693_630329_630961_+2_GTG_210
CP040693	631620	TGA	FF953_02870	630958	663	CDS		GTG	FF953_02870|CP040693_630958_631620_+1_GTG_220
CP040693	643079	TGA	FF953_02930	641475	1605	CDS		ATG	FF953_02930|CP040693_641475_643079_+3_ATG_534
CP040693	644056	TGA	FF953_02935	643076	981	CDS		GTG	FF953_02935|CP040693_643076_644056_+2_GTG_326
CP040693	644841	TGA	FF953_02940	644053	789	CDS		GTG	FF953_02940|CP040693_644053_644841_+1_GTG_262
CP040693	646548	TGA	FF953_02945	644884	1665	CDS		GTG	FF953_02945|CP040693_644884_646548_+1_GTG_554
CP040693	647060	TGA	FF953_02950	646545	516	CDS		GTG	FF953_02950|CP040693_646545_647060_+3_GTG_171
CP040693	648258	TAA	FF953_02955	647122	1137	CDS		GTG	FF953_02955|CP040693_647122_648258_+1_GTG_378
CP040693	648979	TGA	FF953_02960	648275	705	CDS		ATG	FF953_02960|CP040693_648275_648979_+2_ATG_234
CP040693	652364	TAG	FF953_02980	651357	1008	CDS		GTG	FF953_02980|CP040693_651357_652364_+3_GTG_335
CP040693	653325	TGA	FF953_02985	652465	861	CDS		ATG	FF953_02985|CP040693_652465_653325_+1_ATG_286
CP040693	657926	TAG	FF953_03010	656907	1020	CDS		GTG	FF953_03010|CP040693_656907_657926_+3_GTG_339
CP040693	659454	TGA	FF953_03015	658036	1419	CDS		ATG	FF953_03015|CP040693_658036_659454_+1_ATG_472
CP040693	659855	TAG	FF953_03020	659589	267	CDS		ATG	FF953_03020|CP040693_659589_659855_+3_ATG_88
CP040693	661959	TGA	FF953_03025	659881	2079	CDS		GTG	FF953_03025|CP040693_659881_661959_+1_GTG_692
CP040693	662165	TAG	FF953_03030	661971	195	CDS		ATG	FF953_03030|CP040693_661971_662165_+3_ATG_64
CP040693	669738	TAA	FF953_03065	668434	1305	CDS		ATG	FF953_03065|CP040693_668434_669738_+1_ATG_434
CP040693	670537	TAG	FF953_03070	669752	786	CDS		ATG	FF953_03070|CP040693_669752_670537_+2_ATG_261
CP040693	674890	TGA	FF953_03080	674411	480	CDS		TTG	FF953_03080|CP040693_674411_674890_+2_TTG_159
CP040693	675576	TGA	FF953_03085	674818	759	CDS		ATG	FF953_03085|CP040693_674818_675576_+1_ATG_252
CP040693	676505	TGA	FF953_03095	676290	216	CDS		GTG	FF953_03095|CP040693_676290_676505_+3_GTG_71
CP040693	676909	TAA	FF953_03100	676502	408	CDS		GTG	FF953_03100|CP040693_676502_676909_+2_GTG_135
CP040693	680442	TGA	FF953_03110	677809	2634	CDS		ATG	FF953_03110|CP040693_677809_680442_+1_ATG_877
CP040693	683712	TGA	FF953_03120	682990	723	CDS		ATG	FF953_03120|CP040693_682990_683712_+1_ATG_240
CP040693	684506	TAG	FF953_03125	683709	798	CDS		ATG	FF953_03125|CP040693_683709_684506_+3_ATG_265
CP040693	685395	TAG	FF953_03130	684508	888	CDS		ATG	FF953_03130|CP040693_684508_685395_+1_ATG_295
CP040693	686615	TGA	FF953_03135	685401	1215	CDS		GTG	FF953_03135|CP040693_685401_686615_+3_GTG_404
CP040693	687643	TGA	FF953_03140	686612	1032	CDS		ATG	FF953_03140|CP040693_686612_687643_+2_ATG_343
CP040693	689085	TGA	FF953_03145	687640	1446	CDS		ATG	FF953_03145|CP040693_687640_689085_+1_ATG_481
CP040693	690608	TGA	FF953_03150	689082	1527	CDS		ATG	FF953_03150|CP040693_689082_690608_+3_ATG_508
CP040693	691813	TGA	FF953_03155	690605	1209	CDS		GTG	FF953_03155|CP040693_690605_691813_+2_GTG_402
CP040693	693368	TGA	FF953_03160	691818	1551	CDS		ATG	FF953_03160|CP040693_691818_693368_+3_ATG_516
CP040693	698748	TAG	FF953_03205	698437	312	CDS		ATG	FF953_03205|CP040693_698437_698748_+1_ATG_103
CP040693	699770	TGA	FF953_03210	698820	951	CDS		ATG	FF953_03210|CP040693_698820_699770_+3_ATG_316
CP040693	700595	TGA	FF953_03215	700011	585	CDS		ATG	FF953_03215|CP040693_700011_700595_+3_ATG_194
CP040693	701340	TAA	FF953_03220	700597	744	CDS		ATG	FF953_03220|CP040693_700597_701340_+1_ATG_247
CP040693	701780	TGA	FF953_03225	701394	387	CDS		GTG	FF953_03225|CP040693_701394_701780_+3_GTG_128
CP040693	702070	TGA	FF953_03230	701825	246	CDS		ATG	FF953_03230|CP040693_701825_702070_+2_ATG_81
CP040693	702468	TGA	FF953_03235	702067	402	CDS		GTG	FF953_03235|CP040693_702067_702468_+1_GTG_133
CP040693	702638	TGA	FF953_03240	702411	228	CDS		GTG	FF953_03240|CP040693_702411_702638_+3_GTG_75
CP040693	702793	TAG	FF953_03245	702566	228	CDS		GTG	FF953_03245|CP040693_702566_702793_+2_GTG_75
CP040693	705510	TGA	FF953_03270	704905	606	CDS		GTG	FF953_03270|CP040693_704905_705510_+1_GTG_201
CP040693	708929	TGA	FF953_03280	708180	750	CDS		GTG	FF953_03280|CP040693_708180_708929_+3_GTG_249
CP040693	709168	TAG	FF953_03285	708926	243	CDS		GTG	FF953_03285|CP040693_708926_709168_+2_GTG_80
CP040693	709590	TGA	FF953_03295	709363	228	CDS		GTG	FF953_03295|CP040693_709363_709590_+1_GTG_75
CP040693	709988	TGA	FF953_03300	709587	402	CDS		GTG	FF953_03300|CP040693_709587_709988_+3_GTG_133
CP040693	710812	TGA	FF953_03305	710117	696	CDS		ATG	FF953_03305|CP040693_710117_710812_+2_ATG_231
CP040693	711300	TGA	FF953_03310	710809	492	CDS		CTG	FF953_03310|CP040693_710809_711300_+1_CTG_163
CP040693	712388	TGA	FF953_03315	711297	1092	CDS		ATG	FF953_03315|CP040693_711297_712388_+3_ATG_363
CP040693	713847	TGA	FF953_03325	712783	1065	CDS		ATG	FF953_03325|CP040693_712783_713847_+1_ATG_354
CP040693	714898	TGA	FF953_03330	713951	948	CDS		ATG	FF953_03330|CP040693_713951_714898_+2_ATG_315
CP040693	715245	TGA	FF953_03335	714991	255	CDS		ATG	FF953_03335|CP040693_714991_715245_+1_ATG_84
CP040693	715640	TAA	FF953_03340	715245	396	CDS		ATG	FF953_03340|CP040693_715245_715640_+3_ATG_131
CP040693	716866	TGA	FF953_03350	716606	261	CDS		ATG	FF953_03350|CP040693_716606_716866_+2_ATG_86
CP040693	717270	TGA	FF953_03355	716863	408	CDS		GTG	FF953_03355|CP040693_716863_717270_+1_GTG_135
CP040693	729945	TGA	FF953_03395	729694	252	CDS		TTG	FF953_03395|CP040693_729694_729945_+1_TTG_83
CP040693	730460	TAA	FF953_03410	730293	168	CDS		ATG	FF953_03410|CP040693_730293_730460_+3_ATG_55
CP040693	730987	TGA	FF953_03415	730511	477	CDS		GTG	FF953_03415|CP040693_730511_730987_+2_GTG_158
CP040693	731402	TAG	FF953_03420	730974	429	CDS		ATG	FF953_03420|CP040693_730974_731402_+3_ATG_142
CP040693	731906	TAA	FF953_03425	731406	501	CDS		ATG	FF953_03425|CP040693_731406_731906_+3_ATG_166
CP040693	732803	TGA	FF953_03435	732318	486	CDS		GTG	FF953_03435|CP040693_732318_732803_+3_GTG_161
CP040693	733551	TAG	FF953_03440	732835	717	CDS		GTG	FF953_03440|CP040693_732835_733551_+1_GTG_238
CP040693	734031	TAG	FF953_03445	733603	429	CDS		ATG	FF953_03445|CP040693_733603_734031_+1_ATG_142
CP040693	734805	TAG	FF953_03450	734098	708	CDS		ATG	FF953_03450|CP040693_734098_734805_+1_ATG_235
CP040693	745480	TGA	FF953_03485	741575	3906	CDS		ATG	FF953_03485|CP040693_741575_745480_+2_ATG_1301
CP040693	745773	TAA	FF953_03490	745477	297	CDS		ATG	FF953_03490|CP040693_745477_745773_+1_ATG_98
CP040693	746640	TAG	FF953_03495	746104	537	CDS		ATG	FF953_03495|CP040693_746104_746640_+1_ATG_178
CP040693	747069	TAG	FF953_03500	746677	393	CDS		ATG	FF953_03500|CP040693_746677_747069_+1_ATG_130
CP040693	749333	TGA	FF953_03510	747828	1506	CDS		ATG	FF953_03510|CP040693_747828_749333_+3_ATG_501
CP040693	750424	TAA	FF953_03515	749345	1080	CDS		GTG	FF953_03515|CP040693_749345_750424_+2_GTG_359
CP040693	756328	TAG	FF953_03555	753965	2364	CDS		ATG	FF953_03555|CP040693_753965_756328_+2_ATG_787
CP040693	756632	TGA	FF953_03560	756360	273	CDS		ATG	FF953_03560|CP040693_756360_756632_+3_ATG_90
CP040693	756967	TGA	FF953_03565	756629	339	CDS		GTG	FF953_03565|CP040693_756629_756967_+2_GTG_112
CP040693	757137	TGA	FF953_03570	756964	174	CDS		GTG	FF953_03570|CP040693_756964_757137_+1_GTG_57
CP040693	757352	TAG	FF953_03575	757122	231	CDS		TTG	FF953_03575|CP040693_757122_757352_+3_TTG_76
CP040693	761153	TAA	FF953_03580	757635	3519	CDS		TTG	FF953_03580|CP040693_757635_761153_+3_TTG_1172
CP040693	765148	TAG	FF953_03585	761198	3951	CDS		GTG	FF953_03585|CP040693_761198_765148_+2_GTG_1316
CP040693	768378	TGA	FF953_03600	767620	759	CDS		GTG	FF953_03600|CP040693_767620_768378_+1_GTG_252
CP040693	769252	TGA	FF953_03605	768410	843	CDS		ATG	FF953_03605|CP040693_768410_769252_+2_ATG_280
CP040693	770940	TGA	FF953_03610	769312	1629	CDS		ATG	FF953_03610|CP040693_769312_770940_+1_ATG_542
CP040693	771889	TAA	FF953_03615	770951	939	CDS		ATG	FF953_03615|CP040693_770951_771889_+2_ATG_312
CP040693	772614	TGA	FF953_03620	771892	723	CDS		ATG	FF953_03620|CP040693_771892_772614_+1_ATG_240
CP040693	773402	TAG	FF953_03625	772611	792	CDS		ATG	FF953_03625|CP040693_772611_773402_+3_ATG_263
CP040693	777315	TGA	FF953_03640	776818	498	CDS		GTG	FF953_03640|CP040693_776818_777315_+1_GTG_165
CP040693	779139	TAG	FF953_03655	778549	591	CDS		GTG	FF953_03655|CP040693_778549_779139_+1_GTG_196
CP040693	779762	TGA	FF953_03660	779388	375	CDS		ATG	FF953_03660|CP040693_779388_779762_+3_ATG_124
CP040693	780232	TGA	FF953_03665	779762	471	CDS		ATG	FF953_03665|CP040693_779762_780232_+2_ATG_156
CP040693	782418	TGA	FF953_03670	780313	2106	CDS		GTG	FF953_03670|CP040693_780313_782418_+1_GTG_701
CP040693	783839	TAG	FF953_03675	782649	1191	CDS		GTG	FF953_03675|CP040693_782649_783839_+3_GTG_396
CP040693	784774	TGA	FF953_03680	783977	798	CDS		GTG	FF953_03680|CP040693_783977_784774_+2_GTG_265
CP040693	785754	TGA	FF953_03685	784927	828	CDS		GTG	FF953_03685|CP040693_784927_785754_+1_GTG_275
CP040693	786988	TAG	FF953_03690	785768	1221	CDS		ATG	FF953_03690|CP040693_785768_786988_+2_ATG_406
CP040693	789674	TGA	FF953_03715	789585	90	CDS		ATG	FF953_03715|CP040693_789585_789674_+3_ATG_29
CP040693	789988	TGA	FF953_03720	789677	312	CDS		GTG	FF953_03720|CP040693_789677_789988_+2_GTG_103
CP040693	791160	TAG	FF953_03725	789985	1176	CDS		ATG	FF953_03725|CP040693_789985_791160_+1_ATG_391
CP040693	792353	TAG	FF953_03730	791163	1191	CDS		GTG	FF953_03730|CP040693_791163_792353_+3_GTG_396
CP040693	793298	TGA	FF953_03735	792543	756	CDS		GTG	FF953_03735|CP040693_792543_793298_+3_GTG_251
CP040693	794759	TAG	FF953_03740	793347	1413	CDS		ATG	FF953_03740|CP040693_793347_794759_+3_ATG_470
CP040693	796200	TGA	FF953_03745	794761	1440	CDS		GTG	FF953_03745|CP040693_794761_796200_+1_GTG_479
CP040693	796393	TGA	FF953_03750	796190	204	CDS		TTG	FF953_03750|CP040693_796190_796393_+2_TTG_67
CP040693	796622	GCC	FF953_03755	796476	147	CDS	true	GCG	FF953_03755_p|CP040693_796476_796622_+3_GCG_49
CP040693	797272	TGA	FF953_03760	796661	612	CDS		TTG	FF953_03760|CP040693_796661_797272_+2_TTG_203
CP040693	797678	TAG	FF953_03765	797457	222	CDS		ATG	FF953_03765|CP040693_797457_797678_+3_ATG_73
CP040693	798620	TAG	FF953_03775	798315	306	CDS		GTG	FF953_03775|CP040693_798315_798620_+3_GTG_101
CP040693	799290	TGA	FF953_03780	798637	654	CDS		ATG	FF953_03780|CP040693_798637_799290_+1_ATG_217
CP040693	799961	TGA	FF953_03785	799290	672	CDS		ATG	FF953_03785|CP040693_799290_799961_+3_ATG_223
CP040693	800263	TAG	FF953_03790	799961	303	CDS		ATG	FF953_03790|CP040693_799961_800263_+2_ATG_100
CP040693	801306	TAG	FF953_03795	800464	843	CDS		ATG	FF953_03795|CP040693_800464_801306_+1_ATG_280
CP040693	801628	TGA	FF953_03800	801347	282	CDS		ATG	FF953_03800|CP040693_801347_801628_+2_ATG_93
CP040693	802218	TAG	FF953_03805	801625	594	CDS		ATG	FF953_03805|CP040693_801625_802218_+1_ATG_197
CP040693	803042	TGA	FF953_03810	802218	825	CDS		GTG	FF953_03810|CP040693_802218_803042_+3_GTG_274
CP040693	803462	TGA	FF953_03815	803046	417	CDS		ATG	FF953_03815|CP040693_803046_803462_+3_ATG_138
CP040693	803695	TGA	FF953_03820	803462	234	CDS		ATG	FF953_03820|CP040693_803462_803695_+2_ATG_77
CP040693	804102	TAA	FF953_03825	803692	411	CDS		GTG	FF953_03825|CP040693_803692_804102_+1_GTG_136
CP040693	806634	TGA	FF953_03830	804271	2364	CDS		ATG	FF953_03830|CP040693_804271_806634_+1_ATG_787
CP040693	807581	TAG	FF953_03835	806682	900	CDS		GTG	FF953_03835|CP040693_806682_807581_+3_GTG_299
CP040693	808823	TAA	FF953_03840	807882	942	CDS		ATG	FF953_03840|CP040693_807882_808823_+3_ATG_313
CP040693	809677	TAG	FF953_03845	809309	369	CDS		GTG	FF953_03845|CP040693_809309_809677_+2_GTG_122
CP040693	809995	TGA	FF953_03850	809678	318	CDS		ATG	FF953_03850|CP040693_809678_809995_+2_ATG_105
CP040693	810558	TGA	FF953_03855	809995	564	CDS		ATG	FF953_03855|CP040693_809995_810558_+1_ATG_187
CP040693	810748	TAA	FF953_03860	810563	186	CDS		ATG	FF953_03860|CP040693_810563_810748_+2_ATG_61
CP040693	811310	TGA	FF953_03865	810912	399	CDS		ATG	FF953_03865|CP040693_810912_811310_+3_ATG_132
CP040693	811873	TAG	FF953_03870	811334	540	CDS		ATG	FF953_03870|CP040693_811334_811873_+2_ATG_179
CP040693	812244	TGA	FF953_03875	811876	369	CDS		ATG	FF953_03875|CP040693_811876_812244_+1_ATG_122
CP040693	812926	TAG	FF953_03880	812264	663	CDS		ATG	FF953_03880|CP040693_812264_812926_+2_ATG_220
CP040693	813126	TAG	FF953_03885	812929	198	CDS		ATG	FF953_03885|CP040693_812929_813126_+1_ATG_65
CP040693	813566	TAG	FF953_03890	813126	441	CDS		GTG	FF953_03890|CP040693_813126_813566_+3_GTG_146
CP040693	815470	TAG	FF953_03895	813599	1872	CDS		ATG	FF953_03895|CP040693_813599_815470_+2_ATG_623
CP040693	820789	TGA	FF953_03920	819443	1347	CDS		GTG	FF953_03920|CP040693_819443_820789_+2_GTG_448
CP040693	821530	TAG	FF953_03925	820802	729	CDS		ATG	FF953_03925|CP040693_820802_821530_+2_ATG_242
CP040693	824061	TGA	FF953_03935	822736	1326	CDS		GTG	FF953_03935|CP040693_822736_824061_+1_GTG_441
CP040693	824603	TAG	FF953_03940	824058	546	CDS		GTG	FF953_03940|CP040693_824058_824603_+3_GTG_181
CP040693	825406	TAG	FF953_03945	824606	801	CDS		ATG	FF953_03945|CP040693_824606_825406_+2_ATG_266
CP040693	826012	TGA	FF953_03950	825479	534	CDS		GTG	FF953_03950|CP040693_825479_826012_+2_GTG_177
CP040693	826828	TAA	FF953_03955	826076	753	CDS		ATG	FF953_03955|CP040693_826076_826828_+2_ATG_250
CP040693	827095	TGA	FF953_03960	826883	213	CDS		GTG	FF953_03960|CP040693_826883_827095_+2_GTG_70
CP040693	827640	TGA	FF953_03965	827143	498	CDS		GTG	FF953_03965|CP040693_827143_827640_+1_GTG_165
CP040693	827849	TAA	FF953_03970	827637	213	CDS		TTG	FF953_03970|CP040693_827637_827849_+3_TTG_70
CP040693	828546	TGA	FF953_03975	827998	549	CDS		GTG	FF953_03975|CP040693_827998_828546_+1_GTG_182
CP040693	829599	TGA	FF953_03985	828751	849	CDS		ATG	FF953_03985|CP040693_828751_829599_+1_ATG_282
CP040693	830241	TGA	FF953_03990	829714	528	CDS		ATG	FF953_03990|CP040693_829714_830241_+1_ATG_175
CP040693	830786	TAG	FF953_03995	830463	324	CDS	true	CTA	FF953_03995_p|CP040693_830463_830786_+3_CTA_107
CP040693	831446	TGA	FF953_04000	830919	528	CDS		ATA	FF953_04000|CP040693_830919_831446_+3_ATA_175
CP040693	833619	TGA	FF953_04020	833092	528	CDS		GTG	FF953_04020|CP040693_833092_833619_+1_GTG_175
CP040693	835546	TAG	FF953_04025	833639	1908	CDS		ATG	FF953_04025|CP040693_833639_835546_+2_ATG_635
CP040693	835865	TGA	FF953_04030	835623	243	CDS		ATG	FF953_04030|CP040693_835623_835865_+3_ATG_80
CP040693	838218	TAG	FF953_04035	835945	2274	CDS		ATG	FF953_04035|CP040693_835945_838218_+1_ATG_757
CP040693	838566	TAA	FF953_04040	838309	258	CDS		ATG	FF953_04040|CP040693_838309_838566_+1_ATG_85
CP040693	839018	TAG	FF953_04045	838590	429	CDS		ATG	FF953_04045|CP040693_838590_839018_+3_ATG_142
CP040693	839640	TGA	FF953_04055	839395	246	CDS		GTG	FF953_04055|CP040693_839395_839640_+1_GTG_81
CP040693	845275	TGA	FF953_04075	843521	1755	CDS		ATG	FF953_04075|CP040693_843521_845275_+2_ATG_584
CP040693	851071	TGA	FF953_04105	850328	744	CDS		ATG	FF953_04105|CP040693_850328_851071_+2_ATG_247
CP040693	852573	TGA	FF953_04110	851116	1458	CDS		ATG	FF953_04110|CP040693_851116_852573_+1_ATG_485
CP040693	861101	TAG	FF953_04160	859632	1470	CDS		ATG	FF953_04160|CP040693_859632_861101_+3_ATG_489
CP040693	861878	TGA	FF953_04165	861132	747	CDS		ATG	FF953_04165|CP040693_861132_861878_+3_ATG_248
CP040693	862863	TGA	FF953_04170	861976	888	CDS		ATG	FF953_04170|CP040693_861976_862863_+1_ATG_295
CP040693	863294	TAG	FF953_04175	862860	435	CDS		ATG	FF953_04175|CP040693_862860_863294_+3_ATG_144
CP040693	864574	TAG	FF953_04180	863306	1269	CDS		GTG	FF953_04180|CP040693_863306_864574_+2_GTG_422
CP040693	867750	TGA	FF953_04195	867127	624	CDS		ATG	FF953_04195|CP040693_867127_867750_+1_ATG_207
CP040693	870146	TAG	FF953_04205	868728	1419	CDS		GTG	FF953_04205|CP040693_868728_870146_+3_GTG_472
CP040693	871395	TAG	FF953_04210	870151	1245	CDS		ATG	FF953_04210|CP040693_870151_871395_+1_ATG_414
CP040693	872956	TGA	FF953_04220	872063	894	CDS		ATG	FF953_04220|CP040693_872063_872956_+2_ATG_297
CP040693	875112	TAG	FF953_04225	872953	2160	CDS		ATG	FF953_04225|CP040693_872953_875112_+1_ATG_719
CP040693	875551	TAG	FF953_04230	875366	186	CDS		CTG	FF953_04230|CP040693_875366_875551_+2_CTG_61
CP040693	878046	TGA	FF953_04240	877360	687	CDS		GTG	FF953_04240|CP040693_877360_878046_+1_GTG_228
CP040693	879762	TAG	FF953_04245	878062	1701	CDS		GTG	FF953_04245|CP040693_878062_879762_+1_GTG_566
CP040693	881140	TGA	FF953_04255	880421	720	CDS		ATG	FF953_04255|CP040693_880421_881140_+2_ATG_239
CP040693	881485	TGA	FF953_04260	881246	240	CDS		GTG	FF953_04260|CP040693_881246_881485_+2_GTG_79
CP040693	882156	TGA	FF953_04265	881482	675	CDS		GTG	FF953_04265|CP040693_881482_882156_+1_GTG_224
CP040693	885746	TAG	FF953_04290	885441	306	CDS		ATG	FF953_04290|CP040693_885441_885746_+3_ATG_101
CP040693	889027	TGA	FF953_04300	887766	1263	fCDS		ATG	FF953_04300_fCDS|CP040693_887766_889027_+3_ATG_420
CP040693	890203	TGA	FF953_04305	889109	1095	CDS	true	ATG	FF953_04305_p|CP040693_889109_890203_+2_ATG_364
CP040693	893340	TAG	FF953_04320	892039	1302	CDS		ATG	FF953_04320|CP040693_892039_893340_+1_ATG_433
CP040693	893699	TAA	FF953_04325	893352	348	CDS		ATG	FF953_04325|CP040693_893352_893699_+3_ATG_115
CP040693	896805	TGA	FF953_04335	894541	2265	CDS		GTG	FF953_04335|CP040693_894541_896805_+1_GTG_754
CP040693	897431	TGA	FF953_04340	896802	630	CDS		ATG	FF953_04340|CP040693_896802_897431_+3_ATG_209
CP040693	898508	TGA	FF953_04345	897552	957	CDS		GTG	FF953_04345|CP040693_897552_898508_+3_GTG_318
CP040693	900745	TGA	FF953_04355	900356	390	CDS		ATG	FF953_04355|CP040693_900356_900745_+2_ATG_129
CP040693	902415	TGA	FF953_04360	900832	1584	CDS		GTG	FF953_04360|CP040693_900832_902415_+1_GTG_527
CP040693	903540	TAA	FF953_04365	902446	1095	CDS		ATG	FF953_04365|CP040693_902446_903540_+1_ATG_364
CP040693	906013	TGA	FF953_04380	905144	870	CDS		GTG	FF953_04380|CP040693_905144_906013_+2_GTG_289
CP040693	910460	TGA	FF953_04410	909693	768	CDS		TTG	FF953_04410|CP040693_909693_910460_+3_TTG_255
CP040693	911404	TGA	FF953_04415	910457	948	CDS		GTG	FF953_04415|CP040693_910457_911404_+2_GTG_315
CP040693	912223	TAG	FF953_04420	911447	777	CDS		GTG	FF953_04420|CP040693_911447_912223_+2_GTG_258
CP040693	919407	TGA	FF953_04455	918352	1056	CDS		GTG	FF953_04455|CP040693_918352_919407_+1_GTG_351
CP040693	920583	TGA	FF953_04470	920293	291	CDS		TTG	FF953_04470|CP040693_920293_920583_+1_TTG_96
CP040693	921593	TAA	FF953_04475	920688	906	CDS		ATG	FF953_04475|CP040693_920688_921593_+3_ATG_301
CP040693	924082	TGA	FF953_04505	923669	414	CDS		GTG	FF953_04505|CP040693_923669_924082_+2_GTG_137
CP040693	926037	TAG	FF953_04510	924079	1959	CDS		TTG	FF953_04510|CP040693_924079_926037_+1_TTG_652
CP040693	926235	TGA	FF953_04515	926056	180	CDS		GTG	FF953_04515|CP040693_926056_926235_+1_GTG_59
CP040693	930024	TAG	FF953_04525	929380	645	CDS		GTG	FF953_04525|CP040693_929380_930024_+1_GTG_214
CP040693	933917	TGA	FF953_04555	933147	771	CDS		GTG	FF953_04555|CP040693_933147_933917_+3_GTG_256
CP040693	934816	TAA	FF953_04560	934004	813	CDS		GTG	FF953_04560|CP040693_934004_934816_+2_GTG_270
CP040693	936095	TGA	FF953_04570	935832	264	CDS		ATG	FF953_04570|CP040693_935832_936095_+3_ATG_87
CP040693	936262	TGA	FF953_04575	936020	243	CDS		GTG	FF953_04575|CP040693_936020_936262_+2_GTG_80
CP040693	937831	TGA	FF953_04580	936539	1293	CDS		TTG	FF953_04580|CP040693_936539_937831_+2_TTG_430
CP040693	938819	TGA	FF953_04585	937815	1005	CDS		GTG	FF953_04585|CP040693_937815_938819_+3_GTG_334
CP040693	940894	TGA	FF953_04595	939617	1278	CDS		GTG	FF953_04595|CP040693_939617_940894_+2_GTG_425
CP040693	943162	TGA	FF953_04605	942770	393	CDS		GTG	FF953_04605|CP040693_942770_943162_+2_GTG_130
CP040693	944483	TAA	FF953_04610	943365	1119	CDS		GTG	FF953_04610|CP040693_943365_944483_+3_GTG_372
CP040693	945742	TGA	FF953_04615	944483	1260	CDS		ATG	FF953_04615|CP040693_944483_945742_+2_ATG_419
CP040693	946071	TAA	FF953_04620	945739	333	CDS		GTG	FF953_04620|CP040693_945739_946071_+1_GTG_110
CP040693	947129	GAT	FF953_04630	947034	96	CDS	true	TTG	FF953_04630_p|CP040693_947034_947129_+3_TTG_32
CP040693	947822	TGA	FF953_04635	947184	639	CDS		GTG	FF953_04635|CP040693_947184_947822_+3_GTG_212
CP040693	950053	TAG	FF953_04645	949610	444	CDS		ATG	FF953_04645|CP040693_949610_950053_+2_ATG_147
CP040693	951138	TAA	FF953_04650	950059	1080	CDS		GTG	FF953_04650|CP040693_950059_951138_+1_GTG_359
CP040693	951656	TGA	FF953_04655	951252	405	CDS		ATG	FF953_04655|CP040693_951252_951656_+3_ATG_134
CP040693	952157	TAG	FF953_04660	951684	474	CDS		GTG	FF953_04660|CP040693_951684_952157_+3_GTG_157
CP040693	954715	TAA	FF953_04670	953504	1212	CDS		ATG	FF953_04670|CP040693_953504_954715_+2_ATG_403
CP040693	956882	TGA	FF953_04675	954720	2163	CDS		ATG	FF953_04675|CP040693_954720_956882_+3_ATG_720
CP040693	961254	TAA	FF953_04695	961054	201	CDS		GTG	FF953_04695|CP040693_961054_961254_+1_GTG_66
CP040693	961767	TGA	FF953_04700	961264	504	CDS		ATG	FF953_04700|CP040693_961264_961767_+1_ATG_167
CP040693	962246	TGA	FF953_04705	961764	483	CDS		ATG	FF953_04705|CP040693_961764_962246_+3_ATG_160
CP040693	962668	TAA	FF953_04710	962243	426	CDS		ATG	FF953_04710|CP040693_962243_962668_+2_ATG_141
CP040693	966679	TAA	FF953_04735	966272	408	CDS		GTG	FF953_04735|CP040693_966272_966679_+2_GTG_135
CP040693	970839	TAG	FF953_04750	968887	1953	CDS		ATG	FF953_04750|CP040693_968887_970839_+1_ATG_650
CP040693	975245	TAG	FF953_04770	974457	789	CDS		GTG	FF953_04770|CP040693_974457_975245_+3_GTG_262
CP040693	977747	TGA	FF953_04785	977316	432	CDS		GTG	FF953_04785|CP040693_977316_977747_+3_GTG_143
CP040693	978610	TGA	FF953_04790	977744	867	CDS		GTG	FF953_04790|CP040693_977744_978610_+2_GTG_288
CP040693	978891	TAG	FF953_04795	978607	285	CDS		GTG	FF953_04795|CP040693_978607_978891_+1_GTG_94
CP040693	982166	TAG	FF953_04810	981144	1023	CDS		ATG	FF953_04810|CP040693_981144_982166_+3_ATG_340
CP040693	983912	TGA	FF953_04815	982185	1728	CDS		ATG	FF953_04815|CP040693_982185_983912_+3_ATG_575
CP040693	984917	TGA	FF953_04825	984651	267	CDS		ATG	FF953_04825|CP040693_984651_984917_+3_ATG_88
CP040693	987088	TGA	FF953_04830	985615	1474	CDS	true	ATG	FF953_04830_p|CP040693_985615_987088_+1_ATG_491
CP040693	992135	TAG	FF953_04850	991761	375	CDS		ATG	FF953_04850|CP040693_991761_992135_+3_ATG_124
CP040693	993723	TGA	FF953_04855	992236	1488	CDS		ATG	FF953_04855|CP040693_992236_993723_+1_ATG_495
CP040693	996088	TGA	FF953_04865	994907	1182	CDS		ATG	FF953_04865|CP040693_994907_996088_+2_ATG_393
CP040693	997682	TAA	FF953_04870	996165	1518	CDS		GTG	FF953_04870|CP040693_996165_997682_+3_GTG_505
CP040693	999150	TAG	FF953_04875	997855	1296	CDS		GTG	FF953_04875|CP040693_997855_999150_+1_GTG_431
CP040693	1002175	TAA	FF953_04890	1001195	981	CDS		GTG	FF953_04890|CP040693_1001195_1002175_+2_GTG_326
CP040693	1002340	TGA	FF953_04895	1002188	153	CDS		ATG	FF953_04895|CP040693_1002188_1002340_+2_ATG_50
CP040693	1002867	TGA	FF953_04900	1002340	528	CDS		ATG	FF953_04900|CP040693_1002340_1002867_+1_ATG_175
CP040693	1007321	TAA	FF953_04920	1006590	732	CDS		ATG	FF953_04920|CP040693_1006590_1007321_+3_ATG_243
CP040693	1008445	TAA	FF953_04925	1007327	1119	CDS		ATG	FF953_04925|CP040693_1007327_1008445_+2_ATG_372
CP040693	1010118	TGA	FF953_04930	1008568	1551	CDS		GTG	FF953_04930|CP040693_1008568_1010118_+1_GTG_516
CP040693	1012508	TAA	FF953_04935	1010115	2394	CDS		ATG	FF953_04935|CP040693_1010115_1012508_+3_ATG_797
CP040693	1013244	TAG	FF953_04940	1013065	180	CDS		ATG	FF953_04940|CP040693_1013065_1013244_+1_ATG_59
CP040693	1013684	TGA	FF953_04945	1013250	435	CDS		ATG	FF953_04945|CP040693_1013250_1013684_+3_ATG_144
CP040693	1014555	TAA	FF953_04950	1013782	774	CDS		GTG	FF953_04950|CP040693_1013782_1014555_+1_GTG_257
CP040693	1015069	TAG	FF953_04955	1014620	450	CDS		ATG	FF953_04955|CP040693_1014620_1015069_+2_ATG_149
CP040693	1022252	TGA	FF953_04985	1020471	1782	CDS		ATG	FF953_04985|CP040693_1020471_1022252_+3_ATG_593
CP040693	1022506	TGA	FF953_04990	1022249	258	CDS		ATG	FF953_04990|CP040693_1022249_1022506_+2_ATG_85
CP040693	1023071	TGA	FF953_04995	1022595	477	CDS		TTG	FF953_04995|CP040693_1022595_1023071_+3_TTG_158
CP040693	1023568	TGA	FF953_05000	1023068	501	CDS		GTG	FF953_05000|CP040693_1023068_1023568_+2_GTG_166
CP040693	1026069	TGA	FF953_05015	1025488	582	CDS		GTG	FF953_05015|CP040693_1025488_1026069_+1_GTG_193
CP040693	1027721	TGA	FF953_05020	1026069	1653	CDS		ATG	FF953_05020|CP040693_1026069_1027721_+3_ATG_550
CP040693	1034396	TGA	FF953_05050	1033284	1113	CDS		TTG	FF953_05050|CP040693_1033284_1034396_+3_TTG_370
CP040693	1035383	TGA	FF953_05055	1034409	975	CDS		GTG	FF953_05055|CP040693_1034409_1035383_+3_GTG_324
CP040693	1036294	TGA	FF953_05060	1035380	915	CDS		GTG	FF953_05060|CP040693_1035380_1036294_+2_GTG_304
CP040693	1040475	TGA	FF953_05075	1039645	831	CDS		ATG	FF953_05075|CP040693_1039645_1040475_+1_ATG_276
CP040693	1041644	TAG	FF953_05080	1040496	1149	CDS		GTG	FF953_05080|CP040693_1040496_1041644_+3_GTG_382
CP040693	1042720	TGA	FF953_05085	1041704	1017	CDS		ATG	FF953_05085|CP040693_1041704_1042720_+2_ATG_338
CP040693	1043627	TGA	FF953_05090	1042722	906	CDS		ATG	FF953_05090|CP040693_1042722_1043627_+3_ATG_301
CP040693	1046820	TGA	FF953_05100	1044541	2280	CDS		ATG	FF953_05100|CP040693_1044541_1046820_+1_ATG_759
CP040693	1048751	TAG	FF953_05105	1046817	1935	CDS		ATG	FF953_05105|CP040693_1046817_1048751_+3_ATG_644
CP040693	1051043	TAG	FF953_05120	1050765	279	CDS		TTG	FF953_05120|CP040693_1050765_1051043_+3_TTG_92
CP040693	1052646	TAG	FF953_05130	1052170	477	CDS		GTG	FF953_05130|CP040693_1052170_1052646_+1_GTG_158
CP040693	1053413	TAG	FF953_05135	1052652	762	CDS		ATG	FF953_05135|CP040693_1052652_1053413_+3_ATG_253
CP040693	1056046	TGA	FF953_05155	1055852	195	CDS		ATG	FF953_05155|CP040693_1055852_1056046_+2_ATG_64
CP040693	1058980	TGA	FF953_05165	1056665	2316	CDS		ATG	FF953_05165|CP040693_1056665_1058980_+2_ATG_771
CP040693	1061532	TGA	FF953_05175	1060369	1164	CDS		ATG	FF953_05175|CP040693_1060369_1061532_+1_ATG_387
CP040693	1062456	TAG	FF953_05180	1061545	912	CDS		ATG	FF953_05180|CP040693_1061545_1062456_+1_ATG_303
CP040693	1063551	TAA	FF953_05190	1063366	186	CDS		ATG	FF953_05190|CP040693_1063366_1063551_+1_ATG_61
CP040693	1064443	TAA	FF953_05195	1063532	912	CDS		ATG	FF953_05195|CP040693_1063532_1064443_+2_ATG_303
CP040693	1065850	TAA	FF953_05200	1064483	1368	CDS		GTG	FF953_05200|CP040693_1064483_1065850_+2_GTG_455
CP040693	1066613	TGA	FF953_05205	1065966	648	CDS		GTG	FF953_05205|CP040693_1065966_1066613_+3_GTG_215
CP040693	1068181	TGA	FF953_05210	1066610	1572	CDS		ATG	FF953_05210|CP040693_1066610_1068181_+2_ATG_523
CP040693	1069667	TAA	FF953_05215	1068288	1380	CDS		ATG	FF953_05215|CP040693_1068288_1069667_+3_ATG_459
CP040693	1071678	TAG	FF953_05220	1069660	2019	CDS		ATG	FF953_05220|CP040693_1069660_1071678_+1_ATG_672
CP040693	1071953	TGA	FF953_05225	1071732	222	CDS		ATG	FF953_05225|CP040693_1071732_1071953_+3_ATG_73
CP040693	1072333	TAG	FF953_05230	1071950	384	CDS		ATG	FF953_05230|CP040693_1071950_1072333_+2_ATG_127
CP040693	1072826	TGA	FF953_05235	1072479	348	CDS		GTG	FF953_05235|CP040693_1072479_1072826_+3_GTG_115
CP040693	1078097	TGA	FF953_05275	1077738	360	CDS		ATG	FF953_05275|CP040693_1077738_1078097_+3_ATG_119
CP040693	1078450	TGA	FF953_05280	1078154	297	CDS		ATG	FF953_05280|CP040693_1078154_1078450_+2_ATG_98
CP040693	1080818	TGA	FF953_05285	1078506	2313	CDS		ATG	FF953_05285|CP040693_1078506_1080818_+3_ATG_770
CP040693	1081447	TGA	FF953_05290	1080815	633	CDS		ATG	FF953_05290|CP040693_1080815_1081447_+2_ATG_210
CP040693	1092908	TGA	FF953_05325	1090137	2772	CDS		ATG	FF953_05325|CP040693_1090137_1092908_+3_ATG_923
CP040693	1094835	TGA	FF953_05340	1094662	174	CDS		ATG	FF953_05340|CP040693_1094662_1094835_+1_ATG_57
CP040693	1097284	TGA	FF953_05355	1096598	687	CDS		GTG	FF953_05355|CP040693_1096598_1097284_+2_GTG_228
CP040693	1098798	TAG	FF953_05360	1097284	1515	CDS		ATG	FF953_05360|CP040693_1097284_1098798_+1_ATG_504
CP040693	1100236	TGA	FF953_05365	1098842	1395	CDS		ATG	FF953_05365|CP040693_1098842_1100236_+2_ATG_464
CP040693	1100781	TGA	FF953_05370	1100236	546	CDS		ATG	FF953_05370|CP040693_1100236_1100781_+1_ATG_181
CP040693	1102325	TGA	FF953_05380	1101579	747	CDS		ATG	FF953_05380|CP040693_1101579_1102325_+3_ATG_248
CP040693	1104885	TGA	FF953_05385	1102318	2568	CDS		ATG	FF953_05385|CP040693_1102318_1104885_+1_ATG_855
CP040693	1106052	TGA	FF953_05390	1104892	1161	CDS		ATG	FF953_05390|CP040693_1104892_1106052_+1_ATG_386
CP040693	1109968	TAG	FF953_05415	1109048	921	CDS		ATG	FF953_05415|CP040693_1109048_1109968_+2_ATG_306
CP040693	1111325	TGA	FF953_05420	1110045	1281	CDS		GTG	FF953_05420|CP040693_1110045_1111325_+3_GTG_426
CP040693	1111999	TAA	FF953_05425	1111388	612	CDS		ATG	FF953_05425|CP040693_1111388_1111999_+2_ATG_203
CP040693	1113236	TAG	FF953_05430	1112160	1077	CDS		ATG	FF953_05430|CP040693_1112160_1113236_+3_ATG_358
CP040693	1113640	TGA	FF953_05440	1113410	231	CDS		GTG	FF953_05440|CP040693_1113410_1113640_+2_GTG_76
CP040693	1113888	TAG	FF953_05445	1113637	252	CDS		ATG	FF953_05445|CP040693_1113637_1113888_+1_ATG_83
CP040693	1115525	TGA	FF953_05460	1114524	1002	CDS		TTG	FF953_05460|CP040693_1114524_1115525_+3_TTG_333
CP040693	1116301	TGA	FF953_05465	1115543	759	CDS		GTG	FF953_05465|CP040693_1115543_1116301_+2_GTG_252
CP040693	1118169	TAG	FF953_05475	1116961	1209	CDS		GTG	FF953_05475|CP040693_1116961_1118169_+1_GTG_402
CP040693	1120655	TAG	FF953_05485	1119798	858	CDS		ATG	FF953_05485|CP040693_1119798_1120655_+3_ATG_285
CP040693	1125193	TAG	FF953_05500	1123490	1704	CDS		ATG	FF953_05500|CP040693_1123490_1125193_+2_ATG_567
CP040693	1127659	TGA	FF953_05510	1126865	795	CDS		TTG	FF953_05510|CP040693_1126865_1127659_+2_TTG_264
CP040693	1128955	TGA	FF953_05515	1127867	1089	CDS		ATG	FF953_05515|CP040693_1127867_1128955_+2_ATG_362
CP040693	1129881	TGA	FF953_05520	1128928	954	CDS		ATG	FF953_05520|CP040693_1128928_1129881_+1_ATG_317
CP040693	1130887	TGA	FF953_05525	1129967	921	CDS		GTG	FF953_05525|CP040693_1129967_1130887_+2_GTG_306
CP040693	1131197	TGA	FF953_05530	1130904	294	CDS		ATG	FF953_05530|CP040693_1130904_1131197_+3_ATG_97
CP040693	1133035	TAA	FF953_05540	1131401	1635	CDS		TTG	FF953_05540|CP040693_1131401_1133035_+2_TTG_544
CP040693	1138684	TAG	FF953_05575	1138091	594	CDS		ATG	FF953_05575|CP040693_1138091_1138684_+2_ATG_197
CP040693	1142447	TGA	FF953_05580	1138743	3705	CDS		ATG	FF953_05580|CP040693_1138743_1142447_+3_ATG_1234
CP040693	1143424	TAA	FF953_05585	1142447	978	CDS		ATG	FF953_05585|CP040693_1142447_1143424_+2_ATG_325
CP040693	1144243	TAG	FF953_05590	1143512	732	CDS		GTG	FF953_05590|CP040693_1143512_1144243_+2_GTG_243
CP040693	1145629	TAG	FF953_05595	1144340	1290	CDS		GTG	FF953_05595|CP040693_1144340_1145629_+2_GTG_429
CP040693	1146320	TGA	FF953_05600	1145634	687	CDS		ATG	FF953_05600|CP040693_1145634_1146320_+3_ATG_228
CP040693	1146804	TAA	FF953_05605	1146337	468	CDS		GTG	FF953_05605|CP040693_1146337_1146804_+1_GTG_155
CP040693	1147754	TAA	FF953_05610	1146795	960	CDS		GTG	FF953_05610|CP040693_1146795_1147754_+3_GTG_319
CP040693	1148206	TAG	FF953_05615	1147994	213	CDS		GTG	FF953_05615|CP040693_1147994_1148206_+2_GTG_70
CP040693	1151699	TGA	FF953_05630	1151553	147	CDS		ATG	FF953_05630|CP040693_1151553_1151699_+3_ATG_48
CP040693	1151788	TGA	FF953_05635	1151696	93	CDS		ATG	FF953_05635|CP040693_1151696_1151788_+2_ATG_30
CP040693	1153503	TGA	FF953_05640	1151788	1716	CDS		ATG	FF953_05640|CP040693_1151788_1153503_+1_ATG_571
CP040693	1155629	TGA	FF953_05645	1153500	2130	CDS		GTG	FF953_05645|CP040693_1153500_1155629_+3_GTG_709
CP040693	1156198	TGA	FF953_05650	1155629	570	CDS		ATG	FF953_05650|CP040693_1155629_1156198_+2_ATG_189
CP040693	1163961	TGA	FF953_05690	1163713	249	CDS		GTG	FF953_05690|CP040693_1163713_1163961_+1_GTG_82
CP040693	1167453	TGA	FF953_05715	1166830	624	CDS		TTG	FF953_05715|CP040693_1166830_1167453_+1_TTG_207
CP040693	1168330	TGA	FF953_05720	1167450	881	CDS	true	GTG	FF953_05720_p|CP040693_1167450_1168330_+3_GTG_293
CP040693	1170447	TAG	FF953_05730	1169200	1248	CDS		ATG	FF953_05730|CP040693_1169200_1170447_+1_ATG_415
CP040693	1172609	TGA	FF953_05745	1172163	447	CDS		ATG	FF953_05745|CP040693_1172163_1172609_+3_ATG_148
CP040693	1173563	TGA	FF953_05750	1172658	906	CDS		ATG	FF953_05750|CP040693_1172658_1173563_+3_ATG_301
CP040693	1175647	TGA	FF953_05765	1175465	183	CDS		GTG	FF953_05765|CP040693_1175465_1175647_+2_GTG_60
CP040693	1176262	TAG	FF953_05770	1175638	625	CDS	true	ATG	FF953_05770_p|CP040693_1175638_1176262_+1_ATG_208
CP040693	1176681	TGA	FF953_05775	1176343	339	CDS		GTG	FF953_05775|CP040693_1176343_1176681_+1_GTG_112
CP040693	1177019	TGA	FF953_05780	1176705	315	CDS		GTG	FF953_05780|CP040693_1176705_1177019_+3_GTG_104
CP040693	1177150	TGA	FF953_05785	1176956	195	CDS		ATC	FF953_05785|CP040693_1176956_1177150_+2_ATC_64
CP040693	1178169	TAG	FF953_05795	1177405	765	CDS		ATG	FF953_05795|CP040693_1177405_1178169_+1_ATG_254
CP040693	1180354	TAG	FF953_05805	1179173	1182	CDS		ATG	FF953_05805|CP040693_1179173_1180354_+2_ATG_393
CP040693	1182092	TGA	FF953_05810	1180461	1632	CDS		ATG	FF953_05810|CP040693_1180461_1182092_+3_ATG_543
CP040693	1183232	TAG	FF953_05815	1182168	1065	CDS		GTG	FF953_05815|CP040693_1182168_1183232_+3_GTG_354
CP040693	1183758	TGA	FF953_05820	1183285	474	CDS		ATG	FF953_05820|CP040693_1183285_1183758_+1_ATG_157
CP040693	1184655	TGA	FF953_05825	1183792	864	CDS		ATG	FF953_05825|CP040693_1183792_1184655_+1_ATG_287
CP040693	1185517	TGA	FF953_05830	1184660	858	CDS		GTG	FF953_05830|CP040693_1184660_1185517_+2_GTG_285
CP040693	1187778	TGA	FF953_05845	1187212	567	CDS		GTG	FF953_05845|CP040693_1187212_1187778_+1_GTG_188
CP040693	1188170	TAG	FF953_05850	1187775	396	CDS		ATG	FF953_05850|CP040693_1187775_1188170_+3_ATG_131
CP040693	1197057	TAG	FF953_05880	1196221	837	CDS		GTG	FF953_05880|CP040693_1196221_1197057_+1_GTG_278
CP040693	1198024	TGA	FF953_05885	1197173	852	CDS		ATG	FF953_05885|CP040693_1197173_1198024_+2_ATG_283
CP040693	1201602	TAG	FF953_05900	1200709	894	CDS		GTG	FF953_05900|CP040693_1200709_1201602_+1_GTG_297
CP040693	1203053	TAG	FF953_05905	1201659	1395	CDS		ATG	FF953_05905|CP040693_1201659_1203053_+3_ATG_464
CP040693	1203977	TGA	FF953_05910	1203255	723	CDS		ATG	FF953_05910|CP040693_1203255_1203977_+3_ATG_240
CP040693	1205175	TAA	FF953_05915	1204009	1167	CDS		ATG	FF953_05915|CP040693_1204009_1205175_+1_ATG_388
CP040693	1207328	TGA	FF953_05930	1206462	867	CDS		GTG	FF953_05930|CP040693_1206462_1207328_+3_GTG_288
CP040693	1207591	TAA	FF953_05935	1207325	267	CDS		GTG	FF953_05935|CP040693_1207325_1207591_+2_GTG_88
CP040693	1209599	TAG	FF953_05940	1207578	2022	CDS		ATG	FF953_05940|CP040693_1207578_1209599_+3_ATG_673
CP040693	1211325	TGA	FF953_05950	1210537	789	CDS		GTG	FF953_05950|CP040693_1210537_1211325_+1_GTG_262
CP040693	1213802	TAG	FF953_05960	1211502	2301	CDS		ATG	FF953_05960|CP040693_1211502_1213802_+3_ATG_766
CP040693	1214299	TAA	FF953_05965	1213979	321	CDS		TTG	FF953_05965|CP040693_1213979_1214299_+2_TTG_106
CP040693	1214886	TAG	FF953_05970	1214452	435	CDS		ATG	FF953_05970|CP040693_1214452_1214886_+1_ATG_144
CP040693	1215151	TAA	FF953_05975	1214903	249	CDS		ATG	FF953_05975|CP040693_1214903_1215151_+2_ATG_82
CP040693	1215345	TAG	FF953_05980	1215163	183	CDS		GTG	FF953_05980|CP040693_1215163_1215345_+1_GTG_60
CP040693	1215559	TGA	FF953_05985	1215455	105	CDS		ATG	FF953_05985|CP040693_1215455_1215559_+2_ATG_34
CP040693	1215992	TAA	FF953_05990	1215537	456	CDS		GTG	FF953_05990|CP040693_1215537_1215992_+3_GTG_151
CP040693	1218968	TAG	FF953_05995	1216407	2562	CDS		ATG	FF953_05995|CP040693_1216407_1218968_+3_ATG_853
CP040693	1221792	TGA	FF953_06005	1220512	1281	CDS		ATG	FF953_06005|CP040693_1220512_1221792_+1_ATG_426
CP040693	1222724	TAG	FF953_06010	1221897	828	CDS		ATG	FF953_06010|CP040693_1221897_1222724_+3_ATG_275
CP040693	1224236	TGA	FF953_06015	1222935	1302	CDS		GTG	FF953_06015|CP040693_1222935_1224236_+3_GTG_433
CP040693	1224417	TAG	FF953_06020	1224172	246	CDS		GTG	FF953_06020|CP040693_1224172_1224417_+1_GTG_81
CP040693	1225198	TAA	FF953_06025	1224323	876	CDS		GTG	FF953_06025|CP040693_1224323_1225198_+2_GTG_291
CP040693	1229322	TAG	FF953_06045	1228621	702	CDS		ATG	FF953_06045|CP040693_1228621_1229322_+1_ATG_233
CP040693	1232764	TGA	FF953_06065	1231239	1526	CDS	true	ATG	FF953_06065_p|CP040693_1231239_1232764_+3_ATG_508
CP040693	1237130	TGA	FF953_06090	1236123	1008	CDS		ATG	FF953_06090|CP040693_1236123_1237130_+3_ATG_335
CP040693	1239266	TAG	FF953_06100	1238193	1074	CDS		GTG	FF953_06100|CP040693_1238193_1239266_+3_GTG_357
CP040693	1239551	TGA	FF953_06105	1239354	198	CDS		ATG	FF953_06105|CP040693_1239354_1239551_+3_ATG_65
CP040693	1239922	TGA	FF953_06110	1239548	375	CDS		GTG	FF953_06110|CP040693_1239548_1239922_+2_GTG_124
CP040693	1240823	TAG	FF953_06115	1240125	699	CDS		GTG	FF953_06115|CP040693_1240125_1240823_+3_GTG_232
CP040693	1241126	TGA	FF953_06120	1240941	186	CDS		ATG	FF953_06120|CP040693_1240941_1241126_+3_ATG_61
CP040693	1241894	TAA	FF953_06130	1241571	324	CDS		ATG	FF953_06130|CP040693_1241571_1241894_+3_ATG_107
CP040693	1245045	TGA	FF953_06145	1243645	1401	CDS		TTG	FF953_06145|CP040693_1243645_1245045_+1_TTG_466
CP040693	1246089	TAA	FF953_06150	1245067	1023	CDS		ATG	FF953_06150|CP040693_1245067_1246089_+1_ATG_340
CP040693	1248015	TGA	FF953_06160	1247065	951	CDS		ATG	FF953_06160|CP040693_1247065_1248015_+1_ATG_316
CP040693	1249264	TGA	FF953_06165	1248020	1245	CDS		GTG	FF953_06165|CP040693_1248020_1249264_+2_GTG_414
CP040693	1256072	TGA	FF953_06190	1254492	1581	CDS		GTG	FF953_06190|CP040693_1254492_1256072_+3_GTG_526
CP040693	1257250	TAG	FF953_06195	1256069	1182	CDS		ATG	FF953_06195|CP040693_1256069_1257250_+2_ATG_393
CP040693	1258992	TAG	FF953_06200	1257262	1731	CDS		ATG	FF953_06200|CP040693_1257262_1258992_+1_ATG_576
CP040693	1262095	TAA	FF953_06210	1261859	237	CDS		ATG	FF953_06210|CP040693_1261859_1262095_+2_ATG_78
CP040693	1265851	TGA	FF953_06230	1265609	243	CDS		ATG	FF953_06230|CP040693_1265609_1265851_+2_ATG_80
CP040693	1266242	TAA	FF953_06235	1265848	395	CDS	true	GTG	FF953_06235_p|CP040693_1265848_1266242_+1_GTG_131
CP040693	1266733	TGA	FF953_06240	1266392	342	CDS		GTG	FF953_06240|CP040693_1266392_1266733_+2_GTG_113
CP040693	1269490	TGA	FF953_06260	1268642	849	CDS		ATG	FF953_06260|CP040693_1268642_1269490_+2_ATG_282
CP040693	1272439	TAG	FF953_06275	1271357	1083	CDS		ATG	FF953_06275|CP040693_1271357_1272439_+2_ATG_360
CP040693	1273203	TAA	FF953_06280	1272451	753	CDS		ATG	FF953_06280|CP040693_1272451_1273203_+1_ATG_250
CP040693	1273658	TAA	FF953_06290	1273431	228	CDS		ATG	FF953_06290|CP040693_1273431_1273658_+3_ATG_75
CP040693	1276063	TGA	FF953_06295	1273718	2346	CDS		ATG	FF953_06295|CP040693_1273718_1276063_+2_ATG_781
CP040693	1276846	TAG	FF953_06300	1276196	651	CDS		ATG	FF953_06300|CP040693_1276196_1276846_+2_ATG_216
CP040693	1280116	TAG	FF953_06320	1279189	928	CDS	true	GTG	FF953_06320_p|CP040693_1279189_1280116_+1_GTG_309
CP040693	1281316	TGA	FF953_06330	1280951	366	CDS		GTG	FF953_06330|CP040693_1280951_1281316_+2_GTG_121
CP040693	1283167	TAA	FF953_06345	1282724	444	CDS		ATG	FF953_06345|CP040693_1282724_1283167_+2_ATG_147
CP040693	1283513	TAG	FF953_06350	1283325	189	CDS		ATG	FF953_06350|CP040693_1283325_1283513_+3_ATG_62
CP040693	1284188	TGA	FF953_06355	1283601	588	CDS		GTG	FF953_06355|CP040693_1283601_1284188_+3_GTG_195
CP040693	1284331	TGA	FF953_06360	1284185	147	CDS		GTG	FF953_06360|CP040693_1284185_1284331_+2_GTG_48
CP040693	1287582	TAG	FF953_06375	1286287	1296	CDS		ATG	FF953_06375|CP040693_1286287_1287582_+1_ATG_431
CP040693	1288315	TAG	FF953_06385	1287890	426	CDS		ATG	FF953_06385|CP040693_1287890_1288315_+2_ATG_141
CP040693	1292321	TGA	FF953_06390	1288623	3699	CDS		GTG	FF953_06390|CP040693_1288623_1292321_+3_GTG_1232
CP040693	1294036	TGA	FF953_06395	1292360	1677	CDS		ATG	FF953_06395|CP040693_1292360_1294036_+2_ATG_558
CP040693	1294698	TGA	FF953_06400	1294093	606	CDS		GTG	FF953_06400|CP040693_1294093_1294698_+1_GTG_201
CP040693	1295441	TAG	FF953_06405	1294701	741	CDS		TTG	FF953_06405|CP040693_1294701_1295441_+3_TTG_246
CP040693	1297349	TAG	FF953_06410	1295463	1887	CDS		GTG	FF953_06410|CP040693_1295463_1297349_+3_GTG_628
CP040693	1299354	TAG	FF953_06415	1297447	1908	CDS		ATG	FF953_06415|CP040693_1297447_1299354_+1_ATG_635
CP040693	1302510	TAG	FF953_06435	1301599	912	CDS		ATG	FF953_06435|CP040693_1301599_1302510_+1_ATG_303
CP040693	1303042	TAG	FF953_06440	1302602	441	CDS		GTG	FF953_06440|CP040693_1302602_1303042_+2_GTG_146
CP040693	1306796	TAG	FF953_06450	1304226	2571	CDS		GTG	FF953_06450|CP040693_1304226_1306796_+3_GTG_856
CP040693	1310626	TGA	FF953_06470	1310300	327	CDS		GTG	FF953_06470|CP040693_1310300_1310626_+2_GTG_108
CP040693	1311747	TAG	FF953_06475	1310659	1089	CDS		GTG	FF953_06475|CP040693_1310659_1311747_+1_GTG_362
CP040693	1321278	TGA	FF953_06485	1315021	6258	CDS		GTG	FF953_06485|CP040693_1315021_1321278_+1_GTG_2085
CP040693	1322749	TGA	FF953_06490	1321331	1419	CDS		ATG	FF953_06490|CP040693_1321331_1322749_+2_ATG_472
CP040693	1325824	TAG	FF953_06495	1322816	3009	CDS		GTG	FF953_06495|CP040693_1322816_1325824_+2_GTG_1002
CP040693	1332317	TGA	FF953_06515	1330686	1632	CDS		ATG	FF953_06515|CP040693_1330686_1332317_+3_ATG_543
CP040693	1333306	TGA	FF953_06520	1332317	990	CDS		ATG	FF953_06520|CP040693_1332317_1333306_+2_ATG_329
CP040693	1334260	TAG	FF953_06525	1333388	873	CDS		ATG	FF953_06525|CP040693_1333388_1334260_+2_ATG_290
CP040693	1335154	TGA	FF953_06530	1334276	879	CDS		ATG	FF953_06530|CP040693_1334276_1335154_+2_ATG_292
CP040693	1336141	TGA	FF953_06535	1335227	915	CDS		ATG	FF953_06535|CP040693_1335227_1336141_+2_ATG_304
CP040693	1337050	TGA	FF953_06540	1336223	828	CDS		ATG	FF953_06540|CP040693_1336223_1337050_+2_ATG_275
CP040693	1338511	TGA	FF953_06545	1337090	1422	CDS		GTG	FF953_06545|CP040693_1337090_1338511_+2_GTG_473
CP040693	1340598	TAA	FF953_06560	1340299	300	CDS		GTG	FF953_06560|CP040693_1340299_1340598_+1_GTG_99
CP040693	1341820	TAG	FF953_06565	1340645	1176	CDS		ATG	FF953_06565|CP040693_1340645_1341820_+2_ATG_391
CP040693	1342251	TAA	FF953_06570	1341955	297	CDS		ATG	FF953_06570|CP040693_1341955_1342251_+1_ATG_98
CP040693	1342586	TGA	FF953_06575	1342302	285	CDS		ATG	FF953_06575|CP040693_1342302_1342586_+3_ATG_94
CP040693	1344029	TGA	FF953_06585	1343901	129	CDS		TTG	FF953_06585|CP040693_1343901_1344029_+3_TTG_42
CP040693	1345515	TAG	FF953_06590	1344238	1278	CDS		ATG	FF953_06590|CP040693_1344238_1345515_+1_ATG_425
CP040693	1347620	TAG	FF953_06600	1346556	1065	CDS		GTG	FF953_06600|CP040693_1346556_1347620_+3_GTG_354
CP040693	1350578	TGA	FF953_06615	1350015	564	CDS		ATG	FF953_06615|CP040693_1350015_1350578_+3_ATG_187
CP040693	1352421	TAG	FF953_06620	1350628	1794	CDS		GTG	FF953_06620|CP040693_1350628_1352421_+1_GTG_597
CP040693	1353443	TGA	FF953_06625	1352487	957	CDS		GTG	FF953_06625|CP040693_1352487_1353443_+3_GTG_318
CP040693	1354414	TGA	FF953_06630	1353440	975	CDS		ATG	FF953_06630|CP040693_1353440_1354414_+2_ATG_324
CP040693	1354821	TGA	FF953_06635	1354453	369	CDS		GTG	FF953_06635|CP040693_1354453_1354821_+1_GTG_122
CP040693	1355432	TGA	FF953_06640	1354818	615	CDS		GTG	FF953_06640|CP040693_1354818_1355432_+3_GTG_204
CP040693	1355766	TAA	FF953_06645	1355539	228	CDS		ATG	FF953_06645|CP040693_1355539_1355766_+1_ATG_75
CP040693	1358346	TAG	FF953_06655	1357132	1215	CDS		ATG	FF953_06655|CP040693_1357132_1358346_+1_ATG_404
CP040693	1366482	TGA	FF953_06695	1365709	774	CDS		ATG	FF953_06695|CP040693_1365709_1366482_+1_ATG_257
CP040693	1366640	TGA	FF953_06700	1366452	189	CDS		GTG	FF953_06700|CP040693_1366452_1366640_+3_GTG_62
CP040693	1367104	TAG	FF953_06705	1366640	465	CDS		ATG	FF953_06705|CP040693_1366640_1367104_+2_ATG_154
CP040693	1368759	TAG	FF953_06710	1367173	1587	CDS		GTG	FF953_06710|CP040693_1367173_1368759_+1_GTG_528
CP040693	1369156	TAG	FF953_06715	1368761	396	CDS		GTG	FF953_06715|CP040693_1368761_1369156_+2_GTG_131
CP040693	1372776	TGA	FF953_06735	1372219	558	CDS		ATG	FF953_06735|CP040693_1372219_1372776_+1_ATG_185
CP040693	1373001	TAG	FF953_06740	1372828	174	CDS		TTG	FF953_06740|CP040693_1372828_1373001_+1_TTG_57
CP040693	1378802	TGA	FF953_06770	1378275	528	CDS		ATG	FF953_06770|CP040693_1378275_1378802_+3_ATG_175
CP040693	1380229	TGA	FF953_06775	1378823	1407	CDS		GTG	FF953_06775|CP040693_1378823_1380229_+2_GTG_468
CP040693	1381149	TGA	FF953_06780	1380226	924	CDS		GTG	FF953_06780|CP040693_1380226_1381149_+1_GTG_307
CP040693	1381978	TAG	FF953_06785	1381154	825	CDS		GTG	FF953_06785|CP040693_1381154_1381978_+2_GTG_274
CP040693	1383164	TAA	FF953_06790	1381983	1182	CDS		ATG	FF953_06790|CP040693_1381983_1383164_+3_ATG_393
CP040693	1385501	TGA	FF953_06800	1384512	990	CDS		GTG	FF953_06800|CP040693_1384512_1385501_+3_GTG_329
CP040693	1385837	TGA	FF953_06805	1385577	261	CDS		ATG	FF953_06805|CP040693_1385577_1385837_+3_ATG_86
CP040693	1386265	TAA	FF953_06810	1385834	432	CDS		GTG	FF953_06810|CP040693_1385834_1386265_+2_GTG_143
CP040693	1388911	TGA	FF953_06825	1388051	861	CDS		GTG	FF953_06825|CP040693_1388051_1388911_+2_GTG_286
CP040693	1397112	TAA	FF953_06855	1395373	1740	CDS		ATG	FF953_06855|CP040693_1395373_1397112_+1_ATG_579
CP040693	1402855	TGA	FF953_06870	1401164	1692	CDS		ATG	FF953_06870|CP040693_1401164_1402855_+2_ATG_563
CP040693	1404003	TAG	FF953_06875	1402852	1152	CDS		ATG	FF953_06875|CP040693_1402852_1404003_+1_ATG_383
CP040693	1409433	TGA	FF953_06905	1408534	900	CDS		ATG	FF953_06905|CP040693_1408534_1409433_+1_ATG_299
CP040693	1410553	TGA	FF953_06910	1409435	1119	CDS		GTG	FF953_06910|CP040693_1409435_1410553_+2_GTG_372
CP040693	1413014	TGA	FF953_06925	1411626	1389	CDS		GTG	FF953_06925|CP040693_1411626_1413014_+3_GTG_462
CP040693	1414282	TAG	FF953_06930	1413089	1194	CDS		GTG	FF953_06930|CP040693_1413089_1414282_+2_GTG_397
CP040693	1415134	TAA	FF953_06935	1414454	681	CDS		ATG	FF953_06935|CP040693_1414454_1415134_+2_ATG_226
CP040693	1425956	TGA	FF953_06985	1425399	558	CDS		GTG	FF953_06985|CP040693_1425399_1425956_+3_GTG_185
CP040693	1426495	TAG	FF953_06990	1425953	543	CDS		ATG	FF953_06990|CP040693_1425953_1426495_+2_ATG_180
CP040693	1426714	TAG	FF953_06995	1426535	180	CDS		TTG	FF953_06995|CP040693_1426535_1426714_+2_TTG_59
CP040693	1428619	TGA	FF953_07005	1427366	1254	CDS		GTG	FF953_07005|CP040693_1427366_1428619_+2_GTG_417
CP040693	1431243	TGA	FF953_07010	1428616	2628	CDS		GTG	FF953_07010|CP040693_1428616_1431243_+1_GTG_875
CP040693	1432850	TGA	FF953_07015	1431264	1587	CDS		ATG	FF953_07015|CP040693_1431264_1432850_+3_ATG_528
CP040693	1439017	TAG	FF953_07040	1438526	492	CDS		GTG	FF953_07040|CP040693_1438526_1439017_+2_GTG_163
CP040693	1440109	TGA	FF953_07045	1439111	999	CDS		ATG	FF953_07045|CP040693_1439111_1440109_+2_ATG_332
CP040693	1441953	TAG	FF953_07050	1440109	1845	CDS		ATG	FF953_07050|CP040693_1440109_1441953_+1_ATG_614
CP040693	1442492	TAG	FF953_07055	1442007	486	CDS		ATG	FF953_07055|CP040693_1442007_1442492_+3_ATG_161
CP040693	1443920	TAG	FF953_07060	1442550	1371	CDS		ATG	FF953_07060|CP040693_1442550_1443920_+3_ATG_456
CP040693	1444601	TAA	FF953_07065	1443969	633	CDS		ATG	FF953_07065|CP040693_1443969_1444601_+3_ATG_210
CP040693	1446630	TGA	FF953_07075	1446316	315	CDS		GTG	FF953_07075|CP040693_1446316_1446630_+1_GTG_104
CP040693	1449289	TGA	FF953_07090	1447637	1653	CDS		GTG	FF953_07090|CP040693_1447637_1449289_+2_GTG_550
CP040693	1450629	TGA	FF953_07095	1449286	1344	CDS		GTG	FF953_07095|CP040693_1449286_1450629_+1_GTG_447
CP040693	1451958	TGA	FF953_07100	1450633	1326	CDS		GTG	FF953_07100|CP040693_1450633_1451958_+1_GTG_441
CP040693	1453037	TAG	FF953_07105	1451955	1083	CDS		ATG	FF953_07105|CP040693_1451955_1453037_+3_ATG_360
CP040693	1454091	TAA	FF953_07110	1453141	951	CDS		ATG	FF953_07110|CP040693_1453141_1454091_+1_ATG_316
CP040693	1454351	TGA	FF953_07115	1454244	108	CDS		ATG	FF953_07115|CP040693_1454244_1454351_+3_ATG_35
CP040693	1456156	TGA	FF953_07120	1454348	1809	CDS		GTG	FF953_07120|CP040693_1454348_1456156_+2_GTG_602
CP040693	1456549	TAG	FF953_07130	1456307	243	CDS		ATG	FF953_07130|CP040693_1456307_1456549_+2_ATG_80
CP040693	1457712	TGA	FF953_07135	1456639	1074	CDS		ATG	FF953_07135|CP040693_1456639_1457712_+1_ATG_357
CP040693	1458686	TGA	FF953_07140	1457709	978	CDS		ATG	FF953_07140|CP040693_1457709_1458686_+3_ATG_325
CP040693	1459355	TAG	FF953_07145	1458702	654	CDS		TTG	FF953_07145|CP040693_1458702_1459355_+3_TTG_217
CP040693	1460653	TAG	FF953_07150	1459439	1215	CDS		GTG	FF953_07150|CP040693_1459439_1460653_+2_GTG_404
CP040693	1461395	TGA	FF953_07155	1460910	486	CDS		GTG	FF953_07155|CP040693_1460910_1461395_+3_GTG_161
CP040693	1462140	TAG	FF953_07160	1461388	753	CDS		ATG	FF953_07160|CP040693_1461388_1462140_+1_ATG_250
CP040693	1462434	TAA	FF953_07165	1462189	246	CDS		ATG	FF953_07165|CP040693_1462189_1462434_+1_ATG_81
CP040693	1462980	TAA	FF953_07170	1462465	516	CDS		ATG	FF953_07170|CP040693_1462465_1462980_+1_ATG_171
CP040693	1464327	TGA	FF953_07175	1462987	1341	CDS		ATG	FF953_07175|CP040693_1462987_1464327_+1_ATG_446
CP040693	1466021	TAG	FF953_07180	1464372	1650	CDS		ATG	FF953_07180|CP040693_1464372_1466021_+3_ATG_549
CP040693	1466945	TAG	FF953_07185	1466028	918	CDS		ATG	FF953_07185|CP040693_1466028_1466945_+3_ATG_305
CP040693	1468445	TGA	FF953_07190	1466985	1461	CDS		ATG	FF953_07190|CP040693_1466985_1468445_+3_ATG_486
CP040693	1468824	TAA	FF953_07195	1468459	366	CDS		ATG	FF953_07195|CP040693_1468459_1468824_+1_ATG_121
CP040693	1469275	TGA	FF953_07200	1468832	444	CDS		ATG	FF953_07200|CP040693_1468832_1469275_+2_ATG_147
CP040693	1472721	TAG	FF953_07215	1471465	1257	CDS		GTG	FF953_07215|CP040693_1471465_1472721_+1_GTG_418
CP040693	1487777	TGA	FF953_07265	1487106	672	CDS		GTG	FF953_07265|CP040693_1487106_1487777_+3_GTG_223
CP040693	1488096	TAG	FF953_07270	1487800	297	CDS		ATG	FF953_07270|CP040693_1487800_1488096_+1_ATG_98
CP040693	1489849	TAG	FF953_07280	1488668	1182	CDS		ATA	FF953_07280|CP040693_1488668_1489849_+2_ATA_393
CP040693	1490893	TGA	FF953_07285	1489979	915	CDS		GTG	FF953_07285|CP040693_1489979_1490893_+2_GTG_304
CP040693	1499937	TGA	FF953_07305	1497346	2592	CDS		GTG	FF953_07305|CP040693_1497346_1499937_+1_GTG_863
CP040693	1503748	TGA	FF953_07320	1503443	306	CDS		ATG	FF953_07320|CP040693_1503443_1503748_+2_ATG_101
CP040693	1504364	TGA	FF953_07325	1503708	657	CDS		ATG	FF953_07325|CP040693_1503708_1504364_+3_ATG_218
CP040693	1505415	TGA	FF953_07330	1504381	1035	CDS		ATG	FF953_07330|CP040693_1504381_1505415_+1_ATG_344
CP040693	1505863	TGA	FF953_07335	1505423	441	CDS		GTG	FF953_07335|CP040693_1505423_1505863_+2_GTG_146
CP040693	1506166	TGA	FF953_07340	1505885	282	CDS		ATG	FF953_07340|CP040693_1505885_1506166_+2_ATG_93
CP040693	1507147	TGA	FF953_07345	1506176	972	CDS		ATG	FF953_07345|CP040693_1506176_1507147_+2_ATG_323
CP040693	1507860	TGA	FF953_07350	1507138	723	CDS		ATG	FF953_07350|CP040693_1507138_1507860_+1_ATG_240
CP040693	1508672	TAG	FF953_07355	1507857	816	CDS		ATG	FF953_07355|CP040693_1507857_1508672_+3_ATG_271
CP040693	1509520	TAG	FF953_07360	1508699	822	CDS		ATG	FF953_07360|CP040693_1508699_1509520_+2_ATG_273
CP040693	1510316	TGA	FF953_07365	1509537	780	CDS		GTG	FF953_07365|CP040693_1509537_1510316_+3_GTG_259
CP040693	1510969	TAA	FF953_07370	1510355	615	CDS		GTG	FF953_07370|CP040693_1510355_1510969_+2_GTG_204
CP040693	1512070	TGA	FF953_07385	1511750	321	CDS		ATG	FF953_07385|CP040693_1511750_1512070_+2_ATG_106
CP040693	1513628	TGA	FF953_07390	1512063	1566	CDS		ATG	FF953_07390|CP040693_1512063_1513628_+3_ATG_521
CP040693	1514788	TAG	FF953_07395	1513628	1161	CDS		ATG	FF953_07395|CP040693_1513628_1514788_+2_ATG_386
CP040693	1518408	TGA	FF953_07410	1515829	2580	CDS		ATG	FF953_07410|CP040693_1515829_1518408_+1_ATG_859
CP040693	1520144	TAA	FF953_07415	1518405	1740	CDS		ATG	FF953_07415|CP040693_1518405_1520144_+3_ATG_579
CP040693	1521016	TGA	FF953_07425	1520273	744	CDS		ATG	FF953_07425|CP040693_1520273_1521016_+2_ATG_247
CP040693	1521342	TGA	FF953_07430	1521013	330	CDS		ATG	FF953_07430|CP040693_1521013_1521342_+1_ATG_109
CP040693	1521916	TAG	FF953_07440	1521545	372	CDS		ATG	FF953_07440|CP040693_1521545_1521916_+2_ATG_123
CP040693	1532873	TAG	FF953_07470	1529394	3480	CDS		ATG	FF953_07470|CP040693_1529394_1532873_+3_ATG_1159
CP040693	1533707	TGA	FF953_07475	1532955	753	CDS		ATG	FF953_07475|CP040693_1532955_1533707_+3_ATG_250
CP040693	1535152	TGA	FF953_07485	1534130	1023	CDS		ATG	FF953_07485|CP040693_1534130_1535152_+2_ATG_340
CP040693	1541993	TGA	FF953_07515	1541172	822	CDS		GTG	FF953_07515|CP040693_1541172_1541993_+3_GTG_273
CP040693	1542222	TAG	FF953_07520	1541962	261	CDS		ATG	FF953_07520|CP040693_1541962_1542222_+1_ATG_86
CP040693	1544587	TAA	FF953_07530	1543802	786	CDS		ATG	FF953_07530|CP040693_1543802_1544587_+2_ATG_261
CP040693	1545397	GGT	FF953_07535	1544783	615	CDS	true	GTG	FF953_07535_p|CP040693_1544783_1545397_+2_GTG_205
CP040693	1547611	TGA	FF953_07545	1546751	861	CDS	true	AGA	FF953_07545_p|CP040693_1546751_1547611_+2_AGA_286
CP040693	1548789	TGA	FF953_07550	1547608	1182	CDS		ATG	FF953_07550|CP040693_1547608_1548789_+1_ATG_393
CP040693	1549775	TGA	FF953_07555	1548795	981	CDS		ATG	FF953_07555|CP040693_1548795_1549775_+3_ATG_326
CP040693	1551934	TGA	FF953_07565	1550615	1320	CDS		ATG	FF953_07565|CP040693_1550615_1551934_+2_ATG_439
CP040693	1553424	TAA	FF953_07570	1551931	1494	CDS		ATG	FF953_07570|CP040693_1551931_1553424_+1_ATG_497
CP040693	1556018	TGA	FF953_07585	1555437	582	CDS		ATG	FF953_07585|CP040693_1555437_1556018_+3_ATG_193
CP040693	1556974	TGA	FF953_07590	1556015	960	CDS		ATG	FF953_07590|CP040693_1556015_1556974_+2_ATG_319
CP040693	1558263	TGA	FF953_07595	1556971	1293	CDS		GTG	FF953_07595|CP040693_1556971_1558263_+1_GTG_430
CP040693	1558757	TGA	FF953_07600	1558260	498	CDS		ATG	FF953_07600|CP040693_1558260_1558757_+3_ATG_165
CP040693	1559884	TAG	FF953_07605	1558754	1131	CDS		TTG	FF953_07605|CP040693_1558754_1559884_+2_TTG_376
CP040693	1563231	TGA	FF953_07610	1559884	3348	CDS		GTG	FF953_07610|CP040693_1559884_1563231_+1_GTG_1115
CP040693	1564052	TAG	FF953_07615	1563228	825	CDS		GTG	FF953_07615|CP040693_1563228_1564052_+3_GTG_274
CP040693	1564554	TGA	FF953_07620	1564247	308	CDS	true	GTG	FF953_07620_p|CP040693_1564247_1564554_+2_GTG_102
CP040693	1566170	TGA	FF953_07625	1564551	1620	CDS		ATG	FF953_07625|CP040693_1564551_1566170_+3_ATG_539
CP040693	1567048	TAA	FF953_07635	1566731	318	CDS		GTG	FF953_07635|CP040693_1566731_1567048_+2_GTG_105
CP040693	1567809	TGA	FF953_07640	1567183	627	CDS		GTG	FF953_07640|CP040693_1567183_1567809_+1_GTG_208
CP040693	1568207	TAG	FF953_07645	1567875	333	CDS		GTG	FF953_07645|CP040693_1567875_1568207_+3_GTG_110
CP040693	1569479	TAA	FF953_07650	1568223	1257	CDS		GTG	FF953_07650|CP040693_1568223_1569479_+3_GTG_418
CP040693	1570818	TAG	FF953_07655	1569607	1212	CDS		GTG	FF953_07655|CP040693_1569607_1570818_+1_GTG_403
CP040693	1574863	TAG	FF953_07670	1573829	1035	CDS		GTG	FF953_07670|CP040693_1573829_1574863_+2_GTG_344
CP040693	1580314	TAG	FF953_07700	1579712	603	CDS		ATG	FF953_07700|CP040693_1579712_1580314_+2_ATG_200
CP040693	1582362	TAA	FF953_07705	1580395	1968	CDS		ATG	FF953_07705|CP040693_1580395_1582362_+1_ATG_655
CP040693	1583855	TAG	FF953_07715	1583373	483	CDS		ATG	FF953_07715|CP040693_1583373_1583855_+3_ATG_160
CP040693	1585886	TGA	FF953_07725	1584948	939	CDS		GTG	FF953_07725|CP040693_1584948_1585886_+3_GTG_312
CP040693	1587256	TGA	FF953_07730	1585883	1374	CDS		ATG	FF953_07730|CP040693_1585883_1587256_+2_ATG_457
CP040693	1587979	TGA	FF953_07735	1587281	699	CDS		GTG	FF953_07735|CP040693_1587281_1587979_+2_GTG_232
CP040693	1588995	TAG	FF953_07740	1587976	1020	CDS		ATG	FF953_07740|CP040693_1587976_1588995_+1_ATG_339
CP040693	1591954	TGA	FF953_07755	1591349	606	CDS		ATG	FF953_07755|CP040693_1591349_1591954_+2_ATG_201
CP040693	1592683	TGA	FF953_07760	1592162	522	CDS		CTG	FF953_07760|CP040693_1592162_1592683_+2_CTG_173
CP040693	1593074	TGA	FF953_07765	1592673	402	CDS		GTG	FF953_07765|CP040693_1592673_1593074_+3_GTG_133
CP040693	1594456	TGA	FF953_07770	1593179	1278	CDS		ATG	FF953_07770|CP040693_1593179_1594456_+2_ATG_425
CP040693	1594935	TGA	FF953_07775	1594453	483	CDS		GTG	FF953_07775|CP040693_1594453_1594935_+1_GTG_160
CP040693	1595396	TGA	FF953_07780	1594932	465	CDS		GTG	FF953_07780|CP040693_1594932_1595396_+3_GTG_154
CP040693	1596107	TAA	FF953_07785	1595421	687	CDS		ATG	FF953_07785|CP040693_1595421_1596107_+3_ATG_228
CP040693	1596760	TAA	FF953_07790	1596287	474	CDS		ATG	FF953_07790|CP040693_1596287_1596760_+2_ATG_157
CP040693	1598764	TGA	FF953_07795	1596824	1941	CDS		GTG	FF953_07795|CP040693_1596824_1598764_+2_GTG_646
CP040693	1599666	TGA	FF953_07800	1598761	906	CDS		ATG	FF953_07800|CP040693_1598761_1599666_+1_ATG_301
CP040693	1600691	TGA	FF953_07805	1599663	1029	CDS		ATG	FF953_07805|CP040693_1599663_1600691_+3_ATG_342
CP040693	1601665	TAG	FF953_07810	1600688	978	CDS		ATG	FF953_07810|CP040693_1600688_1601665_+2_ATG_325
CP040693	1603819	TAG	FF953_07820	1602440	1380	CDS		ATG	FF953_07820|CP040693_1602440_1603819_+2_ATG_459
CP040693	1608928	TAG	FF953_07840	1607660	1269	CDS		GTG	FF953_07840|CP040693_1607660_1608928_+2_GTG_422
CP040693	1610754	TAG	FF953_07845	1609168	1587	CDS		ATG	FF953_07845|CP040693_1609168_1610754_+1_ATG_528
CP040693	1612634	TGA	FF953_07850	1610865	1770	CDS		ATG	FF953_07850|CP040693_1610865_1612634_+3_ATG_589
CP040693	1614052	TGA	FF953_07855	1612631	1422	CDS		ATG	FF953_07855|CP040693_1612631_1614052_+2_ATG_473
CP040693	1615031	TAG	FF953_07860	1614216	816	CDS		ATG	FF953_07860|CP040693_1614216_1615031_+3_ATG_271
CP040693	1615175	TGA	FF953_07865	1615038	138	CDS		ATG	FF953_07865|CP040693_1615038_1615175_+3_ATG_45
CP040693	1615946	TAG	FF953_07875	1615731	216	CDS		TTG	FF953_07875|CP040693_1615731_1615946_+3_TTG_71
CP040693	1617129	TAG	FF953_07880	1616110	1020	CDS		GTG	FF953_07880|CP040693_1616110_1617129_+1_GTG_339
CP040693	1618370	TGA	FF953_07885	1617132	1239	CDS		ATG	FF953_07885|CP040693_1617132_1618370_+3_ATG_412
CP040693	1619152	TAG	FF953_07890	1618367	786	CDS		GTG	FF953_07890|CP040693_1618367_1619152_+2_GTG_261
CP040693	1620873	TAG	FF953_07910	1620640	234	CDS		ATG	FF953_07910|CP040693_1620640_1620873_+1_ATG_77
CP040693	1624876	TAG	FF953_07920	1622576	2301	CDS		ATG	FF953_07920|CP040693_1622576_1624876_+2_ATG_766
CP040693	1625792	TGA	FF953_07930	1625553	240	CDS		ATG	FF953_07930|CP040693_1625553_1625792_+3_ATG_79
CP040693	1638950	TGA	FF953_07980	1638024	927	CDS		GTG	FF953_07980|CP040693_1638024_1638950_+3_GTG_308
CP040693	1642821	TAG	FF953_07990	1641556	1266	CDS		GTG	FF953_07990|CP040693_1641556_1642821_+1_GTG_421
CP040693	1644718	TAG	FF953_08000	1643855	864	CDS		ATG	FF953_08000|CP040693_1643855_1644718_+2_ATG_287
CP040693	1647673	TGA	FF953_08020	1647416	258	CDS		GTG	FF953_08020|CP040693_1647416_1647673_+2_GTG_85
CP040693	1650220	TGA	FF953_08030	1649414	807	CDS		GTG	FF953_08030|CP040693_1649414_1650220_+2_GTG_268
CP040693	1652757	TGA	FF953_08035	1650217	2541	CDS		ATG	FF953_08035|CP040693_1650217_1652757_+1_ATG_846
CP040693	1653947	TGA	FF953_08040	1652754	1194	CDS		ATG	FF953_08040|CP040693_1652754_1653947_+3_ATG_397
CP040693	1654744	TGA	FF953_08045	1653944	801	CDS		ATG	FF953_08045|CP040693_1653944_1654744_+2_ATG_266
CP040693	1655999	TGA	FF953_08050	1654746	1254	CDS		ATG	FF953_08050|CP040693_1654746_1655999_+3_ATG_417
CP040693	1656484	TGA	FF953_08055	1655996	489	CDS		GTG	FF953_08055|CP040693_1655996_1656484_+2_GTG_162
CP040693	1656806	TGA	FF953_08060	1656459	348	CDS		ATG	FF953_08060|CP040693_1656459_1656806_+3_ATG_115
CP040693	1663522	TAG	FF953_08080	1661546	1977	CDS		ATG	FF953_08080|CP040693_1661546_1663522_+2_ATG_658
CP040693	1663940	TGA	FF953_08085	1663566	375	CDS		GTG	FF953_08085|CP040693_1663566_1663940_+3_GTG_124
CP040693	1664327	TGA	FF953_08090	1663956	372	CDS		GTG	FF953_08090|CP040693_1663956_1664327_+3_GTG_123
CP040693	1665206	TAA	FF953_08095	1664349	858	CDS		GTG	FF953_08095|CP040693_1664349_1665206_+3_GTG_285
CP040693	1666870	TGA	FF953_08100	1665242	1629	CDS		GTG	FF953_08100|CP040693_1665242_1666870_+2_GTG_542
CP040693	1667158	TGA	FF953_08105	1666967	192	CDS		ATG	FF953_08105|CP040693_1666967_1667158_+2_ATG_63
CP040693	1671350	TAG	FF953_08120	1670790	561	CDS		ATG	FF953_08120|CP040693_1670790_1671350_+3_ATG_186
CP040693	1672994	TAG	FF953_08125	1671576	1419	CDS		ATG	FF953_08125|CP040693_1671576_1672994_+3_ATG_472
CP040693	1673730	TGA	FF953_08130	1673005	726	CDS		ATG	FF953_08130|CP040693_1673005_1673730_+1_ATG_241
CP040693	1675002	TGA	FF953_08135	1673869	1134	CDS		ATG	FF953_08135|CP040693_1673869_1675002_+1_ATG_377
CP040693	1675952	TGA	FF953_08140	1674999	954	CDS		GTG	FF953_08140|CP040693_1674999_1675952_+3_GTG_317
CP040693	1676970	TAG	FF953_08145	1675963	1008	CDS		ATG	FF953_08145|CP040693_1675963_1676970_+1_ATG_335
CP040693	1678769	TGA	FF953_08155	1678026	744	CDS		GTG	FF953_08155|CP040693_1678026_1678769_+3_GTG_247
CP040693	1679597	TAG	FF953_08160	1678788	810	CDS		ATG	FF953_08160|CP040693_1678788_1679597_+3_ATG_269
CP040693	1680637	TGA	FF953_08165	1679603	1035	CDS		ATG	FF953_08165|CP040693_1679603_1680637_+2_ATG_344
CP040693	1681961	TAG	FF953_08175	1681527	435	CDS		ATG	FF953_08175|CP040693_1681527_1681961_+3_ATG_144
CP040693	1683128	TAG	FF953_08180	1681983	1146	CDS		GTG	FF953_08180|CP040693_1681983_1683128_+3_GTG_381
CP040693	1683494	TAA	FF953_08185	1683138	357	CDS		ATG	FF953_08185|CP040693_1683138_1683494_+3_ATG_118
CP040693	1683758	TGA	FF953_08190	1683528	231	CDS		GTG	FF953_08190|CP040693_1683528_1683758_+3_GTG_76
CP040693	1685215	TGA	FF953_08195	1683908	1308	CDS		GTG	FF953_08195|CP040693_1683908_1685215_+2_GTG_435
CP040693	1685576	TAG	FF953_08200	1685313	264	CDS		TTG	FF953_08200|CP040693_1685313_1685576_+3_TTG_87
CP040693	1688590	TAG	FF953_08210	1686743	1848	CDS		GTG	FF953_08210|CP040693_1686743_1688590_+2_GTG_615
CP040693	1690843	TAG	FF953_08215	1688591	2253	CDS		ATG	FF953_08215|CP040693_1688591_1690843_+2_ATG_750
CP040693	1691159	TGA	FF953_08220	1690857	303	CDS		GTG	FF953_08220|CP040693_1690857_1691159_+3_GTG_100
CP040693	1691473	TGA	FF953_08225	1691156	318	CDS		GTG	FF953_08225|CP040693_1691156_1691473_+2_GTG_105
CP040693	1692474	TAA	FF953_08230	1691470	1005	CDS		ATG	FF953_08230|CP040693_1691470_1692474_+1_ATG_334
CP040693	1693816	TAA	FF953_08235	1692527	1290	CDS		GTG	FF953_08235|CP040693_1692527_1693816_+2_GTG_429
CP040693	1695391	TGA	FF953_08250	1694993	399	CDS		GTG	FF953_08250|CP040693_1694993_1695391_+2_GTG_132
CP040693	1696464	TGA	FF953_08255	1695436	1029	CDS		ATG	FF953_08255|CP040693_1695436_1696464_+1_ATG_342
CP040693	1697297	TAG	FF953_08260	1696476	822	CDS		ATG	FF953_08260|CP040693_1696476_1697297_+3_ATG_273
CP040693	1698409	TGA	FF953_08265	1697510	900	CDS		ATG	FF953_08265|CP040693_1697510_1698409_+2_ATG_299
CP040693	1702444	TGA	FF953_08290	1701941	504	CDS		ATG	FF953_08290|CP040693_1701941_1702444_+2_ATG_167
CP040693	1704813	TAA	FF953_08300	1704451	363	CDS		GTG	FF953_08300|CP040693_1704451_1704813_+1_GTG_120
CP040693	1705678	TAA	FF953_08305	1704797	882	CDS		GTG	FF953_08305|CP040693_1704797_1705678_+2_GTG_293
CP040693	1707178	TGA	FF953_08310	1705880	1299	CDS		ATG	FF953_08310|CP040693_1705880_1707178_+2_ATG_432
CP040693	1708681	TGA	FF953_08320	1707659	1023	CDS		GTG	FF953_08320|CP040693_1707659_1708681_+2_GTG_340
CP040693	1709646	TGA	FF953_08325	1708678	969	CDS		ATG	FF953_08325|CP040693_1708678_1709646_+1_ATG_322
CP040693	1710374	TGA	FF953_08330	1709643	732	CDS		ATG	FF953_08330|CP040693_1709643_1710374_+3_ATG_243
CP040693	1714220	TGA	FF953_08350	1713456	765	CDS		ATG	FF953_08350|CP040693_1713456_1714220_+3_ATG_254
CP040693	1715188	TAG	FF953_08355	1714229	960	CDS		GTG	FF953_08355|CP040693_1714229_1715188_+2_GTG_319
CP040693	1715587	TGA	FF953_08360	1715318	270	CDS		TTG	FF953_08360|CP040693_1715318_1715587_+2_TTG_89
CP040693	1716653	TAG	FF953_08365	1715613	1041	CDS		GTG	FF953_08365|CP040693_1715613_1716653_+3_GTG_346
CP040693	1718638	TAG	FF953_08375	1716887	1752	CDS		ATG	FF953_08375|CP040693_1716887_1718638_+2_ATG_583
CP040693	1724639	TGA	FF953_08395	1723596	1044	CDS		ATG	FF953_08395|CP040693_1723596_1724639_+3_ATG_347
CP040693	1725913	TAA	FF953_08400	1724669	1245	CDS		ATG	FF953_08400|CP040693_1724669_1725913_+2_ATG_414
CP040693	1726745	TAG	FF953_08405	1725960	786	CDS		TTG	FF953_08405|CP040693_1725960_1726745_+3_TTG_261
CP040693	1737199	TGA	FF953_08425	1735445	1755	CDS		GTG	FF953_08425|CP040693_1735445_1737199_+2_GTG_584
CP040693	1738419	TGA	FF953_08430	1737316	1104	CDS		ATG	FF953_08430|CP040693_1737316_1738419_+1_ATG_367
CP040693	1738982	TGA	FF953_08435	1738416	567	CDS		ATG	FF953_08435|CP040693_1738416_1738982_+3_ATG_188
CP040693	1740680	TGA	FF953_08445	1739553	1128	CDS		ATG	FF953_08445|CP040693_1739553_1740680_+3_ATG_375
CP040693	1741354	TGA	FF953_08450	1740677	678	CDS		GTG	FF953_08450|CP040693_1740677_1741354_+2_GTG_225
CP040693	1742155	TAG	FF953_08455	1741919	237	CDS		ATG	FF953_08455|CP040693_1741919_1742155_+2_ATG_78
CP040693	1745587	TGA	FF953_08460	1742462	3126	CDS		GTG	FF953_08460|CP040693_1742462_1745587_+2_GTG_1041
CP040693	1747190	TGA	FF953_08465	1745799	1392	CDS		GTG	FF953_08465|CP040693_1745799_1747190_+3_GTG_463
CP040693	1748795	TGA	FF953_08475	1748187	609	CDS		GTG	FF953_08475|CP040693_1748187_1748795_+3_GTG_202
CP040693	1749714	TGA	FF953_08480	1748788	927	CDS		ATG	FF953_08480|CP040693_1748788_1749714_+1_ATG_308
CP040693	1752032	TGA	FF953_08495	1751007	1026	CDS		ATG	FF953_08495|CP040693_1751007_1752032_+3_ATG_341
CP040693	1752840	TGA	FF953_08500	1752037	804	CDS		ATG	FF953_08500|CP040693_1752037_1752840_+1_ATG_267
CP040693	1753089	TAG	FF953_08505	1752862	228	CDS		GTG	FF953_08505|CP040693_1752862_1753089_+1_GTG_75
CP040693	1753569	TAG	FF953_08510	1753138	432	CDS		ATG	FF953_08510|CP040693_1753138_1753569_+1_ATG_143
CP040693	1757191	TAG	FF953_08515	1753637	3555	CDS		ATG	FF953_08515|CP040693_1753637_1757191_+2_ATG_1184
CP040693	1759981	TGA	FF953_08525	1759433	549	CDS		ATG	FF953_08525|CP040693_1759433_1759981_+2_ATG_182
CP040693	1761375	TGA	FF953_08530	1759987	1389	CDS		TTG	FF953_08530|CP040693_1759987_1761375_+1_TTG_462
CP040693	1763253	TGA	FF953_08535	1761389	1865	CDS	true	GTG	FF953_08535_p|CP040693_1761389_1763253_+2_GTG_621
CP040693	1763614	TGA	FF953_08540	1763432	183	CDS		ATG	FF953_08540|CP040693_1763432_1763614_+2_ATG_60
CP040693	1765375	TAA	FF953_08545	1763624	1752	CDS		ATG	FF953_08545|CP040693_1763624_1765375_+2_ATG_583
CP040693	1766121	TGA	FF953_08550	1765378	744	CDS		ATG	FF953_08550|CP040693_1765378_1766121_+1_ATG_247
CP040693	1766498	TGA	FF953_08555	1766118	381	CDS		ATG	FF953_08555|CP040693_1766118_1766498_+3_ATG_126
CP040693	1766872	TAA	FF953_08560	1766495	378	CDS		ATG	FF953_08560|CP040693_1766495_1766872_+2_ATG_125
CP040693	1767548	TGA	FF953_08565	1766940	609	CDS		ATG	FF953_08565|CP040693_1766940_1767548_+3_ATG_202
CP040693	1768880	TAA	FF953_08570	1767687	1194	CDS		GTG	FF953_08570|CP040693_1767687_1768880_+3_GTG_397
CP040693	1769336	TAG	FF953_08575	1768890	447	CDS		ATG	FF953_08575|CP040693_1768890_1769336_+3_ATG_148
CP040693	1770660	TAG	FF953_08580	1769371	1290	CDS		GTG	FF953_08580|CP040693_1769371_1770660_+1_GTG_429
CP040693	1770916	TGA	FF953_08585	1770698	219	CDS		GTG	FF953_08585|CP040693_1770698_1770916_+2_GTG_72
CP040693	1771326	TGA	FF953_08590	1770922	405	CDS		ATG	FF953_08590|CP040693_1770922_1771326_+1_ATG_134
CP040693	1782648	TGA	FF953_08625	1781335	1314	CDS		ATG	FF953_08625|CP040693_1781335_1782648_+1_ATG_437
CP040693	1783805	TGA	FF953_08630	1782645	1161	CDS		ATG	FF953_08630|CP040693_1782645_1783805_+3_ATG_386
CP040693	1784482	TGA	FF953_08635	1783802	681	CDS		TTG	FF953_08635|CP040693_1783802_1784482_+2_TTG_226
CP040693	1784991	TGA	FF953_08640	1784482	510	CDS		ATG	FF953_08640|CP040693_1784482_1784991_+1_ATG_169
CP040693	1785175	TAG	FF953_08645	1784969	207	CDS		GTG	FF953_08645|CP040693_1784969_1785175_+2_GTG_68
CP040693	1788029	TAA	FF953_08660	1786980	1050	CDS		GTG	FF953_08660|CP040693_1786980_1788029_+3_GTG_349
CP040693	1788269	TGA	FF953_08665	1788030	240	CDS		ATG	FF953_08665|CP040693_1788030_1788269_+3_ATG_79
CP040693	1788931	TAG	FF953_08670	1788266	666	CDS		GTG	FF953_08670|CP040693_1788266_1788931_+2_GTG_221
CP040693	1792501	TGA	FF953_08685	1791452	1050	CDS		ATG	FF953_08685|CP040693_1791452_1792501_+2_ATG_349
CP040693	1794084	TGA	FF953_08690	1792501	1584	CDS		ATG	FF953_08690|CP040693_1792501_1794084_+1_ATG_527
CP040693	1794941	TAG	FF953_08695	1794084	858	CDS		ATG	FF953_08695|CP040693_1794084_1794941_+3_ATG_285
CP040693	1795748	TGA	FF953_08700	1794990	759	CDS		GTG	FF953_08700|CP040693_1794990_1795748_+3_GTG_252
CP040693	1797595	TGA	FF953_08710	1796279	1317	CDS		GTG	FF953_08710|CP040693_1796279_1797595_+2_GTG_438
CP040693	1798734	TGA	FF953_08715	1797592	1143	CDS		ATG	FF953_08715|CP040693_1797592_1798734_+1_ATG_380
CP040693	1799363	TGA	FF953_08720	1798731	633	CDS		ATG	FF953_08720|CP040693_1798731_1799363_+3_ATG_210
CP040693	1799980	TAA	FF953_08725	1799360	621	CDS		GTG	FF953_08725|CP040693_1799360_1799980_+2_GTG_206
CP040693	1800727	TAG	FF953_08730	1799990	738	CDS		GTG	FF953_08730|CP040693_1799990_1800727_+2_GTG_245
CP040693	1801547	TGA	FF953_08735	1800735	813	CDS		ATG	FF953_08735|CP040693_1800735_1801547_+3_ATG_270
CP040693	1802352	TGA	FF953_08740	1801549	804	CDS		ATG	FF953_08740|CP040693_1801549_1802352_+1_ATG_267
CP040693	1802696	TAA	FF953_08745	1802349	348	CDS		ATG	FF953_08745|CP040693_1802349_1802696_+3_ATG_115
CP040693	1803959	TGA	FF953_08750	1802877	1083	CDS		ATG	FF953_08750|CP040693_1802877_1803959_+3_ATG_360
CP040693	1806149	TAA	FF953_08760	1804599	1551	CDS		GTG	FF953_08760|CP040693_1804599_1806149_+3_GTG_516
CP040693	1806846	TGA	FF953_08765	1806139	708	CDS		GTG	FF953_08765|CP040693_1806139_1806846_+1_GTG_235
CP040693	1807754	TAG	FF953_08770	1806936	819	CDS		ATG	FF953_08770|CP040693_1806936_1807754_+3_ATG_272
CP040693	1809055	TGA	FF953_08775	1807823	1233	CDS		ATG	FF953_08775|CP040693_1807823_1809055_+2_ATG_410
CP040693	1809867	TGA	FF953_08780	1809055	813	CDS		ATG	FF953_08780|CP040693_1809055_1809867_+1_ATG_270
CP040693	1811273	TGA	FF953_08785	1809867	1407	CDS		ATG	FF953_08785|CP040693_1809867_1811273_+3_ATG_468
CP040693	1811823	CAG	FF953_08790	1811602	222	CDS	true	ATG	FF953_08790_p|CP040693_1811602_1811823_+1_ATG_74
CP040693	1812389	TAG	FF953_08795	1811949	441	CDS		ATG	FF953_08795|CP040693_1811949_1812389_+3_ATG_146
CP040693	1812777	TAG	FF953_08800	1812379	399	CDS		ATG	FF953_08800|CP040693_1812379_1812777_+1_ATG_132
CP040693	1814303	TAG	FF953_08805	1812885	1419	CDS		GTG	FF953_08805|CP040693_1812885_1814303_+3_GTG_472
CP040693	1815213	TAG	FF953_08810	1814311	903	CDS		GTG	FF953_08810|CP040693_1814311_1815213_+1_GTG_300
CP040693	1816725	TGA	FF953_08815	1815271	1455	CDS		ATG	FF953_08815|CP040693_1815271_1816725_+1_ATG_484
CP040693	1825493	TGA	FF953_08855	1824876	618	CDS		ATG	FF953_08855|CP040693_1824876_1825493_+3_ATG_205
CP040693	1830075	TGA	FF953_08870	1827361	2715	CDS		GTG	FF953_08870|CP040693_1827361_1830075_+1_GTG_904
CP040693	1831683	TGA	FF953_08875	1830238	1446	CDS		ATG	FF953_08875|CP040693_1830238_1831683_+1_ATG_481
CP040693	1832932	TGA	FF953_08880	1831709	1224	CDS		ATG	FF953_08880|CP040693_1831709_1832932_+2_ATG_407
CP040693	1833087	ATG	FF953_08885	1832968	120	CDS	true	ATC	FF953_08885_p|CP040693_1832968_1833087_+1_ATC_40
CP040693	1833697	TAG	FF953_08895	1833497	201	CDS		ATG	FF953_08895|CP040693_1833497_1833697_+2_ATG_66
CP040693	1835867	TGA	FF953_08900	1833771	2097	CDS		GTG	FF953_08900|CP040693_1833771_1835867_+3_GTG_698
CP040693	1837279	TGA	FF953_08905	1835864	1416	CDS		GTG	FF953_08905|CP040693_1835864_1837279_+2_GTG_471
CP040693	1839124	TAG	FF953_08915	1838864	261	CDS		ATG	FF953_08915|CP040693_1838864_1839124_+2_ATG_86
CP040693	1839587	TAG	FF953_08920	1839147	441	CDS		ATG	FF953_08920|CP040693_1839147_1839587_+3_ATG_146
CP040693	1843355	TGA	FF953_08930	1840437	2919	CDS		GTG	FF953_08930|CP040693_1840437_1843355_+3_GTG_972
CP040693	1849574	TAG	FF953_08950	1848969	606	CDS		ATC	FF953_08950|CP040693_1848969_1849574_+3_ATC_201
CP040693	1849818	TGA	FF953_08955	1849624	195	CDS		ATG	FF953_08955|CP040693_1849624_1849818_+1_ATG_64
CP040693	1850269	TGA	FF953_08960	1849880	390	CDS		ATG	FF953_08960|CP040693_1849880_1850269_+2_ATG_129
CP040693	1851084	TGA	FF953_08965	1850302	783	CDS		GTG	FF953_08965|CP040693_1850302_1851084_+1_GTG_260
CP040693	1853392	TAA	FF953_08975	1852460	933	CDS		ATG	FF953_08975|CP040693_1852460_1853392_+2_ATG_310
CP040693	1854420	TAG	FF953_08980	1853470	951	CDS		TTG	FF953_08980|CP040693_1853470_1854420_+1_TTG_316
CP040693	1855233	TGA	FF953_08985	1854427	807	CDS		ATG	FF953_08985|CP040693_1854427_1855233_+1_ATG_268
CP040693	1856454	TGA	FF953_08990	1855429	1026	CDS		ATG	FF953_08990|CP040693_1855429_1856454_+1_ATG_341
CP040693	1858949	TGA	FF953_08995	1856454	2496	CDS		ATG	FF953_08995|CP040693_1856454_1858949_+3_ATG_831
CP040693	1863351	TGA	FF953_09005	1862293	1059	CDS		ATG	FF953_09005|CP040693_1862293_1863351_+1_ATG_352
CP040693	1864562	TGA	FF953_09010	1863348	1215	CDS		GTG	FF953_09010|CP040693_1863348_1864562_+3_GTG_404
CP040693	1865443	TGA	FF953_09015	1864559	885	CDS		ATG	FF953_09015|CP040693_1864559_1865443_+2_ATG_294
CP040693	1866642	TGA	FF953_09020	1865440	1203	CDS		ATG	FF953_09020|CP040693_1865440_1866642_+1_ATG_400
CP040693	1867562	TGA	FF953_09025	1866639	924	CDS		GTG	FF953_09025|CP040693_1866639_1867562_+3_GTG_307
CP040693	1868071	TAA	FF953_09030	1867559	513	CDS		ATG	FF953_09030|CP040693_1867559_1868071_+2_ATG_170
CP040693	1869276	TGA	FF953_09035	1868080	1197	CDS		ATG	FF953_09035|CP040693_1868080_1869276_+1_ATG_398
CP040693	1870768	TGA	FF953_09040	1869356	1413	CDS		GTG	FF953_09040|CP040693_1869356_1870768_+2_GTG_470
CP040693	1871938	TGA	FF953_09045	1870877	1062	CDS		GTG	FF953_09045|CP040693_1870877_1871938_+2_GTG_353
CP040693	1878401	TAA	FF953_09050	1872021	6381	CDS		ATG	FF953_09050|CP040693_1872021_1878401_+3_ATG_2126
CP040693	1883229	TGA	FF953_09055	1878421	4809	CDS		ATG	FF953_09055|CP040693_1878421_1883229_+1_ATG_1602
CP040693	1884737	TAG	FF953_09060	1883229	1509	CDS		ATG	FF953_09060|CP040693_1883229_1884737_+3_ATG_502
CP040693	1887796	TGA	FF953_09065	1884743	3054	CDS		GTG	FF953_09065|CP040693_1884743_1887796_+2_GTG_1017
CP040693	1889004	TGA	FF953_09070	1887943	1062	CDS		ATG	FF953_09070|CP040693_1887943_1889004_+1_ATG_353
CP040693	1892814	TGA	FF953_09085	1892452	363	CDS		ATG	FF953_09085|CP040693_1892452_1892814_+1_ATG_120
CP040693	1893194	TAG	FF953_09090	1892847	348	CDS		ATG	FF953_09090|CP040693_1892847_1893194_+3_ATG_115
CP040693	1893606	TAG	FF953_09095	1893202	405	CDS		ATG	FF953_09095|CP040693_1893202_1893606_+1_ATG_134
CP040693	1895992	TGA	FF953_09110	1895288	705	CDS		TTG	FF953_09110|CP040693_1895288_1895992_+2_TTG_234
CP040693	1896537	TGA	FF953_09115	1895989	549	CDS		GTG	FF953_09115|CP040693_1895989_1896537_+1_GTG_182
CP040693	1897540	TGA	FF953_09120	1896638	903	CDS		ATG	FF953_09120|CP040693_1896638_1897540_+2_ATG_300
CP040693	1898661	TAG	FF953_09125	1897540	1122	CDS		ATG	FF953_09125|CP040693_1897540_1898661_+1_ATG_373
CP040693	1899494	TGA	FF953_09130	1898670	825	CDS		ATG	FF953_09130|CP040693_1898670_1899494_+3_ATG_274
CP040693	1900483	TAG	FF953_09135	1899491	993	CDS		GTG	FF953_09135|CP040693_1899491_1900483_+2_GTG_330
CP040693	1901561	TAG	FF953_09140	1900644	918	CDS		GTG	FF953_09140|CP040693_1900644_1901561_+3_GTG_305
CP040693	1904834	TGA	FF953_09145	1901835	3000	CDS		GTG	FF953_09145|CP040693_1901835_1904834_+3_GTG_999
CP040693	1905051	TGA	FF953_09150	1904827	225	CDS		ATG	FF953_09150|CP040693_1904827_1905051_+1_ATG_74
CP040693	1907831	TAG	FF953_09170	1907220	612	CDS		ATG	FF953_09170|CP040693_1907220_1907831_+3_ATG_203
CP040693	1909117	TGA	FF953_09175	1907843	1275	CDS		ATG	FF953_09175|CP040693_1907843_1909117_+2_ATG_424
CP040693	1910151	TGA	FF953_09180	1909768	384	CDS		ATG	FF953_09180|CP040693_1909768_1910151_+1_ATG_127
CP040693	1910942	TGA	FF953_09185	1910190	753	CDS		GTG	FF953_09185|CP040693_1910190_1910942_+3_GTG_250
CP040693	1912000	TGA	FF953_09190	1910939	1062	CDS		ATG	FF953_09190|CP040693_1910939_1912000_+2_ATG_353
CP040693	1912173	TGA	FF953_09195	1911997	177	CDS		ATG	FF953_09195|CP040693_1911997_1912173_+1_ATG_58
CP040693	1912987	TAG	FF953_09200	1912181	807	CDS		GTG	FF953_09200|CP040693_1912181_1912987_+2_GTG_268
CP040693	1913910	TAG	FF953_09205	1912987	924	CDS		GTG	FF953_09205|CP040693_1912987_1913910_+1_GTG_307
CP040693	1915687	TAG	FF953_09210	1913924	1764	CDS		GTG	FF953_09210|CP040693_1913924_1915687_+2_GTG_587
CP040693	1916964	TAG	FF953_09215	1915783	1182	CDS		ATG	FF953_09215|CP040693_1915783_1916964_+1_ATG_393
CP040693	1917930	TAG	FF953_09220	1916986	945	CDS		ATG	FF953_09220|CP040693_1916986_1917930_+1_ATG_314
CP040693	1919830	TGA	FF953_09225	1918070	1761	CDS		GTG	FF953_09225|CP040693_1918070_1919830_+2_GTG_586
CP040693	1920446	TGA	FF953_09230	1919823	624	CDS		GTG	FF953_09230|CP040693_1919823_1920446_+3_GTG_207
CP040693	1921378	TAA	FF953_09235	1920443	936	CDS		ATG	FF953_09235|CP040693_1920443_1921378_+2_ATG_311
CP040693	1930583	TGA	FF953_09270	1929123	1461	CDS		GTG	FF953_09270|CP040693_1929123_1930583_+3_GTG_486
CP040693	1931557	TGA	FF953_09275	1930601	957	CDS		TTG	FF953_09275|CP040693_1930601_1931557_+2_TTG_318
CP040693	1932390	TGA	FF953_09280	1931554	837	CDS		GTG	FF953_09280|CP040693_1931554_1932390_+1_GTG_278
CP040693	1933082	TGA	FF953_09285	1932387	696	CDS		GTG	FF953_09285|CP040693_1932387_1933082_+3_GTG_231
CP040693	1933843	TGA	FF953_09290	1933079	765	CDS		TTG	FF953_09290|CP040693_1933079_1933843_+2_TTG_254
CP040693	1934532	TGA	FF953_09295	1933840	693	CDS		GTG	FF953_09295|CP040693_1933840_1934532_+1_GTG_230
CP040693	1935920	TGA	FF953_09300	1934529	1392	CDS		GTG	FF953_09300|CP040693_1934529_1935920_+3_GTG_463
CP040693	1936906	TGA	FF953_09305	1936094	813	CDS		GTG	FF953_09305|CP040693_1936094_1936906_+2_GTG_270
CP040693	1937814	TAG	FF953_09310	1936900	915	CDS		ATG	FF953_09310|CP040693_1936900_1937814_+1_ATG_304
CP040693	1938647	TGA	FF953_09315	1937817	831	CDS		ATG	FF953_09315|CP040693_1937817_1938647_+3_ATG_276
CP040693	1938997	TGA	FF953_09320	1938647	351	CDS		ATG	FF953_09320|CP040693_1938647_1938997_+2_ATG_116
CP040693	1939868	TGA	FF953_09325	1939050	819	CDS		ATG	FF953_09325|CP040693_1939050_1939868_+3_ATG_272
CP040693	1940661	TGA	FF953_09330	1939882	780	CDS		GTG	FF953_09330|CP040693_1939882_1940661_+1_GTG_259
CP040693	1943586	TGA	FF953_09350	1942102	1485	CDS		GTG	FF953_09350|CP040693_1942102_1943586_+1_GTG_494
CP040693	1944830	TAA	FF953_09355	1943583	1248	CDS		GTG	FF953_09355|CP040693_1943583_1944830_+3_GTG_415
CP040693	1947478	TGA	FF953_09370	1946093	1386	CDS		ATG	FF953_09370|CP040693_1946093_1947478_+2_ATG_461
CP040693	1948080	TGA	FF953_09375	1947511	570	CDS		ATG	FF953_09375|CP040693_1947511_1948080_+1_ATG_189
CP040693	1953566	TGA	FF953_09400	1952010	1557	CDS		ATG	FF953_09400|CP040693_1952010_1953566_+3_ATG_518
CP040693	1955691	TGA	FF953_09420	1955491	201	CDS		GTG	FF953_09420|CP040693_1955491_1955691_+1_GTG_66
CP040693	1960274	TGA	FF953_09445	1959990	285	CDS		ATG	FF953_09445|CP040693_1959990_1960274_+3_ATG_94
CP040693	1962250	TGA	FF953_09455	1962038	213	CDS		ATG	FF953_09455|CP040693_1962038_1962250_+2_ATG_70
CP040693	1962498	TGA	FF953_09460	1962250	249	CDS		ATG	FF953_09460|CP040693_1962250_1962498_+1_ATG_82
CP040693	1963243	TAG	FF953_09465	1962506	738	CDS		ATG	FF953_09465|CP040693_1962506_1963243_+2_ATG_245
CP040693	1965037	TAG	FF953_09470	1963337	1701	CDS		ATG	FF953_09470|CP040693_1963337_1965037_+2_ATG_566
CP040693	1967901	TGA	FF953_09485	1966471	1431	CDS		ATG	FF953_09485|CP040693_1966471_1967901_+1_ATG_476
CP040693	1970560	TAG	FF953_09490	1967963	2598	CDS		GTG	FF953_09490|CP040693_1967963_1970560_+2_GTG_865
CP040693	1971664	TAA	FF953_09495	1970933	732	CDS		TTG	FF953_09495|CP040693_1970933_1971664_+2_TTG_243
CP040693	1975336	TGA	FF953_09510	1973954	1383	CDS		ATG	FF953_09510|CP040693_1973954_1975336_+2_ATG_460
CP040693	1975912	TGA	FF953_09515	1975463	450	CDS		ATG	FF953_09515|CP040693_1975463_1975912_+2_ATG_149
CP040693	1984169	TGA	FF953_09550	1983900	270	CDS		GTG	FF953_09550|CP040693_1983900_1984169_+3_GTG_89
CP040693	1984596	TAG	FF953_09555	1984237	360	CDS		ATG	FF953_09555|CP040693_1984237_1984596_+1_ATG_119
CP040693	1986633	TGA	FF953_09560	1984777	1857	CDS		ATG	FF953_09560|CP040693_1984777_1986633_+1_ATG_618
CP040693	1988033	TAA	FF953_09565	1986789	1245	CDS		GTG	FF953_09565|CP040693_1986789_1988033_+3_GTG_414
CP040693	1989327	TGA	FF953_09570	1988041	1287	CDS		ATG	FF953_09570|CP040693_1988041_1989327_+1_ATG_428
CP040693	1990610	TGA	FF953_09575	1989324	1287	CDS		ATG	FF953_09575|CP040693_1989324_1990610_+3_ATG_428
CP040693	1991110	TAA	FF953_09580	1990799	312	CDS		TTG	FF953_09580|CP040693_1990799_1991110_+2_TTG_103
CP040693	1993335	TGA	FF953_09590	1991995	1341	CDS		ATG	FF953_09590|CP040693_1991995_1993335_+1_ATG_446
CP040693	1994152	TGA	FF953_09595	1993466	687	CDS		ATG	FF953_09595|CP040693_1993466_1994152_+2_ATG_228
CP040693	1996122	TAG	FF953_09605	1994818	1305	CDS		GTG	FF953_09605|CP040693_1994818_1996122_+1_GTG_434
CP040693	1999424	TAG	FF953_09620	1998861	564	CDS		ATG	FF953_09620|CP040693_1998861_1999424_+3_ATG_187
CP040693	2003422	TGA	FF953_09630	2001902	1521	CDS		GTG	FF953_09630|CP040693_2001902_2003422_+2_GTG_506
CP040693	2007594	TAG	FF953_09635	2003419	4176	CDS		ATG	FF953_09635|CP040693_2003419_2007594_+1_ATG_1391
CP040693	2009193	TGA	FF953_09645	2008990	204	CDS		GTG	FF953_09645|CP040693_2008990_2009193_+1_GTG_67
CP040693	2010560	TAA	FF953_09650	2009463	1098	CDS		TTG	FF953_09650|CP040693_2009463_2010560_+3_TTG_365
CP040693	2010938	TAG	FF953_09655	2010639	300	CDS		ATG	FF953_09655|CP040693_2010639_2010938_+3_ATG_99
CP040693	2012133	TAG	FF953_09660	2010952	1182	CDS		ATG	FF953_09660|CP040693_2010952_2012133_+1_ATG_393
CP040693	2012475	TAG	FF953_09665	2012173	303	CDS		GTG	FF953_09665|CP040693_2012173_2012475_+1_GTG_100
CP040693	2013639	TAG	FF953_09670	2012587	1053	CDS		ATG	FF953_09670|CP040693_2012587_2013639_+1_ATG_350
CP040693	2014365	TGA	FF953_09675	2014066	300	CDS		ATG	FF953_09675|CP040693_2014066_2014365_+1_ATG_99
CP040693	2014805	TAG	FF953_09680	2014509	297	CDS	true	ATG	FF953_09680_p|CP040693_2014509_2014805_+3_ATG_98
CP040693	2015140	TAA	FF953_09685	2014856	285	CDS		ATG	FF953_09685|CP040693_2014856_2015140_+2_ATG_94
CP040693	2016130	TGA	FF953_09690	2015228	903	CDS		ATG	FF953_09690|CP040693_2015228_2016130_+2_ATG_300
CP040693	2017913	TAG	FF953_09695	2016402	1512	CDS		ATG	FF953_09695|CP040693_2016402_2017913_+3_ATG_503
CP040693	2019648	TGA	FF953_09700	2017891	1758	CDS		ATG	FF953_09700|CP040693_2017891_2019648_+1_ATG_585
CP040693	2020865	TGA	FF953_09705	2019645	1221	CDS		ATG	FF953_09705|CP040693_2019645_2020865_+3_ATG_406
CP040693	2022694	TAG	FF953_09710	2020862	1833	CDS		ATG	FF953_09710|CP040693_2020862_2022694_+2_ATG_610
CP040693	2023512	TGA	FF953_09715	2023321	192	CDS		ATG	FF953_09715|CP040693_2023321_2023512_+1_ATG_63
CP040693	2025582	TGA	FF953_09720	2023615	1968	CDS		ATG	FF953_09720|CP040693_2023615_2025582_+1_ATG_655
CP040693	2027434	TAG	FF953_09730	2026163	1272	CDS		ATG	FF953_09730|CP040693_2026163_2027434_+2_ATG_423
CP040693	2028937	TAG	FF953_09735	2027546	1392	CDS		ATG	FF953_09735|CP040693_2027546_2028937_+2_ATG_463
CP040693	2032533	TAA	FF953_09755	2032234	300	CDS		ATG	FF953_09755|CP040693_2032234_2032533_+1_ATG_99
CP040693	2033759	TGA	FF953_09760	2032548	1212	CDS		ATG	FF953_09760|CP040693_2032548_2033759_+3_ATG_403
CP040693	2035312	TGA	FF953_09765	2034083	1230	CDS		TTG	FF953_09765|CP040693_2034083_2035312_+2_TTG_409
CP040693	2036850	TGA	FF953_09770	2035444	1407	CDS		ATG	FF953_09770|CP040693_2035444_2036850_+1_ATG_468
CP040693	2037451	TAG	FF953_09775	2037095	357	CDS		ATG	FF953_09775|CP040693_2037095_2037451_+2_ATG_118
CP040693	2038309	TGA	FF953_09780	2037605	705	CDS		ATG	FF953_09780|CP040693_2037605_2038309_+2_ATG_234
CP040693	2041585	TAA	FF953_09795	2040683	903	CDS		ATG	FF953_09795|CP040693_2040683_2041585_+2_ATG_300
CP040693	2042355	TAG	FF953_09800	2041690	666	CDS		GTG	FF953_09800|CP040693_2041690_2042355_+1_GTG_221
CP040693	2043122	TGA	FF953_09805	2042418	705	CDS		TTG	FF953_09805|CP040693_2042418_2043122_+3_TTG_234
CP040693	2043512	TTT	FF953_09810	2043261	252	CDS	true	ATC	FF953_09810_p|CP040693_2043261_2043512_+3_ATC_84
CP040693	2043683	TGA	FF953_09815	2043609	75	CDS	true	CGC	FF953_09815_p|CP040693_2043609_2043683_+3_CGC_24
CP040693	2045220	TAA	FF953_09820	2043757	1464	CDS		ATG	FF953_09820|CP040693_2043757_2045220_+1_ATG_487
CP040693	2050613	TGA	FF953_09835	2048970	1644	CDS		ATG	FF953_09835|CP040693_2048970_2050613_+3_ATG_547
CP040693	2053054	TGA	FF953_09840	2050628	2427	CDS		GTG	FF953_09840|CP040693_2050628_2053054_+2_GTG_808
CP040693	2053880	TGA	FF953_09845	2053251	630	CDS		ATG	FF953_09845|CP040693_2053251_2053880_+3_ATG_209
CP040693	2054796	TAG	FF953_09850	2053873	924	CDS		GTG	FF953_09850|CP040693_2053873_2054796_+1_GTG_307
CP040693	2055190	TGA	FF953_09855	2054858	333	CDS		ATG	FF953_09855|CP040693_2054858_2055190_+2_ATG_110
CP040693	2056085	TGA	FF953_09860	2055207	879	CDS		GTG	FF953_09860|CP040693_2055207_2056085_+3_GTG_292
CP040693	2056527	TGA	FF953_09865	2056123	405	CDS		GTG	FF953_09865|CP040693_2056123_2056527_+1_GTG_134
CP040693	2057255	TGA	FF953_09870	2056767	489	CDS		GTG	FF953_09870|CP040693_2056767_2057255_+3_GTG_162
CP040693	2057995	TGA	FF953_09875	2057252	744	CDS		GTG	FF953_09875|CP040693_2057252_2057995_+2_GTG_247
CP040693	2058608	TAG	FF953_09880	2058114	495	CDS		ATG	FF953_09880|CP040693_2058114_2058608_+3_ATG_164
CP040693	2059633	TAG	FF953_09885	2058956	678	CDS		GTG	FF953_09885|CP040693_2058956_2059633_+2_GTG_225
CP040693	2062817	TAA	FF953_09890	2059992	2826	CDS		GTG	FF953_09890|CP040693_2059992_2062817_+3_GTG_941
CP040693	2064811	TAG	FF953_09900	2063945	867	CDS		GTG	FF953_09900|CP040693_2063945_2064811_+2_GTG_288
CP040693	2068874	TAG	FF953_09915	2068674	201	CDS		GTG	FF953_09915|CP040693_2068674_2068874_+3_GTG_66
CP040693	2081408	TAA	FF953_09970	2080986	423	CDS		GTG	FF953_09970|CP040693_2080986_2081408_+3_GTG_140
CP040693	2081759	TGA	FF953_09975	2081457	303	CDS		ATG	FF953_09975|CP040693_2081457_2081759_+3_ATG_100
CP040693	2082070	TGA	FF953_09980	2081756	315	CDS		ATG	FF953_09980|CP040693_2081756_2082070_+2_ATG_104
CP040693	2083803	TAA	FF953_09985	2082070	1734	CDS		ATG	FF953_09985|CP040693_2082070_2083803_+1_ATG_577
CP040693	2084438	TGA	FF953_09990	2083803	636	CDS		ATG	FF953_09990|CP040693_2083803_2084438_+3_ATG_211
CP040693	2085123	TAG	FF953_09995	2084449	675	CDS		ATG	FF953_09995|CP040693_2084449_2085123_+1_ATG_224
CP040693	2085757	TAA	FF953_10000	2085131	627	CDS		GTG	FF953_10000|CP040693_2085131_2085757_+2_GTG_208
CP040693	2089879	TGA	FF953_10020	2089094	786	CDS		GTG	FF953_10020|CP040693_2089094_2089879_+2_GTG_261
CP040693	2090676	TAG	FF953_10025	2089882	795	CDS		ATG	FF953_10025|CP040693_2089882_2090676_+1_ATG_264
CP040693	2091792	TGA	FF953_10030	2090683	1110	CDS		ATG	FF953_10030|CP040693_2090683_2091792_+1_ATG_369
CP040693	2092822	TGA	FF953_10035	2091845	978	CDS		ATG	FF953_10035|CP040693_2091845_2092822_+2_ATG_325
CP040693	2093579	TAG	FF953_10040	2093274	306	CDS		ATG	FF953_10040|CP040693_2093274_2093579_+3_ATG_101
CP040693	2094694	TGA	FF953_10045	2093654	1041	CDS		ATG	FF953_10045|CP040693_2093654_2094694_+2_ATG_346
CP040693	2099586	TAA	FF953_10065	2097172	2415	CDS		GTG	FF953_10065|CP040693_2097172_2099586_+1_GTG_804
CP040693	2101358	TAG	FF953_10075	2099874	1485	CDS		ATG	FF953_10075|CP040693_2099874_2101358_+3_ATG_494
CP040693	2103556	TAG	FF953_10080	2101457	2100	CDS		GTG	FF953_10080|CP040693_2101457_2103556_+2_GTG_699
CP040693	2107721	TAG	FF953_10105	2107284	438	CDS		ATG	FF953_10105|CP040693_2107284_2107721_+3_ATG_145
CP040693	2108480	TGA	FF953_10110	2107794	687	CDS		GTG	FF953_10110|CP040693_2107794_2108480_+3_GTG_228
CP040693	2108934	TGA	FF953_10115	2108491	444	CDS		ATG	FF953_10115|CP040693_2108491_2108934_+1_ATG_147
CP040693	2109929	TGA	FF953_10130	2109450	480	CDS		ATG	FF953_10130|CP040693_2109450_2109929_+3_ATG_159
CP040693	2112077	TAG	FF953_10135	2110014	2064	CDS		ATG	FF953_10135|CP040693_2110014_2112077_+3_ATG_687
CP040693	2113484	TAA	FF953_10140	2112132	1353	CDS		ATG	FF953_10140|CP040693_2112132_2113484_+3_ATG_450
CP040693	2114623	TAG	FF953_10145	2113487	1137	CDS		ATG	FF953_10145|CP040693_2113487_2114623_+2_ATG_378
CP040693	2120242	TAG	FF953_10185	2120060	183	CDS		ATG	FF953_10185|CP040693_2120060_2120242_+2_ATG_60
CP040693	2121525	TAG	FF953_10190	2120383	1143	CDS		TTG	FF953_10190|CP040693_2120383_2121525_+1_TTG_380
CP040693	2124283	TAA	FF953_10215	2123876	408	CDS		ATG	FF953_10215|CP040693_2123876_2124283_+2_ATG_135
CP040693	2124611	TAG	FF953_10220	2124300	312	CDS		ATG	FF953_10220|CP040693_2124300_2124611_+3_ATG_103
CP040693	2124839	TAG	FF953_10225	2124621	219	CDS		ATG	FF953_10225|CP040693_2124621_2124839_+3_ATG_72
CP040693	2126668	TAG	FF953_10235	2126363	306	CDS		GTG	FF953_10235|CP040693_2126363_2126668_+2_GTG_101
CP040693	2127678	CCT	FF953_10240	2126656	1023	CDS	true	ATG	FF953_10240_p|CP040693_2126656_2127678_+1_ATG_341
CP040693	2129383	TAG	FF953_10255	2129075	309	CDS		GTG	FF953_10255|CP040693_2129075_2129383_+2_GTG_102
CP040693	2133134	TAG	FF953_10270	2131842	1293	CDS		ATG	FF953_10270|CP040693_2131842_2133134_+3_ATG_430
CP040693	2134948	TAG	FF953_10280	2134544	405	CDS		ATG	FF953_10280|CP040693_2134544_2134948_+2_ATG_134
CP040693	2135565	TGA	FF953_10285	2135134	432	CDS		ATG	FF953_10285|CP040693_2135134_2135565_+1_ATG_143
CP040693	2144109	TGA	FF953_10330	2143357	753	CDS		GTG	FF953_10330|CP040693_2143357_2144109_+1_GTG_250
CP040693	2146929	TAG	FF953_10340	2144629	2301	CDS		ATG	FF953_10340|CP040693_2144629_2146929_+1_ATG_766
CP040693	2159289	TAA	FF953_10370	2158426	864	CDS		GTG	FF953_10370|CP040693_2158426_2159289_+1_GTG_287
CP040693	2161985	TAG	FF953_10380	2160870	1116	CDS		ATG	FF953_10380|CP040693_2160870_2161985_+3_ATG_371
CP040693	2163316	TAA	FF953_10385	2161976	1341	CDS		TTG	FF953_10385|CP040693_2161976_2163316_+2_TTG_446
CP040693	2165752	TAG	FF953_10395	2163890	1863	CDS		ATG	FF953_10395|CP040693_2163890_2165752_+2_ATG_620
CP040693	2167249	TGA	FF953_10405	2166476	774	CDS		GTG	FF953_10405|CP040693_2166476_2167249_+2_GTG_257
CP040693	2170672	TAG	FF953_10430	2170175	498	CDS		ATG	FF953_10430|CP040693_2170175_2170672_+2_ATG_165
CP040693	2175296	TAG	FF953_10455	2174187	1110	CDS		ATG	FF953_10455|CP040693_2174187_2175296_+3_ATG_369
CP040693	2177818	TAG	FF953_10460	2175299	2520	CDS		ATG	FF953_10460|CP040693_2175299_2177818_+2_ATG_839
CP040693	2178900	TGA	FF953_10465	2177830	1071	CDS		GTG	FF953_10465|CP040693_2177830_2178900_+1_GTG_356
CP040693	2179412	TGA	FF953_10470	2178897	516	CDS		GTG	FF953_10470|CP040693_2178897_2179412_+3_GTG_171
CP040693	2180470	TGA	FF953_10475	2179409	1062	CDS		ATG	FF953_10475|CP040693_2179409_2180470_+2_ATG_353
CP040693	2181237	TGA	FF953_10480	2180467	771	CDS		TTG	FF953_10480|CP040693_2180467_2181237_+1_TTG_256
CP040693	2184156	TGA	FF953_10500	2182792	1365	CDS		ATG	FF953_10500|CP040693_2182792_2184156_+1_ATG_454
CP040693	2185228	TAG	FF953_10510	2184827	402	CDS		GTG	FF953_10510|CP040693_2184827_2185228_+2_GTG_133
CP040693	2187744	TGA	FF953_10540	2187529	216	CDS		GTG	FF953_10540|CP040693_2187529_2187744_+1_GTG_71
CP040693	2188052	TAG	FF953_10545	2187741	312	CDS		GTG	FF953_10545|CP040693_2187741_2188052_+3_GTG_103
CP040693	2188382	TGA	FF953_10550	2188080	303	CDS		ATG	FF953_10550|CP040693_2188080_2188382_+3_ATG_100
CP040693	2188899	TGA	FF953_10555	2188387	513	CDS		GTG	FF953_10555|CP040693_2188387_2188899_+1_GTG_170
CP040693	2189390	TGA	FF953_10560	2188941	450	CDS		ATG	FF953_10560|CP040693_2188941_2189390_+3_ATG_149
CP040693	2189932	TGA	FF953_10565	2189387	546	CDS		ATG	FF953_10565|CP040693_2189387_2189932_+2_ATG_181
CP040693	2191509	TGA	FF953_10585	2191015	495	CDS		GTG	FF953_10585|CP040693_2191015_2191509_+1_GTG_164
CP040693	2194010	TGA	FF953_10605	2193753	258	CDS		GTG	FF953_10605|CP040693_2193753_2194010_+3_GTG_85
CP040693	2194510	TAA	FF953_10610	2194241	270	CDS		GTG	FF953_10610|CP040693_2194241_2194510_+2_GTG_89
CP040693	2195301	TGA	FF953_10615	2194504	798	CDS		ATG	FF953_10615|CP040693_2194504_2195301_+1_ATG_265
CP040693	2196126	TAG	FF953_10620	2195311	816	CDS		ATG	FF953_10620|CP040693_2195311_2196126_+1_ATG_271
CP040693	2197408	TGA	FF953_10625	2196131	1278	CDS		ATG	FF953_10625|CP040693_2196131_2197408_+2_ATG_425
CP040693	2198433	TGA	FF953_10630	2197405	1029	CDS		ATG	FF953_10630|CP040693_2197405_2198433_+1_ATG_342
CP040693	2199662	TGA	FF953_10635	2198430	1233	CDS		ATG	FF953_10635|CP040693_2198430_2199662_+3_ATG_410
CP040693	2200930	TGA	FF953_10640	2199659	1272	CDS		GTG	FF953_10640|CP040693_2199659_2200930_+2_GTG_423
CP040693	2202060	TAG	FF953_10645	2200927	1134	CDS		GTG	FF953_10645|CP040693_2200927_2202060_+1_GTG_377
CP040693	2203374	TGA	FF953_10650	2202061	1314	CDS		ATG	FF953_10650|CP040693_2202061_2203374_+1_ATG_437
CP040693	2203971	TGA	FF953_10655	2203396	576	CDS		ATG	FF953_10655|CP040693_2203396_2203971_+1_ATG_191
CP040693	2204450	TGA	FF953_10660	2203968	483	CDS		GTG	FF953_10660|CP040693_2203968_2204450_+3_GTG_160
CP040693	2204840	TGA	FF953_10665	2204463	378	CDS		GTG	FF953_10665|CP040693_2204463_2204840_+3_GTG_125
CP040693	2205521	TAG	FF953_10670	2204856	666	CDS		ATG	FF953_10670|CP040693_2204856_2205521_+3_ATG_221
CP040693	2208701	TGA	FF953_10695	2207952	750	CDS		GTG	FF953_10695|CP040693_2207952_2208701_+3_GTG_249
CP040693	2209444	TGA	FF953_10700	2208698	747	CDS		ATG	FF953_10700|CP040693_2208698_2209444_+2_ATG_248
CP040693	2210650	TGA	FF953_10715	2210444	207	CDS		GTG	FF953_10715|CP040693_2210444_2210650_+2_GTG_68
CP040693	2212099	TGA	FF953_10720	2211053	1047	CDS		ATG	FF953_10720|CP040693_2211053_2212099_+2_ATG_348
CP040693	2213055	TGA	FF953_10725	2212207	849	CDS		ATG	FF953_10725|CP040693_2212207_2213055_+1_ATG_282
CP040693	2219219	TGA	FF953_10755	2217543	1677	CDS		GTG	FF953_10755|CP040693_2217543_2219219_+3_GTG_558
CP040693	2220205	TAA	FF953_10765	2219975	231	CDS		ATG	FF953_10765|CP040693_2219975_2220205_+2_ATG_76
CP040693	2221909	TAG	FF953_10775	2221310	600	CDS		GTG	FF953_10775|CP040693_2221310_2221909_+2_GTG_199
CP040693	2222753	TAG	FF953_10780	2222325	429	CDS		ATG	FF953_10780|CP040693_2222325_2222753_+3_ATG_142
CP040693	2223518	TAA	FF953_10785	2222979	540	CDS		GTG	FF953_10785|CP040693_2222979_2223518_+3_GTG_179
CP040693	2223970	TAA	FF953_10790	2223698	273	CDS		ATG	FF953_10790|CP040693_2223698_2223970_+2_ATG_90
CP040693	2225279	TGA	FF953_10805	2225022	258	CDS		ATG	FF953_10805|CP040693_2225022_2225279_+3_ATG_85
CP040693	2230207	TAA	FF953_10840	2229440	768	CDS		GTG	FF953_10840|CP040693_2229440_2230207_+2_GTG_255
CP040693	2231256	TGA	FF953_10845	2230303	954	CDS		ATG	FF953_10845|CP040693_2230303_2231256_+1_ATG_317
CP040693	2234174	TGA	FF953_10850	2231458	2717	CDS	true	TTG	FF953_10850_p|CP040693_2231458_2234174_+1_TTG_905
CP040693	2238120	TAA	FF953_10865	2236507	1614	CDS		ATG	FF953_10865|CP040693_2236507_2238120_+1_ATG_537
CP040693	2238882	TAA	FF953_10870	2238130	753	CDS		GTG	FF953_10870|CP040693_2238130_2238882_+1_GTG_250
CP040693	2239740	TAA	FF953_10875	2238958	783	CDS		ATG	FF953_10875|CP040693_2238958_2239740_+1_ATG_260
CP040693	2247283	TGA	FF953_10895	2243300	3984	CDS		GTG	FF953_10895|CP040693_2243300_2247283_+2_GTG_1327
CP040693	2249570	TAG	FF953_10910	2249328	243	CDS		GTG	FF953_10910|CP040693_2249328_2249570_+3_GTG_80
CP040693	2249969	TGA	FF953_10915	2249571	399	CDS		ATG	FF953_10915|CP040693_2249571_2249969_+3_ATG_132
CP040693	2251118	TGA	FF953_10925	2250624	495	CDS		ATG	FF953_10925|CP040693_2250624_2251118_+3_ATG_164
CP040693	2251363	TGA	FF953_10930	2251115	249	CDS		TTG	FF953_10930|CP040693_2251115_2251363_+2_TTG_82
CP040693	2252442	TGA	FF953_10945	2251795	648	CDS		ATC	FF953_10945|CP040693_2251795_2252442_+1_ATC_215
CP040693	2252986	TGA	FF953_10950	2252396	591	CDS		GTG	FF953_10950|CP040693_2252396_2252986_+2_GTG_196
CP040693	2254727	TGA	FF953_10960	2254431	297	CDS		GTG	FF953_10960|CP040693_2254431_2254727_+3_GTG_98
CP040693	2254963	TGA	FF953_10965	2254688	276	CDS		ATG	FF953_10965|CP040693_2254688_2254963_+2_ATG_91
CP040693	2256657	TGA	FF953_10975	2256307	351	CDS		GTG	FF953_10975|CP040693_2256307_2256657_+1_GTG_116
CP040693	2257694	TGA	FF953_10980	2256654	1041	CDS		ATG	FF953_10980|CP040693_2256654_2257694_+3_ATG_346
CP040693	2258655	TGA	FF953_10985	2257936	720	CDS		ATG	FF953_10985|CP040693_2257936_2258655_+1_ATG_239
CP040693	2259061	TAG	FF953_10990	2258645	417	CDS		TTG	FF953_10990|CP040693_2258645_2259061_+2_TTG_138
CP040693	2277779	TAG	FF953_11075	2276784	996	CDS		ATG	FF953_11075|CP040693_2276784_2277779_+3_ATG_331
CP040693	2279272	TGA	FF953_11085	2278949	324	CDS		GTG	FF953_11085|CP040693_2278949_2279272_+2_GTG_107
CP040693	2279757	TGA	FF953_11090	2279269	489	CDS		ATG	FF953_11090|CP040693_2279269_2279757_+1_ATG_162
CP040693	2280395	TAA	FF953_11095	2279754	642	CDS		ATG	FF953_11095|CP040693_2279754_2280395_+3_ATG_213
CP040693	2289580	TGA	FF953_11145	2288924	657	CDS		ATG	FF953_11145|CP040693_2288924_2289580_+2_ATG_218
CP040693	2305811	TGA	FF953_11165	2305476	336	CDS		ATG	FF953_11165|CP040693_2305476_2305811_+3_ATG_111
CP040693	2311493	TAG	FF953_11185	2310780	714	CDS		ATG	FF953_11185|CP040693_2310780_2311493_+3_ATG_237
CP040693	2314364	TGA	FF953_11210	2312829	1536	CDS		GTG	FF953_11210|CP040693_2312829_2314364_+3_GTG_511
CP040693	2318719	TGA	FF953_11225	2318486	234	CDS		ATG	FF953_11225|CP040693_2318486_2318719_+2_ATG_77
CP040693	2319122	TGA	FF953_11230	2318712	411	CDS		TTG	FF953_11230|CP040693_2318712_2319122_+3_TTG_136
CP040693	2320197	TAG	FF953_11235	2319106	1092	CDS		GTG	FF953_11235|CP040693_2319106_2320197_+1_GTG_363
CP040693	2320833	TGA	FF953_11240	2320207	627	CDS		GTG	FF953_11240|CP040693_2320207_2320833_+1_GTG_208
CP040693	2322356	TGA	FF953_11245	2320830	1527	CDS		ATG	FF953_11245|CP040693_2320830_2322356_+3_ATG_508
CP040693	2325156	TAG	FF953_11260	2324599	558	CDS		ATG	FF953_11260|CP040693_2324599_2325156_+1_ATG_185
CP040693	2329061	TGA	FF953_11285	2328648	414	CDS		GTG	FF953_11285|CP040693_2328648_2329061_+3_GTG_137
CP040693	2333028	TAA	FF953_11310	2332714	315	CDS		GTG	FF953_11310|CP040693_2332714_2333028_+1_GTG_104
CP040693	2334836	TAA	FF953_11315	2333010	1827	CDS		ATG	FF953_11315|CP040693_2333010_2334836_+3_ATG_608
CP040693	2335524	TGA	FF953_11320	2334961	564	CDS		ATG	FF953_11320|CP040693_2334961_2335524_+1_ATG_187
CP040693	2336375	TGA	FF953_11330	2336184	192	CDS		ATG	FF953_11330|CP040693_2336184_2336375_+3_ATG_63
CP040693	2338530	TGA	FF953_11335	2336365	2166	CDS		GTG	FF953_11335|CP040693_2336365_2338530_+1_GTG_721
CP040693	2339471	TGA	FF953_11340	2338527	945	CDS		ATG	FF953_11340|CP040693_2338527_2339471_+3_ATG_314
CP040693	2340459	TAG	FF953_11345	2339464	996	CDS		GTG	FF953_11345|CP040693_2339464_2340459_+1_GTG_331
CP040693	2340611	TGA	FF953_11350	2340504	108	CDS		TTG	FF953_11350|CP040693_2340504_2340611_+3_TTG_35
CP040693	2341583	TAG	FF953_11355	2340978	606	CDS		GTG	FF953_11355|CP040693_2340978_2341583_+3_GTG_201
CP040693	2343847	TGA	FF953_11360	2342078	1770	CDS		GTG	FF953_11360|CP040693_2342078_2343847_+2_GTG_589
CP040693	2346107	TGA	FF953_11370	2345040	1068	CDS		ATG	FF953_11370|CP040693_2345040_2346107_+3_ATG_355
CP040693	2357660	TGA	FF953_11415	2356008	1653	CDS		ATG	FF953_11415|CP040693_2356008_2357660_+3_ATG_550
CP040693	2360900	TAG	FF953_11420	2357859	3042	CDS		ATG	FF953_11420|CP040693_2357859_2360900_+3_ATG_1013
CP040693	2361726	TGA	FF953_11425	2360893	834	CDS		GTG	FF953_11425|CP040693_2360893_2361726_+1_GTG_277
CP040693	2363000	TAG	FF953_11445	2362809	192	CDS		TTG	FF953_11445|CP040693_2362809_2363000_+3_TTG_63
CP040693	2364468	TGA	FF953_11450	2363207	1263	fCDS		ATG	FF953_11450_fCDS|CP040693_2363207_2364468_+2_ATG_420
CP040693	2365274	TAA	FF953_11455	2364978	297	CDS		ATG	FF953_11455|CP040693_2364978_2365274_+3_ATG_98
CP040693	2366061	TGA	FF953_11460	2365330	732	CDS		ATG	FF953_11460|CP040693_2365330_2366061_+1_ATG_243
CP040693	2371384	TAG	FF953_11485	2370191	1194	CDS		ATG	FF953_11485|CP040693_2370191_2371384_+2_ATG_397
CP040693	2372018	TGA	FF953_11490	2371395	624	CDS		ATG	FF953_11490|CP040693_2371395_2372018_+3_ATG_207
CP040693	2374701	TGA	FF953_11500	2374132	570	CDS		ATG	FF953_11500|CP040693_2374132_2374701_+1_ATG_189
CP040693	2375002	TAA	FF953_11505	2374709	294	CDS		ATG	FF953_11505|CP040693_2374709_2375002_+2_ATG_97
CP040693	2376783	TAA	FF953_11515	2375947	837	CDS		ATG	FF953_11515|CP040693_2375947_2376783_+1_ATG_278
CP040693	2380052	TAA	FF953_11535	2378632	1421	CDS	true	GTG	FF953_11535_p|CP040693_2378632_2380052_+1_GTG_473
CP040693	2384731	TAG	FF953_11545	2383853	879	CDS		GTG	FF953_11545|CP040693_2383853_2384731_+2_GTG_292
CP040693	2387645	TGA	FF953_11555	2386176	1470	CDS		TTG	FF953_11555|CP040693_2386176_2387645_+3_TTG_489
CP040693	2387848	TGA	FF953_11560	2387645	204	CDS		ATG	FF953_11560|CP040693_2387645_2387848_+2_ATG_67
CP040693	2391201	TAA	FF953_11580	2390971	231	CDS		ATG	FF953_11580|CP040693_2390971_2391201_+1_ATG_76
CP040693	2395966	TGA	FF953_11610	2394890	1077	CDS		TTG	FF953_11610|CP040693_2394890_2395966_+2_TTG_358
CP040693	2396244	TGA	FF953_11615	2395963	282	CDS		ATG	FF953_11615|CP040693_2395963_2396244_+1_ATG_93
CP040693	2397353	TAA	FF953_11620	2396280	1074	CDS		ATG	FF953_11620|CP040693_2396280_2397353_+3_ATG_357
CP040693	2401711	TAA	FF953_11650	2400653	1059	CDS		ATG	FF953_11650|CP040693_2400653_2401711_+2_ATG_352
CP040693	2429176	TAA	FF953_11775	2428556	621	CDS		TTG	FF953_11775|CP040693_2428556_2429176_+2_TTG_206
CP040693	2429955	TAG	FF953_11780	2429272	684	CDS		GTG	FF953_11780|CP040693_2429272_2429955_+1_GTG_227
CP040693	2432226	TAA	FF953_11790	2431168	1059	CDS		TTG	FF953_11790|CP040693_2431168_2432226_+1_TTG_352
CP040693	2433780	TAG	FF953_11795	2432230	1551	CDS		ATG	FF953_11795|CP040693_2432230_2433780_+1_ATG_516
CP040693	2435461	TAA	FF953_11805	2434262	1200	CDS		GTG	FF953_11805|CP040693_2434262_2435461_+2_GTG_399
CP040693	2440906	TGA	FF953_11835	2439623	1284	CDS		ATG	FF953_11835|CP040693_2439623_2440906_+2_ATG_427
CP040693	2446283	TAG	FF953_11865	2444481	1803	CDS		GTG	FF953_11865|CP040693_2444481_2446283_+3_GTG_600
CP040693	2452077	TAA	FF953_11890	2450140	1938	CDS		GTG	FF953_11890|CP040693_2450140_2452077_+1_GTG_645
CP040693	2453833	TGA	FF953_11900	2453222	612	CDS		GTG	FF953_11900|CP040693_2453222_2453833_+2_GTG_203
CP040693	2454716	TGA	FF953_11905	2453874	843	CDS		TTG	FF953_11905|CP040693_2453874_2454716_+3_TTG_280
CP040693	2456002	TGA	FF953_11910	2454713	1290	CDS		ATG	FF953_11910|CP040693_2454713_2456002_+2_ATG_429
CP040693	2457648	TAG	FF953_11915	2455999	1650	CDS		ATG	FF953_11915|CP040693_2455999_2457648_+1_ATG_549
CP040693	2463219	TAA	FF953_11940	2461261	1959	CDS		GTG	FF953_11940|CP040693_2461261_2463219_+1_GTG_652
CP040693	2465187	TAG	FF953_11950	2464495	693	CDS		ATG	FF953_11950|CP040693_2464495_2465187_+1_ATG_230
CP040693	2467596	TAA	FF953_11965	2466886	711	CDS		GTG	FF953_11965|CP040693_2466886_2467596_+1_GTG_236
CP040693	2468760	TGA	FF953_11970	2467675	1086	CDS		ATG	FF953_11970|CP040693_2467675_2468760_+1_ATG_361
CP040693	2469506	TAG	FF953_11975	2468757	750	CDS		GTG	FF953_11975|CP040693_2468757_2469506_+3_GTG_249
CP040693	2471202	TAG	FF953_11980	2469664	1539	CDS		ATG	FF953_11980|CP040693_2469664_2471202_+1_ATG_512
CP040693	2474590	TAG	FF953_11995	2473454	1137	CDS		GTG	FF953_11995|CP040693_2473454_2474590_+2_GTG_378
CP040693	2476149	TAG	FF953_12000	2474602	1548	CDS		GTG	FF953_12000|CP040693_2474602_2476149_+1_GTG_515
CP040693	2479890	TGA	FF953_12010	2478229	1662	CDS		ATG	FF953_12010|CP040693_2478229_2479890_+1_ATG_553
CP040693	2480795	TAG	FF953_12015	2479890	906	CDS		ATG	FF953_12015|CP040693_2479890_2480795_+3_ATG_301
CP040693	2481540	TGA	FF953_12020	2480848	693	CDS		GTG	FF953_12020|CP040693_2480848_2481540_+1_GTG_230
CP040693	2482472	TAG	FF953_12025	2481537	936	CDS		ATG	FF953_12025|CP040693_2481537_2482472_+3_ATG_311
CP040693	2483251	TAA	FF953_12030	2482499	753	CDS		ATG	FF953_12030|CP040693_2482499_2483251_+2_ATG_250
CP040693	2485315	TAA	FF953_12040	2483879	1437	CDS		GTG	FF953_12040|CP040693_2483879_2485315_+2_GTG_478
CP040693	2494851	TGA	FF953_12070	2494006	846	CDS		ATG	FF953_12070|CP040693_2494006_2494851_+1_ATG_281
CP040693	2496637	TGA	FF953_12075	2495096	1542	CDS		ATG	FF953_12075|CP040693_2495096_2496637_+2_ATG_513
CP040693	2497896	TGA	FF953_12085	2497195	702	CDS		GTG	FF953_12085|CP040693_2497195_2497896_+1_GTG_233
CP040693	2503417	TGA	FF953_12120	2502542	876	CDS		GTG	FF953_12120|CP040693_2502542_2503417_+2_GTG_291
CP040693	2503901	TGA	FF953_12125	2503410	492	CDS		GTG	FF953_12125|CP040693_2503410_2503901_+3_GTG_163
CP040693	2504716	TAA	FF953_12130	2503901	816	CDS		ATG	FF953_12130|CP040693_2503901_2504716_+2_ATG_271
CP040693	2506520	TGA	FF953_12140	2505753	768	CDS		ATG	FF953_12140|CP040693_2505753_2506520_+3_ATG_255
CP040693	2511508	TAA	FF953_12170	2508716	2793	CDS		TTG	FF953_12170|CP040693_2508716_2511508_+2_TTG_930
CP040693	2512812	TGA	FF953_12175	2511568	1245	CDS		GTG	FF953_12175|CP040693_2511568_2512812_+1_GTG_414
CP040693	2513959	TAA	FF953_12180	2513051	909	CDS		GTG	FF953_12180|CP040693_2513051_2513959_+2_GTG_302
CP040693	2514382	TGA	FF953_12185	2514035	348	CDS		GTG	FF953_12185|CP040693_2514035_2514382_+2_GTG_115
CP040693	2515629	TGA	FF953_12190	2514379	1251	CDS		GTG	FF953_12190|CP040693_2514379_2515629_+1_GTG_416
CP040693	2516976	TAA	FF953_12195	2515660	1317	CDS		GTG	FF953_12195|CP040693_2515660_2516976_+1_GTG_438
CP040693	2518428	TAG	FF953_12200	2517007	1422	CDS		ATG	FF953_12200|CP040693_2517007_2518428_+1_ATG_473
CP040693	2519439	TGA	FF953_12205	2518624	816	CDS		ATG	FF953_12205|CP040693_2518624_2519439_+1_ATG_271
CP040693	2523258	TGA	FF953_12220	2521669	1590	CDS		ATG	FF953_12220|CP040693_2521669_2523258_+1_ATG_529
CP040693	2524184	TAA	FF953_12225	2523255	930	CDS		ATG	FF953_12225|CP040693_2523255_2524184_+3_ATG_309
CP040693	2524753	TGA	FF953_12230	2524250	504	CDS		ATG	FF953_12230|CP040693_2524250_2524753_+2_ATG_167
CP040693	2525578	TGA	FF953_12245	2525360	219	CDS		GTG	FF953_12245|CP040693_2525360_2525578_+2_GTG_72
CP040693	2529543	TGA	FF953_12265	2528458	1086	CDS		ATG	FF953_12265|CP040693_2528458_2529543_+1_ATG_361
CP040693	2530178	TGA	FF953_12270	2529543	636	CDS		ATG	FF953_12270|CP040693_2529543_2530178_+3_ATG_211
CP040693	2532095	TGA	FF953_12280	2531643	453	CDS	true	AGG	FF953_12280_p|CP040693_2531643_2532095_+3_AGG_150
CP040693	2535431	TAA	FF953_12290	2534202	1230	CDS		GTG	FF953_12290|CP040693_2534202_2535431_+3_GTG_409
CP040693	2536892	TGA	FF953_12295	2535606	1287	CDS		ATG	FF953_12295|CP040693_2535606_2536892_+3_ATG_428
CP040693	2540727	TGA	FF953_12315	2540200	528	CDS		ATG	FF953_12315|CP040693_2540200_2540727_+1_ATG_175
CP040693	2541133	TAG	FF953_12320	2540834	300	CDS		ATG	FF953_12320|CP040693_2540834_2541133_+2_ATG_99
CP040693	2541607	TGA	FF953_12325	2541239	369	CDS		GTG	FF953_12325|CP040693_2541239_2541607_+2_GTG_122
CP040693	2541933	TAG	FF953_12330	2541604	330	CDS		GTG	FF953_12330|CP040693_2541604_2541933_+1_GTG_109
CP040693	2543254	TGA	FF953_12340	2542385	870	CDS		ATG	FF953_12340|CP040693_2542385_2543254_+2_ATG_289
CP040693	2544441	TAG	FF953_12345	2543251	1191	CDS		ATG	FF953_12345|CP040693_2543251_2544441_+1_ATG_396
CP040693	2547083	TGA	FF953_12355	2545704	1380	CDS		ATG	FF953_12355|CP040693_2545704_2547083_+3_ATG_459
CP040693	2548975	TGA	FF953_12360	2547317	1659	CDS		ATG	FF953_12360|CP040693_2547317_2548975_+2_ATG_552
CP040693	2550279	TAA	FF953_12370	2550085	195	CDS		ATG	FF953_12370|CP040693_2550085_2550279_+1_ATG_64
CP040693	2551584	TAG	FF953_12375	2550289	1296	CDS		ATG	FF953_12375|CP040693_2550289_2551584_+1_ATG_431
CP040693	2552954	TAG	FF953_12380	2551617	1338	CDS		GTG	FF953_12380|CP040693_2551617_2552954_+3_GTG_445
CP040693	2555475	TGA	FF953_12390	2553847	1629	CDS		ATG	FF953_12390|CP040693_2553847_2555475_+1_ATG_542
CP040693	2555849	TAA	FF953_12395	2555472	378	CDS		GTG	FF953_12395|CP040693_2555472_2555849_+3_GTG_125
CP040693	2556601	TGA	FF953_12400	2555819	783	CDS		GTG	FF953_12400|CP040693_2555819_2556601_+2_GTG_260
CP040693	2557258	TAA	FF953_12405	2556743	516	CDS		TTG	FF953_12405|CP040693_2556743_2557258_+2_TTG_171
CP040693	2558172	TAG	FF953_12410	2557318	855	CDS		GTG	FF953_12410|CP040693_2557318_2558172_+1_GTG_284
CP040693	2559462	TAG	FF953_12420	2559361	102	CDS	true	TAT	FF953_12420_p|CP040693_2559361_2559462_+1_TAT_33
CP040693	2560695	TAG	FF953_12425	2559472	1224	CDS		GTG	FF953_12425|CP040693_2559472_2560695_+1_GTG_407
CP040693	2561556	TAA	FF953_12430	2560918	639	CDS		ATG	FF953_12430|CP040693_2560918_2561556_+1_ATG_212
CP040693	2562552	TAA	FF953_12435	2561650	903	CDS		ATG	FF953_12435|CP040693_2561650_2562552_+1_ATG_300
CP040693	2563036	TGA	FF953_12440	2562584	453	CDS		ATG	FF953_12440|CP040693_2562584_2563036_+2_ATG_150
CP040693	2564199	TGA	FF953_12445	2563228	972	CDS		ATG	FF953_12445|CP040693_2563228_2564199_+1_ATG_323
CP040693	2567853	TAG	FF953_12460	2567161	693	CDS		GTG	FF953_12460|CP040693_2567161_2567853_+1_GTG_230
CP040693	2568201	TAG	FF953_12465	2567959	243	CDS		ATG	FF953_12465|CP040693_2567959_2568201_+1_ATG_80
CP040693	2571244	TGA	FF953_12485	2569955	1290	CDS		ATG	FF953_12485|CP040693_2569955_2571244_+2_ATG_429
CP040693	2572068	TAG	FF953_12490	2571583	486	CDS		CTG	FF953_12490|CP040693_2571583_2572068_+1_CTG_161
CP040693	2575281	TAA	FF953_12520	2574565	717	CDS		ATG	FF953_12520|CP040693_2574565_2575281_+1_ATG_238
CP040693	2575623	TGA	FF953_12525	2575291	333	CDS		ATG	FF953_12525|CP040693_2575291_2575623_+1_ATG_110
CP040693	2577478	TGA	FF953_12550	2577191	288	CDS		TTG	FF953_12550|CP040693_2577191_2577478_+2_TTG_95
CP040693	2577925	TGA	FF953_12555	2577581	345	CDS		GTG	FF953_12555|CP040693_2577581_2577925_+2_GTG_114
CP040693	2578554	TGA	FF953_12560	2578030	525	CDS		GTG	FF953_12560|CP040693_2578030_2578554_+1_GTG_174
CP040693	2578901	TGA	FF953_12565	2578632	270	CDS		ATG	FF953_12565|CP040693_2578632_2578901_+3_ATG_89
CP040693	2583856	TAG	FF953_12585	2582984	873	CDS		ATG	FF953_12585|CP040693_2582984_2583856_+2_ATG_290
CP040693	2584667	TGA	FF953_12590	2583843	825	CDS		ATG	FF953_12590|CP040693_2583843_2584667_+3_ATG_274
CP040693	2585986	TAG	FF953_12595	2584664	1323	CDS		GTG	FF953_12595|CP040693_2584664_2585986_+2_GTG_440
CP040693	2586938	TAG	FF953_12605	2586504	435	CDS	true	GTA	FF953_12605_p|CP040693_2586504_2586938_+3_GTA_144
CP040693	2591878	TAG	FF953_12635	2591432	447	CDS		ATG	FF953_12635|CP040693_2591432_2591878_+2_ATG_148
CP040693	2595577	TAG	FF953_12650	2595086	492	CDS		ATG	FF953_12650|CP040693_2595086_2595577_+2_ATG_163
CP040693	2595800	TAA	FF953_12655	2595612	189	CDS		GTG	FF953_12655|CP040693_2595612_2595800_+3_GTG_62
CP040693	2596977	TAG	FF953_12660	2595829	1149	CDS		ATG	FF953_12660|CP040693_2595829_2596977_+1_ATG_382
CP040693	2599781	TAG	FF953_12675	2599395	387	CDS		GTG	FF953_12675|CP040693_2599395_2599781_+3_GTG_128
CP040693	2600176	TAA	FF953_12680	2599838	339	CDS		ATG	FF953_12680|CP040693_2599838_2600176_+2_ATG_112
CP040693	2601852	TAA	FF953_12685	2600206	1647	CDS		ATG	FF953_12685|CP040693_2600206_2601852_+1_ATG_548
CP040693	2604826	TAA	FF953_12695	2603894	933	CDS		ATG	FF953_12695|CP040693_2603894_2604826_+2_ATG_310
CP040693	2605519	TGA	FF953_12700	2604830	690	CDS		ATG	FF953_12700|CP040693_2604830_2605519_+2_ATG_229
CP040693	2606903	TGA	FF953_12705	2605935	969	CDS		ATG	FF953_12705|CP040693_2605935_2606903_+3_ATG_322
CP040693	2609754	TGA	FF953_12720	2609278	477	CDS		GTG	FF953_12720|CP040693_2609278_2609754_+1_GTG_158
CP040693	2612678	TGA	FF953_12725	2610015	2664	CDS		GTG	FF953_12725|CP040693_2610015_2612678_+3_GTG_887
CP040693	2612734	GGC	FF953_12730	2612635	100	CDS	true	GCC	FF953_12730_p|CP040693_2612635_2612734_+1_GCC_33
CP040693	2615113	TGA	FF953_12745	2614694	420	CDS		ATG	FF953_12745|CP040693_2614694_2615113_+2_ATG_139
CP040693	2615626	TGA	FF953_12750	2615369	258	CDS		TTG	FF953_12750|CP040693_2615369_2615626_+2_TTG_85
CP040693	2620900	TAA	FF953_12765	2618918	1983	CDS		ATG	FF953_12765|CP040693_2618918_2620900_+2_ATG_660
CP040693	2630459	TGA	FF953_12805	2629198	1263	fCDS		ATG	FF953_12805_fCDS|CP040693_2629198_2630459_+1_ATG_420
CP040693	2633461	GTC	FF953_12815	2633237	225	CDS	true	ATG	FF953_12815_p|CP040693_2633237_2633461_+2_ATG_75
CP040693	2637579	TGA	FF953_12830	2637172	408	CDS		ATG	FF953_12830|CP040693_2637172_2637579_+1_ATG_135
CP040693	2637968	TAG	FF953_12835	2637576	393	CDS		ATG	FF953_12835|CP040693_2637576_2637968_+3_ATG_130
CP040693	2641700	TAA	FF953_12855	2640246	1455	CDS		GTG	FF953_12855|CP040693_2640246_2641700_+3_GTG_484
CP040693	2647864	TGA	FF953_12895	2647577	288	CDS		GTG	FF953_12895|CP040693_2647577_2647864_+2_GTG_95
CP040693	2651508	TGA	FF953_12915	2651191	318	CDS		ATG	FF953_12915|CP040693_2651191_2651508_+1_ATG_105
CP040693	2673559	TGA	FF953_12960	2671862	1698	CDS		ATG	FF953_12960|CP040693_2671862_2673559_+2_ATG_565
CP040693	2674575	TGA	FF953_12965	2673655	921	CDS		ATG	FF953_12965|CP040693_2673655_2674575_+1_ATG_306
CP040693	2676593	TAA	FF953_12975	2676384	210	CDS		ATG	FF953_12975|CP040693_2676384_2676593_+3_ATG_69
CP040693	2677944	TAG	FF953_12980	2676691	1254	CDS		ATG	FF953_12980|CP040693_2676691_2677944_+1_ATG_417
CP040693	2682296	TGA	FF953_13000	2680605	1692	CDS		ATG	FF953_13000|CP040693_2680605_2682296_+3_ATG_563
CP040693	2683057	TGA	FF953_13005	2682293	765	CDS		ATG	FF953_13005|CP040693_2682293_2683057_+2_ATG_254
CP040693	2683899	TAG	FF953_13010	2683054	846	CDS		GTG	FF953_13010|CP040693_2683054_2683899_+1_GTG_281
CP040693	2685867	TGA	FF953_13015	2683936	1932	CDS		GTG	FF953_13015|CP040693_2683936_2685867_+1_GTG_643
CP040693	2688001	TAA	FF953_13020	2685998	2004	CDS		ATG	FF953_13020|CP040693_2685998_2688001_+2_ATG_667
CP040693	2688365	TGA	FF953_13025	2688150	216	CDS		TTG	FF953_13025|CP040693_2688150_2688365_+3_TTG_71
CP040693	2688641	TAG	FF953_13030	2688477	165	CDS		GTG	FF953_13030|CP040693_2688477_2688641_+3_GTG_54
CP040693	2689810	TAG	FF953_13035	2688725	1086	CDS		ATG	FF953_13035|CP040693_2688725_2689810_+2_ATG_361
CP040693	2693983	TGA	FF953_13060	2693654	330	CDS		GTG	FF953_13060|CP040693_2693654_2693983_+2_GTG_109
CP040693	2696383	TAG	FF953_13070	2694455	1929	CDS		ATG	FF953_13070|CP040693_2694455_2696383_+2_ATG_642
CP040693	2699764	TAA	FF953_13085	2699195	570	CDS		TTG	FF953_13085|CP040693_2699195_2699764_+2_TTG_189
CP040693	2701466	TAG	FF953_13095	2700624	843	CDS		ATG	FF953_13095|CP040693_2700624_2701466_+3_ATG_280
CP040693	2701827	TGA	FF953_13105	2701549	279	CDS		GTG	FF953_13105|CP040693_2701549_2701827_+1_GTG_92
CP040693	2702267	AGC	FF953_13110	2702013	255	CDS	true	ATG	FF953_13110_p|CP040693_2702013_2702267_+3_ATG_85
CP040693	2706283	TGA	FF953_13130	2706023	261	CDS		GTG	FF953_13130|CP040693_2706023_2706283_+2_GTG_86
CP040693	2715303	TAG	FF953_13185	2715031	273	CDS		ATG	FF953_13185|CP040693_2715031_2715303_+1_ATG_90
CP040693	2716591	TGA	FF953_13190	2715545	1047	CDS		GTG	FF953_13190|CP040693_2715545_2716591_+2_GTG_348
CP040693	2722708	TAA	FF953_13225	2722121	588	CDS		ATG	FF953_13225|CP040693_2722121_2722708_+2_ATG_195
CP040693	2723267	TAA	FF953_13230	2722734	534	CDS		ATG	FF953_13230|CP040693_2722734_2723267_+3_ATG_177
CP040693	2731216	TGA	FF953_13280	2730302	915	CDS		ATG	FF953_13280|CP040693_2730302_2731216_+2_ATG_304
CP040693	2731866	TAG	FF953_13290	2731448	419	CDS	true	GTG	FF953_13290_p|CP040693_2731448_2731866_+2_GTG_139
CP040693	2739255	TAG	FF953_13325	2737780	1476	CDS		ATG	FF953_13325|CP040693_2737780_2739255_+1_ATG_491
CP040693	2749731	TGA	FF953_13365	2749333	399	CDS		GTG	FF953_13365|CP040693_2749333_2749731_+1_GTG_132
CP040693	2757758	TGA	FF953_13400	2756850	909	CDS		GTG	FF953_13400|CP040693_2756850_2757758_+3_GTG_302
CP040693	2759451	TAA	FF953_13405	2757925	1527	CDS		ATG	FF953_13405|CP040693_2757925_2759451_+1_ATG_508
CP040693	2763910	TAG	FF953_13435	2762726	1185	CDS		ATG	FF953_13435|CP040693_2762726_2763910_+2_ATG_394
CP040693	2768642	TAG	FF953_13455	2766057	2586	CDS		GTG	FF953_13455|CP040693_2766057_2768642_+3_GTG_861
CP040693	2770635	TGA	FF953_13475	2770249	387	CDS		ATG	FF953_13475|CP040693_2770249_2770635_+1_ATG_128
CP040693	2772275	TAG	FF953_13480	2770635	1641	CDS		ATG	FF953_13480|CP040693_2770635_2772275_+3_ATG_546
CP040693	2772636	TAA	FF953_13485	2772343	294	CDS		ATG	FF953_13485|CP040693_2772343_2772636_+1_ATG_97
CP040693	2773355	TGA	FF953_13490	2772639	717	CDS		GTG	FF953_13490|CP040693_2772639_2773355_+3_GTG_238
CP040693	2782232	TAG	FF953_13520	2781975	258	CDS		ATG	FF953_13520|CP040693_2781975_2782232_+3_ATG_85
CP040693	2790833	TAG	FF953_13555	2790063	771	CDS		ATG	FF953_13555|CP040693_2790063_2790833_+3_ATG_256
CP040693	2802998	TAG	FF953_13585	2802375	624	CDS		ATG	FF953_13585|CP040693_2802375_2802998_+3_ATG_207
CP040693	2803740	TAG	FF953_13590	2802988	753	CDS		ATG	FF953_13590|CP040693_2802988_2803740_+1_ATG_250
CP040693	2804014	TGA	FF953_13595	2803793	222	CDS		GTG	FF953_13595|CP040693_2803793_2804014_+2_GTG_73
CP040693	2804445	TAA	FF953_13600	2804020	426	CDS		GTG	FF953_13600|CP040693_2804020_2804445_+1_GTG_141
CP040693	2818069	TAG	FF953_13660	2817422	648	CDS		GTG	FF953_13660|CP040693_2817422_2818069_+2_GTG_215
CP040693	2818969	TAG	FF953_13665	2818148	822	CDS		ATG	FF953_13665|CP040693_2818148_2818969_+2_ATG_273
CP040693	2821194	TAG	FF953_13675	2820388	807	CDS		ATG	FF953_13675|CP040693_2820388_2821194_+1_ATG_268
CP040693	2823514	TAA	FF953_13685	2822867	648	CDS		GTG	FF953_13685|CP040693_2822867_2823514_+2_GTG_215
CP040693	2824202	GCC	FF953_13695	2823969	234	CDS	true	ATG	FF953_13695_p|CP040693_2823969_2824202_+3_ATG_78
CP040693	2825650	TGA	FF953_13705	2825513	138	CDS		TTG	FF953_13705|CP040693_2825513_2825650_+2_TTG_45
CP040693	2825849	TAA	FF953_13710	2825664	186	CDS		ATG	FF953_13710|CP040693_2825664_2825849_+3_ATG_61
CP040693	2826293	TAA	FF953_13715	2825871	423	CDS		GTG	FF953_13715|CP040693_2825871_2826293_+3_GTG_140
CP040693	2826546	TGA	FF953_13720	2826301	246	CDS		ATG	FF953_13720|CP040693_2826301_2826546_+1_ATG_81
CP040693	2832973	TAG	FF953_13760	2831495	1479	CDS		GTG	FF953_13760|CP040693_2831495_2832973_+2_GTG_492
CP040693	2833867	TAG	FF953_13770	2833394	474	CDS		GTG	FF953_13770|CP040693_2833394_2833867_+2_GTG_157
CP040693	2845531	TAG	FF953_13790	2845286	246	CDS		GTG	FF953_13790|CP040693_2845286_2845531_+2_GTG_81
CP040693	2846620	TGA	FF953_13800	2846285	336	CDS		ATG	FF953_13800|CP040693_2846285_2846620_+2_ATG_111
CP040693	2847023	TGA	FF953_13805	2846801	223	CDS	true	ATG	FF953_13805_p|CP040693_2846801_2847023_+2_ATG_74
CP040693	2847421	TAG	FF953_13810	2847020	402	CDS		ATG	FF953_13810|CP040693_2847020_2847421_+2_ATG_133
CP040693	2849971	TGA	FF953_13820	2848580	1392	CDS		GTG	FF953_13820|CP040693_2848580_2849971_+2_GTG_463
CP040693	2856849	TAA	FF953_13860	2856157	693	CDS		ATG	FF953_13860|CP040693_2856157_2856849_+1_ATG_230
CP040693	2860539	TGA	FF953_13885	2860132	408	CDS		ATG	FF953_13885|CP040693_2860132_2860539_+1_ATG_135
CP040693	2862046	TGA	FF953_13890	2860835	1212	CDS		GTG	FF953_13890|CP040693_2860835_2862046_+2_GTG_403
CP040693	2862832	TGA	FF953_13900	2862173	660	CDS		GTG	FF953_13900|CP040693_2862173_2862832_+2_GTG_219
CP040693	2863491	TGA	FF953_13905	2862829	663	CDS		TTG	FF953_13905|CP040693_2862829_2863491_+1_TTG_220
CP040693	2863765	TAG	FF953_13910	2863488	278	CDS	true	GTG	FF953_13910_p|CP040693_2863488_2863765_+3_GTG_92
CP040693	2864271	TAA	FF953_13915	2863858	414	CDS		ATG	FF953_13915|CP040693_2863858_2864271_+1_ATG_137
CP040693	2864567	TGA	FF953_13920	2864310	258	CDS		ATG	FF953_13920|CP040693_2864310_2864567_+3_ATG_85
CP040693	2864941	TGA	FF953_13925	2864564	378	CDS		GTG	FF953_13925|CP040693_2864564_2864941_+2_GTG_125
CP040693	2873450	TGA	FF953_13980	2872776	675	CDS		TTG	FF953_13980|CP040693_2872776_2873450_+3_TTG_224
CP040693	2874245	TGA	FF953_13985	2873535	711	CDS		TTG	FF953_13985|CP040693_2873535_2874245_+3_TTG_236
CP040693	2876756	TAG	FF953_13995	2875779	978	CDS		ATG	FF953_13995|CP040693_2875779_2876756_+3_ATG_325
CP040693	2877850	TAA	FF953_14010	2877113	738	CDS		ATG	FF953_14010|CP040693_2877113_2877850_+2_ATG_245
CP040693	2879042	TAG	FF953_14015	2877993	1050	CDS		ATG	FF953_14015|CP040693_2877993_2879042_+3_ATG_349
CP040693	2880037	TAG	FF953_14020	2879045	993	CDS		ATG	FF953_14020|CP040693_2879045_2880037_+2_ATG_330
CP040693	2882065	TGA	FF953_14025	2880314	1752	CDS		ATG	FF953_14025|CP040693_2880314_2882065_+2_ATG_583
CP040693	2885498	TAA	FF953_14030	2882076	3423	CDS		GTG	FF953_14030|CP040693_2882076_2885498_+3_GTG_1140
CP040693	2888152	TAA	FF953_14035	2885498	2655	CDS		ATG	FF953_14035|CP040693_2885498_2888152_+2_ATG_884
CP040693	2890604	TGA	FF953_14050	2890215	390	CDS		GTG	FF953_14050|CP040693_2890215_2890604_+3_GTG_129
CP040693	2894486	TAG	FF953_14065	2893611	876	CDS		ATT	FF953_14065|CP040693_2893611_2894486_+3_ATT_291
CP040693	2895012	TAG	FF953_14070	2894509	504	CDS		ATG	FF953_14070|CP040693_2894509_2895012_+1_ATG_167
CP040693	2895923	TAG	FF953_14075	2895042	882	CDS		ATG	FF953_14075|CP040693_2895042_2895923_+3_ATG_293
CP040693	2898210	TAG	FF953_14085	2896621	1590	CDS		GTG	FF953_14085|CP040693_2896621_2898210_+1_GTG_529
CP040693	2900244	TGA	FF953_14095	2899342	903	CDS		ATG	FF953_14095|CP040693_2899342_2900244_+1_ATG_300
CP040693	2903443	TAG	FF953_14110	2902517	927	CDS		ATG	FF953_14110|CP040693_2902517_2903443_+2_ATG_308
CP040693	2913412	TGA	FF953_14150	2912063	1350	CDS		GTG	FF953_14150|CP040693_2912063_2913412_+2_GTG_449
CP040693	2917080	TGA	FF953_14155	2913574	3507	CDS		ATG	FF953_14155|CP040693_2913574_2917080_+1_ATG_1168
CP040693	2918885	TAG	FF953_14160	2917254	1632	CDS		ATG	FF953_14160|CP040693_2917254_2918885_+3_ATG_543
CP040693	2921440	TGA	FF953_14180	2921195	246	CDS		ATG	FF953_14180|CP040693_2921195_2921440_+2_ATG_81
CP040693	2921841	TGA	FF953_14185	2921437	405	CDS		GTG	FF953_14185|CP040693_2921437_2921841_+1_GTG_134
CP040693	2922678	TAG	FF953_14190	2922058	621	CDS		GTG	FF953_14190|CP040693_2922058_2922678_+1_GTG_206
CP040693	2923183	TGA	FF953_14195	2922689	495	CDS		GTG	FF953_14195|CP040693_2922689_2923183_+2_GTG_164
CP040693	2923611	TAA	FF953_14200	2923180	432	CDS		ATG	FF953_14200|CP040693_2923180_2923611_+1_ATG_143
CP040693	2924094	TGA	FF953_14205	2923693	402	CDS		GTG	FF953_14205|CP040693_2923693_2924094_+1_GTG_133
CP040693	2925662	TAG	FF953_14210	2924091	1572	CDS		ATG	FF953_14210|CP040693_2924091_2925662_+3_ATG_523
CP040693	2926060	TGA	FF953_14215	2925773	288	CDS		ATG	FF953_14215|CP040693_2925773_2926060_+2_ATG_95
CP040693	2926487	TGA	FF953_14220	2926047	441	CDS		ATG	FF953_14220|CP040693_2926047_2926487_+3_ATG_146
CP040693	2930575	TGA	FF953_14245	2929901	675	CDS		ATG	FF953_14245|CP040693_2929901_2930575_+2_ATG_224
CP040693	2932491	TAA	FF953_14250	2930749	1743	CDS		ATG	FF953_14250|CP040693_2930749_2932491_+1_ATG_580
CP040693	2939306	TAG	FF953_14285	2939079	228	CDS		GTG	FF953_14285|CP040693_2939079_2939306_+3_GTG_75
CP040693	2941533	TGA	FF953_14295	2941033	501	CDS		GTG	FF953_14295|CP040693_2941033_2941533_+1_GTG_166
CP040693	2942814	TGA	FF953_14305	2942137	678	CDS		GTG	FF953_14305|CP040693_2942137_2942814_+1_GTG_225
CP040693	2945160	TGA	FF953_14325	2944339	822	CDS		ATG	FF953_14325|CP040693_2944339_2945160_+1_ATG_273
CP040693	2946189	TAG	FF953_14330	2945296	894	CDS		ATG	FF953_14330|CP040693_2945296_2946189_+1_ATG_297
CP040693	2951123	TAA	FF953_14355	2950761	363	CDS		ATG	FF953_14355|CP040693_2950761_2951123_+3_ATG_120
CP040693	2952594	TAG	FF953_14360	2951470	1125	CDS		ATG	FF953_14360|CP040693_2951470_2952594_+1_ATG_374
CP040693	2953135	TGA	FF953_14365	2952596	540	CDS		ATG	FF953_14365|CP040693_2952596_2953135_+2_ATG_179
CP040693	2954573	TGA	FF953_14370	2953275	1299	CDS		ATG	FF953_14370|CP040693_2953275_2954573_+3_ATG_432
CP040693	2958415	TGA	FF953_14395	2958173	243	CDS		ATG	FF953_14395|CP040693_2958173_2958415_+2_ATG_80
CP040693	2959093	TGA	FF953_14400	2958416	678	CDS		GTG	FF953_14400|CP040693_2958416_2959093_+2_GTG_225
CP040693	2959945	TGA	FF953_14405	2959289	657	CDS		ATG	FF953_14405|CP040693_2959289_2959945_+2_ATG_218
CP040693	2960554	TGA	FF953_14410	2960108	447	CDS		ATG	FF953_14410|CP040693_2960108_2960554_+2_ATG_148
CP040693	2962100	TAA	FF953_14425	2961642	459	CDS		ATG	FF953_14425|CP040693_2961642_2962100_+3_ATG_152
CP040693	2962616	TGA	FF953_14430	2962236	381	CDS		ATG	FF953_14430|CP040693_2962236_2962616_+3_ATG_126
CP040693	2964109	TAG	FF953_14435	2962613	1497	CDS		ATG	FF953_14435|CP040693_2962613_2964109_+2_ATG_498
CP040693	2964535	TGA	FF953_14440	2964299	237	CDS		ATC	FF953_14440|CP040693_2964299_2964535_+2_ATC_78
CP040693	2964781	TGA	FF953_14445	2964608	174	CDS		ATC	FF953_14445|CP040693_2964608_2964781_+2_ATC_57
CP040693	2966257	TGA	FF953_14470	2965826	432	CDS		ATG	FF953_14470|CP040693_2965826_2966257_+2_ATG_143
CP040693	2967252	TGA	FF953_14475	2966254	999	CDS		GTG	FF953_14475|CP040693_2966254_2967252_+1_GTG_332
CP040693	2967730	TGA	FF953_14480	2967266	465	CDS		TTG	FF953_14480|CP040693_2967266_2967730_+2_TTG_154
CP040693	2967969	TGA	FF953_14485	2967718	252	CDS		TTG	FF953_14485|CP040693_2967718_2967969_+1_TTG_83
CP040693	2976099	TAG	FF953_14550	2975827	273	CDS		ATG	FF953_14550|CP040693_2975827_2976099_+1_ATG_90
CP040693	2976431	TGA	FF953_14555	2976198	234	CDS		GTG	FF953_14555|CP040693_2976198_2976431_+3_GTG_77
CP040693	2976696	TAA	FF953_14560	2976442	255	CDS		GTG	FF953_14560|CP040693_2976442_2976696_+1_GTG_84
CP040693	2977325	TAA	FF953_14570	2977044	282	CDS		ATG	FF953_14570|CP040693_2977044_2977325_+3_ATG_93
CP040693	2978198	AAT	FF953_14580	2977416	783	CDS	true	ATG	FF953_14580_p|CP040693_2977416_2978198_+3_ATG_261
CP040693	2978999	TGA	FF953_14585	2978241	759	CDS		ATG	FF953_14585|CP040693_2978241_2978999_+3_ATG_252
CP040693	2979599	TGA	FF953_14590	2979078	522	CDS		ATG	FF953_14590|CP040693_2979078_2979599_+3_ATG_173
CP040693	2980098	TGA	FF953_14595	2979628	471	CDS		GTG	FF953_14595|CP040693_2979628_2980098_+1_GTG_156
CP040693	2981960	TGA	FF953_14605	2981184	777	CDS		ATG	FF953_14605|CP040693_2981184_2981960_+3_ATG_258
CP040693	2983613	TGA	FF953_14610	2982027	1587	CDS		ATG	FF953_14610|CP040693_2982027_2983613_+3_ATG_528
CP040693	2984937	TGA	FF953_14615	2983636	1302	CDS		GTG	FF953_14615|CP040693_2983636_2984937_+1_GTG_433
CP040693	2985516	TAG	FF953_14625	2985106	411	CDS		ATG	FF953_14625|CP040693_2985106_2985516_+1_ATG_136
CP040693	2990345	TGA	FF953_14650	2989515	831	CDS		ATG	FF953_14650|CP040693_2989515_2990345_+3_ATG_276
CP040693	2990567	GCC	FF953_14655	2990403	165	CDS	true	GTG	FF953_14655_p|CP040693_2990403_2990567_+3_GTG_55
CP040693	2991341	TGA	FF953_14660	2990709	633	CDS		TTG	FF953_14660|CP040693_2990709_2991341_+3_TTG_210
CP040693	2992659	TAG	FF953_14665	2991343	1317	CDS		ATG	FF953_14665|CP040693_2991343_2992659_+1_ATG_438
CP040693	2994684	GGC	FF953_14675	2994477	208	CDS	true	GTG	FF953_14675_p|CP040693_2994477_2994684_+3_GTG_69
CP040693	2995213	TGA	FF953_14680	2994716	498	CDS		ATG	FF953_14680|CP040693_2994716_2995213_+2_ATG_165
CP040693	2996507	TGA	FF953_14685	2995218	1290	CDS		GTG	FF953_14685|CP040693_2995218_2996507_+3_GTG_429
CP040693	2997873	TAA	FF953_14690	2996587	1287	CDS		ATG	FF953_14690|CP040693_2996587_2997873_+1_ATG_428
CP040693	3001880	TGA	FF953_14715	3001623	258	CDS		GTG	FF953_14715|CP040693_3001623_3001880_+3_GTG_85
CP040693	3004631	TGA	FF953_14725	3003948	684	CDS		ATG	FF953_14725|CP040693_3003948_3004631_+3_ATG_227
CP040693	3005290	TAA	FF953_14730	3004628	663	CDS		ATG	FF953_14730|CP040693_3004628_3005290_+2_ATG_220
CP040693	3007227	TGA	FF953_14745	3006520	708	CDS		ATG	FF953_14745|CP040693_3006520_3007227_+1_ATG_235
CP040693	3009262	TGA	FF953_14760	3008777	486	CDS		GTG	FF953_14760|CP040693_3008777_3009262_+2_GTG_161
CP040693	3010457	TGA	FF953_14770	3009807	651	CDS		GTG	FF953_14770|CP040693_3009807_3010457_+3_GTG_216
CP040693	3012259	TGA	FF953_14780	3011462	798	CDS		ATG	FF953_14780|CP040693_3011462_3012259_+2_ATG_265
CP040693	3014025	TGA	FF953_14785	3012439	1587	CDS		GTG	FF953_14785|CP040693_3012439_3014025_+1_GTG_528
CP040693	3014490	TAG	FF953_14790	3014062	429	CDS		ATG	FF953_14790|CP040693_3014062_3014490_+1_ATG_142
CP040693	3016151	TAG	FF953_14805	3015177	975	CDS		ATG	FF953_14805|CP040693_3015177_3016151_+3_ATG_324
CP040693	3016880	TAG	FF953_14815	3016443	438	CDS		ATG	FF953_14815|CP040693_3016443_3016880_+3_ATG_145
CP040693	3018027	TGA	FF953_14820	3017056	972	CDS		ATG	FF953_14820|CP040693_3017056_3018027_+1_ATG_323
CP040693	3018852	TGA	FF953_14825	3018160	693	CDS		ATG	FF953_14825|CP040693_3018160_3018852_+1_ATG_230
CP040693	3021442	TGA	FF953_14835	3020036	1407	CDS		ATG	FF953_14835|CP040693_3020036_3021442_+2_ATG_468
CP040693	3022634	TAA	FF953_14840	3021660	975	CDS		ATG	FF953_14840|CP040693_3021660_3022634_+3_ATG_324
CP040693	3023718	TGA	FF953_14845	3022693	1026	CDS		ATG	FF953_14845|CP040693_3022693_3023718_+1_ATG_341
CP040693	3024453	TGA	FF953_14850	3023767	687	CDS		ATG	FF953_14850|CP040693_3023767_3024453_+1_ATG_228
CP040693	3027093	TGA	FF953_14870	3026383	711	CDS		ATG	FF953_14870|CP040693_3026383_3027093_+1_ATG_236
CP040693	3029478	TGA	FF953_14880	3029230	249	CDS		ATG	FF953_14880|CP040693_3029230_3029478_+1_ATG_82
CP040693	3030697	TGA	FF953_14885	3029504	1194	CDS		ATG	FF953_14885|CP040693_3029504_3030697_+2_ATG_397
CP040693	3037613	TGA	FF953_14920	3037137	477	CDS		ATG	FF953_14920|CP040693_3037137_3037613_+3_ATG_158
CP040693	3038973	TAA	FF953_14925	3037621	1353	CDS		ATG	FF953_14925|CP040693_3037621_3038973_+1_ATG_450
CP040693	3041318	TAA	FF953_14940	3041043	276	CDS		GTG	FF953_14940|CP040693_3041043_3041318_+3_GTG_91
CP040693	3042270	TGA	FF953_14945	3041416	855	CDS		ATG	FF953_14945|CP040693_3041416_3042270_+1_ATG_284
CP040693	3046387	TGA	FF953_14965	3046214	174	CDS		GTG	FF953_14965|CP040693_3046214_3046387_+2_GTG_57
CP040693	3048277	TAG	FF953_14980	3047828	450	CDS		ATG	FF953_14980|CP040693_3047828_3048277_+2_ATG_149
CP040693	3048450	TGA	FF953_14985	3048184	267	CDS		GTG	FF953_14985|CP040693_3048184_3048450_+1_GTG_88
CP040693	3050086	TGA	FF953_14990	3048509	1578	CDS		ATG	FF953_14990|CP040693_3048509_3050086_+2_ATG_525
CP040693	3054381	TAG	FF953_15020	3053857	525	CDS		GTG	FF953_15020|CP040693_3053857_3054381_+1_GTG_174
CP040693	3057414	TGA	FF953_15030	3057100	315	CDS		ATG	FF953_15030|CP040693_3057100_3057414_+1_ATG_104
CP040693	3058229	TAG	FF953_15035	3057411	819	CDS		GTG	FF953_15035|CP040693_3057411_3058229_+3_GTG_272
CP040693	3059123	TGA	FF953_15040	3058233	891	CDS		ATG	FF953_15040|CP040693_3058233_3059123_+3_ATG_296
CP040693	3069968	TAG	FF953_15110	3069231	738	CDS		ATG	FF953_15110|CP040693_3069231_3069968_+3_ATG_245
CP040693	3077965	TAA	FF953_15165	3077504	462	CDS		ATG	FF953_15165|CP040693_3077504_3077965_+2_ATG_153
CP040693	3082530	TGA	FF953_15190	3081415	1116	CDS		ATG	FF953_15190|CP040693_3081415_3082530_+1_ATG_371
CP040693	3091469	TGA	FF953_15225	3089706	1764	CDS		ATG	FF953_15225|CP040693_3089706_3091469_+3_ATG_587
CP040693	3092240	TGA	FF953_15230	3091554	687	CDS		GTG	FF953_15230|CP040693_3091554_3092240_+3_GTG_228
CP040693	3102992	TAG	FF953_15285	3102363	630	CDS		TTG	FF953_15285|CP040693_3102363_3102992_+3_TTG_209
CP040693	3104660	TAA	FF953_15290	3103011	1650	CDS		GTG	FF953_15290|CP040693_3103011_3104660_+3_GTG_549
CP040693	3106884	TGA	FF953_15310	3106609	276	CDS		ATG	FF953_15310|CP040693_3106609_3106884_+1_ATG_91
CP040693	3107389	TGA	FF953_15315	3107024	366	CDS		GTG	FF953_15315|CP040693_3107024_3107389_+2_GTG_121
CP040693	3107866	TGA	FF953_15320	3107462	405	CDS		ATG	FF953_15320|CP040693_3107462_3107866_+2_ATG_134
CP040693	3108054	TAG	FF953_15325	3107863	192	CDS		GTG	FF953_15325|CP040693_3107863_3108054_+1_GTG_63
CP040693	3109407	TAA	FF953_15330	3108253	1155	CDS		GTG	FF953_15330|CP040693_3108253_3109407_+1_GTG_384
CP040693	3109898	TAA	FF953_15335	3109641	258	CDS		GTG	FF953_15335|CP040693_3109641_3109898_+3_GTG_85
CP040693	3110314	TGA	FF953_15340	3110003	312	CDS		ATG	FF953_15340|CP040693_3110003_3110314_+2_ATG_103
CP040693	3111342	TAG	FF953_15350	3110734	609	CDS		GTG	FF953_15350|CP040693_3110734_3111342_+1_GTG_202
CP040693	3112822	TGA	FF953_15355	3111413	1410	CDS		GTG	FF953_15355|CP040693_3111413_3112822_+2_GTG_469
CP040693	3113631	TGA	FF953_15360	3112819	813	CDS		ATG	FF953_15360|CP040693_3112819_3113631_+1_ATG_270
CP040693	3116220	TGA	FF953_15365	3114959	1263	fCDS		ATG	FF953_15365_fCDS|CP040693_3114959_3116220_+2_ATG_420
CP040693	3126360	TAG	FF953_15430	3125611	750	CDS		ATG	FF953_15430|CP040693_3125611_3126360_+1_ATG_249
CP040693	3139056	TGA	FF953_15490	3138511	546	CDS		GTG	FF953_15490|CP040693_3138511_3139056_+1_GTG_181
CP040693	3139541	TAG	FF953_15495	3139053	489	CDS		ATG	FF953_15495|CP040693_3139053_3139541_+3_ATG_162
CP040693	3152456	TGA	FF953_15540	3150609	1848	CDS		ATG	FF953_15540|CP040693_3150609_3152456_+3_ATG_615
CP040693	3153533	TGA	FF953_15545	3152493	1041	CDS		GTG	FF953_15545|CP040693_3152493_3153533_+3_GTG_346
CP040693	3154925	TGA	FF953_15550	3153546	1380	CDS		ATG	FF953_15550|CP040693_3153546_3154925_+3_ATG_459
CP040693	3156143	TGA	FF953_15555	3155025	1119	CDS		ATG	FF953_15555|CP040693_3155025_3156143_+3_ATG_372
CP040693	3156541	TAA	FF953_15560	3156209	333	CDS		GTG	FF953_15560|CP040693_3156209_3156541_+2_GTG_110
CP040693	3156768	TGA	FF953_15565	3156553	216	CDS		ATG	FF953_15565|CP040693_3156553_3156768_+1_ATG_71
CP040693	3156871	TGA	FF953_15570	3156689	183	CDS		ATG	FF953_15570|CP040693_3156689_3156871_+2_ATG_60
CP040693	3163335	TGA	FF953_15605	3163141	195	CDS		ATG	FF953_15605|CP040693_3163141_3163335_+1_ATG_64
CP040693	3163712	TGA	FF953_15610	3163332	381	CDS		ATG	FF953_15610|CP040693_3163332_3163712_+3_ATG_126
CP040693	3166158	TGA	FF953_15620	3165877	282	CDS		ATG	FF953_15620|CP040693_3165877_3166158_+1_ATG_93
CP040693	3166425	TAG	FF953_15625	3166162	264	CDS		GTG	FF953_15625|CP040693_3166162_3166425_+1_GTG_87
CP040693	3171735	TGA	FF953_15650	3171478	258	CDS		GTG	FF953_15650|CP040693_3171478_3171735_+1_GTG_85
CP040693	3172165	TAA	FF953_15655	3171722	444	CDS		ATG	FF953_15655|CP040693_3171722_3172165_+2_ATG_147
CP040693	3172907	TAA	FF953_15660	3172245	663	CDS		ATG	FF953_15660|CP040693_3172245_3172907_+3_ATG_220
CP040693	3173194	TGA	FF953_15665	3173003	192	CDS		ATG	FF953_15665|CP040693_3173003_3173194_+2_ATG_63
CP040693	3175274	TGA	FF953_15670	3173187	2088	CDS		ATG	FF953_15670|CP040693_3173187_3175274_+3_ATG_695
CP040693	3175951	TAA	FF953_15675	3175370	582	CDS		ATG	FF953_15675|CP040693_3175370_3175951_+2_ATG_193
CP040693	3176317	TAG	FF953_15680	3176003	315	CDS		ATG	FF953_15680|CP040693_3176003_3176317_+2_ATG_104
CP040693	3182596	TGA	FF953_15725	3181838	759	CDS		ATG	FF953_15725|CP040693_3181838_3182596_+2_ATG_252
CP040693	3185296	TAG	FF953_15740	3184877	420	CDS		ATG	FF953_15740|CP040693_3184877_3185296_+2_ATG_139
CP040693	3189461	TGA	FF953_15760	3188712	750	CDS		TTG	FF953_15760|CP040693_3188712_3189461_+3_TTG_249
CP040693	3191843	TAG	FF953_15770	3190866	978	CDS		ATG	FF953_15770|CP040693_3190866_3191843_+3_ATG_325
CP040693	3204018	TGA	FF953_15830	3203074	945	CDS		ATG	FF953_15830|CP040693_3203074_3204018_+1_ATG_314
CP040693	3207659	TAG	FF953_15860	3206784	876	CDS		ATG	FF953_15860|CP040693_3206784_3207659_+3_ATG_291
CP040693	3216688	TGA	FF953_15890	3214808	1881	CDS		GTG	FF953_15890|CP040693_3214808_3216688_+2_GTG_626
CP040693	3221823	TAG	FF953_15910	3221602	222	CDS		GTG	FF953_15910|CP040693_3221602_3221823_+1_GTG_73
CP040693	3231929	TAG	FF953_15960	3231144	786	CDS		ATG	FF953_15960|CP040693_3231144_3231929_+3_ATG_261
CP040693	3232227	TGA	FF953_15965	3231916	312	CDS		ATG	FF953_15965|CP040693_3231916_3232227_+1_ATG_103
CP040693	3234394	TGA	FF953_15970	3232643	1752	CDS		ATG	FF953_15970|CP040693_3232643_3234394_+2_ATG_583
CP040693	3240021	TGA	FF953_15975	3234391	5631	CDS		ATG	FF953_15975|CP040693_3234391_3240021_+1_ATG_1876
CP040693	3244634	TGA	FF953_15980	3240018	4617	CDS		GTG	FF953_15980|CP040693_3240018_3244634_+3_GTG_1538
CP040693	3251197	TGA	FF953_15985	3244631	6567	CDS		ATG	FF953_15985|CP040693_3244631_3251197_+2_ATG_2188
CP040693	3256677	TAA	FF953_15990	3251194	5484	CDS		ATG	FF953_15990|CP040693_3251194_3256677_+1_ATG_1827
CP040693	3261149	TGA	FF953_15995	3256683	4467	CDS		GTG	FF953_15995|CP040693_3256683_3261149_+3_GTG_1488
CP040693	3262155	TGA	FF953_16000	3261160	996	CDS		ATG	FF953_16000|CP040693_3261160_3262155_+1_ATG_331
CP040693	3263021	TGA	FF953_16005	3262152	870	CDS		ATG	FF953_16005|CP040693_3262152_3263021_+3_ATG_289
CP040693	3263848	TGA	FF953_16010	3263018	831	CDS		ATG	FF953_16010|CP040693_3263018_3263848_+2_ATG_276
CP040693	3265163	TGA	FF953_16015	3263895	1269	CDS		ATG	FF953_16015|CP040693_3263895_3265163_+3_ATG_422
CP040693	3274023	TAG	FF953_16025	3272281	1743	CDS		ATG	FF953_16025|CP040693_3272281_3274023_+1_ATG_580
CP040693	3276778	TGA	FF953_16030	3274016	2763	CDS		ATG	FF953_16030|CP040693_3274016_3276778_+2_ATG_920
CP040693	3278651	TGA	FF953_16040	3277410	1242	CDS		ATG	FF953_16040|CP040693_3277410_3278651_+3_ATG_413
CP040693	3279452	TAA	FF953_16045	3278651	802	CDS	true	ATG	FF953_16045_p|CP040693_3278651_3279452_+2_ATG_267
CP040693	3291884	TGA	FF953_16080	3291567	318	CDS		ATG	FF953_16080|CP040693_3291567_3291884_+3_ATG_105
CP040693	3294205	TGA	FF953_16090	3293393	813	CDS		ATG	FF953_16090|CP040693_3293393_3294205_+2_ATG_270
CP040693	3295487	TAA	FF953_16095	3294231	1257	CDS		ATG	FF953_16095|CP040693_3294231_3295487_+3_ATG_418
CP040693	3298351	TGA	FF953_16110	3297620	732	CDS		GTG	FF953_16110|CP040693_3297620_3298351_+2_GTG_243
CP040693	3299249	TAG	FF953_16115	3298422	828	CDS		ATG	FF953_16115|CP040693_3298422_3299249_+3_ATG_275
CP040693	3302624	TGA	FF953_16140	3302169	456	CDS	true	CCG	FF953_16140_p|CP040693_3302169_3302624_+3_CCG_151
CP040693	3305408	TAG	FF953_16150	3304188	1221	CDS		GTG	FF953_16150|CP040693_3304188_3305408_+3_GTG_406
CP040693	3306413	TGA	FF953_16155	3305481	933	CDS		ATG	FF953_16155|CP040693_3305481_3306413_+3_ATG_310
CP040693	3307238	TAG	FF953_16165	3307053	186	CDS		ATG	FF953_16165|CP040693_3307053_3307238_+3_ATG_61
CP040693	3315046	TGA	FF953_16200	3314853	194	CDS	true	GTC	FF953_16200_p|CP040693_3314853_3315046_+3_GTC_64
CP040693	3315901	TGA	FF953_16205	3315053	849	CDS		GTG	FF953_16205|CP040693_3315053_3315901_+2_GTG_282
CP040693	3320998	TGA	FF953_16230	3320804	195	CDS		ATG	FF953_16230|CP040693_3320804_3320998_+2_ATG_64
CP040693	3325455	TAG	FF953_16255	3324910	546	CDS		GTG	FF953_16255|CP040693_3324910_3325455_+1_GTG_181
CP040693	3328652	TGA	FF953_16270	3328008	645	CDS		ATG	FF953_16270|CP040693_3328008_3328652_+3_ATG_214
CP040693	3330972	TGA	FF953_16275	3328744	2229	CDS		ATG	FF953_16275|CP040693_3328744_3330972_+1_ATG_742
CP040693	3332008	TAA	FF953_16280	3331055	954	CDS		GTG	FF953_16280|CP040693_3331055_3332008_+2_GTG_317
CP040693	3335738	TAG	FF953_16300	3335037	702	CDS		GTG	FF953_16300|CP040693_3335037_3335738_+3_GTG_233
CP040693	3337363	TAG	FF953_16310	3336872	492	CDS		ATG	FF953_16310|CP040693_3336872_3337363_+2_ATG_163
CP040693	3341445	GGG	FF953_16335	3340159	1287	CDS	true	ATG	FF953_16335_p|CP040693_3340159_3341445_+1_ATG_429
CP040693	3345431	TAA	FF953_16350	3343989	1443	CDS		GTG	FF953_16350|CP040693_3343989_3345431_+3_GTG_480
CP040693	3347457	TAA	FF953_16365	3346492	966	CDS		ATG	FF953_16365|CP040693_3346492_3347457_+1_ATG_321
CP040693	3348161	TGA	FF953_16370	3347502	660	CDS		ATG	FF953_16370|CP040693_3347502_3348161_+3_ATG_219
CP040693	3352576	TGA	FF953_16390	3352238	339	CDS		ATG	FF953_16390|CP040693_3352238_3352576_+2_ATG_112
CP040693	3354720	TGA	FF953_16400	3353599	1122	CDS		ATG	FF953_16400|CP040693_3353599_3354720_+1_ATG_373
CP040693	3356157	TAA	FF953_16410	3355534	624	CDS		ATG	FF953_16410|CP040693_3355534_3356157_+1_ATG_207
CP040693	3361361	TGA	FF953_16435	3360705	657	CDS		GTG	FF953_16435|CP040693_3360705_3361361_+3_GTG_218
CP040693	3365277	TAG	FF953_16450	3364648	630	CDS		ATG	FF953_16450|CP040693_3364648_3365277_+1_ATG_209
CP040693	3370588	TGA	FF953_16485	3369327	1263	fCDS		ATG	FF953_16485_fCDS|CP040693_3369327_3370588_+3_ATG_420
CP040693	3374357	CCA	FF953_16510	3374229	129	CDS	true	TTG	FF953_16510_p|CP040693_3374229_3374357_+3_TTG_43
CP040693	3381532	TGA	FF953_16545	3380708	825	CDS		ATG	FF953_16545|CP040693_3380708_3381532_+2_ATG_274
CP040693	3383109	TGA	FF953_16550	3381529	1581	CDS		TTG	FF953_16550|CP040693_3381529_3383109_+1_TTG_526
CP040693	3384385	TAG	FF953_16555	3383141	1245	CDS		ATG	FF953_16555|CP040693_3383141_3384385_+2_ATG_414
CP040693	3384808	TAG	FF953_16560	3384419	390	CDS		GTG	FF953_16560|CP040693_3384419_3384808_+2_GTG_129
CP040693	3385535	TAG	FF953_16565	3384987	549	CDS		ATG	FF953_16565|CP040693_3384987_3385535_+3_ATG_182
CP040693	3388068	TAG	FF953_16575	3386986	1083	CDS		TTG	FF953_16575|CP040693_3386986_3388068_+1_TTG_360
CP040693	3397822	TAG	FF953_16625	3396743	1080	CDS		ATG	FF953_16625|CP040693_3396743_3397822_+2_ATG_359
CP040693	3398932	TGA	FF953_16630	3397892	1041	CDS		ATG	FF953_16630|CP040693_3397892_3398932_+2_ATG_346
CP040693	3408282	TGA	FF953_16685	3407668	615	CDS		GTG	FF953_16685|CP040693_3407668_3408282_+1_GTG_204
CP040693	3409332	TAG	FF953_16690	3408292	1041	CDS		ATG	FF953_16690|CP040693_3408292_3409332_+1_ATG_346
CP040693	3412557	TAG	FF953_16705	3411079	1479	CDS		ATG	FF953_16705|CP040693_3411079_3412557_+1_ATG_492
CP040693	3413017	TAG	FF953_16710	3412832	186	CDS		ATG	FF953_16710|CP040693_3412832_3413017_+2_ATG_61
CP040693	3418762	TGA	FF953_16725	3417239	1524	CDS		GTG	FF953_16725|CP040693_3417239_3418762_+2_GTG_507
CP040693	3421174	TAG	FF953_16730	3418898	2277	CDS		GTG	FF953_16730|CP040693_3418898_3421174_+2_GTG_758
CP040693	3422365	TGA	FF953_16740	3422042	324	CDS		TTG	FF953_16740|CP040693_3422042_3422365_+2_TTG_107
CP040693	3422970	TGA	FF953_16745	3422362	609	CDS		TTG	FF953_16745|CP040693_3422362_3422970_+1_TTG_202
CP040693	3423493	TGA	FF953_16750	3423083	411	CDS		TTG	FF953_16750|CP040693_3423083_3423493_+2_TTG_136
CP040693	3425745	TGA	FF953_16765	3425347	399	CDS		GTG	FF953_16765|CP040693_3425347_3425745_+1_GTG_132
CP040693	3426122	TGA	FF953_16770	3425742	381	CDS		ATG	FF953_16770|CP040693_3425742_3426122_+3_ATG_126
CP040693	3427228	TGA	FF953_16775	3426119	1110	CDS		ATG	FF953_16775|CP040693_3426119_3427228_+2_ATG_369
CP040693	3429708	TAG	FF953_16790	3428434	1275	CDS		ATG	FF953_16790|CP040693_3428434_3429708_+1_ATG_424
CP040693	3431203	TAA	FF953_16800	3430727	477	CDS		ATG	FF953_16800|CP040693_3430727_3431203_+2_ATG_158
CP040693	3433007	TAA	FF953_16805	3431196	1812	CDS		ATG	FF953_16805|CP040693_3431196_3433007_+3_ATG_603
CP040693	3433409	TGA	FF953_16810	3433008	402	CDS		TTG	FF953_16810|CP040693_3433008_3433409_+3_TTG_133
CP040693	3438933	TAG	FF953_16825	3437695	1239	CDS		GTG	FF953_16825|CP040693_3437695_3438933_+1_GTG_412
CP040693	3441646	TGA	FF953_16835	3440159	1488	CDS		ATG	FF953_16835|CP040693_3440159_3441646_+2_ATG_495
CP040693	3442578	TGA	FF953_16840	3441652	927	CDS		ATG	FF953_16840|CP040693_3441652_3442578_+1_ATG_308
CP040693	3443405	TAG	FF953_16845	3442575	831	CDS		ATG	FF953_16845|CP040693_3442575_3443405_+3_ATG_276
CP040693	3444542	TGA	FF953_16850	3443436	1107	CDS		ATG	FF953_16850|CP040693_3443436_3444542_+3_ATG_368
CP040693	3445998	TGA	FF953_16855	3444580	1419	CDS		ATG	FF953_16855|CP040693_3444580_3445998_+1_ATG_472
CP040693	3447419	TGA	FF953_16860	3445995	1425	CDS		ATG	FF953_16860|CP040693_3445995_3447419_+3_ATG_474
CP040693	3448927	TGA	FF953_16865	3447416	1512	CDS		ATG	FF953_16865|CP040693_3447416_3448927_+2_ATG_503
CP040693	3449419	TAG	FF953_16870	3449207	213	CDS		TTG	FF953_16870|CP040693_3449207_3449419_+2_TTG_70
CP040693	3450753	TAA	FF953_16880	3449866	888	CDS		ATG	FF953_16880|CP040693_3449866_3450753_+1_ATG_295
CP040693	3452462	TAG	FF953_16885	3450771	1692	CDS		ATG	FF953_16885|CP040693_3450771_3452462_+3_ATG_563
CP040693	3456104	TAA	FF953_16905	3455628	477	CDS		ATG	FF953_16905|CP040693_3455628_3456104_+3_ATG_158
CP040693	3457341	TAG	FF953_16910	3456202	1140	CDS		GTG	FF953_16910|CP040693_3456202_3457341_+1_GTG_379
CP040693	3459581	TGA	FF953_16925	3459261	321	CDS		GTG	FF953_16925|CP040693_3459261_3459581_+3_GTG_106
CP040693	3467033	TGA	FF953_16970	3465663	1371	CDS		ATG	FF953_16970|CP040693_3465663_3467033_+3_ATG_456
CP040693	3469156	TAA	FF953_16980	3468716	441	CDS		ATG	FF953_16980|CP040693_3468716_3469156_+2_ATG_146
CP040693	3470384	TAA	FF953_16985	3469305	1080	CDS		ATG	FF953_16985|CP040693_3469305_3470384_+3_ATG_359
CP040693	3470830	TGA	FF953_16990	3470435	396	CDS		ATG	FF953_16990|CP040693_3470435_3470830_+2_ATG_131
CP040693	3471339	TAA	FF953_16995	3470827	513	CDS		ATG	FF953_16995|CP040693_3470827_3471339_+1_ATG_170
CP040693	3471607	TGA	FF953_17000	3471356	252	CDS		ATG	FF953_17000|CP040693_3471356_3471607_+2_ATG_83
CP040693	3472398	TGA	FF953_17005	3471730	669	CDS		ATG	FF953_17005|CP040693_3471730_3472398_+1_ATG_222
CP040693	3472945	TGA	FF953_17010	3472415	531	CDS		GTG	FF953_17010|CP040693_3472415_3472945_+2_GTG_176
CP040693	3474354	TAG	FF953_17020	3473107	1248	CDS		ATG	FF953_17020|CP040693_3473107_3474354_+1_ATG_415
CP040693	3475601	TAG	FF953_17025	3474432	1170	CDS		ATG	FF953_17025|CP040693_3474432_3475601_+3_ATG_389
CP040693	3476463	TGA	FF953_17030	3475630	834	CDS		ATG	FF953_17030|CP040693_3475630_3476463_+1_ATG_277
CP040693	3476767	TGA	FF953_17035	3476465	303	CDS		ATG	FF953_17035|CP040693_3476465_3476767_+2_ATG_100
CP040693	3477231	TGA	FF953_17040	3476788	444	CDS		ATG	FF953_17040|CP040693_3476788_3477231_+1_ATG_147
CP040693	3477830	TGA	FF953_17045	3477228	603	CDS		ATG	FF953_17045|CP040693_3477228_3477830_+3_ATG_200
CP040693	3479367	TGA	FF953_17050	3478165	1203	CDS		ATG	FF953_17050|CP040693_3478165_3479367_+1_ATG_400
CP040693	3480215	TAG	FF953_17060	3479790	426	CDS		GTG	FF953_17060|CP040693_3479790_3480215_+3_GTG_141
CP040693	3480719	TAA	FF953_17065	3480225	495	CDS		TTG	FF953_17065|CP040693_3480225_3480719_+3_TTG_164
CP040693	3482031	TAA	FF953_17070	3481162	870	CDS		GTG	FF953_17070|CP040693_3481162_3482031_+1_GTG_289
CP040693	3484837	TGA	FF953_17085	3483803	1035	CDS		GTG	FF953_17085|CP040693_3483803_3484837_+2_GTG_344
CP040693	3486797	TAG	FF953_17105	3486465	333	CDS		GTG	FF953_17105|CP040693_3486465_3486797_+3_GTG_110
CP040693	3489354	TGA	FF953_17115	3488356	999	CDS		ATG	FF953_17115|CP040693_3488356_3489354_+1_ATG_332
CP040693	3493792	TGG	FF953_17140	3493139	654	CDS	true	ATG	FF953_17140_p|CP040693_3493139_3493792_+2_ATG_218
CP040693	3495131	TAA	FF953_17145	3493989	1143	CDS		ATG	FF953_17145|CP040693_3493989_3495131_+3_ATG_380
CP040693	3496370	TAA	FF953_17155	3495588	783	CDS		GTG	FF953_17155|CP040693_3495588_3496370_+3_GTG_260
CP040693	3497478	TGA	FF953_17160	3496390	1089	CDS		ATG	FF953_17160|CP040693_3496390_3497478_+1_ATG_362
CP040693	3498964	TAG	FF953_17165	3497558	1407	CDS		ATG	FF953_17165|CP040693_3497558_3498964_+2_ATG_468
CP040693	3500190	TAG	FF953_17170	3498985	1206	CDS		ATG	FF953_17170|CP040693_3498985_3500190_+1_ATG_401
CP040693	3501261	TAA	FF953_17175	3500290	972	CDS		ATG	FF953_17175|CP040693_3500290_3501261_+1_ATG_323
CP040693	3502250	TAA	FF953_17185	3501849	402	CDS		GTG	FF953_17185|CP040693_3501849_3502250_+3_GTG_133
CP040693	3504263	TGA	FF953_17195	3503877	387	CDS		TTG	FF953_17195|CP040693_3503877_3504263_+3_TTG_128
CP040693	3504826	TGA	FF953_17200	3504272	555	CDS		GTG	FF953_17200|CP040693_3504272_3504826_+2_GTG_184
CP040693	3505533	TGA	FF953_17205	3504823	711	CDS		ATG	FF953_17205|CP040693_3504823_3505533_+1_ATG_236
CP040693	3506855	TGA	FF953_17210	3505533	1323	CDS		ATG	FF953_17210|CP040693_3505533_3506855_+3_ATG_440
CP040693	3507610	TGA	FF953_17215	3506852	759	CDS		GTG	FF953_17215|CP040693_3506852_3507610_+2_GTG_252
CP040693	3508944	TGA	FF953_17220	3507607	1338	CDS		ATG	FF953_17220|CP040693_3507607_3508944_+1_ATG_445
CP040693	3511361	TGA	FF953_17225	3508941	2421	CDS		GTG	FF953_17225|CP040693_3508941_3511361_+3_GTG_806
CP040693	3512709	TAA	FF953_17230	3511477	1233	CDS		ATG	FF953_17230|CP040693_3511477_3512709_+1_ATG_410
CP040693	3513337	TGA	FF953_17235	3512702	636	CDS		GTG	FF953_17235|CP040693_3512702_3513337_+2_GTG_211
CP040693	3514122	TGA	FF953_17240	3513334	789	CDS		ATG	FF953_17240|CP040693_3513334_3514122_+1_ATG_262
CP040693	3514418	TGA	FF953_17245	3514119	300	CDS		ATG	FF953_17245|CP040693_3514119_3514418_+3_ATG_99
CP040693	3516330	TGA	FF953_17250	3514429	1902	CDS		GTG	FF953_17250|CP040693_3514429_3516330_+1_GTG_633
CP040693	3517988	TGA	FF953_17255	3516327	1662	CDS		GTG	FF953_17255|CP040693_3516327_3517988_+3_GTG_553
CP040693	3519580	TGA	FF953_17260	3517985	1596	CDS		ATG	FF953_17260|CP040693_3517985_3519580_+2_ATG_531
CP040693	3531579	TAA	FF953_17315	3530443	1137	CDS		GTG	FF953_17315|CP040693_3530443_3531579_+1_GTG_378
CP040693	3532703	TAG	FF953_17320	3531579	1125	CDS		ATG	FF953_17320|CP040693_3531579_3532703_+3_ATG_374
CP040693	3534192	TGA	FF953_17325	3532846	1347	CDS		GTG	FF953_17325|CP040693_3532846_3534192_+1_GTG_448
CP040693	3537186	TGA	FF953_17345	3536479	708	CDS		ATG	FF953_17345|CP040693_3536479_3537186_+1_ATG_235
CP040693	3538688	TAG	FF953_17350	3537201	1488	CDS		ATG	FF953_17350|CP040693_3537201_3538688_+3_ATG_495
CP040693	3540648	TGA	FF953_17360	3539788	861	CDS		GTG	FF953_17360|CP040693_3539788_3540648_+1_GTG_286
CP040693	3541138	TAA	FF953_17365	3540743	396	CDS		ATC	FF953_17365|CP040693_3540743_3541138_+2_ATC_131
CP040693	3541365	TGA	FF953_17370	3541154	212	CDS	true	TCC	FF953_17370_p|CP040693_3541154_3541365_+2_TCC_70
CP040693	3541671	TGA	FF953_17375	3541378	294	CDS		GTG	FF953_17375|CP040693_3541378_3541671_+1_GTG_97
CP040693	3543248	TAG	FF953_17380	3541959	1290	CDS		GTG	FF953_17380|CP040693_3541959_3543248_+3_GTG_429
CP040693	3546417	TGA	FF953_17400	3546073	345	CDS		TTG	FF953_17400|CP040693_3546073_3546417_+1_TTG_114
CP040693	3546743	TGA	FF953_17405	3546414	330	CDS		ATG	FF953_17405|CP040693_3546414_3546743_+3_ATG_109
CP040693	3547628	TGA	FF953_17410	3547281	348	CDS		ATG	FF953_17410|CP040693_3547281_3547628_+3_ATG_115
CP040693	3548245	TAA	FF953_17415	3547625	621	CDS		GTG	FF953_17415|CP040693_3547625_3548245_+2_GTG_206
CP040693	3550047	TGA	FF953_17425	3549838	210	CDS		ATG	FF953_17425|CP040693_3549838_3550047_+1_ATG_69
CP040693	3550267	TGA	FF953_17430	3550082	186	CDS		ATG	FF953_17430|CP040693_3550082_3550267_+2_ATG_61
CP040693	3553007	TGA	FF953_17455	3552390	618	CDS		ATG	FF953_17455|CP040693_3552390_3553007_+3_ATG_205
CP040693	3558765	TGA	FF953_17470	3557347	1419	CDS		GTG	FF953_17470|CP040693_3557347_3558765_+1_GTG_472
CP040693	3559670	TGA	FF953_17475	3558771	900	CDS		GTG	FF953_17475|CP040693_3558771_3559670_+3_GTG_299
CP040693	3561350	TGA	FF953_17485	3560007	1344	CDS		ATG	FF953_17485|CP040693_3560007_3561350_+3_ATG_447
CP040693	3564572	TAA	FF953_17500	3564318	255	CDS		ATG	FF953_17500|CP040693_3564318_3564572_+3_ATG_84
CP040693	3573478	TAG	FF953_17525	3573269	210	CDS		ATG	FF953_17525|CP040693_3573269_3573478_+2_ATG_69
CP040693	3574294	TAG	FF953_17530	3573509	786	CDS		GTG	FF953_17530|CP040693_3573509_3574294_+2_GTG_261
CP040693	3574602	TGA	FF953_17535	3574297	306	CDS		ATG	FF953_17535|CP040693_3574297_3574602_+1_ATG_101
CP040693	3578672	TAG	FF953_17555	3577986	687	CDS		ATG	FF953_17555|CP040693_3577986_3578672_+3_ATG_228
CP040693	3579816	TAG	FF953_17565	3579256	561	CDS		GTG	FF953_17565|CP040693_3579256_3579816_+1_GTG_186
CP040693	3582363	TGA	FF953_17575	3580780	1584	CDS		ATG	FF953_17575|CP040693_3580780_3582363_+1_ATG_527
CP040693	3583599	TGA	FF953_17580	3582376	1224	CDS		ATG	FF953_17580|CP040693_3582376_3583599_+1_ATG_407
CP040693	3585240	TGA	FF953_17590	3584629	612	CDS		ATG	FF953_17590|CP040693_3584629_3585240_+1_ATG_203
CP040693	3586355	TGA	FF953_17595	3585237	1119	CDS		GTG	FF953_17595|CP040693_3585237_3586355_+3_GTG_372
CP040693	3586835	TGA	FF953_17600	3586503	333	CDS		ATG	FF953_17600|CP040693_3586503_3586835_+3_ATG_110
CP040693	3588416	TGA	FF953_17610	3587451	966	CDS		ATG	FF953_17610|CP040693_3587451_3588416_+3_ATG_321
CP040693	3588950	TGA	FF953_17615	3588696	255	CDS		ATG	FF953_17615|CP040693_3588696_3588950_+3_ATG_84
CP040693	3591024	TAA	FF953_17630	3590950	75	CDS		ATG	FF953_17630|CP040693_3590950_3591024_+1_ATG_24
CP040693	3593682	TAG	FF953_17650	3592834	849	CDS		ATG	FF953_17650|CP040693_3592834_3593682_+1_ATG_282
CP040693	3593806	TAA	FF953_17655	3593696	111	CDS		CTG	FF953_17655|CP040693_3593696_3593806_+2_CTG_36
CP040693	3594002	TAA	FF953_17660	3593784	219	CDS		GTG	FF953_17660|CP040693_3593784_3594002_+3_GTG_72
CP040693	3597712	TGA	FF953_17675	3596360	1353	CDS		GTG	FF953_17675|CP040693_3596360_3597712_+2_GTG_450
CP040693	3598701	TGA	FF953_17680	3597709	993	CDS		TTG	FF953_17680|CP040693_3597709_3598701_+1_TTG_330
CP040693	3604925	TGA	FF953_17710	3604284	642	CDS		ATG	FF953_17710|CP040693_3604284_3604925_+3_ATG_213
CP040693	3628047	TGA	FF953_17805	3626659	1389	CDS		GTG	FF953_17805|CP040693_3626659_3628047_+1_GTG_462
CP040693	3632828	TAG	FF953_17830	3632409	420	CDS		ATG	FF953_17830|CP040693_3632409_3632828_+3_ATG_139
CP040693	3633477	TGA	FF953_17840	3633278	200	CDS	true	ATG	FF953_17840_p|CP040693_3633278_3633477_+2_ATG_66
CP040693	3634522	TGA	FF953_17845	3633527	996	CDS		GTG	FF953_17845|CP040693_3633527_3634522_+2_GTG_331
CP040693	3635865	TGA	FF953_17850	3634519	1347	CDS		TTG	FF953_17850|CP040693_3634519_3635865_+1_TTG_448
CP040693	3636097	CTG	FF953_17855	3635907	191	CDS	true	CTG	FF953_17855_p|CP040693_3635907_3636097_+3_CTG_63
CP040693	3637822	TAA	FF953_17860	3636161	1662	CDS		ATG	FF953_17860|CP040693_3636161_3637822_+2_ATG_553
CP040693	3642365	TGA	FF953_17880	3640869	1497	CDS		GTG	FF953_17880|CP040693_3640869_3642365_+3_GTG_498
CP040693	3643093	TGA	FF953_17885	3642404	690	CDS		ATG	FF953_17885|CP040693_3642404_3643093_+2_ATG_229
CP040693	3643499	TGA	FF953_17890	3643218	282	CDS		ATG	FF953_17890|CP040693_3643218_3643499_+3_ATG_93
CP040693	3645666	TAG	FF953_17895	3643510	2157	CDS		ATG	FF953_17895|CP040693_3643510_3645666_+1_ATG_718
CP040693	3647616	TGA	FF953_17905	3646432	1185	CDS		ATG	FF953_17905|CP040693_3646432_3647616_+1_ATG_394
CP040693	3649915	TAG	FF953_17910	3647621	2295	CDS		GTG	FF953_17910|CP040693_3647621_3649915_+2_GTG_764
CP040693	3653680	TGA	FF953_17930	3652862	819	CDS		ATG	FF953_17930|CP040693_3652862_3653680_+2_ATG_272
CP040693	3656692	TGA	FF953_17945	3655046	1647	CDS		ATG	FF953_17945|CP040693_3655046_3656692_+2_ATG_548
CP040693	3657071	TGA	FF953_17950	3656673	399	CDS		ATG	FF953_17950|CP040693_3656673_3657071_+3_ATG_132
CP040693	3657736	TAG	FF953_17955	3657068	669	CDS		ATG	FF953_17955|CP040693_3657068_3657736_+2_ATG_222
CP040693	3658670	TGA	FF953_17960	3657777	894	CDS		GTG	FF953_17960|CP040693_3657777_3658670_+3_GTG_297
CP040693	3659098	TGA	FF953_17965	3658667	432	CDS		ATG	FF953_17965|CP040693_3658667_3659098_+2_ATG_143
CP040693	3661008	TAA	FF953_17970	3659206	1803	CDS		GTG	FF953_17970|CP040693_3659206_3661008_+1_GTG_600
CP040693	3666424	TGA	FF953_18005	3665177	1248	CDS		ATG	FF953_18005|CP040693_3665177_3666424_+2_ATG_415
CP040693	3667935	TAA	FF953_18010	3666451	1485	CDS		GTG	FF953_18010|CP040693_3666451_3667935_+1_GTG_494
CP040693	3669580	TGA	FF953_18020	3668915	666	CDS		ATG	FF953_18020|CP040693_3668915_3669580_+2_ATG_221
CP040693	3674165	TAA	FF953_18025	3669624	4542	CDS		GTG	FF953_18025|CP040693_3669624_3674165_+3_GTG_1513
CP040693	3674936	TGA	FF953_18030	3674169	768	CDS		ATG	FF953_18030|CP040693_3674169_3674936_+3_ATG_255
CP040693	3683889	GCG	FF953_18065	3683812	78	CDS	true	ATG	FF953_18065_p|CP040693_3683812_3683889_+1_ATG_26
CP040693	3684527	TAA	FF953_18070	3684048	480	CDS		GTG	FF953_18070|CP040693_3684048_3684527_+3_GTG_159
CP040693	3687767	TAA	FF953_18085	3686961	807	CDS		GTG	FF953_18085|CP040693_3686961_3687767_+3_GTG_268
CP040693	3689375	TGA	FF953_18090	3687771	1605	CDS		GTG	FF953_18090|CP040693_3687771_3689375_+3_GTG_534
CP040693	3691004	TAG	FF953_18100	3690105	900	CDS		ATG	FF953_18100|CP040693_3690105_3691004_+3_ATG_299
CP040693	3692290	TAG	FF953_18105	3691028	1263	CDS		ATG	FF953_18105|CP040693_3691028_3692290_+2_ATG_420
CP040693	3697347	TGA	FF953_18140	3696910	438	CDS		ATA	FF953_18140|CP040693_3696910_3697347_+1_ATA_145
CP040693	3697778	TGA	FF953_18145	3697344	435	CDS		ATG	FF953_18145|CP040693_3697344_3697778_+3_ATG_144
CP040693	3699679	TAA	FF953_18150	3697907	1773	CDS		TTG	FF953_18150|CP040693_3697907_3699679_+2_TTG_590
CP040693	3700470	TGA	FF953_18155	3699679	792	CDS		ATG	FF953_18155|CP040693_3699679_3700470_+1_ATG_263
CP040693	3705092	TGA	FF953_18195	3704742	351	CDS		ATG	FF953_18195|CP040693_3704742_3705092_+3_ATG_116
CP040693	3705456	TAA	FF953_18200	3705070	387	CDS		GTG	FF953_18200|CP040693_3705070_3705456_+1_GTG_128
CP040693	3706477	TAG	FF953_18205	3705404	1074	CDS		TTG	FF953_18205|CP040693_3705404_3706477_+2_TTG_357
CP040693	3709838	TGA	FF953_18225	3709677	162	CDS		ATG	FF953_18225|CP040693_3709677_3709838_+3_ATG_53
CP040693	3711389	TGA	FF953_18230	3709860	1530	CDS		ATG	FF953_18230|CP040693_3709860_3711389_+3_ATG_509
CP040693	3713636	TAA	FF953_18240	3712269	1368	CDS		TTG	FF953_18240|CP040693_3712269_3713636_+3_TTG_455
CP040693	3714922	TAG	FF953_18245	3713705	1218	CDS		ATG	FF953_18245|CP040693_3713705_3714922_+2_ATG_405
CP040693	3716526	TGA	FF953_18250	3715018	1509	CDS		GTG	FF953_18250|CP040693_3715018_3716526_+1_GTG_502
CP040693	3717674	TGA	FF953_18255	3716523	1152	CDS		GTG	FF953_18255|CP040693_3716523_3717674_+3_GTG_383
CP040693	3719166	TAG	FF953_18265	3718687	480	CDS		ATG	FF953_18265|CP040693_3718687_3719166_+1_ATG_159
CP040693	3719625	TAG	FF953_18270	3719185	441	CDS		ATG	FF953_18270|CP040693_3719185_3719625_+1_ATG_146
CP040693	3722476	TAG	FF953_18285	3721844	633	CDS		GTG	FF953_18285|CP040693_3721844_3722476_+2_GTG_210
CP040693	3725404	TGA	FF953_18295	3724055	1350	CDS		ATG	FF953_18295|CP040693_3724055_3725404_+2_ATG_449
CP040693	3726555	TGA	FF953_18300	3725416	1140	CDS		ATG	FF953_18300|CP040693_3725416_3726555_+1_ATG_379
CP040693	3727283	TGA	FF953_18305	3726552	732	CDS		GTG	FF953_18305|CP040693_3726552_3727283_+3_GTG_243
CP040693	3754110	TAG	FF953_18335	3753664	447	CDS		ATC	FF953_18335|CP040693_3753664_3754110_+1_ATC_148
CP040693	3754211	GAC	FF953_18340	3754125	87	CDS	true	GTG	FF953_18340_p|CP040693_3754125_3754211_+3_GTG_29
CP040693	3769353	TAG	FF953_18380	3768964	390	CDS		ATG	FF953_18380|CP040693_3768964_3769353_+1_ATG_129
CP040693	3770901	TGA	FF953_18395	3770626	276	CDS		ATG	FF953_18395|CP040693_3770626_3770901_+1_ATG_91
CP040693	3771155	TGA	FF953_18400	3770898	258	CDS		GTG	FF953_18400|CP040693_3770898_3771155_+3_GTG_85
CP040693	3772387	TAG	FF953_18405	3771197	1191	CDS		GTG	FF953_18405|CP040693_3771197_3772387_+2_GTG_396
CP040693	3772872	TAG	FF953_18410	3772504	369	CDS		ATG	FF953_18410|CP040693_3772504_3772872_+1_ATG_122
CP040693	3778054	TAG	FF953_18440	3777590	465	CDS		ATG	FF953_18440|CP040693_3777590_3778054_+2_ATG_154
CP040693	3780196	TAA	FF953_18450	3778421	1776	CDS		ATG	FF953_18450|CP040693_3778421_3780196_+2_ATG_591
CP040693	3781274	TGA	FF953_18460	3780840	435	CDS		ATG	FF953_18460|CP040693_3780840_3781274_+3_ATG_144
CP040693	3786134	TGA	FF953_18470	3784794	1341	CDS		ATG	FF953_18470|CP040693_3784794_3786134_+3_ATG_446
CP040693	3787351	TGA	FF953_18475	3786176	1176	CDS		GTG	FF953_18475|CP040693_3786176_3787351_+2_GTG_391
CP040693	3787509	TGA	FF953_18480	3787405	105	CDS		ATG	FF953_18480|CP040693_3787405_3787509_+1_ATG_34
CP040693	3788229	TGA	FF953_18485	3787588	642	CDS		ATG	FF953_18485|CP040693_3787588_3788229_+1_ATG_213
CP040693	3788478	TAG	FF953_18490	3788230	249	CDS		TTG	FF953_18490|CP040693_3788230_3788478_+1_TTG_82
CP040693	3789910	TGA	FF953_18495	3788483	1428	CDS		ATG	FF953_18495|CP040693_3788483_3789910_+2_ATG_475
CP040693	3790671	TGA	FF953_18500	3790018	654	CDS		TTG	FF953_18500|CP040693_3790018_3790671_+1_TTG_217
CP040693	3797646	TGA	FF953_18530	3796385	1263	fCDS		ATG	FF953_18530_fCDS|CP040693_3796385_3797646_+2_ATG_420
CP040693	3801327	TGA	FF953_18550	3799986	1342	CDS	true	TTG	FF953_18550_p|CP040693_3799986_3801327_+3_TTG_447
CP040693	3803694	TAA	FF953_18555	3801517	2178	CDS		ATG	FF953_18555|CP040693_3801517_3803694_+1_ATG_725
CP040693	3805421	TGA	FF953_18565	3804711	711	CDS		ATG	FF953_18565|CP040693_3804711_3805421_+3_ATG_236
CP040693	3807419	TAG	FF953_18570	3805467	1953	CDS		ATG	FF953_18570|CP040693_3805467_3807419_+3_ATG_650
CP040693	3809233	TGA	FF953_18580	3808307	927	CDS		GTG	FF953_18580|CP040693_3808307_3809233_+2_GTG_308
CP040693	3812191	TAG	FF953_18595	3811565	627	CDS		GTG	FF953_18595|CP040693_3811565_3812191_+2_GTG_208
CP040693	3817021	TAG	FF953_18615	3815975	1047	CDS		ATG	FF953_18615|CP040693_3815975_3817021_+2_ATG_348
CP040693	3817873	TAG	FF953_18620	3817085	789	CDS		ATG	FF953_18620|CP040693_3817085_3817873_+2_ATG_262
CP040693	3820248	TGA	FF953_18625	3817888	2361	CDS		ATG	FF953_18625|CP040693_3817888_3820248_+1_ATG_786
CP040693	3826700	TGA	FF953_18660	3825813	888	CDS		ATG	FF953_18660|CP040693_3825813_3826700_+3_ATG_295
CP040693	3827034	TGA	FF953_18665	3826735	300	CDS		ATG	FF953_18665|CP040693_3826735_3827034_+1_ATG_99
CP040693	3827441	TGA	FF953_18670	3827031	411	CDS		GTG	FF953_18670|CP040693_3827031_3827441_+3_GTG_136
CP040693	3832619	TGA	FF953_18690	3832209	411	CDS		GTG	FF953_18690|CP040693_3832209_3832619_+3_GTG_136
CP040693	3835683	TAA	FF953_18710	3835375	309	CDS		ATG	FF953_18710|CP040693_3835375_3835683_+1_ATG_102
CP040693	3842093	TAG	FF953_18750	3841863	231	CDS		GTG	FF953_18750|CP040693_3841863_3842093_+3_GTG_76
CP040693	3843251	TAG	FF953_18760	3842722	530	CDS	true	ATG	FF953_18760_p|CP040693_3842722_3843251_+1_ATG_176
CP040693	3844048	TAG	FF953_18765	3843518	531	CDS		ATG	FF953_18765|CP040693_3843518_3844048_+2_ATG_176
CP040693	3848904	TGA	FF953_18800	3848605	300	CDS		GTG	FF953_18800|CP040693_3848605_3848904_+1_GTG_99
CP040693	3849532	TAG	FF953_18805	3848990	543	CDS		ATG	FF953_18805|CP040693_3848990_3849532_+2_ATG_180
CP040693	3850018	TAG	FF953_18815	3849623	396	CDS		ATG	FF953_18815|CP040693_3849623_3850018_+2_ATG_131
CP040693	3851962	TAG	FF953_18830	3851426	537	CDS		ATG	FF953_18830|CP040693_3851426_3851962_+2_ATG_178
CP040693	3861648	TAA	FF953_18880	3861172	477	CDS		ATG	FF953_18880|CP040693_3861172_3861648_+1_ATG_158
CP040693	3862500	TAG	FF953_18885	3861658	843	CDS		GTG	FF953_18885|CP040693_3861658_3862500_+1_GTG_280
CP040693	3874015	TGA	FF953_18935	3872612	1404	CDS		ATG	FF953_18935|CP040693_3872612_3874015_+2_ATG_467
CP040693	3875379	TGA	FF953_18940	3874012	1368	CDS		ATG	FF953_18940|CP040693_3874012_3875379_+1_ATG_455
CP040693	3877665	TGA	FF953_18950	3876877	789	CDS		GTG	FF953_18950|CP040693_3876877_3877665_+1_GTG_262
CP040693	3878392	TAA	FF953_18955	3877712	681	CDS		GTG	FF953_18955|CP040693_3877712_3878392_+2_GTG_226
CP040693	3878689	TGA	FF953_18960	3878450	240	CDS	true	GTG	FF953_18960_p|CP040693_3878450_3878689_+2_GTG_79
CP040693	3880349	TGA	FF953_18965	3878664	1686	CDS		ATG	FF953_18965|CP040693_3878664_3880349_+3_ATG_561
CP040693	3884648	TAA	FF953_19000	3884451	198	CDS		ATG	FF953_19000|CP040693_3884451_3884648_+3_ATG_65
CP040693	3886080	TGA	FF953_19015	3885223	858	CDS		ATG	FF953_19015|CP040693_3885223_3886080_+1_ATG_285
CP040693	3887148	TGA	FF953_19020	3886153	996	CDS		ATG	FF953_19020|CP040693_3886153_3887148_+1_ATG_331
CP040693	3887758	TAG	FF953_19025	3887150	609	CDS		ATG	FF953_19025|CP040693_3887150_3887758_+2_ATG_202
CP040693	3888128	GCC	FF953_19030	3887771	358	CDS	true	TTG	FF953_19030_p|CP040693_3887771_3888128_+2_TTG_119
CP040693	3889233	TGA	FF953_19035	3888280	954	CDS		GTG	FF953_19035|CP040693_3888280_3889233_+1_GTG_317
CP040693	3894184	TAG	FF953_19060	3893678	507	CDS		ATG	FF953_19060|CP040693_3893678_3894184_+2_ATG_168
CP040693	3897347	TAG	FF953_19075	3897051	297	CDS		GTG	FF953_19075|CP040693_3897051_3897347_+3_GTG_98
CP040693	3898565	TAG	FF953_19080	3897384	1182	CDS		GTG	FF953_19080|CP040693_3897384_3898565_+3_GTG_393
CP040693	3901843	TGA	FF953_19085	3898595	3249	CDS		TTG	FF953_19085|CP040693_3898595_3901843_+2_TTG_1082
CP040693	3907575	TAG	FF953_19110	3906037	1539	CDS		ATG	FF953_19110|CP040693_3906037_3907575_+1_ATG_512
CP040693	3908798	TGA	FF953_19120	3908550	249	CDS		GTG	FF953_19120|CP040693_3908550_3908798_+3_GTG_82
CP040693	3909180	TGA	FF953_19125	3908731	450	CDS		TTG	FF953_19125|CP040693_3908731_3909180_+1_TTG_149
CP040693	3910949	TGA	FF953_19135	3910626	324	CDS		ATG	FF953_19135|CP040693_3910626_3910949_+3_ATG_107
CP040693	3911195	TAA	FF953_19140	3911031	165	CDS		ATG	FF953_19140|CP040693_3911031_3911195_+3_ATG_54
CP040693	3912697	TAA	FF953_19145	3911195	1503	CDS		ATG	FF953_19145|CP040693_3911195_3912697_+2_ATG_500
CP040693	3913427	TAA	FF953_19150	3912849	579	CDS		GTG	FF953_19150|CP040693_3912849_3913427_+3_GTG_192
CP040693	3926632	TGA	FF953_19215	3925430	1203	CDS		ATG	FF953_19215|CP040693_3925430_3926632_+2_ATG_400
CP040693	3927778	TAG	FF953_19220	3926657	1122	CDS		ATG	FF953_19220|CP040693_3926657_3927778_+2_ATG_373
CP040693	3929357	TAG	FF953_19225	3927849	1509	CDS		ATG	FF953_19225|CP040693_3927849_3929357_+3_ATG_502
CP040693	3933680	TGA	FF953_19230	3929528	4153	CDS	true	ATG	FF953_19230_p|CP040693_3929528_3933680_+2_ATG_1384
CP040693	3938824	TAA	FF953_19235	3933971	4854	CDS		ATG	FF953_19235|CP040693_3933971_3938824_+2_ATG_1617
CP040693	3947751	GGC	FF953_19250	3941731	6021	CDS	true	GTG	FF953_19250_p|CP040693_3941731_3947751_+1_GTG_2007
CP040693	3948254	TAG	FF953_19255	3947760	495	CDS	true	GGC	FF953_19255_p|CP040693_3947760_3948254_+3_GGC_164
CP040693	3953769	TGA	FF953_19265	3949085	4685	CDS	true	ATG	FF953_19265_p|CP040693_3949085_3953769_+2_ATG_1561
CP040693	3956841	TAG	FF953_19280	3956050	792	CDS		GTG	FF953_19280|CP040693_3956050_3956841_+1_GTG_263
CP040693	3957776	TGA	FF953_19285	3956937	840	CDS		GTG	FF953_19285|CP040693_3956937_3957776_+3_GTG_279
CP040693	3959766	TGA	FF953_19295	3959056	711	CDS		ATG	FF953_19295|CP040693_3959056_3959766_+1_ATG_236
CP040693	3961938	TAA	FF953_19305	3961027	912	CDS		GTG	FF953_19305|CP040693_3961027_3961938_+1_GTG_303
CP040693	3963018	TAG	FF953_19310	3961954	1065	CDS		ATG	FF953_19310|CP040693_3961954_3963018_+1_ATG_354
CP040693	3964219	TAA	FF953_19315	3963035	1185	CDS		ATG	FF953_19315|CP040693_3963035_3964219_+2_ATG_394
CP040693	3965292	TAA	FF953_19320	3964261	1032	CDS		ATG	FF953_19320|CP040693_3964261_3965292_+1_ATG_343
CP040693	3967105	TGA	FF953_19330	3965945	1161	CDS		GTG	FF953_19330|CP040693_3965945_3967105_+2_GTG_386
CP040693	3967560	TAA	FF953_19335	3967111	450	CDS		ATG	FF953_19335|CP040693_3967111_3967560_+1_ATG_149
CP040693	3969126	TGA	FF953_19345	3968929	198	CDS		ATG	FF953_19345|CP040693_3968929_3969126_+1_ATG_65
CP040693	3969328	TGA	FF953_19350	3969131	198	CDS		TTG	FF953_19350|CP040693_3969131_3969328_+2_TTG_65
CP040693	3974069	TGA	FF953_19370	3972849	1221	CDS		ATG	FF953_19370|CP040693_3972849_3974069_+3_ATG_406
CP040693	3980566	TGA	FF953_19395	3978875	1692	CDS		ATG	FF953_19395|CP040693_3978875_3980566_+2_ATG_563
CP040693	3981428	TAG	FF953_19400	3980568	861	CDS		ATG	FF953_19400|CP040693_3980568_3981428_+3_ATG_286
CP040693	3983004	TAG	FF953_19405	3981565	1440	CDS		ATG	FF953_19405|CP040693_3981565_3983004_+1_ATG_479
CP040693	3990238	TAA	FF953_19440	3989063	1176	CDS		ATG	FF953_19440|CP040693_3989063_3990238_+2_ATG_391
CP040693	3990805	TGA	FF953_19445	3990350	456	CDS		ATG	FF953_19445|CP040693_3990350_3990805_+2_ATG_151
CP040693	3993401	TAG	FF953_19465	3992658	744	CDS		ATG	FF953_19465|CP040693_3992658_3993401_+3_ATG_247
CP040693	3994279	TGA	FF953_19470	3993401	879	CDS		GTG	FF953_19470|CP040693_3993401_3994279_+2_GTG_292
CP040693	3995028	TGA	FF953_19475	3994276	753	CDS		GTG	FF953_19475|CP040693_3994276_3995028_+1_GTG_250
CP040693	3996193	TGA	FF953_19480	3995126	1068	CDS		ATG	FF953_19480|CP040693_3995126_3996193_+2_ATG_355
CP040693	3998247	TAG	FF953_19485	3996190	2058	CDS		GTG	FF953_19485|CP040693_3996190_3998247_+1_GTG_685
CP040693	4003143	TAG	FF953_19505	4001485	1659	CDS		ATG	FF953_19505|CP040693_4001485_4003143_+1_ATG_552
CP040693	4006665	TAG	FF953_19520	4005142	1524	CDS		TTG	FF953_19520|CP040693_4005142_4006665_+1_TTG_507
CP040693	4007799	TGA	FF953_19525	4006666	1134	CDS		ATG	FF953_19525|CP040693_4006666_4007799_+1_ATG_377
CP040693	4008755	TGA	FF953_19530	4007796	960	CDS		GTG	FF953_19530|CP040693_4007796_4008755_+3_GTG_319
CP040693	4009708	TGA	FF953_19535	4008752	957	CDS		ATG	FF953_19535|CP040693_4008752_4009708_+2_ATG_318
CP040693	4010871	TAG	FF953_19540	4009705	1167	CDS		GTG	FF953_19540|CP040693_4009705_4010871_+1_GTG_388
CP040693	4012158	GAC	FF953_19555	4012054	105	CDS	true	ATG	FF953_19555_p|CP040693_4012054_4012158_+1_ATG_35
CP040693	4016998	TAG	FF953_19580	4015922	1077	CDS		TTG	FF953_19580|CP040693_4015922_4016998_+2_TTG_358
CP040693	4017546	TAG	FF953_19585	4017016	531	CDS		ATG	FF953_19585|CP040693_4017016_4017546_+1_ATG_176
CP040693	4020588	TAG	FF953_19595	4019989	600	CDS		GTG	FF953_19595|CP040693_4019989_4020588_+1_GTG_199
CP040693	4022576	TAG	FF953_19605	4021863	714	CDS		GTG	FF953_19605|CP040693_4021863_4022576_+3_GTG_237
CP040693	4023633	TGA	FF953_19610	4022767	867	CDS		GTG	FF953_19610|CP040693_4022767_4023633_+1_GTG_288
CP040693	4024888	TAG	FF953_19615	4023647	1242	CDS		TTG	FF953_19615|CP040693_4023647_4024888_+2_TTG_413
CP040693	4029883	TAG	FF953_19645	4029335	549	CDS		GTG	FF953_19645|CP040693_4029335_4029883_+2_GTG_182
CP040693	4031391	TAG	FF953_19650	4029949	1443	CDS		GTG	FF953_19650|CP040693_4029949_4031391_+1_GTG_480
CP040693	4032472	TAA	FF953_19655	4031396	1077	CDS		ATG	FF953_19655|CP040693_4031396_4032472_+2_ATG_358
CP040693	4034912	TAG	FF953_19670	4033998	915	CDS		ATG	FF953_19670|CP040693_4033998_4034912_+3_ATG_304
CP040693	4037879	TAA	FF953_19685	4037562	318	CDS		ATG	FF953_19685|CP040693_4037562_4037879_+3_ATG_105
CP040693	4039215	TAG	FF953_19690	4037857	1359	CDS		GTG	FF953_19690|CP040693_4037857_4039215_+1_GTG_452
CP040693	4040189	TAG	FF953_19695	4039362	828	CDS		GTG	FF953_19695|CP040693_4039362_4040189_+3_GTG_275
CP040693	4057441	TGA	FF953_19785	4056911	531	CDS		ATC	FF953_19785|CP040693_4056911_4057441_+2_ATC_176
CP040693	4060502	CTT	FF953_19815	4060293	210	CDS	true	CTG	FF953_19815_p|CP040693_4060293_4060502_+3_CTG_70
CP040693	4062539	TGA	FF953_19820	4061571	969	CDS		ATG	FF953_19820|CP040693_4061571_4062539_+3_ATG_322
CP040693	4063723	TGA	FF953_19825	4062536	1188	CDS		ATG	FF953_19825|CP040693_4062536_4063723_+2_ATG_395
CP040693	4067087	TAG	FF953_19850	4066365	723	CDS		ATG	FF953_19850|CP040693_4066365_4067087_+3_ATG_240
CP040693	4071749	TGA	FF953_19875	4071261	489	CDS		GTG	FF953_19875|CP040693_4071261_4071749_+3_GTG_162
CP040693	4074308	TAA	FF953_19885	4073013	1296	CDS		TTG	FF953_19885|CP040693_4073013_4074308_+3_TTG_431
CP040693	4075077	TGA	FF953_19890	4074352	726	CDS		ATG	FF953_19890|CP040693_4074352_4075077_+1_ATG_241
CP040693	4075418	TAA	FF953_19895	4075074	345	CDS		ATG	FF953_19895|CP040693_4075074_4075418_+3_ATG_114
CP040693	4076504	TGA	FF953_19900	4075629	876	CDS		ATG	FF953_19900|CP040693_4075629_4076504_+3_ATG_291
CP040693	4079247	TGA	FF953_19910	4077472	1776	CDS		ATG	FF953_19910|CP040693_4077472_4079247_+1_ATG_591
CP040693	4080822	TGA	FF953_19915	4079590	1233	CDS	true	GTG	FF953_19915_p|CP040693_4079590_4080822_+1_GTG_410
CP040693	4081568	TGA	FF953_19920	4080822	747	CDS		ATG	FF953_19920|CP040693_4080822_4081568_+3_ATG_248
CP040693	4085189	TGA	FF953_19945	4084998	192	CDS		GTG	FF953_19945|CP040693_4084998_4085189_+3_GTG_63
CP040693	4088294	TAG	FF953_19960	4086645	1650	CDS		ATG	FF953_19960|CP040693_4086645_4088294_+3_ATG_549
CP040693	4094934	TGA	FF953_19980	4092619	2316	CDS		ATG	FF953_19980|CP040693_4092619_4094934_+1_ATG_771
CP040693	4095355	TAG	FF953_19985	4095071	285	CDS		GTG	FF953_19985|CP040693_4095071_4095355_+2_GTG_94
CP040693	4096716	TGA	FF953_19990	4095679	1038	CDS		ATG	FF953_19990|CP040693_4095679_4096716_+1_ATG_345
CP040693	4097784	TGA	FF953_20000	4097470	315	CDS		ATG	FF953_20000|CP040693_4097470_4097784_+1_ATG_104
CP040693	4098383	TAG	FF953_20005	4097778	606	CDS		TTG	FF953_20005|CP040693_4097778_4098383_+3_TTG_201
CP040693	4103419	TGA	FF953_20045	4103225	195	CDS		TTG	FF953_20045|CP040693_4103225_4103419_+2_TTG_64
CP040693	4104365	TAG	FF953_20050	4103502	864	CDS		GTG	FF953_20050|CP040693_4103502_4104365_+3_GTG_287
CP040693	4111381	TAA	FF953_20085	4111025	357	CDS		GTG	FF953_20085|CP040693_4111025_4111381_+2_GTG_118
CP040693	4113602	TAG	FF953_20090	4111647	1956	CDS		GTG	FF953_20090|CP040693_4111647_4113602_+3_GTG_651
CP040693	4115200	TAG	FF953_20100	4114682	519	CDS		GTG	FF953_20100|CP040693_4114682_4115200_+2_GTG_172
CP040693	4116184	TGA	FF953_20105	4115201	984	CDS		ATG	FF953_20105|CP040693_4115201_4116184_+2_ATG_327
CP040693	4120234	TAG	FF953_20130	4119857	378	CDS		ATG	FF953_20130|CP040693_4119857_4120234_+2_ATG_125
CP040693	4121007	TAA	FF953_20135	4120333	675	CDS		GTG	FF953_20135|CP040693_4120333_4121007_+1_GTG_224
CP040693	4123653	TGA	FF953_20155	4122631	1023	CDS		ATG	FF953_20155|CP040693_4122631_4123653_+1_ATG_340
CP040693	4124810	TGA	FF953_20160	4123650	1161	CDS		ATG	FF953_20160|CP040693_4123650_4124810_+3_ATG_386
CP040693	4128602	TAG	FF953_20175	4126170	2433	CDS		ATG	FF953_20175|CP040693_4126170_4128602_+3_ATG_810
CP040693	4129628	TGA	FF953_20180	4128669	960	CDS		ATG	FF953_20180|CP040693_4128669_4129628_+3_ATG_319
CP040693	4130731	TGA	FF953_20185	4129691	1041	CDS		TTG	FF953_20185|CP040693_4129691_4130731_+2_TTG_346
CP040693	4131528	GTT	FF953_20195	4131304	225	CDS	true	ATT	FF953_20195_p|CP040693_4131304_4131528_+1_ATT_75
CP040693	4135964	TAA	FF953_20220	4134609	1356	CDS		TTG	FF953_20220|CP040693_4134609_4135964_+3_TTG_451
CP040693	4136644	TGA	FF953_20225	4135991	654	CDS		GTG	FF953_20225|CP040693_4135991_4136644_+2_GTG_217
CP040693	4137771	TGA	FF953_20230	4136770	1002	CDS		ATG	FF953_20230|CP040693_4136770_4137771_+1_ATG_333
CP040693	4138844	TAG	FF953_20235	4137768	1077	CDS		GTG	FF953_20235|CP040693_4137768_4138844_+3_GTG_358
CP040693	4138981	TGA	FF953_20240	4138862	120	CDS	true	GCC	FF953_20240_p|CP040693_4138862_4138981_+2_GCC_39
CP040693	4140300	TAA	FF953_20245	4138978	1323	CDS		ATG	FF953_20245|CP040693_4138978_4140300_+1_ATG_440
CP040693	4142390	TAG	FF953_20255	4141458	933	CDS		ATG	FF953_20255|CP040693_4141458_4142390_+3_ATG_310
CP040693	4146274	TAG	FF953_20275	4144745	1530	CDS		ATG	FF953_20275|CP040693_4144745_4146274_+2_ATG_509
CP040693	4146997	TGA	FF953_20280	4146296	702	CDS		ATG	FF953_20280|CP040693_4146296_4146997_+2_ATG_233
CP040693	4159926	TAG	FF953_20340	4157992	1935	CDS		GTG	FF953_20340|CP040693_4157992_4159926_+1_GTG_644
CP040693	4162474	TGA	FF953_20355	4161233	1242	CDS		GTG	FF953_20355|CP040693_4161233_4162474_+2_GTG_413
CP040693	4163174	TAG	FF953_20360	4162479	696	CDS		GTG	FF953_20360|CP040693_4162479_4163174_+3_GTG_231
CP040693	4166025	TAG	FF953_20380	4165300	726	CDS		ATG	FF953_20380|CP040693_4165300_4166025_+1_ATG_241
CP040693	4167970	TGA	FF953_20390	4166558	1413	CDS		ATG	FF953_20390|CP040693_4166558_4167970_+2_ATG_470
CP040693	4169250	TAG	FF953_20395	4167988	1263	CDS		ATG	FF953_20395|CP040693_4167988_4169250_+1_ATG_420
CP040693	4173552	TAG	FF953_20420	4172788	765	CDS		ATG	FF953_20420|CP040693_4172788_4173552_+1_ATG_254
CP040693	4174421	TAG	FF953_20425	4173719	703	CDS	true	ATG	FF953_20425_p|CP040693_4173719_4174421_+2_ATG_234
CP040693	4175467	TAA	FF953_20430	4174466	1002	CDS		ATG	FF953_20430|CP040693_4174466_4175467_+2_ATG_333
CP040693	4176867	TGA	FF953_20435	4175674	1194	CDS		ATG	FF953_20435|CP040693_4175674_4176867_+1_ATG_397
CP040693	4179016	TAG	FF953_20440	4177208	1809	CDS		ATG	FF953_20440|CP040693_4177208_4179016_+2_ATG_602
CP040693	4182323	TGA	FF953_20445	4179126	3198	CDS		GTG	FF953_20445|CP040693_4179126_4182323_+3_GTG_1065
CP040693	4184868	TGA	FF953_20450	4182538	2331	CDS		ATG	FF953_20450|CP040693_4182538_4184868_+1_ATG_776
CP040693	4187087	TAA	FF953_20460	4186011	1077	CDS		ATG	FF953_20460|CP040693_4186011_4187087_+3_ATG_358
CP040693	4188245	TAG	FF953_20465	4187187	1059	CDS		ATG	FF953_20465|CP040693_4187187_4188245_+3_ATG_352
CP040693	4190830	TGA	FF953_20480	4190342	489	CDS		ATG	FF953_20480|CP040693_4190342_4190830_+2_ATG_162
CP040693	4191948	TGA	FF953_20485	4190887	1062	CDS		ATG	FF953_20485|CP040693_4190887_4191948_+1_ATG_353
CP040693	4193541	TAG	FF953_20490	4191952	1590	CDS		ATG	FF953_20490|CP040693_4191952_4193541_+1_ATG_529
CP040693	4200055	TAA	FF953_20520	4199693	363	CDS		ATG	FF953_20520|CP040693_4199693_4200055_+2_ATG_120
CP040693	4201360	TGA	FF953_20535	4200977	384	CDS		GTG	FF953_20535|CP040693_4200977_4201360_+2_GTG_127
CP040693	4201849	TGA	FF953_20540	4201490	360	CDS		GTG	FF953_20540|CP040693_4201490_4201849_+2_GTG_119
CP040693	4203342	TGA	FF953_20560	4203115	228	CDS		ATC	FF953_20560|CP040693_4203115_4203342_+1_ATC_75
CP040693	4205579	TGA	FF953_20580	4204608	972	CDS		GTG	FF953_20580|CP040693_4204608_4205579_+3_GTG_323
CP040693	4210093	TAA	FF953_20610	4209791	303	CDS		GTG	FF953_20610|CP040693_4209791_4210093_+2_GTG_100
CP040693	4213779	TAA	FF953_20625	4213300	480	CDS		GTG	FF953_20625|CP040693_4213300_4213779_+1_GTG_159
CP040693	4217232	TAG	FF953_20640	4216546	687	CDS		ATG	FF953_20640|CP040693_4216546_4217232_+1_ATG_228
CP040693	4218679	TGA	FF953_20650	4218320	360	CDS		ATG	FF953_20650|CP040693_4218320_4218679_+2_ATG_119
CP040693	4219137	TGA	FF953_20655	4218865	273	CDS		GTG	FF953_20655|CP040693_4218865_4219137_+1_GTG_90
CP040693	4222445	TGA	FF953_20685	4221384	1062	CDS		GTG	FF953_20685|CP040693_4221384_4222445_+3_GTG_353
CP040693	4223923	TAG	FF953_20695	4223099	825	CDS		ATG	FF953_20695|CP040693_4223099_4223923_+2_ATG_274
CP040693	4225182	TGA	FF953_20700	4223935	1248	CDS		ATG	FF953_20700|CP040693_4223935_4225182_+1_ATG_415
CP040693	4226810	CCC	FF953_20705	4225338	1473	CDS	true	ATG	FF953_20705_p|CP040693_4225338_4226810_+3_ATG_491
CP040693	4227929	TAG	FF953_20715	4226943	987	CDS		GTG	FF953_20715|CP040693_4226943_4227929_+3_GTG_328
CP040693	4231234	TAG	FF953_20725	4229234	2001	CDS		GTG	FF953_20725|CP040693_4229234_4231234_+2_GTG_666
CP040693	4231774	TAA	FF953_20730	4231238	537	CDS		GTG	FF953_20730|CP040693_4231238_4231774_+2_GTG_178
CP040693	4232599	TGA	FF953_20735	4231778	822	CDS		GTG	FF953_20735|CP040693_4231778_4232599_+2_GTG_273
CP040693	4233510	TGA	FF953_20740	4232596	915	CDS		ATG	FF953_20740|CP040693_4232596_4233510_+1_ATG_304
CP040693	4234349	TAG	FF953_20745	4233507	843	CDS		ATG	FF953_20745|CP040693_4233507_4234349_+3_ATG_280
CP040693	4235485	TAA	FF953_20750	4234505	981	CDS		ATG	FF953_20750|CP040693_4234505_4235485_+2_ATG_326
CP040693	4236553	TGA	FF953_20755	4235569	985	CDS	true	ATG	FF953_20755_p|CP040693_4235569_4236553_+1_ATG_328
CP040693	4239425	TAA	FF953_20770	4238940	486	CDS		GTG	FF953_20770|CP040693_4238940_4239425_+3_GTG_161
CP040693	4239899	TGA	FF953_20775	4239534	366	CDS		ATG	FF953_20775|CP040693_4239534_4239899_+3_ATG_121
CP040693	4241324	TAG	FF953_20780	4239939	1386	CDS		ATG	FF953_20780|CP040693_4239939_4241324_+3_ATG_461
CP040693	4242089	TGA	FF953_20785	4241325	765	CDS		ATG	FF953_20785|CP040693_4241325_4242089_+3_ATG_254
CP040693	4244023	TGA	FF953_20790	4242092	1932	CDS		ATG	FF953_20790|CP040693_4242092_4244023_+2_ATG_643
CP040693	4247307	TAG	FF953_20795	4244023	3285	CDS		ATG	FF953_20795|CP040693_4244023_4247307_+1_ATG_1094
CP040693	4250677	TGA	FF953_20800	4247393	3285	CDS		GTG	FF953_20800|CP040693_4247393_4250677_+2_GTG_1094
CP040693	4253970	TAG	FF953_20805	4250674	3297	CDS		ATG	FF953_20805|CP040693_4250674_4253970_+1_ATG_1098
CP040693	4255165	TGA	FF953_20810	4254038	1128	CDS		ATG	FF953_20810|CP040693_4254038_4255165_+2_ATG_375
CP040693	4257026	TAA	FF953_20815	4255245	1782	CDS		ATG	FF953_20815|CP040693_4255245_4257026_+3_ATG_593
CP040693	4258487	TAG	FF953_20820	4257153	1335	CDS		GTG	FF953_20820|CP040693_4257153_4258487_+3_GTG_444
CP040693	4278754	TAA	FF953_20880	4277900	855	CDS		GTG	FF953_20880|CP040693_4277900_4278754_+2_GTG_284
CP040693	4280578	TGA	FF953_20885	4278959	1620	CDS		ATG	FF953_20885|CP040693_4278959_4280578_+2_ATG_539
CP040693	4282246	TAG	FF953_20890	4280732	1515	CDS		GTG	FF953_20890|CP040693_4280732_4282246_+2_GTG_504
CP040693	4286563	TAA	FF953_20925	4285808	756	CDS		GTG	FF953_20925|CP040693_4285808_4286563_+2_GTG_251
CP040693	4288160	TGA	FF953_20930	4286610	1551	CDS		GTG	FF953_20930|CP040693_4286610_4288160_+3_GTG_516
CP040693	4288492	TGA	FF953_20935	4288157	336	CDS		ATG	FF953_20935|CP040693_4288157_4288492_+2_ATG_111
CP040693	4290847	TAG	FF953_20945	4290134	714	CDS		ATG	FF953_20945|CP040693_4290134_4290847_+2_ATG_237
CP040693	4292096	TAG	FF953_20950	4290882	1215	CDS		ATG	FF953_20950|CP040693_4290882_4292096_+3_ATG_404
CP040693	4305727	TAG	FF953_20975	4303973	1755	CDS		ATG	FF953_20975|CP040693_4303973_4305727_+2_ATG_584
CP040693	4310402	TAG	FF953_20995	4309920	483	CDS		ATG	FF953_20995|CP040693_4309920_4310402_+3_ATG_160
CP040693	4311821	TAA	FF953_21005	4311030	792	CDS		ATG	FF953_21005|CP040693_4311030_4311821_+3_ATG_263
CP040693	4314559	TAG	FF953_21015	4313210	1350	CDS		ATG	FF953_21015|CP040693_4313210_4314559_+2_ATG_449
CP040693	4314977	TGA	FF953_21020	4314564	414	CDS		GTG	FF953_21020|CP040693_4314564_4314977_+3_GTG_137
CP040693	4315195	TGA	FF953_21025	4314974	222	CDS		ATG	FF953_21025|CP040693_4314974_4315195_+2_ATG_73
CP040693	4317704	TAG	FF953_21040	4316928	777	CDS		ATG	FF953_21040|CP040693_4316928_4317704_+3_ATG_258
CP040693	4318143	TAA	FF953_21045	4317730	414	CDS		TTG	FF953_21045|CP040693_4317730_4318143_+1_TTG_137
CP040693	4318886	TAG	FF953_21050	4318341	546	CDS		ATG	FF953_21050|CP040693_4318341_4318886_+3_ATG_181
CP040693	4323429	TAG	FF953_21080	4322983	447	CDS		ATC	FF953_21080|CP040693_4322983_4323429_+1_ATC_148
CP040693	4323803	TGA	FF953_21085	4323444	360	CDS		GTG	FF953_21085|CP040693_4323444_4323803_+3_GTG_119
CP040693	4324203	TGA	FF953_21090	4323988	216	CDS		ATG	FF953_21090|CP040693_4323988_4324203_+1_ATG_71
CP040693	4325490	TGA	FF953_21100	4324867	624	CDS		GTG	FF953_21100|CP040693_4324867_4325490_+1_GTG_207
CP040693	4326327	TAG	FF953_21105	4325770	558	CDS		GTG	FF953_21105|CP040693_4325770_4326327_+1_GTG_185
CP040693	4327396	TGA	FF953_21115	4326488	909	CDS		ATG	FF953_21115|CP040693_4326488_4327396_+2_ATG_302
CP040693	4328059	TAG	FF953_21120	4327661	399	CDS		ATG	FF953_21120|CP040693_4327661_4328059_+2_ATG_132
CP040693	4328833	TAA	FF953_21125	4328177	657	CDS		ATG	FF953_21125|CP040693_4328177_4328833_+2_ATG_218
CP040693	4329129	TAA	FF953_21130	4328845	285	CDS		ATG	FF953_21130|CP040693_4328845_4329129_+1_ATG_94
CP040693	4329640	TGA	FF953_21135	4329236	405	CDS		ATG	FF953_21135|CP040693_4329236_4329640_+2_ATG_134
CP040693	4330130	TGA	FF953_21140	4329657	474	CDS		GTG	FF953_21140|CP040693_4329657_4330130_+3_GTG_157
CP040693	4332361	TAA	FF953_21150	4331711	651	CDS		GTG	FF953_21150|CP040693_4331711_4332361_+2_GTG_216
CP040693	4342111	TGA	FF953_21180	4340939	1173	CDS		ATG	FF953_21180|CP040693_4340939_4342111_+2_ATG_390
CP040693	4342434	TGA	FF953_21185	4342108	327	CDS		GTG	FF953_21185|CP040693_4342108_4342434_+1_GTG_108
CP040693	4344188	TGA	FF953_21195	4343010	1179	CDS		ATG	FF953_21195|CP040693_4343010_4344188_+3_ATG_392
CP040693	4345639	TGA	FF953_21200	4344431	1209	CDS		ATG	FF953_21200|CP040693_4344431_4345639_+2_ATG_402
CP040693	4346038	TGA	FF953_21205	4345727	312	CDS		ATG	FF953_21205|CP040693_4345727_4346038_+2_ATG_103
CP040693	4346892	TGA	FF953_21210	4346041	852	CDS		ATG	FF953_21210|CP040693_4346041_4346892_+1_ATG_283
CP040693	4347482	TGA	FF953_21215	4346931	552	CDS		ATG	FF953_21215|CP040693_4346931_4347482_+3_ATG_183
CP040693	4349196	TGA	FF953_21220	4347475	1722	CDS		ATG	FF953_21220|CP040693_4347475_4349196_+1_ATG_573
CP040693	4350642	TGA	FF953_21225	4349200	1443	CDS		ATG	FF953_21225|CP040693_4349200_4350642_+1_ATG_480
CP040693	4352885	TGA	FF953_21230	4350642	2244	CDS		ATG	FF953_21230|CP040693_4350642_4352885_+3_ATG_747
CP040693	4353025	TGA	FF953_21235	4352882	144	CDS		GTG	FF953_21235|CP040693_4352882_4353025_+2_GTG_47
CP040693	4353104	TGA	FF953_21240	4352997	108	CDS	true	GCC	FF953_21240_p|CP040693_4352997_4353104_+3_GCC_35
CP040693	4354869	TAA	FF953_21245	4353094	1776	CDS		ATG	FF953_21245|CP040693_4353094_4354869_+1_ATG_591
CP040693	4355308	TAA	FF953_21250	4355012	297	CDS		ATG	FF953_21250|CP040693_4355012_4355308_+2_ATG_98
CP040693	4356448	TGA	FF953_21255	4355342	1107	CDS		ATG	FF953_21255|CP040693_4355342_4356448_+2_ATG_368
CP040693	4356843	TGA	FF953_21260	4356541	303	CDS		ATG	FF953_21260|CP040693_4356541_4356843_+1_ATG_100
CP040693	4357163	TAG	FF953_21265	4356876	288	CDS		ATG	FF953_21265|CP040693_4356876_4357163_+3_ATG_95
CP040693	4359277	TGA	FF953_21270	4357277	2001	CDS		ATG	FF953_21270|CP040693_4357277_4359277_+2_ATG_666
CP040693	4360809	TGA	FF953_21275	4359274	1536	CDS		TTG	FF953_21275|CP040693_4359274_4360809_+1_TTG_511
CP040693	4361802	TAG	FF953_21280	4360960	843	CDS		ATG	FF953_21280|CP040693_4360960_4361802_+1_ATG_280
CP040693	4391294	TAG	FF953_21395	4391109	186	CDS		TTG	FF953_21395|CP040693_4391109_4391294_+3_TTG_61
CP040693	4397607	TGA	FF953_21430	4397395	213	CDS		ATG	FF953_21430|CP040693_4397395_4397607_+1_ATG_70
CP040693	4398502	TGA	FF953_21435	4397756	747	CDS		GTG	FF953_21435|CP040693_4397756_4398502_+2_GTG_248
CP040693	4400907	TGA	FF953_21440	4398499	2409	CDS		GTG	FF953_21440|CP040693_4398499_4400907_+1_GTG_802
CP040693	4404458	TGA	FF953_21445	4400904	3555	CDS		ATG	FF953_21445|CP040693_4400904_4404458_+3_ATG_1184
CP040693	4405083	TGA	FF953_21450	4404493	591	CDS		ATG	FF953_21450|CP040693_4404493_4405083_+1_ATG_196
CP040693	4405940	TGA	FF953_21455	4405176	765	CDS		ATG	FF953_21455|CP040693_4405176_4405940_+3_ATG_254
CP040693	4407041	TGA	FF953_21460	4406034	1008	CDS		ATG	FF953_21460|CP040693_4406034_4407041_+3_ATG_335
CP040693	4407388	TAG	FF953_21465	4407038	351	CDS		ATG	FF953_21465|CP040693_4407038_4407388_+2_ATG_116
CP040693	4408718	TAA	FF953_21470	4407498	1221	CDS		ATG	FF953_21470|CP040693_4407498_4408718_+3_ATG_406
CP040693	4415472	TAA	FF953_21525	4415251	222	CDS		ATG	FF953_21525|CP040693_4415251_4415472_+1_ATG_73
CP040693	-13113	TAG	FF953_00060	-13250	138	CDS		GTG	FF953_00060|CP040693_13250_13113_-3_GTG_45
CP040693	-13432	TGA	FF953_00065	-13869	438	CDS		ATG	FF953_00065|CP040693_13869_13432_-2_ATG_145
CP040693	-14691	TGA	FF953_00075	-15116	426	CDS		ATG	FF953_00075|CP040693_15116_14691_-3_ATG_141
CP040693	-15272	TGA	FF953_00080	-15553	282	CDS		ATG	FF953_00080|CP040693_15553_15272_-1_ATG_93
CP040693	-17148	TAG	FF953_00095	-19028	1881	CDS		ATG	FF953_00095|CP040693_19028_17148_-3_ATG_626
CP040693	-19025	TGA	FF953_00100	-20320	1296	CDS		ATG	FF953_00100|CP040693_20320_19025_-1_ATG_431
CP040693	-20317	TGA	FF953_00105	-21792	1476	CDS		ATG	FF953_00105|CP040693_21792_20317_-2_ATG_491
CP040693	-21789	TGA	FF953_00110	-23198	1410	CDS		ATG	FF953_00110|CP040693_23198_21789_-3_ATG_469
CP040693	-23195	TGA	FF953_00115	-24739	1545	CDS		GTG	FF953_00115|CP040693_24739_23195_-1_GTG_514
CP040693	-24828	TGA	FF953_00120	-25295	468	CDS		ATG	FF953_00120|CP040693_25295_24828_-3_ATG_155
CP040693	-25419	TGA	FF953_00125	-26984	1566	CDS		ATG	FF953_00125|CP040693_26984_25419_-3_ATG_521
CP040693	-27453	TAA	FF953_00135	-28421	969	CDS		GTG	FF953_00135|CP040693_28421_27453_-3_GTG_322
CP040693	-28563	TGA	FF953_00140	-28982	420	CDS		ATG	FF953_00140|CP040693_28982_28563_-3_ATG_139
CP040693	-35441	TAG	FF953_00190	-35698	258	CDS		TTG	FF953_00190|CP040693_35698_35441_-1_TTG_85
CP040693	-40765	TGA	FF953_00215	-41538	774	CDS		ATG	FF953_00215|CP040693_41538_40765_-2_ATG_257
CP040693	-41586	TAG	FF953_00220	-42911	1326	CDS		GTG	FF953_00220|CP040693_42911_41586_-3_GTG_441
CP040693	-43713	TGA	FF953_00230	-44060	348	CDS		ATG	FF953_00230|CP040693_44060_43713_-3_ATG_115
CP040693	-44142	TAG	FF953_00235	-45074	933	CDS		ATG	FF953_00235|CP040693_45074_44142_-3_ATG_310
CP040693	-48290	TGA	FF953_00245	-48916	627	CDS		ATG	FF953_00245|CP040693_48916_48290_-1_ATG_208
CP040693	-49075	TAA	FF953_00250	-49809	735	CDS		ATG	FF953_00250|CP040693_49809_49075_-2_ATG_244
CP040693	-49942	TGA	FF953_00255	-50736	795	CDS		ATG	FF953_00255|CP040693_50736_49942_-2_ATG_264
CP040693	-50752	TGA	FF953_00260	-51646	895	CDS	true	GTG	FF953_00260_p|CP040693_51646_50752_-1_GTG_298
CP040693	-51728	TAG	FF953_00265	-52831	1104	CDS		ATG	FF953_00265|CP040693_52831_51728_-1_ATG_367
CP040693	-52892	TAA	FF953_00270	-53434	543	CDS		ATG	FF953_00270|CP040693_53434_52892_-1_ATG_180
CP040693	-53535	TGA	FF953_00275	-54404	870	CDS		GTG	FF953_00275|CP040693_54404_53535_-3_GTG_289
CP040693	-66728	TGA	FF953_00340	-67066	339	CDS	true	ATG	FF953_00340_p|CP040693_67066_66728_-1_ATG_112
CP040693	-67116	TGA	FF953_00345	-67328	213	CDS		GTG	FF953_00345|CP040693_67328_67116_-3_GTG_70
CP040693	-74028	TGA	FF953_00380	-76265	2238	CDS		ATG	FF953_00380|CP040693_76265_74028_-3_ATG_745
CP040693	-76383	TGA	FF953_00385	-76952	570	CDS		TTG	FF953_00385|CP040693_76952_76383_-3_TTG_189
CP040693	-77991	TGA	FF953_00395	-79376	1386	CDS		ATG	FF953_00395|CP040693_79376_77991_-3_ATG_461
CP040693	-79373	TGA	FF953_00400	-80650	1278	CDS		ATG	FF953_00400|CP040693_80650_79373_-1_ATG_425
CP040693	-83489	TGA	FF953_00415	-83878	390	CDS		ATG	FF953_00415|CP040693_83878_83489_-1_ATG_129
CP040693	-83942	TAG	FF953_00420	-84772	831	CDS		ATG	FF953_00420|CP040693_84772_83942_-1_ATG_276
CP040693	-85514	TGA	FF953_00430	-86107	594	CDS		ATG	FF953_00430|CP040693_86107_85514_-1_ATG_197
CP040693	-86104	TGA	FF953_00435	-86310	207	CDS		GTG	FF953_00435|CP040693_86310_86104_-2_GTG_68
CP040693	-101112	TAG	FF953_00515	-101960	849	CDS		GTG	FF953_00515|CP040693_101960_101112_-3_GTG_282
CP040693	-102007	TGA	FF953_00520	-102963	957	CDS		GTG	FF953_00520|CP040693_102963_102007_-2_GTG_318
CP040693	-102734	TGA	FF953_00525	-103516	783	CDS		GTG	FF953_00525|CP040693_103516_102734_-1_GTG_260
CP040693	-118216	TAG	FF953_00565	-120474	2259	CDS		GTG	FF953_00565|CP040693_120474_118216_-2_GTG_752
CP040693	-122154	CGA	FF953_00575	-122271	118	CDS	true	ATG	FF953_00575_p|CP040693_122271_122154_-2_ATG_39
CP040693	-122281	TGA	FF953_00580	-122565	285	CDS		ATG	FF953_00580|CP040693_122565_122281_-2_ATG_94
CP040693	-123966	TAG	FF953_00590	-128843	4878	CDS		GTG	FF953_00590|CP040693_128843_123966_-3_GTG_1625
CP040693	-129197	TGA	FF953_00595	-129406	210	CDS		TTG	FF953_00595|CP040693_129406_129197_-1_TTG_69
CP040693	-138570	TAG	FF953_00640	-139325	756	CDS		ATG	FF953_00640|CP040693_139325_138570_-3_ATG_251
CP040693	-140431	TGA	FF953_00650	-142179	1749	CDS		ATG	FF953_00650|CP040693_142179_140431_-2_ATG_582
CP040693	-143930	TAG	FF953_00660	-146074	2145	CDS		ATG	FF953_00660|CP040693_146074_143930_-1_ATG_714
CP040693	-146211	TGA	FF953_00665	-146645	435	CDS		GTG	FF953_00665|CP040693_146645_146211_-3_GTG_144
CP040693	-155043	TGA	FF953_00710	-156065	1023	CDS		ATG	FF953_00710|CP040693_156065_155043_-3_ATG_340
CP040693	-156780	TGA	FF953_00720	-158123	1344	CDS		ATG	FF953_00720|CP040693_158123_156780_-3_ATG_447
CP040693	-158165	TGA	FF953_00725	-159247	1083	CDS		ATG	FF953_00725|CP040693_159247_158165_-1_ATG_360
CP040693	-161108	TAG	FF953_00740	-161713	606	CDS		GTG	FF953_00740|CP040693_161713_161108_-1_GTG_201
CP040693	-163176	TGA	FF953_00750	-163724	549	CDS		ATG	FF953_00750|CP040693_163724_163176_-3_ATG_182
CP040693	-165735	TGA	FF953_00770	-166145	411	CDS		ATG	FF953_00770|CP040693_166145_165735_-3_ATG_136
CP040693	-167168	TAG	FF953_00780	-168646	1479	CDS		ATG	FF953_00780|CP040693_168646_167168_-1_ATG_492
CP040693	-175129	TAG	FF953_00815	-175416	288	CDS		ATG	FF953_00815|CP040693_175416_175129_-2_ATG_95
CP040693	-176007	TGA	FF953_00825	-177773	1767	CDS		ATG	FF953_00825|CP040693_177773_176007_-3_ATG_588
CP040693	-177783	TGA	FF953_00830	-179360	1578	CDS		ATG	FF953_00830|CP040693_179360_177783_-3_ATG_525
CP040693	-179269	TAG	FF953_00835	-179493	225	CDS		ATG	FF953_00835|CP040693_179493_179269_-2_ATG_74
CP040693	-179619	TGA	FF953_00840	-180449	831	CDS		ATG	FF953_00840|CP040693_180449_179619_-3_ATG_276
CP040693	-180451	TGA	FF953_00845	-181662	1212	CDS		ATG	FF953_00845|CP040693_181662_180451_-2_ATG_403
CP040693	-184959	TGA	FF953_00870	-185084	126	CDS		ATG	FF953_00870|CP040693_185084_184959_-3_ATG_41
CP040693	-185897	TGA	FF953_00880	-187303	1407	CDS		ATG	FF953_00880|CP040693_187303_185897_-1_ATG_468
CP040693	-187395	TGA	FF953_00885	-188903	1509	CDS		ATG	FF953_00885|CP040693_188903_187395_-3_ATG_502
CP040693	-190448	TAA	FF953_00895	-191599	1152	CDS		GTG	FF953_00895|CP040693_191599_190448_-1_GTG_383
CP040693	-191966	TAG	FF953_00905	-192151	186	CDS		TTG	FF953_00905|CP040693_192151_191966_-1_TTG_61
CP040693	-192589	TGA	FF953_00915	-193281	693	CDS		GTG	FF953_00915|CP040693_193281_192589_-2_GTG_230
CP040693	-208169	TAA	FF953_00985	-209278	1110	CDS		ATG	FF953_00985|CP040693_209278_208169_-1_ATG_369
CP040693	-209358	TAA	FF953_00990	-210716	1359	CDS		ATG	FF953_00990|CP040693_210716_209358_-3_ATG_452
CP040693	-210743	TAG	FF953_00995	-211477	735	CDS		ATG	FF953_00995|CP040693_211477_210743_-1_ATG_244
CP040693	-211494	TGA	FF953_01000	-212606	1113	CDS		ATG	FF953_01000|CP040693_212606_211494_-3_ATG_370
CP040693	-216856	TAG	FF953_01025	-217017	162	CDS		ATG	FF953_01025|CP040693_217017_216856_-2_ATG_53
CP040693	-218462	TAG	FF953_01040	-220189	1728	CDS		ATG	FF953_01040|CP040693_220189_218462_-1_ATG_575
CP040693	-223190	TAA	FF953_01060	-225037	1848	CDS		GTG	FF953_01060|CP040693_225037_223190_-1_GTG_615
CP040693	-232985	TAG	FF953_01085	-234976	1992	CDS		GTG	FF953_01085|CP040693_234976_232985_-1_GTG_663
CP040693	-236361	TAG	FF953_01100	-236864	504	CDS		GTG	FF953_01100|CP040693_236864_236361_-3_GTG_167
CP040693	-236861	TGA	FF953_01105	-239761	2901	CDS		ATG	FF953_01105|CP040693_239761_236861_-1_ATG_966
CP040693	-240445	TAG	FF953_01115	-241728	1284	CDS		ATG	FF953_01115|CP040693_241728_240445_-2_ATG_427
CP040693	-242953	TAA	FF953_01125	-245787	2835	CDS		GTG	FF953_01125|CP040693_245787_242953_-2_GTG_944
CP040693	-245853	TGA	FF953_01130	-246581	729	CDS		ATG	FF953_01130|CP040693_246581_245853_-3_ATG_242
CP040693	-246584	TGA	FF953_01135	-247375	792	CDS		ATG	FF953_01135|CP040693_247375_246584_-1_ATG_263
CP040693	-252138	TAA	FF953_01155	-253109	972	CDS		GTG	FF953_01155|CP040693_253109_252138_-3_GTG_323
CP040693	-253106	TGA	FF953_01160	-254437	1332	CDS		ATG	FF953_01160|CP040693_254437_253106_-1_ATG_443
CP040693	-256252	TGA	FF953_01170	-257325	1074	CDS		GTG	FF953_01170|CP040693_257325_256252_-2_GTG_357
CP040693	-258392	TAG	FF953_01180	-259300	909	CDS		GTG	FF953_01180|CP040693_259300_258392_-1_GTG_302
CP040693	-264770	TAG	FF953_01210	-266233	1464	CDS		ATG	FF953_01210|CP040693_266233_264770_-1_ATG_487
CP040693	-266332	TAA	FF953_01215	-267096	765	CDS		GTG	FF953_01215|CP040693_267096_266332_-2_GTG_254
CP040693	-268303	TAA	FF953_01225	-270033	1731	CDS		GTG	FF953_01225|CP040693_270033_268303_-2_GTG_576
CP040693	-270043	TAA	FF953_01230	-271308	1266	CDS		ATG	FF953_01230|CP040693_271308_270043_-2_ATG_421
CP040693	-272775	TAG	FF953_01240	-273188	414	CDS		ATG	FF953_01240|CP040693_273188_272775_-3_ATG_137
CP040693	-273179	TGA	FF953_01245	-273373	195	CDS		ATG	FF953_01245|CP040693_273373_273179_-1_ATG_64
CP040693	-273452	TGA	FF953_01250	-274432	981	CDS		GTG	FF953_01250|CP040693_274432_273452_-1_GTG_326
CP040693	-278074	TAG	FF953_01270	-279609	1536	CDS		ATG	FF953_01270|CP040693_279609_278074_-2_ATG_511
CP040693	-279635	TGA	FF953_01275	-281083	1449	CDS		ATG	FF953_01275|CP040693_281083_279635_-1_ATG_482
CP040693	-281118	TAG	FF953_01280	-285320	4203	CDS		GTG	FF953_01280|CP040693_285320_281118_-3_GTG_1400
CP040693	-285367	TAG	FF953_01285	-285540	174	CDS		ATG	FF953_01285|CP040693_285540_285367_-2_ATG_57
CP040693	-288281	TAG	FF953_01310	-289123	843	CDS		GTG	FF953_01310|CP040693_289123_288281_-1_GTG_280
CP040693	-289134	TGA	FF953_01315	-290498	1365	CDS		GTG	FF953_01315|CP040693_290498_289134_-3_GTG_454
CP040693	-292268	TGA	FF953_01325	-294103	1836	CDS		GTG	FF953_01325|CP040693_294103_292268_-1_GTG_611
CP040693	-296586	TAA	FF953_01340	-297332	747	CDS		ATG	FF953_01340|CP040693_297332_296586_-3_ATG_248
CP040693	-297333	TAA	FF953_01345	-299273	1941	CDS		ATG	FF953_01345|CP040693_299273_297333_-3_ATG_646
CP040693	-299304	TGA	FF953_01350	-300125	822	CDS		ATG	FF953_01350|CP040693_300125_299304_-3_ATG_273
CP040693	-300205	TGA	FF953_01355	-300498	294	CDS		TTG	FF953_01355|CP040693_300498_300205_-2_TTG_97
CP040693	-300643	TAG	FF953_01360	-301122	480	CDS		ATG	FF953_01360|CP040693_301122_300643_-2_ATG_159
CP040693	-304295	TGA	FF953_01375	-304819	525	CDS		GTG	FF953_01375|CP040693_304819_304295_-1_GTG_174
CP040693	-304844	TGA	FF953_01380	-306328	1485	CDS		ATG	FF953_01380|CP040693_306328_304844_-1_ATG_494
CP040693	-306347	TGA	FF953_01385	-308017	1671	CDS		ATG	FF953_01385|CP040693_308017_306347_-1_ATG_556
CP040693	-308764	TAG	FF953_01390	-309219	456	CDS		ATG	FF953_01390|CP040693_309219_308764_-2_ATG_151
CP040693	-309244	TGA	FF953_01395	-309987	744	CDS		ATG	FF953_01395|CP040693_309987_309244_-2_ATG_247
CP040693	-309984	TGA	FF953_01400	-311129	1146	CDS		ATG	FF953_01400|CP040693_311129_309984_-3_ATG_381
CP040693	-311229	TAG	FF953_01405	-312638	1410	CDS		ATG	FF953_01405|CP040693_312638_311229_-3_ATG_469
CP040693	-312779	TAA	FF953_01410	-313324	546	CDS		GTG	FF953_01410|CP040693_313324_312779_-1_GTG_181
CP040693	-313334	TAG	FF953_01415	-314236	903	CDS		ATG	FF953_01415|CP040693_314236_313334_-1_ATG_300
CP040693	-314253	TGA	FF953_01420	-314885	633	CDS		ATG	FF953_01420|CP040693_314885_314253_-3_ATG_210
CP040693	-314981	TGA	FF953_01425	-315973	993	CDS		GTG	FF953_01425|CP040693_315973_314981_-1_GTG_330
CP040693	-315995	TAA	FF953_01430	-319624	3630	CDS		GTG	FF953_01430|CP040693_319624_315995_-1_GTG_1209
CP040693	-321234	TGA	FF953_01440	-321743	510	CDS		GTG	FF953_01440|CP040693_321743_321234_-3_GTG_169
CP040693	-321808	TGA	FF953_01445	-323001	1194	CDS		ATG	FF953_01445|CP040693_323001_321808_-2_ATG_397
CP040693	-324736	TAA	FF953_01455	-326931	2196	CDS		ATG	FF953_01455|CP040693_326931_324736_-2_ATG_731
CP040693	-327045	TGA	FF953_01460	-328178	1134	CDS		TTG	FF953_01460|CP040693_328178_327045_-3_TTG_377
CP040693	-328175	TGA	FF953_01465	-328795	621	CDS		GTG	FF953_01465|CP040693_328795_328175_-1_GTG_206
CP040693	-329403	TAG	FF953_01475	-330128	726	CDS		ATG	FF953_01475|CP040693_330128_329403_-3_ATG_241
CP040693	-331178	TAG	FF953_01485	-331606	429	CDS		ATG	FF953_01485|CP040693_331606_331178_-1_ATG_142
CP040693	-331630	TGA	FF953_01490	-331812	183	CDS		CTG	FF953_01490|CP040693_331812_331630_-2_CTG_60
CP040693	-331907	TAG	FF953_01495	-334714	2808	CDS		ATG	FF953_01495|CP040693_334714_331907_-1_ATG_935
CP040693	-334978	TAG	FF953_01500	-337686	2709	CDS		ATG	FF953_01500|CP040693_337686_334978_-2_ATG_902
CP040693	-355475	TGA	FF953_01570	-356677	1203	CDS		ATG	FF953_01570|CP040693_356677_355475_-1_ATG_400
CP040693	-357558	TGA	FF953_01580	-358361	804	CDS		ATG	FF953_01580|CP040693_358361_357558_-3_ATG_267
CP040693	-358371	TAG	FF953_01585	-359768	1398	CDS		GTG	FF953_01585|CP040693_359768_358371_-3_GTG_465
CP040693	-364763	TAA	FF953_01625	-374308	9546	CDS		ATG	FF953_01625|CP040693_374308_364763_-1_ATG_3181
CP040693	-375170	TGA	FF953_01635	-375652	483	CDS		ATG	FF953_01635|CP040693_375652_375170_-1_ATG_160
CP040693	-377254	TGA	FF953_01650	-377745	492	CDS		GTG	FF953_01650|CP040693_377745_377254_-2_GTG_163
CP040693	-381476	TGA	FF953_01670	-382138	663	CDS		ATG	FF953_01670|CP040693_382138_381476_-1_ATG_220
CP040693	-383770	TAA	FF953_01685	-384540	771	CDS		GTG	FF953_01685|CP040693_384540_383770_-2_GTG_256
CP040693	-384902	TGA	FF953_01695	-385696	795	CDS		TTG	FF953_01695|CP040693_385696_384902_-1_TTG_264
CP040693	-389177	TAA	FF953_01720	-389848	672	CDS		ATG	FF953_01720|CP040693_389848_389177_-1_ATG_223
CP040693	-391293	TAG	FF953_01735	-392642	1350	CDS		ATG	FF953_01735|CP040693_392642_391293_-3_ATG_449
CP040693	-393291	TGA	FF953_01745	-393917	627	CDS		ATG	FF953_01745|CP040693_393917_393291_-3_ATG_208
CP040693	-393944	TAA	FF953_01750	-394684	741	CDS		ATG	FF953_01750|CP040693_394684_393944_-1_ATG_246
CP040693	-398132	TAA	FF953_01775	-398647	516	CDS		GTG	FF953_01775|CP040693_398647_398132_-1_GTG_171
CP040693	-400470	TAG	FF953_01790	-401759	1290	CDS		GTG	FF953_01790|CP040693_401759_400470_-3_GTG_429
CP040693	-401790	TGA	FF953_01795	-404438	2649	CDS		GTG	FF953_01795|CP040693_404438_401790_-3_GTG_882
CP040693	-404547	TGA	FF953_01800	-407045	2499	CDS		GTG	FF953_01800|CP040693_407045_404547_-3_GTG_832
CP040693	-412966	TGA	FF953_01825	-413526	561	CDS		GTG	FF953_01825|CP040693_413526_412966_-2_GTG_186
CP040693	-414087	TGA	FF953_01835	-415550	1464	CDS		ATG	FF953_01835|CP040693_415550_414087_-3_ATG_487
CP040693	-422956	TAG	FF953_01875	-423382	427	CDS	true	GTG	FF953_01875_p|CP040693_423382_422956_-1_GTG_142
CP040693	-423465	TGA	FF953_01880	-433196	9732	CDS		ATG	FF953_01880|CP040693_433196_423465_-3_ATG_3243
CP040693	-433347	TAG	FF953_01885	-433991	645	CDS		GTG	FF953_01885|CP040693_433991_433347_-3_GTG_214
CP040693	-433988	TGA	FF953_01890	-435286	1299	CDS		ATG	FF953_01890|CP040693_435286_433988_-1_ATG_432
CP040693	-436819	TGA	FF953_01905	-437256	438	CDS		GTG	FF953_01905|CP040693_437256_436819_-2_GTG_145
CP040693	-439782	TAA	FF953_01920	-440816	1035	CDS		ATG	FF953_01920|CP040693_440816_439782_-3_ATG_344
CP040693	-441584	TAA	FF953_01930	-442714	1131	CDS		ATG	FF953_01930|CP040693_442714_441584_-1_ATG_376
CP040693	-442739	TAA	FF953_01935	-443332	594	CDS		GTG	FF953_01935|CP040693_443332_442739_-1_GTG_197
CP040693	-443361	TGA	FF953_01940	-443750	390	CDS		GTG	FF953_01940|CP040693_443750_443361_-3_GTG_129
CP040693	-443831	TAG	FF953_01945	-445042	1212	CDS		ATG	FF953_01945|CP040693_445042_443831_-1_ATG_403
CP040693	-445048	TGA	FF953_01950	-445650	603	CDS		ATG	FF953_01950|CP040693_445650_445048_-2_ATG_200
CP040693	-445664	TGA	FF953_01955	-446560	897	CDS		GTG	FF953_01955|CP040693_446560_445664_-1_GTG_298
CP040693	-446557	TGA	FF953_01960	-447150	594	CDS		ATG	FF953_01960|CP040693_447150_446557_-2_ATG_197
CP040693	-447147	TGA	FF953_01965	-447902	756	CDS		ATG	FF953_01965|CP040693_447902_447147_-3_ATG_251
CP040693	-447921	TAG	FF953_01970	-450320	2400	CDS		ATG	FF953_01970|CP040693_450320_447921_-3_ATG_799
CP040693	-450317	TGA	FF953_01975	-450796	480	CDS		ATG	FF953_01975|CP040693_450796_450317_-1_ATG_159
CP040693	-450811	TGA	FF953_01980	-451713	903	CDS		ATG	FF953_01980|CP040693_451713_450811_-2_ATG_300
CP040693	-451747	TGA	FF953_01985	-452889	1143	CDS		ATG	FF953_01985|CP040693_452889_451747_-2_ATG_380
CP040693	-454785	TAG	FF953_02005	-455336	552	CDS		GTG	FF953_02005|CP040693_455336_454785_-3_GTG_183
CP040693	-455432	TGA	FF953_02010	-456340	909	CDS		GTG	FF953_02010|CP040693_456340_455432_-1_GTG_302
CP040693	-456358	TAG	FF953_02015	-456897	540	CDS		GTG	FF953_02015|CP040693_456897_456358_-2_GTG_179
CP040693	-456978	TGA	FF953_02020	-457832	855	CDS		ATG	FF953_02020|CP040693_457832_456978_-3_ATG_284
CP040693	-457973	TGA	FF953_02025	-460519	2547	CDS		GTG	FF953_02025|CP040693_460519_457973_-1_GTG_848
CP040693	-465189	TAG	FF953_02040	-466520	1332	CDS		ATG	FF953_02040|CP040693_466520_465189_-3_ATG_443
CP040693	-469746	TAG	FF953_02060	-471158	1413	CDS		ATG	FF953_02060|CP040693_471158_469746_-3_ATG_470
CP040693	-472650	TGA	FF953_02070	-473369	720	CDS		ATG	FF953_02070|CP040693_473369_472650_-3_ATG_239
CP040693	-474792	TAG	FF953_02090	-474986	195	CDS		ATG	FF953_02090|CP040693_474986_474792_-3_ATG_64
CP040693	-475207	TAG	FF953_02100	-475848	642	CDS		ATG	FF953_02100|CP040693_475848_475207_-2_ATG_213
CP040693	-475855	TAG	FF953_02105	-477084	1230	CDS		ATG	FF953_02105|CP040693_477084_475855_-2_ATG_409
CP040693	-477094	TAG	FF953_02110	-478281	1188	CDS		ATG	FF953_02110|CP040693_478281_477094_-2_ATG_395
CP040693	-478883	TAG	FF953_02120	-481759	2877	CDS		GTG	FF953_02120|CP040693_481759_478883_-1_GTG_958
CP040693	-481756	TGA	FF953_02125	-482184	429	CDS		ATG	FF953_02125|CP040693_482184_481756_-2_ATG_142
CP040693	-488414	TAG	FF953_02140	-489232	819	CDS		ATG	FF953_02140|CP040693_489232_488414_-1_ATG_272
CP040693	-493589	TAA	FF953_02160	-495841	2253	CDS		ATG	FF953_02160|CP040693_495841_493589_-1_ATG_750
CP040693	-495841	TGA	FF953_02165	-496827	987	CDS		ATG	FF953_02165|CP040693_496827_495841_-2_ATG_328
CP040693	-496827	TGA	FF953_02170	-498146	1320	CDS		GTG	FF953_02170|CP040693_498146_496827_-3_GTG_439
CP040693	-498877	TGA	FF953_02180	-499545	669	CDS		GTG	FF953_02180|CP040693_499545_498877_-2_GTG_222
CP040693	-505088	TAG	FF953_02215	-505498	411	CDS		TTG	FF953_02215|CP040693_505498_505088_-1_TTG_136
CP040693	-505658	TGA	FF953_02220	-506287	630	CDS		ATG	FF953_02220|CP040693_506287_505658_-1_ATG_209
CP040693	-506284	TGA	FF953_02225	-507081	798	CDS		ATG	FF953_02225|CP040693_507081_506284_-2_ATG_265
CP040693	-507108	TGA	FF953_02230	-508751	1644	CDS		ATG	FF953_02230|CP040693_508751_507108_-3_ATG_547
CP040693	-508903	TAA	FF953_02235	-509178	276	CDS		ATG	FF953_02235|CP040693_509178_508903_-2_ATG_91
CP040693	-509228	TGA	FF953_02240	-513847	4620	CDS		ATG	FF953_02240|CP040693_513847_509228_-1_ATG_1539
CP040693	-513899	TAG	FF953_02245	-514342	444	CDS		ATG	FF953_02245|CP040693_514342_513899_-1_ATG_147
CP040693	-514543	TAG	FF953_02250	-515418	876	CDS		ATG	FF953_02250|CP040693_515418_514543_-2_ATG_291
CP040693	-515421	TAG	FF953_02255	-516329	909	CDS		ATG	FF953_02255|CP040693_516329_515421_-3_ATG_302
CP040693	-516329	TAA	FF953_02260	-516922	594	CDS		ATG	FF953_02260|CP040693_516922_516329_-1_ATG_197
CP040693	-520873	TAG	FF953_02290	-523059	2187	CDS		GTG	FF953_02290|CP040693_523059_520873_-2_GTG_728
CP040693	-523056	TGA	FF953_02295	-523916	861	CDS		ATG	FF953_02295|CP040693_523916_523056_-3_ATG_286
CP040693	-523913	TGA	FF953_02300	-524608	696	CDS		GTG	FF953_02300|CP040693_524608_523913_-1_GTG_231
CP040693	-524669	TAA	FF953_02305	-525886	1218	CDS		GTG	FF953_02305|CP040693_525886_524669_-1_GTG_405
CP040693	-525905	TGA	FF953_02310	-526840	936	CDS		ATG	FF953_02310|CP040693_526840_525905_-1_ATG_311
CP040693	-528822	TAG	FF953_02320	-529250	429	CDS		GTG	FF953_02320|CP040693_529250_528822_-3_GTG_142
CP040693	-529277	TAA	FF953_02325	-530740	1464	CDS		GTG	FF953_02325|CP040693_530740_529277_-1_GTG_487
CP040693	-531617	TGA	FF953_02335	-532315	699	CDS		ATG	FF953_02335|CP040693_532315_531617_-1_ATG_232
CP040693	-532359	TGA	FF953_02340	-532922	564	CDS		ATG	FF953_02340|CP040693_532922_532359_-3_ATG_187
CP040693	-532971	TGA	FF953_02345	-533741	771	CDS		GTG	FF953_02345|CP040693_533741_532971_-3_GTG_256
CP040693	-533750	TGA	FF953_02350	-535033	1284	CDS		ATG	FF953_02350|CP040693_535033_533750_-1_ATG_427
CP040693	-535030	TGA	FF953_02355	-535719	690	CDS		ATC	FF953_02355|CP040693_535719_535030_-2_ATC_229
CP040693	-535755	TGA	FF953_02360	-537074	1320	CDS		GTG	FF953_02360|CP040693_537074_535755_-3_GTG_439
CP040693	-537114	TGA	FF953_02365	-540017	2904	CDS		GTG	FF953_02365|CP040693_540017_537114_-3_GTG_967
CP040693	-540014	TGA	FF953_02370	-540436	423	CDS		GTG	FF953_02370|CP040693_540436_540014_-1_GTG_140
CP040693	-543901	TAA	FF953_02395	-544347	447	CDS		ATG	FF953_02395|CP040693_544347_543901_-2_ATG_148
CP040693	-544415	TAG	FF953_02400	-545329	915	CDS		ATG	FF953_02400|CP040693_545329_544415_-1_ATG_304
CP040693	-545602	TGA	FF953_02405	-545883	282	CDS		ATG	FF953_02405|CP040693_545883_545602_-2_ATG_93
CP040693	-545870	TGA	FF953_02410	-546043	174	CDS		ATT	FF953_02410|CP040693_546043_545870_-1_ATT_57
CP040693	-546112	TAA	FF953_02415	-548142	2031	CDS		ATG	FF953_02415|CP040693_548142_546112_-2_ATG_676
CP040693	-552839	TAG	FF953_02450	-553411	573	CDS		ATG	FF953_02450|CP040693_553411_552839_-1_ATG_190
CP040693	-553408	TGA	FF953_02455	-554832	1425	CDS		GTG	FF953_02455|CP040693_554832_553408_-2_GTG_474
CP040693	-559374	TAA	FF953_02480	-560237	864	CDS		ATG	FF953_02480|CP040693_560237_559374_-3_ATG_287
CP040693	-560380	TGA	FF953_02485	-560820	441	CDS		GTG	FF953_02485|CP040693_560820_560380_-2_GTG_146
CP040693	-560751	TGA	FF953_02490	-561239	489	CDS		ATG	FF953_02490|CP040693_561239_560751_-3_ATG_162
CP040693	-561249	TAG	FF953_02495	-561953	705	CDS		GTG	FF953_02495|CP040693_561953_561249_-3_GTG_234
CP040693	-566447	TGA	FF953_02530	-567493	1047	CDS		GTG	FF953_02530|CP040693_567493_566447_-1_GTG_348
CP040693	-567490	TGA	FF953_02535	-568332	843	CDS		ATG	FF953_02535|CP040693_568332_567490_-2_ATG_280
CP040693	-568514	TGA	FF953_02540	-569038	525	CDS		ATG	FF953_02540|CP040693_569038_568514_-1_ATG_174
CP040693	-571572	TAG	FF953_02555	-572327	756	CDS		ATG	FF953_02555|CP040693_572327_571572_-3_ATG_251
CP040693	-578989	TGA	FF953_02590	-579378	390	CDS		TTG	FF953_02590|CP040693_579378_578989_-2_TTG_129
CP040693	-579991	TAG	FF953_02600	-581880	1890	CDS		ATG	FF953_02600|CP040693_581880_579991_-2_ATG_629
CP040693	-581877	TGA	FF953_02605	-582206	330	CDS		ATG	FF953_02605|CP040693_582206_581877_-3_ATG_109
CP040693	-582203	TGA	FF953_02610	-583192	990	CDS		GTG	FF953_02610|CP040693_583192_582203_-1_GTG_329
CP040693	-583926	TAG	FF953_02620	-584816	891	CDS		GTG	FF953_02620|CP040693_584816_583926_-3_GTG_296
CP040693	-592373	TAA	FF953_02670	-593281	909	CDS		ATG	FF953_02670|CP040693_593281_592373_-1_ATG_302
CP040693	-593304	TAG	FF953_02675	-593804	501	CDS		ATG	FF953_02675|CP040693_593804_593304_-3_ATG_166
CP040693	-593966	TGA	FF953_02680	-595087	1122	CDS		ATG	FF953_02680|CP040693_595087_593966_-1_ATG_373
CP040693	-606561	TAA	FF953_02735	-607037	477	CDS		ATG	FF953_02735|CP040693_607037_606561_-3_ATG_158
CP040693	-609674	TAG	FF953_02750	-610576	903	CDS		GTG	FF953_02750|CP040693_610576_609674_-1_GTG_300
CP040693	-612828	TAA	FF953_02775	-613223	396	CDS		ATG	FF953_02775|CP040693_613223_612828_-3_ATG_131
CP040693	-620623	TAG	FF953_02815	-620784	162	CDS		GTG	FF953_02815|CP040693_620784_620623_-2_GTG_53
CP040693	-623059	TGA	FF953_02835	-624066	1008	CDS		ATG	FF953_02835|CP040693_624066_623059_-2_ATG_335
CP040693	-624148	TAA	FF953_02840	-625026	879	CDS		GTG	FF953_02840|CP040693_625026_624148_-2_GTG_292
CP040693	-626884	TAG	FF953_02855	-628317	1434	CDS		GTG	FF953_02855|CP040693_628317_626884_-2_GTG_477
CP040693	-631641	TAA	FF953_02875	-632990	1350	CDS		GTG	FF953_02875|CP040693_632990_631641_-3_GTG_449
CP040693	-633002	TAG	FF953_02880	-634144	1143	CDS		CTG	FF953_02880|CP040693_634144_633002_-1_CTG_380
CP040693	-634159	TAG	FF953_02885	-634461	303	CDS		GTG	FF953_02885|CP040693_634461_634159_-2_GTG_100
CP040693	-634521	TAG	FF953_02890	-634799	279	CDS		GTG	FF953_02890|CP040693_634799_634521_-3_GTG_92
CP040693	-634796	TGA	FF953_02895	-636049	1254	CDS		GTG	FF953_02895|CP040693_636049_634796_-1_GTG_417
CP040693	-636169	TGA	FF953_02900	-636555	387	CDS		ATG	FF953_02900|CP040693_636555_636169_-2_ATG_128
CP040693	-636618	TGA	FF953_02905	-637502	885	CDS		GTG	FF953_02905|CP040693_637502_636618_-3_GTG_294
CP040693	-637598	TAA	FF953_02910	-638500	903	CDS		TTG	FF953_02910|CP040693_638500_637598_-1_TTG_300
CP040693	-638814	TGA	FF953_02915	-639227	414	CDS		GTG	FF953_02915|CP040693_639227_638814_-3_GTG_137
CP040693	-639224	TGA	FF953_02920	-639490	267	CDS		TTG	FF953_02920|CP040693_639490_639224_-1_TTG_88
CP040693	-639682	TAG	FF953_02925	-641397	1716	CDS		ATG	FF953_02925|CP040693_641397_639682_-2_ATG_571
CP040693	-648993	TAA	FF953_02965	-649331	339	CDS		ATG	FF953_02965|CP040693_649331_648993_-3_ATG_112
CP040693	-649365	TGA	FF953_02970	-650090	726	CDS		ATG	FF953_02970|CP040693_650090_649365_-3_ATG_241
CP040693	-650115	TGA	FF953_02975	-651341	1227	CDS		GTG	FF953_02975|CP040693_651341_650115_-3_GTG_408
CP040693	-653510	TAG	FF953_02990	-654535	1026	CDS		ATG	FF953_02990|CP040693_654535_653510_-1_ATG_341
CP040693	-654596	TGA	FF953_02995	-656056	1461	CDS		ATG	FF953_02995|CP040693_656056_654596_-1_ATG_486
CP040693	-656134	TAG	FF953_03000	-656625	492	CDS		ATG	FF953_03000|CP040693_656625_656134_-2_ATG_163
CP040693	-662073	TAA	FF953_03035	-663404	1332	CDS		ATG	FF953_03035|CP040693_663404_662073_-3_ATG_443
CP040693	-663628	TGA	FF953_03040	-663969	342	CDS		ATG	FF953_03040|CP040693_663969_663628_-2_ATG_113
CP040693	-664020	TAG	FF953_03045	-664187	168	CDS		ATG	FF953_03045|CP040693_664187_664020_-3_ATG_55
CP040693	-664437	TAG	FF953_03050	-665828	1392	CDS		ATG	FF953_03050|CP040693_665828_664437_-3_ATG_463
CP040693	-665838	TAA	FF953_03055	-666980	1143	CDS		GTG	FF953_03055|CP040693_666980_665838_-3_GTG_380
CP040693	-667165	TGA	FF953_03060	-668331	1167	CDS		GTG	FF953_03060|CP040693_668331_667165_-2_GTG_388
CP040693	-670582	TAG	FF953_03075	-674496	3915	CDS		ATG	FF953_03075|CP040693_674496_670582_-2_ATG_1304
CP040693	-675705	TAG	FF953_03090	-676196	492	CDS		ATG	FF953_03090|CP040693_676196_675705_-3_ATG_163
CP040693	-676969	TAA	FF953_03105	-677655	687	CDS		ATG	FF953_03105|CP040693_677655_676969_-2_ATG_228
CP040693	-680465	TAA	FF953_03115	-682852	2388	CDS		ATG	FF953_03115|CP040693_682852_680465_-1_ATG_795
CP040693	-693420	TGA	FF953_03165	-693812	393	CDS		GTG	FF953_03165|CP040693_693812_693420_-3_GTG_130
CP040693	-693809	TGA	FF953_03170	-694066	258	CDS		ATG	FF953_03170|CP040693_694066_693809_-1_ATG_85
CP040693	-694249	TAA	FF953_03175	-695484	1236	CDS		ATG	FF953_03175|CP040693_695484_694249_-2_ATG_411
CP040693	-695735	TGA	FF953_03180	-696148	414	CDS		GTG	FF953_03180|CP040693_696148_695735_-1_GTG_137
CP040693	-696145	TGA	FF953_03185	-696381	237	CDS		ATG	FF953_03185|CP040693_696381_696145_-2_ATG_78
CP040693	-696485	TAG	FF953_03190	-696991	507	CDS		GTG	FF953_03190|CP040693_696991_696485_-1_GTG_168
CP040693	-697105	TGA	FF953_03195	-697575	471	CDS		ATG	FF953_03195|CP040693_697575_697105_-2_ATG_156
CP040693	-697619	TGA	FF953_03200	-698380	762	CDS		GTG	FF953_03200|CP040693_698380_697619_-1_GTG_253
CP040693	-702856	TGA	FF953_03250	-703023	168	CDS		ATA	FF953_03250|CP040693_703023_702856_-2_ATA_55
CP040693	-703056	TGA	FF953_03255	-703253	198	CDS		GTG	FF953_03255|CP040693_703253_703056_-3_GTG_65
CP040693	-703333	TGA	FF953_03260	-704490	1158	CDS		ATG	FF953_03260|CP040693_704490_703333_-2_ATG_385
CP040693	-704542	TAG	FF953_03265	-704763	222	CDS		ATG	FF953_03265|CP040693_704763_704542_-2_ATG_73
CP040693	-705529	TAG	FF953_03275	-708096	2568	CDS		GTG	FF953_03275|CP040693_708096_705529_-2_GTG_855
CP040693	-709165	TAA	FF953_03290	-709431	267	CDS		GTG	FF953_03290|CP040693_709431_709165_-2_GTG_88
CP040693	-712510	TAA	FF953_03320	-712854	345	CDS		ATG	FF953_03320|CP040693_712854_712510_-2_ATG_114
CP040693	-715734	TGA	FF953_03345	-716474	741	CDS		ATG	FF953_03345|CP040693_716474_715734_-3_ATG_246
CP040693	-717342	TGA	FF953_03360	-718493	1152	CDS		GTG	FF953_03360|CP040693_718493_717342_-3_GTG_383
CP040693	-718586	TGA	FF953_03365	-720313	1728	CDS		GTG	FF953_03365|CP040693_720313_718586_-1_GTG_575
CP040693	-720310	TGA	FF953_03370	-723594	3285	CDS		ATG	FF953_03370|CP040693_723594_720310_-2_ATG_1094
CP040693	-723594	TGA	FF953_03375	-726887	3294	CDS		ATG	FF953_03375|CP040693_726887_723594_-3_ATG_1097
CP040693	-727164	TAA	FF953_03380	-727859	696	CDS		ATG	FF953_03380|CP040693_727859_727164_-3_ATG_231
CP040693	-727908	TAA	FF953_03385	-728747	840	CDS		ATG	FF953_03385|CP040693_728747_727908_-3_ATG_279
CP040693	-728901	TGA	FF953_03390	-729614	714	CDS		GTG	FF953_03390|CP040693_729614_728901_-3_GTG_237
CP040693	-734879	TAA	FF953_03455	-735784	906	CDS		ATG	FF953_03455|CP040693_735784_734879_-1_ATG_301
CP040693	-735849	TAG	FF953_03460	-736730	882	CDS		ATG	FF953_03460|CP040693_736730_735849_-3_ATG_293
CP040693	-736878	TAG	FF953_03465	-737741	864	CDS		ATG	FF953_03465|CP040693_737741_736878_-3_ATG_287
CP040693	-737908	TAG	FF953_03470	-738768	861	CDS		ATG	FF953_03470|CP040693_738768_737908_-2_ATG_286
CP040693	-738815	TGA	FF953_03475	-739720	906	CDS		GTG	FF953_03475|CP040693_739720_738815_-1_GTG_301
CP040693	-739732	TAG	FF953_03480	-741198	1467	CDS		ATG	FF953_03480|CP040693_741198_739732_-2_ATG_488
CP040693	-747062	TGA	FF953_03505	-747757	696	CDS		ATG	FF953_03505|CP040693_747757_747062_-1_ATG_231
CP040693	-750812	TAG	FF953_03520	-751195	384	CDS		TTG	FF953_03520|CP040693_751195_750812_-1_TTG_127
CP040693	-751290	TAG	FF953_03525	-751445	156	CDS		GTG	FF953_03525|CP040693_751445_751290_-3_GTG_51
CP040693	-751521	TGA	FF953_03530	-752237	717	CDS		GTG	FF953_03530|CP040693_752237_751521_-3_GTG_238
CP040693	-752513	TGA	FF953_03535	-752821	309	CDS		ATG	FF953_03535|CP040693_752821_752513_-1_ATG_102
CP040693	-752808	TGA	FF953_03540	-753053	246	CDS		ATG	FF953_03540|CP040693_753053_752808_-3_ATG_81
CP040693	-753163	TGA	FF953_03545	-753600	438	CDS		ATG	FF953_03545|CP040693_753600_753163_-2_ATG_145
CP040693	-753597	TGA	FF953_03550	-753965	369	CDS		TTG	FF953_03550|CP040693_753965_753597_-3_TTG_122
CP040693	-765145	TAG	FF953_03590	-765465	321	CDS		ATG	FF953_03590|CP040693_765465_765145_-2_ATG_106
CP040693	-765512	TGA	FF953_03595	-767425	1914	CDS		ATG	FF953_03595|CP040693_767425_765512_-1_ATG_637
CP040693	-773414	TGA	FF953_03630	-776308	2895	CDS		ATG	FF953_03630|CP040693_776308_773414_-1_ATG_964
CP040693	-776305	TGA	FF953_03635	-776733	429	CDS		ATG	FF953_03635|CP040693_776733_776305_-2_ATG_142
CP040693	-777371	TGA	FF953_03645	-777868	498	CDS		GTG	FF953_03645|CP040693_777868_777371_-1_GTG_165
CP040693	-777870	TGA	FF953_03650	-778244	375	CDS		GTG	FF953_03650|CP040693_778244_777870_-3_GTG_124
CP040693	-786985	TAG	FF953_03695	-787239	255	CDS		GTG	FF953_03695|CP040693_787239_786985_-2_GTG_84
CP040693	-787593	CAC	FF953_03700	-787731	139	CDS	true	CGG	FF953_03700_p|CP040693_787731_787593_-2_CGG_46
CP040693	-787852	TGA	FF953_03705	-788901	1050	CDS		GTG	FF953_03705|CP040693_788901_787852_-2_GTG_349
CP040693	-788898	TGA	FF953_03710	-789494	597	CDS		ATG	FF953_03710|CP040693_789494_788898_-3_ATG_198
CP040693	-797932	TGA	FF953_03770	-798162	231	CDS		GTG	FF953_03770|CP040693_798162_797932_-2_GTG_76
CP040693	-815475	TGA	FF953_03900	-816380	906	CDS		ATG	FF953_03900|CP040693_816380_815475_-3_ATG_301
CP040693	-816473	TGA	FF953_03905	-817576	1104	CDS		ATG	FF953_03905|CP040693_817576_816473_-1_ATG_367
CP040693	-817779	TAG	FF953_03910	-818435	657	CDS		ATG	FF953_03910|CP040693_818435_817779_-3_ATG_218
CP040693	-818432	TGA	FF953_03915	-819412	981	CDS		GTG	FF953_03915|CP040693_819412_818432_-1_GTG_326
CP040693	-821619	TGA	FF953_03930	-822575	957	CDS		ATG	FF953_03930|CP040693_822575_821619_-3_ATG_318
CP040693	-828560	AGC	FF953_03980	-828688	129	CDS	true	ATG	FF953_03980_p|CP040693_828688_828560_-1_ATG_43
CP040693	-831824	TAG	FF953_04005	-832381	558	CDS		ATG	FF953_04005|CP040693_832381_831824_-1_ATG_185
CP040693	-832378	TGA	FF953_04010	-832884	507	CDS		ATG	FF953_04010|CP040693_832884_832378_-2_ATG_168
CP040693	-832997	TAG	FF953_04015	-833143	147	CDS		ATG	FF953_04015|CP040693_833143_832997_-1_ATG_48
CP040693	-839099	TAG	FF953_04050	-839236	138	CDS		GTG	FF953_04050|CP040693_839236_839099_-1_GTG_45
CP040693	-839709	TAA	FF953_04060	-840593	885	CDS		ATG	FF953_04060|CP040693_840593_839709_-3_ATG_294
CP040693	-840604	TAG	FF953_04065	-841776	1173	CDS		ATG	FF953_04065|CP040693_841776_840604_-2_ATG_390
CP040693	-841783	TAG	FF953_04070	-843315	1533	CDS		ATG	FF953_04070|CP040693_843315_841783_-2_ATG_510
CP040693	-845465	TAG	FF953_04080	-847402	1938	CDS		ATG	FF953_04080|CP040693_847402_845465_-1_ATG_645
CP040693	-847731	TTA	FF953_04085	-847889	159	CDS	true	ATG	FF953_04085_p|CP040693_847889_847731_-3_ATG_53
CP040693	-848103	TGA	FF953_04095	-848828	726	CDS		ATG	FF953_04095|CP040693_848828_848103_-3_ATG_241
CP040693	-848883	TGA	FF953_04100	-850144	1263	fCDS		ATG	FF953_04100_fCDS|CP040693_850144_848883_-1_ATG_420
CP040693	-852545	TGA	FF953_04115	-852946	402	CDS		GTG	FF953_04115|CP040693_852946_852545_-1_GTG_133
CP040693	-852987	TGA	FF953_04120	-853406	420	CDS		ATG	FF953_04120|CP040693_853406_852987_-3_ATG_139
CP040693	-853419	TAG	FF953_04125	-854546	1128	CDS		GTG	FF953_04125|CP040693_854546_853419_-3_GTG_375
CP040693	-854645	TAA	FF953_04130	-855190	546	CDS		GTG	FF953_04130|CP040693_855190_854645_-1_GTG_181
CP040693	-855193	TAA	FF953_04135	-855399	207	CDS		ATG	FF953_04135|CP040693_855399_855193_-2_ATG_68
CP040693	-855402	TAA	FF953_04140	-856757	1356	CDS		ATG	FF953_04140|CP040693_856757_855402_-3_ATG_451
CP040693	-856757	TAA	FF953_04145	-857584	828	CDS		ATG	FF953_04145|CP040693_857584_856757_-1_ATG_275
CP040693	-857584	TAA	FF953_04150	-858792	1209	CDS		ATG	FF953_04150|CP040693_858792_857584_-2_ATG_402
CP040693	-858789	TGA	FF953_04155	-859430	642	CDS		GTG	FF953_04155|CP040693_859430_858789_-3_GTG_213
CP040693	-864571	TAG	FF953_04185	-866109	1539	CDS		ATG	FF953_04185|CP040693_866109_864571_-2_ATG_512
CP040693	-866160	TAA	FF953_04190	-867071	912	CDS		ATG	FF953_04190|CP040693_867071_866160_-3_ATG_303
CP040693	-867704	TGA	FF953_04200	-868483	780	CDS		ATG	FF953_04200|CP040693_868483_867704_-1_ATG_259
CP040693	-871392	TAG	FF953_04215	-872012	621	CDS		ATG	FF953_04215|CP040693_872012_871392_-3_ATG_206
CP040693	-875540	TGA	FF953_04235	-877162	1623	CDS		ATG	FF953_04235|CP040693_877162_875540_-1_ATG_540
CP040693	-879797	TAG	FF953_04250	-880435	639	CDS		ATG	FF953_04250|CP040693_880435_879797_-1_ATG_212
CP040693	-882173	TGA	FF953_04270	-882772	600	CDS		GTG	FF953_04270|CP040693_882772_882173_-1_GTG_199
CP040693	-882794	TGA	FF953_04275	-883522	729	CDS		ATG	FF953_04275|CP040693_883522_882794_-1_ATG_242
CP040693	-883519	TGA	FF953_04280	-884562	1044	CDS		ATG	FF953_04280|CP040693_884562_883519_-2_ATG_347
CP040693	-884559	TGA	FF953_04285	-885368	810	CDS		ATG	FF953_04285|CP040693_885368_884559_-3_ATG_269
CP040693	-885859	TAG	FF953_04295	-887358	1500	CDS		ATG	FF953_04295|CP040693_887358_885859_-2_ATG_499
CP040693	-890193	TAA	FF953_04310	-890990	798	CDS		ATG	FF953_04310|CP040693_890990_890193_-3_ATG_265
CP040693	-890987	TGA	FF953_04315	-891994	1008	CDS		GTG	FF953_04315|CP040693_891994_890987_-1_GTG_335
CP040693	-893693	TGA	FF953_04330	-894349	657	CDS		ATG	FF953_04330|CP040693_894349_893693_-1_ATG_218
CP040693	-898453	TGA	FF953_04350	-900051	1599	CDS		ATG	FF953_04350|CP040693_900051_898453_-2_ATG_532
CP040693	-903626	TAG	FF953_04370	-903808	183	CDS		ATG	FF953_04370|CP040693_903808_903626_-1_ATG_60
CP040693	-903955	TGA	FF953_04375	-905061	1107	CDS		GTG	FF953_04375|CP040693_905061_903955_-2_GTG_368
CP040693	-906059	TAA	FF953_04385	-906739	681	CDS		GTG	FF953_04385|CP040693_906739_906059_-1_GTG_226
CP040693	-906902	TGA	FF953_04390	-907204	303	CDS		ATG	FF953_04390|CP040693_907204_906902_-1_ATG_100
CP040693	-907206	TGA	FF953_04395	-908039	834	CDS		ATG	FF953_04395|CP040693_908039_907206_-3_ATG_277
CP040693	-908332	TGA	FF953_04400	-908754	423	CDS		ATG	FF953_04400|CP040693_908754_908332_-2_ATG_140
CP040693	-908751	TGA	FF953_04405	-909563	813	CDS		ATG	FF953_04405|CP040693_909563_908751_-3_ATG_270
CP040693	-912279	TAG	FF953_04425	-912920	642	CDS		ATG	FF953_04425|CP040693_912920_912279_-3_ATG_213
CP040693	-912978	TAG	FF953_04430	-915032	2055	CDS		ATG	FF953_04430|CP040693_915032_912978_-3_ATG_684
CP040693	-915198	TGA	FF953_04435	-916364	1167	CDS		ATG	FF953_04435|CP040693_916364_915198_-3_ATG_388
CP040693	-916357	CAG	FF953_04440	-916452	96	CDS	true	GCC	FF953_04440_p|CP040693_916452_916357_-2_GCC_32
CP040693	-916452	TAG	FF953_04445	-917468	1017	CDS		ATG	FF953_04445|CP040693_917468_916452_-3_ATG_338
CP040693	-917630	TGA	FF953_04450	-918271	642	CDS		GTG	FF953_04450|CP040693_918271_917630_-1_GTG_213
CP040693	-919459	TAA	FF953_04460	-919851	393	CDS		ATG	FF953_04460|CP040693_919851_919459_-2_ATG_130
CP040693	-919909	TGA	FF953_04465	-920331	423	CDS		ATG	FF953_04465|CP040693_920331_919909_-2_ATG_140
CP040693	-921612	TAA	FF953_04480	-922427	816	CDS		ATG	FF953_04480|CP040693_922427_921612_-3_ATG_271
CP040693	-926264	TAA	FF953_04520	-928912	2649	CDS		ATG	FF953_04520|CP040693_928912_926264_-1_ATG_882
CP040693	-930005	TGA	FF953_04530	-930556	552	CDS		ATG	FF953_04530|CP040693_930556_930005_-1_ATG_183
CP040693	-930637	TAA	FF953_04535	-931359	723	CDS		ATG	FF953_04535|CP040693_931359_930637_-2_ATG_240
CP040693	-931430	TGA	FF953_04540	-932458	1029	CDS		ATG	FF953_04540|CP040693_932458_931430_-1_ATG_342
CP040693	-932720	TAG	FF953_04545	-932908	189	CDS		ATG	FF953_04545|CP040693_932908_932720_-1_ATG_62
CP040693	-932927	TGA	FF953_04550	-933196	270	CDS		ATG	FF953_04550|CP040693_933196_932927_-1_ATG_89
CP040693	-934884	TGA	FF953_04565	-935744	861	CDS		GTG	FF953_04565|CP040693_935744_934884_-3_GTG_286
CP040693	-938883	TAG	FF953_04590	-939533	651	CDS		ATG	FF953_04590|CP040693_939533_938883_-3_ATG_216
CP040693	-941107	TGA	FF953_04600	-942621	1515	CDS		ATG	FF953_04600|CP040693_942621_941107_-2_ATG_504
CP040693	-946068	TAG	FF953_04625	-946895	828	CDS		GTG	FF953_04625|CP040693_946895_946068_-3_GTG_275
CP040693	-947863	TGA	FF953_04640	-949545	1683	CDS		GTG	FF953_04640|CP040693_949545_947863_-2_GTG_560
CP040693	-952154	TAG	FF953_04665	-953347	1194	CDS		ATG	FF953_04665|CP040693_953347_952154_-1_ATG_397
CP040693	-956950	TAG	FF953_04680	-958578	1629	CDS		GTG	FF953_04680|CP040693_958578_956950_-2_GTG_542
CP040693	-958602	CGC	FF953_04685	-958696	95	CDS	true	GCC	FF953_04685_p|CP040693_958696_958602_-1_GCC_31
CP040693	-958716	TAA	FF953_04690	-960986	2271	CDS		ATG	FF953_04690|CP040693_960986_958716_-3_ATG_756
CP040693	-962686	TGA	FF953_04715	-963909	1224	CDS		ATG	FF953_04715|CP040693_963909_962686_-2_ATG_407
CP040693	-964357	TAA	FF953_04720	-964635	279	CDS		GTG	FF953_04720|CP040693_964635_964357_-2_GTG_92
CP040693	-964639	TAA	FF953_04725	-965721	1083	CDS		ATG	FF953_04725|CP040693_965721_964639_-2_ATG_360
CP040693	-965718	TGA	FF953_04730	-966107	390	CDS		ATG	FF953_04730|CP040693_966107_965718_-3_ATG_129
CP040693	-966798	TAA	FF953_04740	-968626	1829	CDS	true	ATG	FF953_04740_p|CP040693_968626_966798_-1_ATG_609
CP040693	-968707	TAG	FF953_04745	-968898	192	CDS		TTG	FF953_04745|CP040693_968898_968707_-2_TTG_63
CP040693	-970928	TAG	FF953_04755	-972088	1161	CDS		GTG	FF953_04755|CP040693_972088_970928_-1_GTG_386
CP040693	-972188	TGA	FF953_04760	-972676	489	CDS		GTG	FF953_04760|CP040693_972676_972188_-1_GTG_162
CP040693	-972673	TGA	FF953_04765	-974319	1647	CDS		ATG	FF953_04765|CP040693_974319_972673_-2_ATG_548
CP040693	-975254	TGA	FF953_04775	-976585	1332	CDS		ATG	FF953_04775|CP040693_976585_975254_-1_ATG_443
CP040693	-976863	TAG	FF953_04780	-977138	276	CDS		ATG	FF953_04780|CP040693_977138_976863_-3_ATG_91
CP040693	-978888	TAG	FF953_04800	-979649	762	CDS		ATG	FF953_04800|CP040693_979649_978888_-3_ATG_253
CP040693	-979806	TAG	FF953_04805	-980936	1131	CDS		ATG	FF953_04805|CP040693_980936_979806_-3_ATG_376
CP040693	-983895	TAG	FF953_04820	-984353	459	CDS		ATG	FF953_04820|CP040693_984353_983895_-3_ATG_152
CP040693	-987123	TGA	FF953_04835	-988244	1122	CDS		ATG	FF953_04835|CP040693_988244_987123_-3_ATG_373
CP040693	-988331	TGA	FF953_04840	-990979	2649	CDS		GTG	FF953_04840|CP040693_990979_988331_-1_GTG_882
CP040693	-990981	TGA	FF953_04845	-991838	858	CDS		GTG	FF953_04845|CP040693_991838_990981_-3_GTG_285
CP040693	-993701	TAG	FF953_04860	-994678	978	CDS		ATG	FF953_04860|CP040693_994678_993701_-1_ATG_325
CP040693	-999191	TAA	FF953_04880	-1000798	1608	CDS		ATG	FF953_04880|CP040693_1000798_999191_-1_ATG_535
CP040693	-1000824	TAG	FF953_04885	-1001087	264	CDS		ATG	FF953_04885|CP040693_1001087_1000824_-3_ATG_87
CP040693	-1002884	TAG	FF953_04905	-1004224	1341	CDS		ATG	FF953_04905|CP040693_1004224_1002884_-1_ATG_446
CP040693	-1004235	TGA	FF953_04910	-1004945	711	CDS		ATG	FF953_04910|CP040693_1004945_1004235_-3_ATG_236
CP040693	-1005076	TAA	FF953_04915	-1006563	1488	CDS		GTG	FF953_04915|CP040693_1006563_1005076_-2_GTG_495
CP040693	-1015204	TGA	FF953_04960	-1015434	231	CDS		GTG	FF953_04960|CP040693_1015434_1015204_-2_GTG_76
CP040693	-1015601	TGA	FF953_04965	-1017109	1509	CDS		ATG	FF953_04965|CP040693_1017109_1015601_-1_ATG_502
CP040693	-1017111	TGA	FF953_04970	-1018349	1239	CDS		ATG	FF953_04970|CP040693_1018349_1017111_-3_ATG_412
CP040693	-1018442	TAA	FF953_04975	-1019713	1272	CDS		ATG	FF953_04975|CP040693_1019713_1018442_-1_ATG_423
CP040693	-1019728	TAA	FF953_04980	-1020027	300	CDS		ATG	FF953_04980|CP040693_1020027_1019728_-2_ATG_99
CP040693	-1023881	TGA	FF953_05010	-1025200	1320	CDS		ATG	FF953_05010|CP040693_1025200_1023881_-1_ATG_439
CP040693	-1027897	TAG	FF953_05025	-1028961	1065	CDS		ATG	FF953_05025|CP040693_1028961_1027897_-2_ATG_354
CP040693	-1028962	TGA	FF953_05030	-1030248	1287	CDS		GTG	FF953_05030|CP040693_1030248_1028962_-2_GTG_428
CP040693	-1030280	TAG	FF953_05035	-1031017	738	CDS		ATG	FF953_05035|CP040693_1031017_1030280_-1_ATG_245
CP040693	-1031094	TGA	FF953_05040	-1032170	1077	CDS		ATG	FF953_05040|CP040693_1032170_1031094_-3_ATG_358
CP040693	-1032224	TGA	FF953_05045	-1033012	789	CDS		ATG	FF953_05045|CP040693_1033012_1032224_-1_ATG_262
CP040693	-1036301	TAA	FF953_05065	-1038295	1995	CDS		GTG	FF953_05065|CP040693_1038295_1036301_-1_GTG_664
CP040693	-1038317	TGA	FF953_05070	-1039429	1113	CDS		GTG	FF953_05070|CP040693_1039429_1038317_-1_GTG_370
CP040693	-1043604	TGA	FF953_05095	-1044425	822	CDS		ATG	FF953_05095|CP040693_1044425_1043604_-3_ATG_273
CP040693	-1048998	TAA	FF953_05110	-1049864	867	CDS		GTG	FF953_05110|CP040693_1049864_1048998_-3_GTG_288
CP040693	-1049949	TGA	FF953_05115	-1050722	774	CDS		GTG	FF953_05115|CP040693_1050722_1049949_-3_GTG_257
CP040693	-1051101	TGA	FF953_05125	-1052141	1041	CDS		GTG	FF953_05125|CP040693_1052141_1051101_-3_GTG_346
CP040693	-1053429	TAG	FF953_05140	-1055090	1662	CDS		ATG	FF953_05140|CP040693_1055090_1053429_-3_ATG_553
CP040693	-1055191	TAG	FF953_05145	-1055475	285	CDS		ATG	FF953_05145|CP040693_1055475_1055191_-2_ATG_94
CP040693	-1055705	TGA	FF953_05150	-1055935	231	CDS		ATG	FF953_05150|CP040693_1055935_1055705_-1_ATG_76
CP040693	-1056051	TAA	FF953_05160	-1056368	318	CDS		ATG	FF953_05160|CP040693_1056368_1056051_-3_ATG_105
CP040693	-1059061	TGA	FF953_05170	-1060059	999	CDS		ATG	FF953_05170|CP040693_1060059_1059061_-2_ATG_332
CP040693	-1062519	TAG	FF953_05185	-1063367	849	CDS		ATG	FF953_05185|CP040693_1063367_1062519_-3_ATG_282
CP040693	-1072845	TGA	FF953_05240	-1073213	369	CDS	true	CGC	FF953_05240_p|CP040693_1073213_1072845_-3_CGC_122
CP040693	-1073204	TGA	FF953_05245	-1074465	1263	fCDS		ATG	FF953_05245_fCDS|CP040693_1074465_1073204_-2_ATG_420
CP040693	-1074422	TGA	FF953_05250	-1074877	456	CDS		ATG	FF953_05250|CP040693_1074877_1074422_-1_ATG_151
CP040693	-1075060	TAA	FF953_05255	-1075860	801	CDS		GTG	FF953_05255|CP040693_1075860_1075060_-2_GTG_266
CP040693	-1075959	TGA	FF953_05260	-1076441	483	CDS		ATG	FF953_05260|CP040693_1076441_1075959_-3_ATG_160
CP040693	-1076541	TGA	FF953_05265	-1076960	420	CDS		ATG	FF953_05265|CP040693_1076960_1076541_-3_ATG_139
CP040693	-1076996	TAG	FF953_05270	-1077598	603	CDS		ATG	FF953_05270|CP040693_1077598_1076996_-1_ATG_200
CP040693	-1081538	TAG	FF953_05295	-1082347	810	CDS		ATG	FF953_05295|CP040693_1082347_1081538_-1_ATG_269
CP040693	-1082347	TGA	FF953_05300	-1083513	1167	CDS		GTG	FF953_05300|CP040693_1083513_1082347_-2_GTG_388
CP040693	-1083510	TGA	FF953_05305	-1085513	2004	CDS		ATG	FF953_05305|CP040693_1085513_1083510_-3_ATG_667
CP040693	-1085519	TGA	FF953_05310	-1087108	1590	CDS		GTG	FF953_05310|CP040693_1087108_1085519_-1_GTG_529
CP040693	-1087111	TGA	FF953_05315	-1088259	1149	CDS		GTG	FF953_05315|CP040693_1088259_1087111_-2_GTG_382
CP040693	-1088256	TGA	FF953_05320	-1089938	1683	CDS		GTG	FF953_05320|CP040693_1089938_1088256_-3_GTG_560
CP040693	-1093125	TGA	FF953_05330	-1094177	1053	CDS		GTG	FF953_05330|CP040693_1094177_1093125_-3_GTG_350
CP040693	-1094446	TGA	FF953_05335	-1094640	195	CDS		ATG	FF953_05335|CP040693_1094640_1094446_-2_ATG_64
CP040693	-1094854	TGA	FF953_05345	-1096227	1374	CDS		ATG	FF953_05345|CP040693_1096227_1094854_-2_ATG_457
CP040693	-1096410	CTG	FF953_05350	-1096496	87	CDS	true	ATG	FF953_05350_p|CP040693_1096496_1096410_-3_ATG_29
CP040693	-1100801	TAG	FF953_05375	-1101256	456	CDS		ATG	FF953_05375|CP040693_1101256_1100801_-1_ATG_151
CP040693	-1106181	TAG	FF953_05395	-1107158	978	CDS		ATG	FF953_05395|CP040693_1107158_1106181_-3_ATG_325
CP040693	-1107219	TGA	FF953_05400	-1107875	657	CDS		GTG	FF953_05400|CP040693_1107875_1107219_-3_GTG_218
CP040693	-1107948	TGA	FF953_05405	-1108280	333	CDS		GTG	FF953_05405|CP040693_1108280_1107948_-3_GTG_110
CP040693	-1108354	TGA	FF953_05410	-1108947	594	CDS		ATG	FF953_05410|CP040693_1108947_1108354_-2_ATG_197
CP040693	-1113949	TAG	FF953_05450	-1114158	210	CDS		ATG	FF953_05450|CP040693_1114158_1113949_-2_ATG_69
CP040693	-1114162	TAG	FF953_05455	-1114617	456	CDS		ATG	FF953_05455|CP040693_1114617_1114162_-2_ATG_151
CP040693	-1116307	TAA	FF953_05470	-1116924	618	CDS		ATG	FF953_05470|CP040693_1116924_1116307_-2_ATG_205
CP040693	-1118204	TGA	FF953_05480	-1119715	1512	CDS		GTG	FF953_05480|CP040693_1119715_1118204_-1_GTG_503
CP040693	-1120665	TAA	FF953_05490	-1121924	1260	CDS		GTG	FF953_05490|CP040693_1121924_1120665_-3_GTG_419
CP040693	-1121998	TAG	FF953_05495	-1123434	1437	CDS		TTG	FF953_05495|CP040693_1123434_1121998_-2_TTG_478
CP040693	-1125220	TGA	FF953_05505	-1126779	1560	CDS		ATG	FF953_05505|CP040693_1126779_1125220_-2_ATG_519
CP040693	-1131157	TGA	FF953_05535	-1131456	300	CDS		ATG	FF953_05535|CP040693_1131456_1131157_-2_ATG_99
CP040693	-1133109	TAA	FF953_05545	-1133684	576	CDS		ATG	FF953_05545|CP040693_1133684_1133109_-3_ATG_191
CP040693	-1133697	TAG	FF953_05550	-1134344	648	CDS		ATG	FF953_05550|CP040693_1134344_1133697_-3_ATG_215
CP040693	-1134561	TAA	FF953_05555	-1135241	681	CDS		TTG	FF953_05555|CP040693_1135241_1134561_-3_TTG_226
CP040693	-1135277	TAG	FF953_05560	-1136257	981	CDS		TTG	FF953_05560|CP040693_1136257_1135277_-1_TTG_326
CP040693	-1136349	TGA	FF953_05565	-1137836	1488	CDS		ATG	FF953_05565|CP040693_1137836_1136349_-3_ATG_495
CP040693	-1148203	TAA	FF953_05620	-1148883	681	CDS		ATG	FF953_05620|CP040693_1148883_1148203_-2_ATG_226
CP040693	-1148880	TGA	FF953_05625	-1151462	2583	CDS		GTG	FF953_05625|CP040693_1151462_1148880_-3_GTG_860
CP040693	-1156202	TGA	FF953_05655	-1157731	1530	CDS		ATG	FF953_05655|CP040693_1157731_1156202_-1_ATG_509
CP040693	-1157739	TGA	FF953_05660	-1158512	774	CDS		ATG	FF953_05660|CP040693_1158512_1157739_-3_ATG_257
CP040693	-1158694	TAA	FF953_05665	-1160134	1441	CDS	true	GTG	FF953_05665_p|CP040693_1160134_1158694_-1_GTG_480
CP040693	-1160320	TAA	FF953_05670	-1160604	285	CDS		ATG	FF953_05670|CP040693_1160604_1160320_-2_ATG_94
CP040693	-1160631	TGA	FF953_05675	-1160927	297	CDS		ATG	FF953_05675|CP040693_1160927_1160631_-3_ATG_98
CP040693	-1161073	TGA	FF953_05680	-1162248	1176	CDS		ATG	FF953_05680|CP040693_1162248_1161073_-2_ATG_391
CP040693	-1162325	TAG	FF953_05685	-1163152	828	CDS		ATG	FF953_05685|CP040693_1163152_1162325_-1_ATG_275
CP040693	-1163940	TGA	FF953_05695	-1164179	240	CDS		TTG	FF953_05695|CP040693_1164179_1163940_-3_TTG_79
CP040693	-1164085	TGA	FF953_05700	-1164303	219	CDS		GTG	FF953_05700|CP040693_1164303_1164085_-2_GTG_72
CP040693	-1164348	TAG	FF953_05705	-1165275	928	CDS	true	GTG	FF953_05705_p|CP040693_1165275_1164348_-2_GTG_309
CP040693	-1165558	TAG	FF953_05710	-1166583	1026	CDS		ATG	FF953_05710|CP040693_1166583_1165558_-2_ATG_341
CP040693	-1168412	TGA	FF953_05725	-1169200	789	CDS		TTG	FF953_05725|CP040693_1169200_1168412_-1_TTG_262
CP040693	-1170815	TGA	FF953_05735	-1171930	1116	CDS		GTG	FF953_05735|CP040693_1171930_1170815_-1_GTG_371
CP040693	-1171887	TAG	FF953_05740	-1172090	204	CDS		GTG	FF953_05740|CP040693_1172090_1171887_-3_GTG_67
CP040693	-1173722	TGA	FF953_05755	-1174477	756	CDS		ATG	FF953_05755|CP040693_1174477_1173722_-1_ATG_251
CP040693	-1174772	TGA	FF953_05760	-1175398	627	CDS		ATG	FF953_05760|CP040693_1175398_1174772_-1_ATG_208
CP040693	-1178381	TGA	FF953_05800	-1178545	165	CDS		ATG	FF953_05800|CP040693_1178545_1178381_-1_ATG_54
CP040693	-1185518	TGA	FF953_05835	-1186600	1083	CDS		ATG	FF953_05835|CP040693_1186600_1185518_-1_ATG_360
CP040693	-1186681	TAA	FF953_05840	-1187100	420	CDS		GTG	FF953_05840|CP040693_1187100_1186681_-2_GTG_139
CP040693	-1188198	TAA	FF953_05855	-1190219	2022	CDS		GTG	FF953_05855|CP040693_1190219_1188198_-3_GTG_673
CP040693	-1190552	TAA	FF953_05860	-1192090	1539	CDS		ATG	FF953_05860|CP040693_1192090_1190552_-1_ATG_512
CP040693	-1192452	TAG	FF953_05865	-1194215	1764	CDS		ATG	FF953_05865|CP040693_1194215_1192452_-3_ATG_587
CP040693	-1194212	TGA	FF953_05870	-1194985	774	CDS		ATG	FF953_05870|CP040693_1194985_1194212_-1_ATG_257
CP040693	-1194997	TAG	FF953_05875	-1196034	1038	CDS		GTG	FF953_05875|CP040693_1196034_1194997_-2_GTG_345
CP040693	-1198098	TGA	FF953_05890	-1199315	1218	CDS		ATG	FF953_05890|CP040693_1199315_1198098_-3_ATG_405
CP040693	-1199368	TAG	FF953_05895	-1200312	945	CDS		GTG	FF953_05895|CP040693_1200312_1199368_-2_GTG_314
CP040693	-1205246	TAG	FF953_05920	-1205740	495	CDS		ATG	FF953_05920|CP040693_1205740_1205246_-1_ATG_164
CP040693	-1205926	TGA	FF953_05925	-1206360	435	CDS		ATG	FF953_05925|CP040693_1206360_1205926_-2_ATG_144
CP040693	-1209698	TGA	FF953_05945	-1210426	729	CDS		ATG	FF953_05945|CP040693_1210426_1209698_-1_ATG_242
CP040693	-1211342	TAG	FF953_05955	-1211611	270	CDS		GTG	FF953_05955|CP040693_1211611_1211342_-1_GTG_89
CP040693	-1219186	TAA	FF953_06000	-1220124	939	CDS		ATG	FF953_06000|CP040693_1220124_1219186_-2_ATG_312
CP040693	-1225201	TGA	FF953_06030	-1226082	882	CDS		ATG	FF953_06030|CP040693_1226082_1225201_-2_ATG_293
CP040693	-1226079	TGA	FF953_06035	-1227503	1425	CDS		ATG	FF953_06035|CP040693_1227503_1226079_-3_ATG_474
CP040693	-1227534	TAA	FF953_06040	-1228622	1089	CDS		ATG	FF953_06040|CP040693_1228622_1227534_-3_ATG_362
CP040693	-1229329	TGA	FF953_06050	-1230486	1158	CDS		TTG	FF953_06050|CP040693_1230486_1229329_-2_TTG_385
CP040693	-1230598	TAG	FF953_06055	-1230909	312	CDS		ATG	FF953_06055|CP040693_1230909_1230598_-2_ATG_103
CP040693	-1230909	TGA	FF953_06060	-1231229	321	CDS		ATG	FF953_06060|CP040693_1231229_1230909_-3_ATG_106
CP040693	-1232782	TAG	FF953_06070	-1233894	1113	CDS		ATG	FF953_06070|CP040693_1233894_1232782_-2_ATG_370
CP040693	-1233904	TAA	FF953_06075	-1234161	258	CDS		ATG	FF953_06075|CP040693_1234161_1233904_-2_ATG_85
CP040693	-1234151	TGA	FF953_06080	-1235398	1248	CDS		GTG	FF953_06080|CP040693_1235398_1234151_-1_GTG_415
CP040693	-1235395	TGA	FF953_06085	-1236033	639	CDS		ATG	FF953_06085|CP040693_1236033_1235395_-2_ATG_212
CP040693	-1237147	TAA	FF953_06095	-1238130	984	CDS		GTG	FF953_06095|CP040693_1238130_1237147_-2_GTG_327
CP040693	-1241053	TGA	FF953_06125	-1241328	276	CDS		ATG	FF953_06125|CP040693_1241328_1241053_-2_ATG_91
CP040693	-1241909	TGA	FF953_06135	-1242769	861	CDS		GTG	FF953_06135|CP040693_1242769_1241909_-1_GTG_286
CP040693	-1242802	TGA	FF953_06140	-1243572	771	CDS	true	CTG	FF953_06140_p|CP040693_1243572_1242802_-2_CTG_256
CP040693	-1246082	TAG	FF953_06155	-1246990	909	CDS		ATG	FF953_06155|CP040693_1246990_1246082_-1_ATG_302
CP040693	-1249268	TAG	FF953_06170	-1249873	606	CDS		ATG	FF953_06170|CP040693_1249873_1249268_-1_ATG_201
CP040693	-1249870	TGA	FF953_06175	-1251342	1473	CDS		ATG	FF953_06175|CP040693_1251342_1249870_-2_ATG_490
CP040693	-1251555	TAG	FF953_06180	-1252909	1355	CDS	true	ATG	FF953_06180_p|CP040693_1252909_1251555_-1_ATG_451
CP040693	-1253011	TGA	FF953_06185	-1254471	1461	CDS		ATG	FF953_06185|CP040693_1254471_1253011_-2_ATG_486
CP040693	-1259004	TAG	FF953_06205	-1261283	2280	CDS		GTG	FF953_06205|CP040693_1261283_1259004_-3_GTG_759
CP040693	-1262209	TAG	FF953_06215	-1262898	690	CDS	true	TTC	FF953_06215_p|CP040693_1262898_1262209_-2_TTC_229
CP040693	-1262943	TGA	FF953_06220	-1264204	1263	fCDS		ATG	FF953_06220_fCDS|CP040693_1264204_1262943_-1_ATG_420
CP040693	-1264161	TGA	FF953_06225	-1265426	1266	CDS		GTG	FF953_06225|CP040693_1265426_1264161_-3_GTG_421
CP040693	-1266767	TGA	FF953_06245	-1267783	1017	CDS		ATG	FF953_06245|CP040693_1267783_1266767_-1_ATG_338
CP040693	-1267780	TGA	FF953_06250	-1268280	501	CDS		GTG	FF953_06250|CP040693_1268280_1267780_-2_GTG_166
CP040693	-1268285	TAG	FF953_06255	-1268734	450	CDS		ATG	FF953_06255|CP040693_1268734_1268285_-1_ATG_149
CP040693	-1269498	TGA	FF953_06265	-1270304	807	CDS		ATG	FF953_06265|CP040693_1270304_1269498_-3_ATG_268
CP040693	-1270447	TGA	FF953_06270	-1271253	807	CDS		ATG	FF953_06270|CP040693_1271253_1270447_-2_ATG_268
CP040693	-1273331	TGA	FF953_06285	-1273462	132	CDS		ATG	FF953_06285|CP040693_1273462_1273331_-1_ATG_43
CP040693	-1276973	TGA	FF953_06305	-1277230	258	CDS		ATG	FF953_06305|CP040693_1277230_1276973_-1_ATG_85
CP040693	-1277324	TAA	FF953_06310	-1277599	276	CDS		TTG	FF953_06310|CP040693_1277599_1277324_-1_TTG_91
CP040693	-1277596	TGA	FF953_06315	-1279044	1449	CDS		GTG	FF953_06315|CP040693_1279044_1277596_-2_GTG_482
CP040693	-1280200	TAG	FF953_06325	-1280913	714	CDS		ATG	FF953_06325|CP040693_1280913_1280200_-2_ATG_237
CP040693	-1281294	TGA	FF953_06335	-1282141	848	CDS	true	GTG	FF953_06335_p|CP040693_1282141_1281294_-1_GTG_282
CP040693	-1282138	TGA	FF953_06340	-1282779	642	CDS		ATG	FF953_06340|CP040693_1282779_1282138_-2_ATG_213
CP040693	-1284351	TAG	FF953_06365	-1285466	1116	CDS		GTG	FF953_06365|CP040693_1285466_1284351_-3_GTG_371
CP040693	-1285474	TGA	FF953_06370	-1286157	684	CDS		ATG	FF953_06370|CP040693_1286157_1285474_-2_ATG_227
CP040693	-1287579	TAA	FF953_06380	-1287863	285	CDS		ATG	FF953_06380|CP040693_1287863_1287579_-3_ATG_94
CP040693	-1299382	TAG	FF953_06420	-1299987	606	CDS		ATG	FF953_06420|CP040693_1299987_1299382_-2_ATG_201
CP040693	-1300059	TAG	FF953_06425	-1301099	1041	CDS		ATG	FF953_06425|CP040693_1301099_1300059_-3_ATG_346
CP040693	-1301117	TAG	FF953_06430	-1301419	303	CDS		GTG	FF953_06430|CP040693_1301419_1301117_-1_GTG_100
CP040693	-1303050	TAA	FF953_06445	-1303976	927	CDS		ATG	FF953_06445|CP040693_1303976_1303050_-3_ATG_308
CP040693	-1306964	TAA	FF953_06455	-1307296	333	CDS		ATG	FF953_06455|CP040693_1307296_1306964_-1_ATG_110
CP040693	-1307497	TAA	FF953_06460	-1309521	2025	CDS		ATG	FF953_06460|CP040693_1309521_1307497_-2_ATG_674
CP040693	-1309518	TGA	FF953_06465	-1310087	570	CDS		ATG	FF953_06465|CP040693_1310087_1309518_-3_ATG_189
CP040693	-1311775	TGA	FF953_06480	-1314594	2820	CDS		GTG	FF953_06480|CP040693_1314594_1311775_-2_GTG_939
CP040693	-1325828	TAA	FF953_06500	-1326907	1080	CDS		ATG	FF953_06500|CP040693_1326907_1325828_-1_ATG_359
CP040693	-1327072	TGA	FF953_06505	-1328808	1737	CDS		ATG	FF953_06505|CP040693_1328808_1327072_-2_ATG_578
CP040693	-1328985	TAG	FF953_06510	-1330601	1617	CDS		ATG	FF953_06510|CP040693_1330601_1328985_-3_ATG_538
CP040693	-1338544	TAA	FF953_06550	-1339809	1266	CDS		GTG	FF953_06550|CP040693_1339809_1338544_-2_GTG_421
CP040693	-1339901	TGA	FF953_06555	-1340128	228	CDS		ATG	FF953_06555|CP040693_1340128_1339901_-1_ATG_75
CP040693	-1342654	TAG	FF953_06580	-1343901	1248	CDS		ATG	FF953_06580|CP040693_1343901_1342654_-2_ATG_415
CP040693	-1345512	TAG	FF953_06595	-1346465	954	CDS		GTG	FF953_06595|CP040693_1346465_1345512_-3_GTG_317
CP040693	-1347617	TAG	FF953_06605	-1348201	585	CDS		GTG	FF953_06605|CP040693_1348201_1347617_-1_GTG_194
CP040693	-1348232	TAG	FF953_06610	-1349920	1689	CDS		ATG	FF953_06610|CP040693_1349920_1348232_-1_ATG_562
CP040693	-1355794	TAA	FF953_06650	-1356957	1164	CDS		ATG	FF953_06650|CP040693_1356957_1355794_-2_ATG_387
CP040693	-1358589	TGA	FF953_06660	-1358921	333	CDS		GTG	FF953_06660|CP040693_1358921_1358589_-3_GTG_110
CP040693	-1359055	TAG	FF953_06665	-1360740	1686	CDS		GTG	FF953_06665|CP040693_1360740_1359055_-2_GTG_561
CP040693	-1360768	TAG	FF953_06670	-1361442	675	CDS		ATG	FF953_06670|CP040693_1361442_1360768_-2_ATG_224
CP040693	-1361451	TAG	FF953_06675	-1363097	1647	CDS		GTG	FF953_06675|CP040693_1363097_1361451_-3_GTG_548
CP040693	-1363094	TGA	FF953_06680	-1364029	936	CDS		ATG	FF953_06680|CP040693_1364029_1363094_-1_ATG_311
CP040693	-1364019	TGA	FF953_06685	-1364657	639	CDS		ATG	FF953_06685|CP040693_1364657_1364019_-3_ATG_212
CP040693	-1364799	TAA	FF953_06690	-1365473	675	CDS		ATG	FF953_06690|CP040693_1365473_1364799_-3_ATG_224
CP040693	-1369189	TAG	FF953_06720	-1370020	832	CDS	true	GTG	FF953_06720_p|CP040693_1370020_1369189_-1_GTG_277
CP040693	-1370131	TGA	FF953_06725	-1371594	1464	CDS		ATG	FF953_06725|CP040693_1371594_1370131_-2_ATG_487
CP040693	-1371591	TGA	FF953_06730	-1372124	534	CDS		TTG	FF953_06730|CP040693_1372124_1371591_-3_TTG_177
CP040693	-1373076	TAG	FF953_06745	-1374248	1173	CDS		ATG	FF953_06745|CP040693_1374248_1373076_-3_ATG_390
CP040693	-1374261	TGA	FF953_06750	-1375496	1236	CDS		GTG	FF953_06750|CP040693_1375496_1374261_-3_GTG_411
CP040693	-1375621	TGA	FF953_06755	-1376163	543	CDS		GTG	FF953_06755|CP040693_1376163_1375621_-2_GTG_180
CP040693	-1376160	TGA	FF953_06760	-1377467	1308	CDS		ATG	FF953_06760|CP040693_1377467_1376160_-3_ATG_435
CP040693	-1377529	TAG	FF953_06765	-1378125	597	CDS		ATG	FF953_06765|CP040693_1378125_1377529_-2_ATG_198
CP040693	-1383241	TAG	FF953_06795	-1384341	1101	CDS		GTG	FF953_06795|CP040693_1384341_1383241_-2_GTG_366
CP040693	-1386288	TGA	FF953_06815	-1387871	1584	CDS		ATG	FF953_06815|CP040693_1387871_1386288_-3_ATG_527
CP040693	-1387859	TGA	FF953_06820	-1388044	186	CDS		GTG	FF953_06820|CP040693_1388044_1387859_-1_GTG_61
CP040693	-1388992	TGA	FF953_06830	-1389822	831	CDS		ATG	FF953_06830|CP040693_1389822_1388992_-2_ATG_276
CP040693	-1389879	TAA	FF953_06835	-1390172	294	CDS		GTG	FF953_06835|CP040693_1390172_1389879_-3_GTG_97
CP040693	-1390169	TGA	FF953_06840	-1390438	270	CDS		ATG	FF953_06840|CP040693_1390438_1390169_-1_ATG_89
CP040693	-1390551	TGA	FF953_06845	-1394246	3696	CDS		GTG	FF953_06845|CP040693_1394246_1390551_-3_GTG_1231
CP040693	-1394388	TAG	FF953_06850	-1395176	789	CDS		ATG	FF953_06850|CP040693_1395176_1394388_-3_ATG_262
CP040693	-1397015	TGA	FF953_06860	-1400434	3420	CDS		GTG	FF953_06860|CP040693_1400434_1397015_-1_GTG_1139
CP040693	-1400490	TAA	FF953_06865	-1401098	609	CDS		GTG	FF953_06865|CP040693_1401098_1400490_-3_GTG_202
CP040693	-1403972	TGA	FF953_06880	-1404580	609	CDS		ATG	FF953_06880|CP040693_1404580_1403972_-1_ATG_202
CP040693	-1404580	TGA	FF953_06885	-1405797	1218	CDS		ATG	FF953_06885|CP040693_1405797_1404580_-2_ATG_405
CP040693	-1405911	TGA	FF953_06890	-1407278	1368	CDS		GTG	FF953_06890|CP040693_1407278_1405911_-3_GTG_455
CP040693	-1407275	TGA	FF953_06895	-1407847	573	CDS		ATG	FF953_06895|CP040693_1407847_1407275_-1_ATG_190
CP040693	-1407840	TGA	FF953_06900	-1408535	696	CDS		ATG	FF953_06900|CP040693_1408535_1407840_-3_ATG_231
CP040693	-1410679	TAA	FF953_06915	-1411128	450	CDS		ATG	FF953_06915|CP040693_1411128_1410679_-2_ATG_149
CP040693	-1411133	TGA	FF953_06920	-1411567	435	CDS		ATG	FF953_06920|CP040693_1411567_1411133_-1_ATG_144
CP040693	-1415154	TGA	FF953_06940	-1417034	1881	CDS		ATG	FF953_06940|CP040693_1417034_1415154_-3_ATG_626
CP040693	-1417375	TAG	FF953_06945	-1418541	1167	CDS		ATG	FF953_06945|CP040693_1418541_1417375_-2_ATG_388
CP040693	-1418589	TAG	FF953_06950	-1418840	252	CDS		ATG	FF953_06950|CP040693_1418840_1418589_-3_ATG_83
CP040693	-1418852	TGA	FF953_06955	-1419550	699	CDS		ATG	FF953_06955|CP040693_1419550_1418852_-1_ATG_232
CP040693	-1419773	TAA	FF953_06960	-1420155	383	CDS	true	ATG	FF953_06960_p|CP040693_1420155_1419773_-2_ATG_127
CP040693	-1420216	TAG	FF953_06965	-1420950	735	CDS		ATG	FF953_06965|CP040693_1420950_1420216_-2_ATG_244
CP040693	-1421163	TAG	FF953_06970	-1421504	342	CDS		ATG	FF953_06970|CP040693_1421504_1421163_-3_ATG_113
CP040693	-1421612	TAG	FF953_06975	-1423507	1896	CDS		GTG	FF953_06975|CP040693_1423507_1421612_-1_GTG_631
CP040693	-1423504	TGA	FF953_06980	-1425252	1749	CDS		ATG	FF953_06980|CP040693_1425252_1423504_-2_ATG_582
CP040693	-1426640	TAG	FF953_07000	-1427116	477	CDS		ATG	FF953_07000|CP040693_1427116_1426640_-1_ATG_158
CP040693	-1432867	TGA	FF953_07020	-1434642	1776	CDS		GTG	FF953_07020|CP040693_1434642_1432867_-2_GTG_591
CP040693	-1434635	TGA	FF953_07025	-1436473	1839	CDS		ATG	FF953_07025|CP040693_1436473_1434635_-1_ATG_612
CP040693	-1436470	TGA	FF953_07030	-1437345	876	CDS		ATG	FF953_07030|CP040693_1437345_1436470_-2_ATG_291
CP040693	-1437342	TGA	FF953_07035	-1438319	978	CDS		ATG	FF953_07035|CP040693_1438319_1437342_-3_ATG_325
CP040693	-1444740	TAG	FF953_07070	-1446305	1566	CDS		GTG	FF953_07070|CP040693_1446305_1444740_-3_GTG_521
CP040693	-1446757	TAA	FF953_07080	-1447092	336	CDS		ATG	FF953_07080|CP040693_1447092_1446757_-2_ATG_111
CP040693	-1456114	TGA	FF953_07125	-1456308	195	CDS		ATG	FF953_07125|CP040693_1456308_1456114_-2_ATG_64
CP040693	-1469315	TAG	FF953_07205	-1470649	1335	CDS		GTG	FF953_07205|CP040693_1470649_1469315_-1_GTG_444
CP040693	-1470815	TAG	FF953_07210	-1471396	582	CDS		ATG	FF953_07210|CP040693_1471396_1470815_-1_ATG_193
CP040693	-1478278	TGA	FF953_07235	-1478775	498	CDS		ATG	FF953_07235|CP040693_1478775_1478278_-2_ATG_165
CP040693	-1478772	TGA	FF953_07240	-1480262	1491	CDS		GTG	FF953_07240|CP040693_1480262_1478772_-3_GTG_496
CP040693	-1480343	TAA	FF953_07245	-1481968	1626	CDS		ATG	FF953_07245|CP040693_1481968_1480343_-1_ATG_541
CP040693	-1482038	TAA	FF953_07250	-1483636	1599	CDS		ATG	FF953_07250|CP040693_1483636_1482038_-1_ATG_532
CP040693	-1483643	TGA	FF953_07255	-1485319	1677	CDS		ATG	FF953_07255|CP040693_1485319_1483643_-1_ATG_558
CP040693	-1485332	TAG	FF953_07260	-1487035	1704	CDS		ATG	FF953_07260|CP040693_1487035_1485332_-1_ATG_567
CP040693	-1488131	TAA	FF953_07275	-1488589	459	CDS		GTG	FF953_07275|CP040693_1488589_1488131_-1_GTG_152
CP040693	-1490972	TAG	FF953_07290	-1492747	1776	CDS		ATG	FF953_07290|CP040693_1492747_1490972_-1_ATG_591
CP040693	-1492899	TAG	FF953_07295	-1495094	2196	CDS		ATG	FF953_07295|CP040693_1495094_1492899_-3_ATG_731
CP040693	-1495102	TGA	FF953_07300	-1497207	2106	CDS		GTG	FF953_07300|CP040693_1497207_1495102_-2_GTG_701
CP040693	-1499977	TAA	FF953_07310	-1501971	1995	CDS		GTG	FF953_07310|CP040693_1501971_1499977_-2_GTG_664
CP040693	-1501995	TGA	FF953_07315	-1503341	1347	CDS		GTG	FF953_07315|CP040693_1503341_1501995_-3_GTG_448
CP040693	-1510966	TAG	FF953_07375	-1511328	363	CDS		ATG	FF953_07375|CP040693_1511328_1510966_-2_ATG_120
CP040693	-1511325	TGA	FF953_07380	-1511705	381	CDS		GTG	FF953_07380|CP040693_1511705_1511325_-3_GTG_126
CP040693	-1514755	TAA	FF953_07400	-1515387	633	CDS		ATG	FF953_07400|CP040693_1515387_1514755_-2_ATG_210
CP040693	-1520086	TGA	FF953_07420	-1520256	171	CDS	true	GCA	FF953_07420_p|CP040693_1520256_1520086_-2_GCA_56
CP040693	-1521234	TGA	FF953_07435	-1521506	273	CDS		ATG	FF953_07435|CP040693_1521506_1521234_-3_ATG_90
CP040693	-1521982	TGA	FF953_07445	-1522767	786	CDS		ATG	FF953_07445|CP040693_1522767_1521982_-2_ATG_261
CP040693	-1522787	TGA	FF953_07450	-1524658	1872	CDS		ATG	FF953_07450|CP040693_1524658_1522787_-1_ATG_623
CP040693	-1524667	TAG	FF953_07455	-1526814	2148	CDS		GTG	FF953_07455|CP040693_1526814_1524667_-2_GTG_715
CP040693	-1526811	TGA	FF953_07460	-1527602	792	CDS		GTG	FF953_07460|CP040693_1527602_1526811_-3_GTG_263
CP040693	-1528075	TAG	FF953_07465	-1528998	924	CDS		ATG	FF953_07465|CP040693_1528998_1528075_-2_ATG_307
CP040693	-1533755	TGA	FF953_07480	-1533991	237	CDS		ATG	FF953_07480|CP040693_1533991_1533755_-1_ATG_78
CP040693	-1535225	TAA	FF953_07490	-1536415	1191	CDS		GTG	FF953_07490|CP040693_1536415_1535225_-1_GTG_396
CP040693	-1536730	TAG	FF953_07495	-1537392	663	CDS		GTG	FF953_07495|CP040693_1537392_1536730_-2_GTG_220
CP040693	-1537389	TGA	FF953_07500	-1538174	786	CDS		ATG	FF953_07500|CP040693_1538174_1537389_-3_ATG_261
CP040693	-1538465	TAG	FF953_07505	-1540426	1962	CDS		ATG	FF953_07505|CP040693_1540426_1538465_-1_ATG_653
CP040693	-1540565	TAA	FF953_07510	-1540951	387	CDS		ATG	FF953_07510|CP040693_1540951_1540565_-1_ATG_128
CP040693	-1542294	TAG	FF953_07525	-1543499	1206	CDS		GTG	FF953_07525|CP040693_1543499_1542294_-3_GTG_401
CP040693	-1545439	TGA	FF953_07540	-1546700	1263	fCDS		ATG	FF953_07540_fCDS|CP040693_1546700_1545439_-3_ATG_420
CP040693	-1549855	TGA	FF953_07560	-1550313	459	CDS		GTG	FF953_07560|CP040693_1550313_1549855_-2_GTG_152
CP040693	-1553362	TAA	FF953_07575	-1554000	639	CDS		ATG	FF953_07575|CP040693_1554000_1553362_-2_ATG_212
CP040693	-1554011	TAA	FF953_07580	-1555438	1428	CDS		ATG	FF953_07580|CP040693_1555438_1554011_-1_ATG_475
CP040693	-1566268	TAG	FF953_07630	-1566489	222	CDS		GTG	FF953_07630|CP040693_1566489_1566268_-2_GTG_73
CP040693	-1570891	TAG	FF953_07660	-1572369	1479	CDS		ATG	FF953_07660|CP040693_1572369_1570891_-2_ATG_492
CP040693	-1572366	TGA	FF953_07665	-1573751	1386	CDS		ATG	FF953_07665|CP040693_1573751_1572366_-3_ATG_461
CP040693	-1574909	TAA	FF953_07675	-1576639	1731	CDS		ATG	FF953_07675|CP040693_1576639_1574909_-1_ATG_576
CP040693	-1576894	TGA	FF953_07680	-1577295	402	CDS		ATG	FF953_07680|CP040693_1577295_1576894_-2_ATG_133
CP040693	-1577292	TGA	FF953_07685	-1577549	258	CDS		ATG	FF953_07685|CP040693_1577549_1577292_-3_ATG_85
CP040693	-1577632	TAA	FF953_07690	-1578591	960	CDS		ATG	FF953_07690|CP040693_1578591_1577632_-2_ATG_319
CP040693	-1578616	TAG	FF953_07695	-1579578	963	CDS		ATG	FF953_07695|CP040693_1579578_1578616_-2_ATG_320
CP040693	-1582380	TGA	FF953_07710	-1583204	825	CDS		ATG	FF953_07710|CP040693_1583204_1582380_-3_ATG_274
CP040693	-1583927	TGA	FF953_07720	-1584751	825	CDS		ATG	FF953_07720|CP040693_1584751_1583927_-1_ATG_274
CP040693	-1588992	TAA	FF953_07745	-1590548	1557	CDS		ATG	FF953_07745|CP040693_1590548_1588992_-3_ATG_518
CP040693	-1590554	TGA	FF953_07750	-1591264	711	CDS		ATG	FF953_07750|CP040693_1591264_1590554_-1_ATG_236
CP040693	-1601675	TAA	FF953_07815	-1602436	762	CDS		ATG	FF953_07815|CP040693_1602436_1601675_-1_ATG_253
CP040693	-1603841	TAG	FF953_07825	-1605103	1263	CDS		ATG	FF953_07825|CP040693_1605103_1603841_-1_ATG_420
CP040693	-1605103	TAA	FF953_07830	-1606710	1608	CDS		ATG	FF953_07830|CP040693_1606710_1605103_-2_ATG_535
CP040693	-1606714	TAA	FF953_07835	-1607541	828	CDS		TTG	FF953_07835|CP040693_1607541_1606714_-2_TTG_275
CP040693	-1615124	TGA	FF953_07870	-1615753	630	CDS		TTG	FF953_07870|CP040693_1615753_1615124_-1_TTG_209
CP040693	-1619168	TAG	FF953_07895	-1619395	228	CDS		ATG	FF953_07895|CP040693_1619395_1619168_-1_ATG_75
CP040693	-1619574	CAG	FF953_07900	-1619756	183	CDS	true	ATG	FF953_07900_p|CP040693_1619756_1619574_-3_ATG_61
CP040693	-1619764	TGA	FF953_07905	-1620189	426	CDS		ATG	FF953_07905|CP040693_1620189_1619764_-2_ATG_141
CP040693	-1621012	TGA	FF953_07915	-1622469	1458	CDS		ATG	FF953_07915|CP040693_1622469_1621012_-2_ATG_485
CP040693	-1624992	TAG	FF953_07925	-1625477	486	CDS		GTG	FF953_07925|CP040693_1625477_1624992_-3_GTG_161
CP040693	-1625909	TAA	FF953_07935	-1626022	114	CDS		ATG	FF953_07935|CP040693_1626022_1625909_-1_ATG_37
CP040693	-1626072	TGA	FF953_07940	-1626482	411	CDS		ATG	FF953_07940|CP040693_1626482_1626072_-3_ATG_136
CP040693	-1626499	TAA	FF953_07945	-1627242	744	CDS		GTG	FF953_07945|CP040693_1627242_1626499_-2_GTG_247
CP040693	-1627239	TGA	FF953_07950	-1628153	915	CDS		ATG	FF953_07950|CP040693_1628153_1627239_-3_ATG_304
CP040693	-1628206	TAG	FF953_07955	-1629750	1545	CDS		ATG	FF953_07955|CP040693_1629750_1628206_-2_ATG_514
CP040693	-1629747	TGA	FF953_07960	-1630868	1122	CDS		ATG	FF953_07960|CP040693_1630868_1629747_-3_ATG_373
CP040693	-1630885	TGA	FF953_07965	-1632987	2103	CDS		GTG	FF953_07965|CP040693_1632987_1630885_-2_GTG_700
CP040693	-1633179	TAG	FF953_07970	-1633394	216	CDS		ATG	FF953_07970|CP040693_1633394_1633179_-3_ATG_71
CP040693	-1633426	TAG	FF953_07975	-1637622	4197	CDS		ATG	FF953_07975|CP040693_1637622_1633426_-2_ATG_1398
CP040693	-1638999	TGA	FF953_07985	-1641404	2406	CDS		ATG	FF953_07985|CP040693_1641404_1638999_-3_ATG_801
CP040693	-1642849	TAG	FF953_07995	-1643835	987	CDS		ATG	FF953_07995|CP040693_1643835_1642849_-2_ATG_328
CP040693	-1644668	TGA	FF953_08005	-1645600	933	CDS		GTG	FF953_08005|CP040693_1645600_1644668_-1_GTG_310
CP040693	-1645712	TGA	FF953_08010	-1646497	786	CDS		GTG	FF953_08010|CP040693_1646497_1645712_-1_GTG_261
CP040693	-1646494	TGA	FF953_08015	-1647435	942	CDS		GTG	FF953_08015|CP040693_1647435_1646494_-2_GTG_313
CP040693	-1647591	TGA	FF953_08025	-1649366	1776	CDS		ATG	FF953_08025|CP040693_1649366_1647591_-3_ATG_591
CP040693	-1656901	TGA	FF953_08065	-1658730	1830	CDS		TTG	FF953_08065|CP040693_1658730_1656901_-2_TTG_609
CP040693	-1658837	TAG	FF953_08070	-1659949	1113	CDS		ATG	FF953_08070|CP040693_1659949_1658837_-1_ATG_370
CP040693	-1660286	TGA	FF953_08075	-1661547	1263	fCDS		ATG	FF953_08075_fCDS|CP040693_1661547_1660286_-2_ATG_420
CP040693	-1667227	TGA	FF953_08110	-1667790	564	CDS		GTG	FF953_08110|CP040693_1667790_1667227_-2_GTG_187
CP040693	-1667801	TGA	FF953_08115	-1670632	2832	CDS		GTG	FF953_08115|CP040693_1670632_1667801_-1_GTG_943
CP040693	-1677043	TAA	FF953_08150	-1677885	843	CDS		ATG	FF953_08150|CP040693_1677885_1677043_-2_ATG_280
CP040693	-1680603	TGA	FF953_08170	-1681469	867	CDS		ATG	FF953_08170|CP040693_1681469_1680603_-3_ATG_288
CP040693	-1685794	TGA	FF953_08205	-1686552	759	CDS		GTG	FF953_08205|CP040693_1686552_1685794_-2_GTG_252
CP040693	-1693889	TAG	FF953_08240	-1694662	774	CDS		CTG	FF953_08240|CP040693_1694662_1693889_-1_CTG_257
CP040693	-1694720	TGA	FF953_08245	-1694932	213	CDS		ATG	FF953_08245|CP040693_1694932_1694720_-1_ATG_70
CP040693	-1698582	TGA	FF953_08270	-1699730	1149	CDS	true	GTG	FF953_08270_p|CP040693_1699730_1698582_-3_GTG_382
CP040693	-1699867	TGA	FF953_08275	-1700532	666	CDS		ATG	FF953_08275|CP040693_1700532_1699867_-2_ATG_221
CP040693	-1700529	TGA	FF953_08280	-1701029	501	CDS		GTG	FF953_08280|CP040693_1701029_1700529_-3_GTG_166
CP040693	-1701312	TGA	FF953_08285	-1702007	696	CDS		TTG	FF953_08285|CP040693_1702007_1701312_-3_TTG_231
CP040693	-1702680	TAG	FF953_08295	-1704479	1800	CDS		GTG	FF953_08295|CP040693_1704479_1702680_-3_GTG_599
CP040693	-1707200	TGA	FF953_08315	-1707494	295	CDS	true	ATT	FF953_08315_p|CP040693_1707494_1707200_-3_ATT_98
CP040693	-1710392	TAG	FF953_08335	-1711180	789	CDS		GTG	FF953_08335|CP040693_1711180_1710392_-1_GTG_262
CP040693	-1711215	TGA	FF953_08340	-1712111	897	CDS		ATG	FF953_08340|CP040693_1712111_1711215_-3_ATG_298
CP040693	-1712114	TGA	FF953_08345	-1713124	1011	CDS		GTG	FF953_08345|CP040693_1713124_1712114_-1_GTG_336
CP040693	-1716642	TGA	FF953_08370	-1716842	201	CDS		ATG	FF953_08370|CP040693_1716842_1716642_-3_ATG_66
CP040693	-1718757	TGA	FF953_08380	-1720178	1422	CDS	true	GAC	FF953_08380_p|CP040693_1720178_1718757_-3_GAC_473
CP040693	-1720221	TGA	FF953_08385	-1721482	1263	fCDS		ATG	FF953_08385_fCDS|CP040693_1721482_1720221_-1_ATG_420
CP040693	-1721531	TGA	FF953_08390	-1723555	2025	CDS		GTG	FF953_08390|CP040693_1723555_1721531_-1_GTG_674
CP040693	-1726723	TGA	FF953_08410	-1728003	1281	CDS		ATG	FF953_08410|CP040693_1728003_1726723_-2_ATG_426
CP040693	-1728026	TGA	FF953_08415	-1734352	6327	CDS		GTG	FF953_08415|CP040693_1734352_1728026_-1_GTG_2108
CP040693	-1734896	TGA	FF953_08420	-1735393	498	CDS		GTG	FF953_08420|CP040693_1735393_1734896_-1_GTG_165
CP040693	-1739059	TAG	FF953_08440	-1739493	435	CDS		ATG	FF953_08440|CP040693_1739493_1739059_-2_ATG_144
CP040693	-1747155	TGA	FF953_08470	-1748135	981	CDS		ATG	FF953_08470|CP040693_1748135_1747155_-3_ATG_326
CP040693	-1749721	TGA	FF953_08485	-1750314	594	CDS		ATG	FF953_08485|CP040693_1750314_1749721_-2_ATG_197
CP040693	-1750369	TGA	FF953_08490	-1750779	411	CDS		ATG	FF953_08490|CP040693_1750779_1750369_-2_ATG_136
CP040693	-1757240	TAG	FF953_08520	-1759276	2037	CDS		ATG	FF953_08520|CP040693_1759276_1757240_-1_ATG_678
CP040693	-1771343	TGA	FF953_08595	-1773085	1743	CDS		ATG	FF953_08595|CP040693_1773085_1771343_-1_ATG_580
CP040693	-1773078	TGA	FF953_08600	-1775375	2298	CDS		ATG	FF953_08600|CP040693_1775375_1773078_-3_ATG_765
CP040693	-1775379	TGA	FF953_08605	-1777544	2166	CDS		ATG	FF953_08605|CP040693_1777544_1775379_-3_ATG_721
CP040693	-1777583	TGA	FF953_08610	-1779772	2190	CDS		ATG	FF953_08610|CP040693_1779772_1777583_-1_ATG_729
CP040693	-1779871	TAA	FF953_08615	-1780563	693	CDS		ATG	FF953_08615|CP040693_1780563_1779871_-2_ATG_230
CP040693	-1780803	TAA	FF953_08620	-1781087	285	CDS		ATG	FF953_08620|CP040693_1781087_1780803_-3_ATG_94
CP040693	-1785137	TGA	FF953_08650	-1786093	957	CDS		GTG	FF953_08650|CP040693_1786093_1785137_-1_GTG_318
CP040693	-1785864	TGA	FF953_08655	-1786532	669	CDS		ATG	FF953_08655|CP040693_1786532_1785864_-3_ATG_222
CP040693	-1789096	TGA	FF953_08675	-1790436	1341	CDS		ATG	FF953_08675|CP040693_1790436_1789096_-2_ATG_446
CP040693	-1790693	TGA	FF953_08680	-1791403	711	CDS		ATG	FF953_08680|CP040693_1791403_1790693_-1_ATG_236
CP040693	-1795769	TGA	FF953_08705	-1796179	411	CDS		ATG	FF953_08705|CP040693_1796179_1795769_-1_ATG_136
CP040693	-1803994	TAG	FF953_08755	-1804458	465	CDS		ATG	FF953_08755|CP040693_1804458_1803994_-2_ATG_154
CP040693	-1816659	TGA	FF953_08820	-1818389	1731	CDS		ATG	FF953_08820|CP040693_1818389_1816659_-3_ATG_576
CP040693	-1818386	TGA	FF953_08825	-1819993	1608	CDS		CTG	FF953_08825|CP040693_1819993_1818386_-1_CTG_535
CP040693	-1820056	TGA	FF953_08830	-1821096	1041	CDS		GTG	FF953_08830|CP040693_1821096_1820056_-2_GTG_346
CP040693	-1821126	TGA	FF953_08835	-1822583	1458	CDS		ATG	FF953_08835|CP040693_1822583_1821126_-3_ATG_485
CP040693	-1822694	TGA	FF953_08840	-1823281	588	CDS		ATG	FF953_08840|CP040693_1823281_1822694_-1_ATG_195
CP040693	-1823310	TGA	FF953_08845	-1824641	1332	CDS		GTG	FF953_08845|CP040693_1824641_1823310_-3_GTG_443
CP040693	-1825561	TAG	FF953_08860	-1826769	1209	CDS		ATG	FF953_08860|CP040693_1826769_1825561_-2_ATG_402
CP040693	-1826766	TGA	FF953_08865	-1827257	492	CDS		GTG	FF953_08865|CP040693_1827257_1826766_-3_GTG_163
CP040693	-1833083	TGA	FF953_08890	-1833526	444	CDS		GTG	FF953_08890|CP040693_1833526_1833083_-1_GTG_147
CP040693	-1837268	TAA	FF953_08910	-1838938	1671	CDS		ATG	FF953_08910|CP040693_1838938_1837268_-1_ATG_556
CP040693	-1839594	TAA	FF953_08925	-1840388	795	CDS		ATG	FF953_08925|CP040693_1840388_1839594_-3_ATG_264
CP040693	-1843412	TGA	FF953_08935	-1843669	258	CDS		ATG	FF953_08935|CP040693_1843669_1843412_-1_ATG_85
CP040693	-1843685	TAG	FF953_08940	-1845154	1470	CDS		ATG	FF953_08940|CP040693_1845154_1843685_-1_ATG_489
CP040693	-1845213	TAG	FF953_08945	-1848731	3519	CDS		GTG	FF953_08945|CP040693_1848731_1845213_-3_GTG_1172
CP040693	-1851095	TAG	FF953_08970	-1852150	1056	CDS		ATG	FF953_08970|CP040693_1852150_1851095_-1_ATG_351
CP040693	-1859043	TAG	FF953_09000	-1862099	3057	CDS		ATG	FF953_09000|CP040693_1862099_1859043_-3_ATG_1018
CP040693	-1888987	TAA	FF953_09075	-1890279	1293	CDS		GTG	FF953_09075|CP040693_1890279_1888987_-2_GTG_430
CP040693	-1890294	TGA	FF953_09080	-1892069	1776	CDS		ATG	FF953_09080|CP040693_1892069_1890294_-3_ATG_591
CP040693	-1893546	TAA	FF953_09100	-1894157	612	CDS		ATG	FF953_09100|CP040693_1894157_1893546_-3_ATG_203
CP040693	-1894482	TGA	FF953_09105	-1895216	735	CDS		ATG	FF953_09105|CP040693_1895216_1894482_-3_ATG_244
CP040693	-1905017	TGA	FF953_09155	-1905640	624	CDS		GTG	FF953_09155|CP040693_1905640_1905017_-1_GTG_207
CP040693	-1905642	TAG	FF953_09160	-1906361	720	CDS		ATT	FF953_09160|CP040693_1906361_1905642_-3_ATT_239
CP040693	-1906394	TAA	FF953_09165	-1907161	768	CDS		ATG	FF953_09165|CP040693_1907161_1906394_-1_ATG_255
CP040693	-1921452	TGA	FF953_09240	-1922816	1365	CDS		ATG	FF953_09240|CP040693_1922816_1921452_-3_ATG_454
CP040693	-1923372	TAG	FF953_09245	-1924121	750	CDS		ATG	FF953_09245|CP040693_1924121_1923372_-3_ATG_249
CP040693	-1924027	TGA	FF953_09250	-1925697	1671	CDS		ATG	FF953_09250|CP040693_1925697_1924027_-2_ATG_556
CP040693	-1925738	TAA	FF953_09255	-1926895	1158	CDS		ATG	FF953_09255|CP040693_1926895_1925738_-1_ATG_385
CP040693	-1926935	TAG	FF953_09260	-1928119	1185	CDS		ATG	FF953_09260|CP040693_1928119_1926935_-1_ATG_394
CP040693	-1928723	TGA	FF953_09265	-1928890	168	CDS		ATG	FF953_09265|CP040693_1928890_1928723_-1_ATG_55
CP040693	-1941271	TGA	FF953_09340	-1941660	390	CDS		GTG	FF953_09340|CP040693_1941660_1941271_-2_GTG_129
CP040693	-1941657	TGA	FF953_09345	-1941884	228	CDS		ATG	FF953_09345|CP040693_1941884_1941657_-3_ATG_75
CP040693	-1944873	TAA	FF953_09360	-1945292	420	CDS		ATG	FF953_09360|CP040693_1945292_1944873_-3_ATG_139
CP040693	-1945282	TAA	FF953_09365	-1945992	711	CDS		GTG	FF953_09365|CP040693_1945992_1945282_-2_GTG_236
CP040693	-1948105	TGA	FF953_09380	-1948875	771	CDS		ATG	FF953_09380|CP040693_1948875_1948105_-2_ATG_256
CP040693	-1948872	TGA	FF953_09385	-1949810	939	CDS		GTG	FF953_09385|CP040693_1949810_1948872_-3_GTG_312
CP040693	-1949777	TGA	FF953_09390	-1950025	249	CDS		TTG	FF953_09390|CP040693_1950025_1949777_-1_TTG_82
CP040693	-1950047	TAG	FF953_09395	-1951578	1532	CDS	true	TTG	FF953_09395_p|CP040693_1951578_1950047_-2_TTG_510
CP040693	-1953576	TAG	FF953_09405	-1954124	549	CDS		ATG	FF953_09405|CP040693_1954124_1953576_-3_ATG_182
CP040693	-1954188	TGA	FF953_09410	-1954820	633	CDS		ATG	FF953_09410|CP040693_1954820_1954188_-3_ATG_210
CP040693	-1955107	TGA	FF953_09415	-1955349	243	CDS		ATG	FF953_09415|CP040693_1955349_1955107_-2_ATG_80
CP040693	-1955624	TAG	FF953_09425	-1956160	537	CDS		CTG	FF953_09425|CP040693_1956160_1955624_-1_CTG_178
CP040693	-1956220	TAG	FF953_09430	-1956462	243	CDS		ATG	FF953_09430|CP040693_1956462_1956220_-2_ATG_80
CP040693	-1956561	TGA	FF953_09435	-1958519	1959	CDS		GTG	FF953_09435|CP040693_1958519_1956561_-3_GTG_652
CP040693	-1958516	TGA	FF953_09440	-1959703	1188	CDS		ATG	FF953_09440|CP040693_1959703_1958516_-1_ATG_395
CP040693	-1960288	TAA	FF953_09450	-1961970	1683	CDS		ATG	FF953_09450|CP040693_1961970_1960288_-2_ATG_560
CP040693	-1965322	TAA	FF953_09475	-1965723	402	CDS		ATG	FF953_09475|CP040693_1965723_1965322_-2_ATG_133
CP040693	-1965713	TAA	FF953_09480	-1966324	612	CDS		ATG	FF953_09480|CP040693_1966324_1965713_-1_ATG_203
CP040693	-1971661	TAG	FF953_09500	-1972218	558	CDS		GTG	FF953_09500|CP040693_1972218_1971661_-2_GTG_185
CP040693	-1972302	TGA	FF953_09505	-1973900	1599	CDS		ATG	FF953_09505|CP040693_1973900_1972302_-3_ATG_532
CP040693	-1975947	TAA	FF953_09520	-1979567	3621	CDS		ATG	FF953_09520|CP040693_1979567_1975947_-3_ATG_1206
CP040693	-1979771	TAG	FF953_09525	-1981420	1650	CDS		ATG	FF953_09525|CP040693_1981420_1979771_-1_ATG_549
CP040693	-1981473	TGA	FF953_09530	-1982734	1263	fCDS		ATG	FF953_09530_fCDS|CP040693_1982734_1981473_-1_ATG_420
CP040693	-1983305	TAA	FF953_09535	-1983544	240	CDS		ATT	FF953_09535|CP040693_1983544_1983305_-1_ATT_79
CP040693	-1983578	TAG	FF953_09540	-1983706	129	CDS		ATT	FF953_09540|CP040693_1983706_1983578_-1_ATT_42
CP040693	-1983682	TGA	FF953_09545	-1983882	201	CDS		TTG	FF953_09545|CP040693_1983882_1983682_-2_TTG_66
CP040693	-1991183	TGA	FF953_09585	-1991929	747	CDS		GTG	FF953_09585|CP040693_1991929_1991183_-1_GTG_248
CP040693	-1994157	TGA	FF953_09600	-1994717	561	CDS		GTG	FF953_09600|CP040693_1994717_1994157_-3_GTG_186
CP040693	-1996243	TAG	FF953_09610	-1996692	450	CDS		ATG	FF953_09610|CP040693_1996692_1996243_-2_ATG_149
CP040693	-1996848	TAG	FF953_09615	-1998641	1794	CDS		ATG	FF953_09615|CP040693_1998641_1996848_-3_ATG_597
CP040693	-1999464	TGA	FF953_09625	-2001638	2175	CDS		ATG	FF953_09625|CP040693_2001638_1999464_-3_ATG_724
CP040693	-2007609	TGA	FF953_09640	-2008790	1182	CDS		ATG	FF953_09640|CP040693_2008790_2007609_-3_ATG_393
CP040693	-2025533	TGA	FF953_09725	-2025919	387	CDS		ATG	FF953_09725|CP040693_2025919_2025533_-1_ATG_128
CP040693	-2029085	TAG	FF953_09740	-2031004	1920	CDS		GTG	FF953_09740|CP040693_2031004_2029085_-1_GTG_639
CP040693	-2031185	TAG	FF953_09745	-2031511	327	CDS		ATG	FF953_09745|CP040693_2031511_2031185_-1_ATG_108
CP040693	-2031849	TAA	FF953_09750	-2032196	348	CDS		ATG	FF953_09750|CP040693_2032196_2031849_-3_ATG_115
CP040693	-2038319	TAG	FF953_09785	-2039521	1203	CDS		TTG	FF953_09785|CP040693_2039521_2038319_-1_TTG_400
CP040693	-2039843	TAA	FF953_09790	-2040274	432	CDS		ATG	FF953_09790|CP040693_2040274_2039843_-1_ATG_143
CP040693	-2045340	TAG	FF953_09825	-2046845	1506	CDS		ATG	FF953_09825|CP040693_2046845_2045340_-3_ATG_501
CP040693	-2046980	TAA	FF953_09830	-2048899	1920	CDS		TTG	FF953_09830|CP040693_2048899_2046980_-1_TTG_639
CP040693	-2063044	TGA	FF953_09895	-2063904	861	CDS		ATG	FF953_09895|CP040693_2063904_2063044_-2_ATG_286
CP040693	-2064816	TAG	FF953_09905	-2066702	1887	CDS		ATG	FF953_09905|CP040693_2066702_2064816_-3_ATG_628
CP040693	-2066718	TGA	FF953_09910	-2068751	2034	CDS		ATG	FF953_09910|CP040693_2068751_2066718_-3_ATG_677
CP040693	-2068871	TAG	FF953_09920	-2071096	2226	CDS		ATG	FF953_09920|CP040693_2071096_2068871_-1_ATG_741
CP040693	-2071372	TGA	FF953_09925	-2071767	396	CDS		GTG	FF953_09925|CP040693_2071767_2071372_-2_GTG_131
CP040693	-2071764	TGA	FF953_09930	-2072027	264	CDS		ATG	FF953_09930|CP040693_2072027_2071764_-3_ATG_87
CP040693	-2072086	TAG	FF953_09935	-2073633	1548	CDS		ATG	FF953_09935|CP040693_2073633_2072086_-2_ATG_515
CP040693	-2073796	TGA	FF953_09940	-2074833	1038	CDS		ATG	FF953_09940|CP040693_2074833_2073796_-2_ATG_345
CP040693	-2074833	TGA	FF953_09945	-2076200	1368	CDS		GTG	FF953_09945|CP040693_2076200_2074833_-3_GTG_455
CP040693	-2076374	TGA	FF953_09950	-2077810	1437	CDS		ATG	FF953_09950|CP040693_2077810_2076374_-1_ATG_478
CP040693	-2077846	TAG	FF953_09955	-2079297	1452	CDS		ATG	FF953_09955|CP040693_2079297_2077846_-2_ATG_483
CP040693	-2079327	TAG	FF953_09960	-2080277	951	CDS		GTG	FF953_09960|CP040693_2080277_2079327_-3_GTG_316
CP040693	-2080292	TGA	FF953_09965	-2080708	417	CDS		ATG	FF953_09965|CP040693_2080708_2080292_-1_ATG_138
CP040693	-2085760	TAG	FF953_10005	-2087151	1392	CDS		ATG	FF953_10005|CP040693_2087151_2085760_-2_ATG_463
CP040693	-2087293	TAG	FF953_10010	-2088216	924	CDS		GTG	FF953_10010|CP040693_2088216_2087293_-2_GTG_307
CP040693	-2088255	TGA	FF953_10015	-2088932	678	CDS		ATG	FF953_10015|CP040693_2088932_2088255_-3_ATG_225
CP040693	-2094701	TGA	FF953_10050	-2095471	771	CDS		ATG	FF953_10050|CP040693_2095471_2094701_-1_ATG_256
CP040693	-2095464	TGA	FF953_10055	-2096219	756	CDS		GTG	FF953_10055|CP040693_2096219_2095464_-3_GTG_251
CP040693	-2096216	TGA	FF953_10060	-2097076	861	CDS		GTG	FF953_10060|CP040693_2097076_2096216_-1_GTG_286
CP040693	-2099721	TAG	FF953_10070	-2099927	207	CDS		GTG	FF953_10070|CP040693_2099927_2099721_-3_GTG_68
CP040693	-2103570	TGA	FF953_10085	-2104805	1236	CDS		ATG	FF953_10085|CP040693_2104805_2103570_-3_ATG_411
CP040693	-2104905	TAA	FF953_10090	-2105540	636	CDS		TTG	FF953_10090|CP040693_2105540_2104905_-3_TTG_211
CP040693	-2105605	TGA	FF953_10095	-2105994	390	CDS		TTG	FF953_10095|CP040693_2105994_2105605_-2_TTG_129
CP040693	-2106017	TGA	FF953_10100	-2107261	1245	CDS		ATG	FF953_10100|CP040693_2107261_2106017_-1_ATG_414
CP040693	-2108940	TGA	FF953_10120	-2109152	213	CDS		ATG	FF953_10120|CP040693_2109152_2108940_-3_ATG_70
CP040693	-2109152	TGA	FF953_10125	-2109343	192	CDS		GTG	FF953_10125|CP040693_2109343_2109152_-1_GTG_63
CP040693	-2114651	TGA	FF953_10150	-2115967	1317	CDS		GTG	FF953_10150|CP040693_2115967_2114651_-1_GTG_438
CP040693	-2116017	TGA	FF953_10155	-2116439	423	CDS		GTG	FF953_10155|CP040693_2116439_2116017_-3_GTG_140
CP040693	-2116480	TAA	FF953_10160	-2117313	834	CDS		ATG	FF953_10160|CP040693_2117313_2116480_-2_ATG_277
CP040693	-2117341	TGA	FF953_10165	-2117817	477	CDS		ATG	FF953_10165|CP040693_2117817_2117341_-2_ATG_158
CP040693	-2117856	TGA	FF953_10170	-2118386	531	CDS		GTG	FF953_10170|CP040693_2118386_2117856_-3_GTG_176
CP040693	-2118398	TGA	FF953_10175	-2118997	600	CDS		TTG	FF953_10175|CP040693_2118997_2118398_-1_TTG_199
CP040693	-2119015	TGA	FF953_10180	-2119992	978	CDS		ATG	FF953_10180|CP040693_2119992_2119015_-2_ATG_325
CP040693	-2121495	TAA	FF953_10195	-2122214	720	CDS		ATG	FF953_10195|CP040693_2122214_2121495_-3_ATG_239
CP040693	-2122579	TAG	FF953_10200	-2122752	174	CDS		GTG	FF953_10200|CP040693_2122752_2122579_-2_GTG_57
CP040693	-2122796	TGA	FF953_10205	-2123152	357	CDS		ATG	FF953_10205|CP040693_2123152_2122796_-1_ATG_118
CP040693	-2123211	TGA	FF953_10210	-2123822	612	CDS		GTG	FF953_10210|CP040693_2123822_2123211_-3_GTG_203
CP040693	-2124874	TGA	FF953_10230	-2126004	1131	CDS		ATG	FF953_10230|CP040693_2126004_2124874_-2_ATG_376
CP040693	-2127670	TAA	FF953_10245	-2128581	912	CDS		ATG	FF953_10245|CP040693_2128581_2127670_-2_ATG_303
CP040693	-2128586	TGA	FF953_10250	-2129017	432	CDS		GTG	FF953_10250|CP040693_2129017_2128586_-1_GTG_143
CP040693	-2129349	TAG	FF953_10260	-2130425	1077	CDS		ATG	FF953_10260|CP040693_2130425_2129349_-3_ATG_358
CP040693	-2130425	TAA	FF953_10265	-2131813	1389	CDS		GTG	FF953_10265|CP040693_2131813_2130425_-1_GTG_462
CP040693	-2133186	TAG	FF953_10275	-2134454	1269	CDS		GTG	FF953_10275|CP040693_2134454_2133186_-3_GTG_422
CP040693	-2135613	TAA	FF953_10290	-2136575	963	CDS		GTG	FF953_10290|CP040693_2136575_2135613_-3_GTG_320
CP040693	-2136605	TAA	FF953_10295	-2137075	471	CDS		ATG	FF953_10295|CP040693_2137075_2136605_-1_ATG_156
CP040693	-2137415	TGA	FF953_10300	-2137879	465	CDS		ATG	FF953_10300|CP040693_2137879_2137415_-1_ATG_154
CP040693	-2138055	TGA	FF953_10305	-2140277	2223	CDS		GTG	FF953_10305|CP040693_2140277_2138055_-3_GTG_740
CP040693	-2140315	TGA	FF953_10310	-2140758	444	CDS		GTG	FF953_10310|CP040693_2140758_2140315_-2_GTG_147
CP040693	-2140872	TGA	FF953_10315	-2141465	594	CDS		GTG	FF953_10315|CP040693_2141465_2140872_-3_GTG_197
CP040693	-2141548	TGA	FF953_10320	-2142153	606	CDS		ATG	FF953_10320|CP040693_2142153_2141548_-2_ATG_201
CP040693	-2142253	TGA	FF953_10325	-2143257	1005	CDS		ATG	FF953_10325|CP040693_2143257_2142253_-2_ATG_334
CP040693	-2144087	TAG	FF953_10335	-2144494	408	CDS		ATG	FF953_10335|CP040693_2144494_2144087_-1_ATG_135
CP040693	-2147099	TAA	FF953_10345	-2151151	4053	CDS	true	ATT	FF953_10345_p|CP040693_2151151_2147099_-1_ATT_1350
CP040693	-2151194	TGA	FF953_10350	-2152455	1263	fCDS		ATG	FF953_10350_fCDS|CP040693_2152455_2151194_-2_ATG_420
CP040693	-2152507	ATT	FF953_10355	-2154114	1608	CDS	true	ATG	FF953_10355_p|CP040693_2154114_2152507_-2_ATG_536
CP040693	-2154452	TAA	FF953_10360	-2157415	2964	CDS		ATG	FF953_10360|CP040693_2157415_2154452_-1_ATG_987
CP040693	-2157864	TGA	FF953_10365	-2158328	465	CDS		ATG	FF953_10365|CP040693_2158328_2157864_-3_ATG_154
CP040693	-2159327	TGA	FF953_10375	-2160598	1272	CDS		ATG	FF953_10375|CP040693_2160598_2159327_-1_ATG_423
CP040693	-2163353	TAG	FF953_10390	-2163733	381	CDS		ATG	FF953_10390|CP040693_2163733_2163353_-1_ATG_126
CP040693	-2165760	TAG	FF953_10400	-2166239	480	CDS		ATG	FF953_10400|CP040693_2166239_2165760_-3_ATG_159
CP040693	-2167253	TAA	FF953_10410	-2168020	768	CDS		ATG	FF953_10410|CP040693_2168020_2167253_-1_ATG_255
CP040693	-2168065	TGA	FF953_10415	-2168709	645	CDS		GTG	FF953_10415|CP040693_2168709_2168065_-2_GTG_214
CP040693	-2168721	TAG	FF953_10420	-2169245	525	CDS		ATG	FF953_10420|CP040693_2169245_2168721_-3_ATG_174
CP040693	-2169263	TGA	FF953_10425	-2170042	780	CDS		GTG	FF953_10425|CP040693_2170042_2169263_-1_GTG_259
CP040693	-2170669	TAG	FF953_10435	-2171760	1092	CDS		GTG	FF953_10435|CP040693_2171760_2170669_-2_GTG_363
CP040693	-2171762	TGA	FF953_10440	-2172991	1230	CDS		GTG	FF953_10440|CP040693_2172991_2171762_-1_GTG_409
CP040693	-2173006	TGA	FF953_10445	-2173962	957	CDS		ATG	FF953_10445|CP040693_2173962_2173006_-2_ATG_318
CP040693	-2174004	TAA	FF953_10450	-2174219	216	CDS		ATG	FF953_10450|CP040693_2174219_2174004_-3_ATG_71
CP040693	-2181447	TGA	FF953_10485	-2181776	330	CDS		GTG	FF953_10485|CP040693_2181776_2181447_-3_GTG_109
CP040693	-2181773	TGA	FF953_10490	-2182150	378	CDS		GTG	FF953_10490|CP040693_2182150_2181773_-1_GTG_125
CP040693	-2182147	TGA	FF953_10495	-2182737	591	CDS		ATG	FF953_10495|CP040693_2182737_2182147_-2_ATG_196
CP040693	-2184311	TGA	FF953_10505	-2184763	453	CDS		ATG	FF953_10505|CP040693_2184763_2184311_-1_ATG_150
CP040693	-2185221	TAA	FF953_10515	-2185403	183	CDS		GTG	FF953_10515|CP040693_2185403_2185221_-3_GTG_60
CP040693	-2185517	TGA	FF953_10520	-2185867	351	CDS		ATG	FF953_10520|CP040693_2185867_2185517_-1_ATG_116
CP040693	-2185878	TGA	FF953_10525	-2186780	903	CDS		TTG	FF953_10525|CP040693_2186780_2185878_-3_TTG_300
CP040693	-2186801	TAG	FF953_10530	-2186992	192	CDS		TTG	FF953_10530|CP040693_2186992_2186801_-1_TTG_63
CP040693	-2186993	TAA	FF953_10535	-2187289	297	CDS		ATG	FF953_10535|CP040693_2187289_2186993_-1_ATG_98
CP040693	-2189821	TAG	FF953_10570	-2190435	615	CDS		ATG	FF953_10570|CP040693_2190435_2189821_-2_ATG_204
CP040693	-2190484	TGA	FF953_10575	-2190780	297	CDS		GTG	FF953_10575|CP040693_2190780_2190484_-2_GTG_98
CP040693	-2190777	TGA	FF953_10580	-2191028	252	CDS		GTG	FF953_10580|CP040693_2191028_2190777_-3_GTG_83
CP040693	-2191669	TGA	FF953_10590	-2192076	408	CDS		GTG	FF953_10590|CP040693_2192076_2191669_-2_GTG_135
CP040693	-2192080	TAG	FF953_10595	-2192352	273	CDS		GTG	FF953_10595|CP040693_2192352_2192080_-2_GTG_90
CP040693	-2192385	TAG	FF953_10600	-2193605	1221	CDS		ATG	FF953_10600|CP040693_2193605_2192385_-3_ATG_406
CP040693	-2205648	TGA	FF953_10675	-2206055	408	CDS		GTG	FF953_10675|CP040693_2206055_2205648_-3_GTG_135
CP040693	-2206118	TAG	FF953_10680	-2206396	279	CDS		GTG	FF953_10680|CP040693_2206396_2206118_-1_GTG_92
CP040693	-2206526	TAG	FF953_10685	-2207172	647	CDS	true	ATG	FF953_10685_p|CP040693_2207172_2206526_-2_ATG_215
CP040693	-2207671	TGA	FF953_10690	-2207880	210	CDS		GTG	FF953_10690|CP040693_2207880_2207671_-2_GTG_69
CP040693	-2209497	TAA	FF953_10705	-2209766	270	CDS		ATG	FF953_10705|CP040693_2209766_2209497_-3_ATG_89
CP040693	-2209844	TAG	FF953_10710	-2210023	180	CDS		GTG	FF953_10710|CP040693_2210023_2209844_-1_GTG_59
CP040693	-2213018	TAG	FF953_10730	-2214463	1446	CDS		GTG	FF953_10730|CP040693_2214463_2213018_-1_GTG_481
CP040693	-2214642	TAG	FF953_10735	-2215328	687	CDS		GTG	FF953_10735|CP040693_2215328_2214642_-3_GTG_228
CP040693	-2215519	TAA	FF953_10740	-2216487	969	CDS		ATG	FF953_10740|CP040693_2216487_2215519_-2_ATG_322
CP040693	-2216712	TAA	FF953_10745	-2217131	420	CDS		ATG	FF953_10745|CP040693_2217131_2216712_-3_ATG_139
CP040693	-2217140	TGA	FF953_10750	-2217400	261	CDS		GTG	FF953_10750|CP040693_2217400_2217140_-1_GTG_86
CP040693	-2219207	TGA	FF953_10760	-2219860	654	CDS		ATG	FF953_10760|CP040693_2219860_2219207_-1_ATG_217
CP040693	-2220290	TGA	FF953_10770	-2221201	912	CDS		ATG	FF953_10770|CP040693_2221201_2220290_-1_ATG_303
CP040693	-2224038	TAG	FF953_10795	-2224598	561	CDS		GTG	FF953_10795|CP040693_2224598_2224038_-3_GTG_186
CP040693	-2224595	TGA	FF953_10800	-2224936	342	CDS		ATG	FF953_10800|CP040693_2224936_2224595_-1_ATG_113
CP040693	-2225180	TAG	FF953_10810	-2225515	336	CDS		GTG	FF953_10810|CP040693_2225515_2225180_-1_GTG_111
CP040693	-2225604	TGA	FF953_10815	-2225948	345	CDS		GTG	FF953_10815|CP040693_2225948_2225604_-3_GTG_114
CP040693	-2225942	TGA	FF953_10820	-2226190	249	CDS		ATG	FF953_10820|CP040693_2226190_2225942_-1_ATG_82
CP040693	-2226290	TAG	FF953_10825	-2228605	2316	CDS		GTG	FF953_10825|CP040693_2228605_2226290_-1_GTG_771
CP040693	-2228602	TGA	FF953_10830	-2228874	273	CDS		GTG	FF953_10830|CP040693_2228874_2228602_-2_GTG_90
CP040693	-2228927	TGA	FF953_10835	-2229283	357	CDS		ATG	FF953_10835|CP040693_2229283_2228927_-1_ATG_118
CP040693	-2234243	TAA	FF953_10855	-2235019	777	CDS		ATG	FF953_10855|CP040693_2235019_2234243_-1_ATG_258
CP040693	-2235114	TAG	FF953_10860	-2236436	1323	CDS		ATG	FF953_10860|CP040693_2236436_2235114_-3_ATG_440
CP040693	-2239861	TAG	FF953_10880	-2240718	858	CDS		GTG	FF953_10880|CP040693_2240718_2239861_-2_GTG_285
CP040693	-2240776	TGA	FF953_10885	-2242272	1497	CDS		ATG	FF953_10885|CP040693_2242272_2240776_-2_ATG_498
CP040693	-2242294	TGA	FF953_10890	-2243181	888	CDS		ATG	FF953_10890|CP040693_2243181_2242294_-2_ATG_295
CP040693	-2247382	TAG	FF953_10900	-2247726	345	CDS		GTG	FF953_10900|CP040693_2247726_2247382_-2_GTG_114
CP040693	-2247915	TGA	FF953_10905	-2249240	1326	CDS		ATG	FF953_10905|CP040693_2249240_2247915_-3_ATG_441
CP040693	-2250152	TGA	FF953_10920	-2250583	432	CDS		ATG	FF953_10920|CP040693_2250583_2250152_-1_ATG_143
CP040693	-2251319	TAA	FF953_10935	-2251558	240	CDS		GTG	FF953_10935|CP040693_2251558_2251319_-1_GTG_79
CP040693	-2251555	TGA	FF953_10940	-2251734	180	CDS	true	TTC	FF953_10940_p|CP040693_2251734_2251555_-2_TTC_59
CP040693	-2253114	TAG	FF953_10955	-2254370	1257	CDS		ATG	FF953_10955|CP040693_2254370_2253114_-3_ATG_418
CP040693	-2254968	TGA	FF953_10970	-2256229	1263	fCDS		ATG	FF953_10970_fCDS|CP040693_2256229_2254968_-1_ATG_420
CP040693	-2259077	TAA	FF953_10995	-2259376	300	CDS		GTG	FF953_10995|CP040693_2259376_2259077_-1_GTG_99
CP040693	-2259461	TAG	FF953_11000	-2259766	306	CDS		ATG	FF953_11000|CP040693_2259766_2259461_-1_ATG_101
CP040693	-2259775	TAA	FF953_11005	-2260380	606	CDS		GTG	FF953_11005|CP040693_2260380_2259775_-2_GTG_201
CP040693	-2260405	TGA	FF953_11010	-2260764	360	CDS		GTG	FF953_11010|CP040693_2260764_2260405_-2_GTG_119
CP040693	-2260924	TAG	FF953_11015	-2261601	678	CDS		ATG	FF953_11015|CP040693_2261601_2260924_-2_ATG_225
CP040693	-2261553	TGA	FF953_11020	-2261789	237	CDS		ATG	FF953_11020|CP040693_2261789_2261553_-3_ATG_78
CP040693	-2261996	TGA	FF953_11025	-2262892	897	CDS		ATG	FF953_11025|CP040693_2262892_2261996_-1_ATG_298
CP040693	-2263076	TGA	FF953_11030	-2267896	4821	CDS		ATG	FF953_11030|CP040693_2267896_2263076_-1_ATG_1606
CP040693	-2268406	TGA	FF953_11035	-2269404	999	CDS		ATG	FF953_11035|CP040693_2269404_2268406_-2_ATG_332
CP040693	-2269519	TAG	FF953_11040	-2270403	885	CDS		ATG	FF953_11040|CP040693_2270403_2269519_-2_ATG_294
CP040693	-2270443	TGA	FF953_11045	-2271348	906	CDS		GTG	FF953_11045|CP040693_2271348_2270443_-2_GTG_301
CP040693	-2271351	TAG	FF953_11050	-2272163	813	CDS		GTG	FF953_11050|CP040693_2272163_2271351_-3_GTG_270
CP040693	-2272224	TGA	FF953_11055	-2273063	840	CDS		ATG	FF953_11055|CP040693_2273063_2272224_-3_ATG_279
CP040693	-2273060	TGA	FF953_11060	-2274079	1020	CDS		ATG	FF953_11060|CP040693_2274079_2273060_-1_ATG_339
CP040693	-2274096	TAG	FF953_11065	-2276141	2046	CDS		GTG	FF953_11065|CP040693_2276141_2274096_-3_GTG_681
CP040693	-2276153	TGA	FF953_11070	-2276587	435	CDS		ATG	FF953_11070|CP040693_2276587_2276153_-1_ATG_144
CP040693	-2277895	TAG	FF953_11080	-2278737	843	CDS		GTG	FF953_11080|CP040693_2278737_2277895_-2_GTG_280
CP040693	-2280402	TAG	FF953_11100	-2281376	975	CDS		GTG	FF953_11100|CP040693_2281376_2280402_-3_GTG_324
CP040693	-2281378	TAA	FF953_11105	-2282451	1074	CDS		ATG	FF953_11105|CP040693_2282451_2281378_-2_ATG_357
CP040693	-2282454	TAA	FF953_11110	-2283296	843	CDS		GTG	FF953_11110|CP040693_2283296_2282454_-3_GTG_280
CP040693	-2283283	TGA	FF953_11115	-2284185	903	CDS		ATG	FF953_11115|CP040693_2284185_2283283_-2_ATG_300
CP040693	-2284182	TGA	FF953_11120	-2285501	1320	CDS		ATG	FF953_11120|CP040693_2285501_2284182_-3_ATG_439
CP040693	-2285539	TGA	FF953_11125	-2286336	798	CDS		ATG	FF953_11125|CP040693_2286336_2285539_-2_ATG_265
CP040693	-2286336	TGA	FF953_11130	-2286896	561	CDS		ATG	FF953_11130|CP040693_2286896_2286336_-3_ATG_186
CP040693	-2286937	TAG	FF953_11135	-2287254	318	CDS		ATG	FF953_11135|CP040693_2287254_2286937_-2_ATG_105
CP040693	-2287340	TGA	FF953_11140	-2288875	1536	CDS		GTG	FF953_11140|CP040693_2288875_2287340_-1_GTG_511
CP040693	-2289617	TGA	FF953_11150	-2292181	2565	CDS		GTG	FF953_11150|CP040693_2292181_2289617_-1_GTG_854
CP040693	-2292186	TAG	FF953_11155	-2304641	12456	CDS		ATG	FF953_11155|CP040693_2304641_2292186_-3_ATG_4151
CP040693	-2304948	TAG	FF953_11160	-2305172	225	CDS		ATG	FF953_11160|CP040693_2305172_2304948_-3_ATG_74
CP040693	-2305786	TGA	FF953_11170	-2308410	2625	CDS		GTG	FF953_11170|CP040693_2308410_2305786_-2_GTG_874
CP040693	-2308568	TAG	FF953_11175	-2310172	1605	CDS		GTG	FF953_11175|CP040693_2310172_2308568_-1_GTG_534
CP040693	-2310177	TAG	FF953_11180	-2310704	528	CDS		GTG	FF953_11180|CP040693_2310704_2310177_-3_GTG_175
CP040693	-2311742	TGA	FF953_11190	-2312008	267	CDS		ATG	FF953_11190|CP040693_2312008_2311742_-1_ATG_88
CP040693	-2312009	TAG	FF953_11195	-2312314	306	CDS		GTG	FF953_11195|CP040693_2312314_2312009_-1_GTG_101
CP040693	-2312316	TGA	FF953_11200	-2312480	165	CDS		ATG	FF953_11200|CP040693_2312480_2312316_-3_ATG_54
CP040693	-2312480	TGA	FF953_11205	-2312716	237	CDS		TTG	FF953_11205|CP040693_2312716_2312480_-1_TTG_78
CP040693	-2314336	TAG	FF953_11215	-2314740	405	CDS		GTG	FF953_11215|CP040693_2314740_2314336_-2_GTG_134
CP040693	-2314824	TGA	FF953_11220	-2318408	3585	CDS		GTG	FF953_11220|CP040693_2318408_2314824_-3_GTG_1194
CP040693	-2322302	TAG	FF953_11250	-2323525	1224	CDS		GTG	FF953_11250|CP040693_2323525_2322302_-1_GTG_407
CP040693	-2323541	TAG	FF953_11255	-2324464	924	CDS		ATG	FF953_11255|CP040693_2324464_2323541_-1_ATG_307
CP040693	-2325146	TGA	FF953_11265	-2325880	735	CDS		GTG	FF953_11265|CP040693_2325880_2325146_-1_GTG_244
CP040693	-2325877	TGA	FF953_11270	-2326632	756	CDS		ATG	FF953_11270|CP040693_2326632_2325877_-2_ATG_251
CP040693	-2326629	TGA	FF953_11275	-2327801	1173	CDS		ATG	FF953_11275|CP040693_2327801_2326629_-3_ATG_390
CP040693	-2327869	TGA	FF953_11280	-2328618	750	CDS		GTG	FF953_11280|CP040693_2328618_2327869_-2_GTG_249
CP040693	-2329071	TGA	FF953_11290	-2330534	1464	CDS		ATG	FF953_11290|CP040693_2330534_2329071_-3_ATG_487
CP040693	-2330692	TGA	FF953_11295	-2330943	252	CDS		GTG	FF953_11295|CP040693_2330943_2330692_-2_GTG_83
CP040693	-2330978	TAG	FF953_11300	-2331949	972	CDS		ATG	FF953_11300|CP040693_2331949_2330978_-1_ATG_323
CP040693	-2331950	TAG	FF953_11305	-2332249	300	CDS		GTG	FF953_11305|CP040693_2332249_2331950_-1_GTG_99
CP040693	-2335720	TAG	FF953_11325	-2336161	442	CDS	true	ATG	FF953_11325_p|CP040693_2336161_2335720_-1_ATG_147
CP040693	-2343864	TAG	FF953_11365	-2344991	1128	CDS		ATG	FF953_11365|CP040693_2344991_2343864_-3_ATG_375
CP040693	-2346111	TAA	FF953_11375	-2346845	735	CDS		ATG	FF953_11375|CP040693_2346845_2346111_-3_ATG_244
CP040693	-2346887	TAG	FF953_11380	-2349607	2721	CDS		GTG	FF953_11380|CP040693_2349607_2346887_-1_GTG_906
CP040693	-2349724	TAG	FF953_11385	-2350650	927	CDS		GTG	FF953_11385|CP040693_2350650_2349724_-2_GTG_308
CP040693	-2350667	TAG	FF953_11390	-2350918	252	CDS		GTG	FF953_11390|CP040693_2350918_2350667_-1_GTG_83
CP040693	-2350986	TGA	FF953_11395	-2351936	951	CDS		ATG	FF953_11395|CP040693_2351936_2350986_-3_ATG_316
CP040693	-2351933	TGA	FF953_11400	-2352931	999	CDS		ATG	FF953_11400|CP040693_2352931_2351933_-1_ATG_332
CP040693	-2352940	TAG	FF953_11405	-2354298	1359	CDS		GTG	FF953_11405|CP040693_2354298_2352940_-2_GTG_452
CP040693	-2354350	TAA	FF953_11410	-2355825	1476	CDS		ATG	FF953_11410|CP040693_2355825_2354350_-2_ATG_491
CP040693	-2361705	TGA	FF953_11430	-2362139	435	CDS		ATG	FF953_11430|CP040693_2362139_2361705_-3_ATG_144
CP040693	-2362146	TAG	FF953_11435	-2362400	255	CDS		ATG	FF953_11435|CP040693_2362400_2362146_-3_ATG_84
CP040693	-2362416	TGA	FF953_11440	-2362673	258	CDS		ATG	FF953_11440|CP040693_2362673_2362416_-3_ATG_85
CP040693	-2366601	TGA	FF953_11465	-2367347	747	CDS		GTG	FF953_11465|CP040693_2367347_2366601_-3_GTG_248
CP040693	-2367344	TGA	FF953_11470	-2368219	876	CDS		GTG	FF953_11470|CP040693_2368219_2367344_-1_GTG_291
CP040693	-2368216	TGA	FF953_11475	-2368410	195	CDS		ATG	FF953_11475|CP040693_2368410_2368216_-2_ATG_64
CP040693	-2368523	TAA	FF953_11480	-2370130	1608	CDS		ATG	FF953_11480|CP040693_2370130_2368523_-1_ATG_535
CP040693	-2372022	TAG	FF953_11495	-2373851	1830	CDS		ATG	FF953_11495|CP040693_2373851_2372022_-3_ATG_609
CP040693	-2375031	TAG	FF953_11510	-2375873	843	CDS		GTG	FF953_11510|CP040693_2375873_2375031_-3_GTG_280
CP040693	-2376806	TGA	FF953_11520	-2377288	483	CDS		GTG	FF953_11520|CP040693_2377288_2376806_-1_GTG_160
CP040693	-2377367	TGA	FF953_11525	-2378221	855	CDS		ATG	FF953_11525|CP040693_2378221_2377367_-1_ATG_284
CP040693	-2378224	TGA	FF953_11530	-2378505	282	CDS		GTG	FF953_11530|CP040693_2378505_2378224_-2_GTG_93
CP040693	-2380049	TAA	FF953_11540	-2383627	3579	CDS		GTG	FF953_11540|CP040693_2383627_2380049_-1_GTG_1192
CP040693	-2384762	TGA	FF953_11550	-2385850	1089	CDS		CTG	FF953_11550|CP040693_2385850_2384762_-1_CTG_362
CP040693	-2387868	TAG	FF953_11565	-2388749	882	CDS		ATG	FF953_11565|CP040693_2388749_2387868_-3_ATG_293
CP040693	-2388775	TAG	FF953_11570	-2390019	1245	CDS		ATG	FF953_11570|CP040693_2390019_2388775_-2_ATG_414
CP040693	-2390077	TGA	FF953_11575	-2390880	804	CDS		GTG	FF953_11575|CP040693_2390880_2390077_-2_GTG_267
CP040693	-2391411	TAG	FF953_11585	-2392199	789	CDS		GTG	FF953_11585|CP040693_2392199_2391411_-3_GTG_262
CP040693	-2392210	TGA	FF953_11590	-2392797	588	CDS		ATG	FF953_11590|CP040693_2392797_2392210_-2_ATG_195
CP040693	-2392861	TAG	FF953_11595	-2393571	711	CDS		ATG	FF953_11595|CP040693_2393571_2392861_-2_ATG_236
CP040693	-2393568	TGA	FF953_11600	-2394398	831	CDS		ATG	FF953_11600|CP040693_2394398_2393568_-3_ATG_276
CP040693	-2394462	TAG	FF953_11605	-2394875	414	CDS		ATG	FF953_11605|CP040693_2394875_2394462_-3_ATG_137
CP040693	-2397358	TAG	FF953_11625	-2397888	531	CDS		ATG	FF953_11625|CP040693_2397888_2397358_-2_ATG_176
CP040693	-2397936	TAG	FF953_11630	-2399282	1347	CDS		GTG	FF953_11630|CP040693_2399282_2397936_-3_GTG_448
CP040693	-2399869	TGA	FF953_11640	-2400186	318	CDS		ATG	FF953_11640|CP040693_2400186_2399869_-2_ATG_105
CP040693	-2400183	TGA	FF953_11645	-2400398	216	CDS		GTG	FF953_11645|CP040693_2400398_2400183_-3_GTG_71
CP040693	-2401841	TAG	FF953_11655	-2402197	357	CDS		ATG	FF953_11655|CP040693_2402197_2401841_-1_ATG_118
CP040693	-2402292	TAG	FF953_11660	-2403074	783	CDS		ATG	FF953_11660|CP040693_2403074_2402292_-3_ATG_260
CP040693	-2403342	TGA	FF953_11665	-2403632	291	CDS		TTG	FF953_11665|CP040693_2403632_2403342_-3_TTG_96
CP040693	-2403794	TAG	FF953_11670	-2404450	657	CDS		ATG	FF953_11670|CP040693_2404450_2403794_-1_ATG_218
CP040693	-2404512	TAG	FF953_11675	-2405291	780	CDS		ATG	FF953_11675|CP040693_2405291_2404512_-3_ATG_259
CP040693	-2405297	TGA	FF953_11680	-2406049	753	CDS		TTG	FF953_11680|CP040693_2406049_2405297_-1_TTG_250
CP040693	-2406060	TGA	FF953_11685	-2407199	1140	CDS		ATG	FF953_11685|CP040693_2407199_2406060_-3_ATG_379
CP040693	-2407372	TAG	FF953_11690	-2408316	945	CDS		ATG	FF953_11690|CP040693_2408316_2407372_-2_ATG_314
CP040693	-2408313	TGA	FF953_11695	-2409797	1485	CDS		GTG	FF953_11695|CP040693_2409797_2408313_-3_GTG_494
CP040693	-2409794	TGA	FF953_11700	-2411026	1233	CDS		GTG	FF953_11700|CP040693_2411026_2409794_-1_GTG_410
CP040693	-2411023	TGA	FF953_11705	-2412597	1575	CDS		GTG	FF953_11705|CP040693_2412597_2411023_-2_GTG_524
CP040693	-2412609	TAG	FF953_11710	-2414069	1461	CDS		GTG	FF953_11710|CP040693_2414069_2412609_-3_GTG_486
CP040693	-2414071	TGA	FF953_11715	-2415150	1080	CDS		ATG	FF953_11715|CP040693_2415150_2414071_-2_ATG_359
CP040693	-2415147	TGA	FF953_11720	-2416679	1533	CDS		ATG	FF953_11720|CP040693_2416679_2415147_-3_ATG_510
CP040693	-2416676	TGA	FF953_11725	-2418283	1608	CDS		GTG	FF953_11725|CP040693_2418283_2416676_-1_GTG_535
CP040693	-2418306	TGA	FF953_11730	-2419340	1035	CDS		ATG	FF953_11730|CP040693_2419340_2418306_-3_ATG_344
CP040693	-2419337	TGA	FF953_11735	-2419957	621	CDS		ATG	FF953_11735|CP040693_2419957_2419337_-1_ATG_206
CP040693	-2419950	TAG	FF953_11740	-2420816	867	CDS		ATG	FF953_11740|CP040693_2420816_2419950_-3_ATG_288
CP040693	-2420919	TGA	FF953_11745	-2422517	1599	CDS		ATG	FF953_11745|CP040693_2422517_2420919_-3_ATG_532
CP040693	-2422727	TAG	FF953_11750	-2424766	2040	CDS		GTG	FF953_11750|CP040693_2424766_2422727_-1_GTG_679
CP040693	-2424763	TGA	FF953_11755	-2425917	1155	CDS		ATG	FF953_11755|CP040693_2425917_2424763_-2_ATG_384
CP040693	-2425914	TGA	FF953_11760	-2427104	1191	CDS		GTG	FF953_11760|CP040693_2427104_2425914_-3_GTG_396
CP040693	-2427106	TGA	FF953_11765	-2427537	432	CDS		ATG	FF953_11765|CP040693_2427537_2427106_-2_ATG_143
CP040693	-2427886	TAA	FF953_11770	-2428290	405	CDS		ATG	FF953_11770|CP040693_2428290_2427886_-2_ATG_134
CP040693	-2429952	TAG	FF953_11785	-2430857	906	CDS		GTG	FF953_11785|CP040693_2430857_2429952_-3_GTG_301
CP040693	-2433767	TGA	FF953_11800	-2434207	441	CDS		ATG	FF953_11800|CP040693_2434207_2433767_-1_ATG_146
CP040693	-2435603	TGA	FF953_11810	-2436268	666	CDS		ATG	FF953_11810|CP040693_2436268_2435603_-1_ATG_221
CP040693	-2436202	TGA	FF953_11815	-2436384	183	CDS		ATG	FF953_11815|CP040693_2436384_2436202_-2_ATG_60
CP040693	-2436653	TAG	FF953_11820	-2438041	1389	CDS		ATG	FF953_11820|CP040693_2438041_2436653_-1_ATG_462
CP040693	-2438132	TGA	FF953_11825	-2438638	507	CDS		GTG	FF953_11825|CP040693_2438638_2438132_-1_GTG_168
CP040693	-2438789	TGA	FF953_11830	-2439535	747	CDS		TTG	FF953_11830|CP040693_2439535_2438789_-1_TTG_248
CP040693	-2440907	TAG	FF953_11840	-2441650	744	CDS		ATG	FF953_11840|CP040693_2441650_2440907_-1_ATG_247
CP040693	-2441736	TGA	FF953_11845	-2442131	396	CDS		GTG	FF953_11845|CP040693_2442131_2441736_-3_GTG_131
CP040693	-2442128	TGA	FF953_11850	-2443357	1230	CDS		ATC	FF953_11850|CP040693_2443357_2442128_-1_ATC_409
CP040693	-2443387	TGA	FF953_11855	-2443821	435	CDS		GTG	FF953_11855|CP040693_2443821_2443387_-2_GTG_144
CP040693	-2443926	TAA	FF953_11860	-2444315	390	CDS		ATG	FF953_11860|CP040693_2444315_2443926_-3_ATG_129
CP040693	-2446314	TGA	FF953_11870	-2447471	1158	CDS		GTG	FF953_11870|CP040693_2447471_2446314_-3_GTG_385
CP040693	-2447568	TAG	FF953_11875	-2448341	774	CDS		GTG	FF953_11875|CP040693_2448341_2447568_-3_GTG_257
CP040693	-2448436	TGA	FF953_11880	-2449593	1158	CDS		TTG	FF953_11880|CP040693_2449593_2448436_-2_TTG_385
CP040693	-2449779	TAA	FF953_11885	-2450030	252	CDS		ATG	FF953_11885|CP040693_2450030_2449779_-3_ATG_83
CP040693	-2451952	TGA	FF953_11895	-2453064	1113	CDS		GTG	FF953_11895|CP040693_2453064_2451952_-2_GTG_370
CP040693	-2457768	TAG	FF953_11920	-2458412	645	CDS		ATG	FF953_11920|CP040693_2458412_2457768_-3_ATG_214
CP040693	-2458412	TGA	FF953_11925	-2459311	900	CDS		ATG	FF953_11925|CP040693_2459311_2458412_-1_ATG_299
CP040693	-2459497	TGA	FF953_11930	-2459916	420	CDS		ATG	FF953_11930|CP040693_2459916_2459497_-2_ATG_139
CP040693	-2459924	TAG	FF953_11935	-2461015	1092	CDS		GTG	FF953_11935|CP040693_2461015_2459924_-1_GTG_363
CP040693	-2463317	TAG	FF953_11945	-2464291	975	CDS		GTG	FF953_11945|CP040693_2464291_2463317_-1_GTG_324
CP040693	-2465195	TGA	FF953_11955	-2465551	357	CDS		ATG	FF953_11955|CP040693_2465551_2465195_-1_ATG_118
CP040693	-2465651	TGA	FF953_11960	-2466727	1077	CDS		ATG	FF953_11960|CP040693_2466727_2465651_-1_ATG_358
CP040693	-2471128	TAG	FF953_11985	-2472234	1107	CDS		ATG	FF953_11985|CP040693_2472234_2471128_-2_ATG_368
CP040693	-2472306	TGA	FF953_11990	-2473445	1140	CDS		GTG	FF953_11990|CP040693_2473445_2472306_-3_GTG_379
CP040693	-2476187	TAA	FF953_12005	-2477965	1779	CDS		ATG	FF953_12005|CP040693_2477965_2476187_-1_ATG_592
CP040693	-2483258	TGA	FF953_12035	-2483680	423	CDS		ATG	FF953_12035|CP040693_2483680_2483258_-1_ATG_140
CP040693	-2485633	TGA	FF953_12045	-2488617	2985	CDS		GTG	FF953_12045|CP040693_2488617_2485633_-2_GTG_994
CP040693	-2488666	TAG	FF953_12050	-2490006	1341	CDS		ATG	FF953_12050|CP040693_2490006_2488666_-2_ATG_446
CP040693	-2490101	TGA	FF953_12055	-2491663	1563	CDS		ATG	FF953_12055|CP040693_2491663_2490101_-1_ATG_520
CP040693	-2491725	TAG	FF953_12060	-2493287	1563	CDS		GTG	FF953_12060|CP040693_2493287_2491725_-3_GTG_520
CP040693	-2493489	TGA	FF953_12065	-2493710	222	CDS		CTG	FF953_12065|CP040693_2493710_2493489_-3_CTG_73
CP040693	-2497908	TAG	FF953_12090	-2499002	1095	CDS		GTG	FF953_12090|CP040693_2499002_2497908_-3_GTG_364
CP040693	-2498999	TGA	FF953_12095	-2499736	738	CDS		ATG	FF953_12095|CP040693_2499736_2498999_-1_ATG_245
CP040693	-2499733	TGA	FF953_12100	-2500872	1140	CDS		ATG	FF953_12100|CP040693_2500872_2499733_-2_ATG_379
CP040693	-2500869	TGA	FF953_12105	-2501963	1095	CDS		GTG	FF953_12105|CP040693_2501963_2500869_-3_GTG_364
CP040693	-2502000	TGA	FF953_12110	-2502425	426	CDS		TTG	FF953_12110|CP040693_2502425_2502000_-3_TTG_141
CP040693	-2502346	TGA	FF953_12115	-2502626	281	CDS	true	ATG	FF953_12115_p|CP040693_2502626_2502346_-3_ATG_93
CP040693	-2504698	TAG	FF953_12135	-2505639	942	CDS		GTG	FF953_12135|CP040693_2505639_2504698_-2_GTG_313
CP040693	-2506615	TAG	FF953_12145	-2506851	237	CDS		GTG	FF953_12145|CP040693_2506851_2506615_-2_GTG_78
CP040693	-2506979	TAA	FF953_12155	-2507440	462	CDS		ATG	FF953_12155|CP040693_2507440_2506979_-1_ATG_153
CP040693	-2507440	TGA	FF953_12160	-2507916	477	CDS		ATG	FF953_12160|CP040693_2507916_2507440_-2_ATG_158
CP040693	-2507954	TGA	FF953_12165	-2508544	591	CDS		GTG	FF953_12165|CP040693_2508544_2507954_-1_GTG_196
CP040693	-2519508	TGA	FF953_12210	-2521058	1551	CDS		GTG	FF953_12210|CP040693_2521058_2519508_-3_GTG_516
CP040693	-2521052	TGA	FF953_12215	-2521621	570	CDS		ATG	FF953_12215|CP040693_2521621_2521052_-1_ATG_189
CP040693	-2524786	TGA	FF953_12235	-2525241	456	CDS		TTG	FF953_12235|CP040693_2525241_2524786_-2_TTG_151
CP040693	-2525246	TAG	FF953_12240	-2525440	195	CDS		GTG	FF953_12240|CP040693_2525440_2525246_-1_GTG_64
CP040693	-2525607	TAA	FF953_12250	-2526119	513	CDS		ATG	FF953_12250|CP040693_2526119_2525607_-3_ATG_170
CP040693	-2526270	TAG	FF953_12255	-2527088	819	CDS		ATG	FF953_12255|CP040693_2527088_2526270_-3_ATG_272
CP040693	-2527102	TGA	FF953_12260	-2528163	1062	CDS		ATG	FF953_12260|CP040693_2528163_2527102_-2_ATG_353
CP040693	-2530255	TAG	FF953_12275	-2531622	1368	CDS		GTG	FF953_12275|CP040693_2531622_2530255_-2_GTG_455
CP040693	-2532077	TAG	FF953_12285	-2533822	1746	CDS		TTG	FF953_12285|CP040693_2533822_2532077_-1_TTG_581
CP040693	-2537146	TGA	FF953_12300	-2538312	1167	CDS		ATG	FF953_12300|CP040693_2538312_2537146_-2_ATG_388
CP040693	-2538309	TGA	FF953_12305	-2539778	1470	CDS		ATG	FF953_12305|CP040693_2539778_2538309_-3_ATG_489
CP040693	-2539791	TGA	FF953_12310	-2540123	333	CDS		GTG	FF953_12310|CP040693_2540123_2539791_-3_GTG_110
CP040693	-2541990	TAG	FF953_12335	-2542307	318	CDS		ATG	FF953_12335|CP040693_2542307_2541990_-3_ATG_105
CP040693	-2544626	TAA	FF953_12350	-2545525	900	CDS		ATG	FF953_12350|CP040693_2545525_2544626_-1_ATG_299
CP040693	-2549082	TAG	FF953_12365	-2550020	939	CDS		ATG	FF953_12365|CP040693_2550020_2549082_-3_ATG_312
CP040693	-2553021	TGA	FF953_12385	-2553713	693	CDS		ATG	FF953_12385|CP040693_2553713_2553021_-3_ATG_230
CP040693	-2558173	TGA	FF953_12415	-2559177	1005	CDS		GTG	FF953_12415|CP040693_2559177_2558173_-2_GTG_334
CP040693	-2564205	TAG	FF953_12450	-2566148	1944	CDS		ATG	FF953_12450|CP040693_2566148_2564205_-3_ATG_647
CP040693	-2566222	TAG	FF953_12455	-2567154	933	CDS		ATG	FF953_12455|CP040693_2567154_2566222_-2_ATG_310
CP040693	-2568242	TGA	FF953_12470	-2569165	924	CDS		ATG	FF953_12470|CP040693_2569165_2568242_-1_ATG_307
CP040693	-2569162	TGA	FF953_12475	-2569371	210	CDS		ATG	FF953_12475|CP040693_2569371_2569162_-2_ATG_69
CP040693	-2569754	TAA	FF953_12480	-2569933	180	CDS		GTG	FF953_12480|CP040693_2569933_2569754_-1_GTG_59
CP040693	-2571997	TGA	FF953_12495	-2572842	846	CDS		ATG	FF953_12495|CP040693_2572842_2571997_-2_ATG_281
CP040693	-2572999	TGA	FF953_12500	-2573343	345	CDS		ATG	FF953_12500|CP040693_2573343_2572999_-2_ATG_114
CP040693	-2573374	TAG	FF953_12505	-2573565	192	CDS		GTG	FF953_12505|CP040693_2573565_2573374_-2_GTG_63
CP040693	-2573650	TGA	FF953_12510	-2574081	432	CDS		GTG	FF953_12510|CP040693_2574081_2573650_-2_GTG_143
CP040693	-2574174	TAG	FF953_12515	-2574356	183	CDS		ATG	FF953_12515|CP040693_2574356_2574174_-3_ATG_60
CP040693	-2575989	TAG	FF953_12535	-2576444	456	CDS		GTG	FF953_12535|CP040693_2576444_2575989_-3_GTG_151
CP040693	-2576461	TGA	FF953_12540	-2576586	126	CDS		GTG	FF953_12540|CP040693_2576586_2576461_-2_GTG_41
CP040693	-2576973	TGA	FF953_12545	-2577137	165	CDS		GTG	FF953_12545|CP040693_2577137_2576973_-3_GTG_54
CP040693	-2579198	TGA	FF953_12570	-2580052	855	CDS		GTG	FF953_12570|CP040693_2580052_2579198_-1_GTG_284
CP040693	-2580063	TAG	FF953_12575	-2581436	1374	CDS		ATG	FF953_12575|CP040693_2581436_2580063_-3_ATG_457
CP040693	-2581433	TGA	FF953_12580	-2582950	1518	CDS		GTG	FF953_12580|CP040693_2582950_2581433_-1_GTG_505
CP040693	-2585994	TAG	FF953_12600	-2586503	510	CDS	true	TCG	FF953_12600_p|CP040693_2586503_2585994_-3_TCG_169
CP040693	-2586946	TAG	FF953_12610	-2587824	879	CDS		GTG	FF953_12610|CP040693_2587824_2586946_-2_GTG_292
CP040693	-2587821	TGA	FF953_12615	-2589251	1431	CDS		TTG	FF953_12615|CP040693_2589251_2587821_-3_TTG_476
CP040693	-2589252	TAA	FF953_12620	-2589797	546	CDS		ATG	FF953_12620|CP040693_2589797_2589252_-3_ATG_181
CP040693	-2589797	TGA	FF953_12625	-2590462	666	CDS		ATG	FF953_12625|CP040693_2590462_2589797_-1_ATG_221
CP040693	-2590459	TGA	FF953_12630	-2591367	909	CDS		ATG	FF953_12630|CP040693_2591367_2590459_-2_ATG_302
CP040693	-2592107	TAG	FF953_12640	-2592955	849	CDS		ATG	FF953_12640|CP040693_2592955_2592107_-1_ATG_282
CP040693	-2592952	TGA	FF953_12645	-2595045	2094	CDS		ATG	FF953_12645|CP040693_2595045_2592952_-2_ATG_697
CP040693	-2597012	TAA	FF953_12665	-2598559	1548	CDS		ATG	FF953_12665|CP040693_2598559_2597012_-1_ATG_515
CP040693	-2598793	TAG	FF953_12670	-2599320	528	CDS		GTG	FF953_12670|CP040693_2599320_2598793_-2_GTG_175
CP040693	-2601806	TGA	FF953_12690	-2603419	1614	CDS		ATG	FF953_12690|CP040693_2603419_2601806_-1_ATG_537
CP040693	-2606967	TAA	FF953_12710	-2608085	1119	CDS		ATG	FF953_12710|CP040693_2608085_2606967_-3_ATG_372
CP040693	-2608205	TAG	FF953_12715	-2609161	957	CDS		ATG	FF953_12715|CP040693_2609161_2608205_-1_ATG_318
CP040693	-2612764	TGA	FF953_12735	-2614005	1242	CDS		ATG	FF953_12735|CP040693_2614005_2612764_-2_ATG_413
CP040693	-2615630	TGA	FF953_12755	-2617549	1920	CDS		ATG	FF953_12755|CP040693_2617549_2615630_-1_ATG_639
CP040693	-2617554	TGA	FF953_12760	-2618849	1296	CDS		GTG	FF953_12760|CP040693_2618849_2617554_-3_GTG_431
CP040693	-2620985	TGA	FF953_12770	-2621269	285	CDS		ATG	FF953_12770|CP040693_2621269_2620985_-1_ATG_94
CP040693	-2621320	TAA	FF953_12775	-2621616	297	CDS		ATG	FF953_12775|CP040693_2621616_2621320_-2_ATG_98
CP040693	-2621751	TAG	FF953_12780	-2622077	327	CDS		GTG	FF953_12780|CP040693_2622077_2621751_-3_GTG_108
CP040693	-2622269	TAG	FF953_12785	-2623795	1527	CDS		ATG	FF953_12785|CP040693_2623795_2622269_-1_ATG_508
CP040693	-2623878	TGA	FF953_12790	-2625416	1539	CDS		ATG	FF953_12790|CP040693_2625416_2623878_-3_ATG_512
CP040693	-2625634	TGA	FF953_12795	-2627172	1539	CDS		ATG	FF953_12795|CP040693_2627172_2625634_-2_ATG_512
CP040693	-2628021	TAG	FF953_12800	-2629199	1179	CDS		ATG	FF953_12800|CP040693_2629199_2628021_-3_ATG_392
CP040693	-2631008	TAG	FF953_12810	-2632876	1869	CDS		GTG	FF953_12810|CP040693_2632876_2631008_-1_GTG_622
CP040693	-2633614	TAG	FF953_12820	-2635461	1848	CDS		GTG	FF953_12820|CP040693_2635461_2633614_-2_GTG_615
CP040693	-2635599	TAG	FF953_12825	-2636990	1392	CDS		GTG	FF953_12825|CP040693_2636990_2635599_-3_GTG_463
CP040693	-2638076	TAG	FF953_12840	-2638504	429	CDS		GTG	FF953_12840|CP040693_2638504_2638076_-1_GTG_142
CP040693	-2638504	TAG	FF953_12845	-2639394	891	CDS		GTG	FF953_12845|CP040693_2639394_2638504_-2_GTG_296
CP040693	-2639387	TAG	FF953_12850	-2640184	798	CDS		ATG	FF953_12850|CP040693_2640184_2639387_-1_ATG_265
CP040693	-2641697	TAG	FF953_12860	-2642599	903	CDS		ATG	FF953_12860|CP040693_2642599_2641697_-1_ATG_300
CP040693	-2642673	TGA	FF953_12865	-2643014	342	CDS		ATG	FF953_12865|CP040693_2643014_2642673_-3_ATG_113
CP040693	-2642986	TGA	FF953_12870	-2644293	1308	CDS		TTG	FF953_12870|CP040693_2644293_2642986_-2_TTG_435
CP040693	-2644290	TGA	FF953_12875	-2644823	534	CDS		ATG	FF953_12875|CP040693_2644823_2644290_-3_ATG_177
CP040693	-2644842	TGA	FF953_12880	-2645900	1059	CDS		GTG	FF953_12880|CP040693_2645900_2644842_-3_GTG_352
CP040693	-2645872	TGA	FF953_12885	-2646174	303	CDS		GTG	FF953_12885|CP040693_2646174_2645872_-2_GTG_100
CP040693	-2646171	TGA	FF953_12890	-2647484	1314	CDS		GTG	FF953_12890|CP040693_2647484_2646171_-3_GTG_437
CP040693	-2647963	TAG	FF953_12900	-2648751	789	CDS		ATG	FF953_12900|CP040693_2648751_2647963_-2_ATG_262
CP040693	-2648765	TAA	FF953_12905	-2649913	1149	CDS		GTG	FF953_12905|CP040693_2649913_2648765_-1_GTG_382
CP040693	-2649988	TGA	FF953_12910	-2651019	1032	CDS		ATG	FF953_12910|CP040693_2651019_2649988_-2_ATG_343
CP040693	-2651535	TGA	FF953_12920	-2652041	507	CDS		ATG	FF953_12920|CP040693_2652041_2651535_-3_ATG_168
CP040693	-2652141	TGA	FF953_12925	-2652356	216	CDS		GTG	FF953_12925|CP040693_2652356_2652141_-3_GTG_71
CP040693	-2652334	TGA	FF953_12930	-2653629	1296	CDS		ATG	FF953_12930|CP040693_2653629_2652334_-2_ATG_431
CP040693	-2653626	TGA	FF953_12935	-2658011	4386	CDS		ATG	FF953_12935|CP040693_2658011_2653626_-3_ATG_1461
CP040693	-2657993	TGA	FF953_12940	-2663188	5196	CDS		GTG	FF953_12940|CP040693_2663188_2657993_-1_GTG_1731
CP040693	-2663181	TAA	FF953_12945	-2666195	3015	CDS		ATG	FF953_12945|CP040693_2666195_2663181_-3_ATG_1004
CP040693	-2666195	TGA	FF953_12950	-2667529	1335	CDS		ATG	FF953_12950|CP040693_2667529_2666195_-1_ATG_444
CP040693	-2667519	TAA	FF953_12955	-2671763	4245	CDS		GTG	FF953_12955|CP040693_2671763_2667519_-3_GTG_1414
CP040693	-2674579	TAA	FF953_12970	-2675931	1353	CDS		GTG	FF953_12970|CP040693_2675931_2674579_-2_GTG_450
CP040693	-2677941	TAA	FF953_12985	-2679113	1173	CDS		ATG	FF953_12985|CP040693_2679113_2677941_-3_ATG_390
CP040693	-2679174	TGA	FF953_12990	-2679638	465	CDS		ATG	FF953_12990|CP040693_2679638_2679174_-3_ATG_154
CP040693	-2679635	TGA	FF953_12995	-2680192	558	CDS		ATG	FF953_12995|CP040693_2680192_2679635_-1_ATG_185
CP040693	-2689835	TGA	FF953_13040	-2690890	1056	CDS		ATG	FF953_13040|CP040693_2690890_2689835_-1_ATG_351
CP040693	-2690907	TGA	FF953_13045	-2691725	819	CDS		ATG	FF953_13045|CP040693_2691725_2690907_-3_ATG_272
CP040693	-2691722	TGA	FF953_13050	-2692573	852	CDS		ATG	FF953_13050|CP040693_2692573_2691722_-1_ATG_283
CP040693	-2692570	TGA	FF953_13055	-2693640	1071	CDS		ATG	FF953_13055|CP040693_2693640_2692570_-2_ATG_356
CP040693	-2693968	TAG	FF953_13065	-2694171	204	CDS		GTG	FF953_13065|CP040693_2694171_2693968_-2_GTG_67
CP040693	-2696461	TGA	FF953_13075	-2697216	756	CDS		GTG	FF953_13075|CP040693_2697216_2696461_-2_GTG_251
CP040693	-2697213	TGA	FF953_13080	-2699174	1962	CDS		GTG	FF953_13080|CP040693_2699174_2697213_-3_GTG_653
CP040693	-2699936	TGA	FF953_13090	-2700364	429	CDS		ATG	FF953_13090|CP040693_2700364_2699936_-1_ATG_142
CP040693	-2701434	TAG	FF953_13100	-2701652	219	CDS		GTG	FF953_13100|CP040693_2701652_2701434_-3_GTG_72
CP040693	-2702442	TAG	FF953_13115	-2703281	840	CDS		ATG	FF953_13115|CP040693_2703281_2702442_-3_ATG_279
CP040693	-2703281	TGA	FF953_13120	-2704258	978	CDS		ATG	FF953_13120|CP040693_2704258_2703281_-1_ATG_325
CP040693	-2704258	TGA	FF953_13125	-2705913	1656	CDS		ATG	FF953_13125|CP040693_2705913_2704258_-2_ATG_551
CP040693	-2706299	TGA	FF953_13135	-2707249	951	CDS		TTG	FF953_13135|CP040693_2707249_2706299_-1_TTG_316
CP040693	-2707280	TGA	FF953_13140	-2708824	1545	CDS		ATG	FF953_13140|CP040693_2708824_2707280_-1_ATG_514
CP040693	-2708839	TGA	FF953_13145	-2709732	894	CDS		ATG	FF953_13145|CP040693_2709732_2708839_-2_ATG_297
CP040693	-2710072	TGA	FF953_13150	-2711298	1227	CDS		ATG	FF953_13150|CP040693_2711298_2710072_-2_ATG_408
CP040693	-2711420	TAA	FF953_13155	-2712262	843	CDS		GTG	FF953_13155|CP040693_2712262_2711420_-1_GTG_280
CP040693	-2712343	TGA	FF953_13160	-2713086	744	CDS		ATG	FF953_13160|CP040693_2713086_2712343_-2_ATG_247
CP040693	-2713076	TAG	FF953_13165	-2713747	672	CDS		ATG	FF953_13165|CP040693_2713747_2713076_-1_ATG_223
CP040693	-2713744	TGA	FF953_13170	-2714124	381	CDS		ATG	FF953_13170|CP040693_2714124_2713744_-2_ATG_126
CP040693	-2714121	TGA	FF953_13175	-2714756	636	CDS		ATG	FF953_13175|CP040693_2714756_2714121_-3_ATG_211
CP040693	-2714792	TAA	FF953_13180	-2714995	204	CDS		ATG	FF953_13180|CP040693_2714995_2714792_-1_ATG_67
CP040693	-2716724	TGA	FF953_13195	-2717725	1002	CDS		GTG	FF953_13195|CP040693_2717725_2716724_-1_GTG_333
CP040693	-2717814	TAG	FF953_13200	-2719256	1443	CDS		GTG	FF953_13200|CP040693_2719256_2717814_-3_GTG_480
CP040693	-2719256	TAG	FF953_13205	-2720131	876	CDS		GTG	FF953_13205|CP040693_2720131_2719256_-1_GTG_291
CP040693	-2720158	TGA	FF953_13210	-2721405	1248	CDS		ATG	FF953_13210|CP040693_2721405_2720158_-2_ATG_415
CP040693	-2721488	TAG	FF953_13215	-2721793	306	CDS		CTG	FF953_13215|CP040693_2721793_2721488_-1_CTG_101
CP040693	-2721794	TGA	FF953_13220	-2721988	195	CDS		GTG	FF953_13220|CP040693_2721988_2721794_-1_GTG_64
CP040693	-2723264	TAG	FF953_13235	-2723848	585	CDS		ATG	FF953_13235|CP040693_2723848_2723264_-1_ATG_194
CP040693	-2723895	TAA	FF953_13240	-2724194	300	CDS		ATG	FF953_13240|CP040693_2724194_2723895_-3_ATG_99
CP040693	-2724365	TGA	FF953_13245	-2724775	411	CDS		ATG	FF953_13245|CP040693_2724775_2724365_-1_ATG_136
CP040693	-2724772	TGA	FF953_13250	-2725062	291	CDS		GTG	FF953_13250|CP040693_2725062_2724772_-2_GTG_96
CP040693	-2725043	TGA	FF953_13255	-2726274	1232	CDS	true	ATG	FF953_13255_p|CP040693_2726274_2725043_-2_ATG_410
CP040693	-2726271	TGA	FF953_13260	-2727989	1719	CDS	true	CTG	FF953_13260_p|CP040693_2727989_2726271_-3_CTG_572
CP040693	-2728033	TGA	FF953_13265	-2729294	1263	fCDS		ATG	FF953_13265_fCDS|CP040693_2729294_2728033_-3_ATG_420
CP040693	-2729345	CTT	FF953_13270	-2729821	477	CDS	true	TTG	FF953_13270_p|CP040693_2729821_2729345_-1_TTG_159
CP040693	-2729965	TGA	FF953_13275	-2730168	204	CDS		ATG	FF953_13275|CP040693_2730168_2729965_-2_ATG_67
CP040693	-2731271	TAA	FF953_13285	-2731474	204	CDS		TTG	FF953_13285|CP040693_2731474_2731271_-1_TTG_67
CP040693	-2731863	TAG	FF953_13295	-2733902	2040	CDS		ATG	FF953_13295|CP040693_2733902_2731863_-3_ATG_679
CP040693	-2734188	TAG	FF953_13300	-2735318	1131	CDS		ATG	FF953_13300|CP040693_2735318_2734188_-3_ATG_376
CP040693	-2735318	TGA	FF953_13305	-2736757	1440	CDS		GTG	FF953_13305|CP040693_2736757_2735318_-1_GTG_479
CP040693	-2736843	TGA	FF953_13310	-2737103	261	CDS		ATG	FF953_13310|CP040693_2737103_2736843_-3_ATG_86
CP040693	-2737118	TAA	FF953_13315	-2737429	312	CDS		ATG	FF953_13315|CP040693_2737429_2737118_-1_ATG_103
CP040693	-2737599	TGA	FF953_13320	-2737829	231	CDS		TTG	FF953_13320|CP040693_2737829_2737599_-3_TTG_76
CP040693	-2739194	TGA	FF953_13330	-2742055	2862	CDS		GTG	FF953_13330|CP040693_2742055_2739194_-1_GTG_953
CP040693	-2742385	TAG	FF953_13335	-2742795	411	CDS		GTG	FF953_13335|CP040693_2742795_2742385_-2_GTG_136
CP040693	-2742838	TGA	FF953_13340	-2743209	372	CDS		ATG	FF953_13340|CP040693_2743209_2742838_-2_ATG_123
CP040693	-2743206	TGA	FF953_13345	-2744669	1464	CDS		ATG	FF953_13345|CP040693_2744669_2743206_-3_ATG_487
CP040693	-2744666	TGA	FF953_13350	-2747296	2631	CDS		ATG	FF953_13350|CP040693_2747296_2744666_-1_ATG_876
CP040693	-2747384	TGA	FF953_13355	-2748643	1260	CDS		GTG	FF953_13355|CP040693_2748643_2747384_-1_GTG_419
CP040693	-2748733	TGA	FF953_13360	-2749251	519	CDS		TTG	FF953_13360|CP040693_2749251_2748733_-2_TTG_172
CP040693	-2749919	TGA	FF953_13370	-2750065	147	CDS		GTG	FF953_13370|CP040693_2750065_2749919_-1_GTG_48
CP040693	-2750089	TAA	FF953_13375	-2750694	606	CDS		GTG	FF953_13375|CP040693_2750694_2750089_-2_GTG_201
CP040693	-2750696	TGA	FF953_13380	-2751817	1122	CDS		ATG	FF953_13380|CP040693_2751817_2750696_-1_ATG_373
CP040693	-2751814	TGA	FF953_13385	-2753775	1962	CDS		GTG	FF953_13385|CP040693_2753775_2751814_-2_GTG_653
CP040693	-2754007	TGA	FF953_13390	-2755263	1257	CDS		ATG	FF953_13390|CP040693_2755263_2754007_-2_ATG_418
CP040693	-2755279	TAG	FF953_13395	-2756559	1281	CDS		ATG	FF953_13395|CP040693_2756559_2755279_-2_ATG_426
CP040693	-2759602	TGA	FF953_13410	-2760246	645	CDS		GTG	FF953_13410|CP040693_2760246_2759602_-2_GTG_214
CP040693	-2760243	TGA	FF953_13415	-2760845	603	CDS		GTG	FF953_13415|CP040693_2760845_2760243_-3_GTG_200
CP040693	-2760962	TGA	FF953_13420	-2762362	1401	CDS		GTG	FF953_13420|CP040693_2762362_2760962_-1_GTG_466
CP040693	-2763930	TGA	FF953_13440	-2764736	807	CDS		GTG	FF953_13440|CP040693_2764736_2763930_-3_GTG_268
CP040693	-2764742	TGA	FF953_13445	-2765230	489	CDS		ATG	FF953_13445|CP040693_2765230_2764742_-1_ATG_162
CP040693	-2765332	TAG	FF953_13450	-2765955	624	CDS		ATG	FF953_13450|CP040693_2765955_2765332_-2_ATG_207
CP040693	-2768715	TGA	FF953_13460	-2769218	504	CDS		ATG	FF953_13460|CP040693_2769218_2768715_-3_ATG_167
CP040693	-2769169	TGA	FF953_13465	-2769402	234	CDS		ATG	FF953_13465|CP040693_2769402_2769169_-2_ATG_77
CP040693	-2769438	TGA	FF953_13470	-2770106	669	CDS		ATG	FF953_13470|CP040693_2770106_2769438_-3_ATG_222
CP040693	-2773387	TGA	FF953_13495	-2774040	654	CDS		GTG	FF953_13495|CP040693_2774040_2773387_-2_GTG_217
CP040693	-2774046	TAG	FF953_13500	-2774462	417	CDS		GTG	FF953_13500|CP040693_2774462_2774046_-3_GTG_138
CP040693	-2774459	TGA	FF953_13505	-2779333	4875	CDS		ATG	FF953_13505|CP040693_2779333_2774459_-1_ATG_1624
CP040693	-2779437	TAA	FF953_13510	-2781113	1677	CDS		ATG	FF953_13510|CP040693_2781113_2779437_-3_ATG_558
CP040693	-2781194	TAG	FF953_13515	-2781700	507	CDS		ATG	FF953_13515|CP040693_2781700_2781194_-1_ATG_168
CP040693	-2782288	TAG	FF953_13525	-2782611	324	CDS		GTG	FF953_13525|CP040693_2782611_2782288_-2_GTG_107
CP040693	-2782627	TAA	FF953_13530	-2784996	2370	CDS		GTG	FF953_13530|CP040693_2784996_2782627_-2_GTG_789
CP040693	-2784993	TGA	FF953_13535	-2786735	1743	CDS		ATG	FF953_13535|CP040693_2786735_2784993_-3_ATG_580
CP040693	-2786732	TGA	FF953_13540	-2788207	1476	CDS		ATG	FF953_13540|CP040693_2788207_2786732_-1_ATG_491
CP040693	-2788436	TGA	FF953_13545	-2789701	1266	CDS		ATG	FF953_13545|CP040693_2789701_2788436_-1_ATG_421
CP040693	-2791014	TAG	FF953_13560	-2793098	2085	CDS		GTG	FF953_13560|CP040693_2793098_2791014_-3_GTG_694
CP040693	-2793180	TAG	FF953_13565	-2796593	3414	CDS		ATG	FF953_13565|CP040693_2796593_2793180_-3_ATG_1137
CP040693	-2796559	TAG	FF953_13570	-2796858	300	CDS		TTG	FF953_13570|CP040693_2796858_2796559_-2_TTG_99
CP040693	-2796967	TAG	FF953_13575	-2801946	4980	CDS		ATG	FF953_13575|CP040693_2801946_2796967_-2_ATG_1659
CP040693	-2802033	TAG	FF953_13580	-2802239	207	CDS		GTG	FF953_13580|CP040693_2802239_2802033_-3_GTG_68
CP040693	-2804468	TAG	FF953_13605	-2805649	1182	CDS		ATG	FF953_13605|CP040693_2805649_2804468_-1_ATG_393
CP040693	-2805646	TGA	FF953_13610	-2806692	1047	CDS		ATG	FF953_13610|CP040693_2806692_2805646_-2_ATG_348
CP040693	-2806703	TGA	FF953_13615	-2807806	1104	CDS		ATG	FF953_13615|CP040693_2807806_2806703_-1_ATG_367
CP040693	-2808065	TGA	FF953_13620	-2808886	822	CDS		ATG	FF953_13620|CP040693_2808886_2808065_-1_ATG_273
CP040693	-2808883	TGA	FF953_13625	-2809440	558	CDS		GTG	FF953_13625|CP040693_2809440_2808883_-2_GTG_185
CP040693	-2809437	TGA	FF953_13630	-2810621	1185	CDS		ATG	FF953_13630|CP040693_2810621_2809437_-3_ATG_394
CP040693	-2810626	TAG	FF953_13635	-2812590	1965	CDS		ATG	FF953_13635|CP040693_2812590_2810626_-2_ATG_654
CP040693	-2812595	TGA	FF953_13640	-2814184	1590	CDS		GTG	FF953_13640|CP040693_2814184_2812595_-1_GTG_529
CP040693	-2814181	TGA	FF953_13645	-2814837	657	CDS		ATG	FF953_13645|CP040693_2814837_2814181_-2_ATG_218
CP040693	-2814834	TGA	FF953_13650	-2815580	747	CDS		ATG	FF953_13650|CP040693_2815580_2814834_-3_ATG_248
CP040693	-2815663	TGA	FF953_13655	-2817306	1644	CDS		GTG	FF953_13655|CP040693_2817306_2815663_-2_GTG_547
CP040693	-2818966	TAG	FF953_13670	-2820303	1338	CDS		ATG	FF953_13670|CP040693_2820303_2818966_-2_ATG_445
CP040693	-2821198	TGA	FF953_13680	-2822799	1602	CDS		ATG	FF953_13680|CP040693_2822799_2821198_-2_ATG_533
CP040693	-2824266	TAG	FF953_13700	-2825513	1248	CDS		ATG	FF953_13700|CP040693_2825513_2824266_-3_ATG_415
CP040693	-2826587	TGA	FF953_13725	-2827048	462	CDS		GTG	FF953_13725|CP040693_2827048_2826587_-1_GTG_153
CP040693	-2827054	TAA	FF953_13730	-2828301	1248	CDS		GTG	FF953_13730|CP040693_2828301_2827054_-2_GTG_415
CP040693	-2828420	TAG	FF953_13735	-2829223	804	CDS		GTG	FF953_13735|CP040693_2829223_2828420_-1_GTG_267
CP040693	-2829220	TGA	FF953_13740	-2829471	252	CDS		GTG	FF953_13740|CP040693_2829471_2829220_-2_GTG_83
CP040693	-2829413	TGA	FF953_13745	-2829652	240	CDS		GTG	FF953_13745|CP040693_2829652_2829413_-1_GTG_79
CP040693	-2829819	TAA	FF953_13750	-2831045	1227	CDS		ATG	FF953_13750|CP040693_2831045_2829819_-3_ATG_408
CP040693	-2833098	TGA	FF953_13765	-2833325	228	CDS		GTG	FF953_13765|CP040693_2833325_2833098_-3_GTG_75
CP040693	-2833839	TAG	FF953_13775	-2835251	1413	CDS		GTG	FF953_13775|CP040693_2835251_2833839_-3_GTG_470
CP040693	-2835248	TGA	FF953_13780	-2835640	393	CDS		ATG	FF953_13780|CP040693_2835640_2835248_-1_ATG_130
CP040693	-2835833	TGA	FF953_13785	-2845042	9210	CDS		GTG	FF953_13785|CP040693_2845042_2835833_-1_GTG_3069
CP040693	-2845562	TAG	FF953_13795	-2846284	723	CDS		ATG	FF953_13795|CP040693_2846284_2845562_-1_ATG_240
CP040693	-2847456	TAA	FF953_13815	-2848376	921	CDS		ATG	FF953_13815|CP040693_2848376_2847456_-3_ATG_306
CP040693	-2849972	TAG	FF953_13825	-2850391	420	CDS		GTG	FF953_13825|CP040693_2850391_2849972_-1_GTG_139
CP040693	-2850388	TGA	FF953_13830	-2850612	225	CDS		ATG	FF953_13830|CP040693_2850612_2850388_-2_ATG_74
CP040693	-2850643	TGA	FF953_13835	-2853486	2844	CDS		ATG	FF953_13835|CP040693_2853486_2850643_-2_ATG_947
CP040693	-2853558	TGA	FF953_13840	-2853959	402	CDS		ATG	FF953_13840|CP040693_2853959_2853558_-3_ATG_133
CP040693	-2853959	TGA	FF953_13845	-2854429	471	CDS		ATG	FF953_13845|CP040693_2854429_2853959_-1_ATG_156
CP040693	-2854432	TGA	FF953_13850	-2854995	564	CDS		GTG	FF953_13850|CP040693_2854995_2854432_-2_GTG_187
CP040693	-2855005	TAG	FF953_13855	-2856123	1119	CDS		GTG	FF953_13855|CP040693_2856123_2855005_-2_GTG_372
CP040693	-2856853	TGA	FF953_13865	-2857296	444	CDS		ATG	FF953_13865|CP040693_2857296_2856853_-2_ATG_147
CP040693	-2857293	TGA	FF953_13870	-2858381	1089	CDS		ATG	FF953_13870|CP040693_2858381_2857293_-3_ATG_362
CP040693	-2858378	TGA	FF953_13875	-2858908	531	CDS		ATG	FF953_13875|CP040693_2858908_2858378_-1_ATG_176
CP040693	-2858912	TAA	FF953_13880	-2860117	1206	CDS		GTG	FF953_13880|CP040693_2860117_2858912_-1_GTG_401
CP040693	-2861958	TGA	FF953_13895	-2862185	228	CDS		GTG	FF953_13895|CP040693_2862185_2861958_-3_GTG_75
CP040693	-2864957	TGA	FF953_13930	-2865331	375	CDS		GTG	FF953_13930|CP040693_2865331_2864957_-1_GTG_124
CP040693	-2865431	TAG	FF953_13935	-2865826	396	CDS		ATG	FF953_13935|CP040693_2865826_2865431_-1_ATG_131
CP040693	-2865823	TGA	FF953_13940	-2866068	246	CDS		ATG	FF953_13940|CP040693_2866068_2865823_-2_ATG_81
CP040693	-2866186	TAG	FF953_13945	-2866395	210	CDS		TTG	FF953_13945|CP040693_2866395_2866186_-2_TTG_69
CP040693	-2866479	TGA	FF953_13950	-2866898	420	CDS		ATG	FF953_13950|CP040693_2866898_2866479_-3_ATG_139
CP040693	-2866910	TAG	FF953_13955	-2867719	810	CDS		ATG	FF953_13955|CP040693_2867719_2866910_-1_ATG_269
CP040693	-2867716	TGA	FF953_13960	-2868969	1254	CDS		ATG	FF953_13960|CP040693_2868969_2867716_-2_ATG_417
CP040693	-2868962	TGA	FF953_13965	-2869474	513	CDS		GTG	FF953_13965|CP040693_2869474_2868962_-1_GTG_170
CP040693	-2869475	TGA	FF953_13970	-2872189	2715	CDS		GTG	FF953_13970|CP040693_2872189_2869475_-1_GTG_904
CP040693	-2872280	TGA	FF953_13975	-2872669	390	CDS		GTG	FF953_13975|CP040693_2872669_2872280_-1_GTG_129
CP040693	-2874275	TGA	FF953_13990	-2875633	1359	CDS		ATG	FF953_13990|CP040693_2875633_2874275_-1_ATG_452
CP040693	-2876669	TAG	FF953_14000	-2876992	324	CDS		GTG	FF953_14000|CP040693_2876992_2876669_-1_GTG_107
CP040693	-2877011	TAA	FF953_14005	-2877199	189	CDS		GTG	FF953_14005|CP040693_2877199_2877011_-1_GTG_62
CP040693	-2888149	TAG	FF953_14040	-2889174	1026	CDS		ATG	FF953_14040|CP040693_2889174_2888149_-2_ATG_341
CP040693	-2889167	TGA	FF953_14045	-2890111	945	CDS		TTG	FF953_14045|CP040693_2890111_2889167_-1_TTG_314
CP040693	-2890596	TGA	FF953_14055	-2891663	1068	CDS		ATG	FF953_14055|CP040693_2891663_2890596_-3_ATG_355
CP040693	-2891716	TGA	FF953_14060	-2893506	1791	CDS		GTG	FF953_14060|CP040693_2893506_2891716_-2_GTG_596
CP040693	-2895929	TAA	FF953_14080	-2896393	465	CDS		GTG	FF953_14080|CP040693_2896393_2895929_-1_GTG_154
CP040693	-2898212	TGA	FF953_14090	-2899234	1023	CDS		ATG	FF953_14090|CP040693_2899234_2898212_-1_ATG_340
CP040693	-2900524	TAG	FF953_14100	-2901795	1272	CDS		GTG	FF953_14100|CP040693_2901795_2900524_-2_GTG_423
CP040693	-2901792	TGA	FF953_14105	-2902466	675	CDS		GTG	FF953_14105|CP040693_2902466_2901792_-3_GTG_224
CP040693	-2903529	TAG	FF953_14115	-2905901	2373	CDS		GTG	FF953_14115|CP040693_2905901_2903529_-3_GTG_790
CP040693	-2905932	TGA	FF953_14120	-2906603	672	CDS		GTG	FF953_14120|CP040693_2906603_2905932_-3_GTG_223
CP040693	-2906707	TGA	FF953_14125	-2908380	1674	CDS		GTG	FF953_14125|CP040693_2908380_2906707_-2_GTG_557
CP040693	-2908386	TAG	FF953_14130	-2909714	1329	CDS		ATG	FF953_14130|CP040693_2909714_2908386_-3_ATG_442
CP040693	-2909718	TAG	FF953_14135	-2911439	1722	CDS		GTG	FF953_14135|CP040693_2911439_2909718_-3_GTG_573
CP040693	-2911549	TGA	FF953_14140	-2911896	348	CDS		ATG	FF953_14140|CP040693_2911896_2911549_-2_ATG_115
CP040693	-2911925	TGA	FF953_14145	-2912134	210	CDS		GTG	FF953_14145|CP040693_2912134_2911925_-1_GTG_69
CP040693	-2918902	TAG	FF953_14165	-2919936	1035	CDS		ATG	FF953_14165|CP040693_2919936_2918902_-2_ATG_344
CP040693	-2919933	TGA	FF953_14170	-2920523	591	CDS		ATG	FF953_14170|CP040693_2920523_2919933_-3_ATG_196
CP040693	-2920520	TGA	FF953_14175	-2921086	567	CDS		GTG	FF953_14175|CP040693_2921086_2920520_-1_GTG_188
CP040693	-2926508	TGA	FF953_14225	-2927263	756	CDS		ATG	FF953_14225|CP040693_2927263_2926508_-1_ATG_251
CP040693	-2927396	TGA	FF953_14230	-2927992	597	CDS		GTG	FF953_14230|CP040693_2927992_2927396_-1_GTG_198
CP040693	-2928000	TGA	FF953_14235	-2928845	846	CDS		GTG	FF953_14235|CP040693_2928845_2928000_-3_GTG_281
CP040693	-2928874	TGA	FF953_14240	-2929773	900	CDS		ATG	FF953_14240|CP040693_2929773_2928874_-2_ATG_299
CP040693	-2932513	TGA	FF953_14255	-2933568	1056	CDS		ATG	FF953_14255|CP040693_2933568_2932513_-2_ATG_351
CP040693	-2933568	TGA	FF953_14260	-2934704	1137	CDS		ATG	FF953_14260|CP040693_2934704_2933568_-3_ATG_378
CP040693	-2934715	TGA	FF953_14265	-2935665	951	CDS		GTG	FF953_14265|CP040693_2935665_2934715_-2_GTG_316
CP040693	-2935662	TGA	FF953_14270	-2936315	654	CDS		ATG	FF953_14270|CP040693_2936315_2935662_-3_ATG_217
CP040693	-2936312	TGA	FF953_14275	-2936899	588	CDS		GTG	FF953_14275|CP040693_2936899_2936312_-1_GTG_195
CP040693	-2936892	TGA	FF953_14280	-2938970	2079	CDS		ATG	FF953_14280|CP040693_2938970_2936892_-3_ATG_692
CP040693	-2939303	TAA	FF953_14290	-2940688	1386	CDS		ATG	FF953_14290|CP040693_2940688_2939303_-1_ATG_461
CP040693	-2941550	TAA	FF953_14300	-2941990	441	CDS		ATG	FF953_14300|CP040693_2941990_2941550_-1_ATG_146
CP040693	-2942799	TGA	FF953_14310	-2943152	354	CDS		ATG	FF953_14310|CP040693_2943152_2942799_-3_ATG_117
CP040693	-2943165	TGA	FF953_14315	-2943590	426	CDS		GTG	FF953_14315|CP040693_2943590_2943165_-3_GTG_141
CP040693	-2943587	TGA	FF953_14320	-2944261	675	CDS		ATG	FF953_14320|CP040693_2944261_2943587_-1_ATG_224
CP040693	-2946192	TGA	FF953_14335	-2947010	819	CDS		ATG	FF953_14335|CP040693_2947010_2946192_-3_ATG_272
CP040693	-2947025	TGA	FF953_14340	-2948206	1182	CDS		ATG	FF953_14340|CP040693_2948206_2947025_-1_ATG_393
CP040693	-2948265	TAG	FF953_14345	-2948696	432	CDS		ATG	FF953_14345|CP040693_2948696_2948265_-3_ATG_143
CP040693	-2949210	TAA	FF953_14350	-2950451	1242	CDS		ATG	FF953_14350|CP040693_2950451_2949210_-3_ATG_413
CP040693	-2954612	TGA	FF953_14375	-2954893	282	CDS		ATG	FF953_14375|CP040693_2954893_2954612_-1_ATG_93
CP040693	-2955038	TAG	FF953_14380	-2955523	486	CDS		GTG	FF953_14380|CP040693_2955523_2955038_-1_GTG_161
CP040693	-2955550	TGA	FF953_14385	-2955807	258	CDS		TTG	FF953_14385|CP040693_2955807_2955550_-2_TTG_85
CP040693	-2955808	TAG	FF953_14390	-2958144	2337	CDS		ATG	FF953_14390|CP040693_2958144_2955808_-2_ATG_778
CP040693	-2960729	TGA	FF953_14415	-2961061	333	CDS		ATG	FF953_14415|CP040693_2961061_2960729_-1_ATG_110
CP040693	-2961181	TGA	FF953_14420	-2961540	360	CDS		ATG	FF953_14420|CP040693_2961540_2961181_-2_ATG_119
CP040693	-2968140	TAG	FF953_14490	-2969579	1440	CDS		ATG	FF953_14490|CP040693_2969579_2968140_-3_ATG_479
CP040693	-2969587	TAA	FF953_14495	-2970120	534	CDS		TTG	FF953_14495|CP040693_2970120_2969587_-2_TTG_177
CP040693	-2970273	TGA	FF953_14500	-2970899	627	CDS		TTG	FF953_14500|CP040693_2970899_2970273_-3_TTG_208
CP040693	-2970931	TGA	FF953_14505	-2971254	324	CDS		TTG	FF953_14505|CP040693_2971254_2970931_-2_TTG_107
CP040693	-2971334	TGA	FF953_14510	-2971579	246	CDS		ATG	FF953_14510|CP040693_2971579_2971334_-1_ATG_81
CP040693	-2971576	TGA	FF953_14515	-2973003	1428	CDS		ATG	FF953_14515|CP040693_2973003_2971576_-2_ATG_475
CP040693	-2973005	TGA	FF953_14520	-2973397	393	CDS		ATG	FF953_14520|CP040693_2973397_2973005_-1_ATG_130
CP040693	-2973394	TGA	FF953_14525	-2973654	261	CDS		ATG	FF953_14525|CP040693_2973654_2973394_-2_ATG_86
CP040693	-2973671	TAA	FF953_14530	-2974033	363	CDS		ATG	FF953_14530|CP040693_2974033_2973671_-1_ATG_120
CP040693	-2974036	TGA	FF953_14535	-2975163	1128	CDS		GTG	FF953_14535|CP040693_2975163_2974036_-2_GTG_375
CP040693	-2975308	TAG	FF953_14540	-2975535	228	CDS		GTG	FF953_14540|CP040693_2975535_2975308_-2_GTG_75
CP040693	-2975532	TGA	FF953_14545	-2975921	390	CDS		ATG	FF953_14545|CP040693_2975921_2975532_-3_ATG_129
CP040693	-2976693	TAG	FF953_14565	-2976866	174	CDS		GTG	FF953_14565|CP040693_2976866_2976693_-3_GTG_57
CP040693	-2977282	CGC	FF953_14575	-2977416	135	CDS	true	TTG	FF953_14575_p|CP040693_2977416_2977282_-2_TTG_45
CP040693	-2980076	TGA	FF953_14600	-2981185	1110	CDS		ATG	FF953_14600|CP040693_2981185_2980076_-1_ATG_369
CP040693	-2984853	TAG	FF953_14620	-2985032	180	CDS		ATG	FF953_14620|CP040693_2985032_2984853_-3_ATG_59
CP040693	-2985584	TGA	FF953_14630	-2986336	753	CDS		ATG	FF953_14630|CP040693_2986336_2985584_-1_ATG_250
CP040693	-2986333	TGA	FF953_14635	-2987028	696	CDS		ATG	FF953_14635|CP040693_2987028_2986333_-2_ATG_231
CP040693	-2987034	TAG	FF953_14640	-2988392	1359	CDS		ATG	FF953_14640|CP040693_2988392_2987034_-3_ATG_452
CP040693	-2988389	TGA	FF953_14645	-2989462	1074	CDS		ATG	FF953_14645|CP040693_2989462_2988389_-1_ATG_357
CP040693	-2992656	TAA	FF953_14670	-2994572	1917	CDS		ATG	FF953_14670|CP040693_2994572_2992656_-3_ATG_638
CP040693	-2997884	TGA	FF953_14695	-2998642	759	CDS		GTG	FF953_14695|CP040693_2998642_2997884_-1_GTG_252
CP040693	-2998639	TGA	FF953_14700	-2999352	714	CDS		ATG	FF953_14700|CP040693_2999352_2998639_-2_ATG_237
CP040693	-2999349	TGA	FF953_14705	-3000254	906	CDS		ATG	FF953_14705|CP040693_3000254_2999349_-3_ATG_301
CP040693	-3000449	TAG	FF953_14710	-3001666	1218	CDS		GTG	FF953_14710|CP040693_3001666_3000449_-1_GTG_405
CP040693	-3001840	TGA	FF953_14720	-3003813	1974	CDS		GTG	FF953_14720|CP040693_3003813_3001840_-2_GTG_657
CP040693	-3005301	TAG	FF953_14735	-3005972	672	CDS		GTG	FF953_14735|CP040693_3005972_3005301_-3_GTG_223
CP040693	-3006003	TGA	FF953_14740	-3006371	369	CDS		ATG	FF953_14740|CP040693_3006371_3006003_-3_ATG_122
CP040693	-3007433	TAG	FF953_14750	-3008212	780	CDS		ATG	FF953_14750|CP040693_3008212_3007433_-1_ATG_259
CP040693	-3008287	TGA	FF953_14755	-3008751	465	CDS		GTG	FF953_14755|CP040693_3008751_3008287_-2_GTG_154
CP040693	-3009267	TGA	FF953_14765	-3009569	303	CDS		ATG	FF953_14765|CP040693_3009569_3009267_-3_ATG_100
CP040693	-3010467	TGA	FF953_14775	-3011339	873	CDS		GTG	FF953_14775|CP040693_3011339_3010467_-3_GTG_290
CP040693	-3014418	TAG	FF953_14795	-3014807	390	CDS		GTG	FF953_14795|CP040693_3014807_3014418_-3_GTG_129
CP040693	-3014804	TGA	FF953_14800	-3015061	258	CDS		GTG	FF953_14800|CP040693_3015061_3014804_-1_GTG_85
CP040693	-3016152	TGA	FF953_14810	-3016400	249	CDS		ATG	FF953_14810|CP040693_3016400_3016152_-3_ATG_82
CP040693	-3018865	TAG	FF953_14830	-3019923	1059	CDS		ATG	FF953_14830|CP040693_3019923_3018865_-2_ATG_352
CP040693	-3024462	TGA	FF953_14855	-3024956	495	CDS		ATG	FF953_14855|CP040693_3024956_3024462_-3_ATG_164
CP040693	-3025008	TGA	FF953_14860	-3025472	465	CDS		ATG	FF953_14860|CP040693_3025472_3025008_-3_ATG_154
CP040693	-3025635	TGA	FF953_14865	-3026132	498	CDS		ATG	FF953_14865|CP040693_3026132_3025635_-3_ATG_165
CP040693	-3027115	TGA	FF953_14875	-3029214	2100	CDS		GTG	FF953_14875|CP040693_3029214_3027115_-2_GTG_699
CP040693	-3030726	TAG	FF953_14890	-3031886	1161	CDS		ATG	FF953_14890|CP040693_3031886_3030726_-3_ATG_386
CP040693	-3032022	TAA	FF953_14895	-3033509	1488	CDS		ATG	FF953_14895|CP040693_3033509_3032022_-3_ATG_495
CP040693	-3033526	TGA	FF953_14900	-3034395	870	CDS		ATG	FF953_14900|CP040693_3034395_3033526_-2_ATG_289
CP040693	-3034420	TGA	FF953_14905	-3035364	945	CDS		GTG	FF953_14905|CP040693_3035364_3034420_-2_GTG_314
CP040693	-3035361	TGA	FF953_14910	-3036056	696	CDS		GTG	FF953_14910|CP040693_3036056_3035361_-3_GTG_231
CP040693	-3036165	TGA	FF953_14915	-3037070	906	CDS		ATG	FF953_14915|CP040693_3037070_3036165_-3_ATG_301
CP040693	-3038970	TAG	FF953_14930	-3039584	615	CDS		ATG	FF953_14930|CP040693_3039584_3038970_-3_ATG_204
CP040693	-3039581	TGA	FF953_14935	-3041119	1539	CDS		ATG	FF953_14935|CP040693_3041119_3039581_-1_ATG_512
CP040693	-3042155	TAA	FF953_14950	-3043147	993	CDS		ATG	FF953_14950|CP040693_3043147_3042155_-1_ATG_330
CP040693	-3043157	TAA	FF953_14955	-3043681	525	CDS		ATG	FF953_14955|CP040693_3043681_3043157_-1_ATG_174
CP040693	-3043647	TGA	FF953_14960	-3046019	2373	CDS		ATG	FF953_14960|CP040693_3046019_3043647_-3_ATG_790
CP040693	-3046401	TGA	FF953_14970	-3046607	207	CDS		ATG	FF953_14970|CP040693_3046607_3046401_-3_ATG_68
CP040693	-3046618	TAG	FF953_14975	-3047784	1167	CDS		ATG	FF953_14975|CP040693_3047784_3046618_-2_ATG_388
CP040693	-3050110	TGA	FF953_14995	-3050943	834	CDS		GTG	FF953_14995|CP040693_3050943_3050110_-2_GTG_277
CP040693	-3051015	TAG	FF953_15000	-3051827	813	CDS		ATG	FF953_15000|CP040693_3051827_3051015_-3_ATG_270
CP040693	-3051846	TAG	FF953_15005	-3052658	813	CDS		ATG	FF953_15005|CP040693_3052658_3051846_-3_ATG_270
CP040693	-3052788	TAA	FF953_15010	-3053126	339	CDS		ATG	FF953_15010|CP040693_3053126_3052788_-3_ATG_112
CP040693	-3053197	TGA	FF953_15015	-3053826	630	CDS		ATG	FF953_15015|CP040693_3053826_3053197_-2_ATG_209
CP040693	-3054450	TAG	FF953_15025	-3057101	2652	CDS		ATG	FF953_15025|CP040693_3057101_3054450_-3_ATG_883
CP040693	-3059110	TAA	FF953_15045	-3060786	1677	CDS		GTG	FF953_15045|CP040693_3060786_3059110_-2_GTG_558
CP040693	-3060817	TGA	FF953_15050	-3061719	903	CDS		GTG	FF953_15050|CP040693_3061719_3060817_-2_GTG_300
CP040693	-3061788	TGA	FF953_15055	-3062540	753	CDS		GTG	FF953_15055|CP040693_3062540_3061788_-3_GTG_250
CP040693	-3062784	TAG	FF953_15060	-3063059	276	CDS		ATG	FF953_15060|CP040693_3063059_3062784_-3_ATG_91
CP040693	-3063056	TGA	FF953_15065	-3064678	1623	CDS		ATG	FF953_15065|CP040693_3064678_3063056_-1_ATG_540
CP040693	-3064765	TGA	FF953_15070	-3065181	417	CDS		ATG	FF953_15070|CP040693_3065181_3064765_-2_ATG_138
CP040693	-3065178	TGA	FF953_15075	-3065444	267	CDS		ATG	FF953_15075|CP040693_3065444_3065178_-3_ATG_88
CP040693	-3065470	TGA	FF953_15080	-3065865	396	CDS		GTG	FF953_15080|CP040693_3065865_3065470_-2_GTG_131
CP040693	-3065862	TGA	FF953_15085	-3066131	270	CDS		ATG	FF953_15085|CP040693_3066131_3065862_-3_ATG_89
CP040693	-3066141	TAG	FF953_15090	-3067235	1095	CDS		ATG	FF953_15090|CP040693_3067235_3066141_-3_ATG_364
CP040693	-3067232	TGA	FF953_15095	-3067651	420	CDS		ATG	FF953_15095|CP040693_3067651_3067232_-1_ATG_139
CP040693	-3067725	TGA	FF953_15100	-3068204	480	CDS		ATG	FF953_15100|CP040693_3068204_3067725_-3_ATG_159
CP040693	-3068275	TGA	FF953_15105	-3069075	801	CDS		GTG	FF953_15105|CP040693_3069075_3068275_-2_GTG_266
CP040693	-3070183	TGA	FF953_15115	-3070965	783	CDS		ATG	FF953_15115|CP040693_3070965_3070183_-2_ATG_260
CP040693	-3070962	TGA	FF953_15120	-3071315	354	CDS		ATG	FF953_15120|CP040693_3071315_3070962_-3_ATG_117
CP040693	-3071198	TAA	FF953_15125	-3071488	291	CDS		TTG	FF953_15125|CP040693_3071488_3071198_-1_TTG_96
CP040693	-3071489	TGA	FF953_15130	-3072673	1185	CDS		ATG	FF953_15130|CP040693_3072673_3071489_-1_ATG_394
CP040693	-3072753	TAG	FF953_15135	-3073580	828	CDS		ATG	FF953_15135|CP040693_3073580_3072753_-3_ATG_275
CP040693	-3073904	TGA	FF953_15140	-3075052	1149	CDS		GTG	FF953_15140|CP040693_3075052_3073904_-1_GTG_382
CP040693	-3075176	TGA	FF953_15145	-3075628	453	CDS		GTG	FF953_15145|CP040693_3075628_3075176_-1_GTG_150
CP040693	-3075714	TGA	FF953_15150	-3076187	474	CDS		ATG	FF953_15150|CP040693_3076187_3075714_-3_ATG_157
CP040693	-3076199	TGA	FF953_15155	-3076936	738	CDS		ATG	FF953_15155|CP040693_3076936_3076199_-1_ATG_245
CP040693	-3076947	TAG	FF953_15160	-3077351	405	CDS		GTG	FF953_15160|CP040693_3077351_3076947_-3_GTG_134
CP040693	-3077969	TGA	FF953_15170	-3078898	930	CDS		GTG	FF953_15170|CP040693_3078898_3077969_-1_GTG_309
CP040693	-3079080	TGA	FF953_15175	-3080150	1071	CDS		GTG	FF953_15175|CP040693_3080150_3079080_-3_GTG_356
CP040693	-3080308	TAG	FF953_15180	-3080778	471	CDS		ATG	FF953_15180|CP040693_3080778_3080308_-2_ATG_156
CP040693	-3080810	TAG	FF953_15185	-3081349	540	CDS		ATG	FF953_15185|CP040693_3081349_3080810_-1_ATG_179
CP040693	-3082545	TAA	FF953_15195	-3083579	1035	CDS		ATG	FF953_15195|CP040693_3083579_3082545_-3_ATG_344
CP040693	-3083640	TAG	FF953_15200	-3084956	1317	CDS		ATG	FF953_15200|CP040693_3084956_3083640_-3_ATG_438
CP040693	-3084934	TGA	FF953_15205	-3087192	2259	CDS		ATG	FF953_15205|CP040693_3087192_3084934_-2_ATG_752
CP040693	-3087546	TGA	FF953_15210	-3088061	516	CDS		ATG	FF953_15210|CP040693_3088061_3087546_-3_ATG_171
CP040693	-3088074	TGA	FF953_15215	-3088343	270	CDS		GTG	FF953_15215|CP040693_3088343_3088074_-3_GTG_89
CP040693	-3088500	TGA	FF953_15220	-3089495	996	CDS		GTG	FF953_15220|CP040693_3089495_3088500_-3_GTG_331
CP040693	-3092301	TAA	FF953_15235	-3093533	1233	CDS		ATG	FF953_15235|CP040693_3093533_3092301_-3_ATG_410
CP040693	-3093559	TGA	FF953_15240	-3094764	1206	CDS		ATG	FF953_15240|CP040693_3094764_3093559_-2_ATG_401
CP040693	-3094797	TGA	FF953_15245	-3096176	1380	CDS		ATG	FF953_15245|CP040693_3096176_3094797_-3_ATG_459
CP040693	-3096176	TGA	FF953_15250	-3096757	582	CDS		ATG	FF953_15250|CP040693_3096757_3096176_-1_ATG_193
CP040693	-3096959	TAG	FF953_15255	-3097855	897	CDS		ATG	FF953_15255|CP040693_3097855_3096959_-1_ATG_298
CP040693	-3097852	TGA	FF953_15260	-3098535	684	CDS		ATG	FF953_15260|CP040693_3098535_3097852_-2_ATG_227
CP040693	-3098532	TGA	FF953_15265	-3099506	975	CDS		GTG	FF953_15265|CP040693_3099506_3098532_-3_GTG_324
CP040693	-3099651	TAG	FF953_15270	-3100214	564	CDS		ATG	FF953_15270|CP040693_3100214_3099651_-3_ATG_187
CP040693	-3100214	TGA	FF953_15275	-3101902	1689	CDS		GTG	FF953_15275|CP040693_3101902_3100214_-1_GTG_562
CP040693	-3101906	TGA	FF953_15280	-3102232	327	CDS		GTG	FF953_15280|CP040693_3102232_3101906_-1_GTG_108
CP040693	-3104762	TAG	FF953_15295	-3105118	357	CDS		GTG	FF953_15295|CP040693_3105118_3104762_-1_GTG_118
CP040693	-3105102	TGA	FF953_15300	-3105332	231	CDS		GTG	FF953_15300|CP040693_3105332_3105102_-3_GTG_76
CP040693	-3105375	TGA	FF953_15305	-3106418	1044	CDS		ATG	FF953_15305|CP040693_3106418_3105375_-3_ATG_347
CP040693	-3110336	TGA	FF953_15345	-3110608	273	CDS	true	CGG	FF953_15345_p|CP040693_3110608_3110336_-1_CGG_90
CP040693	-3116259	GAA	FF953_15370	-3116603	345	CDS	true	ATG	FF953_15370_p|CP040693_3116603_3116259_-3_ATG_115
CP040693	-3116584	TAG	FF953_15375	-3117294	711	CDS		ATG	FF953_15375|CP040693_3117294_3116584_-2_ATG_236
CP040693	-3117304	TGA	FF953_15380	-3117678	375	CDS		ATG	FF953_15380|CP040693_3117678_3117304_-2_ATG_124
CP040693	-3117675	TGA	FF953_15385	-3120113	2439	CDS		ATG	FF953_15385|CP040693_3120113_3117675_-3_ATG_812
CP040693	-3120110	TGA	FF953_15390	-3121054	945	CDS		TTG	FF953_15390|CP040693_3121054_3120110_-1_TTG_314
CP040693	-3121232	TGA	FF953_15395	-3121777	546	CDS		GTG	FF953_15395|CP040693_3121777_3121232_-1_GTG_181
CP040693	-3122049	TGA	FF953_15400	-3122933	885	CDS		GTG	FF953_15400|CP040693_3122933_3122049_-3_GTG_294
CP040693	-3122936	TGA	FF953_15405	-3123823	888	CDS		GTG	FF953_15405|CP040693_3123823_3122936_-1_GTG_295
CP040693	-3124128	TGA	FF953_15410	-3124673	546	CDS		GTG	FF953_15410|CP040693_3124673_3124128_-3_GTG_181
CP040693	-3124670	TGA	FF953_15415	-3124939	270	CDS		ATG	FF953_15415|CP040693_3124939_3124670_-1_ATG_89
CP040693	-3124960	TAG	FF953_15420	-3125352	393	CDS		ATG	FF953_15420|CP040693_3125352_3124960_-2_ATG_130
CP040693	-3125349	TGA	FF953_15425	-3125564	216	CDS		ATG	FF953_15425|CP040693_3125564_3125349_-3_ATG_71
CP040693	-3126439	TGA	FF953_15435	-3127521	1083	CDS		ATG	FF953_15435|CP040693_3127521_3126439_-2_ATG_360
CP040693	-3127514	TAA	FF953_15440	-3128824	1311	CDS		ATG	FF953_15440|CP040693_3128824_3127514_-1_ATG_436
CP040693	-3128827	TAG	FF953_15445	-3129654	828	CDS		GTG	FF953_15445|CP040693_3129654_3128827_-2_GTG_275
CP040693	-3129651	TGA	FF953_15450	-3130562	912	CDS		ATG	FF953_15450|CP040693_3130562_3129651_-3_ATG_303
CP040693	-3130649	TAG	FF953_15455	-3131968	1320	CDS		TTG	FF953_15455|CP040693_3131968_3130649_-1_TTG_439
CP040693	-3131975	TAG	FF953_15460	-3132985	1011	CDS		GTG	FF953_15460|CP040693_3132985_3131975_-1_GTG_336
CP040693	-3132960	TGA	FF953_15465	-3133511	552	CDS		ATG	FF953_15465|CP040693_3133511_3132960_-3_ATG_183
CP040693	-3133511	TGA	FF953_15470	-3136213	2703	CDS		GTG	FF953_15470|CP040693_3136213_3133511_-1_GTG_900
CP040693	-3136299	TGA	FF953_15475	-3136598	300	CDS		GTG	FF953_15475|CP040693_3136598_3136299_-3_GTG_99
CP040693	-3136725	TAG	FF953_15480	-3137768	1044	CDS		ATG	FF953_15480|CP040693_3137768_3136725_-3_ATG_347
CP040693	-3137765	TGA	FF953_15485	-3138316	552	CDS		GTG	FF953_15485|CP040693_3138316_3137765_-1_GTG_183
CP040693	-3139542	TAG	FF953_15500	-3141290	1749	CDS		GTG	FF953_15500|CP040693_3141290_3139542_-3_GTG_582
CP040693	-3141379	TAA	FF953_15505	-3142971	1593	CDS		ATG	FF953_15505|CP040693_3142971_3141379_-2_ATG_530
CP040693	-3142994	TAA	FF953_15510	-3144211	1218	CDS		GTG	FF953_15510|CP040693_3144211_3142994_-1_GTG_405
CP040693	-3144488	TAA	FF953_15515	-3145862	1375	CDS	true	ATG	FF953_15515_p|CP040693_3145862_3144488_-3_ATG_458
CP040693	-3145862	TGA	FF953_15520	-3146485	624	CDS		ATG	FF953_15520|CP040693_3146485_3145862_-1_ATG_207
CP040693	-3146506	TGA	FF953_15525	-3148395	1890	CDS		GTG	FF953_15525|CP040693_3148395_3146506_-2_GTG_629
CP040693	-3148392	TGA	FF953_15530	-3148862	471	CDS		ATG	FF953_15530|CP040693_3148862_3148392_-3_ATG_156
CP040693	-3148921	TGA	FF953_15535	-3150402	1482	CDS		GTG	FF953_15535|CP040693_3150402_3148921_-2_GTG_493
CP040693	-3156924	TGA	FF953_15575	-3157700	777	CDS		GTG	FF953_15575|CP040693_3157700_3156924_-3_GTG_258
CP040693	-3157697	TGA	FF953_15580	-3159064	1368	CDS		ATG	FF953_15580|CP040693_3159064_3157697_-1_ATG_455
CP040693	-3159061	TGA	FF953_15585	-3159987	927	CDS		GTG	FF953_15585|CP040693_3159987_3159061_-2_GTG_308
CP040693	-3159968	TAG	FF953_15590	-3161341	1374	CDS		GTG	FF953_15590|CP040693_3161341_3159968_-1_GTG_457
CP040693	-3161501	TAG	FF953_15595	-3162358	858	CDS		ATG	FF953_15595|CP040693_3162358_3161501_-1_ATG_285
CP040693	-3162400	TGA	FF953_15600	-3162984	585	CDS		ATG	FF953_15600|CP040693_3162984_3162400_-2_ATG_194
CP040693	-3163794	TAG	FF953_15615	-3165605	1812	CDS		ATG	FF953_15615|CP040693_3165605_3163794_-3_ATG_603
CP040693	-3166798	TGA	FF953_15630	-3167652	855	CDS		ATG	FF953_15630|CP040693_3167652_3166798_-2_ATG_284
CP040693	-3167708	TGA	FF953_15635	-3168871	1164	CDS		GTG	FF953_15635|CP040693_3168871_3167708_-1_GTG_387
CP040693	-3168888	TAG	FF953_15640	-3170102	1215	CDS		ATG	FF953_15640|CP040693_3170102_3168888_-3_ATG_404
CP040693	-3170110	TGA	FF953_15645	-3171351	1242	CDS		GTG	FF953_15645|CP040693_3171351_3170110_-2_GTG_413
CP040693	-3176348	TGA	FF953_15685	-3177211	864	CDS		GTG	FF953_15685|CP040693_3177211_3176348_-1_GTG_287
CP040693	-3177216	TGA	FF953_15690	-3177737	522	CDS		ATG	FF953_15690|CP040693_3177737_3177216_-3_ATG_173
CP040693	-3177923	TAG	FF953_15695	-3179017	1095	CDS		ATG	FF953_15695|CP040693_3179017_3177923_-1_ATG_364
CP040693	-3179040	TGA	FF953_15700	-3179960	921	CDS		GTG	FF953_15700|CP040693_3179960_3179040_-3_GTG_306
CP040693	-3179983	TAG	FF953_15705	-3180540	558	CDS		ATG	FF953_15705|CP040693_3180540_3179983_-2_ATG_185
CP040693	-3180533	TGA	FF953_15710	-3180646	114	CDS		ATG	FF953_15710|CP040693_3180646_3180533_-1_ATG_37
CP040693	-3180662	TGA	FF953_15715	-3180805	144	CDS		CTG	FF953_15715|CP040693_3180805_3180662_-1_CTG_47
CP040693	-3180818	TAA	FF953_15720	-3181603	786	CDS		ATG	FF953_15720|CP040693_3181603_3180818_-1_ATG_261
CP040693	-3182675	TGA	FF953_15730	-3183994	1320	CDS		GTG	FF953_15730|CP040693_3183994_3182675_-1_GTG_439
CP040693	-3183991	TGA	FF953_15735	-3184878	888	CDS		ATG	FF953_15735|CP040693_3184878_3183991_-2_ATG_295
CP040693	-3185310	TAG	FF953_15745	-3186731	1422	CDS		ATG	FF953_15745|CP040693_3186731_3185310_-3_ATG_473
CP040693	-3186738	TAG	FF953_15750	-3187553	816	CDS		ATG	FF953_15750|CP040693_3187553_3186738_-3_ATG_271
CP040693	-3187565	TAG	FF953_15755	-3188428	864	CDS		ATG	FF953_15755|CP040693_3188428_3187565_-1_ATG_287
CP040693	-3189240	TAG	FF953_15765	-3190466	1227	CDS		TTG	FF953_15765|CP040693_3190466_3189240_-3_TTG_408
CP040693	-3191840	TAG	FF953_15775	-3192736	897	CDS		GTG	FF953_15775|CP040693_3192736_3191840_-1_GTG_298
CP040693	-3192827	TAG	FF953_15780	-3193678	852	CDS		GTG	FF953_15780|CP040693_3193678_3192827_-1_GTG_283
CP040693	-3193711	TAG	FF953_15785	-3194880	1170	CDS		ATG	FF953_15785|CP040693_3194880_3193711_-2_ATG_389
CP040693	-3194877	TGA	FF953_15790	-3196388	1512	CDS		ATG	FF953_15790|CP040693_3196388_3194877_-3_ATG_503
CP040693	-3196388	TGA	FF953_15795	-3196774	387	CDS		ATG	FF953_15795|CP040693_3196774_3196388_-1_ATG_128
CP040693	-3197022	TAA	FF953_15800	-3197852	831	CDS		GTG	FF953_15800|CP040693_3197852_3197022_-3_GTG_276
CP040693	-3197852	TAG	FF953_15805	-3200191	2340	CDS		ATG	FF953_15805|CP040693_3200191_3197852_-1_ATG_779
CP040693	-3200249	TAG	FF953_15810	-3200554	306	CDS		ATG	FF953_15810|CP040693_3200554_3200249_-1_ATG_101
CP040693	-3200608	TAG	FF953_15815	-3201402	795	CDS		ATG	FF953_15815|CP040693_3201402_3200608_-2_ATG_264
CP040693	-3201416	TAG	FF953_15820	-3202300	885	CDS		GTG	FF953_15820|CP040693_3202300_3201416_-1_GTG_294
CP040693	-3202358	TGA	FF953_15825	-3202699	342	CDS		ATG	FF953_15825|CP040693_3202699_3202358_-1_ATG_113
CP040693	-3204110	TAG	FF953_15835	-3204802	693	CDS		GTG	FF953_15835|CP040693_3204802_3204110_-1_GTG_230
CP040693	-3204806	TAA	FF953_15840	-3205336	531	CDS		ATG	FF953_15840|CP040693_3205336_3204806_-1_ATG_176
CP040693	-3205350	TAG	FF953_15845	-3205592	243	CDS		ATG	FF953_15845|CP040693_3205592_3205350_-3_ATG_80
CP040693	-3205600	TGA	FF953_15850	-3206088	489	CDS		ATG	FF953_15850|CP040693_3206088_3205600_-2_ATG_162
CP040693	-3206272	TGA	FF953_15855	-3206715	444	CDS		ATG	FF953_15855|CP040693_3206715_3206272_-2_ATG_147
CP040693	-3207719	TGA	FF953_15865	-3208306	588	CDS		ATG	FF953_15865|CP040693_3208306_3207719_-1_ATG_195
CP040693	-3208308	TGA	FF953_15870	-3210143	1836	CDS		ATG	FF953_15870|CP040693_3210143_3208308_-3_ATG_611
CP040693	-3210212	TGA	FF953_15875	-3211969	1758	CDS		ATG	FF953_15875|CP040693_3211969_3210212_-1_ATG_585
CP040693	-3212013	TAG	FF953_15880	-3213125	1113	CDS		GTG	FF953_15880|CP040693_3213125_3212013_-3_GTG_370
CP040693	-3213153	TAG	FF953_15885	-3214730	1578	CDS		GTG	FF953_15885|CP040693_3214730_3213153_-3_GTG_525
CP040693	-3216699	TAG	FF953_15895	-3219125	2427	CDS		ATG	FF953_15895|CP040693_3219125_3216699_-3_ATG_808
CP040693	-3219183	TGA	FF953_15900	-3219521	339	CDS		ATG	FF953_15900|CP040693_3219521_3219183_-3_ATG_112
CP040693	-3219518	TGA	FF953_15905	-3220951	1434	CDS		GTG	FF953_15905|CP040693_3220951_3219518_-1_GTG_477
CP040693	-3221820	TAG	FF953_15915	-3223088	1269	CDS		GTG	FF953_15915|CP040693_3223088_3221820_-3_GTG_422
CP040693	-3223138	TAG	FF953_15920	-3226755	3618	CDS		GTG	FF953_15920|CP040693_3226755_3223138_-2_GTG_1205
CP040693	-3226767	TAA	FF953_15925	-3227048	282	CDS		ATG	FF953_15925|CP040693_3227048_3226767_-3_ATG_93
CP040693	-3227035	TGA	FF953_15930	-3227445	411	CDS		ATG	FF953_15930|CP040693_3227445_3227035_-2_ATG_136
CP040693	-3227547	TAG	FF953_15935	-3228416	870	CDS		ATG	FF953_15935|CP040693_3228416_3227547_-3_ATG_289
CP040693	-3228606	TGG	FF953_15940	-3228740	135	CDS	true	TTG	FF953_15940_p|CP040693_3228740_3228606_-3_TTG_45
CP040693	-3228775	TAA	FF953_15945	-3229497	723	CDS		ATG	FF953_15945|CP040693_3229497_3228775_-2_ATG_240
CP040693	-3229494	TGA	FF953_15950	-3230117	624	CDS		GTG	FF953_15950|CP040693_3230117_3229494_-3_GTG_207
CP040693	-3230168	TAA	FF953_15955	-3230905	738	CDS		GTG	FF953_15955|CP040693_3230905_3230168_-1_GTG_245
CP040693	-3265326	TAG	FF953_16020	-3271661	6336	CDS		ATG	FF953_16020|CP040693_3271661_3265326_-3_ATG_2111
CP040693	-3276732	TGA	FF953_16035	-3276947	216	CDS		TTG	FF953_16035|CP040693_3276947_3276732_-3_TTG_71
CP040693	-3279570	TAG	FF953_16050	-3280271	702	CDS		ATG	FF953_16050|CP040693_3280271_3279570_-3_ATG_233
CP040693	-3280293	TGA	FF953_16055	-3280448	156	CDS	true	CCC	FF953_16055_p|CP040693_3280448_3280293_-3_CCC_51
CP040693	-3280449	TAG	FF953_16060	-3286792	6344	CDS	true	GTG	FF953_16060_p|CP040693_3286792_3280449_-1_GTG_2114
CP040693	-3286789	TGA	FF953_16065	-3288906	2118	CDS		ATG	FF953_16065|CP040693_3288906_3286789_-2_ATG_705
CP040693	-3288923	TAG	FF953_16070	-3289522	600	CDS		ATG	FF953_16070|CP040693_3289522_3288923_-1_ATG_199
CP040693	-3289548	TAA	FF953_16075	-3291407	1860	CDS		ATG	FF953_16075|CP040693_3291407_3289548_-3_ATG_619
CP040693	-3292055	TGA	FF953_16085	-3293200	1146	CDS		GTG	FF953_16085|CP040693_3293200_3292055_-1_GTG_381
CP040693	-3295618	TGA	FF953_16100	-3296343	726	CDS		ATG	FF953_16100|CP040693_3296343_3295618_-2_ATG_241
CP040693	-3296532	TAG	FF953_16105	-3297497	966	CDS		GTG	FF953_16105|CP040693_3297497_3296532_-3_GTG_321
CP040693	-3299397	TAG	FF953_16120	-3299603	207	CDS		GTG	FF953_16120|CP040693_3299603_3299397_-3_GTG_68
CP040693	-3299666	TAA	FF953_16125	-3300952	1287	CDS		ATG	FF953_16125|CP040693_3300952_3299666_-1_ATG_428
CP040693	-3301053	TAG	FF953_16130	-3301790	738	CDS		ATG	FF953_16130|CP040693_3301790_3301053_-3_ATG_245
CP040693	-3301905	TAA	FF953_16135	-3302153	249	CDS		GTG	FF953_16135|CP040693_3302153_3301905_-3_GTG_82
CP040693	-3302725	TAG	FF953_16145	-3304074	1350	CDS		GTG	FF953_16145|CP040693_3304074_3302725_-2_GTG_449
CP040693	-3306485	GCC	FF953_16160	-3306691	207	CDS	true	CTT	FF953_16160_p|CP040693_3306691_3306485_-1_CTT_69
CP040693	-3307282	TAG	FF953_16170	-3307767	486	CDS		ATG	FF953_16170|CP040693_3307767_3307282_-2_ATG_161
CP040693	-3307853	TAG	FF953_16175	-3308419	567	CDS		TTG	FF953_16175|CP040693_3308419_3307853_-1_TTG_188
CP040693	-3308615	TGA	FF953_16180	-3311998	3384	CDS		GTG	FF953_16180|CP040693_3311998_3308615_-1_GTG_1127
CP040693	-3312023	TGA	FF953_16185	-3312655	633	CDS		GTG	FF953_16185|CP040693_3312655_3312023_-1_GTG_210
CP040693	-3312661	TGA	FF953_16190	-3313428	768	CDS		GTG	FF953_16190|CP040693_3313428_3312661_-2_GTG_255
CP040693	-3313525	TGA	FF953_16195	-3314655	1131	CDS		ATG	FF953_16195|CP040693_3314655_3313525_-2_ATG_376
CP040693	-3315975	TAG	FF953_16210	-3316688	714	CDS		ATG	FF953_16210|CP040693_3316688_3315975_-3_ATG_237
CP040693	-3316685	TGA	FF953_16215	-3318898	2214	CDS		GTG	FF953_16215|CP040693_3318898_3316685_-1_GTG_737
CP040693	-3318901	TAG	FF953_16220	-3320562	1662	CDS		GTG	FF953_16220|CP040693_3320562_3318901_-2_GTG_553
CP040693	-3320562	TAG	FF953_16225	-3320768	207	CDS		CTG	FF953_16225|CP040693_3320768_3320562_-3_CTG_68
CP040693	-3321021	TGA	FF953_16235	-3321704	684	CDS		GTG	FF953_16235|CP040693_3321704_3321021_-3_GTG_227
CP040693	-3321737	TGA	FF953_16240	-3322738	1002	CDS		GTG	FF953_16240|CP040693_3322738_3321737_-1_GTG_333
CP040693	-3322735	TGA	FF953_16245	-3324114	1380	CDS		ATG	FF953_16245|CP040693_3324114_3322735_-2_ATG_459
CP040693	-3324114	TGA	FF953_16250	-3324698	585	CDS		ATG	FF953_16250|CP040693_3324698_3324114_-3_ATG_194
CP040693	-3325686	TAG	FF953_16260	-3326807	1122	CDS		GTG	FF953_16260|CP040693_3326807_3325686_-3_GTG_373
CP040693	-3326885	TGA	FF953_16265	-3327889	1005	CDS		ATG	FF953_16265|CP040693_3327889_3326885_-1_ATG_334
CP040693	-3332066	TAG	FF953_16285	-3332710	645	CDS		ATG	FF953_16285|CP040693_3332710_3332066_-1_ATG_214
CP040693	-3332923	TGA	FF953_16290	-3333519	597	CDS		ATG	FF953_16290|CP040693_3333519_3332923_-2_ATG_198
CP040693	-3333544	TGA	FF953_16295	-3334965	1422	CDS		ATG	FF953_16295|CP040693_3334965_3333544_-2_ATG_473
CP040693	-3335749	TAG	FF953_16305	-3336609	861	CDS		ATG	FF953_16305|CP040693_3336609_3335749_-2_ATG_286
CP040693	-3337695	TGA	FF953_16325	-3339167	1473	CDS		GTG	FF953_16325|CP040693_3339167_3337695_-3_GTG_490
CP040693	-3339164	TGA	FF953_16330	-3339961	798	CDS		ATG	FF953_16330|CP040693_3339961_3339164_-1_ATG_265
CP040693	-3341348	TAG	FF953_16340	-3342358	1011	CDS		ATG	FF953_16340|CP040693_3342358_3341348_-1_ATG_336
CP040693	-3342373	TGA	FF953_16345	-3343959	1587	CDS		GTG	FF953_16345|CP040693_3343959_3342373_-2_GTG_528
CP040693	-3345623	TGA	FF953_16355	-3345823	201	CDS		ATG	FF953_16355|CP040693_3345823_3345623_-1_ATG_66
CP040693	-3345888	TGA	FF953_16360	-3346345	458	CDS	true	CTG	FF953_16360_p|CP040693_3346345_3345888_-1_CTG_152
CP040693	-3348475	TAG	FF953_16375	-3349476	1002	CDS		ATG	FF953_16375|CP040693_3349476_3348475_-2_ATG_333
CP040693	-3349514	TAG	FF953_16380	-3350020	507	CDS		ATG	FF953_16380|CP040693_3350020_3349514_-1_ATG_168
CP040693	-3350020	TGA	FF953_16385	-3351876	1857	CDS		GTG	FF953_16385|CP040693_3351876_3350020_-2_GTG_618
CP040693	-3352583	TGA	FF953_16395	-3353422	840	CDS		GTG	FF953_16395|CP040693_3353422_3352583_-1_GTG_279
CP040693	-3354726	TAA	FF953_16405	-3355340	615	CDS		GTG	FF953_16405|CP040693_3355340_3354726_-3_GTG_204
CP040693	-3356154	TAG	FF953_16415	-3357683	1530	CDS		ATG	FF953_16415|CP040693_3357683_3356154_-3_ATG_509
CP040693	-3357713	TGA	FF953_16420	-3358744	1032	CDS		ATG	FF953_16420|CP040693_3358744_3357713_-1_ATG_343
CP040693	-3358840	TAG	FF953_16425	-3360324	1485	CDS		GTG	FF953_16425|CP040693_3360324_3358840_-2_GTG_494
CP040693	-3360321	TGA	FF953_16430	-3360620	300	CDS		GTG	FF953_16430|CP040693_3360620_3360321_-3_GTG_99
CP040693	-3361435	TAA	FF953_16440	-3363510	2076	CDS		GTG	FF953_16440|CP040693_3363510_3361435_-2_GTG_691
CP040693	-3363541	TGA	FF953_16445	-3364554	1014	CDS		GTG	FF953_16445|CP040693_3364554_3363541_-2_GTG_337
CP040693	-3365380	TAA	FF953_16455	-3365742	363	CDS		GTG	FF953_16455|CP040693_3365742_3365380_-2_GTG_120
CP040693	-3365829	TGA	FF953_16460	-3367133	1305	CDS		GTG	FF953_16460|CP040693_3367133_3365829_-3_GTG_434
CP040693	-3367219	TGA	FF953_16465	-3367422	204	CDS		GTG	FF953_16465|CP040693_3367422_3367219_-2_GTG_67
CP040693	-3367486	TGA	FF953_16470	-3368747	1263	fCDS		ATG	FF953_16470_fCDS|CP040693_3368747_3367486_-3_ATG_420
CP040693	-3368704	TGA	FF953_16475	-3368910	207	CDS		ATG	FF953_16475|CP040693_3368910_3368704_-2_ATG_68
CP040693	-3368959	TAG	FF953_16480	-3369249	291	CDS		ATG	FF953_16480|CP040693_3369249_3368959_-2_ATG_96
CP040693	-3370642	TAA	FF953_16490	-3370935	294	CDS		ATG	FF953_16490|CP040693_3370935_3370642_-2_ATG_97
CP040693	-3370982	TGA	FF953_16495	-3372289	1308	CDS		GTG	FF953_16495|CP040693_3372289_3370982_-1_GTG_435
CP040693	-3372286	TGA	FF953_16500	-3372600	315	CDS		GTG	FF953_16500|CP040693_3372600_3372286_-2_GTG_104
CP040693	-3372982	TAG	FF953_16505	-3374229	1248	CDS		ATG	FF953_16505|CP040693_3374229_3372982_-2_ATG_415
CP040693	-3374392	TGA	FF953_16515	-3375495	1104	CDS		ATG	FF953_16515|CP040693_3375495_3374392_-2_ATG_367
CP040693	-3375492	TGA	FF953_16520	-3376673	1182	CDS		ATG	FF953_16520|CP040693_3376673_3375492_-3_ATG_393
CP040693	-3376770	TAA	FF953_16525	-3377684	915	CDS		ATG	FF953_16525|CP040693_3377684_3376770_-3_ATG_304
CP040693	-3377681	TGA	FF953_16530	-3378526	846	CDS		ATG	FF953_16530|CP040693_3378526_3377681_-1_ATG_281
CP040693	-3378682	TAG	FF953_16535	-3379638	957	CDS		ATG	FF953_16535|CP040693_3379638_3378682_-2_ATG_318
CP040693	-3379677	TAA	FF953_16540	-3380477	801	CDS		ATG	FF953_16540|CP040693_3380477_3379677_-3_ATG_266
CP040693	-3385626	TAG	FF953_16570	-3386528	903	CDS		GTG	FF953_16570|CP040693_3386528_3385626_-3_GTG_300
CP040693	-3388065	TAA	FF953_16580	-3388748	684	CDS		ATG	FF953_16580|CP040693_3388748_3388065_-3_ATG_227
CP040693	-3388821	TAG	FF953_16585	-3389897	1077	CDS		GTG	FF953_16585|CP040693_3389897_3388821_-3_GTG_358
CP040693	-3390032	TGA	FF953_16590	-3391015	984	CDS		ATG	FF953_16590|CP040693_3391015_3390032_-1_ATG_327
CP040693	-3391026	TAG	FF953_16595	-3391790	765	CDS		GTG	FF953_16595|CP040693_3391790_3391026_-3_GTG_254
CP040693	-3391799	TGA	FF953_16600	-3392665	867	CDS		ATG	FF953_16600|CP040693_3392665_3391799_-1_ATG_288
CP040693	-3392662	TGA	FF953_16605	-3393525	864	CDS		ATG	FF953_16605|CP040693_3393525_3392662_-2_ATG_287
CP040693	-3393540	TAG	FF953_16610	-3394769	1230	CDS		ATG	FF953_16610|CP040693_3394769_3393540_-3_ATG_409
CP040693	-3394807	TGA	FF953_16615	-3396528	1722	CDS		TTG	FF953_16615|CP040693_3396528_3394807_-2_TTG_573
CP040693	-3396620	TAG	FF953_16620	-3396823	204	CDS		ATG	FF953_16620|CP040693_3396823_3396620_-1_ATG_67
CP040693	-3398921	TGA	FF953_16635	-3399295	375	CDS		GTG	FF953_16635|CP040693_3399295_3398921_-1_GTG_124
CP040693	-3399629	TGA	FF953_16640	-3399913	285	CDS		ATG	FF953_16640|CP040693_3399913_3399629_-1_ATG_94
CP040693	-3400011	TAG	FF953_16645	-3400985	975	CDS		GTG	FF953_16645|CP040693_3400985_3400011_-3_GTG_324
CP040693	-3401116	TAG	FF953_16650	-3402690	1575	CDS		GTG	FF953_16650|CP040693_3402690_3401116_-2_GTG_524
CP040693	-3402824	TGA	FF953_16655	-3403558	735	CDS		GTG	FF953_16655|CP040693_3403558_3402824_-1_GTG_244
CP040693	-3403686	TAG	FF953_16660	-3405863	2178	CDS		GTG	FF953_16660|CP040693_3405863_3403686_-3_GTG_725
CP040693	-3405833	TAG	FF953_16665	-3406285	453	CDS		ATG	FF953_16665|CP040693_3406285_3405833_-1_ATG_150
CP040693	-3406320	TAG	FF953_16670	-3406559	240	CDS		ATG	FF953_16670|CP040693_3406559_3406320_-3_ATG_79
CP040693	-3406537	TAA	FF953_16675	-3406941	405	CDS		TTG	FF953_16675|CP040693_3406941_3406537_-2_TTG_134
CP040693	-3407022	TGA	FF953_16680	-3407576	555	CDS		GTG	FF953_16680|CP040693_3407576_3407022_-3_GTG_184
CP040693	-3409386	TAG	FF953_16695	-3410249	864	CDS		ATG	FF953_16695|CP040693_3410249_3409386_-3_ATG_287
CP040693	-3410313	TAG	FF953_16700	-3410963	651	CDS		GTG	FF953_16700|CP040693_3410963_3410313_-3_GTG_216
CP040693	-3413328	TAA	FF953_16715	-3414800	1473	CDS		ATG	FF953_16715|CP040693_3414800_3413328_-3_ATG_490
CP040693	-3414917	TAG	FF953_16720	-3417082	2166	CDS		ATG	FF953_16720|CP040693_3417082_3414917_-1_ATG_721
CP040693	-3421480	TAA	FF953_16735	-3421905	426	CDS		ATG	FF953_16735|CP040693_3421905_3421480_-2_ATG_141
CP040693	-3423634	TGA	FF953_16760	-3425277	1644	CDS		ATG	FF953_16760|CP040693_3425277_3423634_-2_ATG_547
CP040693	-3427453	TGA	FF953_16780	-3427977	525	CDS		TTG	FF953_16780|CP040693_3427977_3427453_-2_TTG_174
CP040693	-3427984	TAA	FF953_16785	-3428340	357	CDS		ATG	FF953_16785|CP040693_3428340_3427984_-2_ATG_118
CP040693	-3429705	TAG	FF953_16795	-3430628	924	CDS		ATG	FF953_16795|CP040693_3430628_3429705_-3_ATG_307
CP040693	-3433425	TAG	FF953_16815	-3434252	828	CDS		ATG	FF953_16815|CP040693_3434252_3433425_-3_ATG_275
CP040693	-3434311	TAA	FF953_16820	-3437643	3333	CDS		ATG	FF953_16820|CP040693_3437643_3434311_-2_ATG_1110
CP040693	-3439059	TGA	FF953_16830	-3440081	1023	CDS		ATG	FF953_16830|CP040693_3440081_3439059_-3_ATG_340
CP040693	-3449424	TGA	FF953_16875	-3449726	303	CDS		GTG	FF953_16875|CP040693_3449726_3449424_-3_GTG_100
CP040693	-3452469	TAG	FF953_16890	-3453389	921	CDS		ATG	FF953_16890|CP040693_3453389_3452469_-3_ATG_306
CP040693	-3453415	TAA	FF953_16895	-3454419	1005	CDS		ATG	FF953_16895|CP040693_3454419_3453415_-2_ATG_334
CP040693	-3454416	TGA	FF953_16900	-3455546	1131	CDS		GTG	FF953_16900|CP040693_3455546_3454416_-3_GTG_376
CP040693	-3457433	TGA	FF953_16915	-3458746	1314	CDS		GTG	FF953_16915|CP040693_3458746_3457433_-1_GTG_437
CP040693	-3458865	TAA	FF953_16920	-3459317	453	CDS		GTG	FF953_16920|CP040693_3459317_3458865_-3_GTG_150
CP040693	-3460068	TGA	FF953_16935	-3460919	852	CDS		GTG	FF953_16935|CP040693_3460919_3460068_-3_GTG_283
CP040693	-3460956	TGA	FF953_16940	-3461438	483	CDS		GTG	FF953_16940|CP040693_3461438_3460956_-3_GTG_160
CP040693	-3461441	TAG	FF953_16945	-3462334	894	CDS		GTG	FF953_16945|CP040693_3462334_3461441_-1_GTG_297
CP040693	-3462335	TAA	FF953_16950	-3463024	690	CDS		ATG	FF953_16950|CP040693_3463024_3462335_-1_ATG_229
CP040693	-3463068	TGA	FF953_16955	-3463505	438	CDS		GTG	FF953_16955|CP040693_3463505_3463068_-3_GTG_145
CP040693	-3463507	TAG	FF953_16960	-3464433	927	CDS		ATG	FF953_16960|CP040693_3464433_3463507_-2_ATG_308
CP040693	-3464423	TAG	FF953_16965	-3465538	1116	CDS		GTG	FF953_16965|CP040693_3465538_3464423_-1_GTG_371
CP040693	-3467034	TGA	FF953_16975	-3468617	1584	CDS		ATG	FF953_16975|CP040693_3468617_3467034_-3_ATG_527
CP040693	-3472964	TGA	FF953_17015	-3473107	144	CDS		TTG	FF953_17015|CP040693_3473107_3472964_-1_TTG_47
CP040693	-3479449	TGA	FF953_17055	-3479568	120	CDS	true	ATT	FF953_17055_p|CP040693_3479568_3479449_-2_ATT_39
CP040693	-3482132	TAG	FF953_17075	-3483307	1176	CDS		ATG	FF953_17075|CP040693_3483307_3482132_-1_ATG_391
CP040693	-3483464	TGA	FF953_17080	-3483778	315	CDS		ATG	FF953_17080|CP040693_3483778_3483464_-1_ATG_104
CP040693	-3484824	TGA	FF953_17090	-3485174	351	CDS		GTG	FF953_17090|CP040693_3485174_3484824_-3_GTG_116
CP040693	-3485256	TAG	FF953_17095	-3485567	312	CDS	true	ATC	FF953_17095_p|CP040693_3485567_3485256_-3_ATC_103
CP040693	-3485618	TGA	FF953_17100	-3485986	369	CDS		GTG	FF953_17100|CP040693_3485986_3485618_-1_GTG_122
CP040693	-3486780	TGA	FF953_17110	-3488171	1392	CDS		ATG	FF953_17110|CP040693_3488171_3486780_-3_ATG_463
CP040693	-3489334	TAG	FF953_17120	-3491070	1737	CDS		ATG	FF953_17120|CP040693_3491070_3489334_-2_ATG_578
CP040693	-3491067	TGA	FF953_17125	-3491720	654	CDS		GTG	FF953_17125|CP040693_3491720_3491067_-3_GTG_217
CP040693	-3491748	TAG	FF953_17130	-3492554	807	CDS		ATG	FF953_17130|CP040693_3492554_3491748_-3_ATG_268
CP040693	-3492713	TAG	FF953_17135	-3492988	276	CDS		GTG	FF953_17135|CP040693_3492988_3492713_-1_GTG_91
CP040693	-3495140	TAG	FF953_17150	-3495472	333	CDS		GTG	FF953_17150|CP040693_3495472_3495140_-1_GTG_110
CP040693	-3501313	TGA	FF953_17180	-3501741	429	CDS		ATG	FF953_17180|CP040693_3501741_3501313_-2_ATG_142
CP040693	-3502283	TGA	FF953_17190	-3503512	1230	CDS		GTG	FF953_17190|CP040693_3503512_3502283_-1_GTG_409
CP040693	-3519586	TAA	FF953_17265	-3521355	1770	CDS		ATG	FF953_17265|CP040693_3521355_3519586_-2_ATG_589
CP040693	-3521603	TAA	FF953_17270	-3523504	1902	CDS		ATG	FF953_17270|CP040693_3523504_3521603_-1_ATG_633
CP040693	-3523679	TAG	FF953_17275	-3524320	642	CDS		ATG	FF953_17275|CP040693_3524320_3523679_-1_ATG_213
CP040693	-3524331	TAG	FF953_17280	-3525479	1149	CDS		ATG	FF953_17280|CP040693_3525479_3524331_-3_ATG_382
CP040693	-3525549	TGA	FF953_17285	-3525986	438	CDS		ATG	FF953_17285|CP040693_3525986_3525549_-3_ATG_145
CP040693	-3525983	TGA	FF953_17290	-3527254	1272	CDS		GTG	FF953_17290|CP040693_3527254_3525983_-1_GTG_423
CP040693	-3527284	TAG	FF953_17295	-3528246	963	CDS		ATG	FF953_17295|CP040693_3528246_3527284_-2_ATG_320
CP040693	-3528254	TGA	FF953_17300	-3528736	483	CDS		ATG	FF953_17300|CP040693_3528736_3528254_-1_ATG_160
CP040693	-3528733	TGA	FF953_17305	-3529692	960	CDS		ATG	FF953_17305|CP040693_3529692_3528733_-2_ATG_319
CP040693	-3529772	TGA	FF953_17310	-3530398	627	CDS		ATG	FF953_17310|CP040693_3530398_3529772_-1_ATG_208
CP040693	-3534187	TAG	FF953_17330	-3535086	900	CDS		TTG	FF953_17330|CP040693_3535086_3534187_-2_TTG_299
CP040693	-3535223	TAA	FF953_17335	-3535705	483	CDS		ATG	FF953_17335|CP040693_3535705_3535223_-1_ATG_160
CP040693	-3535784	TGA	FF953_17340	-3536386	603	CDS		ATG	FF953_17340|CP040693_3536386_3535784_-1_ATG_200
CP040693	-3538685	TAA	FF953_17355	-3539641	957	CDS		ATG	FF953_17355|CP040693_3539641_3538685_-1_ATG_318
CP040693	-3543583	TGA	FF953_17385	-3544844	1263	fCDS		ATG	FF953_17385_fCDS|CP040693_3544844_3543583_-3_ATG_420
CP040693	-3544953	TGA	FF953_17390	-3545387	435	CDS		GTG	FF953_17390|CP040693_3545387_3544953_-3_GTG_144
CP040693	-3545390	TGA	FF953_17395	-3545842	453	CDS		ATG	FF953_17395|CP040693_3545842_3545390_-1_ATG_150
CP040693	-3548405	TGA	FF953_17420	-3549670	1266	CDS		GTG	FF953_17420|CP040693_3549670_3548405_-1_GTG_421
CP040693	-3550294	TGA	FF953_17435	-3551328	1035	CDS		GTG	FF953_17435|CP040693_3551328_3550294_-2_GTG_344
CP040693	-3551612	TGA	FF953_17440	-3551836	225	CDS		GTG	FF953_17440|CP040693_3551836_3551612_-1_GTG_74
CP040693	-3551781	TGA	FF953_17445	-3551963	183	CDS		GTG	FF953_17445|CP040693_3551963_3551781_-3_GTG_60
CP040693	-3553177	TAG	FF953_17460	-3556155	2979	CDS		GTG	FF953_17460|CP040693_3556155_3553177_-2_GTG_992
CP040693	-3556247	TAG	FF953_17465	-3557269	1023	CDS		GTG	FF953_17465|CP040693_3557269_3556247_-1_GTG_340
CP040693	-3559679	TAG	FF953_17480	-3559879	201	CDS		GTG	FF953_17480|CP040693_3559879_3559679_-1_GTG_66
CP040693	-3561384	TAG	FF953_17490	-3561662	279	CDS		GTG	FF953_17490|CP040693_3561662_3561384_-3_GTG_92
CP040693	-3562092	TGA	FF953_17495	-3564194	2103	CDS		ATG	FF953_17495|CP040693_3564194_3562092_-3_ATG_700
CP040693	-3564585	TGA	FF953_17505	-3565526	942	CDS		GTG	FF953_17505|CP040693_3565526_3564585_-3_GTG_313
CP040693	-3565585	TAG	FF953_17510	-3566652	1068	CDS		GTG	FF953_17510|CP040693_3566652_3565585_-2_GTG_355
CP040693	-3566714	TGA	FF953_17515	-3570019	3306	CDS		ATG	FF953_17515|CP040693_3570019_3566714_-1_ATG_1101
CP040693	-3570016	TGA	FF953_17520	-3573183	3168	CDS		ATG	FF953_17520|CP040693_3573183_3570016_-2_ATG_1055
CP040693	-3574609	TAA	FF953_17540	-3575487	879	CDS		ATG	FF953_17540|CP040693_3575487_3574609_-2_ATG_292
CP040693	-3575514	TAG	FF953_17545	-3576692	1179	CDS		GTG	FF953_17545|CP040693_3576692_3575514_-3_GTG_392
CP040693	-3576783	TAA	FF953_17550	-3577640	858	CDS		GTG	FF953_17550|CP040693_3577640_3576783_-3_GTG_285
CP040693	-3578659	TAA	FF953_17560	-3578931	273	CDS		GTG	FF953_17560|CP040693_3578931_3578659_-2_GTG_90
CP040693	-3579826	TAG	FF953_17570	-3580521	696	CDS		ATG	FF953_17570|CP040693_3580521_3579826_-2_ATG_231
CP040693	-3583675	TAG	FF953_17585	-3584475	801	CDS		ATG	FF953_17585|CP040693_3584475_3583675_-2_ATG_266
CP040693	-3586787	TAG	FF953_17605	-3587218	432	CDS		GTG	FF953_17605|CP040693_3587218_3586787_-1_GTG_143
CP040693	-3589012	TAG	FF953_17620	-3590517	1506	CDS		ATG	FF953_17620|CP040693_3590517_3589012_-2_ATG_501
CP040693	-3590534	TAG	FF953_17625	-3590749	216	CDS		ATG	FF953_17625|CP040693_3590749_3590534_-1_ATG_71
CP040693	-3591034	TAG	FF953_17635	-3591339	306	CDS		GTG	FF953_17635|CP040693_3591339_3591034_-2_GTG_101
CP040693	-3591336	TGA	FF953_17640	-3591887	552	CDS		ATG	FF953_17640|CP040693_3591887_3591336_-3_ATG_183
CP040693	-3591884	TGA	FF953_17645	-3592534	651	CDS		ATG	FF953_17645|CP040693_3592534_3591884_-1_ATG_216
CP040693	-3593999	TAG	FF953_17665	-3595423	1425	CDS		GTG	FF953_17665|CP040693_3595423_3593999_-1_GTG_474
CP040693	-3595547	TGA	FF953_17670	-3596305	759	CDS		ATG	FF953_17670|CP040693_3596305_3595547_-1_ATG_252
CP040693	-3598734	TAA	FF953_17685	-3600017	1284	CDS		ATG	FF953_17685|CP040693_3600017_3598734_-3_ATG_427
CP040693	-3600095	TAG	FF953_17690	-3601237	1143	CDS		ATG	FF953_17690|CP040693_3601237_3600095_-1_ATG_380
CP040693	-3601347	TGA	FF953_17695	-3601856	510	CDS		GTG	FF953_17695|CP040693_3601856_3601347_-3_GTG_169
CP040693	-3601853	TGA	FF953_17700	-3602740	888	CDS		GTG	FF953_17700|CP040693_3602740_3601853_-1_GTG_295
CP040693	-3602764	TAG	FF953_17705	-3604173	1410	CDS		GTG	FF953_17705|CP040693_3604173_3602764_-2_GTG_469
CP040693	-3604943	TAG	FF953_17715	-3606100	1158	CDS		GTG	FF953_17715|CP040693_3606100_3604943_-1_GTG_385
CP040693	-3606105	TGA	FF953_17720	-3606587	483	CDS		ATG	FF953_17720|CP040693_3606587_3606105_-3_ATG_160
CP040693	-3606648	TGA	FF953_17725	-3607382	735	CDS		ATG	FF953_17725|CP040693_3607382_3606648_-3_ATG_244
CP040693	-3607441	TGA	FF953_17730	-3610587	3147	CDS		ATG	FF953_17730|CP040693_3610587_3607441_-2_ATG_1048
CP040693	-3610666	TAG	FF953_17735	-3613515	2850	CDS		GTG	FF953_17735|CP040693_3613515_3610666_-2_GTG_949
CP040693	-3613594	TGA	FF953_17740	-3614238	645	CDS		GTG	FF953_17740|CP040693_3614238_3613594_-2_GTG_214
CP040693	-3614554	TGA	FF953_17745	-3615195	642	CDS		GTG	FF953_17745|CP040693_3615195_3614554_-2_GTG_213
CP040693	-3615233	TGA	FF953_17750	-3616075	843	CDS		ATG	FF953_17750|CP040693_3616075_3615233_-1_ATG_280
CP040693	-3616143	TGA	FF953_17755	-3617894	1752	CDS		ATG	FF953_17755|CP040693_3617894_3616143_-3_ATG_583
CP040693	-3617894	TGA	FF953_17760	-3619597	1704	CDS		ATG	FF953_17760|CP040693_3619597_3617894_-1_ATG_567
CP040693	-3619647	TGA	FF953_17765	-3620333	687	CDS		ATG	FF953_17765|CP040693_3620333_3619647_-3_ATG_228
CP040693	-3620403	TGA	FF953_17770	-3621047	645	CDS		GTG	FF953_17770|CP040693_3621047_3620403_-3_GTG_214
CP040693	-3621144	TGA	FF953_17775	-3622631	1488	CDS		ATG	FF953_17775|CP040693_3622631_3621144_-3_ATG_495
CP040693	-3622736	TGA	FF953_17780	-3623371	636	CDS		GTG	FF953_17780|CP040693_3623371_3622736_-1_GTG_211
CP040693	-3623368	TGA	FF953_17785	-3623550	183	CDS		GTG	FF953_17785|CP040693_3623550_3623368_-2_GTG_60
CP040693	-3623555	TAA	FF953_17790	-3623722	168	CDS		ATG	FF953_17790|CP040693_3623722_3623555_-1_ATG_55
CP040693	-3623722	TGA	FF953_17795	-3624972	1251	CDS		ATG	FF953_17795|CP040693_3624972_3623722_-2_ATG_416
CP040693	-3625081	TGA	FF953_17800	-3626568	1488	CDS		ATG	FF953_17800|CP040693_3626568_3625081_-2_ATG_495
CP040693	-3628025	TGA	FF953_17810	-3629251	1227	CDS		GTG	FF953_17810|CP040693_3629251_3628025_-1_GTG_408
CP040693	-3629259	TAG	FF953_17815	-3630299	1041	CDS		GTG	FF953_17815|CP040693_3630299_3629259_-3_GTG_346
CP040693	-3630296	TGA	FF953_17820	-3631693	1398	CDS		ATG	FF953_17820|CP040693_3631693_3630296_-1_ATG_465
CP040693	-3631795	TAG	FF953_17825	-3632286	492	CDS		ATG	FF953_17825|CP040693_3632286_3631795_-2_ATG_163
CP040693	-3632856	TGA	FF953_17835	-3633125	270	CDS		TTG	FF953_17835|CP040693_3633125_3632856_-3_TTG_89
CP040693	-3637882	TGA	FF953_17865	-3638961	1080	CDS		TTG	FF953_17865|CP040693_3638961_3637882_-2_TTG_359
CP040693	-3638963	TGA	FF953_17870	-3639868	906	CDS		GTG	FF953_17870|CP040693_3639868_3638963_-1_GTG_301
CP040693	-3639879	TGA	FF953_17875	-3640793	915	CDS		ATG	FF953_17875|CP040693_3640793_3639879_-3_ATG_304
CP040693	-3645663	TAG	FF953_17900	-3646331	669	CDS		ATG	FF953_17900|CP040693_3646331_3645663_-3_ATG_222
CP040693	-3649904	TGA	FF953_17915	-3651073	1170	CDS		ATG	FF953_17915|CP040693_3651073_3649904_-1_ATG_389
CP040693	-3651098	TAG	FF953_17920	-3651622	525	CDS		ATG	FF953_17920|CP040693_3651622_3651098_-1_ATG_174
CP040693	-3651619	TGA	FF953_17925	-3652908	1290	CDS		ATG	FF953_17925|CP040693_3652908_3651619_-2_ATG_429
CP040693	-3653635	TGA	FF953_17935	-3654153	519	CDS		ATG	FF953_17935|CP040693_3654153_3653635_-2_ATG_172
CP040693	-3654196	TAA	FF953_17940	-3654996	801	CDS		GTG	FF953_17940|CP040693_3654996_3654196_-2_GTG_266
CP040693	-3661018	TAG	FF953_17975	-3661803	786	CDS		GTG	FF953_17975|CP040693_3661803_3661018_-2_GTG_261
CP040693	-3661800	TGA	FF953_17980	-3662237	438	CDS		ATG	FF953_17980|CP040693_3662237_3661800_-3_ATG_145
CP040693	-3662435	TAG	FF953_17985	-3662848	414	CDS		ATG	FF953_17985|CP040693_3662848_3662435_-1_ATG_137
CP040693	-3662883	TGA	FF953_17990	-3663260	378	CDS		ATG	FF953_17990|CP040693_3663260_3662883_-3_ATG_125
CP040693	-3663294	TAA	FF953_17995	-3664643	1350	CDS		ATG	FF953_17995|CP040693_3664643_3663294_-3_ATG_449
CP040693	-3664694	TAA	FF953_18000	-3665146	453	CDS		ATG	FF953_18000|CP040693_3665146_3664694_-1_ATG_150
CP040693	-3668035	TAG	FF953_18015	-3668844	810	CDS		GTG	FF953_18015|CP040693_3668844_3668035_-2_GTG_269
CP040693	-3674959	TAG	FF953_18035	-3675873	915	CDS		ATG	FF953_18035|CP040693_3675873_3674959_-2_ATG_304
CP040693	-3675900	TGA	FF953_18040	-3678812	2913	CDS		GTG	FF953_18040|CP040693_3678812_3675900_-3_GTG_970
CP040693	-3678832	TGA	FF953_18045	-3679749	918	CDS		GTG	FF953_18045|CP040693_3679749_3678832_-2_GTG_305
CP040693	-3679761	TGA	FF953_18050	-3680426	666	CDS		ATG	FF953_18050|CP040693_3680426_3679761_-3_ATG_221
CP040693	-3680534	TGA	FF953_18055	-3682291	1758	CDS		GTG	FF953_18055|CP040693_3682291_3680534_-1_GTG_585
CP040693	-3682372	TGA	FF953_18060	-3683787	1416	CDS		GTG	FF953_18060|CP040693_3683787_3682372_-2_GTG_471
CP040693	-3684546	TAG	FF953_18075	-3685715	1170	CDS		ATG	FF953_18075|CP040693_3685715_3684546_-3_ATG_389
CP040693	-3685712	TGA	FF953_18080	-3686896	1185	CDS		ATG	FF953_18080|CP040693_3686896_3685712_-1_ATG_394
CP040693	-3689377	TGA	FF953_18095	-3690000	624	CDS		GTG	FF953_18095|CP040693_3690000_3689377_-2_GTG_207
CP040693	-3692311	TAG	FF953_18110	-3693237	927	CDS		TTG	FF953_18110|CP040693_3693237_3692311_-2_TTG_308
CP040693	-3693263	TGA	FF953_18115	-3693433	171	CDS		ATG	FF953_18115|CP040693_3693433_3693263_-1_ATG_56
CP040693	-3693612	TAG	FF953_18120	-3693923	312	CDS		ATG	FF953_18120|CP040693_3693923_3693612_-3_ATG_103
CP040693	-3693994	TAA	FF953_18125	-3695091	1098	CDS		ATG	FF953_18125|CP040693_3695091_3693994_-2_ATG_365
CP040693	-3695091	TGA	FF953_18130	-3696374	1284	CDS		GTG	FF953_18130|CP040693_3696374_3695091_-3_GTG_427
CP040693	-3696371	TGA	FF953_18135	-3696772	402	CDS		ATG	FF953_18135|CP040693_3696772_3696371_-1_ATG_133
CP040693	-3700549	TAG	FF953_18160	-3700977	429	CDS		ATG	FF953_18160|CP040693_3700977_3700549_-2_ATG_142
CP040693	-3700981	TGA	FF953_18165	-3701223	243	CDS		ATG	FF953_18165|CP040693_3701223_3700981_-2_ATG_80
CP040693	-3701345	TAG	FF953_18170	-3701959	615	CDS		ATG	FF953_18170|CP040693_3701959_3701345_-1_ATG_204
CP040693	-3701956	TGA	FF953_18175	-3702621	666	CDS		ATG	FF953_18175|CP040693_3702621_3701956_-2_ATG_221
CP040693	-3702622	TGA	FF953_18180	-3703155	534	CDS		GTG	FF953_18180|CP040693_3703155_3702622_-2_GTG_177
CP040693	-3703152	TGA	FF953_18185	-3703526	375	CDS		ATG	FF953_18185|CP040693_3703526_3703152_-3_ATG_124
CP040693	-3703623	TAA	FF953_18190	-3704687	1065	CDS		GTG	FF953_18190|CP040693_3704687_3703623_-3_GTG_354
CP040693	-3706572	TAG	FF953_18210	-3706793	222	CDS		GTG	FF953_18210|CP040693_3706793_3706572_-3_GTG_73
CP040693	-3706903	TGA	FF953_18215	-3708062	1160	CDS	true	ATC	FF953_18215_p|CP040693_3708062_3706903_-3_ATC_386
CP040693	-3708122	TGA	FF953_18220	-3709383	1263	fCDS		ATG	FF953_18220_fCDS|CP040693_3709383_3708122_-2_ATG_420
CP040693	-3711322	TGA	FF953_18235	-3712260	939	CDS		ATG	FF953_18235|CP040693_3712260_3711322_-2_ATG_312
CP040693	-3717865	TGA	FF953_18260	-3718710	846	CDS		ATG	FF953_18260|CP040693_3718710_3717865_-2_ATG_281
CP040693	-3719659	TAA	FF953_18275	-3720528	870	CDS		ATG	FF953_18275|CP040693_3720528_3719659_-2_ATG_289
CP040693	-3720549	TAA	FF953_18280	-3721559	1011	CDS		ATG	FF953_18280|CP040693_3721559_3720549_-3_ATG_336
CP040693	-3722543	TAG	FF953_18290	-3723772	1230	CDS		ATG	FF953_18290|CP040693_3723772_3722543_-1_ATG_409
CP040693	-3727292	TAA	FF953_18310	-3736633	9342	CDS		ATG	FF953_18310|CP040693_3736633_3727292_-1_ATG_3113
CP040693	-3736682	TGA	FF953_18315	-3742621	5940	CDS		ATG	FF953_18315|CP040693_3742621_3736682_-1_ATG_1979
CP040693	-3743052	TAG	FF953_18320	-3743309	258	CDS		ATG	FF953_18320|CP040693_3743309_3743052_-3_ATG_85
CP040693	-3743565	TAA	FF953_18325	-3753038	9474	CDS		TTG	FF953_18325|CP040693_3753038_3743565_-3_TTG_3157
CP040693	-3753076	TGA	FF953_18330	-3753567	492	CDS		GTG	FF953_18330|CP040693_3753567_3753076_-2_GTG_163
CP040693	-3754147	TAA	FF953_18345	-3754965	819	CDS		ATG	FF953_18345|CP040693_3754965_3754147_-2_ATG_272
CP040693	-3755182	TGA	FF953_18350	-3755469	288	CDS		ATG	FF953_18350|CP040693_3755469_3755182_-2_ATG_95
CP040693	-3755806	TAA	FF953_18355	-3766955	11150	CDS	true	ATG	FF953_18355_p|CP040693_3766955_3755806_-3_ATG_3716
CP040693	-3767199	TGA	FF953_18360	-3767993	795	CDS		GTG	FF953_18360|CP040693_3767993_3767199_-3_GTG_264
CP040693	-3768075	TGA	FF953_18365	-3768446	372	CDS		GTG	FF953_18365|CP040693_3768446_3768075_-3_GTG_123
CP040693	-3768344	TGA	FF953_18370	-3768754	411	CDS		GTG	FF953_18370|CP040693_3768754_3768344_-1_GTG_136
CP040693	-3768589	TAG	FF953_18375	-3768849	261	CDS		ATG	FF953_18375|CP040693_3768849_3768589_-2_ATG_86
CP040693	-3769367	TAG	FF953_18385	-3769660	294	CDS		ATG	FF953_18385|CP040693_3769660_3769367_-1_ATG_97
CP040693	-3769657	TGA	FF953_18390	-3770502	846	CDS		GTG	FF953_18390|CP040693_3770502_3769657_-2_GTG_281
CP040693	-3772869	TAG	FF953_18415	-3773420	552	CDS		TTG	FF953_18415|CP040693_3773420_3772869_-3_TTG_183
CP040693	-3773427	TGA	FF953_18420	-3774008	582	CDS		GTG	FF953_18420|CP040693_3774008_3773427_-3_GTG_193
CP040693	-3773989	TGA	FF953_18425	-3774357	369	CDS		TTG	FF953_18425|CP040693_3774357_3773989_-2_TTG_122
CP040693	-3774335	TAG	FF953_18430	-3774727	393	CDS		ATG	FF953_18430|CP040693_3774727_3774335_-1_ATG_130
CP040693	-3774724	TGA	FF953_18435	-3777354	2631	CDS		GTG	FF953_18435|CP040693_3777354_3774724_-2_GTG_876
CP040693	-3777936	TGA	FF953_18445	-3778340	405	CDS		GTG	FF953_18445|CP040693_3778340_3777936_-3_GTG_134
CP040693	-3780197	TAA	FF953_18455	-3780841	645	CDS		ATG	FF953_18455|CP040693_3780841_3780197_-1_ATG_214
CP040693	-3781363	TGA	FF953_18465	-3784602	3240	CDS		ATG	FF953_18465|CP040693_3784602_3781363_-2_ATG_1079
CP040693	-3790710	TGA	FF953_18505	-3792215	1506	CDS		ATG	FF953_18505|CP040693_3792215_3790710_-3_ATG_501
CP040693	-3792220	TGA	FF953_18510	-3793110	891	CDS		ATG	FF953_18510|CP040693_3793110_3792220_-2_ATG_296
CP040693	-3793119	TAA	FF953_18515	-3794957	1839	CDS		ATG	FF953_18515|CP040693_3794957_3793119_-3_ATG_612
CP040693	-3794954	TGA	FF953_18520	-3795943	990	CDS		ATG	FF953_18520|CP040693_3795943_3794954_-1_ATG_329
CP040693	-3795943	TGA	FF953_18525	-3796332	390	CDS	true	ATT	FF953_18525_p|CP040693_3796332_3795943_-2_ATT_129
CP040693	-3797688	ATT	FF953_18535	-3798353	666	CDS	true	ATG	FF953_18535_p|CP040693_3798353_3797688_-3_ATG_222
CP040693	-3799107	TGA	FF953_18540	-3799499	393	CDS		ATG	FF953_18540|CP040693_3799499_3799107_-3_ATG_130
CP040693	-3799499	TGA	FF953_18545	-3799807	309	CDS		ATG	FF953_18545|CP040693_3799807_3799499_-1_ATG_102
CP040693	-3803765	TAG	FF953_18560	-3804637	873	CDS		ATG	FF953_18560|CP040693_3804637_3803765_-1_ATG_290
CP040693	-3807420	TGA	FF953_18575	-3808283	864	CDS		ATG	FF953_18575|CP040693_3808283_3807420_-3_ATG_287
CP040693	-3809288	TGA	FF953_18585	-3810871	1584	CDS		GTG	FF953_18585|CP040693_3810871_3809288_-1_GTG_527
CP040693	-3810868	TGA	FF953_18590	-3811482	615	CDS		ATG	FF953_18590|CP040693_3811482_3810868_-2_ATG_204
CP040693	-3812347	TAG	FF953_18600	-3813924	1578	CDS		GTG	FF953_18600|CP040693_3813924_3812347_-2_GTG_525
CP040693	-3813936	TAG	FF953_18605	-3814844	909	CDS		ATG	FF953_18605|CP040693_3814844_3813936_-3_ATG_302
CP040693	-3814873	TGA	FF953_18610	-3815952	1080	CDS		ATG	FF953_18610|CP040693_3815952_3814873_-2_ATG_359
CP040693	-3820474	CGG	FF953_18630	-3820983	510	CDS	true	ATT	FF953_18630_p|CP040693_3820983_3820474_-2_ATT_170
CP040693	-3820931	TAA	FF953_18635	-3821143	213	CDS		GTG	FF953_18635|CP040693_3821143_3820931_-1_GTG_70
CP040693	-3821136	TGA	FF953_18640	-3822374	1239	CDS		ATG	FF953_18640|CP040693_3822374_3821136_-3_ATG_412
CP040693	-3822745	TGA	FF953_18645	-3824346	1602	CDS		ATG	FF953_18645|CP040693_3824346_3822745_-2_ATG_533
CP040693	-3824363	TAA	FF953_18650	-3825067	705	CDS		GTG	FF953_18650|CP040693_3825067_3824363_-1_GTG_234
CP040693	-3825185	TGA	FF953_18655	-3825751	567	CDS		ATG	FF953_18655|CP040693_3825751_3825185_-1_ATG_188
CP040693	-3827474	TGA	FF953_18675	-3829210	1737	CDS		ATG	FF953_18675|CP040693_3829210_3827474_-1_ATG_578
CP040693	-3829266	TGA	FF953_18680	-3830393	1128	CDS		ATG	FF953_18680|CP040693_3830393_3829266_-3_ATG_375
CP040693	-3830413	TAA	FF953_18685	-3832002	1590	CDS		ATG	FF953_18685|CP040693_3832002_3830413_-2_ATG_529
CP040693	-3832629	TAG	FF953_18695	-3833528	900	CDS		ATG	FF953_18695|CP040693_3833528_3832629_-3_ATG_299
CP040693	-3833521	TGA	FF953_18700	-3834159	639	CDS		ATG	FF953_18700|CP040693_3834159_3833521_-2_ATG_212
CP040693	-3834177	TAA	FF953_18705	-3835004	828	CDS		GTG	FF953_18705|CP040693_3835004_3834177_-3_GTG_275
CP040693	-3835755	TGA	FF953_18715	-3837374	1620	CDS		ATG	FF953_18715|CP040693_3837374_3835755_-3_ATG_539
CP040693	-3837469	TAG	FF953_18720	-3837771	303	CDS		GTG	FF953_18720|CP040693_3837771_3837469_-2_GTG_100
CP040693	-3838038	TGA	FF953_18725	-3839072	1035	CDS		ATG	FF953_18725|CP040693_3839072_3838038_-3_ATG_344
CP040693	-3839069	TGA	FF953_18730	-3839545	477	CDS		GTG	FF953_18730|CP040693_3839545_3839069_-1_GTG_158
CP040693	-3839542	TGA	FF953_18735	-3840177	636	CDS		ATG	FF953_18735|CP040693_3840177_3839542_-2_ATG_211
CP040693	-3840174	TGA	FF953_18740	-3840680	507	CDS		TTG	FF953_18740|CP040693_3840680_3840174_-3_TTG_168
CP040693	-3840677	TGA	FF953_18745	-3841903	1227	CDS		GTG	FF953_18745|CP040693_3841903_3840677_-1_GTG_408
CP040693	-3842197	TGA	FF953_18755	-3842559	363	CDS		ATG	FF953_18755|CP040693_3842559_3842197_-2_ATG_120
CP040693	-3843995	TAG	FF953_18770	-3844261	267	CDS		GTG	FF953_18770|CP040693_3844261_3843995_-1_GTG_88
CP040693	-3844366	TAG	FF953_18775	-3845121	756	CDS		ATG	FF953_18775|CP040693_3845121_3844366_-2_ATG_251
CP040693	-3845205	TGA	FF953_18780	-3846215	1011	CDS		ATT	FF953_18780|CP040693_3846215_3845205_-3_ATT_336
CP040693	-3846140	TAA	FF953_18785	-3846319	180	CDS		GTG	FF953_18785|CP040693_3846319_3846140_-1_GTG_59
CP040693	-3846241	TGA	FF953_18790	-3847899	1659	CDS		CTG	FF953_18790|CP040693_3847899_3846241_-2_CTG_552
CP040693	-3847892	TGA	FF953_18795	-3848110	219	CDS		ATG	FF953_18795|CP040693_3848110_3847892_-1_ATG_72
CP040693	-3849470	TAG	FF953_18810	-3849672	203	CDS	true	CTG	FF953_18810_p|CP040693_3849672_3849470_-2_CTG_67
CP040693	-3850167	TGA	FF953_18820	-3850433	267	CDS		GTG	FF953_18820|CP040693_3850433_3850167_-3_GTG_88
CP040693	-3850901	TGA	FF953_18825	-3851263	363	CDS		ATG	FF953_18825|CP040693_3851263_3850901_-1_ATG_120
CP040693	-3852019	TAA	FF953_18835	-3853066	1048	CDS	true	GTG	FF953_18835_p|CP040693_3853066_3852019_-1_GTG_349
CP040693	-3853105	TGA	FF953_18840	-3853260	156	CDS		TTG	FF953_18840|CP040693_3853260_3853105_-2_TTG_51
CP040693	-3853285	TAG	FF953_18845	-3853494	210	CDS		TTG	FF953_18845|CP040693_3853494_3853285_-2_TTG_69
CP040693	-3853579	GTC	FF953_18850	-3854415	837	CDS	true	GCT	FF953_18850_p|CP040693_3854415_3853579_-2_GCT_279
CP040693	-3854633	TAG	FF953_18855	-3856015	1383	CDS		GTG	FF953_18855|CP040693_3856015_3854633_-1_GTG_460
CP040693	-3856053	TAG	FF953_18860	-3857474	1422	CDS		ATG	FF953_18860|CP040693_3857474_3856053_-3_ATG_473
CP040693	-3857476	TGA	FF953_18865	-3858189	714	CDS		GTG	FF953_18865|CP040693_3858189_3857476_-2_GTG_237
CP040693	-3858200	TAA	FF953_18870	-3859054	855	CDS		TTG	FF953_18870|CP040693_3859054_3858200_-1_TTG_284
CP040693	-3859276	TAG	FF953_18875	-3861150	1875	CDS		GTG	FF953_18875|CP040693_3861150_3859276_-2_GTG_624
CP040693	-3862520	TGA	FF953_18890	-3863923	1404	CDS		GTG	FF953_18890|CP040693_3863923_3862520_-1_GTG_467
CP040693	-3863926	TGA	FF953_18895	-3864237	312	CDS		ATG	FF953_18895|CP040693_3864237_3863926_-2_ATG_103
CP040693	-3864285	TGA	FF953_18900	-3865631	1347	CDS		ATG	FF953_18900|CP040693_3865631_3864285_-3_ATG_448
CP040693	-3865756	TGA	FF953_18905	-3866211	456	CDS		ATG	FF953_18905|CP040693_3866211_3865756_-2_ATG_151
CP040693	-3866208	TGA	FF953_18910	-3866651	444	CDS		GTG	FF953_18910|CP040693_3866651_3866208_-3_GTG_147
CP040693	-3866884	TAG	FF953_18915	-3867186	303	CDS		ATG	FF953_18915|CP040693_3867186_3866884_-2_ATG_100
CP040693	-3867207	TAG	FF953_18920	-3867524	318	CDS		GTG	FF953_18920|CP040693_3867524_3867207_-3_GTG_105
CP040693	-3867577	TGA	FF953_18925	-3868791	1215	CDS		GTG	FF953_18925|CP040693_3868791_3867577_-2_GTG_404
CP040693	-3868788	TGA	FF953_18930	-3872498	3711	CDS		ATG	FF953_18930|CP040693_3872498_3868788_-3_ATG_1236
CP040693	-3875344	TAG	FF953_18945	-3876756	1413	CDS		GTG	FF953_18945|CP040693_3876756_3875344_-2_GTG_470
CP040693	-3880311	TAA	FF953_18970	-3881204	894	CDS		GTG	FF953_18970|CP040693_3881204_3880311_-3_GTG_297
CP040693	-3881149	TAG	FF953_18975	-3881691	543	CDS		ATG	FF953_18975|CP040693_3881691_3881149_-2_ATG_180
CP040693	-3881723	TAG	FF953_18980	-3882766	1044	CDS		ATG	FF953_18980|CP040693_3882766_3881723_-1_ATG_347
CP040693	-3882918	TAA	FF953_18985	-3883523	606	CDS		ATG	FF953_18985|CP040693_3883523_3882918_-3_ATG_201
CP040693	-3883532	TAG	FF953_18990	-3883951	420	CDS		ATG	FF953_18990|CP040693_3883951_3883532_-1_ATG_139
CP040693	-3883955	TAA	FF953_18995	-3884329	375	CDS		ATG	FF953_18995|CP040693_3884329_3883955_-1_ATG_124
CP040693	-3884602	TAG	FF953_19005	-3884715	114	CDS		GTG	FF953_19005|CP040693_3884715_3884602_-2_GTG_37
CP040693	-3884748	TAG	FF953_19010	-3884969	222	CDS		ATG	FF953_19010|CP040693_3884969_3884748_-3_ATG_73
CP040693	-3889291	TGA	FF953_19040	-3890385	1095	CDS		GTG	FF953_19040|CP040693_3890385_3889291_-2_GTG_364
CP040693	-3890389	TGA	FF953_19045	-3891399	1011	CDS		ATG	FF953_19045|CP040693_3891399_3890389_-2_ATG_336
CP040693	-3891460	TAG	FF953_19050	-3893118	1659	CDS		GTG	FF953_19050|CP040693_3893118_3891460_-2_GTG_552
CP040693	-3893124	TGA	FF953_19055	-3893657	534	CDS		ATG	FF953_19055|CP040693_3893657_3893124_-3_ATG_177
CP040693	-3894264	TGA	FF953_19065	-3895049	786	CDS		GTG	FF953_19065|CP040693_3895049_3894264_-3_GTG_261
CP040693	-3895329	TAG	FF953_19070	-3896678	1350	CDS		ATG	FF953_19070|CP040693_3896678_3895329_-3_ATG_449
CP040693	-3901867	TGA	FF953_19090	-3903360	1494	CDS		GTG	FF953_19090|CP040693_3903360_3901867_-2_GTG_497
CP040693	-3903451	TGA	FF953_19095	-3904140	690	CDS		ATG	FF953_19095|CP040693_3904140_3903451_-2_ATG_229
CP040693	-3904282	TAA	FF953_19100	-3905064	783	CDS		ATG	FF953_19100|CP040693_3905064_3904282_-2_ATG_260
CP040693	-3905108	TAG	FF953_19105	-3905771	664	CDS	true	GTG	FF953_19105_p|CP040693_3905771_3905108_-3_GTG_221
CP040693	-3907581	TAA	FF953_19115	-3908525	945	CDS		ATG	FF953_19115|CP040693_3908525_3907581_-3_ATG_314
CP040693	-3909133	TAG	FF953_19130	-3909966	834	CDS		GTG	FF953_19130|CP040693_3909966_3909133_-2_GTG_277
CP040693	-3913424	TAA	FF953_19155	-3913906	483	CDS		ATG	FF953_19155|CP040693_3913906_3913424_-1_ATG_160
CP040693	-3913906	TGA	FF953_19160	-3914634	729	CDS		GTG	FF953_19160|CP040693_3914634_3913906_-2_GTG_242
CP040693	-3914634	TAG	FF953_19165	-3916328	1695	CDS		ATG	FF953_19165|CP040693_3916328_3914634_-3_ATG_564
CP040693	-3916339	TAG	FF953_19170	-3917493	1155	CDS		ATG	FF953_19170|CP040693_3917493_3916339_-2_ATG_384
CP040693	-3917490	TGA	FF953_19175	-3918845	1356	CDS		GTG	FF953_19175|CP040693_3918845_3917490_-3_GTG_451
CP040693	-3918842	TGA	FF953_19180	-3919915	1074	CDS		TTG	FF953_19180|CP040693_3919915_3918842_-1_TTG_357
CP040693	-3919905	TAG	FF953_19185	-3920957	1053	CDS		ATG	FF953_19185|CP040693_3920957_3919905_-3_ATG_350
CP040693	-3920957	TGA	FF953_19190	-3922159	1203	CDS		ATG	FF953_19190|CP040693_3922159_3920957_-1_ATG_400
CP040693	-3922179	TAA	FF953_19195	-3923021	843	CDS		ATG	FF953_19195|CP040693_3923021_3922179_-3_ATG_280
CP040693	-3923056	TAA	FF953_19200	-3923820	765	CDS		TTG	FF953_19200|CP040693_3923820_3923056_-2_TTG_254
CP040693	-3924046	TGA	FF953_19205	-3924999	954	CDS		TTG	FF953_19205|CP040693_3924999_3924046_-2_TTG_317
CP040693	-3925024	TAG	FF953_19210	-3925215	192	CDS		GTG	FF953_19210|CP040693_3925215_3925024_-2_GTG_63
CP040693	-3938991	TAG	FF953_19240	-3940538	1548	CDS		GTG	FF953_19240|CP040693_3940538_3938991_-3_GTG_515
CP040693	-3940535	TGA	FF953_19245	-3941371	837	CDS		ATG	FF953_19245|CP040693_3941371_3940535_-1_ATG_278
CP040693	-3948383	TGA	FF953_19260	-3949039	657	CDS		ATG	FF953_19260|CP040693_3949039_3948383_-1_ATG_218
CP040693	-3954115	TAG	FF953_19270	-3954333	219	CDS		GTG	FF953_19270|CP040693_3954333_3954115_-2_GTG_72
CP040693	-3954330	TGA	FF953_19275	-3955976	1647	CDS		GTG	FF953_19275|CP040693_3955976_3954330_-3_GTG_548
CP040693	-3957831	TGA	FF953_19290	-3959027	1197	CDS		ATG	FF953_19290|CP040693_3959027_3957831_-3_ATG_398
CP040693	-3959831	TGA	FF953_19300	-3960874	1044	CDS		GTG	FF953_19300|CP040693_3960874_3959831_-1_GTG_347
CP040693	-3965306	TAG	FF953_19325	-3965830	525	CDS		ATG	FF953_19325|CP040693_3965830_3965306_-1_ATG_174
CP040693	-3967985	TAA	FF953_19340	-3968698	714	CDS		ATG	FF953_19340|CP040693_3968698_3967985_-1_ATG_237
CP040693	-3969390	TGA	FF953_19355	-3970544	1155	CDS		ATG	FF953_19355|CP040693_3970544_3969390_-3_ATG_384
CP040693	-3970544	TAA	FF953_19360	-3971326	783	CDS		ATG	FF953_19360|CP040693_3971326_3970544_-1_ATG_260
CP040693	-3971323	TGA	FF953_19365	-3972450	1128	CDS		GTG	FF953_19365|CP040693_3972450_3971323_-2_GTG_375
CP040693	-3974211	TGA	FF953_19375	-3975959	1749	CDS		ATG	FF953_19375|CP040693_3975959_3974211_-3_ATG_582
CP040693	-3976058	TGA	FF953_19380	-3977098	1041	CDS		ATG	FF953_19380|CP040693_3977098_3976058_-1_ATG_346
CP040693	-3977095	TGA	FF953_19385	-3978006	912	CDS		ATG	FF953_19385|CP040693_3978006_3977095_-2_ATG_303
CP040693	-3978017	TAA	FF953_19390	-3978802	786	CDS		ATG	FF953_19390|CP040693_3978802_3978017_-1_ATG_261
CP040693	-3983005	TAA	FF953_19410	-3984165	1161	CDS		GTG	FF953_19410|CP040693_3984165_3983005_-2_GTG_386
CP040693	-3984165	TAG	FF953_19415	-3984554	390	CDS		ATG	FF953_19415|CP040693_3984554_3984165_-3_ATG_129
CP040693	-3984551	TGA	FF953_19420	-3985486	936	CDS		GTG	FF953_19420|CP040693_3985486_3984551_-1_GTG_311
CP040693	-3985483	TGA	FF953_19425	-3986646	1164	CDS		ATG	FF953_19425|CP040693_3986646_3985483_-2_ATG_387
CP040693	-3986631	TGA	FF953_19430	-3987650	1020	CDS		ATG	FF953_19430|CP040693_3987650_3986631_-3_ATG_339
CP040693	-3987650	TAA	FF953_19435	-3988951	1302	CDS		GTG	FF953_19435|CP040693_3988951_3987650_-1_GTG_433
CP040693	-3990887	TAG	FF953_19450	-3991801	915	CDS		ATG	FF953_19450|CP040693_3991801_3990887_-1_ATG_304
CP040693	-3991824	TGA	FF953_19455	-3992603	780	CDS		GTG	FF953_19455|CP040693_3992603_3991824_-3_GTG_259
CP040693	-3992600	TGA	FF953_19460	-3992704	105	CDS		GTG	FF953_19460|CP040693_3992704_3992600_-1_GTG_34
CP040693	-3998335	TGA	FF953_19490	-3999204	870	CDS		ATG	FF953_19490|CP040693_3999204_3998335_-2_ATG_289
CP040693	-3999309	TAG	FF953_19495	-4000469	1161	CDS		ATG	FF953_19495|CP040693_4000469_3999309_-3_ATG_386
CP040693	-4000534	TGA	FF953_19500	-4001136	603	CDS		ATG	FF953_19500|CP040693_4001136_4000534_-2_ATG_200
CP040693	-4003152	TGA	FF953_19510	-4003940	789	CDS		ATG	FF953_19510|CP040693_4003940_4003152_-3_ATG_262
CP040693	-4003937	TGA	FF953_19515	-4005094	1158	CDS		ATG	FF953_19515|CP040693_4005094_4003937_-1_ATG_385
CP040693	-4010836	TAA	FF953_19545	-4011687	852	CDS		ATG	FF953_19545|CP040693_4011687_4010836_-2_ATG_283
CP040693	-4011672	TGA	FF953_19550	-4011938	267	CDS		GTG	FF953_19550|CP040693_4011938_4011672_-3_GTG_88
CP040693	-4012224	TAG	FF953_19560	-4012787	564	CDS		ATG	FF953_19560|CP040693_4012787_4012224_-3_ATG_187
CP040693	-4012802	TAG	FF953_19565	-4013704	903	CDS		ATG	FF953_19565|CP040693_4013704_4012802_-1_ATG_300
CP040693	-4013701	TGA	FF953_19570	-4014576	876	CDS		ATG	FF953_19570|CP040693_4014576_4013701_-2_ATG_291
CP040693	-4014591	TAG	FF953_19575	-4015775	1185	CDS		GTG	FF953_19575|CP040693_4015775_4014591_-3_GTG_394
CP040693	-4017582	TGA	FF953_19590	-4019717	2136	CDS		GTG	FF953_19590|CP040693_4019717_4017582_-3_GTG_711
CP040693	-4020594	TAA	FF953_19600	-4021673	1080	CDS		GTG	FF953_19600|CP040693_4021673_4020594_-3_GTG_359
CP040693	-4024930	TGA	FF953_19620	-4025898	969	CDS		ATG	FF953_19620|CP040693_4025898_4024930_-2_ATG_322
CP040693	-4025899	TAG	FF953_19625	-4027308	1410	CDS		GTG	FF953_19625|CP040693_4027308_4025899_-2_GTG_469
CP040693	-4027373	TAG	FF953_19630	-4027852	480	CDS		GTG	FF953_19630|CP040693_4027852_4027373_-1_GTG_159
CP040693	-4027849	TGA	FF953_19635	-4028544	696	CDS		GTG	FF953_19635|CP040693_4028544_4027849_-2_GTG_231
CP040693	-4028561	TGA	FF953_19640	-4029049	489	CDS		ATG	FF953_19640|CP040693_4029049_4028561_-1_ATG_162
CP040693	-4032473	TAA	FF953_19660	-4033267	795	CDS		GTG	FF953_19660|CP040693_4033267_4032473_-1_GTG_264
CP040693	-4033376	TGA	FF953_19665	-4033999	624	CDS		ATG	FF953_19665|CP040693_4033999_4033376_-1_ATG_207
CP040693	-4034909	TAA	FF953_19675	-4036663	1755	CDS		ATG	FF953_19675|CP040693_4036663_4034909_-1_ATG_584
CP040693	-4036774	TGA	FF953_19680	-4037547	774	CDS		GTG	FF953_19680|CP040693_4037547_4036774_-2_GTG_257
CP040693	-4040236	TGA	FF953_19700	-4041555	1320	CDS		ATG	FF953_19700|CP040693_4041555_4040236_-2_ATG_439
CP040693	-4041663	TAG	FF953_19705	-4044209	2547	CDS		ATG	FF953_19705|CP040693_4044209_4041663_-3_ATG_848
CP040693	-4044486	TGA	FF953_19710	-4044824	339	CDS		ATG	FF953_19710|CP040693_4044824_4044486_-3_ATG_112
CP040693	-4044928	TGA	FF953_19715	-4046445	1518	CDS		GTG	FF953_19715|CP040693_4046445_4044928_-2_GTG_505
CP040693	-4046457	TAA	FF953_19720	-4046540	84	CDS		ATG	FF953_19720|CP040693_4046540_4046457_-3_ATG_27
CP040693	-4046546	TGA	FF953_19725	-4047364	819	CDS		GTG	FF953_19725|CP040693_4047364_4046546_-1_GTG_272
CP040693	-4047367	TAG	FF953_19730	-4047786	420	CDS		ATG	FF953_19730|CP040693_4047786_4047367_-2_ATG_139
CP040693	-4047786	TGA	FF953_19735	-4048715	930	CDS		ATG	FF953_19735|CP040693_4048715_4047786_-3_ATG_309
CP040693	-4048712	TGA	FF953_19740	-4049623	912	CDS		ATG	FF953_19740|CP040693_4049623_4048712_-1_ATG_303
CP040693	-4049808	TAG	FF953_19745	-4051001	1194	CDS		ATG	FF953_19745|CP040693_4051001_4049808_-3_ATG_397
CP040693	-4051210	TAG	FF953_19750	-4051686	477	CDS		ATG	FF953_19750|CP040693_4051686_4051210_-2_ATG_158
CP040693	-4051686	TGA	FF953_19755	-4052252	567	CDS		ATG	FF953_19755|CP040693_4052252_4051686_-3_ATG_188
CP040693	-4052249	TGA	FF953_19760	-4052650	402	CDS		ATG	FF953_19760|CP040693_4052650_4052249_-1_ATG_133
CP040693	-4052643	TGA	FF953_19765	-4053485	843	CDS		GTG	FF953_19765|CP040693_4053485_4052643_-3_GTG_280
CP040693	-4053482	TGA	FF953_19770	-4054090	609	CDS		ATG	FF953_19770|CP040693_4054090_4053482_-1_ATG_202
CP040693	-4054106	TGA	FF953_19775	-4056388	2283	CDS		ATG	FF953_19775|CP040693_4056388_4054106_-1_ATG_760
CP040693	-4056446	TAA	FF953_19780	-4056946	501	CDS		ATG	FF953_19780|CP040693_4056946_4056446_-1_ATG_166
CP040693	-4057356	TGA	FF953_19790	-4057685	330	CDS		ATG	FF953_19790|CP040693_4057685_4057356_-3_ATG_109
CP040693	-4057719	TAG	FF953_19795	-4057880	162	CDS		ATG	FF953_19795|CP040693_4057880_4057719_-3_ATG_53
CP040693	-4057980	TGA	FF953_19800	-4058534	555	CDS		GTG	FF953_19800|CP040693_4058534_4057980_-3_GTG_184
CP040693	-4058650	TGA	FF953_19805	-4058961	312	CDS		ATG	FF953_19805|CP040693_4058961_4058650_-2_ATG_103
CP040693	-4059035	TAA	FF953_19810	-4060213	1179	CDS		ATG	FF953_19810|CP040693_4060213_4059035_-1_ATG_392
CP040693	-4063822	TAA	FF953_19830	-4064106	285	CDS		ATG	FF953_19830|CP040693_4064106_4063822_-2_ATG_94
CP040693	-4064133	TGA	FF953_19835	-4064429	297	CDS		ATG	FF953_19835|CP040693_4064429_4064133_-3_ATG_98
CP040693	-4064486	TGA	FF953_19840	-4065727	1242	CDS		ATG	FF953_19840|CP040693_4065727_4064486_-1_ATG_413
CP040693	-4065737	TAG	FF953_19845	-4066036	300	CDS		ATG	FF953_19845|CP040693_4066036_4065737_-1_ATG_99
CP040693	-4067092	TAG	FF953_19855	-4067742	651	CDS		TTG	FF953_19855|CP040693_4067742_4067092_-2_TTG_216
CP040693	-4067739	TGA	FF953_19860	-4068710	972	CDS		ATG	FF953_19860|CP040693_4068710_4067739_-3_ATG_323
CP040693	-4068689	TAG	FF953_19865	-4069741	1053	CDS		GTG	FF953_19865|CP040693_4069741_4068689_-1_GTG_350
CP040693	-4069738	TGA	FF953_19870	-4071123	1386	CDS		ATG	FF953_19870|CP040693_4071123_4069738_-2_ATG_461
CP040693	-4071795	TGA	FF953_19880	-4072892	1098	CDS		ATG	FF953_19880|CP040693_4072892_4071795_-3_ATG_365
CP040693	-4076505	TGA	FF953_19905	-4077449	945	CDS		GTG	FF953_19905|CP040693_4077449_4076505_-3_GTG_314
CP040693	-4081722	TGA	FF953_19925	-4082288	567	CDS		ATG	FF953_19925|CP040693_4082288_4081722_-3_ATG_188
CP040693	-4082358	TAG	FF953_19930	-4083587	1230	CDS		ATG	FF953_19930|CP040693_4083587_4082358_-3_ATG_409
CP040693	-4083763	TGA	FF953_19935	-4084398	636	CDS		GTG	FF953_19935|CP040693_4084398_4083763_-2_GTG_211
CP040693	-4084409	TAA	FF953_19940	-4084603	195	CDS		GTG	FF953_19940|CP040693_4084603_4084409_-1_GTG_64
CP040693	-4085354	TAG	FF953_19955	-4086559	1206	CDS		ATG	FF953_19955|CP040693_4086559_4085354_-1_ATG_401
CP040693	-4088291	TAG	FF953_19965	-4091095	2805	CDS		TTG	FF953_19965|CP040693_4091095_4088291_-1_TTG_934
CP040693	-4091448	TAG	FF953_19970	-4092026	579	CDS		GTG	FF953_19970|CP040693_4092026_4091448_-3_GTG_192
CP040693	-4092166	TGA	FF953_19975	-4092369	204	CDS		ATG	FF953_19975|CP040693_4092369_4092166_-2_ATG_67
CP040693	-4097231	TGA	FF953_19995	-4097476	246	CDS		ATG	FF953_19995|CP040693_4097476_4097231_-1_ATG_81
CP040693	-4098516	TGA	FF953_20010	-4098893	378	CDS		TTG	FF953_20010|CP040693_4098893_4098516_-3_TTG_125
CP040693	-4098856	TGA	FF953_20015	-4099155	300	CDS		GTG	FF953_20015|CP040693_4099155_4098856_-2_GTG_99
CP040693	-4099179	TAG	FF953_20020	-4099385	207	CDS		ATG	FF953_20020|CP040693_4099385_4099179_-3_ATG_68
CP040693	-4099395	TGA	FF953_20025	-4099970	576	CDS		ATG	FF953_20025|CP040693_4099970_4099395_-3_ATG_191
CP040693	-4099994	TGA	FF953_20030	-4100794	801	CDS		ATG	FF953_20030|CP040693_4100794_4099994_-1_ATG_266
CP040693	-4100791	TGA	FF953_20035	-4101954	1164	CDS		ATG	FF953_20035|CP040693_4101954_4100791_-2_ATG_387
CP040693	-4101951	TGA	FF953_20040	-4103003	1053	CDS		ATG	FF953_20040|CP040693_4103003_4101951_-3_ATG_350
CP040693	-4104540	CCG	FF953_20055	-4104807	268	CDS	true	ATC	FF953_20055_p|CP040693_4104807_4104540_-2_ATC_89
CP040693	-4105120	TGA	FF953_20060	-4105890	771	CDS		GTG	FF953_20060|CP040693_4105890_4105120_-2_GTG_256
CP040693	-4105887	TGA	FF953_20065	-4107533	1647	CDS		ATG	FF953_20065|CP040693_4107533_4105887_-3_ATG_548
CP040693	-4107530	TGA	FF953_20070	-4108393	864	CDS		ATG	FF953_20070|CP040693_4108393_4107530_-1_ATG_287
CP040693	-4108386	TGA	FF953_20075	-4109312	927	CDS		ATG	FF953_20075|CP040693_4109312_4108386_-3_ATG_308
CP040693	-4109314	TGA	FF953_20080	-4110939	1626	CDS		ATG	FF953_20080|CP040693_4110939_4109314_-2_ATG_541
CP040693	-4113638	TGA	FF953_20095	-4114336	699	CDS		TTG	FF953_20095|CP040693_4114336_4113638_-1_TTG_232
CP040693	-4116177	TGA	FF953_20110	-4117370	1194	CDS		ATG	FF953_20110|CP040693_4117370_4116177_-3_ATG_397
CP040693	-4117376	TGA	FF953_20115	-4118197	822	CDS		ATG	FF953_20115|CP040693_4118197_4117376_-1_ATG_273
CP040693	-4118329	TGA	FF953_20120	-4119012	684	CDS		ATG	FF953_20120|CP040693_4119012_4118329_-2_ATG_227
CP040693	-4119012	TAA	FF953_20125	-4119749	738	CDS		GTG	FF953_20125|CP040693_4119749_4119012_-3_GTG_245
CP040693	-4121113	TAG	FF953_20140	-4121907	795	CDS		ATG	FF953_20140|CP040693_4121907_4121113_-2_ATG_264
CP040693	-4121914	TAG	FF953_20145	-4122369	456	CDS		ATG	FF953_20145|CP040693_4122369_4121914_-2_ATG_151
CP040693	-4122385	TAG	FF953_20150	-4122546	162	CDS		ATG	FF953_20150|CP040693_4122546_4122385_-2_ATG_53
CP040693	-4124767	TGA	FF953_20165	-4125315	549	CDS		ATG	FF953_20165|CP040693_4125315_4124767_-2_ATG_182
CP040693	-4125452	TAG	FF953_20170	-4125808	357	CDS		GTG	FF953_20170|CP040693_4125808_4125452_-1_GTG_118
CP040693	-4131547	TAG	FF953_20200	-4132977	1431	CDS		ATG	FF953_20200|CP040693_4132977_4131547_-2_ATG_476
CP040693	-4133003	TAG	FF953_20205	-4133335	333	CDS		ATG	FF953_20205|CP040693_4133335_4133003_-1_ATG_110
CP040693	-4133575	TAA	FF953_20210	-4133943	369	CDS		TTG	FF953_20210|CP040693_4133943_4133575_-2_TTG_122
CP040693	-4134145	TAG	FF953_20215	-4134609	465	CDS		ATG	FF953_20215|CP040693_4134609_4134145_-2_ATG_154
CP040693	-4140374	TGA	FF953_20250	-4141366	993	CDS		GTG	FF953_20250|CP040693_4141366_4140374_-1_GTG_330
CP040693	-4142454	TAG	FF953_20260	-4143980	1527	CDS		TTG	FF953_20260|CP040693_4143980_4142454_-3_TTG_508
CP040693	-4144057	TGA	FF953_20265	-4144494	438	CDS		GTG	FF953_20265|CP040693_4144494_4144057_-2_GTG_145
CP040693	-4144491	TGA	FF953_20270	-4144715	225	CDS		ATG	FF953_20270|CP040693_4144715_4144491_-3_ATG_74
CP040693	-4147000	TAG	FF953_20285	-4148172	1173	CDS		ATG	FF953_20285|CP040693_4148172_4147000_-2_ATG_390
CP040693	-4148203	TGA	FF953_20290	-4149168	966	CDS		ATG	FF953_20290|CP040693_4149168_4148203_-2_ATG_321
CP040693	-4149165	TGA	FF953_20295	-4149866	702	CDS		ATG	FF953_20295|CP040693_4149866_4149165_-3_ATG_233
CP040693	-4149866	TGA	FF953_20300	-4151143	1278	CDS		GTG	FF953_20300|CP040693_4151143_4149866_-1_GTG_425
CP040693	-4151140	TGA	FF953_20305	-4152438	1299	CDS		ATG	FF953_20305|CP040693_4152438_4151140_-2_ATG_432
CP040693	-4152570	TGA	FF953_20310	-4153214	645	CDS		ATG	FF953_20310|CP040693_4153214_4152570_-3_ATG_214
CP040693	-4153343	TAG	FF953_20315	-4153732	390	CDS		ATG	FF953_20315|CP040693_4153732_4153343_-1_ATG_129
CP040693	-4153843	TAA	FF953_20320	-4154163	321	CDS		ATG	FF953_20320|CP040693_4154163_4153843_-2_ATG_106
CP040693	-4154282	TAG	FF953_20325	-4155292	1011	CDS		GTG	FF953_20325|CP040693_4155292_4154282_-1_GTG_336
CP040693	-4155432	TGA	FF953_20330	-4156469	1038	CDS		ATG	FF953_20330|CP040693_4156469_4155432_-3_ATG_345
CP040693	-4156470	TAG	FF953_20335	-4157735	1266	CDS		GTG	FF953_20335|CP040693_4157735_4156470_-3_GTG_421
CP040693	-4159992	TGA	FF953_20345	-4160981	990	CDS		GTG	FF953_20345|CP040693_4160981_4159992_-3_GTG_329
CP040693	-4161010	TGA	FF953_20350	-4161300	291	CDS		GTG	FF953_20350|CP040693_4161300_4161010_-2_GTG_96
CP040693	-4163183	TAA	FF953_20365	-4164073	891	CDS		ATG	FF953_20365|CP040693_4164073_4163183_-1_ATG_296
CP040693	-4164141	TGA	FF953_20370	-4164752	612	CDS		ATG	FF953_20370|CP040693_4164752_4164141_-3_ATG_203
CP040693	-4164764	TGA	FF953_20375	-4165165	402	CDS		ATG	FF953_20375|CP040693_4165165_4164764_-1_ATG_133
CP040693	-4166067	TGA	FF953_20385	-4166510	444	CDS		ATG	FF953_20385|CP040693_4166510_4166067_-3_ATG_147
CP040693	-4169247	TAG	FF953_20400	-4170983	1737	CDS		GTG	FF953_20400|CP040693_4170983_4169247_-3_GTG_578
CP040693	-4171073	TGA	FF953_20405	-4172380	1308	CDS		GTG	FF953_20405|CP040693_4172380_4171073_-1_GTG_435
CP040693	-4184933	TAA	FF953_20455	-4185973	1041	CDS		ATG	FF953_20455|CP040693_4185973_4184933_-1_ATG_346
CP040693	-4188265	TGA	FF953_20470	-4188765	501	CDS		ATG	FF953_20470|CP040693_4188765_4188265_-2_ATG_166
CP040693	-4188779	TAA	FF953_20475	-4190143	1365	CDS		ATG	FF953_20475|CP040693_4190143_4188779_-1_ATG_454
CP040693	-4193538	TAG	FF953_20495	-4194770	1233	CDS	true	ATG	FF953_20495_p|CP040693_4194770_4193538_-3_ATG_410
CP040693	-4195086	TGA	FF953_20500	-4196432	1347	CDS		ATG	FF953_20500|CP040693_4196432_4195086_-3_ATG_448
CP040693	-4196432	TGA	FF953_20505	-4197106	675	CDS		ATG	FF953_20505|CP040693_4197106_4196432_-1_ATG_224
CP040693	-4197103	TGA	FF953_20510	-4197498	396	CDS		GTG	FF953_20510|CP040693_4197498_4197103_-2_GTG_131
CP040693	-4197644	TGA	FF953_20515	-4199626	1983	CDS		GTG	FF953_20515|CP040693_4199626_4197644_-1_GTG_660
CP040693	-4200139	TGA	FF953_20525	-4200351	213	CDS		ATG	FF953_20525|CP040693_4200351_4200139_-2_ATG_70
CP040693	-4200424	TAG	FF953_20530	-4200759	336	CDS		ATG	FF953_20530|CP040693_4200759_4200424_-2_ATG_111
CP040693	-4201882	TAG	FF953_20545	-4202391	510	CDS		ATG	FF953_20545|CP040693_4202391_4201882_-2_ATG_169
CP040693	-4202459	TAG	FF953_20550	-4202851	393	CDS		ATG	FF953_20550|CP040693_4202851_4202459_-1_ATG_130
CP040693	-4203009	TGA	FF953_20555	-4203209	201	CDS		TTG	FF953_20555|CP040693_4203209_4203009_-3_TTG_66
CP040693	-4203500	TGA	FF953_20570	-4203958	459	CDS		GTG	FF953_20570|CP040693_4203958_4203500_-1_GTG_152
CP040693	-4203974	TGA	FF953_20575	-4204495	522	CDS		ATG	FF953_20575|CP040693_4204495_4203974_-1_ATG_173
CP040693	-4205542	TAA	FF953_20585	-4206141	600	CDS		GTG	FF953_20585|CP040693_4206141_4205542_-2_GTG_199
CP040693	-4206147	TAG	FF953_20590	-4206866	720	CDS		ATG	FF953_20590|CP040693_4206866_4206147_-3_ATG_239
CP040693	-4206863	TGA	FF953_20595	-4207552	690	CDS		ATG	FF953_20595|CP040693_4207552_4206863_-1_ATG_229
CP040693	-4207540	TGA	FF953_20600	-4208670	1131	CDS		TTG	FF953_20600|CP040693_4208670_4207540_-2_TTG_376
CP040693	-4208679	TAG	FF953_20605	-4209626	948	CDS		ATG	FF953_20605|CP040693_4209626_4208679_-3_ATG_315
CP040693	-4210115	TAA	FF953_20615	-4211170	1056	CDS		GTG	FF953_20615|CP040693_4211170_4210115_-1_GTG_351
CP040693	-4211249	TAG	FF953_20620	-4213129	1881	CDS		GTG	FF953_20620|CP040693_4213129_4211249_-1_GTG_626
CP040693	-4213835	TAG	FF953_20630	-4215262	1428	CDS		GTG	FF953_20630|CP040693_4215262_4213835_-1_GTG_475
CP040693	-4215333	TAG	FF953_20635	-4216037	705	CDS		ATG	FF953_20635|CP040693_4216037_4215333_-3_ATG_234
CP040693	-4217246	TGA	FF953_20645	-4218190	945	CDS		GTG	FF953_20645|CP040693_4218190_4217246_-1_GTG_314
CP040693	-4219450	TAA	FF953_20660	-4220025	576	CDS		ATG	FF953_20660|CP040693_4220025_4219450_-2_ATG_191
CP040693	-4220170	CTG	FF953_20665	-4220519	350	CDS	true	GTG	FF953_20665_p|CP040693_4220519_4220170_-3_GTG_116
CP040693	-4220654	TGA	FF953_20670	-4220980	327	CDS		GTG	FF953_20670|CP040693_4220980_4220654_-1_GTG_108
CP040693	-4222491	TAG	FF953_20690	-4223075	585	CDS		ATG	FF953_20690|CP040693_4223075_4222491_-3_ATG_194
CP040693	-4227948	TGA	FF953_20720	-4229144	1197	CDS		ATG	FF953_20720|CP040693_4229144_4227948_-3_ATG_398
CP040693	-4236534	TAG	FF953_20760	-4237757	1224	CDS		ATG	FF953_20760|CP040693_4237757_4236534_-3_ATG_407
CP040693	-4237770	TGA	FF953_20765	-4238696	927	CDS		GTG	FF953_20765|CP040693_4238696_4237770_-3_GTG_308
CP040693	-4258540	TAG	FF953_20825	-4260108	1569	CDS		GTG	FF953_20825|CP040693_4260108_4258540_-2_GTG_522
CP040693	-4260105	TGA	FF953_20830	-4265306	5202	CDS		ATG	FF953_20830|CP040693_4265306_4260105_-3_ATG_1733
CP040693	-4265313	TGA	FF953_20835	-4267226	1914	CDS		ATG	FF953_20835|CP040693_4267226_4265313_-3_ATG_637
CP040693	-4267515	TGA	FF953_20840	-4268525	1011	CDS		ATG	FF953_20840|CP040693_4268525_4267515_-3_ATG_336
CP040693	-4268724	TAA	FF953_20845	-4269623	900	CDS		ATG	FF953_20845|CP040693_4269623_4268724_-3_ATG_299
CP040693	-4269803	TAG	FF953_20850	-4270819	1017	CDS		ATG	FF953_20850|CP040693_4270819_4269803_-1_ATG_338
CP040693	-4271114	TGA	FF953_20855	-4272997	1884	CDS		ATG	FF953_20855|CP040693_4272997_4271114_-1_ATG_627
CP040693	-4273086	TAG	FF953_20860	-4273994	909	CDS		ATG	FF953_20860|CP040693_4273994_4273086_-3_ATG_302
CP040693	-4274001	TGA	FF953_20865	-4274498	498	CDS		ATG	FF953_20865|CP040693_4274498_4274001_-3_ATG_165
CP040693	-4274527	TGA	FF953_20870	-4276440	1914	CDS		ATG	FF953_20870|CP040693_4276440_4274527_-2_ATG_637
CP040693	-4276437	TGA	FF953_20875	-4277636	1200	CDS		ATG	FF953_20875|CP040693_4277636_4276437_-3_ATG_399
CP040693	-4282243	TAA	FF953_20895	-4282395	153	CDS		ATG	FF953_20895|CP040693_4282395_4282243_-2_ATG_50
CP040693	-4282346	TGA	FF953_20900	-4282462	117	CDS		ATG	FF953_20900|CP040693_4282462_4282346_-1_ATG_38
CP040693	-4282555	TAG	FF953_20905	-4283376	822	CDS		TTG	FF953_20905|CP040693_4283376_4282555_-2_TTG_273
CP040693	-4283391	TGA	FF953_20910	-4284176	786	CDS		ATG	FF953_20910|CP040693_4284176_4283391_-3_ATG_261
CP040693	-4284194	TAA	FF953_20915	-4284949	756	CDS		ATG	FF953_20915|CP040693_4284949_4284194_-1_ATG_251
CP040693	-4284953	TGA	FF953_20920	-4285732	780	CDS		GTG	FF953_20920|CP040693_4285732_4284953_-1_GTG_259
CP040693	-4288580	TGA	FF953_20940	-4289986	1407	CDS		GTG	FF953_20940|CP040693_4289986_4288580_-1_GTG_468
CP040693	-4292421	TAG	FF953_20955	-4295690	3270	CDS		ATG	FF953_20955|CP040693_4295690_4292421_-3_ATG_1089
CP040693	-4295800	TAG	FF953_20960	-4297335	1536	CDS		GTG	FF953_20960|CP040693_4297335_4295800_-2_GTG_511
CP040693	-4297386	TAA	FF953_20965	-4303766	6381	CDS		TTG	FF953_20965|CP040693_4303766_4297386_-3_TTG_2126
CP040693	-4303867	TAG	FF953_20970	-4304043	177	CDS		GTG	FF953_20970|CP040693_4304043_4303867_-2_GTG_58
CP040693	-4305724	TAA	FF953_20980	-4306947	1224	CDS		ATG	FF953_20980|CP040693_4306947_4305724_-2_ATG_407
CP040693	-4306947	TGA	FF953_20985	-4307528	582	CDS		ATG	FF953_20985|CP040693_4307528_4306947_-3_ATG_193
CP040693	-4307559	TAG	FF953_20990	-4309848	2290	CDS	true	ATG	FF953_20990_p|CP040693_4309848_4307559_-2_ATG_763
CP040693	-4310399	TAG	FF953_21000	-4310974	576	CDS		ATG	FF953_21000|CP040693_4310974_4310399_-1_ATG_191
CP040693	-4311818	TAG	FF953_21010	-4313077	1260	CDS		GTG	FF953_21010|CP040693_4313077_4311818_-1_GTG_419
CP040693	-4315172	TGA	FF953_21030	-4315870	699	CDS		ATG	FF953_21030|CP040693_4315870_4315172_-1_ATG_232
CP040693	-4315867	TGA	FF953_21035	-4316832	966	CDS		GTG	FF953_21035|CP040693_4316832_4315867_-2_GTG_321
CP040693	-4318901	TGA	FF953_21055	-4319725	825	CDS		ATG	FF953_21055|CP040693_4319725_4318901_-1_ATG_274
CP040693	-4319731	TAG	FF953_21060	-4320759	1029	CDS		GTG	FF953_21060|CP040693_4320759_4319731_-2_GTG_342
CP040693	-4321848	TAA	FF953_21065	-4322060	213	CDS		TTG	FF953_21065|CP040693_4322060_4321848_-3_TTG_70
CP040693	-4322128	GGG	FF953_21070	-4322321	194	CDS	true	GTT	FF953_21070_p|CP040693_4322321_4322128_-3_GTT_64
CP040693	-4322410	TAG	FF953_21075	-4323009	600	CDS		GTG	FF953_21075|CP040693_4323009_4322410_-2_GTG_199
CP040693	-4324526	TAA	FF953_21095	-4324834	309	CDS		ATG	FF953_21095|CP040693_4324834_4324526_-1_ATG_102
CP040693	-4326324	TAG	FF953_21110	-4326503	180	CDS		GTG	FF953_21110|CP040693_4326503_4326324_-3_GTG_59
CP040693	-4330166	TAG	FF953_21145	-4331635	1470	CDS		ATG	FF953_21145|CP040693_4331635_4330166_-1_ATG_489
CP040693	-4332563	TAG	FF953_21155	-4333570	1008	CDS		ATG	FF953_21155|CP040693_4333570_4332563_-1_ATG_335
CP040693	-4333579	TGA	FF953_21160	-4333776	198	CDS		ATG	FF953_21160|CP040693_4333776_4333579_-2_ATG_65
CP040693	-4334201	TAA	FF953_21165	-4335667	1467	CDS		ATG	FF953_21165|CP040693_4335667_4334201_-1_ATG_488
CP040693	-4335660	TGA	FF953_21170	-4340243	4584	CDS		ATG	FF953_21170|CP040693_4340243_4335660_-3_ATG_1527
CP040693	-4340258	TGA	FF953_21175	-4340641	384	CDS		GTG	FF953_21175|CP040693_4340641_4340258_-1_GTG_127
CP040693	-4342333	TGA	FF953_21190	-4342683	351	CDS		ATG	FF953_21190|CP040693_4342683_4342333_-2_ATG_116
CP040693	-4361860	TGA	FF953_21285	-4364085	2226	CDS		ATG	FF953_21285|CP040693_4364085_4361860_-2_ATG_741
CP040693	-4364502	TAA	FF953_21290	-4364849	348	CDS		GTG	FF953_21290|CP040693_4364849_4364502_-3_GTG_115
CP040693	-4364846	TGA	FF953_21295	-4366228	1383	CDS		ATG	FF953_21295|CP040693_4366228_4364846_-1_ATG_460
CP040693	-4366335	TAG	FF953_21300	-4367723	1389	CDS		ATG	FF953_21300|CP040693_4367723_4366335_-3_ATG_462
CP040693	-4367720	TGA	FF953_21305	-4369060	1341	CDS		GTG	FF953_21305|CP040693_4369060_4367720_-1_GTG_446
CP040693	-4369282	TAG	FF953_21310	-4371141	1860	CDS		ATG	FF953_21310|CP040693_4371141_4369282_-2_ATG_619
CP040693	-4371211	TAG	FF953_21315	-4372824	1614	CDS		TTG	FF953_21315|CP040693_4372824_4371211_-2_TTG_537
CP040693	-4372821	TGA	FF953_21320	-4374473	1653	CDS		ATG	FF953_21320|CP040693_4374473_4372821_-3_ATG_550
CP040693	-4374458	TAA	FF953_21325	-4375987	1530	CDS		GTG	FF953_21325|CP040693_4375987_4374458_-1_GTG_509
CP040693	-4375984	TGA	FF953_21330	-4377009	1026	CDS		GTG	FF953_21330|CP040693_4377009_4375984_-2_GTG_341
CP040693	-4377103	TGA	FF953_21335	-4377933	831	CDS		ATG	FF953_21335|CP040693_4377933_4377103_-2_ATG_276
CP040693	-4378029	TAA	FF953_21340	-4378316	288	CDS		ATG	FF953_21340|CP040693_4378316_4378029_-3_ATG_95
CP040693	-4378352	TGA	FF953_21345	-4378675	324	CDS		GTG	FF953_21345|CP040693_4378675_4378352_-1_GTG_107
CP040693	-4378787	TAG	FF953_21350	-4379986	1200	CDS		ATG	FF953_21350|CP040693_4379986_4378787_-1_ATG_399
CP040693	-4380065	TAG	FF953_21355	-4380298	234	CDS		ATG	FF953_21355|CP040693_4380298_4380065_-1_ATG_77
CP040693	-4380565	TAG	FF953_21360	-4384754	4190	CDS	true	ATG	FF953_21360_p|CP040693_4384754_4380565_-3_ATG_1396
CP040693	-4384755	TAG	FF953_21365	-4386242	1488	CDS		ATG	FF953_21365|CP040693_4386242_4384755_-3_ATG_495
CP040693	-4386245	TGA	FF953_21370	-4387153	909	CDS		GTG	FF953_21370|CP040693_4387153_4386245_-1_GTG_302
CP040693	-4387303	TAG	FF953_21375	-4388292	990	CDS		ATG	FF953_21375|CP040693_4388292_4387303_-2_ATG_329
CP040693	-4388454	TGA	FF953_21380	-4389686	1233	CDS		ATG	FF953_21380|CP040693_4389686_4388454_-3_ATG_410
CP040693	-4389680	TGA	FF953_21385	-4390615	936	CDS		GTG	FF953_21385|CP040693_4390615_4389680_-1_GTG_311
CP040693	-4390672	TGA	FF953_21390	-4391121	450	CDS		GTG	FF953_21390|CP040693_4391121_4390672_-2_GTG_149
CP040693	-4391672	TAG	FF953_21400	-4392202	531	CDS		GTG	FF953_21400|CP040693_4392202_4391672_-1_GTG_176
CP040693	-4392199	TGA	FF953_21405	-4394739	2541	CDS		ATG	FF953_21405|CP040693_4394739_4392199_-2_ATG_846
CP040693	-4394744	TGA	FF953_21410	-4395016	273	CDS		GTG	FF953_21410|CP040693_4395016_4394744_-1_GTG_90
CP040693	-4395027	TGA	FF953_21415	-4395338	312	CDS		ATG	FF953_21415|CP040693_4395338_4395027_-3_ATG_103
CP040693	-4395404	TAG	FF953_21420	-4395913	510	CDS		GTG	FF953_21420|CP040693_4395913_4395404_-1_GTG_169
CP040693	-4395938	TAG	FF953_21425	-4397380	1443	CDS		GTG	FF953_21425|CP040693_4397380_4395938_-1_GTG_480
CP040693	-4408739	TAA	FF953_21475	-4409473	735	CDS		GTG	FF953_21475|CP040693_4409473_4408739_-1_GTG_244
CP040693	-4409513	TAG	FF953_21480	-4409800	288	CDS		ATG	FF953_21480|CP040693_4409800_4409513_-1_ATG_95
CP040693	-4409763	TAA	FF953_21485	-4410797	1035	CDS		ATG	FF953_21485|CP040693_4410797_4409763_-3_ATG_344
CP040693	-4410794	TGA	FF953_21490	-4411837	1044	CDS		GTG	FF953_21490|CP040693_4411837_4410794_-1_GTG_347
CP040693	-4411834	TGA	FF953_21495	-4412508	675	CDS		ATG	FF953_21495|CP040693_4412508_4411834_-2_ATG_224
CP040693	-4412640	TAG	FF953_21500	-4413203	564	CDS		ATG	FF953_21500|CP040693_4413203_4412640_-3_ATG_187
CP040693	-4413275	TGA	FF953_21505	-4414375	1101	CDS		GTG	FF953_21505|CP040693_4414375_4413275_-1_GTG_366
CP040693	-4414359	TGA	FF953_21510	-4414721	363	CDS		GTG	FF953_21510|CP040693_4414721_4414359_-3_GTG_120
CP040693	-4414718	TGA	FF953_21515	-4415095	378	CDS		TTG	FF953_21515|CP040693_4415095_4414718_-1_TTG_125
CP040693	-4415092	TGA	FF953_21520	-4415235	144	CDS		GTG	FF953_21520|CP040693_4415235_4415092_-2_GTG_47
