chromosome	end	stopCodon	RefSeq ID	RefSeq start	RefSeq length (nt)	RefSeq type	RefSeq pseudo	RefSeq startCodon	mapped IDs
CP040692	2471	TGA	FF956_00015	2328	144	CDS		GTG	FF956_00015|CP040692_2328_2471_+3_GTG_47
CP040692	2845	TGA	FF956_00020	2468	378	CDS		TTG	FF956_00020|CP040692_2468_2845_+2_TTG_125
CP040692	3204	TGA	FF956_00025	2842	363	CDS		GTG	FF956_00025|CP040692_2842_3204_+1_GTG_120
CP040692	4288	TGA	FF956_00030	3188	1101	CDS		GTG	FF956_00030|CP040692_3188_4288_+2_GTG_366
CP040692	4923	TAG	FF956_00035	4360	564	CDS		ATG	FF956_00035|CP040692_4360_4923_+1_ATG_187
CP040692	5729	TGA	FF956_00040	5055	675	CDS		ATG	FF956_00040|CP040692_5055_5729_+3_ATG_224
CP040692	6769	TGA	FF956_00045	5726	1044	CDS		GTG	FF956_00045|CP040692_5726_6769_+2_GTG_347
CP040692	7800	TAA	FF956_00050	6766	1035	CDS		ATG	FF956_00050|CP040692_6766_7800_+1_ATG_344
CP040692	8050	TAG	FF956_00055	7763	288	CDS		ATG	FF956_00055|CP040692_7763_8050_+2_ATG_95
CP040692	8824	TAA	FF956_00060	8090	735	CDS		GTG	FF956_00060|CP040692_8090_8824_+2_GTG_244
CP040692	21625	TAG	FF956_00110	20183	1443	CDS		GTG	FF956_00110|CP040692_20183_21625_+2_GTG_480
CP040692	22159	TAG	FF956_00115	21650	510	CDS		GTG	FF956_00115|CP040692_21650_22159_+2_GTG_169
CP040692	22536	TGA	FF956_00120	22225	312	CDS		ATG	FF956_00120|CP040692_22225_22536_+1_ATG_103
CP040692	22819	TGA	FF956_00125	22547	273	CDS		GTG	FF956_00125|CP040692_22547_22819_+2_GTG_90
CP040692	25364	TGA	FF956_00130	22824	2541	CDS		ATG	FF956_00130|CP040692_22824_25364_+3_ATG_846
CP040692	25891	TAG	FF956_00135	25361	531	CDS		GTG	FF956_00135|CP040692_25361_25891_+2_GTG_176
CP040692	26891	TGA	FF956_00140	26442	450	CDS		GTG	FF956_00140|CP040692_26442_26891_+3_GTG_149
CP040692	27466	TAG	FF956_00145	26948	519	CDS		GTG	FF956_00145|CP040692_26948_27466_+2_GTG_172
CP040692	27905	TGA	FF956_00150	27402	504	CDS		GTG	FF956_00150|CP040692_27402_27905_+3_GTG_167
CP040692	28827	TGA	FF956_00155	27895	933	CDS		ATG	FF956_00155|CP040692_27895_28827_+1_ATG_310
CP040692	29564	TGA	FF956_00160	28821	744	CDS		ATG	FF956_00160|CP040692_28821_29564_+3_ATG_247
CP040692	30052	TGA	FF956_00165	29567	486	CDS		CTG	FF956_00165|CP040692_29567_30052_+2_CTG_161
CP040692	31203	TAG	FF956_00170	30214	990	CDS		ATG	FF956_00170|CP040692_30214_31203_+1_ATG_329
CP040692	32261	TGA	FF956_00175	31353	909	CDS		GTG	FF956_00175|CP040692_31353_32261_+3_GTG_302
CP040692	33751	TAG	FF956_00180	32264	1488	CDS		ATG	FF956_00180|CP040692_32264_33751_+2_ATG_495
CP040692	37942	TAG	FF956_00185	33752	4191	CDS		ATG	FF956_00185|CP040692_33752_37942_+2_ATG_1396
CP040692	38442	TAG	FF956_00190	38209	234	CDS		ATG	FF956_00190|CP040692_38209_38442_+1_ATG_77
CP040692	39720	TAG	FF956_00195	38521	1200	CDS		ATG	FF956_00195|CP040692_38521_39720_+1_ATG_399
CP040692	40155	TGA	FF956_00200	39832	324	CDS		GTG	FF956_00200|CP040692_39832_40155_+1_GTG_107
CP040692	40478	TAA	FF956_00205	40191	288	CDS		ATG	FF956_00205|CP040692_40191_40478_+3_ATG_95
CP040692	41404	TGA	FF956_00210	40574	831	CDS		ATG	FF956_00210|CP040692_40574_41404_+2_ATG_276
CP040692	42523	TGA	FF956_00215	41498	1026	CDS		GTG	FF956_00215|CP040692_41498_42523_+2_GTG_341
CP040692	44049	TAA	FF956_00220	42520	1530	CDS		GTG	FF956_00220|CP040692_42520_44049_+1_GTG_509
CP040692	45686	TGA	FF956_00225	44034	1653	CDS		ATG	FF956_00225|CP040692_44034_45686_+3_ATG_550
CP040692	47296	TAG	FF956_00230	45683	1614	CDS	true	TTG	FF956_00230_p|CP040692_45683_47296_+2_TTG_537
CP040692	49225	TAG	FF956_00235	47366	1860	CDS		ATG	FF956_00235|CP040692_47366_49225_+2_ATG_619
CP040692	50781	TGA	FF956_00240	49447	1335	CDS		GTG	FF956_00240|CP040692_49447_50781_+1_GTG_444
CP040692	52166	TAG	FF956_00245	50778	1389	CDS		ATG	FF956_00245|CP040692_50778_52166_+3_ATG_462
CP040692	53655	TGA	FF956_00250	52273	1383	CDS		ATG	FF956_00250|CP040692_52273_53655_+1_ATG_460
CP040692	53999	TAA	FF956_00255	53652	348	CDS		GTG	FF956_00255|CP040692_53652_53999_+3_GTG_115
CP040692	56650	TGA	FF956_00260	54416	2235	CDS		ATG	FF956_00260|CP040692_54416_56650_+2_ATG_744
CP040692	76172	TGA	FF956_00350	75822	351	CDS		ATG	FF956_00350|CP040692_75822_76172_+3_ATG_116
CP040692	78247	TGA	FF956_00365	77864	384	CDS		GTG	FF956_00365|CP040692_77864_78247_+2_GTG_127
CP040692	82845	TGA	FF956_00370	78262	4584	CDS		ATG	FF956_00370|CP040692_78262_82845_+1_ATG_1527
CP040692	84304	TAA	FF956_00375	82838	1467	CDS		ATG	FF956_00375|CP040692_82838_84304_+2_ATG_488
CP040692	84926	TGA	FF956_00380	84729	198	CDS		ATG	FF956_00380|CP040692_84729_84926_+3_ATG_65
CP040692	85942	TAG	FF956_00385	84935	1008	CDS		ATG	FF956_00385|CP040692_84935_85942_+2_ATG_335
CP040692	88339	TAG	FF956_00395	86870	1470	CDS		ATG	FF956_00395|CP040692_86870_88339_+2_ATG_489
CP040692	92180	TAG	FF956_00430	92001	180	CDS		GTG	FF956_00430|CP040692_92001_92180_+3_GTG_59
CP040692	93979	TAA	FF956_00445	93671	309	CDS		ATG	FF956_00445|CP040692_93671_93979_+2_ATG_102
CP040692	96094	TAG	FF956_00465	95496	599	CDS	true	GTG	FF956_00465_p|CP040692_95496_96094_+3_GTG_199
CP040692	96376	GGG	FF956_00470	96183	194	CDS	true	GTT	FF956_00470_p|CP040692_96183_96376_+3_GTT_64
CP040692	96656	TAA	FF956_00475	96444	213	CDS		TTG	FF956_00475|CP040692_96444_96656_+3_TTG_70
CP040692	98773	TAG	FF956_00480	97745	1029	CDS		GTG	FF956_00480|CP040692_97745_98773_+2_GTG_342
CP040692	99603	TGA	FF956_00485	98779	825	CDS		ATG	FF956_00485|CP040692_98779_99603_+1_ATG_274
CP040692	102637	TGA	FF956_00505	101672	966	CDS		GTG	FF956_00505|CP040692_101672_102637_+2_GTG_321
CP040692	103332	TGA	FF956_00510	102634	699	CDS		ATG	FF956_00510|CP040692_102634_103332_+1_ATG_232
CP040692	106687	TAG	FF956_00530	105428	1260	CDS		GTG	FF956_00530|CP040692_105428_106687_+2_GTG_419
CP040692	108106	TAG	FF956_00540	107531	576	CDS		ATG	FF956_00540|CP040692_107531_108106_+2_ATG_191
CP040692	109286	TAA	FF956_00550	108657	630	CDS		ATG	FF956_00550|CP040692_108657_109286_+3_ATG_209
CP040692	110944	TAG	FF956_00555	109334	1611	CDS		ATG	FF956_00555|CP040692_109334_110944_+2_ATG_536
CP040692	111556	TGA	FF956_00560	110975	582	CDS		ATG	FF956_00560|CP040692_110975_111556_+2_ATG_193
CP040692	112779	TAA	FF956_00565	111556	1224	CDS		ATG	FF956_00565|CP040692_111556_112779_+1_ATG_407
CP040692	114636	TAG	FF956_00575	114460	177	CDS		GTG	FF956_00575|CP040692_114460_114636_+1_GTG_58
CP040692	121117	TAA	FF956_00580	114737	6381	CDS		TTG	FF956_00580|CP040692_114737_121117_+2_TTG_2126
CP040692	122703	TAG	FF956_00585	121168	1536	CDS		GTG	FF956_00585|CP040692_121168_122703_+1_GTG_511
CP040692	126082	TAG	FF956_00590	122813	3270	CDS		ATG	FF956_00590|CP040692_122813_126082_+2_ATG_1089
CP040692	129923	TGA	FF956_00605	128517	1407	CDS		GTG	FF956_00605|CP040692_128517_129923_+3_GTG_468
CP040692	133550	TGA	FF956_00625	132771	780	CDS		GTG	FF956_00625|CP040692_132771_133550_+3_GTG_259
CP040692	134309	TAA	FF956_00630	133554	756	CDS		ATG	FF956_00630|CP040692_133554_134309_+3_ATG_251
CP040692	135112	TGA	FF956_00635	134327	786	CDS		ATG	FF956_00635|CP040692_134327_135112_+2_ATG_261
CP040692	135948	TAG	FF956_00640	135127	822	CDS		TTG	FF956_00640|CP040692_135127_135948_+1_TTG_273
CP040692	136157	TGA	FF956_00645	136041	117	CDS		ATG	FF956_00645|CP040692_136041_136157_+3_ATG_38
CP040692	136260	TAA	FF956_00650	136108	153	CDS		ATG	FF956_00650|CP040692_136108_136260_+1_ATG_50
CP040692	142066	TGA	FF956_00670	140867	1200	CDS		ATG	FF956_00670|CP040692_140867_142066_+2_ATG_399
CP040692	143976	TGA	FF956_00675	142063	1914	CDS		ATG	FF956_00675|CP040692_142063_143976_+1_ATG_637
CP040692	144502	TGA	FF956_00680	144005	498	CDS		ATG	FF956_00680|CP040692_144005_144502_+2_ATG_165
CP040692	145417	TAG	FF956_00685	144509	909	CDS		ATG	FF956_00685|CP040692_144509_145417_+2_ATG_302
CP040692	147389	TGA	FF956_00690	145506	1884	CDS		ATG	FF956_00690|CP040692_145506_147389_+3_ATG_627
CP040692	148700	TAG	FF956_00695	147684	1017	CDS		ATG	FF956_00695|CP040692_147684_148700_+3_ATG_338
CP040692	149779	TAA	FF956_00700	148880	900	CDS		ATG	FF956_00700|CP040692_148880_149779_+2_ATG_299
CP040692	150987	TGA	FF956_00705	149977	1011	CDS		ATG	FF956_00705|CP040692_149977_150987_+1_ATG_336
CP040692	153189	TGA	FF956_00710	151276	1914	CDS		ATG	FF956_00710|CP040692_151276_153189_+1_ATG_637
CP040692	158397	TGA	FF956_00715	153196	5202	CDS		ATG	FF956_00715|CP040692_153196_158397_+1_ATG_1733
CP040692	159962	TAG	FF956_00720	158394	1569	CDS		GTG	FF956_00720|CP040692_158394_159962_+3_GTG_522
CP040692	180710	TGA	FF956_00780	179784	927	CDS		GTG	FF956_00780|CP040692_179784_180710_+3_GTG_308
CP040692	181946	TAG	FF956_00785	180723	1224	CDS		ATG	FF956_00785|CP040692_180723_181946_+3_ATG_407
CP040692	185330	TGA	FF956_00800	184069	1263	fCDS		ATG	FF956_00800_fCDS|CP040692_184069_185330_+1_ATG_420
CP040692	191979	TGA	FF956_00835	190783	1197	CDS		ATG	FF956_00835|CP040692_190783_191979_+1_ATG_398
CP040692	197436	TAG	FF956_00865	196852	585	CDS		ATG	FF956_00865|CP040692_196852_197436_+1_ATG_194
CP040692	199273	TGA	FF956_00885	198947	327	CDS		GTG	FF956_00885|CP040692_198947_199273_+2_GTG_108
CP040692	199757	CTG	FF956_00890	199408	350	CDS	true	GTG	FF956_00890_p|CP040692_199408_199757_+1_GTG_116
CP040692	200477	TAA	FF956_00895	199902	576	CDS		ATG	FF956_00895|CP040692_199902_200477_+3_ATG_191
CP040692	202681	TGA	FF956_00910	201737	945	CDS		GTG	FF956_00910|CP040692_201737_202681_+2_GTG_314
CP040692	204597	TAG	FF956_00920	203893	705	CDS		ATG	FF956_00920|CP040692_203893_204597_+1_ATG_234
CP040692	206095	TAG	FF956_00925	204668	1428	CDS		GTG	FF956_00925|CP040692_204668_206095_+2_GTG_475
CP040692	208681	TAG	FF956_00935	206801	1881	CDS		GTG	FF956_00935|CP040692_206801_208681_+2_GTG_626
CP040692	209815	TAA	FF956_00940	208760	1056	CDS		GTG	FF956_00940|CP040692_208760_209815_+2_GTG_351
CP040692	211251	TAG	FF956_00950	210304	948	CDS		ATG	FF956_00950|CP040692_210304_211251_+1_ATG_315
CP040692	212390	TGA	FF956_00955	211260	1131	CDS		TTG	FF956_00955|CP040692_211260_212390_+3_TTG_376
CP040692	213067	TGA	FF956_00960	212378	690	CDS		ATG	FF956_00960|CP040692_212378_213067_+2_ATG_229
CP040692	213783	TAG	FF956_00965	213064	720	CDS		ATG	FF956_00965|CP040692_213064_213783_+1_ATG_239
CP040692	214388	TAA	FF956_00970	213789	600	CDS		GTG	FF956_00970|CP040692_213789_214388_+3_GTG_199
CP040692	215956	TGA	FF956_00980	215435	522	CDS		ATG	FF956_00980|CP040692_215435_215956_+2_ATG_173
CP040692	216430	TGA	FF956_00985	215972	459	CDS		GTG	FF956_00985|CP040692_215972_216430_+2_GTG_152
CP040692	216921	TGA	FF956_01000	216721	201	CDS		TTG	FF956_01000|CP040692_216721_216921_+1_TTG_66
CP040692	217471	TAG	FF956_01005	217079	393	CDS		ATG	FF956_01005|CP040692_217079_217471_+2_ATG_130
CP040692	218048	TAG	FF956_01010	217539	510	CDS		ATG	FF956_01010|CP040692_217539_218048_+3_ATG_169
CP040692	219506	TAG	FF956_01025	219171	336	CDS		ATG	FF956_01025|CP040692_219171_219506_+3_ATG_111
CP040692	219791	TGA	FF956_01030	219579	213	CDS		ATG	FF956_01030|CP040692_219579_219791_+3_ATG_70
CP040692	222286	TGA	FF956_01040	220304	1983	CDS		GTG	FF956_01040|CP040692_220304_222286_+2_GTG_660
CP040692	222827	TGA	FF956_01045	222432	396	CDS		GTG	FF956_01045|CP040692_222432_222827_+3_GTG_131
CP040692	223498	TGA	FF956_01050	222824	675	CDS		ATG	FF956_01050|CP040692_222824_223498_+2_ATG_224
CP040692	224844	TGA	FF956_01055	223498	1347	CDS		ATG	FF956_01055|CP040692_223498_224844_+1_ATG_448
CP040692	226392	TAG	FF956_01060	225160	1233	CDS		ATG	FF956_01060|CP040692_225160_226392_+1_ATG_410
CP040692	231151	TAA	FF956_01080	229787	1365	CDS		ATG	FF956_01080|CP040692_229787_231151_+2_ATG_454
CP040692	231665	TGA	FF956_01085	231165	501	CDS		ATG	FF956_01085|CP040692_231165_231665_+3_ATG_166
CP040692	234997	TAA	FF956_01100	233957	1041	CDS		ATG	FF956_01100|CP040692_233957_234997_+2_ATG_346
CP040692	248856	TGA	FF956_01150	247549	1308	CDS		GTG	FF956_01150|CP040692_247549_248856_+1_GTG_435
CP040692	250682	TAG	FF956_01155	248946	1737	CDS		GTG	FF956_01155|CP040692_248946_250682_+3_GTG_578
CP040692	253862	TGA	FF956_01170	253419	444	CDS		ATG	FF956_01170|CP040692_253419_253862_+3_ATG_147
CP040692	255156	TGA	FF956_01180	254764	393	CDS		ATG	FF956_01180|CP040692_254764_255156_+1_ATG_130
CP040692	255779	TGA	FF956_01185	255168	612	CDS		ATG	FF956_01185|CP040692_255168_255779_+3_ATG_203
CP040692	256737	TAA	FF956_01190	255847	891	CDS		ATG	FF956_01190|CP040692_255847_256737_+1_ATG_296
CP040692	258883	TGA	FF956_01205	258620	264	CDS		GTG	FF956_01205|CP040692_258620_258883_+2_GTG_87
CP040692	259869	TGA	FF956_01210	258880	990	CDS		GTG	FF956_01210|CP040692_258880_259869_+1_GTG_329
CP040692	264246	TAG	FF956_01220	262981	1266	CDS		GTG	FF956_01220|CP040692_262981_264246_+1_GTG_421
CP040692	265284	TGA	FF956_01225	264247	1038	CDS		ATG	FF956_01225|CP040692_264247_265284_+1_ATG_345
CP040692	266434	TAG	FF956_01230	265424	1011	CDS		GTG	FF956_01230|CP040692_265424_266434_+2_GTG_336
CP040692	266873	TAA	FF956_01235	266553	321	CDS		ATG	FF956_01235|CP040692_266553_266873_+3_ATG_106
CP040692	267373	TAG	FF956_01240	266984	390	CDS		ATG	FF956_01240|CP040692_266984_267373_+2_ATG_129
CP040692	268146	TGA	FF956_01245	267502	645	CDS		ATG	FF956_01245|CP040692_267502_268146_+1_ATG_214
CP040692	269576	TGA	FF956_01250	268278	1299	CDS		ATG	FF956_01250|CP040692_268278_269576_+3_ATG_432
CP040692	270850	TGA	FF956_01255	269573	1278	CDS		GTG	FF956_01255|CP040692_269573_270850_+2_GTG_425
CP040692	271551	TGA	FF956_01260	270850	702	CDS		ATG	FF956_01260|CP040692_270850_271551_+1_ATG_233
CP040692	272513	TGA	FF956_01265	271548	966	CDS		ATG	FF956_01265|CP040692_271548_272513_+3_ATG_321
CP040692	273716	TAG	FF956_01270	272544	1173	CDS		ATG	FF956_01270|CP040692_272544_273716_+3_ATG_390
CP040692	276225	TGA	FF956_01285	276001	225	CDS		ATG	FF956_01285|CP040692_276001_276225_+1_ATG_74
CP040692	276659	TGA	FF956_01290	276222	438	CDS		GTG	FF956_01290|CP040692_276222_276659_+3_GTG_145
CP040692	278262	TAG	FF956_01295	276736	1527	CDS		TTG	FF956_01295|CP040692_276736_278262_+1_TTG_508
CP040692	280342	TGA	FF956_01305	279350	993	CDS		GTG	FF956_01305|CP040692_279350_280342_+2_GTG_330
CP040692	286571	TAG	FF956_01335	286107	465	CDS		ATG	FF956_01335|CP040692_286107_286571_+3_ATG_154
CP040692	287141	TAA	FF956_01340	286773	369	CDS		TTG	FF956_01340|CP040692_286773_287141_+3_TTG_122
CP040692	287713	TAG	FF956_01345	287381	333	CDS		ATG	FF956_01345|CP040692_287381_287713_+2_ATG_110
CP040692	289169	TAG	FF956_01350	287739	1431	CDS		ATG	FF956_01350|CP040692_287739_289169_+3_ATG_476
CP040692	295266	TAG	FF956_01380	294910	357	CDS		GTG	FF956_01380|CP040692_294910_295266_+1_GTG_118
CP040692	295666	TGA	FF956_01385	295403	264	CDS		ATG	FF956_01385|CP040692_295403_295666_+2_ATG_87
CP040692	298048	TAG	FF956_01400	297887	162	CDS		ATG	FF956_01400|CP040692_297887_298048_+2_ATG_53
CP040692	298519	TAG	FF956_01405	298064	456	CDS		ATG	FF956_01405|CP040692_298064_298519_+2_ATG_151
CP040692	299320	TAG	FF956_01410	298526	795	CDS		ATG	FF956_01410|CP040692_298526_299320_+2_ATG_264
CP040692	301421	TAA	FF956_01425	300684	738	CDS		GTG	FF956_01425|CP040692_300684_301421_+3_GTG_245
CP040692	302104	TGA	FF956_01430	301421	684	CDS		ATG	FF956_01430|CP040692_301421_302104_+2_ATG_227
CP040692	303057	TGA	FF956_01435	302236	822	CDS		ATG	FF956_01435|CP040692_302236_303057_+1_ATG_273
CP040692	304256	TGA	FF956_01440	303063	1194	CDS		ATG	FF956_01440|CP040692_303063_304256_+3_ATG_397
CP040692	306795	TGA	FF956_01455	306097	699	CDS		TTG	FF956_01455|CP040692_306097_306795_+1_TTG_232
CP040692	311119	TGA	FF956_01470	309494	1626	CDS		ATG	FF956_01470|CP040692_309494_311119_+2_ATG_541
CP040692	312047	TGA	FF956_01475	311121	927	CDS		ATG	FF956_01475|CP040692_311121_312047_+3_ATG_308
CP040692	312903	TGA	FF956_01480	312040	864	CDS		ATG	FF956_01480|CP040692_312040_312903_+1_ATG_287
CP040692	314546	TGA	FF956_01485	312900	1647	CDS		ATG	FF956_01485|CP040692_312900_314546_+3_ATG_548
CP040692	315313	TGA	FF956_01490	314543	771	CDS		GTG	FF956_01490|CP040692_314543_315313_+2_GTG_256
CP040692	315893	CCG	FF956_01495	315626	268	CDS	true	ATC	FF956_01495_p|CP040692_315626_315893_+2_ATC_89
CP040692	318482	TGA	FF956_01510	317430	1053	CDS		ATG	FF956_01510|CP040692_317430_318482_+3_ATG_350
CP040692	319642	TGA	FF956_01515	318479	1164	CDS		ATG	FF956_01515|CP040692_318479_319642_+2_ATG_387
CP040692	320439	TGA	FF956_01520	319639	801	CDS		ATG	FF956_01520|CP040692_319639_320439_+1_ATG_266
CP040692	321038	TGA	FF956_01525	320463	576	CDS		ATG	FF956_01525|CP040692_320463_321038_+3_ATG_191
CP040692	321254	TAG	FF956_01530	321048	207	CDS		ATG	FF956_01530|CP040692_321048_321254_+3_ATG_68
CP040692	321577	TGA	FF956_01535	321278	300	CDS		GTG	FF956_01535|CP040692_321278_321577_+2_GTG_99
CP040692	321917	TGA	FF956_01540	321540	378	CDS		TTG	FF956_01540|CP040692_321540_321917_+3_TTG_125
CP040692	323310	TGA	FF956_01555	323065	246	CDS		ATG	FF956_01555|CP040692_323065_323310_+1_ATG_81
CP040692	327533	TGA	FF956_01575	327330	204	CDS		ATG	FF956_01575|CP040692_327330_327533_+3_ATG_67
CP040692	328251	TAG	FF956_01580	327673	579	CDS		GTG	FF956_01580|CP040692_327673_328251_+1_GTG_192
CP040692	331408	TAG	FF956_01585	328604	2805	CDS		TTG	FF956_01585|CP040692_328604_331408_+2_TTG_934
CP040692	334345	TAG	FF956_01595	333140	1206	CDS		ATG	FF956_01595|CP040692_333140_334345_+2_ATG_401
CP040692	335290	TAA	FF956_01610	335096	195	CDS		GTG	FF956_01610|CP040692_335096_335290_+2_GTG_64
CP040692	335936	TGA	FF956_01615	335301	636	CDS		GTG	FF956_01615|CP040692_335301_335936_+3_GTG_211
CP040692	337341	TAG	FF956_01620	336112	1230	CDS		ATG	FF956_01620|CP040692_336112_337341_+1_ATG_409
CP040692	337977	TGA	FF956_01625	337411	567	CDS		ATG	FF956_01625|CP040692_337411_337977_+1_ATG_188
CP040692	343193	TGA	FF956_01645	342249	945	CDS		GTG	FF956_01645|CP040692_342249_343193_+3_GTG_314
CP040692	347903	TGA	FF956_01670	346806	1098	CDS		ATG	FF956_01670|CP040692_346806_347903_+3_ATG_365
CP040692	349960	TGA	FF956_01680	348575	1386	CDS		ATG	FF956_01680|CP040692_348575_349960_+2_ATG_461
CP040692	351009	TAG	FF956_01685	349957	1053	CDS		GTG	FF956_01685|CP040692_349957_351009_+1_GTG_350
CP040692	351959	TGA	FF956_01690	350988	972	CDS		ATG	FF956_01690|CP040692_350988_351959_+3_ATG_323
CP040692	352606	TAG	FF956_01695	351956	651	CDS		TTG	FF956_01695|CP040692_351956_352606_+2_TTG_216
CP040692	353961	TAG	FF956_01705	353662	300	CDS		ATG	FF956_01705|CP040692_353662_353961_+1_ATG_99
CP040692	355212	TGA	FF956_01710	353971	1242	CDS		ATG	FF956_01710|CP040692_353971_355212_+1_ATG_413
CP040692	355565	TGA	FF956_01715	355269	297	CDS		ATG	FF956_01715|CP040692_355269_355565_+3_ATG_98
CP040692	355876	TAA	FF956_01720	355592	285	CDS		ATG	FF956_01720|CP040692_355592_355876_+2_ATG_94
CP040692	360663	TAA	FF956_01740	359485	1179	CDS		ATG	FF956_01740|CP040692_359485_360663_+1_ATG_392
CP040692	361048	TGA	FF956_01745	360737	312	CDS		ATG	FF956_01745|CP040692_360737_361048_+2_ATG_103
CP040692	361718	TGA	FF956_01750	361164	555	CDS		GTG	FF956_01750|CP040692_361164_361718_+3_GTG_184
CP040692	361979	TAG	FF956_01755	361818	162	CDS		ATG	FF956_01755|CP040692_361818_361979_+3_ATG_53
CP040692	362342	TGA	FF956_01760	362013	330	CDS		ATG	FF956_01760|CP040692_362013_362342_+3_ATG_109
CP040692	365148	TGA	FF956_01770	362866	2283	CDS		ATG	FF956_01770|CP040692_362866_365148_+1_ATG_760
CP040692	365772	TGA	FF956_01775	365164	609	CDS		ATG	FF956_01775|CP040692_365164_365772_+1_ATG_202
CP040692	366611	TGA	FF956_01780	365769	843	CDS		GTG	FF956_01780|CP040692_365769_366611_+3_GTG_280
CP040692	367005	TGA	FF956_01785	366604	402	CDS		ATG	FF956_01785|CP040692_366604_367005_+1_ATG_133
CP040692	367568	TGA	FF956_01790	367002	567	CDS		ATG	FF956_01790|CP040692_367002_367568_+3_ATG_188
CP040692	368044	TAG	FF956_01795	367568	477	CDS		ATG	FF956_01795|CP040692_367568_368044_+2_ATG_158
CP040692	369446	TAG	FF956_01800	368253	1194	CDS		ATG	FF956_01800|CP040692_368253_369446_+3_ATG_397
CP040692	370542	TGA	FF956_01805	369631	912	CDS		ATG	FF956_01805|CP040692_369631_370542_+1_ATG_303
CP040692	371468	TGA	FF956_01810	370539	930	CDS		ATG	FF956_01810|CP040692_370539_371468_+3_ATG_309
CP040692	371887	TAG	FF956_01815	371468	420	CDS		ATG	FF956_01815|CP040692_371468_371887_+2_ATG_139
CP040692	372708	TGA	FF956_01820	371890	819	CDS		GTG	FF956_01820|CP040692_371890_372708_+1_GTG_272
CP040692	372797	TAA	FF956_01825	372714	84	CDS		ATG	FF956_01825|CP040692_372714_372797_+3_ATG_27
CP040692	374326	TGA	FF956_01830	372809	1518	CDS		GTG	FF956_01830|CP040692_372809_374326_+2_GTG_505
CP040692	374768	TGA	FF956_01835	374430	339	CDS		ATG	FF956_01835|CP040692_374430_374768_+3_ATG_112
CP040692	377591	TAG	FF956_01840	375045	2547	CDS		ATG	FF956_01840|CP040692_375045_377591_+3_ATG_848
CP040692	379045	TGA	FF956_01845	377699	1347	CDS		ATG	FF956_01845|CP040692_377699_379045_+2_ATG_448
CP040692	382507	TGA	FF956_01865	381734	774	CDS		GTG	FF956_01865|CP040692_381734_382507_+2_GTG_257
CP040692	384372	TAA	FF956_01870	382618	1755	CDS		ATG	FF956_01870|CP040692_382618_384372_+1_ATG_584
CP040692	385905	TGA	FF956_01880	385282	624	CDS		ATG	FF956_01880|CP040692_385282_385905_+1_ATG_207
CP040692	386808	TAA	FF956_01885	386014	795	CDS		GTG	FF956_01885|CP040692_386014_386808_+1_GTG_264
CP040692	390720	TGA	FF956_01905	390232	489	CDS		ATG	FF956_01905|CP040692_390232_390720_+1_ATG_162
CP040692	391432	TGA	FF956_01910	390737	696	CDS		GTG	FF956_01910|CP040692_390737_391432_+2_GTG_231
CP040692	391908	TAG	FF956_01915	391429	480	CDS		GTG	FF956_01915|CP040692_391429_391908_+1_GTG_159
CP040692	393382	TAG	FF956_01920	391973	1410	CDS		GTG	FF956_01920|CP040692_391973_393382_+2_GTG_469
CP040692	394351	TGA	FF956_01925	393383	969	CDS		ATG	FF956_01925|CP040692_393383_394351_+2_ATG_322
CP040692	398686	TAA	FF956_01945	397607	1080	CDS		GTG	FF956_01945|CP040692_397607_398686_+2_GTG_359
CP040692	401698	TGA	FF956_01955	399563	2136	CDS		GTG	FF956_01955|CP040692_399563_401698_+2_GTG_711
CP040692	404689	TAG	FF956_01970	403505	1185	CDS		GTG	FF956_01970|CP040692_403505_404689_+2_GTG_394
CP040692	405579	TGA	FF956_01975	404704	876	CDS		ATG	FF956_01975|CP040692_404704_405579_+1_ATG_291
CP040692	406478	TAG	FF956_01980	405576	903	CDS		ATG	FF956_01980|CP040692_405576_406478_+3_ATG_300
CP040692	407056	TAG	FF956_01985	406493	564	CDS		ATG	FF956_01985|CP040692_406493_407056_+2_ATG_187
CP040692	407608	TGA	FF956_01995	407342	267	CDS		GTG	FF956_01995|CP040692_407342_407608_+2_GTG_88
CP040692	408444	TAA	FF956_02000	407593	852	CDS		ATG	FF956_02000|CP040692_407593_408444_+1_ATG_283
CP040692	415343	TGA	FF956_02030	414186	1158	CDS		ATG	FF956_02030|CP040692_414186_415343_+3_ATG_385
CP040692	416128	TGA	FF956_02035	415340	789	CDS		ATG	FF956_02035|CP040692_415340_416128_+2_ATG_262
CP040692	418747	TGA	FF956_02045	418145	603	CDS		ATG	FF956_02045|CP040692_418145_418747_+2_ATG_200
CP040692	419972	TAG	FF956_02050	418812	1161	CDS		ATG	FF956_02050|CP040692_418812_419972_+3_ATG_386
CP040692	420538	TAG	FF956_02055	420077	462	CDS		ATG	FF956_02055|CP040692_420077_420538_+2_ATG_153
CP040692	420946	TGA	FF956_02060	420590	357	CDS		GTG	FF956_02060|CP040692_420590_420946_+2_GTG_118
CP040692	426681	TGA	FF956_02090	426577	105	CDS		GTG	FF956_02090|CP040692_426577_426681_+1_GTG_34
CP040692	427457	TGA	FF956_02095	426678	780	CDS		GTG	FF956_02095|CP040692_426678_427457_+3_GTG_259
CP040692	428394	TAG	FF956_02100	427480	915	CDS		ATG	FF956_02100|CP040692_427480_428394_+1_ATG_304
CP040692	431632	TAA	FF956_02115	430331	1302	CDS		GTG	FF956_02115|CP040692_430331_431632_+2_GTG_433
CP040692	432651	TGA	FF956_02120	431632	1020	CDS		ATG	FF956_02120|CP040692_431632_432651_+1_ATG_339
CP040692	433799	TGA	FF956_02125	432636	1164	CDS		ATG	FF956_02125|CP040692_432636_433799_+3_ATG_387
CP040692	434731	TGA	FF956_02130	433796	936	CDS		GTG	FF956_02130|CP040692_433796_434731_+2_GTG_311
CP040692	435117	TAG	FF956_02135	434728	390	CDS		ATG	FF956_02135|CP040692_434728_435117_+1_ATG_129
CP040692	436277	TAA	FF956_02140	435117	1161	CDS		GTG	FF956_02140|CP040692_435117_436277_+3_GTG_386
CP040692	441265	TAA	FF956_02160	440480	786	CDS		ATG	FF956_02160|CP040692_440480_441265_+2_ATG_261
CP040692	442187	TGA	FF956_02165	441276	912	CDS		ATG	FF956_02165|CP040692_441276_442187_+3_ATG_303
CP040692	443224	TGA	FF956_02170	442184	1041	CDS		ATG	FF956_02170|CP040692_442184_443224_+2_ATG_346
CP040692	445071	TGA	FF956_02175	443323	1749	CDS		ATG	FF956_02175|CP040692_443323_445071_+1_ATG_582
CP040692	447959	TGA	FF956_02185	446832	1128	CDS		GTG	FF956_02185|CP040692_446832_447959_+3_GTG_375
CP040692	448738	TAA	FF956_02190	447956	783	CDS		ATG	FF956_02190|CP040692_447956_448738_+2_ATG_260
CP040692	449892	TGA	FF956_02195	448738	1155	CDS		ATG	FF956_02195|CP040692_448738_449892_+1_ATG_384
CP040692	451297	TAA	FF956_02210	450584	714	CDS		ATG	FF956_02210|CP040692_450584_451297_+2_ATG_237
CP040692	453976	TAG	FF956_02225	453452	525	CDS		ATG	FF956_02225|CP040692_453452_453976_+2_ATG_174
CP040692	459451	TGA	FF956_02250	458408	1044	CDS		GTG	FF956_02250|CP040692_458408_459451_+2_GTG_347
CP040692	461451	TGA	FF956_02260	460255	1197	CDS		ATG	FF956_02260|CP040692_460255_461451_+1_ATG_398
CP040692	464952	TGA	FF956_02275	463306	1647	CDS		GTG	FF956_02275|CP040692_463306_464952_+1_GTG_548
CP040692	465167	TAG	FF956_02280	464949	219	CDS		GTG	FF956_02280|CP040692_464949_465167_+3_GTG_72
CP040692	469184	TGA	FF956_02290	468528	657	CDS		ATG	FF956_02290|CP040692_468528_469184_+3_ATG_218
CP040692	476232	TGA	FF956_02300	475396	837	CDS		ATG	FF956_02300|CP040692_475396_476232_+1_ATG_278
CP040692	477776	TAG	FF956_02305	476229	1548	CDS		GTG	FF956_02305|CP040692_476229_477776_+3_GTG_515
CP040692	493440	TAG	FF956_02335	493249	192	CDS		GTG	FF956_02335|CP040692_493249_493440_+1_GTG_63
CP040692	494418	TGA	FF956_02340	493465	954	CDS		TTG	FF956_02340|CP040692_493465_494418_+1_TTG_317
CP040692	495408	TAA	FF956_02345	494644	765	CDS		TTG	FF956_02345|CP040692_494644_495408_+1_TTG_254
CP040692	496285	TAA	FF956_02350	495443	843	CDS		ATG	FF956_02350|CP040692_495443_496285_+2_ATG_280
CP040692	497507	TGA	FF956_02355	496305	1203	CDS		ATG	FF956_02355|CP040692_496305_497507_+3_ATG_400
CP040692	498559	TAG	FF956_02360	497507	1053	CDS		ATG	FF956_02360|CP040692_497507_498559_+2_ATG_350
CP040692	499622	TGA	FF956_02365	498549	1074	CDS		TTG	FF956_02365|CP040692_498549_499622_+3_TTG_357
CP040692	500974	TGA	FF956_02370	499619	1356	CDS		GTG	FF956_02370|CP040692_499619_500974_+2_GTG_451
CP040692	502125	TAG	FF956_02375	500971	1155	CDS		ATG	FF956_02375|CP040692_500971_502125_+1_ATG_384
CP040692	503830	TAG	FF956_02380	502136	1695	CDS		ATG	FF956_02380|CP040692_502136_503830_+2_ATG_564
CP040692	504558	TGA	FF956_02385	503830	729	CDS		GTG	FF956_02385|CP040692_503830_504558_+1_GTG_242
CP040692	505040	TAA	FF956_02390	504558	483	CDS		ATG	FF956_02390|CP040692_504558_505040_+3_ATG_160
CP040692	509331	TAG	FF956_02415	508498	834	CDS		GTG	FF956_02415|CP040692_508498_509331_+1_GTG_277
CP040692	510883	TAA	FF956_02430	509939	945	CDS		ATG	FF956_02430|CP040692_509939_510883_+2_ATG_314
CP040692	513355	TAG	FF956_02440	512693	663	CDS		GTG	FF956_02440|CP040692_512693_513355_+2_GTG_220
CP040692	514181	TAA	FF956_02445	513399	783	CDS		ATG	FF956_02445|CP040692_513399_514181_+3_ATG_260
CP040692	515012	TGA	FF956_02450	514323	690	CDS		ATG	FF956_02450|CP040692_514323_515012_+3_ATG_229
CP040692	516596	TGA	FF956_02455	515103	1494	CDS		GTG	FF956_02455|CP040692_515103_516596_+3_GTG_497
CP040692	523125	TAG	FF956_02475	521776	1350	CDS		ATG	FF956_02475|CP040692_521776_523125_+1_ATG_449
CP040692	524190	TGA	FF956_02480	523405	786	CDS		GTG	FF956_02480|CP040692_523405_524190_+1_GTG_261
CP040692	525330	TGA	FF956_02490	524797	534	CDS		ATG	FF956_02490|CP040692_524797_525330_+1_ATG_177
CP040692	526994	TAG	FF956_02495	525336	1659	CDS		GTG	FF956_02495|CP040692_525336_526994_+3_GTG_552
CP040692	528065	TGA	FF956_02500	527055	1011	CDS		ATG	FF956_02500|CP040692_527055_528065_+3_ATG_336
CP040692	529163	TGA	FF956_02505	528069	1095	CDS		GTG	FF956_02505|CP040692_528069_529163_+3_GTG_364
CP040692	533706	TAG	FF956_02535	533485	222	CDS		ATG	FF956_02535|CP040692_533485_533706_+1_ATG_73
CP040692	533852	TAG	FF956_02540	533739	114	CDS		GTG	FF956_02540|CP040692_533739_533852_+3_GTG_37
CP040692	534499	TAA	FF956_02550	534125	375	CDS		ATG	FF956_02550|CP040692_534125_534499_+2_ATG_124
CP040692	534922	TAG	FF956_02555	534503	420	CDS		ATG	FF956_02555|CP040692_534503_534922_+2_ATG_139
CP040692	535536	TAA	FF956_02560	534931	606	CDS		ATG	FF956_02560|CP040692_534931_535536_+1_ATG_201
CP040692	536731	TAG	FF956_02565	535688	1044	CDS		ATG	FF956_02565|CP040692_535688_536731_+2_ATG_347
CP040692	537305	TAG	FF956_02570	536763	543	CDS		ATG	FF956_02570|CP040692_536763_537305_+3_ATG_180
CP040692	538143	TAA	FF956_02575	537250	894	CDS		GTG	FF956_02575|CP040692_537250_538143_+1_GTG_297
CP040692	543110	TAG	FF956_02600	541698	1413	CDS		GTG	FF956_02600|CP040692_541698_543110_+3_GTG_470
CP040692	549666	TGA	FF956_02615	545956	3711	CDS		ATG	FF956_02615|CP040692_545956_549666_+1_ATG_1236
CP040692	550877	TGA	FF956_02620	549663	1215	CDS		GTG	FF956_02620|CP040692_549663_550877_+3_GTG_404
CP040692	551247	TAG	FF956_02625	550930	318	CDS		GTG	FF956_02625|CP040692_550930_551247_+1_GTG_105
CP040692	551570	TAG	FF956_02630	551268	303	CDS		ATG	FF956_02630|CP040692_551268_551570_+3_ATG_100
CP040692	552246	TGA	FF956_02635	551803	444	CDS		GTG	FF956_02635|CP040692_551803_552246_+1_GTG_147
CP040692	552698	TGA	FF956_02640	552243	456	CDS		ATG	FF956_02640|CP040692_552243_552698_+3_ATG_151
CP040692	554169	TGA	FF956_02645	552823	1347	CDS		ATG	FF956_02645|CP040692_552823_554169_+1_ATG_448
CP040692	554528	TGA	FF956_02650	554217	312	CDS		ATG	FF956_02650|CP040692_554217_554528_+3_ATG_103
CP040692	555934	TGA	FF956_02655	554531	1404	CDS		GTG	FF956_02655|CP040692_554531_555934_+2_GTG_467
CP040692	559178	TAG	FF956_02670	557304	1875	CDS		GTG	FF956_02670|CP040692_557304_559178_+3_GTG_624
CP040692	560254	TAA	FF956_02675	559400	855	CDS		TTG	FF956_02675|CP040692_559400_560254_+2_TTG_284
CP040692	560978	TGA	FF956_02680	560265	714	CDS		GTG	FF956_02680|CP040692_560265_560978_+3_GTG_237
CP040692	562401	TAG	FF956_02685	560980	1422	CDS		ATG	FF956_02685|CP040692_560980_562401_+1_ATG_473
CP040692	563821	TAG	FF956_02690	562439	1383	CDS		GTG	FF956_02690|CP040692_562439_563821_+2_GTG_460
CP040692	564875	GTC	FF956_02695	564039	837	CDS	true	GCT	FF956_02695_p|CP040692_564039_564875_+3_GCT_279
CP040692	565349	TGA	FF956_02700	565194	156	CDS		TTG	FF956_02700|CP040692_565194_565349_+3_TTG_51
CP040692	566435	TAA	FF956_02705	565388	1048	CDS	true	GTG	FF956_02705_p|CP040692_565388_566435_+2_GTG_349
CP040692	567553	TGA	FF956_02715	567191	363	CDS		ATG	FF956_02715|CP040692_567191_567553_+2_ATG_120
CP040692	568287	TGA	FF956_02720	568021	267	CDS		GTG	FF956_02720|CP040692_568021_568287_+1_GTG_88
CP040692	568984	TAG	FF956_02730	568782	203	CDS	true	CTG	FF956_02730_p|CP040692_568782_568984_+3_CTG_67
CP040692	570562	TGA	FF956_02745	570344	219	CDS		ATG	FF956_02745|CP040692_570344_570562_+2_ATG_72
CP040692	572729	TAG	FF956_02750	570555	2175	CDS		CTG	FF956_02750|CP040692_570555_572729_+3_CTG_724
CP040692	573100	TAG	FF956_02755	572834	267	CDS		GTG	FF956_02755|CP040692_572834_573100_+2_GTG_88
CP040692	574899	TGA	FF956_02770	574537	363	CDS		ATG	FF956_02770|CP040692_574537_574899_+1_ATG_120
CP040692	576419	TGA	FF956_02780	575193	1227	CDS		GTG	FF956_02780|CP040692_575193_576419_+3_GTG_408
CP040692	576922	TGA	FF956_02785	576416	507	CDS		TTG	FF956_02785|CP040692_576416_576922_+2_TTG_168
CP040692	577554	TGA	FF956_02790	576919	636	CDS		ATG	FF956_02790|CP040692_576919_577554_+1_ATG_211
CP040692	578027	TGA	FF956_02795	577551	477	CDS		GTG	FF956_02795|CP040692_577551_578027_+3_GTG_158
CP040692	579058	TGA	FF956_02800	578024	1035	CDS		ATG	FF956_02800|CP040692_578024_579058_+2_ATG_344
CP040692	579627	TAG	FF956_02805	579325	303	CDS		GTG	FF956_02805|CP040692_579325_579627_+1_GTG_100
CP040692	581341	TGA	FF956_02810	579722	1620	CDS		ATG	FF956_02810|CP040692_579722_581341_+2_ATG_539
CP040692	582919	TAA	FF956_02820	582092	828	CDS		GTG	FF956_02820|CP040692_582092_582919_+2_GTG_275
CP040692	583575	TGA	FF956_02825	582937	639	CDS		ATG	FF956_02825|CP040692_582937_583575_+1_ATG_212
CP040692	584467	TAG	FF956_02830	583568	900	CDS		ATG	FF956_02830|CP040692_583568_584467_+2_ATG_299
CP040692	586683	TAA	FF956_02840	585094	1590	CDS		ATG	FF956_02840|CP040692_585094_586683_+1_ATG_529
CP040692	587830	TGA	FF956_02845	586703	1128	CDS		ATG	FF956_02845|CP040692_586703_587830_+2_ATG_375
CP040692	589622	TGA	FF956_02850	587886	1737	CDS		ATG	FF956_02850|CP040692_587886_589622_+3_ATG_578
CP040692	591911	TGA	FF956_02870	591345	567	CDS		ATG	FF956_02870|CP040692_591345_591911_+3_ATG_188
CP040692	592733	TAA	FF956_02875	592029	705	CDS		GTG	FF956_02875|CP040692_592029_592733_+3_GTG_234
CP040692	594351	TGA	FF956_02880	592750	1602	CDS		ATG	FF956_02880|CP040692_592750_594351_+1_ATG_533
CP040692	595960	TGA	FF956_02885	594722	1239	CDS		ATG	FF956_02885|CP040692_594722_595960_+2_ATG_412
CP040692	596162	GGC	FF956_02890	595953	210	CDS	true	GTG	FF956_02890_p|CP040692_595953_596162_+3_GTG_70
CP040692	601936	TGA	FF956_02910	600857	1080	CDS		ATG	FF956_02910|CP040692_600857_601936_+2_ATG_359
CP040692	602873	TAG	FF956_02915	601965	909	CDS		ATG	FF956_02915|CP040692_601965_602873_+3_ATG_302
CP040692	604462	TAG	FF956_02920	602885	1578	CDS		GTG	FF956_02920|CP040692_602885_604462_+2_GTG_525
CP040692	605941	TGA	FF956_02930	605327	615	CDS		ATG	FF956_02930|CP040692_605327_605941_+2_ATG_204
CP040692	607521	TGA	FF956_02935	605938	1584	CDS		GTG	FF956_02935|CP040692_605938_607521_+1_GTG_527
CP040692	609389	TGA	FF956_02945	608526	864	CDS		ATG	FF956_02945|CP040692_608526_609389_+3_ATG_287
CP040692	613044	TAG	FF956_02960	612172	873	CDS		ATG	FF956_02960|CP040692_612172_613044_+1_ATG_290
CP040692	616932	TGA	FF956_02975	616624	309	CDS		ATG	FF956_02975|CP040692_616624_616932_+1_ATG_102
CP040692	617324	TGA	FF956_02980	616932	393	CDS		ATG	FF956_02980|CP040692_616932_617324_+3_ATG_130
CP040692	619130	TGA	FF956_02985	618078	1053	CDS		ATG	FF956_02985|CP040692_618078_619130_+3_ATG_350
CP040692	620119	TGA	FF956_02990	619130	990	CDS		ATG	FF956_02990|CP040692_619130_620119_+2_ATG_329
CP040692	621954	TAA	FF956_02995	620116	1839	CDS		ATG	FF956_02995|CP040692_620116_621954_+1_ATG_612
CP040692	622853	TGA	FF956_03000	621963	891	CDS		ATG	FF956_03000|CP040692_621963_622853_+3_ATG_296
CP040692	624363	TGA	FF956_03005	622858	1506	CDS		ATG	FF956_03005|CP040692_622858_624363_+1_ATG_501
CP040692	633710	TGA	FF956_03040	630471	3240	CDS		ATG	FF956_03040|CP040692_630471_633710_+3_ATG_1079
CP040692	634876	TAA	FF956_03050	634232	645	CDS		ATG	FF956_03050|CP040692_634232_634876_+2_ATG_214
CP040692	637128	TGA	FF956_03060	636745	384	CDS		TTG	FF956_03060|CP040692_636745_637128_+1_TTG_127
CP040692	640340	TGA	FF956_03070	637710	2631	CDS		GTG	FF956_03070|CP040692_637710_640340_+3_GTG_876
CP040692	640729	TAG	FF956_03075	640337	393	CDS		ATG	FF956_03075|CP040692_640337_640729_+2_ATG_130
CP040692	641075	TGA	FF956_03080	640707	369	CDS		TTG	FF956_03080|CP040692_640707_641075_+3_TTG_122
CP040692	641637	TGA	FF956_03085	641056	582	CDS		GTG	FF956_03085|CP040692_641056_641637_+1_GTG_193
CP040692	642195	TAG	FF956_03090	641644	552	CDS		TTG	FF956_03090|CP040692_641644_642195_+1_TTG_183
CP040692	645407	TGA	FF956_03115	644562	846	CDS		GTG	FF956_03115|CP040692_644562_645407_+3_GTG_281
CP040692	645697	TAG	FF956_03120	645404	294	CDS		ATG	FF956_03120|CP040692_645404_645697_+2_ATG_97
CP040692	646475	TAG	FF956_03130	646215	261	CDS		ATG	FF956_03130|CP040692_646215_646475_+3_ATG_86
CP040692	646720	TGA	FF956_03135	646310	411	CDS		GTG	FF956_03135|CP040692_646310_646720_+2_GTG_136
CP040692	646989	TGA	FF956_03140	646618	372	CDS		GTG	FF956_03140|CP040692_646618_646989_+1_GTG_123
CP040692	647865	TGA	FF956_03145	647071	795	CDS		GTG	FF956_03145|CP040692_647071_647865_+1_GTG_264
CP040692	657477	TAA	FF956_03150	648109	9369	CDS		ATG	FF956_03150|CP040692_648109_657477_+1_ATG_3122
CP040692	658101	TGA	FF956_03155	657814	288	CDS		ATG	FF956_03155|CP040692_657814_658101_+1_ATG_95
CP040692	659136	TAA	FF956_03160	658318	819	CDS		ATG	FF956_03160|CP040692_658318_659136_+1_ATG_272
CP040692	660206	TGA	FF956_03175	659716	491	CDS	true	GTG	FF956_03175_p|CP040692_659716_660206_+1_GTG_163
CP040692	671479	TAA	FF956_03180	660244	11236	CDS	true	TTG	FF956_03180_p|CP040692_660244_671479_+1_TTG_3745
CP040692	671992	TAG	FF956_03185	671735	258	CDS		ATG	FF956_03185|CP040692_671735_671992_+2_ATG_85
CP040692	678212	TGA	FF956_03190	672421	5792	CDS	true	ATG	FF956_03190_p|CP040692_672421_678212_+1_ATG_1930
CP040692	685832	TAA	FF956_03195	678261	7572	CDS		ATG	FF956_03195|CP040692_678261_685832_+3_ATG_2523
CP040692	690581	TAG	FF956_03215	689352	1230	CDS		ATG	FF956_03215|CP040692_689352_690581_+3_ATG_409
CP040692	692576	TAA	FF956_03225	691566	1011	CDS		ATG	FF956_03225|CP040692_691566_692576_+3_ATG_336
CP040692	693466	TAA	FF956_03230	692597	870	CDS		ATG	FF956_03230|CP040692_692597_693466_+2_ATG_289
CP040692	695260	TGA	FF956_03245	694415	846	CDS		ATG	FF956_03245|CP040692_694415_695260_+2_ATG_281
CP040692	701803	TGA	FF956_03270	700865	939	CDS		ATG	FF956_03270|CP040692_700865_701803_+2_ATG_312
CP040692	703881	CAC	FF956_03280	703615	267	CDS	true	GTG	FF956_03280_p|CP040692_703615_703881_+1_GTG_89
CP040692	705194	TGA	FF956_03285	703933	1263	fCDS		ATG	FF956_03285_fCDS|CP040692_703933_705194_+1_ATG_420
CP040692	705774	TGA	FF956_03290	705400	375	CDS		ATG	FF956_03290|CP040692_705400_705774_+1_ATG_124
CP040692	706304	TGA	FF956_03295	705771	534	CDS		GTG	FF956_03295|CP040692_705771_706304_+3_GTG_177
CP040692	706970	TGA	FF956_03300	706305	666	CDS		ATG	FF956_03300|CP040692_706305_706970_+3_ATG_221
CP040692	707581	TAG	FF956_03305	706967	615	CDS		ATG	FF956_03305|CP040692_706967_707581_+2_ATG_204
CP040692	707945	TGA	FF956_03310	707703	243	CDS		ATG	FF956_03310|CP040692_707703_707945_+3_ATG_80
CP040692	708377	TAG	FF956_03315	707949	429	CDS		ATG	FF956_03315|CP040692_707949_708377_+3_ATG_142
CP040692	712555	TGA	FF956_03340	712154	402	CDS		ATG	FF956_03340|CP040692_712154_712555_+2_ATG_133
CP040692	713835	TGA	FF956_03345	712552	1284	CDS		GTG	FF956_03345|CP040692_712552_713835_+1_GTG_427
CP040692	714932	TAA	FF956_03350	713835	1098	CDS		ATG	FF956_03350|CP040692_713835_714932_+3_ATG_365
CP040692	715314	TAG	FF956_03355	715003	312	CDS		ATG	FF956_03355|CP040692_715003_715314_+1_ATG_103
CP040692	715663	TGA	FF956_03360	715493	171	CDS		ATG	FF956_03360|CP040692_715493_715663_+2_ATG_56
CP040692	716615	TAG	FF956_03365	715689	927	CDS		TTG	FF956_03365|CP040692_715689_716615_+3_TTG_308
CP040692	719549	TGA	FF956_03380	718926	624	CDS		GTG	FF956_03380|CP040692_718926_719549_+3_GTG_207
CP040692	723214	TGA	FF956_03395	722030	1185	CDS		ATG	FF956_03395|CP040692_722030_723214_+2_ATG_394
CP040692	724380	TAG	FF956_03400	723211	1170	CDS		ATG	FF956_03400|CP040692_723211_724380_+1_ATG_389
CP040692	726496	TGA	FF956_03410	725081	1416	CDS		GTG	FF956_03410|CP040692_725081_726496_+2_GTG_471
CP040692	728334	TGA	FF956_03415	726577	1758	CDS		GTG	FF956_03415|CP040692_726577_728334_+1_GTG_585
CP040692	729107	TGA	FF956_03420	728442	666	CDS		ATG	FF956_03420|CP040692_728442_729107_+3_ATG_221
CP040692	730036	TGA	FF956_03425	729119	918	CDS		GTG	FF956_03425|CP040692_729119_730036_+2_GTG_305
CP040692	732968	TGA	FF956_03430	730056	2913	CDS		GTG	FF956_03430|CP040692_730056_732968_+3_GTG_970
CP040692	733909	TAG	FF956_03435	732995	915	CDS		ATG	FF956_03435|CP040692_732995_733909_+2_ATG_304
CP040692	740833	TAG	FF956_03455	740024	810	CDS		GTG	FF956_03455|CP040692_740024_740833_+2_GTG_269
CP040692	744174	TAA	FF956_03470	743722	453	CDS		ATG	FF956_03470|CP040692_743722_744174_+1_ATG_150
CP040692	745574	TAA	FF956_03475	744225	1350	CDS		ATG	FF956_03475|CP040692_744225_745574_+3_ATG_449
CP040692	745985	TGA	FF956_03480	745608	378	CDS		ATG	FF956_03480|CP040692_745608_745985_+3_ATG_125
CP040692	746433	TAG	FF956_03485	746020	414	CDS		ATG	FF956_03485|CP040692_746020_746433_+1_ATG_137
CP040692	747068	TGA	FF956_03490	746631	438	CDS		ATG	FF956_03490|CP040692_746631_747068_+3_ATG_145
CP040692	747850	TAG	FF956_03495	747065	786	CDS		GTG	FF956_03495|CP040692_747065_747850_+2_GTG_261
CP040692	754744	TAA	FF956_03530	753944	801	CDS		GTG	FF956_03530|CP040692_753944_754744_+2_GTG_266
CP040692	755305	TGA	FF956_03535	754787	519	CDS		ATG	FF956_03535|CP040692_754787_755305_+2_ATG_172
CP040692	757321	TGA	FF956_03545	756032	1290	CDS		ATG	FF956_03545|CP040692_756032_757321_+2_ATG_429
CP040692	757842	TAG	FF956_03550	757318	525	CDS		ATG	FF956_03550|CP040692_757318_757842_+1_ATG_174
CP040692	759036	TGA	FF956_03555	757867	1170	CDS		ATG	FF956_03555|CP040692_757867_759036_+1_ATG_389
CP040692	763277	TAG	FF956_03570	762609	669	CDS		ATG	FF956_03570|CP040692_762609_763277_+3_ATG_222
CP040692	769061	TGA	FF956_03595	768147	915	CDS		ATG	FF956_03595|CP040692_768147_769061_+3_ATG_304
CP040692	769977	TGA	FF956_03600	769072	906	CDS		GTG	FF956_03600|CP040692_769072_769977_+1_GTG_301
CP040692	771058	TGA	FF956_03605	769979	1080	CDS		TTG	FF956_03605|CP040692_769979_771058_+2_TTG_359
CP040692	776084	TGA	FF956_03635	775815	270	CDS		TTG	FF956_03635|CP040692_775815_776084_+3_TTG_89
CP040692	777145	TAG	FF956_03645	776654	492	CDS		ATG	FF956_03645|CP040692_776654_777145_+2_ATG_163
CP040692	778644	TGA	FF956_03650	777247	1398	CDS		ATG	FF956_03650|CP040692_777247_778644_+1_ATG_465
CP040692	779681	TAG	FF956_03655	778641	1041	CDS		GTG	FF956_03655|CP040692_778641_779681_+3_GTG_346
CP040692	780915	TGA	FF956_03660	779689	1227	CDS		GTG	FF956_03660|CP040692_779689_780915_+1_GTG_408
CP040692	783859	TGA	FF956_03670	782372	1488	CDS		ATG	FF956_03670|CP040692_782372_783859_+2_ATG_495
CP040692	785218	TGA	FF956_03675	783968	1251	CDS		ATG	FF956_03675|CP040692_783968_785218_+2_ATG_416
CP040692	785385	TAA	FF956_03680	785218	168	CDS		ATG	FF956_03680|CP040692_785218_785385_+1_ATG_55
CP040692	785572	TGA	FF956_03685	785390	183	CDS		GTG	FF956_03685|CP040692_785390_785572_+2_GTG_60
CP040692	786204	TGA	FF956_03690	785569	636	CDS		GTG	FF956_03690|CP040692_785569_786204_+1_GTG_211
CP040692	787796	TGA	FF956_03695	786309	1488	CDS		ATG	FF956_03695|CP040692_786309_787796_+3_ATG_495
CP040692	788537	TGA	FF956_03700	787893	645	CDS		GTG	FF956_03700|CP040692_787893_788537_+3_GTG_214
CP040692	789293	TGA	FF956_03705	788607	687	CDS		ATG	FF956_03705|CP040692_788607_789293_+3_ATG_228
CP040692	791046	TGA	FF956_03710	789343	1704	CDS		ATG	FF956_03710|CP040692_789343_791046_+1_ATG_567
CP040692	792797	TGA	FF956_03715	791046	1752	CDS		ATG	FF956_03715|CP040692_791046_792797_+3_ATG_583
CP040692	793707	TGA	FF956_03720	792865	843	CDS		ATG	FF956_03720|CP040692_792865_793707_+1_ATG_280
CP040692	794386	TGA	FF956_03725	793745	642	CDS		GTG	FF956_03725|CP040692_793745_794386_+2_GTG_213
CP040692	795346	TGA	FF956_03730	794702	645	CDS		GTG	FF956_03730|CP040692_794702_795346_+2_GTG_214
CP040692	798274	TAG	FF956_03735	795425	2850	CDS		GTG	FF956_03735|CP040692_795425_798274_+2_GTG_949
CP040692	801499	TGA	FF956_03740	798353	3147	CDS		ATG	FF956_03740|CP040692_798353_801499_+2_ATG_1048
CP040692	802292	TGA	FF956_03745	801558	735	CDS		ATG	FF956_03745|CP040692_801558_802292_+3_ATG_244
CP040692	802835	TGA	FF956_03750	802353	483	CDS		ATG	FF956_03750|CP040692_802353_802835_+3_ATG_160
CP040692	803997	TAG	FF956_03755	802840	1158	CDS		GTG	FF956_03755|CP040692_802840_803997_+1_GTG_385
CP040692	806171	TAG	FF956_03765	804767	1405	CDS	true	GTG	FF956_03765_p|CP040692_804767_806171_+2_GTG_468
CP040692	807082	TGA	FF956_03770	806195	888	CDS		GTG	FF956_03770|CP040692_806195_807082_+2_GTG_295
CP040692	807588	TGA	FF956_03775	807079	510	CDS		GTG	FF956_03775|CP040692_807079_807588_+1_GTG_169
CP040692	808840	TAG	FF956_03780	807698	1143	CDS		ATG	FF956_03780|CP040692_807698_808840_+2_ATG_380
CP040692	810201	TAA	FF956_03785	808918	1284	CDS		ATG	FF956_03785|CP040692_808918_810201_+1_ATG_427
CP040692	813388	TGA	FF956_03800	812630	759	CDS		ATG	FF956_03800|CP040692_812630_813388_+2_ATG_252
CP040692	814936	TAG	FF956_03805	813512	1425	CDS		GTG	FF956_03805|CP040692_813512_814936_+2_GTG_474
CP040692	817051	TGA	FF956_03825	816401	651	CDS		ATG	FF956_03825|CP040692_816401_817051_+2_ATG_216
CP040692	817599	TGA	FF956_03830	817048	552	CDS		ATG	FF956_03830|CP040692_817048_817599_+1_ATG_183
CP040692	817901	TAG	FF956_03835	817596	306	CDS		GTG	FF956_03835|CP040692_817596_817901_+3_GTG_101
CP040692	818401	TAG	FF956_03845	818186	216	CDS		ATG	FF956_03845|CP040692_818186_818401_+2_ATG_71
CP040692	819923	TAG	FF956_03850	818418	1506	CDS		ATG	FF956_03850|CP040692_818418_819923_+3_ATG_501
CP040692	822148	TAG	FF956_03865	821717	432	CDS		GTG	FF956_03865|CP040692_821717_822148_+2_GTG_143
CP040692	825260	TAG	FF956_03885	824460	801	CDS		ATG	FF956_03885|CP040692_824460_825260_+3_ATG_266
CP040692	829109	TAG	FF956_03900	828414	696	CDS		ATG	FF956_03900|CP040692_828414_829109_+3_ATG_231
CP040692	830276	TAA	FF956_03910	830004	273	CDS		GTG	FF956_03910|CP040692_830004_830276_+3_GTG_90
CP040692	832152	TAA	FF956_03920	831295	858	CDS		GTG	FF956_03920|CP040692_831295_832152_+1_GTG_285
CP040692	833421	TAG	FF956_03925	832243	1179	CDS		GTG	FF956_03925|CP040692_832243_833421_+1_GTG_392
CP040692	834326	TAA	FF956_03930	833448	879	CDS		ATG	FF956_03930|CP040692_833448_834326_+3_ATG_292
CP040692	838919	TGA	FF956_03950	835752	3168	CDS		ATG	FF956_03950|CP040692_835752_838919_+3_ATG_1055
CP040692	842221	TGA	FF956_03955	838916	3306	CDS		ATG	FF956_03955|CP040692_838916_842221_+2_ATG_1101
CP040692	843350	TAG	FF956_03960	842283	1068	CDS		GTG	FF956_03960|CP040692_842283_843350_+3_GTG_355
CP040692	844350	TGA	FF956_03965	843409	942	CDS		GTG	FF956_03965|CP040692_843409_844350_+1_GTG_313
CP040692	846843	TGA	FF956_03975	844741	2103	CDS		ATG	FF956_03975|CP040692_844741_846843_+1_ATG_700
CP040692	847550	TAG	FF956_03980	847273	278	CDS	true	GTG	FF956_03980_p|CP040692_847273_847550_+1_GTG_92
CP040692	849265	TAG	FF956_03990	849065	201	CDS		GTG	FF956_03990|CP040692_849065_849265_+2_GTG_66
CP040692	852697	TAG	FF956_04005	851675	1023	CDS		GTG	FF956_04005|CP040692_851675_852697_+2_GTG_340
CP040692	855767	TAG	FF956_04010	852789	2979	CDS		GTG	FF956_04010|CP040692_852789_855767_+3_GTG_992
CP040692	857163	TGA	FF956_04025	856981	183	CDS		GTG	FF956_04025|CP040692_856981_857163_+1_GTG_60
CP040692	857332	TGA	FF956_04030	857108	225	CDS		GTG	FF956_04030|CP040692_857108_857332_+2_GTG_74
CP040692	858650	TGA	FF956_04035	857616	1035	CDS		GTG	FF956_04035|CP040692_857616_858650_+3_GTG_344
CP040692	860539	TGA	FF956_04050	859274	1266	CDS	true	GTG	FF956_04050_p|CP040692_859274_860539_+2_GTG_421
CP040692	861958	TGA	FF956_04055	860697	1263	fCDS		ATG	FF956_04055_fCDS|CP040692_860697_861958_+3_ATG_420
CP040692	864849	TGA	FF956_04070	863588	1263	fCDS		ATG	FF956_04070_fCDS|CP040692_863588_864849_+2_ATG_420
CP040692	866270	TGA	FF956_04085	865818	453	CDS		ATG	FF956_04085|CP040692_865818_866270_+3_ATG_150
CP040692	866707	TGA	FF956_04090	866273	435	CDS		GTG	FF956_04090|CP040692_866273_866707_+2_GTG_144
CP040692	871617	TAA	FF956_04120	870661	957	CDS		ATG	FF956_04120|CP040692_870661_871617_+1_ATG_318
CP040692	874518	TGA	FF956_04135	873916	603	CDS		ATG	FF956_04135|CP040692_873916_874518_+1_ATG_200
CP040692	875079	TAA	FF956_04140	874597	483	CDS		ATG	FF956_04140|CP040692_874597_875079_+1_ATG_160
CP040692	876115	TAG	FF956_04145	875216	900	CDS		TTG	FF956_04145|CP040692_875216_876115_+2_TTG_299
CP040692	880529	TGA	FF956_04165	879903	627	CDS		ATG	FF956_04165|CP040692_879903_880529_+3_ATG_208
CP040692	881568	TGA	FF956_04170	880609	960	CDS		ATG	FF956_04170|CP040692_880609_881568_+1_ATG_319
CP040692	882047	TGA	FF956_04175	881565	483	CDS		ATG	FF956_04175|CP040692_881565_882047_+3_ATG_160
CP040692	883017	TAG	FF956_04180	882055	963	CDS		ATG	FF956_04180|CP040692_882055_883017_+1_ATG_320
CP040692	884318	TGA	FF956_04185	883047	1272	CDS		GTG	FF956_04185|CP040692_883047_884318_+3_GTG_423
CP040692	884752	TGA	FF956_04190	884315	438	CDS		ATG	FF956_04190|CP040692_884315_884752_+2_ATG_145
CP040692	885970	TAG	FF956_04195	884822	1149	CDS		ATG	FF956_04195|CP040692_884822_885970_+2_ATG_382
CP040692	886622	TAG	FF956_04200	885981	642	CDS		ATG	FF956_04200|CP040692_885981_886622_+3_ATG_213
CP040692	888698	TAA	FF956_04205	886797	1902	CDS		ATG	FF956_04205|CP040692_886797_888698_+3_ATG_633
CP040692	890715	TAA	FF956_04210	888946	1770	CDS		ATG	FF956_04210|CP040692_888946_890715_+1_ATG_589
CP040692	908018	TGA	FF956_04285	906789	1230	CDS		GTG	FF956_04285|CP040692_906789_908018_+3_GTG_409
CP040692	908988	TGA	FF956_04295	908560	429	CDS		ATG	FF956_04295|CP040692_908560_908988_+1_ATG_142
CP040692	915161	TAG	FF956_04325	914829	333	CDS		GTG	FF956_04325|CP040692_914829_915161_+3_GTG_110
CP040692	916698	TAG	FF956_04335	916423	276	CDS		GTG	FF956_04335|CP040692_916423_916698_+1_GTG_91
CP040692	917663	TAG	FF956_04340	916857	807	CDS		ATG	FF956_04340|CP040692_916857_917663_+3_ATG_268
CP040692	918344	TGA	FF956_04345	917691	654	CDS		GTG	FF956_04345|CP040692_917691_918344_+3_GTG_217
CP040692	920077	TAG	FF956_04350	918341	1737	CDS		ATG	FF956_04350|CP040692_918341_920077_+2_ATG_578
CP040692	922631	TGA	FF956_04360	921240	1392	CDS		ATG	FF956_04360|CP040692_921240_922631_+3_ATG_463
CP040692	924003	TAG	FF956_04370	923422	582	CDS		GTG	FF956_04370|CP040692_923422_924003_+1_GTG_193
CP040692	924435	TGA	FF956_04375	924085	351	CDS		GTG	FF956_04375|CP040692_924085_924435_+1_GTG_116
CP040692	925795	TGA	FF956_04385	925481	315	CDS		ATG	FF956_04385|CP040692_925481_925795_+2_ATG_104
CP040692	927127	TAG	FF956_04390	925952	1176	CDS		ATG	FF956_04390|CP040692_925952_927127_+2_ATG_391
CP040692	929810	TGA	FF956_04410	929691	120	CDS	true	ATT	FF956_04410_p|CP040692_929691_929810_+3_ATT_39
CP040692	936295	TGA	FF956_04450	936152	144	CDS		TTG	FF956_04450|CP040692_936152_936295_+2_TTG_47
CP040692	942225	TGA	FF956_04490	940642	1584	CDS		ATG	FF956_04490|CP040692_940642_942225_+1_ATG_527
CP040692	944836	TAG	FF956_04500	943721	1116	CDS		GTG	FF956_04500|CP040692_943721_944836_+2_GTG_371
CP040692	945752	TAG	FF956_04505	944826	927	CDS		ATG	FF956_04505|CP040692_944826_945752_+3_ATG_308
CP040692	946191	TGA	FF956_04510	945754	438	CDS		GTG	FF956_04510|CP040692_945754_946191_+1_GTG_145
CP040692	946924	TAA	FF956_04515	946235	690	CDS		ATG	FF956_04515|CP040692_946235_946924_+2_ATG_229
CP040692	947818	TAG	FF956_04520	946925	894	CDS		GTG	FF956_04520|CP040692_946925_947818_+2_GTG_297
CP040692	948303	TGA	FF956_04525	947821	483	CDS		GTG	FF956_04525|CP040692_947821_948303_+1_GTG_160
CP040692	949191	TGA	FF956_04530	948340	852	CDS		GTG	FF956_04530|CP040692_948340_949191_+1_GTG_283
CP040692	950394	TAA	FF956_04545	949942	453	CDS		GTG	FF956_04545|CP040692_949942_950394_+1_GTG_150
CP040692	951826	TGA	FF956_04550	950513	1314	CDS		GTG	FF956_04550|CP040692_950513_951826_+2_GTG_437
CP040692	954843	TGA	FF956_04565	953713	1131	CDS		GTG	FF956_04565|CP040692_953713_954843_+1_GTG_376
CP040692	955844	TAA	FF956_04570	954840	1005	CDS		ATG	FF956_04570|CP040692_954840_955844_+3_ATG_334
CP040692	956790	TAG	FF956_04575	955870	921	CDS		ATG	FF956_04575|CP040692_955870_956790_+1_ATG_306
CP040692	959835	TGA	FF956_04590	959533	303	CDS		GTG	FF956_04590|CP040692_959533_959835_+1_GTG_100
CP040692	970200	TGA	FF956_04635	969178	1023	CDS		ATG	FF956_04635|CP040692_969178_970200_+1_ATG_340
CP040692	974948	TAA	FF956_04645	971616	3333	CDS		ATG	FF956_04645|CP040692_971616_974948_+3_ATG_1110
CP040692	975834	TAG	FF956_04650	975007	828	CDS	true	ATG	FF956_04650_p|CP040692_975007_975834_+1_ATG_275
CP040692	979554	TAG	FF956_04670	978631	924	CDS		ATG	FF956_04670|CP040692_978631_979554_+1_ATG_307
CP040692	981275	TAA	FF956_04680	980919	357	CDS		ATG	FF956_04680|CP040692_980919_981275_+3_ATG_118
CP040692	981806	TGA	FF956_04685	981282	525	CDS		TTG	FF956_04685|CP040692_981282_981806_+3_TTG_174
CP040692	985625	TGA	FF956_04705	983982	1644	CDS		ATG	FF956_04705|CP040692_983982_985625_+3_ATG_547
CP040692	987779	TAA	FF956_04730	987354	426	CDS		ATG	FF956_04730|CP040692_987354_987779_+3_ATG_141
CP040692	994342	TAG	FF956_04745	992177	2166	CDS		ATG	FF956_04745|CP040692_992177_994342_+2_ATG_721
CP040692	995931	TAA	FF956_04750	994459	1473	CDS		ATG	FF956_04750|CP040692_994459_995931_+1_ATG_490
CP040692	998946	TAG	FF956_04765	998296	651	CDS		GTG	FF956_04765|CP040692_998296_998946_+1_GTG_216
CP040692	999873	TAG	FF956_04770	999010	864	CDS		ATG	FF956_04770|CP040692_999010_999873_+1_ATG_287
CP040692	1002237	TGA	FF956_04785	1001683	555	CDS		GTG	FF956_04785|CP040692_1001683_1002237_+1_GTG_184
CP040692	1002722	TAA	FF956_04790	1002318	405	CDS		TTG	FF956_04790|CP040692_1002318_1002722_+3_TTG_134
CP040692	1002939	TAG	FF956_04795	1002700	240	CDS		ATG	FF956_04795|CP040692_1002700_1002939_+1_ATG_79
CP040692	1003426	TAG	FF956_04800	1002974	453	CDS		ATG	FF956_04800|CP040692_1002974_1003426_+2_ATG_150
CP040692	1005573	TAG	FF956_04805	1003396	2178	CDS		GTG	FF956_04805|CP040692_1003396_1005573_+1_GTG_725
CP040692	1006441	TGA	FF956_04810	1005701	741	CDS		GTG	FF956_04810|CP040692_1005701_1006441_+2_GTG_246
CP040692	1008149	TAG	FF956_04815	1006575	1575	CDS		GTG	FF956_04815|CP040692_1006575_1008149_+3_GTG_524
CP040692	1009254	TAG	FF956_04820	1008280	975	CDS		GTG	FF956_04820|CP040692_1008280_1009254_+1_GTG_324
CP040692	1009636	TGA	FF956_04825	1009352	285	CDS		ATG	FF956_04825|CP040692_1009352_1009636_+2_ATG_94
CP040692	1010344	TGA	FF956_04830	1009970	375	CDS		GTG	FF956_04830|CP040692_1009970_1010344_+2_GTG_124
CP040692	1012645	TAG	FF956_04845	1012442	204	CDS		ATG	FF956_04845|CP040692_1012442_1012645_+2_ATG_67
CP040692	1014458	TGA	FF956_04850	1012737	1722	CDS		TTG	FF956_04850|CP040692_1012737_1014458_+3_TTG_573
CP040692	1015725	TAG	FF956_04855	1014496	1230	CDS		ATG	FF956_04855|CP040692_1014496_1015725_+1_ATG_409
CP040692	1016603	TGA	FF956_04860	1015740	864	CDS		ATG	FF956_04860|CP040692_1015740_1016603_+3_ATG_287
CP040692	1017466	TGA	FF956_04865	1016600	867	CDS		ATG	FF956_04865|CP040692_1016600_1017466_+2_ATG_288
CP040692	1018239	TAG	FF956_04870	1017475	765	CDS		GTG	FF956_04870|CP040692_1017475_1018239_+1_GTG_254
CP040692	1019233	TGA	FF956_04875	1018250	984	CDS		ATG	FF956_04875|CP040692_1018250_1019233_+2_ATG_327
CP040692	1020444	TAG	FF956_04880	1019368	1077	CDS		GTG	FF956_04880|CP040692_1019368_1020444_+1_GTG_358
CP040692	1021200	TAA	FF956_04885	1020517	684	CDS		ATG	FF956_04885|CP040692_1020517_1021200_+1_ATG_227
CP040692	1023639	TAG	FF956_04895	1022737	903	CDS		GTG	FF956_04895|CP040692_1022737_1023639_+1_GTG_300
CP040692	1029588	TAA	FF956_04925	1028788	801	CDS		ATG	FF956_04925|CP040692_1028788_1029588_+1_ATG_266
CP040692	1030583	TAG	FF956_04930	1029627	957	CDS		ATG	FF956_04930|CP040692_1029627_1030583_+3_ATG_318
CP040692	1031584	TGA	FF956_04935	1030739	846	CDS		ATG	FF956_04935|CP040692_1030739_1031584_+2_ATG_281
CP040692	1032495	TAA	FF956_04940	1031581	915	CDS		ATG	FF956_04940|CP040692_1031581_1032495_+1_ATG_304
CP040692	1033773	TGA	FF956_04945	1032592	1182	CDS		ATG	FF956_04945|CP040692_1032592_1033773_+1_ATG_393
CP040692	1034873	TGA	FF956_04950	1033770	1104	CDS		ATG	FF956_04950|CP040692_1033770_1034873_+3_ATG_367
CP040692	1036283	TAG	FF956_04960	1035036	1248	CDS		ATG	FF956_04960|CP040692_1035036_1036283_+3_ATG_415
CP040692	1036979	TGA	FF956_04965	1036665	315	CDS		GTG	FF956_04965|CP040692_1036665_1036979_+3_GTG_104
CP040692	1038280	TGA	FF956_04970	1036976	1305	CDS		GTG	FF956_04970|CP040692_1036976_1038280_+2_GTG_434
CP040692	1038729	TAA	FF956_04975	1038367	363	CDS		GTG	FF956_04975|CP040692_1038367_1038729_+1_GTG_120
CP040692	1040568	TGA	FF956_04985	1039555	1014	CDS		GTG	FF956_04985|CP040692_1039555_1040568_+1_GTG_337
CP040692	1042674	TAA	FF956_04990	1040599	2076	CDS		GTG	FF956_04990|CP040692_1040599_1042674_+1_GTG_691
CP040692	1043788	TGA	FF956_05000	1043489	300	CDS		GTG	FF956_05000|CP040692_1043489_1043788_+2_GTG_99
CP040692	1045269	TAG	FF956_05005	1043785	1485	CDS		GTG	FF956_05005|CP040692_1043785_1045269_+1_GTG_494
CP040692	1046396	TGA	FF956_05010	1045365	1032	CDS		ATG	FF956_05010|CP040692_1045365_1046396_+3_ATG_343
CP040692	1047955	TAG	FF956_05015	1046426	1530	CDS		ATG	FF956_05015|CP040692_1046426_1047955_+2_ATG_509
CP040692	1049372	TAA	FF956_05025	1048818	555	CDS		TTG	FF956_05025|CP040692_1048818_1049372_+3_TTG_184
CP040692	1051515	TGA	FF956_05035	1050676	840	CDS		GTG	FF956_05035|CP040692_1050676_1051515_+1_GTG_279
CP040692	1054078	TGA	FF956_05045	1052222	1857	CDS		GTG	FF956_05045|CP040692_1052222_1054078_+2_GTG_618
CP040692	1054584	TAG	FF956_05050	1054078	507	CDS		ATG	FF956_05050|CP040692_1054078_1054584_+1_ATG_168
CP040692	1055623	TAG	FF956_05055	1054622	1002	CDS		ATG	FF956_05055|CP040692_1054622_1055623_+2_ATG_333
CP040692	1058210	TGA	FF956_05070	1057753	458	CDS	true	CTG	FF956_05070_p|CP040692_1057753_1058210_+1_CTG_152
CP040692	1058475	TGA	FF956_05075	1058275	201	CDS		ATG	FF956_05075|CP040692_1058275_1058475_+1_ATG_66
CP040692	1061725	TGA	FF956_05085	1060139	1587	CDS		GTG	FF956_05085|CP040692_1060139_1061725_+2_GTG_528
CP040692	1062750	TAG	FF956_05090	1061740	1011	CDS		ATG	FF956_05090|CP040692_1061740_1062750_+1_ATG_336
CP040692	1064990	TGA	FF956_05100	1064193	798	CDS		ATG	FF956_05100|CP040692_1064193_1064990_+3_ATG_265
CP040692	1066459	TGA	FF956_05105	1064987	1473	CDS		GTG	FF956_05105|CP040692_1064987_1066459_+2_GTG_490
CP040692	1068405	TAG	FF956_05125	1067545	861	CDS		ATG	FF956_05125|CP040692_1067545_1068405_+1_ATG_286
CP040692	1070610	TGA	FF956_05135	1069189	1422	CDS		ATG	FF956_05135|CP040692_1069189_1070610_+1_ATG_473
CP040692	1071231	TGA	FF956_05140	1070635	597	CDS		ATG	FF956_05140|CP040692_1070635_1071231_+1_ATG_198
CP040692	1072088	TAG	FF956_05145	1071444	645	CDS		ATG	FF956_05145|CP040692_1071444_1072088_+3_ATG_214
CP040692	1077269	TGA	FF956_05165	1076265	1005	CDS		ATG	FF956_05165|CP040692_1076265_1077269_+3_ATG_334
CP040692	1078468	TAG	FF956_05170	1077347	1122	CDS		GTG	FF956_05170|CP040692_1077347_1078468_+2_GTG_373
CP040692	1080216	TGA	FF956_05180	1079632	585	CDS		ATG	FF956_05180|CP040692_1079632_1080216_+1_ATG_194
CP040692	1081595	TGA	FF956_05185	1080216	1380	CDS		ATG	FF956_05185|CP040692_1080216_1081595_+3_ATG_459
CP040692	1082593	TGA	FF956_05190	1081592	1002	CDS		GTG	FF956_05190|CP040692_1081592_1082593_+2_GTG_333
CP040692	1083309	TGA	FF956_05195	1082626	684	CDS		GTG	FF956_05195|CP040692_1082626_1083309_+1_GTG_227
CP040692	1083768	TAG	FF956_05205	1083562	207	CDS		CTG	FF956_05205|CP040692_1083562_1083768_+1_CTG_68
CP040692	1085429	TAG	FF956_05210	1083768	1662	CDS		GTG	FF956_05210|CP040692_1083768_1085429_+3_GTG_553
CP040692	1087645	TGA	FF956_05215	1085432	2214	CDS		GTG	FF956_05215|CP040692_1085432_1087645_+2_GTG_737
CP040692	1088355	TAG	FF956_05220	1087642	714	CDS		ATG	FF956_05220|CP040692_1087642_1088355_+1_ATG_237
CP040692	1090805	TGA	FF956_05235	1089675	1131	CDS		ATG	FF956_05235|CP040692_1089675_1090805_+3_ATG_376
CP040692	1091669	TGA	FF956_05240	1090902	768	CDS		GTG	FF956_05240|CP040692_1090902_1091669_+3_GTG_255
CP040692	1092307	TGA	FF956_05245	1091675	633	CDS		GTG	FF956_05245|CP040692_1091675_1092307_+2_GTG_210
CP040692	1095715	TGA	FF956_05250	1092332	3384	CDS		GTG	FF956_05250|CP040692_1092332_1095715_+2_GTG_1127
CP040692	1096477	TAG	FF956_05255	1095911	567	CDS		TTG	FF956_05255|CP040692_1095911_1096477_+2_TTG_188
CP040692	1097048	TAG	FF956_05260	1096563	486	CDS		ATG	FF956_05260|CP040692_1096563_1097048_+3_ATG_161
CP040692	1097845	GCC	FF956_05270	1097639	207	CDS	true	CTT	FF956_05270_p|CP040692_1097639_1097845_+2_CTT_69
CP040692	1101605	TAG	FF956_05285	1100256	1350	CDS		GTG	FF956_05285|CP040692_1100256_1101605_+3_GTG_449
CP040692	1102425	TAA	FF956_05295	1102177	249	CDS		GTG	FF956_05295|CP040692_1102177_1102425_+1_GTG_82
CP040692	1103277	TAG	FF956_05300	1102540	738	CDS		ATG	FF956_05300|CP040692_1102540_1103277_+1_ATG_245
CP040692	1104664	TAA	FF956_05305	1103378	1287	CDS		ATG	FF956_05305|CP040692_1103378_1104664_+2_ATG_428
CP040692	1104933	TAG	FF956_05310	1104727	207	CDS		GTG	FF956_05310|CP040692_1104727_1104933_+1_GTG_68
CP040692	1107798	TAG	FF956_05325	1106833	966	CDS		GTG	FF956_05325|CP040692_1106833_1107798_+1_GTG_321
CP040692	1108712	TGA	FF956_05330	1107987	726	CDS		ATG	FF956_05330|CP040692_1107987_1108712_+3_ATG_241
CP040692	1112263	TGA	FF956_05345	1111118	1146	CDS		GTG	FF956_05345|CP040692_1111118_1112263_+2_GTG_381
CP040692	1114770	TAA	FF956_05355	1112911	1860	CDS		ATG	FF956_05355|CP040692_1112911_1114770_+1_ATG_619
CP040692	1115395	TAG	FF956_05360	1114796	600	CDS		ATG	FF956_05360|CP040692_1114796_1115395_+2_ATG_199
CP040692	1117529	TGA	FF956_05365	1115412	2118	CDS		ATG	FF956_05365|CP040692_1115412_1117529_+3_ATG_705
CP040692	1123871	TAG	FF956_05370	1117526	6346	CDS	true	GTG	FF956_05370_p|CP040692_1117526_1123871_+2_GTG_2115
CP040692	1124198	TGA	FF956_05375	1123977	222	CDS		TTG	FF956_05375|CP040692_1123977_1124198_+3_TTG_73
CP040692	1124921	TAG	FF956_05380	1124220	702	CDS		ATG	FF956_05380|CP040692_1124220_1124921_+3_ATG_233
CP040692	1127759	TGA	FF956_05395	1127544	216	CDS		TTG	FF956_05395|CP040692_1127544_1127759_+3_TTG_71
CP040692	1139165	TAG	FF956_05410	1132830	6336	CDS		ATG	FF956_05410|CP040692_1132830_1139165_+3_ATG_2111
CP040692	1174323	TAA	FF956_05475	1173586	738	CDS		GTG	FF956_05475|CP040692_1173586_1174323_+1_GTG_245
CP040692	1174997	TGA	FF956_05480	1174374	624	CDS		GTG	FF956_05480|CP040692_1174374_1174997_+3_GTG_207
CP040692	1175716	TAA	FF956_05485	1174994	723	CDS		ATG	FF956_05485|CP040692_1174994_1175716_+2_ATG_240
CP040692	1175885	TGG	FF956_05490	1175751	135	CDS	true	TTG	FF956_05490_p|CP040692_1175751_1175885_+3_TTG_45
CP040692	1176944	TAG	FF956_05495	1176075	870	CDS		ATG	FF956_05495|CP040692_1176075_1176944_+3_ATG_289
CP040692	1177459	TGA	FF956_05500	1177046	414	CDS		ATG	FF956_05500|CP040692_1177046_1177459_+2_ATG_137
CP040692	1177727	TAA	FF956_05505	1177446	282	CDS		ATG	FF956_05505|CP040692_1177446_1177727_+3_ATG_93
CP040692	1181356	TAG	FF956_05510	1177739	3618	CDS		GTG	FF956_05510|CP040692_1177739_1181356_+2_GTG_1205
CP040692	1182674	TAG	FF956_05515	1181406	1269	CDS		GTG	FF956_05515|CP040692_1181406_1182674_+3_GTG_422
CP040692	1184304	TGA	FF956_05520	1182871	1434	CDS		GTG	FF956_05520|CP040692_1182871_1184304_+1_GTG_477
CP040692	1184639	TGA	FF956_05525	1184301	339	CDS		ATG	FF956_05525|CP040692_1184301_1184639_+3_ATG_112
CP040692	1187123	TAG	FF956_05530	1184697	2427	CDS		ATG	FF956_05530|CP040692_1184697_1187123_+3_ATG_808
CP040692	1190669	TAG	FF956_05540	1189092	1578	CDS		GTG	FF956_05540|CP040692_1189092_1190669_+3_GTG_525
CP040692	1191809	TAG	FF956_05545	1190697	1113	CDS		GTG	FF956_05545|CP040692_1190697_1191809_+3_GTG_370
CP040692	1193610	TGA	FF956_05550	1191853	1758	CDS		ATG	FF956_05550|CP040692_1191853_1193610_+1_ATG_585
CP040692	1195514	TGA	FF956_05555	1193679	1836	CDS		ATG	FF956_05555|CP040692_1193679_1195514_+3_ATG_611
CP040692	1196103	TGA	FF956_05560	1195516	588	CDS		ATG	FF956_05560|CP040692_1195516_1196103_+1_ATG_195
CP040692	1197550	TGA	FF956_05570	1197107	444	CDS		ATG	FF956_05570|CP040692_1197107_1197550_+2_ATG_147
CP040692	1198222	TGA	FF956_05575	1197734	489	CDS		ATG	FF956_05575|CP040692_1197734_1198222_+2_ATG_162
CP040692	1198472	TAG	FF956_05580	1198230	243	CDS		ATG	FF956_05580|CP040692_1198230_1198472_+3_ATG_80
CP040692	1199016	TAA	FF956_05585	1198486	531	CDS		ATG	FF956_05585|CP040692_1198486_1199016_+1_ATG_176
CP040692	1199712	TAG	FF956_05590	1199020	693	CDS		GTG	FF956_05590|CP040692_1199020_1199712_+1_GTG_230
CP040692	1201465	TGA	FF956_05600	1201124	342	CDS		ATG	FF956_05600|CP040692_1201124_1201465_+2_ATG_113
CP040692	1202407	TAG	FF956_05605	1201523	885	CDS		GTG	FF956_05605|CP040692_1201523_1202407_+2_GTG_294
CP040692	1203215	TAG	FF956_05610	1202421	795	CDS		ATG	FF956_05610|CP040692_1202421_1203215_+3_ATG_264
CP040692	1203574	TAG	FF956_05615	1203269	306	CDS		ATG	FF956_05615|CP040692_1203269_1203574_+2_ATG_101
CP040692	1205971	TAG	FF956_05620	1203632	2340	CDS		ATG	FF956_05620|CP040692_1203632_1205971_+2_ATG_779
CP040692	1206801	TAA	FF956_05625	1205971	831	CDS		GTG	FF956_05625|CP040692_1205971_1206801_+1_GTG_276
CP040692	1207435	TGA	FF956_05630	1207049	387	CDS		ATG	FF956_05630|CP040692_1207049_1207435_+2_ATG_128
CP040692	1208946	TGA	FF956_05635	1207435	1512	CDS		ATG	FF956_05635|CP040692_1207435_1208946_+1_ATG_503
CP040692	1210112	TAG	FF956_05640	1208943	1170	CDS		ATG	FF956_05640|CP040692_1208943_1210112_+3_ATG_389
CP040692	1210996	TAG	FF956_05645	1210145	852	CDS		GTG	FF956_05645|CP040692_1210145_1210996_+2_GTG_283
CP040692	1211983	TAG	FF956_05650	1211087	897	CDS		GTG	FF956_05650|CP040692_1211087_1211983_+2_GTG_298
CP040692	1214583	TAG	FF956_05660	1213357	1227	CDS		TTG	FF956_05660|CP040692_1213357_1214583_+1_TTG_408
CP040692	1216258	TAG	FF956_05670	1215395	864	CDS		ATG	FF956_05670|CP040692_1215395_1216258_+2_ATG_287
CP040692	1217085	TAG	FF956_05675	1216270	816	CDS		ATG	FF956_05675|CP040692_1216270_1217085_+1_ATG_271
CP040692	1218513	TAG	FF956_05680	1217092	1422	CDS		ATG	FF956_05680|CP040692_1217092_1218513_+1_ATG_473
CP040692	1219832	TGA	FF956_05690	1218945	888	CDS		ATG	FF956_05690|CP040692_1218945_1219832_+3_ATG_295
CP040692	1221148	TGA	FF956_05695	1219832	1317	CDS		ATG	FF956_05695|CP040692_1219832_1221148_+2_ATG_438
CP040692	1223005	TAA	FF956_05705	1222220	786	CDS		ATG	FF956_05705|CP040692_1222220_1223005_+2_ATG_261
CP040692	1223161	TGA	FF956_05710	1223018	144	CDS		CTG	FF956_05710|CP040692_1223018_1223161_+2_CTG_47
CP040692	1223237	TGA	FF956_05715	1223124	114	CDS		ATG	FF956_05715|CP040692_1223124_1223237_+3_ATG_37
CP040692	1223787	TAG	FF956_05720	1223230	558	CDS		ATG	FF956_05720|CP040692_1223230_1223787_+1_ATG_185
CP040692	1224730	TGA	FF956_05725	1223810	921	CDS		GTG	FF956_05725|CP040692_1223810_1224730_+2_GTG_306
CP040692	1225847	TAG	FF956_05730	1224753	1095	CDS		ATG	FF956_05730|CP040692_1224753_1225847_+3_ATG_364
CP040692	1226611	TGA	FF956_05735	1226090	522	CDS		ATG	FF956_05735|CP040692_1226090_1226611_+2_ATG_173
CP040692	1227479	TGA	FF956_05740	1226616	864	CDS		GTG	FF956_05740|CP040692_1226616_1227479_+3_GTG_287
CP040692	1233717	TGA	FF956_05780	1232476	1242	CDS		GTG	FF956_05780|CP040692_1232476_1233717_+1_GTG_413
CP040692	1234939	TAG	FF956_05785	1233725	1215	CDS		ATG	FF956_05785|CP040692_1233725_1234939_+2_ATG_404
CP040692	1236119	TGA	FF956_05790	1234956	1164	CDS		GTG	FF956_05790|CP040692_1234956_1236119_+3_GTG_387
CP040692	1237029	TGA	FF956_05795	1236175	855	CDS		ATG	FF956_05795|CP040692_1236175_1237029_+1_ATG_284
CP040692	1240033	TAG	FF956_05810	1238222	1812	CDS		ATG	FF956_05810|CP040692_1238222_1240033_+2_ATG_603
CP040692	1241428	TGA	FF956_05825	1240844	585	CDS		ATG	FF956_05825|CP040692_1240844_1241428_+2_ATG_194
CP040692	1242327	TAG	FF956_05830	1241470	858	CDS		ATG	FF956_05830|CP040692_1241470_1242327_+1_ATG_285
CP040692	1243860	TAG	FF956_05835	1242487	1374	CDS		GTG	FF956_05835|CP040692_1242487_1243860_+1_GTG_457
CP040692	1244767	TGA	FF956_05840	1243841	927	CDS		GTG	FF956_05840|CP040692_1243841_1244767_+2_GTG_308
CP040692	1246131	TGA	FF956_05845	1244764	1368	CDS		ATG	FF956_05845|CP040692_1244764_1246131_+1_ATG_455
CP040692	1246904	TGA	FF956_05850	1246128	777	CDS		GTG	FF956_05850|CP040692_1246128_1246904_+3_GTG_258
CP040692	1254907	TGA	FF956_05890	1253426	1482	CDS		GTG	FF956_05890|CP040692_1253426_1254907_+2_GTG_493
CP040692	1255436	TGA	FF956_05895	1254966	471	CDS		ATG	FF956_05895|CP040692_1254966_1255436_+3_ATG_156
CP040692	1257322	TGA	FF956_05900	1255433	1890	CDS		GTG	FF956_05900|CP040692_1255433_1257322_+2_GTG_629
CP040692	1257966	TGA	FF956_05905	1257343	624	CDS		ATG	FF956_05905|CP040692_1257343_1257966_+1_ATG_207
CP040692	1259339	TAA	FF956_05910	1257966	1374	CDS		ATG	FF956_05910|CP040692_1257966_1259339_+3_ATG_457
CP040692	1260833	TAA	FF956_05915	1259616	1218	CDS		GTG	FF956_05915|CP040692_1259616_1260833_+3_GTG_405
CP040692	1262448	TAA	FF956_05920	1260856	1593	CDS		ATG	FF956_05920|CP040692_1260856_1262448_+1_ATG_530
CP040692	1264285	TAG	FF956_05925	1262537	1749	CDS		GTG	FF956_05925|CP040692_1262537_1264285_+2_GTG_582
CP040692	1266062	TGA	FF956_05940	1265511	552	CDS		GTG	FF956_05940|CP040692_1265511_1266062_+3_GTG_183
CP040692	1267102	TAG	FF956_05945	1266059	1044	CDS		ATG	FF956_05945|CP040692_1266059_1267102_+2_ATG_347
CP040692	1267528	TGA	FF956_05950	1267229	300	CDS		GTG	FF956_05950|CP040692_1267229_1267528_+2_GTG_99
CP040692	1270316	TGA	FF956_05955	1267614	2703	CDS		GTG	FF956_05955|CP040692_1267614_1270316_+3_GTG_900
CP040692	1270867	TGA	FF956_05960	1270316	552	CDS		ATG	FF956_05960|CP040692_1270316_1270867_+2_ATG_183
CP040692	1271852	TAG	FF956_05965	1270842	1011	CDS		GTG	FF956_05965|CP040692_1270842_1271852_+3_GTG_336
CP040692	1273178	TAG	FF956_05970	1271859	1320	CDS		TTG	FF956_05970|CP040692_1271859_1273178_+3_TTG_439
CP040692	1274176	TGA	FF956_05975	1273265	912	CDS		ATG	FF956_05975|CP040692_1273265_1274176_+2_ATG_303
CP040692	1275000	TAG	FF956_05980	1274173	828	CDS		GTG	FF956_05980|CP040692_1274173_1275000_+1_GTG_275
CP040692	1276313	TAA	FF956_05985	1275003	1311	CDS		ATG	FF956_05985|CP040692_1275003_1276313_+3_ATG_436
CP040692	1277388	TGA	FF956_05990	1276306	1083	CDS		ATG	FF956_05990|CP040692_1276306_1277388_+1_ATG_360
CP040692	1278478	TGA	FF956_06000	1278263	216	CDS		ATG	FF956_06000|CP040692_1278263_1278478_+2_ATG_71
CP040692	1278867	TAG	FF956_06005	1278475	393	CDS		ATG	FF956_06005|CP040692_1278475_1278867_+1_ATG_130
CP040692	1279157	TGA	FF956_06010	1278888	270	CDS		ATG	FF956_06010|CP040692_1278888_1279157_+3_ATG_89
CP040692	1279699	TGA	FF956_06015	1279154	546	CDS		GTG	FF956_06015|CP040692_1279154_1279699_+2_GTG_181
CP040692	1280891	TGA	FF956_06020	1280004	888	CDS		GTG	FF956_06020|CP040692_1280004_1280891_+3_GTG_295
CP040692	1281778	TGA	FF956_06025	1280894	885	CDS		GTG	FF956_06025|CP040692_1280894_1281778_+2_GTG_294
CP040692	1282595	TGA	FF956_06030	1281948	648	CDS		ATG	FF956_06030|CP040692_1281948_1282595_+3_ATG_215
CP040692	1283717	TGA	FF956_06035	1282773	945	CDS		TTG	FF956_06035|CP040692_1282773_1283717_+3_TTG_314
CP040692	1286152	TGA	FF956_06040	1283714	2439	CDS		ATG	FF956_06040|CP040692_1283714_1286152_+2_ATG_812
CP040692	1286523	TGA	FF956_06045	1286149	375	CDS		ATG	FF956_06045|CP040692_1286149_1286523_+1_ATG_124
CP040692	1287243	TAG	FF956_06050	1286533	711	CDS		ATG	FF956_06050|CP040692_1286533_1287243_+1_ATG_236
CP040692	1288132	TGA	FF956_06055	1287224	909	CDS		ATG	FF956_06055|CP040692_1287224_1288132_+2_ATG_302
CP040692	1289256	TGA	FF956_06060	1288129	1128	CDS		ATG	FF956_06060|CP040692_1288129_1289256_+1_ATG_375
CP040692	1290500	TAA	FF956_06065	1289352	1149	CDS		GTG	FF956_06065|CP040692_1289352_1290500_+3_GTG_382
CP040692	1291529	TAA	FF956_06070	1290513	1017	CDS		ATG	FF956_06070|CP040692_1290513_1291529_+3_ATG_338
CP040692	1291871	TGA	FF956_06075	1291530	342	CDS		ATG	FF956_06075|CP040692_1291530_1291871_+3_ATG_113
CP040692	1295451	TGA	FF956_06080	1294190	1263	fCDS		ATG	FF956_06080_fCDS|CP040692_1294190_1295451_+2_ATG_420
CP040692	1301028	TGA	FF956_06100	1300756	273	CDS	true	CGG	FF956_06100_p|CP040692_1300756_1301028_+1_CGG_90
CP040692	1305989	TGA	FF956_06140	1304946	1044	CDS		ATG	FF956_06140|CP040692_1304946_1305989_+3_ATG_347
CP040692	1306262	TGA	FF956_06145	1306032	231	CDS		GTG	FF956_06145|CP040692_1306032_1306262_+3_GTG_76
CP040692	1306602	TAG	FF956_06150	1306246	357	CDS		GTG	FF956_06150|CP040692_1306246_1306602_+1_GTG_118
CP040692	1309458	TGA	FF956_06165	1309132	327	CDS		GTG	FF956_06165|CP040692_1309132_1309458_+1_GTG_108
CP040692	1311150	TGA	FF956_06170	1309462	1689	CDS		GTG	FF956_06170|CP040692_1309462_1311150_+1_GTG_562
CP040692	1311713	TAG	FF956_06175	1311150	564	CDS		ATG	FF956_06175|CP040692_1311150_1311713_+3_ATG_187
CP040692	1312832	TGA	FF956_06180	1311858	975	CDS		GTG	FF956_06180|CP040692_1311858_1312832_+3_GTG_324
CP040692	1313512	TGA	FF956_06185	1312829	684	CDS		ATG	FF956_06185|CP040692_1312829_1313512_+2_ATG_227
CP040692	1314405	TAG	FF956_06190	1313509	897	CDS		ATG	FF956_06190|CP040692_1313509_1314405_+1_ATG_298
CP040692	1315188	TGA	FF956_06195	1314607	582	CDS		ATG	FF956_06195|CP040692_1314607_1315188_+1_ATG_193
CP040692	1316567	TGA	FF956_06200	1315188	1380	CDS		ATG	FF956_06200|CP040692_1315188_1316567_+3_ATG_459
CP040692	1317805	TGA	FF956_06205	1316600	1206	CDS		ATG	FF956_06205|CP040692_1316600_1317805_+2_ATG_401
CP040692	1319063	TAA	FF956_06210	1317831	1233	CDS		ATG	FF956_06210|CP040692_1317831_1319063_+3_ATG_410
CP040692	1322864	TGA	FF956_06225	1321869	996	CDS		GTG	FF956_06225|CP040692_1321869_1322864_+3_GTG_331
CP040692	1323290	TGA	FF956_06230	1323021	270	CDS		GTG	FF956_06230|CP040692_1323021_1323290_+3_GTG_89
CP040692	1323818	TGA	FF956_06235	1323303	516	CDS		ATG	FF956_06235|CP040692_1323303_1323818_+3_ATG_171
CP040692	1326430	TGA	FF956_06240	1324172	2259	CDS		ATG	FF956_06240|CP040692_1324172_1326430_+2_ATG_752
CP040692	1327724	TAG	FF956_06245	1326408	1317	CDS		ATG	FF956_06245|CP040692_1326408_1327724_+3_ATG_438
CP040692	1328819	TAA	FF956_06250	1327785	1035	CDS		ATG	FF956_06250|CP040692_1327785_1328819_+3_ATG_344
CP040692	1330554	TAG	FF956_06260	1330015	540	CDS		ATG	FF956_06260|CP040692_1330015_1330554_+1_ATG_179
CP040692	1331056	TAG	FF956_06265	1330586	471	CDS		ATG	FF956_06265|CP040692_1330586_1331056_+2_ATG_156
CP040692	1332285	TGA	FF956_06270	1331214	1072	CDS	true	GTG	FF956_06270_p|CP040692_1331214_1332285_+3_GTG_357
CP040692	1333396	TGA	FF956_06275	1332467	930	CDS		GTG	FF956_06275|CP040692_1332467_1333396_+2_GTG_309
CP040692	1334418	TAG	FF956_06285	1334014	405	CDS		GTG	FF956_06285|CP040692_1334014_1334418_+1_GTG_134
CP040692	1335166	TGA	FF956_06290	1334429	738	CDS		ATG	FF956_06290|CP040692_1334429_1335166_+2_ATG_245
CP040692	1335651	TGA	FF956_06295	1335178	474	CDS		ATG	FF956_06295|CP040692_1335178_1335651_+1_ATG_157
CP040692	1336189	TGA	FF956_06300	1335737	453	CDS		GTG	FF956_06300|CP040692_1335737_1336189_+2_GTG_150
CP040692	1337461	TGA	FF956_06305	1336313	1149	CDS		GTG	FF956_06305|CP040692_1336313_1337461_+2_GTG_382
CP040692	1338612	TAG	FF956_06310	1337785	828	CDS		ATG	FF956_06310|CP040692_1337785_1338612_+1_ATG_275
CP040692	1339876	TGA	FF956_06315	1338692	1185	CDS		ATG	FF956_06315|CP040692_1338692_1339876_+2_ATG_394
CP040692	1340167	TAA	FF956_06320	1339877	291	CDS		TTG	FF956_06320|CP040692_1339877_1340167_+2_TTG_96
CP040692	1340403	TGA	FF956_06325	1340050	354	CDS		ATG	FF956_06325|CP040692_1340050_1340403_+1_ATG_117
CP040692	1341182	TGA	FF956_06330	1340400	783	CDS		ATG	FF956_06330|CP040692_1340400_1341182_+3_ATG_260
CP040692	1343090	TGA	FF956_06340	1342290	801	CDS		GTG	FF956_06340|CP040692_1342290_1343090_+3_GTG_266
CP040692	1343640	TGA	FF956_06345	1343161	480	CDS		ATG	FF956_06345|CP040692_1343161_1343640_+1_ATG_159
CP040692	1344133	TGA	FF956_06350	1343714	420	CDS		ATG	FF956_06350|CP040692_1343714_1344133_+2_ATG_139
CP040692	1345224	TAG	FF956_06355	1344130	1095	CDS		ATG	FF956_06355|CP040692_1344130_1345224_+1_ATG_364
CP040692	1345503	TGA	FF956_06360	1345234	270	CDS		ATG	FF956_06360|CP040692_1345234_1345503_+1_ATG_89
CP040692	1345895	TGA	FF956_06365	1345500	396	CDS		GTG	FF956_06365|CP040692_1345500_1345895_+3_GTG_131
CP040692	1346187	TGA	FF956_06370	1345921	267	CDS		ATG	FF956_06370|CP040692_1345921_1346187_+1_ATG_88
CP040692	1346600	TGA	FF956_06375	1346184	417	CDS		ATG	FF956_06375|CP040692_1346184_1346600_+3_ATG_138
CP040692	1348309	TGA	FF956_06380	1346687	1623	CDS		ATG	FF956_06380|CP040692_1346687_1348309_+2_ATG_540
CP040692	1348581	TAG	FF956_06385	1348306	276	CDS		ATG	FF956_06385|CP040692_1348306_1348581_+1_ATG_91
CP040692	1349577	TGA	FF956_06390	1348825	753	CDS		GTG	FF956_06390|CP040692_1348825_1349577_+1_GTG_250
CP040692	1350548	TGA	FF956_06395	1349646	903	CDS		GTG	FF956_06395|CP040692_1349646_1350548_+3_GTG_300
CP040692	1352255	TAA	FF956_06400	1350579	1677	CDS		GTG	FF956_06400|CP040692_1350579_1352255_+3_GTG_558
CP040692	1356915	TAG	FF956_06420	1354264	2652	CDS		ATG	FF956_06420|CP040692_1354264_1356915_+1_ATG_883
CP040692	1358168	TGA	FF956_06430	1357539	630	CDS		ATG	FF956_06430|CP040692_1357539_1358168_+3_ATG_209
CP040692	1358577	TAA	FF956_06435	1358239	339	CDS		ATG	FF956_06435|CP040692_1358239_1358577_+1_ATG_112
CP040692	1359519	TAG	FF956_06440	1358707	813	CDS		ATG	FF956_06440|CP040692_1358707_1359519_+1_ATG_270
CP040692	1360350	TAG	FF956_06445	1359538	813	CDS		ATG	FF956_06445|CP040692_1359538_1360350_+1_ATG_270
CP040692	1361255	TGA	FF956_06450	1360422	834	CDS		GTG	FF956_06450|CP040692_1360422_1361255_+3_GTG_277
CP040692	1364747	TAG	FF956_06470	1363581	1167	CDS		ATG	FF956_06470|CP040692_1363581_1364747_+3_ATG_388
CP040692	1364964	TGA	FF956_06475	1364758	207	CDS		ATG	FF956_06475|CP040692_1364758_1364964_+1_ATG_68
CP040692	1367718	TGA	FF956_06485	1365346	2373	CDS		ATG	FF956_06485|CP040692_1365346_1367718_+1_ATG_790
CP040692	1368208	TAA	FF956_06490	1367684	525	CDS		ATG	FF956_06490|CP040692_1367684_1368208_+2_ATG_174
CP040692	1369210	TAA	FF956_06495	1368218	993	CDS		ATG	FF956_06495|CP040692_1368218_1369210_+2_ATG_330
CP040692	1371784	TGA	FF956_06510	1370246	1539	CDS		ATG	FF956_06510|CP040692_1370246_1371784_+2_ATG_512
CP040692	1372395	TAG	FF956_06515	1371781	615	CDS		ATG	FF956_06515|CP040692_1371781_1372395_+1_ATG_204
CP040692	1375200	TGA	FF956_06530	1374295	906	CDS		ATG	FF956_06530|CP040692_1374295_1375200_+1_ATG_301
CP040692	1376004	TGA	FF956_06535	1375309	696	CDS		GTG	FF956_06535|CP040692_1375309_1376004_+1_GTG_231
CP040692	1376945	TGA	FF956_06540	1376001	945	CDS		GTG	FF956_06540|CP040692_1376001_1376945_+3_GTG_314
CP040692	1377839	TGA	FF956_06545	1376970	870	CDS		ATG	FF956_06545|CP040692_1376970_1377839_+3_ATG_289
CP040692	1379343	TAA	FF956_06550	1377856	1488	CDS		ATG	FF956_06550|CP040692_1377856_1379343_+1_ATG_495
CP040692	1380639	TAG	FF956_06555	1379479	1161	CDS		ATG	FF956_06555|CP040692_1379479_1380639_+1_ATG_386
CP040692	1384250	TGA	FF956_06570	1382151	2100	CDS		GTG	FF956_06570|CP040692_1382151_1384250_+3_GTG_699
CP040692	1385730	TGA	FF956_06580	1385233	498	CDS		ATG	FF956_06580|CP040692_1385233_1385730_+1_ATG_165
CP040692	1386357	TGA	FF956_06585	1385893	465	CDS		ATG	FF956_06585|CP040692_1385893_1386357_+1_ATG_154
CP040692	1386903	TGA	FF956_06590	1386409	495	CDS		ATG	FF956_06590|CP040692_1386409_1386903_+1_ATG_164
CP040692	1392133	TAG	FF956_06615	1391075	1059	CDS		ATG	FF956_06615|CP040692_1391075_1392133_+2_ATG_352
CP040692	1394855	TGA	FF956_06635	1394607	249	CDS		ATG	FF956_06635|CP040692_1394607_1394855_+3_ATG_82
CP040692	1396203	TGA	FF956_06645	1395946	258	CDS		GTG	FF956_06645|CP040692_1395946_1396203_+1_GTG_85
CP040692	1396589	TAG	FF956_06650	1396200	390	CDS		GTG	FF956_06650|CP040692_1396200_1396589_+3_GTG_129
CP040692	1400540	TGA	FF956_06670	1399668	873	CDS		GTG	FF956_06670|CP040692_1399668_1400540_+3_GTG_290
CP040692	1401739	TGA	FF956_06680	1401437	303	CDS		ATG	FF956_06680|CP040692_1401437_1401739_+2_ATG_100
CP040692	1402719	TGA	FF956_06690	1402255	465	CDS		GTG	FF956_06690|CP040692_1402255_1402719_+1_GTG_154
CP040692	1403573	TAG	FF956_06695	1402794	780	CDS		ATG	FF956_06695|CP040692_1402794_1403573_+3_ATG_259
CP040692	1405003	TGA	FF956_06705	1404635	369	CDS		ATG	FF956_06705|CP040692_1404635_1405003_+2_ATG_122
CP040692	1405705	TAG	FF956_06710	1405034	672	CDS		GTG	FF956_06710|CP040692_1405034_1405705_+2_GTG_223
CP040692	1409184	TGA	FF956_06725	1407193	1992	CDS		GTG	FF956_06725|CP040692_1407193_1409184_+1_GTG_663
CP040692	1410557	TAG	FF956_06735	1409340	1218	CDS		GTG	FF956_06735|CP040692_1409340_1410557_+3_GTG_405
CP040692	1411657	TGA	FF956_06740	1410752	906	CDS		ATG	FF956_06740|CP040692_1410752_1411657_+2_ATG_301
CP040692	1412367	TGA	FF956_06745	1411654	714	CDS		ATG	FF956_06745|CP040692_1411654_1412367_+1_ATG_237
CP040692	1413122	TGA	FF956_06750	1412364	759	CDS		GTG	FF956_06750|CP040692_1412364_1413122_+3_GTG_252
CP040692	1418350	TAA	FF956_06775	1416434	1917	CDS		ATG	FF956_06775|CP040692_1416434_1418350_+2_ATG_638
CP040692	1422362	TGA	FF956_06795	1421289	1074	CDS		ATG	FF956_06795|CP040692_1421289_1422362_+3_ATG_357
CP040692	1423717	TAG	FF956_06800	1422359	1359	CDS		ATG	FF956_06800|CP040692_1422359_1423717_+2_ATG_452
CP040692	1424418	TGA	FF956_06805	1423723	696	CDS		ATG	FF956_06805|CP040692_1423723_1424418_+1_ATG_231
CP040692	1425167	TGA	FF956_06810	1424415	753	CDS		ATG	FF956_06810|CP040692_1424415_1425167_+3_ATG_250
CP040692	1425898	TAG	FF956_06820	1425719	180	CDS		ATG	FF956_06820|CP040692_1425719_1425898_+2_ATG_59
CP040692	1430675	TGA	FF956_06840	1429566	1110	CDS		ATG	FF956_06840|CP040692_1429566_1430675_+3_ATG_369
CP040692	1433469	CGC	FF956_06865	1433335	135	CDS	true	TTG	FF956_06865_p|CP040692_1433335_1433469_+1_TTG_45
CP040692	1434058	TAG	FF956_06875	1433885	174	CDS		GTG	FF956_06875|CP040692_1433885_1434058_+2_GTG_57
CP040692	1435219	TGA	FF956_06895	1434830	390	CDS		ATG	FF956_06895|CP040692_1434830_1435219_+2_ATG_129
CP040692	1435443	TAG	FF956_06900	1435216	228	CDS		GTG	FF956_06900|CP040692_1435216_1435443_+1_GTG_75
CP040692	1436715	TGA	FF956_06905	1435588	1128	CDS		GTG	FF956_06905|CP040692_1435588_1436715_+1_GTG_375
CP040692	1437080	TAA	FF956_06910	1436718	363	CDS		ATG	FF956_06910|CP040692_1436718_1437080_+3_ATG_120
CP040692	1437357	TGA	FF956_06915	1437097	261	CDS		ATG	FF956_06915|CP040692_1437097_1437357_+1_ATG_86
CP040692	1437746	TGA	FF956_06920	1437354	393	CDS		ATG	FF956_06920|CP040692_1437354_1437746_+3_ATG_130
CP040692	1439175	TGA	FF956_06925	1437748	1428	CDS		ATG	FF956_06925|CP040692_1437748_1439175_+1_ATG_475
CP040692	1439417	TGA	FF956_06930	1439172	246	CDS		ATG	FF956_06930|CP040692_1439172_1439417_+3_ATG_81
CP040692	1439820	TGA	FF956_06935	1439497	324	CDS		TTG	FF956_06935|CP040692_1439497_1439820_+1_TTG_107
CP040692	1440478	TGA	FF956_06940	1439852	627	CDS		TTG	FF956_06940|CP040692_1439852_1440478_+2_TTG_208
CP040692	1441164	TAA	FF956_06945	1440631	534	CDS		TTG	FF956_06945|CP040692_1440631_1441164_+1_TTG_177
CP040692	1442611	TAG	FF956_06950	1441172	1440	CDS		ATG	FF956_06950|CP040692_1441172_1442611_+2_ATG_479
CP040692	1449570	TGA	FF956_07020	1449211	360	CDS		ATG	FF956_07020|CP040692_1449211_1449570_+1_ATG_119
CP040692	1450022	TGA	FF956_07025	1449690	333	CDS		ATG	FF956_07025|CP040692_1449690_1450022_+3_ATG_110
CP040692	1454943	TAG	FF956_07050	1452607	2337	CDS		ATG	FF956_07050|CP040692_1452607_1454943_+1_ATG_778
CP040692	1455201	TGA	FF956_07055	1454944	258	CDS		TTG	FF956_07055|CP040692_1454944_1455201_+1_TTG_85
CP040692	1455713	TAG	FF956_07060	1455228	486	CDS		GTG	FF956_07060|CP040692_1455228_1455713_+3_GTG_161
CP040692	1456139	TGA	FF956_07065	1455858	282	CDS		ATG	FF956_07065|CP040692_1455858_1456139_+3_ATG_93
CP040692	1461540	TAA	FF956_07090	1460299	1242	CDS		ATG	FF956_07090|CP040692_1460299_1461540_+1_ATG_413
CP040692	1462485	TAG	FF956_07095	1462054	432	CDS		ATG	FF956_07095|CP040692_1462054_1462485_+1_ATG_143
CP040692	1463725	TGA	FF956_07100	1462544	1182	CDS		ATG	FF956_07100|CP040692_1462544_1463725_+2_ATG_393
CP040692	1464558	TGA	FF956_07105	1463740	819	CDS		ATG	FF956_07105|CP040692_1463740_1464558_+1_ATG_272
CP040692	1467163	TGA	FF956_07120	1466489	675	CDS		ATG	FF956_07120|CP040692_1466489_1467163_+2_ATG_224
CP040692	1467585	TGA	FF956_07125	1467160	426	CDS		GTG	FF956_07125|CP040692_1467160_1467585_+1_GTG_141
CP040692	1467951	TGA	FF956_07130	1467598	354	CDS		ATG	FF956_07130|CP040692_1467598_1467951_+1_ATG_117
CP040692	1469200	TAA	FF956_07140	1468760	441	CDS		ATG	FF956_07140|CP040692_1468760_1469200_+2_ATG_146
CP040692	1471456	TAA	FF956_07150	1470062	1395	CDS		ATG	FF956_07150|CP040692_1470062_1471456_+2_ATG_464
CP040692	1473867	TGA	FF956_07160	1471789	2079	CDS		ATG	FF956_07160|CP040692_1471789_1473867_+1_ATG_692
CP040692	1474447	TGA	FF956_07165	1473860	588	CDS		GTG	FF956_07165|CP040692_1473860_1474447_+2_GTG_195
CP040692	1475097	TGA	FF956_07170	1474444	654	CDS		ATG	FF956_07170|CP040692_1474444_1475097_+1_ATG_217
CP040692	1476044	TGA	FF956_07175	1475094	951	CDS		GTG	FF956_07175|CP040692_1475094_1476044_+3_GTG_316
CP040692	1477191	TGA	FF956_07180	1476055	1137	CDS		ATG	FF956_07180|CP040692_1476055_1477191_+1_ATG_378
CP040692	1478246	TGA	FF956_07185	1477191	1056	CDS		ATG	FF956_07185|CP040692_1477191_1478246_+3_ATG_351
CP040692	1481885	TGA	FF956_07200	1480986	900	CDS		ATG	FF956_07200|CP040692_1480986_1481885_+3_ATG_299
CP040692	1482759	TGA	FF956_07205	1481914	846	CDS		GTG	FF956_07205|CP040692_1481914_1482759_+1_GTG_281
CP040692	1483363	TGA	FF956_07210	1482767	597	CDS		GTG	FF956_07210|CP040692_1482767_1483363_+2_GTG_198
CP040692	1484251	TGA	FF956_07215	1483496	756	CDS		ATG	FF956_07215|CP040692_1483496_1484251_+2_ATG_251
CP040692	1490239	TGA	FF956_07265	1489673	567	CDS		GTG	FF956_07265|CP040692_1489673_1490239_+2_GTG_188
CP040692	1490826	TGA	FF956_07270	1490236	591	CDS		ATG	FF956_07270|CP040692_1490236_1490826_+1_ATG_196
CP040692	1491857	TAG	FF956_07275	1490823	1035	CDS		ATG	FF956_07275|CP040692_1490823_1491857_+3_ATG_344
CP040692	1498834	TGA	FF956_07295	1498625	210	CDS		GTG	FF956_07295|CP040692_1498625_1498834_+2_GTG_69
CP040692	1499210	TGA	FF956_07300	1498863	348	CDS		ATG	FF956_07300|CP040692_1498863_1499210_+3_ATG_115
CP040692	1501041	TAG	FF956_07305	1499320	1722	CDS		GTG	FF956_07305|CP040692_1499320_1501041_+1_GTG_573
CP040692	1502373	TAG	FF956_07310	1501045	1329	CDS		ATG	FF956_07310|CP040692_1501045_1502373_+1_ATG_442
CP040692	1504052	TGA	FF956_07315	1502379	1674	CDS		GTG	FF956_07315|CP040692_1502379_1504052_+3_GTG_557
CP040692	1504827	TGA	FF956_07320	1504156	672	CDS		GTG	FF956_07320|CP040692_1504156_1504827_+1_GTG_223
CP040692	1507230	TAG	FF956_07325	1504858	2373	CDS		GTG	FF956_07325|CP040692_1504858_1507230_+1_GTG_790
CP040692	1508967	TGA	FF956_07335	1508293	675	CDS		GTG	FF956_07335|CP040692_1508293_1508967_+1_GTG_224
CP040692	1510235	TAG	FF956_07340	1508964	1272	CDS		GTG	FF956_07340|CP040692_1508964_1510235_+3_GTG_423
CP040692	1512547	TGA	FF956_07350	1511525	1023	CDS		ATG	FF956_07350|CP040692_1511525_1512547_+2_ATG_340
CP040692	1514830	TAA	FF956_07360	1514366	465	CDS		GTG	FF956_07360|CP040692_1514366_1514830_+2_GTG_154
CP040692	1519043	TGA	FF956_07380	1517253	1791	CDS		GTG	FF956_07380|CP040692_1517253_1519043_+3_GTG_596
CP040692	1520163	TGA	FF956_07385	1519096	1068	CDS		ATG	FF956_07385|CP040692_1519096_1520163_+1_ATG_355
CP040692	1521592	TGA	FF956_07395	1520648	945	CDS		TTG	FF956_07395|CP040692_1520648_1521592_+2_TTG_314
CP040692	1522610	TAG	FF956_07400	1521585	1026	CDS		ATG	FF956_07400|CP040692_1521585_1522610_+3_ATG_341
CP040692	1533750	TAA	FF956_07435	1533562	189	CDS		GTG	FF956_07435|CP040692_1533562_1533750_+1_GTG_62
CP040692	1534092	TAG	FF956_07440	1533769	324	CDS		GTG	FF956_07440|CP040692_1533769_1534092_+1_GTG_107
CP040692	1536486	TGA	FF956_07450	1535128	1359	CDS		ATG	FF956_07450|CP040692_1535128_1536486_+1_ATG_452
CP040692	1538481	TGA	FF956_07465	1538092	390	CDS		GTG	FF956_07465|CP040692_1538092_1538481_+1_GTG_129
CP040692	1541286	TGA	FF956_07470	1538572	2715	CDS		GTG	FF956_07470|CP040692_1538572_1541286_+1_GTG_904
CP040692	1541799	TGA	FF956_07475	1541287	513	CDS		GTG	FF956_07475|CP040692_1541287_1541799_+1_GTG_170
CP040692	1543045	TGA	FF956_07480	1541792	1254	CDS		ATG	FF956_07480|CP040692_1541792_1543045_+2_ATG_417
CP040692	1543851	TAG	FF956_07485	1543042	810	CDS		ATG	FF956_07485|CP040692_1543042_1543851_+1_ATG_269
CP040692	1544282	TGA	FF956_07490	1543863	420	CDS		ATG	FF956_07490|CP040692_1543863_1544282_+3_ATG_139
CP040692	1544575	TAG	FF956_07495	1544366	210	CDS		TTG	FF956_07495|CP040692_1544366_1544575_+2_TTG_69
CP040692	1544938	TGA	FF956_07500	1544693	246	CDS		ATG	FF956_07500|CP040692_1544693_1544938_+2_ATG_81
CP040692	1545330	TAG	FF956_07505	1544935	396	CDS		ATG	FF956_07505|CP040692_1544935_1545330_+1_ATG_131
CP040692	1545804	TGA	FF956_07510	1545430	375	CDS		GTG	FF956_07510|CP040692_1545430_1545804_+1_GTG_124
CP040692	1548804	TGA	FF956_07545	1548577	228	CDS		GTG	FF956_07545|CP040692_1548577_1548804_+1_GTG_75
CP040692	1551850	TAA	FF956_07560	1550645	1206	CDS		GTG	FF956_07560|CP040692_1550645_1551850_+2_GTG_401
CP040692	1552384	TGA	FF956_07565	1551854	531	CDS		ATG	FF956_07565|CP040692_1551854_1552384_+2_ATG_176
CP040692	1553469	TGA	FF956_07570	1552381	1089	CDS		ATG	FF956_07570|CP040692_1552381_1553469_+1_ATG_362
CP040692	1553909	TGA	FF956_07575	1553466	444	CDS		ATG	FF956_07575|CP040692_1553466_1553909_+3_ATG_147
CP040692	1555757	TAG	FF956_07585	1554639	1119	CDS		GTG	FF956_07585|CP040692_1554639_1555757_+3_GTG_372
CP040692	1556330	TGA	FF956_07590	1555767	564	CDS		GTG	FF956_07590|CP040692_1555767_1556330_+3_GTG_187
CP040692	1556803	TGA	FF956_07595	1556333	471	CDS		ATG	FF956_07595|CP040692_1556333_1556803_+2_ATG_156
CP040692	1557204	TGA	FF956_07600	1556803	402	CDS		ATG	FF956_07600|CP040692_1556803_1557204_+1_ATG_133
CP040692	1560069	TGA	FF956_07605	1557276	2794	CDS	true	ATG	FF956_07605_p|CP040692_1557276_1560069_+3_ATG_931
CP040692	1560324	TGA	FF956_07610	1560100	225	CDS		ATG	FF956_07610|CP040692_1560100_1560324_+1_ATG_74
CP040692	1560740	TAG	FF956_07615	1560321	420	CDS		GTG	FF956_07615|CP040692_1560321_1560740_+3_GTG_139
CP040692	1563256	TAA	FF956_07625	1562336	921	CDS		ATG	FF956_07625|CP040692_1562336_1563256_+2_ATG_306
CP040692	1565155	TAG	FF956_07645	1564433	723	CDS		ATG	FF956_07645|CP040692_1564433_1565155_+2_ATG_240
CP040692	1574884	TGA	FF956_07655	1565675	9210	CDS		GTG	FF956_07655|CP040692_1565675_1574884_+2_GTG_3069
CP040692	1575469	TGA	FF956_07660	1575077	393	CDS		ATG	FF956_07660|CP040692_1575077_1575469_+2_ATG_130
CP040692	1576878	TAG	FF956_07665	1575466	1413	CDS		GTG	FF956_07665|CP040692_1575466_1576878_+1_GTG_470
CP040692	1577619	TGA	FF956_07675	1577392	228	CDS		GTG	FF956_07675|CP040692_1577392_1577619_+1_GTG_75
CP040692	1580897	TAA	FF956_07690	1579671	1227	CDS		ATG	FF956_07690|CP040692_1579671_1580897_+3_ATG_408
CP040692	1581303	TGA	FF956_07695	1581064	240	CDS		GTG	FF956_07695|CP040692_1581064_1581303_+1_GTG_79
CP040692	1581496	TGA	FF956_07700	1581245	252	CDS		GTG	FF956_07700|CP040692_1581245_1581496_+2_GTG_83
CP040692	1582296	TAG	FF956_07705	1581493	804	CDS		GTG	FF956_07705|CP040692_1581493_1582296_+1_GTG_267
CP040692	1583662	TAA	FF956_07710	1582415	1248	CDS		GTG	FF956_07710|CP040692_1582415_1583662_+2_GTG_415
CP040692	1584129	TGA	FF956_07715	1583668	462	CDS		GTG	FF956_07715|CP040692_1583668_1584129_+1_GTG_153
CP040692	1586450	TAG	FF956_07740	1585203	1248	CDS		ATG	FF956_07740|CP040692_1585203_1586450_+3_ATG_415
CP040692	1589520	TGA	FF956_07760	1587919	1602	CDS		ATG	FF956_07760|CP040692_1587919_1589520_+1_ATG_533
CP040692	1591752	TAG	FF956_07770	1590415	1338	CDS		ATG	FF956_07770|CP040692_1590415_1591752_+1_ATG_445
CP040692	1595055	TGA	FF956_07785	1593412	1644	CDS		GTG	FF956_07785|CP040692_1593412_1595055_+1_GTG_547
CP040692	1595884	TGA	FF956_07790	1595138	747	CDS		ATG	FF956_07790|CP040692_1595138_1595884_+2_ATG_248
CP040692	1596537	TGA	FF956_07795	1595881	657	CDS		ATG	FF956_07795|CP040692_1595881_1596537_+1_ATG_218
CP040692	1598123	TGA	FF956_07800	1596534	1590	CDS		GTG	FF956_07800|CP040692_1596534_1598123_+3_GTG_529
CP040692	1600092	TAG	FF956_07805	1598128	1965	CDS		ATG	FF956_07805|CP040692_1598128_1600092_+1_ATG_654
CP040692	1601281	TGA	FF956_07810	1600097	1185	CDS		ATG	FF956_07810|CP040692_1600097_1601281_+2_ATG_394
CP040692	1601835	TGA	FF956_07815	1601278	558	CDS		GTG	FF956_07815|CP040692_1601278_1601835_+1_GTG_185
CP040692	1602653	TGA	FF956_07820	1601832	822	CDS		ATG	FF956_07820|CP040692_1601832_1602653_+3_ATG_273
CP040692	1604015	TGA	FF956_07825	1602912	1104	CDS		ATG	FF956_07825|CP040692_1602912_1604015_+3_ATG_367
CP040692	1605072	TGA	FF956_07830	1604026	1047	CDS		ATG	FF956_07830|CP040692_1604026_1605072_+1_ATG_348
CP040692	1606250	TAG	FF956_07835	1605069	1182	CDS		ATG	FF956_07835|CP040692_1605069_1606250_+3_ATG_393
CP040692	1608685	TAG	FF956_07860	1608479	207	CDS		GTG	FF956_07860|CP040692_1608479_1608685_+2_GTG_68
CP040692	1613754	TAG	FF956_07865	1608772	4983	CDS		ATG	FF956_07865|CP040692_1608772_1613754_+1_ATG_1660
CP040692	1614162	TAG	FF956_07870	1613863	300	CDS		TTG	FF956_07870|CP040692_1613863_1614162_+1_TTG_99
CP040692	1617536	TAG	FF956_07875	1614128	3409	CDS	true	ATG	FF956_07875_p|CP040692_1614128_1617536_+2_ATG_1136
CP040692	1619702	TAG	FF956_07880	1617618	2085	CDS		GTG	FF956_07880|CP040692_1617618_1619702_+3_GTG_694
CP040692	1622280	TGA	FF956_07895	1621015	1266	CDS		ATG	FF956_07895|CP040692_1621015_1622280_+1_ATG_421
CP040692	1623984	TGA	FF956_07900	1622509	1476	CDS		ATG	FF956_07900|CP040692_1622509_1623984_+1_ATG_491
CP040692	1625723	TGA	FF956_07905	1623981	1743	CDS		ATG	FF956_07905|CP040692_1623981_1625723_+3_ATG_580
CP040692	1628089	TAA	FF956_07910	1625720	2370	CDS		GTG	FF956_07910|CP040692_1625720_1628089_+2_GTG_789
CP040692	1628428	TAG	FF956_07915	1628105	324	CDS		GTG	FF956_07915|CP040692_1628105_1628428_+2_GTG_107
CP040692	1629522	TAG	FF956_07925	1629016	507	CDS		ATG	FF956_07925|CP040692_1629016_1629522_+1_ATG_168
CP040692	1631279	TAA	FF956_07930	1629603	1677	CDS		ATG	FF956_07930|CP040692_1629603_1631279_+3_ATG_558
CP040692	1636257	TGA	FF956_07935	1631383	4875	CDS		ATG	FF956_07935|CP040692_1631383_1636257_+1_ATG_1624
CP040692	1636670	TAG	FF956_07940	1636254	417	CDS		GTG	FF956_07940|CP040692_1636254_1636670_+3_GTG_138
CP040692	1637329	TGA	FF956_07945	1636676	654	CDS		GTG	FF956_07945|CP040692_1636676_1637329_+2_GTG_217
CP040692	1641278	TGA	FF956_07970	1640610	669	CDS		ATG	FF956_07970|CP040692_1640610_1641278_+3_ATG_222
CP040692	1641547	TGA	FF956_07975	1641314	234	CDS		ATG	FF956_07975|CP040692_1641314_1641547_+2_ATG_77
CP040692	1642001	TGA	FF956_07980	1641498	504	CDS		ATG	FF956_07980|CP040692_1641498_1642001_+3_ATG_167
CP040692	1645384	TAG	FF956_07990	1644761	624	CDS		ATG	FF956_07990|CP040692_1644761_1645384_+2_ATG_207
CP040692	1645974	TGA	FF956_07995	1645486	489	CDS		ATG	FF956_07995|CP040692_1645486_1645974_+1_ATG_162
CP040692	1646786	TGA	FF956_08000	1645980	807	CDS		GTG	FF956_08000|CP040692_1645980_1646786_+3_GTG_268
CP040692	1649754	TGA	FF956_08020	1648354	1401	CDS		GTG	FF956_08020|CP040692_1648354_1649754_+1_GTG_466
CP040692	1650473	TGA	FF956_08025	1649871	603	CDS		GTG	FF956_08025|CP040692_1649871_1650473_+3_GTG_200
CP040692	1651114	TGA	FF956_08030	1650470	645	CDS		GTG	FF956_08030|CP040692_1650470_1651114_+2_GTG_214
CP040692	1655437	TAG	FF956_08045	1654157	1281	CDS		ATG	FF956_08045|CP040692_1654157_1655437_+2_ATG_426
CP040692	1656709	TGA	FF956_08050	1655453	1257	CDS		ATG	FF956_08050|CP040692_1655453_1656709_+2_ATG_418
CP040692	1658902	TGA	FF956_08055	1656941	1962	CDS		GTG	FF956_08055|CP040692_1656941_1658902_+2_GTG_653
CP040692	1660020	TGA	FF956_08060	1658899	1122	CDS		ATG	FF956_08060|CP040692_1658899_1660020_+1_ATG_373
CP040692	1660627	TAA	FF956_08065	1660022	606	CDS		GTG	FF956_08065|CP040692_1660022_1660627_+2_GTG_201
CP040692	1660797	TGA	FF956_08070	1660651	147	CDS		GTG	FF956_08070|CP040692_1660651_1660797_+1_GTG_48
CP040692	1661983	TGA	FF956_08080	1661465	519	CDS		TTG	FF956_08080|CP040692_1661465_1661983_+2_TTG_172
CP040692	1663332	TGA	FF956_08085	1662073	1260	CDS		GTG	FF956_08085|CP040692_1662073_1663332_+1_GTG_419
CP040692	1666050	TGA	FF956_08090	1663420	2631	CDS		ATG	FF956_08090|CP040692_1663420_1666050_+1_ATG_876
CP040692	1667510	TGA	FF956_08095	1666047	1464	CDS		ATG	FF956_08095|CP040692_1666047_1667510_+3_ATG_487
CP040692	1667878	TGA	FF956_08100	1667507	372	CDS		ATG	FF956_08100|CP040692_1667507_1667878_+2_ATG_123
CP040692	1668331	TAG	FF956_08105	1667921	411	CDS		GTG	FF956_08105|CP040692_1667921_1668331_+2_GTG_136
CP040692	1671522	TGA	FF956_08110	1668661	2862	CDS		GTG	FF956_08110|CP040692_1668661_1671522_+1_GTG_953
CP040692	1673117	TGA	FF956_08120	1672887	231	CDS		TTG	FF956_08120|CP040692_1672887_1673117_+3_TTG_76
CP040692	1673598	TAA	FF956_08125	1673287	312	CDS		ATG	FF956_08125|CP040692_1673287_1673598_+1_ATG_103
CP040692	1673873	TGA	FF956_08130	1673613	261	CDS		ATG	FF956_08130|CP040692_1673613_1673873_+3_ATG_86
CP040692	1675398	TGA	FF956_08135	1673959	1440	CDS		GTG	FF956_08135|CP040692_1673959_1675398_+1_GTG_479
CP040692	1676528	TAG	FF956_08140	1675398	1131	CDS		ATG	FF956_08140|CP040692_1675398_1676528_+3_ATG_376
CP040692	1678853	TAG	FF956_08145	1676814	2040	CDS		ATG	FF956_08145|CP040692_1676814_1678853_+3_ATG_679
CP040692	1679446	TAA	FF956_08155	1679243	204	CDS		TTG	FF956_08155|CP040692_1679243_1679446_+2_TTG_67
CP040692	1683088	TGA	FF956_08170	1680896	2193	CDS		TTG	FF956_08170|CP040692_1680896_1683088_+2_TTG_730
CP040692	1684530	TGA	FF956_08175	1683085	1446	CDS		ATG	FF956_08175|CP040692_1683085_1684530_+1_ATG_481
CP040692	1684801	TGA	FF956_08180	1684511	291	CDS		GTG	FF956_08180|CP040692_1684511_1684801_+2_GTG_96
CP040692	1685208	TGA	FF956_08185	1684798	411	CDS		ATG	FF956_08185|CP040692_1684798_1685208_+1_ATG_136
CP040692	1685678	TAA	FF956_08190	1685379	300	CDS		ATG	FF956_08190|CP040692_1685379_1685678_+3_ATG_99
CP040692	1686309	TAG	FF956_08195	1685725	585	CDS		ATG	FF956_08195|CP040692_1685725_1686309_+1_ATG_194
CP040692	1687779	TGA	FF956_08210	1687585	195	CDS		GTG	FF956_08210|CP040692_1687585_1687779_+1_GTG_64
CP040692	1688085	TAG	FF956_08215	1687780	306	CDS		CTG	FF956_08215|CP040692_1687780_1688085_+1_CTG_101
CP040692	1689415	TGA	FF956_08220	1688168	1248	CDS		ATG	FF956_08220|CP040692_1688168_1689415_+2_ATG_415
CP040692	1690316	TAG	FF956_08225	1689442	875	CDS	true	GTG	FF956_08225_p|CP040692_1689442_1690316_+1_GTG_291
CP040692	1691758	TAG	FF956_08230	1690316	1443	CDS		GTG	FF956_08230|CP040692_1690316_1691758_+2_GTG_480
CP040692	1692848	TGA	FF956_08235	1691847	1002	CDS		GTG	FF956_08235|CP040692_1691847_1692848_+3_GTG_333
CP040692	1694780	TAA	FF956_08250	1694577	204	CDS		ATG	FF956_08250|CP040692_1694577_1694780_+3_ATG_67
CP040692	1695451	TGA	FF956_08255	1694816	636	CDS		ATG	FF956_08255|CP040692_1694816_1695451_+2_ATG_211
CP040692	1695828	TGA	FF956_08260	1695448	381	CDS		ATG	FF956_08260|CP040692_1695448_1695828_+1_ATG_126
CP040692	1696496	TAG	FF956_08265	1695825	672	CDS		ATG	FF956_08265|CP040692_1695825_1696496_+3_ATG_223
CP040692	1697229	TGA	FF956_08270	1696486	744	CDS		ATG	FF956_08270|CP040692_1696486_1697229_+1_ATG_247
CP040692	1698152	TAA	FF956_08275	1697310	843	CDS		GTG	FF956_08275|CP040692_1697310_1698152_+3_GTG_280
CP040692	1699500	TGA	FF956_08280	1698274	1227	CDS		ATG	FF956_08280|CP040692_1698274_1699500_+1_ATG_408
CP040692	1700733	TGA	FF956_08285	1699840	894	CDS		ATG	FF956_08285|CP040692_1699840_1700733_+1_ATG_297
CP040692	1702292	TGA	FF956_08290	1700748	1545	CDS		ATG	FF956_08290|CP040692_1700748_1702292_+3_ATG_514
CP040692	1703273	TGA	FF956_08295	1702323	951	CDS		TTG	FF956_08295|CP040692_1702323_1703273_+3_TTG_316
CP040692	1705314	TGA	FF956_08305	1703659	1656	CDS		ATG	FF956_08305|CP040692_1703659_1705314_+1_ATG_551
CP040692	1706291	TGA	FF956_08310	1705314	978	CDS		ATG	FF956_08310|CP040692_1705314_1706291_+3_ATG_325
CP040692	1707130	TAG	FF956_08315	1706291	840	CDS		ATG	FF956_08315|CP040692_1706291_1707130_+2_ATG_279
CP040692	1708138	TAG	FF956_08330	1707920	219	CDS		GTG	FF956_08330|CP040692_1707920_1708138_+2_GTG_72
CP040692	1709636	TGA	FF956_08340	1709208	429	CDS		ATG	FF956_08340|CP040692_1709208_1709636_+3_ATG_142
CP040692	1712358	TGA	FF956_08350	1710397	1962	CDS		GTG	FF956_08350|CP040692_1710397_1712358_+1_GTG_653
CP040692	1713110	TGA	FF956_08355	1712355	756	CDS		GTG	FF956_08355|CP040692_1712355_1713110_+3_GTG_251
CP040692	1715603	TAG	FF956_08365	1715400	204	CDS		GTG	FF956_08365|CP040692_1715400_1715603_+3_GTG_67
CP040692	1717001	TGA	FF956_08375	1715931	1071	CDS		ATG	FF956_08375|CP040692_1715931_1717001_+3_ATG_356
CP040692	1717849	TGA	FF956_08380	1716998	852	CDS		ATG	FF956_08380|CP040692_1716998_1717849_+2_ATG_283
CP040692	1718664	TGA	FF956_08385	1717846	819	CDS		ATG	FF956_08385|CP040692_1717846_1718664_+1_ATG_272
CP040692	1719736	TGA	FF956_08390	1718681	1056	CDS		ATG	FF956_08390|CP040692_1718681_1719736_+2_ATG_351
CP040692	1729990	TGA	FF956_08435	1729433	558	CDS		ATG	FF956_08435|CP040692_1729433_1729990_+2_ATG_185
CP040692	1730451	TGA	FF956_08440	1729987	465	CDS		ATG	FF956_08440|CP040692_1729987_1730451_+1_ATG_154
CP040692	1731684	TAA	FF956_08445	1730512	1173	CDS		ATG	FF956_08445|CP040692_1730512_1731684_+1_ATG_390
CP040692	1735046	TAA	FF956_08460	1733694	1353	CDS		GTG	FF956_08460|CP040692_1733694_1735046_+3_GTG_450
CP040692	1742106	TAA	FF956_08475	1737862	4245	CDS		GTG	FF956_08475|CP040692_1737862_1742106_+1_GTG_1414
CP040692	1743430	TGA	FF956_08480	1742096	1335	CDS		ATG	FF956_08480|CP040692_1742096_1743430_+2_ATG_444
CP040692	1746444	TAA	FF956_08485	1743430	3015	CDS		ATG	FF956_08485|CP040692_1743430_1746444_+1_ATG_1004
CP040692	1751632	TGA	FF956_08490	1746437	5196	CDS		GTG	FF956_08490|CP040692_1746437_1751632_+2_GTG_1731
CP040692	1755999	TGA	FF956_08495	1751614	4386	CDS		ATG	FF956_08495|CP040692_1751614_1755999_+1_ATG_1461
CP040692	1757291	TGA	FF956_08500	1755996	1296	CDS		ATG	FF956_08500|CP040692_1755996_1757291_+3_ATG_431
CP040692	1757484	TGA	FF956_08505	1757269	216	CDS		GTG	FF956_08505|CP040692_1757269_1757484_+1_GTG_71
CP040692	1758090	TGA	FF956_08510	1757584	507	CDS		ATG	FF956_08510|CP040692_1757584_1758090_+1_ATG_168
CP040692	1759637	TGA	FF956_08520	1758606	1032	CDS		ATG	FF956_08520|CP040692_1758606_1759637_+3_ATG_343
CP040692	1760860	TAA	FF956_08525	1759712	1149	CDS		GTG	FF956_08525|CP040692_1759712_1760860_+2_GTG_382
CP040692	1761662	TAG	FF956_08530	1760874	789	CDS		ATG	FF956_08530|CP040692_1760874_1761662_+3_ATG_262
CP040692	1763454	TGA	FF956_08540	1762141	1314	CDS		GTG	FF956_08540|CP040692_1762141_1763454_+1_GTG_437
CP040692	1763753	TGA	FF956_08545	1763451	303	CDS		GTG	FF956_08545|CP040692_1763451_1763753_+3_GTG_100
CP040692	1764783	TGA	FF956_08550	1763725	1059	CDS		GTG	FF956_08550|CP040692_1763725_1764783_+1_GTG_352
CP040692	1765335	TGA	FF956_08555	1764802	534	CDS		ATG	FF956_08555|CP040692_1764802_1765335_+1_ATG_177
CP040692	1766639	TGA	FF956_08560	1765332	1308	CDS		TTG	FF956_08560|CP040692_1765332_1766639_+3_TTG_435
CP040692	1766952	TGA	FF956_08565	1766611	342	CDS		ATG	FF956_08565|CP040692_1766611_1766952_+1_ATG_113
CP040692	1767928	TAG	FF956_08570	1767026	903	CDS		ATG	FF956_08570|CP040692_1767026_1767928_+2_ATG_300
CP040692	1770238	TAG	FF956_08580	1769441	798	CDS		ATG	FF956_08580|CP040692_1769441_1770238_+2_ATG_265
CP040692	1771121	TAG	FF956_08585	1770231	891	CDS		GTG	FF956_08585|CP040692_1770231_1771121_+3_GTG_296
CP040692	1771549	TAG	FF956_08590	1771121	429	CDS		GTG	FF956_08590|CP040692_1771121_1771549_+2_GTG_142
CP040692	1774026	TAG	FF956_08610	1772635	1392	CDS		GTG	FF956_08610|CP040692_1772635_1774026_+1_GTG_463
CP040692	1775744	AAC	FF956_08615	1774164	1581	CDS	true	GTG	FF956_08615_p|CP040692_1774164_1775744_+3_GTG_527
CP040692	1777236	TAG	FF956_08625	1775899	1338	CDS	true	TCC	FF956_08625_p|CP040692_1775899_1777236_+1_TCC_445
CP040692	1777754	TAG	FF956_08630	1777428	327	CDS		GTG	FF956_08630|CP040692_1777428_1777754_+3_GTG_108
CP040692	1778185	TAA	FF956_08635	1777889	297	CDS		ATG	FF956_08635|CP040692_1777889_1778185_+2_ATG_98
CP040692	1778520	TGA	FF956_08640	1778236	285	CDS		ATG	FF956_08640|CP040692_1778236_1778520_+1_ATG_94
CP040692	1781951	TGA	FF956_08650	1780656	1296	CDS		GTG	FF956_08650|CP040692_1780656_1781951_+3_GTG_431
CP040692	1783875	TGA	FF956_08655	1781956	1920	CDS		ATG	FF956_08655|CP040692_1781956_1783875_+1_ATG_639
CP040692	1786741	TGA	FF956_08675	1785500	1242	CDS		ATG	FF956_08675|CP040692_1785500_1786741_+2_ATG_413
CP040692	1790491	GGG	FF956_08695	1790345	147	CDS	true	ATG	FF956_08695_p|CP040692_1790345_1790491_+2_ATG_49
CP040692	1791957	TGA	FF956_08705	1791802	156	CDS		TTG	FF956_08705|CP040692_1791802_1791957_+1_TTG_51
CP040692	1792744	TAG	FF956_08710	1791935	810	CDS		ATG	FF956_08710|CP040692_1791935_1792744_+2_ATG_269
CP040692	1793982	TAA	FF956_08715	1792864	1119	CDS		ATG	FF956_08715|CP040692_1792864_1793982_+1_ATG_372
CP040692	1799098	TAG	FF956_08735	1797527	1572	CDS		ATG	FF956_08735|CP040692_1797527_1799098_+2_ATG_523
CP040692	1802154	TAG	FF956_08755	1801627	528	CDS		GTG	FF956_08755|CP040692_1801627_1802154_+1_GTG_175
CP040692	1803935	TAA	FF956_08760	1802388	1548	CDS		ATG	FF956_08760|CP040692_1802388_1803935_+3_ATG_515
CP040692	1807995	TGA	FF956_08780	1805902	2094	CDS		ATG	FF956_08780|CP040692_1805902_1807995_+1_ATG_697
CP040692	1808840	TAG	FF956_08785	1807992	849	CDS		ATG	FF956_08785|CP040692_1807992_1808840_+3_ATG_282
CP040692	1810488	TGA	FF956_08795	1809580	909	CDS		ATG	FF956_08795|CP040692_1809580_1810488_+1_ATG_302
CP040692	1811150	TGA	FF956_08800	1810485	666	CDS		ATG	FF956_08800|CP040692_1810485_1811150_+3_ATG_221
CP040692	1811695	TAA	FF956_08805	1811150	546	CDS		ATG	FF956_08805|CP040692_1811150_1811695_+2_ATG_181
CP040692	1813126	TGA	FF956_08810	1811696	1431	CDS		TTG	FF956_08810|CP040692_1811696_1813126_+2_TTG_476
CP040692	1814000	TAG	FF956_08815	1813123	878	CDS	true	GTG	FF956_08815_p|CP040692_1813123_1814000_+1_GTG_292
CP040692	1818561	TGA	FF956_08835	1817044	1518	CDS		GTG	FF956_08835|CP040692_1817044_1818561_+1_GTG_505
CP040692	1819931	TAG	FF956_08840	1818558	1374	CDS		ATG	FF956_08840|CP040692_1818558_1819931_+3_ATG_457
CP040692	1820796	TGA	FF956_08845	1819942	855	CDS		GTG	FF956_08845|CP040692_1819942_1820796_+1_GTG_284
CP040692	1823021	TGA	FF956_08870	1822857	165	CDS		GTG	FF956_08870|CP040692_1822857_1823021_+3_GTG_54
CP040692	1823533	TGA	FF956_08875	1823408	126	CDS		GTG	FF956_08875|CP040692_1823408_1823533_+2_GTG_41
CP040692	1824005	TAG	FF956_08880	1823550	456	CDS		GTG	FF956_08880|CP040692_1823550_1824005_+3_GTG_151
CP040692	1825820	TAG	FF956_08900	1825638	183	CDS		ATG	FF956_08900|CP040692_1825638_1825820_+3_ATG_60
CP040692	1826344	TGA	FF956_08905	1825913	432	CDS		GTG	FF956_08905|CP040692_1825913_1826344_+2_GTG_143
CP040692	1826620	TAG	FF956_08910	1826429	192	CDS		GTG	FF956_08910|CP040692_1826429_1826620_+2_GTG_63
CP040692	1826995	TGA	FF956_08915	1826651	345	CDS		ATG	FF956_08915|CP040692_1826651_1826995_+2_ATG_114
CP040692	1827997	TGA	FF956_08920	1827152	846	CDS		ATG	FF956_08920|CP040692_1827152_1827997_+2_ATG_281
CP040692	1830240	TAA	FF956_08935	1830061	180	CDS		GTG	FF956_08935|CP040692_1830061_1830240_+1_GTG_59
CP040692	1830832	TGA	FF956_08940	1830623	210	CDS		ATG	FF956_08940|CP040692_1830623_1830832_+2_ATG_69
CP040692	1831752	TGA	FF956_08945	1830829	924	CDS		ATG	FF956_08945|CP040692_1830829_1831752_+1_ATG_307
CP040692	1833772	TAG	FF956_08960	1832840	933	CDS		ATG	FF956_08960|CP040692_1832840_1833772_+2_ATG_310
CP040692	1835789	TAG	FF956_08965	1833846	1944	CDS		ATG	FF956_08965|CP040692_1833846_1835789_+3_ATG_647
CP040692	1841821	TGA	FF956_09000	1840817	1005	CDS		GTG	FF956_09000|CP040692_1840817_1841821_+2_GTG_334
CP040692	1846973	TGA	FF956_09030	1846281	693	CDS		ATG	FF956_09030|CP040692_1846281_1846973_+3_ATG_230
CP040692	1850912	TAG	FF956_09050	1849974	939	CDS		ATG	FF956_09050|CP040692_1849974_1850912_+3_ATG_312
CP040692	1855368	TAA	FF956_09065	1854469	900	CDS		ATG	FF956_09065|CP040692_1854469_1855368_+1_ATG_299
CP040692	1858005	TAG	FF956_09080	1857688	318	CDS		ATG	FF956_09080|CP040692_1857688_1858005_+1_ATG_105
CP040692	1860204	TGA	FF956_09105	1859872	333	CDS		GTG	FF956_09105|CP040692_1859872_1860204_+1_GTG_110
CP040692	1861686	TGA	FF956_09110	1860217	1470	CDS		ATG	FF956_09110|CP040692_1860217_1861686_+1_ATG_489
CP040692	1862849	TGA	FF956_09115	1861683	1167	CDS		ATG	FF956_09115|CP040692_1861683_1862849_+3_ATG_388
CP040692	1867921	TGA	FF956_09130	1866143	1779	CDS		ATG	FF956_09130|CP040692_1866143_1867921_+2_ATG_592
CP040692	1870446	TAG	FF956_09140	1868941	1506	CDS		ATG	FF956_09140|CP040692_1868941_1870446_+1_ATG_501
CP040692	1873652	TGA	FF956_09155	1872591	1062	CDS		ATG	FF956_09155|CP040692_1872591_1873652_+3_ATG_353
CP040692	1874484	TAG	FF956_09160	1873666	819	CDS		ATG	FF956_09160|CP040692_1873666_1874484_+1_ATG_272
CP040692	1875147	TAA	FF956_09165	1874635	513	CDS		ATG	FF956_09165|CP040692_1874635_1875147_+1_ATG_170
CP040692	1875508	TAG	FF956_09175	1875314	195	CDS		GTG	FF956_09175|CP040692_1875314_1875508_+2_GTG_64
CP040692	1875968	TGA	FF956_09180	1875513	456	CDS		TTG	FF956_09180|CP040692_1875513_1875968_+3_TTG_151
CP040692	1879702	TGA	FF956_09200	1879133	570	CDS		ATG	FF956_09200|CP040692_1879133_1879702_+2_ATG_189
CP040692	1881246	TGA	FF956_09205	1879696	1551	CDS		GTG	FF956_09205|CP040692_1879696_1881246_+1_GTG_516
CP040692	1892800	TGA	FF956_09250	1892210	591	CDS		GTG	FF956_09250|CP040692_1892210_1892800_+2_GTG_196
CP040692	1893314	TGA	FF956_09255	1892838	477	CDS		ATG	FF956_09255|CP040692_1892838_1893314_+3_ATG_158
CP040692	1893775	TAA	FF956_09260	1893314	462	CDS		ATG	FF956_09260|CP040692_1893314_1893775_+2_ATG_153
CP040692	1894139	TAG	FF956_09270	1893903	237	CDS		GTG	FF956_09270|CP040692_1893903_1894139_+3_GTG_78
CP040692	1896056	TAG	FF956_09280	1895115	942	CDS		GTG	FF956_09280|CP040692_1895115_1896056_+3_GTG_313
CP040692	1898408	TGA	FF956_09300	1898128	281	CDS	true	ATG	FF956_09300_p|CP040692_1898128_1898408_+1_ATG_93
CP040692	1898754	TGA	FF956_09305	1898329	426	CDS		TTG	FF956_09305|CP040692_1898329_1898754_+1_TTG_141
CP040692	1899885	TGA	FF956_09310	1898791	1095	CDS		GTG	FF956_09310|CP040692_1898791_1899885_+1_GTG_364
CP040692	1901021	TGA	FF956_09315	1899882	1140	CDS		ATG	FF956_09315|CP040692_1899882_1901021_+3_ATG_379
CP040692	1901755	TGA	FF956_09320	1901018	738	CDS		ATG	FF956_09320|CP040692_1901018_1901755_+2_ATG_245
CP040692	1902846	TAG	FF956_09325	1901752	1095	CDS		GTG	FF956_09325|CP040692_1901752_1902846_+1_GTG_364
CP040692	1907266	TGA	FF956_09350	1907045	222	CDS		CTG	FF956_09350|CP040692_1907045_1907266_+2_CTG_73
CP040692	1909030	TAG	FF956_09355	1907468	1563	CDS		GTG	FF956_09355|CP040692_1907468_1909030_+2_GTG_520
CP040692	1910654	TGA	FF956_09360	1909092	1563	CDS		ATG	FF956_09360|CP040692_1909092_1910654_+3_ATG_520
CP040692	1912089	TAG	FF956_09365	1910749	1341	CDS		ATG	FF956_09365|CP040692_1910749_1912089_+1_ATG_446
CP040692	1915122	TGA	FF956_09370	1912138	2985	CDS		GTG	FF956_09370|CP040692_1912138_1915122_+1_GTG_994
CP040692	1917497	TGA	FF956_09380	1917075	423	CDS		ATG	FF956_09380|CP040692_1917075_1917497_+3_ATG_140
CP040692	1924568	TAA	FF956_09410	1922790	1779	CDS		ATG	FF956_09410|CP040692_1922790_1924568_+3_ATG_592
CP040692	1928449	TGA	FF956_09425	1927310	1140	CDS		GTG	FF956_09425|CP040692_1927310_1928449_+2_GTG_379
CP040692	1929627	TAG	FF956_09430	1928521	1107	CDS		ATG	FF956_09430|CP040692_1928521_1929627_+1_ATG_368
CP040692	1935104	TGA	FF956_09455	1934028	1077	CDS		ATG	FF956_09455|CP040692_1934028_1935104_+3_ATG_358
CP040692	1935560	TGA	FF956_09460	1935204	357	CDS		ATG	FF956_09460|CP040692_1935204_1935560_+3_ATG_118
CP040692	1937438	TAG	FF956_09470	1936464	975	CDS		GTG	FF956_09470|CP040692_1936464_1937438_+3_GTG_324
CP040692	1940831	TAG	FF956_09480	1939740	1092	CDS		GTG	FF956_09480|CP040692_1939740_1940831_+3_GTG_363
CP040692	1941258	TGA	FF956_09485	1940839	420	CDS		ATG	FF956_09485|CP040692_1940839_1941258_+1_ATG_139
CP040692	1942343	TGA	FF956_09490	1941444	900	CDS		ATG	FF956_09490|CP040692_1941444_1942343_+3_ATG_299
CP040692	1942987	TAG	FF956_09495	1942343	645	CDS		ATG	FF956_09495|CP040692_1942343_1942987_+2_ATG_214
CP040692	1949031	TGA	FF956_09520	1947919	1113	CDS		GTG	FF956_09520|CP040692_1947919_1949031_+1_GTG_370
CP040692	1951204	TAA	FF956_09530	1950953	252	CDS		ATG	FF956_09530|CP040692_1950953_1951204_+2_ATG_83
CP040692	1952547	TGA	FF956_09535	1951390	1158	CDS		TTG	FF956_09535|CP040692_1951390_1952547_+1_TTG_385
CP040692	1953419	TAG	FF956_09540	1952642	778	CDS	true	GTG	FF956_09540_p|CP040692_1952642_1953419_+2_GTG_259
CP040692	1954673	TGA	FF956_09545	1953516	1158	CDS		GTG	FF956_09545|CP040692_1953516_1954673_+3_GTG_385
CP040692	1957061	TAA	FF956_09555	1956672	390	CDS		ATG	FF956_09555|CP040692_1956672_1957061_+3_ATG_129
CP040692	1957600	TGA	FF956_09560	1957166	435	CDS		GTG	FF956_09560|CP040692_1957166_1957600_+2_GTG_144
CP040692	1958859	TGA	FF956_09565	1957630	1230	CDS		ATC	FF956_09565|CP040692_1957630_1958859_+1_ATC_409
CP040692	1959251	TGA	FF956_09570	1958856	396	CDS		GTG	FF956_09570|CP040692_1958856_1959251_+3_GTG_131
CP040692	1960080	TAG	FF956_09575	1959337	744	CDS		ATG	FF956_09575|CP040692_1959337_1960080_+1_ATG_247
CP040692	1962339	TAG	FF956_09585	1961452	888	CDS		TTG	FF956_09585|CP040692_1961452_1962339_+1_TTG_295
CP040692	1962855	TGA	FF956_09590	1962349	507	CDS		GTG	FF956_09590|CP040692_1962349_1962855_+1_GTG_168
CP040692	1964334	TAG	FF956_09595	1962946	1389	CDS		ATG	FF956_09595|CP040692_1962946_1964334_+1_ATG_462
CP040692	1964785	TGA	FF956_09600	1964603	183	CDS		ATG	FF956_09600|CP040692_1964603_1964785_+2_ATG_60
CP040692	1965384	TGA	FF956_09605	1964719	666	CDS		ATG	FF956_09605|CP040692_1964719_1965384_+1_ATG_221
CP040692	1967220	TGA	FF956_09615	1966780	441	CDS		ATG	FF956_09615|CP040692_1966780_1967220_+1_ATG_146
CP040692	1971035	TAG	FF956_09630	1970130	906	CDS		GTG	FF956_09630|CP040692_1970130_1971035_+3_GTG_301
CP040692	1973101	TAA	FF956_09645	1972697	405	CDS		ATG	FF956_09645|CP040692_1972697_1973101_+2_ATG_134
CP040692	1973881	TGA	FF956_09650	1973450	432	CDS		ATG	FF956_09650|CP040692_1973450_1973881_+2_ATG_143
CP040692	1975073	TGA	FF956_09655	1973883	1191	CDS		GTG	FF956_09655|CP040692_1973883_1975073_+3_GTG_396
CP040692	1976224	TGA	FF956_09660	1975070	1155	CDS		ATG	FF956_09660|CP040692_1975070_1976224_+2_ATG_384
CP040692	1978260	TAG	FF956_09665	1976221	2040	CDS		GTG	FF956_09665|CP040692_1976221_1978260_+1_GTG_679
CP040692	1980050	TGA	FF956_09670	1978470	1581	CDS		ATG	FF956_09670|CP040692_1978470_1980050_+3_ATG_526
CP040692	1981019	TAG	FF956_09675	1980153	867	CDS		ATG	FF956_09675|CP040692_1980153_1981019_+3_ATG_288
CP040692	1981632	TGA	FF956_09680	1981012	621	CDS		ATG	FF956_09680|CP040692_1981012_1981632_+1_ATG_206
CP040692	1982663	TGA	FF956_09685	1981629	1035	CDS		ATG	FF956_09685|CP040692_1981629_1982663_+3_ATG_344
CP040692	1984293	TGA	FF956_09690	1982686	1608	CDS		GTG	FF956_09690|CP040692_1982686_1984293_+1_GTG_535
CP040692	1985822	TGA	FF956_09695	1984290	1533	CDS		ATG	FF956_09695|CP040692_1984290_1985822_+3_ATG_510
CP040692	1986898	TGA	FF956_09700	1985819	1080	CDS		ATG	FF956_09700|CP040692_1985819_1986898_+2_ATG_359
CP040692	1988360	TAG	FF956_09705	1986900	1461	CDS		GTG	FF956_09705|CP040692_1986900_1988360_+3_GTG_486
CP040692	1989946	TGA	FF956_09710	1988372	1575	CDS		GTG	FF956_09710|CP040692_1988372_1989946_+2_GTG_524
CP040692	1991175	TGA	FF956_09715	1989943	1233	CDS		GTG	FF956_09715|CP040692_1989943_1991175_+1_GTG_410
CP040692	1992656	TGA	FF956_09720	1991172	1485	CDS		GTG	FF956_09720|CP040692_1991172_1992656_+3_GTG_494
CP040692	1993597	TAG	FF956_09725	1992653	945	CDS		ATG	FF956_09725|CP040692_1992653_1993597_+2_ATG_314
CP040692	1994909	TGA	FF956_09730	1993770	1140	CDS		ATG	FF956_09730|CP040692_1993770_1994909_+3_ATG_379
CP040692	1995672	TGA	FF956_09735	1994920	753	CDS		TTG	FF956_09735|CP040692_1994920_1995672_+1_TTG_250
CP040692	1996454	TGA	FF956_09740	1995678	777	CDS		ATG	FF956_09740|CP040692_1995678_1996454_+3_ATG_258
CP040692	1997176	TAG	FF956_09745	1996520	657	CDS		ATG	FF956_09745|CP040692_1996520_1997176_+2_ATG_218
CP040692	1997628	TGA	FF956_09750	1997338	291	CDS		TTG	FF956_09750|CP040692_1997338_1997628_+1_TTG_96
CP040692	1998678	TAG	FF956_09755	1997896	783	CDS		ATG	FF956_09755|CP040692_1997896_1998678_+1_ATG_260
CP040692	1999129	TAG	FF956_09760	1998773	357	CDS		ATG	FF956_09760|CP040692_1998773_1999129_+2_ATG_118
CP040692	2000787	TGA	FF956_09770	2000572	216	CDS		GTG	FF956_09770|CP040692_2000572_2000787_+1_GTG_71
CP040692	2001101	TGA	FF956_09775	2000784	318	CDS		ATG	FF956_09775|CP040692_2000784_2001101_+3_ATG_105
CP040692	2002918	TAG	FF956_09785	2001572	1347	CDS		GTG	FF956_09785|CP040692_2001572_2002918_+2_GTG_448
CP040692	2003496	TAG	FF956_09790	2002966	531	CDS		ATG	FF956_09790|CP040692_2002966_2003496_+1_ATG_176
CP040692	2006392	TAG	FF956_09810	2005979	414	CDS		ATG	FF956_09810|CP040692_2005979_2006392_+2_ATG_137
CP040692	2007286	TGA	FF956_09815	2006456	831	CDS		ATG	FF956_09815|CP040692_2006456_2007286_+2_ATG_276
CP040692	2007993	TAG	FF956_09820	2007283	711	CDS		ATG	FF956_09820|CP040692_2007283_2007993_+1_ATG_236
CP040692	2008644	TGA	FF956_09825	2008057	588	CDS		ATG	FF956_09825|CP040692_2008057_2008644_+1_ATG_195
CP040692	2009443	TAG	FF956_09830	2008655	789	CDS		GTG	FF956_09830|CP040692_2008655_2009443_+2_GTG_262
CP040692	2010777	TGA	FF956_09840	2009974	804	CDS		GTG	FF956_09840|CP040692_2009974_2010777_+1_GTG_267
CP040692	2012079	TAG	FF956_09845	2010835	1245	CDS		ATG	FF956_09845|CP040692_2010835_2012079_+1_ATG_414
CP040692	2012986	TAG	FF956_09850	2012105	882	CDS		ATG	FF956_09850|CP040692_2012105_2012986_+2_ATG_293
CP040692	2016092	TGA	FF956_09865	2015004	1089	CDS		CTG	FF956_09865|CP040692_2015004_2016092_+3_CTG_362
CP040692	2020805	TAA	FF956_09875	2017227	3579	CDS		GTG	FF956_09875|CP040692_2017227_2020805_+3_GTG_1192
CP040692	2022631	TGA	FF956_09885	2022350	282	CDS		GTG	FF956_09885|CP040692_2022350_2022631_+2_GTG_93
CP040692	2023488	TGA	FF956_09890	2022634	855	CDS		ATG	FF956_09890|CP040692_2022634_2023488_+1_ATG_284
CP040692	2024049	TGA	FF956_09895	2023567	483	CDS		GTG	FF956_09895|CP040692_2023567_2024049_+1_GTG_160
CP040692	2025824	TAG	FF956_09905	2024982	843	CDS		GTG	FF956_09905|CP040692_2024982_2025824_+3_GTG_280
CP040692	2028833	TAG	FF956_09920	2027004	1830	CDS		ATG	FF956_09920|CP040692_2027004_2028833_+3_ATG_609
CP040692	2032389	TAA	FF956_09935	2030725	1665	CDS		ATG	FF956_09935|CP040692_2030725_2032389_+1_ATG_554
CP040692	2032696	TGA	FF956_09940	2032502	195	CDS		ATG	FF956_09940|CP040692_2032502_2032696_+2_ATG_64
CP040692	2033568	TGA	FF956_09945	2032693	876	CDS		GTG	FF956_09945|CP040692_2032693_2033568_+1_GTG_291
CP040692	2034311	TGA	FF956_09950	2033565	747	CDS		GTG	FF956_09950|CP040692_2033565_2034311_+3_GTG_248
CP040692	2037138	TGA	FF956_09970	2036881	258	CDS		ATG	FF956_09970|CP040692_2036881_2037138_+1_ATG_85
CP040692	2037408	TAG	FF956_09975	2037154	255	CDS		ATG	FF956_09975|CP040692_2037154_2037408_+1_ATG_84
CP040692	2037849	TGA	FF956_09980	2037415	435	CDS		ATG	FF956_09980|CP040692_2037415_2037849_+1_ATG_144
CP040692	2045192	TAA	FF956_10000	2043717	1476	CDS		ATG	FF956_10000|CP040692_2043717_2045192_+3_ATG_491
CP040692	2046602	TAG	FF956_10005	2045244	1359	CDS		GTG	FF956_10005|CP040692_2045244_2046602_+3_GTG_452
CP040692	2047609	TGA	FF956_10010	2046611	999	CDS		ATG	FF956_10010|CP040692_2046611_2047609_+2_ATG_332
CP040692	2048556	TGA	FF956_10015	2047606	951	CDS		ATG	FF956_10015|CP040692_2047606_2048556_+1_ATG_316
CP040692	2048875	TAG	FF956_10020	2048624	252	CDS		GTG	FF956_10020|CP040692_2048624_2048875_+2_GTG_83
CP040692	2049818	TAG	FF956_10025	2048892	927	CDS		GTG	FF956_10025|CP040692_2048892_2049818_+3_GTG_308
CP040692	2052655	TAG	FF956_10030	2049935	2721	CDS		GTG	FF956_10030|CP040692_2049935_2052655_+2_GTG_906
CP040692	2053431	TAA	FF956_10035	2052697	735	CDS		ATG	FF956_10035|CP040692_2052697_2053431_+1_ATG_244
CP040692	2055735	TAG	FF956_10045	2054608	1128	CDS		ATG	FF956_10045|CP040692_2054608_2055735_+1_ATG_375
CP040692	2063878	TAG	FF956_10090	2063439	440	CDS	true	ATG	FF956_10090_p|CP040692_2063439_2063878_+3_ATG_146
CP040692	2067648	TAG	FF956_10110	2067349	300	CDS		GTG	FF956_10110|CP040692_2067349_2067648_+1_GTG_99
CP040692	2068620	TAG	FF956_10115	2067649	972	CDS		ATG	FF956_10115|CP040692_2067649_2068620_+1_ATG_323
CP040692	2068906	TGA	FF956_10120	2068655	252	CDS		GTG	FF956_10120|CP040692_2068655_2068906_+2_GTG_83
CP040692	2070527	TGA	FF956_10125	2069064	1464	CDS		ATG	FF956_10125|CP040692_2069064_2070527_+3_ATG_487
CP040692	2071729	TGA	FF956_10135	2070980	750	CDS		GTG	FF956_10135|CP040692_2070980_2071729_+2_GTG_249
CP040692	2072969	TGA	FF956_10140	2071797	1173	CDS		ATG	FF956_10140|CP040692_2071797_2072969_+3_ATG_390
CP040692	2073721	TGA	FF956_10145	2072966	756	CDS		ATG	FF956_10145|CP040692_2072966_2073721_+2_ATG_251
CP040692	2074448	TGA	FF956_10150	2073718	731	CDS	true	GTG	FF956_10150_p|CP040692_2073718_2074448_+1_GTG_243
CP040692	2076053	TAG	FF956_10160	2075130	924	CDS		ATG	FF956_10160|CP040692_2075130_2076053_+3_ATG_307
CP040692	2077292	TAG	FF956_10165	2076069	1224	CDS		GTG	FF956_10165|CP040692_2076069_2077292_+3_GTG_407
CP040692	2084716	TGA	FF956_10195	2081132	3585	CDS		GTG	FF956_10195|CP040692_2081132_2084716_+2_GTG_1194
CP040692	2085204	TAG	FF956_10200	2084800	405	CDS		GTG	FF956_10200|CP040692_2084800_2085204_+1_GTG_134
CP040692	2087060	TGA	FF956_10210	2086824	237	CDS		TTG	FF956_10210|CP040692_2086824_2087060_+3_TTG_78
CP040692	2087224	TGA	FF956_10215	2087060	165	CDS		ATG	FF956_10215|CP040692_2087060_2087224_+2_ATG_54
CP040692	2087531	TAG	FF956_10220	2087226	306	CDS		GTG	FF956_10220|CP040692_2087226_2087531_+3_GTG_101
CP040692	2087798	TGA	FF956_10225	2087532	267	CDS		ATG	FF956_10225|CP040692_2087532_2087798_+3_ATG_88
CP040692	2089363	TAG	FF956_10235	2088836	528	CDS		GTG	FF956_10235|CP040692_2088836_2089363_+2_GTG_175
CP040692	2090972	TAG	FF956_10240	2089368	1605	CDS		GTG	FF956_10240|CP040692_2089368_2090972_+3_GTG_534
CP040692	2093754	TGA	FF956_10245	2091130	2625	CDS		GTG	FF956_10245|CP040692_2091130_2093754_+1_GTG_874
CP040692	2094592	TAG	FF956_10255	2094368	225	CDS		ATG	FF956_10255|CP040692_2094368_2094592_+2_ATG_74
CP040692	2107354	TAG	FF956_10260	2094899	12456	CDS		ATG	FF956_10260|CP040692_2094899_2107354_+2_ATG_4151
CP040692	2109923	TGA	FF956_10265	2107359	2565	CDS		GTG	FF956_10265|CP040692_2107359_2109923_+3_GTG_854
CP040692	2112200	TGA	FF956_10275	2110665	1536	CDS		GTG	FF956_10275|CP040692_2110665_2112200_+3_GTG_511
CP040692	2112603	TAG	FF956_10280	2112286	318	CDS		ATG	FF956_10280|CP040692_2112286_2112603_+1_ATG_105
CP040692	2113204	TGA	FF956_10285	2112644	561	CDS		ATG	FF956_10285|CP040692_2112644_2113204_+2_ATG_186
CP040692	2114001	TGA	FF956_10290	2113204	798	CDS		ATG	FF956_10290|CP040692_2113204_2114001_+1_ATG_265
CP040692	2115358	TGA	FF956_10295	2114039	1320	CDS		ATG	FF956_10295|CP040692_2114039_2115358_+2_ATG_439
CP040692	2116257	TGA	FF956_10300	2115355	903	CDS		ATG	FF956_10300|CP040692_2115355_2116257_+1_ATG_300
CP040692	2117086	TAA	FF956_10305	2116244	843	CDS		GTG	FF956_10305|CP040692_2116244_2117086_+2_GTG_280
CP040692	2118162	TAA	FF956_10310	2117089	1074	CDS		ATG	FF956_10310|CP040692_2117089_2118162_+1_ATG_357
CP040692	2119138	TAG	FF956_10315	2118164	975	CDS		GTG	FF956_10315|CP040692_2118164_2119138_+2_GTG_324
CP040692	2121645	TAG	FF956_10335	2120803	843	CDS		GTG	FF956_10335|CP040692_2120803_2121645_+1_GTG_280
CP040692	2123387	TGA	FF956_10345	2122953	435	CDS		ATG	FF956_10345|CP040692_2122953_2123387_+3_ATG_144
CP040692	2125444	TAG	FF956_10350	2123399	2046	CDS		GTG	FF956_10350|CP040692_2123399_2125444_+2_GTG_681
CP040692	2126480	TGA	FF956_10355	2125461	1020	CDS		ATG	FF956_10355|CP040692_2125461_2126480_+3_ATG_339
CP040692	2127316	TGA	FF956_10360	2126477	840	CDS		ATG	FF956_10360|CP040692_2126477_2127316_+2_ATG_279
CP040692	2129098	TGA	FF956_10365	2127377	1722	CDS		GTG	FF956_10365|CP040692_2127377_2129098_+2_GTG_573
CP040692	2130022	TAG	FF956_10370	2129138	885	CDS		ATG	FF956_10370|CP040692_2129138_2130022_+2_ATG_294
CP040692	2131135	TGA	FF956_10375	2130137	999	CDS		ATG	FF956_10375|CP040692_2130137_2131135_+2_ATG_332
CP040692	2135034	GGG	FF956_10380	2131645	3390	CDS	true	ATG	FF956_10380_p|CP040692_2131645_2135034_+1_ATG_1130
CP040692	2136348	TGA	FF956_10385	2135087	1263	fCDS		ATG	FF956_10385_fCDS|CP040692_2135087_2136348_+2_ATG_420
CP040692	2137823	TGA	FF956_10390	2136393	1431	CDS	true	CCA	FF956_10390_p|CP040692_2136393_2137823_+3_CCA_476
CP040692	2138903	TGA	FF956_10395	2138007	897	CDS		ATG	FF956_10395|CP040692_2138007_2138903_+3_ATG_298
CP040692	2139346	TGA	FF956_10400	2139110	237	CDS		ATG	FF956_10400|CP040692_2139110_2139346_+2_ATG_78
CP040692	2139975	TAG	FF956_10405	2139298	678	CDS		ATG	FF956_10405|CP040692_2139298_2139975_+1_ATG_225
CP040692	2140494	TGA	FF956_10410	2140135	360	CDS		GTG	FF956_10410|CP040692_2140135_2140494_+1_GTG_119
CP040692	2141124	TAA	FF956_10415	2140519	606	CDS		GTG	FF956_10415|CP040692_2140519_2141124_+1_GTG_201
CP040692	2141438	TAG	FF956_10420	2141133	306	CDS		ATG	FF956_10420|CP040692_2141133_2141438_+3_ATG_101
CP040692	2141822	TAA	FF956_10425	2141523	300	CDS		GTG	FF956_10425|CP040692_2141523_2141822_+3_GTG_99
CP040692	2146427	TAG	FF956_10455	2145171	1257	CDS		ATG	FF956_10455|CP040692_2145171_2146427_+3_ATG_418
CP040692	2147986	TGA	FF956_10470	2147807	180	CDS	true	TTC	FF956_10470_p|CP040692_2147807_2147986_+2_TTC_59
CP040692	2148222	TAA	FF956_10475	2147983	240	CDS		GTG	FF956_10475|CP040692_2147983_2148222_+1_GTG_79
CP040692	2149389	TGA	FF956_10490	2148958	432	CDS		ATG	FF956_10490|CP040692_2148958_2149389_+1_ATG_143
CP040692	2151626	TGA	FF956_10505	2150301	1326	CDS		ATG	FF956_10505|CP040692_2150301_2151626_+3_ATG_441
CP040692	2152159	TAG	FF956_10510	2151815	345	CDS		GTG	FF956_10510|CP040692_2151815_2152159_+2_GTG_114
CP040692	2157247	TGA	FF956_10520	2156360	888	CDS		ATG	FF956_10520|CP040692_2156360_2157247_+2_ATG_295
CP040692	2158765	TGA	FF956_10525	2157269	1497	CDS		ATG	FF956_10525|CP040692_2157269_2158765_+2_ATG_498
CP040692	2159680	TAG	FF956_10530	2158823	858	CDS		GTG	FF956_10530|CP040692_2158823_2159680_+2_GTG_285
CP040692	2164427	TAG	FF956_10550	2163105	1323	CDS		ATG	FF956_10550|CP040692_2163105_2164427_+3_ATG_440
CP040692	2165298	TAA	FF956_10555	2164522	777	CDS		ATG	FF956_10555|CP040692_2164522_2165298_+1_ATG_258
CP040692	2170615	TGA	FF956_10575	2170259	357	CDS		ATG	FF956_10575|CP040692_2170259_2170615_+2_ATG_118
CP040692	2170940	TGA	FF956_10580	2170668	273	CDS		GTG	FF956_10580|CP040692_2170668_2170940_+3_GTG_90
CP040692	2173252	TAG	FF956_10585	2170937	2316	CDS		GTG	FF956_10585|CP040692_2170937_2173252_+2_GTG_771
CP040692	2173600	TGA	FF956_10590	2173352	249	CDS		ATG	FF956_10590|CP040692_2173352_2173600_+2_ATG_82
CP040692	2173938	TGA	FF956_10595	2173594	345	CDS		GTG	FF956_10595|CP040692_2173594_2173938_+1_GTG_114
CP040692	2174362	TAG	FF956_10600	2174027	336	CDS		GTG	FF956_10600|CP040692_2174027_2174362_+2_GTG_111
CP040692	2174947	TGA	FF956_10610	2174606	342	CDS		ATG	FF956_10610|CP040692_2174606_2174947_+2_ATG_113
CP040692	2175504	TAG	FF956_10615	2174944	561	CDS		GTG	FF956_10615|CP040692_2174944_2175504_+1_GTG_186
CP040692	2179252	TGA	FF956_10640	2178341	912	CDS		ATG	FF956_10640|CP040692_2178341_2179252_+2_ATG_303
CP040692	2180335	TGA	FF956_10650	2179682	654	CDS		ATG	FF956_10650|CP040692_2179682_2180335_+2_ATG_217
CP040692	2182375	TGA	FF956_10660	2182115	261	CDS		GTG	FF956_10660|CP040692_2182115_2182375_+2_GTG_86
CP040692	2182803	TAA	FF956_10665	2182384	420	CDS		ATG	FF956_10665|CP040692_2182384_2182803_+1_ATG_139
CP040692	2183996	TAA	FF956_10670	2183028	969	CDS		ATG	FF956_10670|CP040692_2183028_2183996_+3_ATG_322
CP040692	2184873	TAG	FF956_10675	2184187	687	CDS		GTG	FF956_10675|CP040692_2184187_2184873_+1_GTG_228
CP040692	2186497	TAG	FF956_10680	2185052	1446	CDS		GTG	FF956_10680|CP040692_2185052_2186497_+2_GTG_481
CP040692	2189670	TAG	FF956_10700	2189491	180	CDS		GTG	FF956_10700|CP040692_2189491_2189670_+1_GTG_59
CP040692	2190017	TAA	FF956_10705	2189748	270	CDS		ATG	FF956_10705|CP040692_2189748_2190017_+3_ATG_89
CP040692	2191843	TGA	FF956_10720	2191634	210	CDS		GTG	FF956_10720|CP040692_2191634_2191843_+2_GTG_69
CP040692	2192989	TAG	FF956_10725	2192342	648	CDS		ATG	FF956_10725|CP040692_2192342_2192989_+2_ATG_215
CP040692	2197224	TAG	FF956_10755	2196004	1221	CDS		ATG	FF956_10755|CP040692_2196004_2197224_+1_ATG_406
CP040692	2197529	TAG	FF956_10760	2197257	273	CDS		GTG	FF956_10760|CP040692_2197257_2197529_+3_GTG_90
CP040692	2197940	TGA	FF956_10765	2197533	408	CDS		GTG	FF956_10765|CP040692_2197533_2197940_+3_GTG_135
CP040692	2198832	TGA	FF956_10775	2198581	252	CDS		GTG	FF956_10775|CP040692_2198581_2198832_+1_GTG_83
CP040692	2199125	TGA	FF956_10780	2198829	297	CDS		GTG	FF956_10780|CP040692_2198829_2199125_+3_GTG_98
CP040692	2199788	TAG	FF956_10785	2199174	615	CDS		ATG	FF956_10785|CP040692_2199174_2199788_+3_ATG_204
CP040692	2202616	TAA	FF956_10820	2202320	297	CDS		ATG	FF956_10820|CP040692_2202320_2202616_+2_ATG_98
CP040692	2202808	TAG	FF956_10825	2202617	192	CDS		TTG	FF956_10825|CP040692_2202617_2202808_+2_TTG_63
CP040692	2203731	TGA	FF956_10830	2202829	903	CDS		TTG	FF956_10830|CP040692_2202829_2203731_+1_TTG_300
CP040692	2204092	TGA	FF956_10835	2203742	351	CDS		ATG	FF956_10835|CP040692_2203742_2204092_+2_ATG_116
CP040692	2204388	TAA	FF956_10840	2204206	183	CDS		GTG	FF956_10840|CP040692_2204206_2204388_+1_GTG_60
CP040692	2205298	TGA	FF956_10850	2204846	453	CDS		ATG	FF956_10850|CP040692_2204846_2205298_+2_ATG_150
CP040692	2207462	TGA	FF956_10860	2206872	591	CDS		ATG	FF956_10860|CP040692_2206872_2207462_+3_ATG_196
CP040692	2207836	TGA	FF956_10865	2207459	378	CDS		GTG	FF956_10865|CP040692_2207459_2207836_+2_GTG_125
CP040692	2208162	TGA	FF956_10870	2207833	330	CDS		GTG	FF956_10870|CP040692_2207833_2208162_+1_GTG_109
CP040692	2215605	TAA	FF956_10905	2215390	216	CDS		ATG	FF956_10905|CP040692_2215390_2215605_+1_ATG_71
CP040692	2216603	TGA	FF956_10910	2215647	957	CDS		ATG	FF956_10910|CP040692_2215647_2216603_+3_ATG_318
CP040692	2217847	TGA	FF956_10915	2216618	1230	CDS		GTG	FF956_10915|CP040692_2216618_2217847_+2_GTG_409
CP040692	2218940	TAG	FF956_10920	2217849	1092	CDS		GTG	FF956_10920|CP040692_2217849_2218940_+3_GTG_363
CP040692	2220346	TGA	FF956_10930	2219567	780	CDS		GTG	FF956_10930|CP040692_2219567_2220346_+2_GTG_259
CP040692	2220888	TAG	FF956_10935	2220364	525	CDS		ATG	FF956_10935|CP040692_2220364_2220888_+1_ATG_174
CP040692	2221544	TGA	FF956_10940	2220900	645	CDS		GTG	FF956_10940|CP040692_2220900_2221544_+3_GTG_214
CP040692	2222356	TAA	FF956_10945	2221589	768	CDS		ATG	FF956_10945|CP040692_2221589_2222356_+2_ATG_255
CP040692	2223849	TAG	FF956_10955	2223370	480	CDS		ATG	FF956_10955|CP040692_2223370_2223849_+1_ATG_159
CP040692	2226256	TAG	FF956_10965	2225876	381	CDS		ATG	FF956_10965|CP040692_2225876_2226256_+2_ATG_126
CP040692	2230282	TGA	FF956_10980	2229011	1272	CDS		ATG	FF956_10980|CP040692_2229011_2230282_+2_ATG_423
CP040692	2231745	TGA	FF956_10990	2231281	465	CDS		ATG	FF956_10990|CP040692_2231281_2231745_+1_ATG_154
CP040692	2235157	TAA	FF956_10995	2232194	2964	CDS		ATG	FF956_10995|CP040692_2232194_2235157_+2_ATG_987
CP040692	2240996	TAA	FF956_11000	2235495	5502	CDS		ATG	FF956_11000|CP040692_2235495_2240996_+3_ATG_1833
CP040692	2244008	TAG	FF956_11010	2243601	408	CDS		ATG	FF956_11010|CP040692_2243601_2244008_+3_ATG_135
CP040692	2245841	TGA	FF956_11020	2244838	1004	CDS	true	ATG	FF956_11020_p|CP040692_2244838_2245841_+1_ATG_334
CP040692	2246546	TGA	FF956_11025	2245941	606	CDS		ATG	FF956_11025|CP040692_2245941_2246546_+3_ATG_201
CP040692	2247222	TGA	FF956_11030	2246629	594	CDS		GTG	FF956_11030|CP040692_2246629_2247222_+1_GTG_197
CP040692	2247779	TGA	FF956_11035	2247336	444	CDS		GTG	FF956_11035|CP040692_2247336_2247779_+3_GTG_147
CP040692	2250039	TGA	FF956_11040	2247817	2223	CDS		GTG	FF956_11040|CP040692_2247817_2250039_+1_GTG_740
CP040692	2250693	TGA	FF956_11045	2250046	648	CDS		TTG	FF956_11045|CP040692_2250046_2250693_+1_TTG_215
CP040692	2251503	TAA	FF956_11050	2251033	471	CDS		ATG	FF956_11050|CP040692_2251033_2251503_+1_ATG_156
CP040692	2252495	TAA	FF956_11055	2251533	963	CDS		GTG	FF956_11055|CP040692_2251533_2252495_+3_GTG_320
CP040692	2254922	TAG	FF956_11070	2253654	1269	CDS		GTG	FF956_11070|CP040692_2253654_2254922_+3_GTG_422
CP040692	2257698	TAA	FF956_11080	2256310	1389	CDS		GTG	FF956_11080|CP040692_2256310_2257698_+1_GTG_462
CP040692	2258774	TAG	FF956_11085	2257698	1077	CDS		ATG	FF956_11085|CP040692_2257698_2258774_+3_ATG_358
CP040692	2259537	TGA	FF956_11095	2259106	432	CDS		GTG	FF956_11095|CP040692_2259106_2259537_+1_GTG_143
CP040692	2260453	TAA	FF956_11100	2259542	912	CDS		ATG	FF956_11100|CP040692_2259542_2260453_+2_ATG_303
CP040692	2263250	TGA	FF956_11115	2262120	1131	CDS		ATG	FF956_11115|CP040692_2262120_2263250_+3_ATG_376
CP040692	2264913	TGA	FF956_11135	2264302	612	CDS		GTG	FF956_11135|CP040692_2264302_2264913_+1_GTG_203
CP040692	2265328	TGA	FF956_11140	2264972	357	CDS		ATG	FF956_11140|CP040692_2264972_2265328_+2_ATG_118
CP040692	2265545	TAG	FF956_11145	2265372	174	CDS		GTG	FF956_11145|CP040692_2265372_2265545_+3_GTG_57
CP040692	2266629	TAA	FF956_11155	2265910	720	CDS		ATG	FF956_11155|CP040692_2265910_2266629_+1_ATG_239
CP040692	2269109	TGA	FF956_11170	2268132	978	CDS		ATG	FF956_11170|CP040692_2268132_2269109_+3_ATG_325
CP040692	2269726	TGA	FF956_11175	2269127	600	CDS		TTG	FF956_11175|CP040692_2269127_2269726_+2_TTG_199
CP040692	2270268	TGA	FF956_11180	2269738	531	CDS		GTG	FF956_11180|CP040692_2269738_2270268_+1_GTG_176
CP040692	2270783	TGA	FF956_11185	2270307	477	CDS		ATG	FF956_11185|CP040692_2270307_2270783_+3_ATG_158
CP040692	2271644	TAA	FF956_11190	2270811	834	CDS		ATG	FF956_11190|CP040692_2270811_2271644_+3_ATG_277
CP040692	2272107	TGA	FF956_11195	2271685	423	CDS		GTG	FF956_11195|CP040692_2271685_2272107_+1_GTG_140
CP040692	2273473	TGA	FF956_11200	2272157	1317	CDS		GTG	FF956_11200|CP040692_2272157_2273473_+2_GTG_438
CP040692	2278972	TGA	FF956_11225	2278781	192	CDS		GTG	FF956_11225|CP040692_2278781_2278972_+2_GTG_63
CP040692	2279184	TGA	FF956_11230	2278972	213	CDS		ATG	FF956_11230|CP040692_2278972_2279184_+1_ATG_70
CP040692	2282107	TGA	FF956_11250	2280863	1245	CDS		ATG	FF956_11250|CP040692_2280863_2282107_+2_ATG_414
CP040692	2282519	TGA	FF956_11255	2282130	390	CDS		TTG	FF956_11255|CP040692_2282130_2282519_+3_TTG_129
CP040692	2283252	TGA	FF956_11260	2282584	669	CDS		TTG	FF956_11260|CP040692_2282584_2283252_+1_TTG_222
CP040692	2284554	TGA	FF956_11265	2283319	1236	CDS		ATG	FF956_11265|CP040692_2283319_2284554_+1_ATG_411
CP040692	2288402	TAG	FF956_11280	2288196	207	CDS		GTG	FF956_11280|CP040692_2288196_2288402_+3_GTG_68
CP040692	2291907	TGA	FF956_11290	2291047	861	CDS		GTG	FF956_11290|CP040692_2291047_2291907_+1_GTG_286
CP040692	2292659	TGA	FF956_11295	2291904	756	CDS		GTG	FF956_11295|CP040692_2291904_2292659_+3_GTG_251
CP040692	2293422	TGA	FF956_11300	2292652	771	CDS		ATG	FF956_11300|CP040692_2292652_2293422_+1_ATG_256
CP040692	2299868	TGA	FF956_11335	2299191	678	CDS		ATG	FF956_11335|CP040692_2299191_2299868_+3_ATG_225
CP040692	2300830	TAG	FF956_11340	2299907	924	CDS		GTG	FF956_11340|CP040692_2299907_2300830_+2_GTG_307
CP040692	2302363	TAG	FF956_11345	2300972	1392	CDS		ATG	FF956_11345|CP040692_2300972_2302363_+2_ATG_463
CP040692	2307831	TGA	FF956_11385	2307415	417	CDS		ATG	FF956_11385|CP040692_2307415_2307831_+1_ATG_138
CP040692	2308796	TAG	FF956_11390	2307846	951	CDS		GTG	FF956_11390|CP040692_2307846_2308796_+3_GTG_316
CP040692	2310277	TAG	FF956_11395	2308826	1452	CDS		ATG	FF956_11395|CP040692_2308826_2310277_+2_ATG_483
CP040692	2311749	TGA	FF956_11400	2310313	1437	CDS		ATG	FF956_11400|CP040692_2310313_2311749_+1_ATG_478
CP040692	2313290	TGA	FF956_11405	2311923	1368	CDS		GTG	FF956_11405|CP040692_2311923_2313290_+3_GTG_455
CP040692	2314339	TGA	FF956_11410	2313290	1050	CDS		ATG	FF956_11410|CP040692_2313290_2314339_+2_ATG_349
CP040692	2316049	TAG	FF956_11415	2314502	1548	CDS		ATG	FF956_11415|CP040692_2314502_2316049_+2_ATG_515
CP040692	2316371	TGA	FF956_11420	2316108	264	CDS		ATG	FF956_11420|CP040692_2316108_2316371_+3_ATG_87
CP040692	2316763	TGA	FF956_11425	2316368	396	CDS		GTG	FF956_11425|CP040692_2316368_2316763_+2_GTG_131
CP040692	2319264	TAG	FF956_11430	2317039	2226	CDS		ATG	FF956_11430|CP040692_2317039_2319264_+1_ATG_741
CP040692	2321417	TGA	FF956_11440	2319384	2034	CDS		ATG	FF956_11440|CP040692_2319384_2321417_+3_ATG_677
CP040692	2323319	TAG	FF956_11445	2321433	1887	CDS		ATG	FF956_11445|CP040692_2321433_2323319_+3_ATG_628
CP040692	2325091	TGA	FF956_11455	2324231	861	CDS		ATG	FF956_11455|CP040692_2324231_2325091_+2_ATG_286
CP040692	2341155	TAA	FF956_11520	2339236	1920	CDS		TTG	FF956_11520|CP040692_2339236_2341155_+1_TTG_639
CP040692	2342722	TAG	FF956_11525	2341290	1433	CDS	true	ATG	FF956_11525_p|CP040692_2341290_2342722_+3_ATG_477
CP040692	2348219	TAA	FF956_11555	2347788	432	CDS		ATG	FF956_11555|CP040692_2347788_2348219_+3_ATG_143
CP040692	2349743	TAG	FF956_11560	2348541	1203	CDS		TTG	FF956_11560|CP040692_2348541_2349743_+3_TTG_400
CP040692	2356225	TAA	FF956_11595	2355878	348	CDS		ATG	FF956_11595|CP040692_2355878_2356225_+2_ATG_115
CP040692	2356873	TAG	FF956_11600	2356547	327	CDS		ATG	FF956_11600|CP040692_2356547_2356873_+2_ATG_108
CP040692	2358973	TAG	FF956_11605	2357054	1920	CDS		GTG	FF956_11605|CP040692_2357054_2358973_+2_GTG_639
CP040692	2362525	TGA	FF956_11620	2362139	387	CDS		ATG	FF956_11620|CP040692_2362139_2362525_+2_ATG_128
CP040692	2366344	TGA	FF956_11635	2365083	1263	fCDS		ATG	FF956_11635_fCDS|CP040692_2365083_2366344_+3_ATG_420
CP040692	2381759	TGA	FF956_11710	2380578	1182	CDS		ATG	FF956_11710|CP040692_2380578_2381759_+3_ATG_393
CP040692	2389904	TGA	FF956_11725	2387730	2175	CDS		ATG	FF956_11725|CP040692_2387730_2389904_+3_ATG_724
CP040692	2392520	TAG	FF956_11735	2390727	1794	CDS	true	ATG	FF956_11735_p|CP040692_2390727_2392520_+3_ATG_597
CP040692	2393125	TAG	FF956_11740	2392676	450	CDS		ATG	FF956_11740|CP040692_2392676_2393125_+2_ATG_149
CP040692	2395211	TGA	FF956_11750	2394651	561	CDS		GTG	FF956_11750|CP040692_2394651_2395211_+3_GTG_186
CP040692	2398186	TGA	FF956_11765	2397440	747	CDS		GTG	FF956_11765|CP040692_2397440_2398186_+2_GTG_248
CP040692	2405705	TGA	FF956_11805	2405505	201	CDS		TTG	FF956_11805|CP040692_2405505_2405705_+3_TTG_66
CP040692	2405809	TAG	FF956_11810	2405681	129	CDS		ATT	FF956_11810|CP040692_2405681_2405809_+2_ATT_42
CP040692	2406082	TAA	FF956_11815	2405843	240	CDS		ATT	FF956_11815|CP040692_2405843_2406082_+2_ATT_79
CP040692	2407965	TAG	FF956_11820	2406709	1257	CDS		ATG	FF956_11820|CP040692_2406709_2407965_+1_ATG_418
CP040692	2408843	TAG	FF956_11825	2408376	468	CDS		GTG	FF956_11825|CP040692_2408376_2408843_+3_GTG_155
CP040692	2409771	TGA	FF956_11830	2408983	789	CDS		ATG	FF956_11830|CP040692_2408983_2409771_+1_ATG_262
CP040692	2410154	TGA	FF956_11835	2409771	384	CDS		ATG	FF956_11835|CP040692_2409771_2410154_+3_ATG_127
CP040692	2414991	TAG	FF956_11845	2412248	2744	CDS	true	ATG	FF956_11845_p|CP040692_2412248_2414991_+2_ATG_914
CP040692	2421747	TAG	FF956_11865	2420562	1186	CDS	true	ATG	FF956_11865_p|CP040692_2420562_2421747_+3_ATG_395
CP040692	2423420	TAA	FF956_11870	2421876	1545	CDS		GTG	FF956_11870|CP040692_2421876_2423420_+3_GTG_514
CP040692	2425295	TAG	FF956_11875	2423604	1692	CDS		ATG	FF956_11875|CP040692_2423604_2425295_+3_ATG_563
CP040692	2428888	TAA	FF956_11880	2425499	3390	CDS		ATG	FF956_11880|CP040692_2425499_2428888_+2_ATG_1129
CP040692	2432533	TGA	FF956_11895	2430935	1599	CDS		ATG	FF956_11895|CP040692_2430935_2432533_+2_ATG_532
CP040692	2433174	TAG	FF956_11900	2432617	558	CDS		GTG	FF956_11900|CP040692_2432617_2433174_+1_GTG_185
CP040692	2439122	TAA	FF956_11920	2438511	612	CDS		ATG	FF956_11920|CP040692_2438511_2439122_+3_ATG_203
CP040692	2439513	TAA	FF956_11925	2439112	402	CDS		ATG	FF956_11925|CP040692_2439112_2439513_+1_ATG_133
CP040692	2444547	TAA	FF956_11950	2442865	1683	CDS		ATG	FF956_11950|CP040692_2442865_2444547_+1_ATG_560
CP040692	2446320	TGA	FF956_11960	2445133	1188	CDS		ATG	FF956_11960|CP040692_2445133_2446320_+1_ATG_395
CP040692	2448275	TGA	FF956_11965	2446317	1959	CDS		GTG	FF956_11965|CP040692_2446317_2448275_+3_GTG_652
CP040692	2448616	TAG	FF956_11970	2448374	243	CDS		ATG	FF956_11970|CP040692_2448374_2448616_+2_ATG_80
CP040692	2449212	TAG	FF956_11975	2448676	537	CDS		CTG	FF956_11975|CP040692_2448676_2449212_+1_CTG_178
CP040692	2449729	TGA	FF956_11985	2449487	243	CDS		ATG	FF956_11985|CP040692_2449487_2449729_+2_ATG_80
CP040692	2450648	TGA	FF956_11990	2450016	633	CDS		ATG	FF956_11990|CP040692_2450016_2450648_+3_ATG_210
CP040692	2451260	TAG	FF956_11995	2450712	549	CDS		ATG	FF956_11995|CP040692_2450712_2451260_+3_ATG_182
CP040692	2454811	TAG	FF956_12005	2453258	1554	CDS		TTG	FF956_12005|CP040692_2453258_2454811_+2_TTG_517
CP040692	2455423	TGA	FF956_12010	2454833	591	CDS		TTG	FF956_12010|CP040692_2454833_2455423_+2_TTG_196
CP040692	2456328	TGA	FF956_12015	2455390	939	CDS		GTG	FF956_12015|CP040692_2455390_2456328_+1_GTG_312
CP040692	2457095	TGA	FF956_12020	2456325	771	CDS		ATG	FF956_12020|CP040692_2456325_2457095_+3_ATG_256
CP040692	2459918	TAA	FF956_12035	2459208	711	CDS		GTG	FF956_12035|CP040692_2459208_2459918_+3_GTG_236
CP040692	2460327	TAA	FF956_12040	2459908	420	CDS		ATG	FF956_12040|CP040692_2459908_2460327_+1_ATG_139
CP040692	2463543	TGA	FF956_12055	2463316	228	CDS		ATG	FF956_12055|CP040692_2463316_2463543_+1_ATG_75
CP040692	2463929	TGA	FF956_12060	2463540	390	CDS		GTG	FF956_12060|CP040692_2463540_2463929_+3_GTG_129
CP040692	2465294	TGA	FF956_12065	2464033	1263	fCDS		ATG	FF956_12065_fCDS|CP040692_2464033_2465294_+1_ATG_420
CP040692	2477831	TGA	FF956_12140	2477664	168	CDS		ATG	FF956_12140|CP040692_2477664_2477831_+3_ATG_55
CP040692	2479619	TAG	FF956_12145	2478435	1185	CDS		ATG	FF956_12145|CP040692_2478435_2479619_+3_ATG_394
CP040692	2480816	TAA	FF956_12150	2479659	1158	CDS		ATG	FF956_12150|CP040692_2479659_2480816_+3_ATG_385
CP040692	2482527	TGA	FF956_12155	2480857	1671	CDS		ATG	FF956_12155|CP040692_2480857_2482527_+1_ATG_556
CP040692	2483182	TAG	FF956_12160	2482433	750	CDS		ATG	FF956_12160|CP040692_2482433_2483182_+2_ATG_249
CP040692	2485102	TGA	FF956_12165	2483738	1365	CDS		ATG	FF956_12165|CP040692_2483738_2485102_+2_ATG_454
CP040692	2500160	TAA	FF956_12240	2499393	768	CDS		ATG	FF956_12240|CP040692_2499393_2500160_+3_ATG_255
CP040692	2500912	TAG	FF956_12245	2500193	720	CDS		ATT	FF956_12245|CP040692_2500193_2500912_+2_ATT_239
CP040692	2501537	TGA	FF956_12250	2500914	624	CDS		GTG	FF956_12250|CP040692_2500914_2501537_+3_GTG_207
CP040692	2512072	TGA	FF956_12300	2511338	735	CDS		ATG	FF956_12300|CP040692_2511338_2512072_+2_ATG_244
CP040692	2513053	TAA	FF956_12305	2512397	657	CDS		ATG	FF956_12305|CP040692_2512397_2513053_+2_ATG_218
CP040692	2514013	TAA	FF956_12310	2513081	933	CDS		ATG	FF956_12310|CP040692_2513081_2514013_+2_ATG_310
CP040692	2515437	TAA	FF956_12315	2514106	1332	CDS		GTG	FF956_12315|CP040692_2514106_2515437_+1_GTG_443
CP040692	2518746	TGA	FF956_12335	2516971	1776	CDS		ATG	FF956_12335|CP040692_2516971_2518746_+1_ATG_591
CP040692	2520053	TAA	FF956_12340	2518761	1293	CDS		GTG	FF956_12340|CP040692_2518761_2520053_+3_GTG_430
CP040692	2549992	TAG	FF956_12415	2546936	3057	CDS		ATG	FF956_12415|CP040692_2546936_2549992_+2_ATG_1018
CP040692	2557940	TAG	FF956_12445	2556885	1056	CDS		ATG	FF956_12445|CP040692_2556885_2557940_+3_ATG_351
CP040692	2563822	TAG	FF956_12470	2560304	3519	CDS		GTG	FF956_12470|CP040692_2560304_2563822_+2_GTG_1172
CP040692	2565350	TAG	FF956_12475	2563881	1470	CDS		ATG	FF956_12475|CP040692_2563881_2565350_+3_ATG_489
CP040692	2565623	TGA	FF956_12480	2565366	258	CDS		ATG	FF956_12480|CP040692_2565366_2565623_+3_ATG_85
CP040692	2568784	GAT	FF956_12490	2568647	138	CDS	true	ATG	FF956_12490_p|CP040692_2568647_2568784_+2_ATG_46
CP040692	2569612	TAA	FF956_12495	2568821	792	CDS		ATG	FF956_12495|CP040692_2568821_2569612_+2_ATG_263
CP040692	2571938	TAA	FF956_12510	2570268	1671	CDS		ATG	FF956_12510|CP040692_2570268_2571938_+3_ATG_556
CP040692	2576123	TGA	FF956_12530	2575680	444	CDS		GTG	FF956_12530|CP040692_2575680_2576123_+3_GTG_147
CP040692	2582440	TGA	FF956_12555	2581949	492	CDS		GTG	FF956_12555|CP040692_2581949_2582440_+2_GTG_163
CP040692	2583645	TAG	FF956_12560	2582437	1209	CDS		ATG	FF956_12560|CP040692_2582437_2583645_+1_ATG_402
CP040692	2585896	TGA	FF956_12575	2584565	1332	CDS		GTG	FF956_12575|CP040692_2584565_2585896_+2_GTG_443
CP040692	2586512	TGA	FF956_12580	2585925	588	CDS		ATG	FF956_12580|CP040692_2585925_2586512_+3_ATG_195
CP040692	2588080	TGA	FF956_12585	2586623	1458	CDS		ATG	FF956_12585|CP040692_2586623_2588080_+2_ATG_485
CP040692	2589150	TGA	FF956_12590	2588110	1041	CDS		GTG	FF956_12590|CP040692_2588110_2589150_+1_GTG_346
CP040692	2590820	TGA	FF956_12595	2589213	1608	CDS		CTG	FF956_12595|CP040692_2589213_2590820_+3_CTG_535
CP040692	2592547	TGA	FF956_12600	2590817	1731	CDS		ATG	FF956_12600|CP040692_2590817_2592547_+2_ATG_576
CP040692	2605212	TAG	FF956_12665	2604748	465	CDS		ATG	FF956_12665|CP040692_2604748_2605212_+1_ATG_154
CP040692	2613437	TGA	FF956_12715	2613027	411	CDS		ATG	FF956_12715|CP040692_2613027_2613437_+3_ATG_136
CP040692	2618513	TGA	FF956_12740	2617803	711	CDS		ATG	FF956_12740|CP040692_2617803_2618513_+3_ATG_236
CP040692	2620110	TGA	FF956_12745	2618770	1341	CDS		ATG	FF956_12745|CP040692_2618770_2620110_+1_ATG_446
CP040692	2622961	GCC	FF956_12765	2622647	315	CDS	true	GTC	FF956_12765_p|CP040692_2622647_2622961_+2_GTC_105
CP040692	2624003	ACC	FF956_12770	2623113	891	CDS	true	GTG	FF956_12770_p|CP040692_2623113_2624003_+3_GTG_297
CP040692	2625414	TGA	FF956_12775	2624005	1410	CDS		GTG	FF956_12775|CP040692_2624005_2625414_+1_GTG_469
CP040692	2625926	TAG	FF956_12780	2625411	516	CDS		ATG	FF956_12780|CP040692_2625411_2625926_+3_ATG_171
CP040692	2626203	TGA	FF956_12785	2625982	222	CDS		GTG	FF956_12785|CP040692_2625982_2626203_+1_GTG_73
CP040692	2626598	TGA	FF956_12790	2626200	399	CDS		ATG	FF956_12790|CP040692_2626200_2626598_+3_ATG_132
CP040692	2628013	TAG	FF956_12795	2626598	1416	CDS		ATG	FF956_12795|CP040692_2626598_2628013_+2_ATG_471
CP040692	2628604	TGA	FF956_12800	2628209	396	CDS		ATG	FF956_12800|CP040692_2628209_2628604_+2_ATG_131
CP040692	2628890	TGA	FF956_12805	2628618	273	CDS		ATG	FF956_12805|CP040692_2628618_2628890_+3_ATG_90
CP040692	2629201	TGA	FF956_12810	2628887	315	CDS		GTG	FF956_12810|CP040692_2628887_2629201_+2_GTG_104
CP040692	2629752	TGA	FF956_12815	2629282	471	CDS		ATG	FF956_12815|CP040692_2629282_2629752_+1_ATG_156
CP040692	2630438	TGA	FF956_12820	2629926	513	CDS		ATG	FF956_12820|CP040692_2629926_2630438_+3_ATG_170
CP040692	2631867	TAG	FF956_12825	2630446	1422	CDS		ATG	FF956_12825|CP040692_2630446_2631867_+1_ATG_473
CP040692	2633317	TGA	FF956_12845	2633213	105	CDS		GTG	FF956_12845|CP040692_2633213_2633317_+2_GTG_34
CP040692	2637651	TAA	FF956_12875	2637367	285	CDS		ATG	FF956_12875|CP040692_2637367_2637651_+1_ATG_94
CP040692	2638583	TAA	FF956_12880	2637891	693	CDS		ATG	FF956_12880|CP040692_2637891_2638583_+3_ATG_230
CP040692	2640871	TGA	FF956_12885	2638682	2190	CDS		ATG	FF956_12885|CP040692_2638682_2640871_+2_ATG_729
CP040692	2643075	TGA	FF956_12890	2640910	2166	CDS		ATG	FF956_12890|CP040692_2640910_2643075_+1_ATG_721
CP040692	2645376	TGA	FF956_12895	2643079	2298	CDS		ATG	FF956_12895|CP040692_2643079_2645376_+1_ATG_765
CP040692	2647109	TGA	FF956_12900	2645369	1741	CDS	true	ATG	FF956_12900_p|CP040692_2645369_2647109_+2_ATG_580
CP040692	2663366	TAG	FF956_12975	2661330	2037	CDS		ATG	FF956_12975|CP040692_2661330_2663366_+3_ATG_678
CP040692	2670237	TGA	FF956_13005	2669827	411	CDS		ATG	FF956_13005|CP040692_2669827_2670237_+1_ATG_136
CP040692	2670885	TGA	FF956_13010	2670292	594	CDS		ATG	FF956_13010|CP040692_2670292_2670885_+1_ATG_197
CP040692	2673451	TGA	FF956_13025	2672471	981	CDS		ATG	FF956_13025|CP040692_2672471_2673451_+2_ATG_326
CP040692	2681547	TAG	FF956_13055	2681113	435	CDS		ATG	FF956_13055|CP040692_2681113_2681547_+1_ATG_144
CP040692	2685710	TGA	FF956_13075	2685213	498	CDS		GTG	FF956_13075|CP040692_2685213_2685710_+3_GTG_165
CP040692	2692580	TGA	FF956_13080	2686254	6327	CDS		GTG	FF956_13080|CP040692_2686254_2692580_+3_GTG_2108
CP040692	2693348	CCA	FF956_13085	2692603	746	CDS	true	ATG	FF956_13085_p|CP040692_2692603_2693348_+1_ATG_248
CP040692	2699544	TGA	FF956_13105	2696104	3441	CDS		GTG	FF956_13105|CP040692_2696104_2699544_+1_GTG_1146
CP040692	2701659	TGA	FF956_13115	2701459	201	CDS		ATG	FF956_13115|CP040692_2701459_2701659_+1_ATG_66
CP040692	2706187	TGA	FF956_13140	2705177	1011	CDS		GTG	FF956_13140|CP040692_2705177_2706187_+2_GTG_336
CP040692	2707086	TGA	FF956_13145	2706190	897	CDS		ATG	FF956_13145|CP040692_2706190_2707086_+1_ATG_298
CP040692	2707909	TAG	FF956_13150	2707121	789	CDS		GTG	FF956_13150|CP040692_2707121_2707909_+2_GTG_262
CP040692	2711101	TGA	FF956_13170	2710807	295	CDS	true	ATT	FF956_13170_p|CP040692_2710807_2711101_+1_ATT_98
CP040692	2715622	TAG	FF956_13190	2713823	1800	CDS		GTG	FF956_13190|CP040692_2713823_2715622_+2_GTG_599
CP040692	2716990	TGA	FF956_13200	2716295	696	CDS		TTG	FF956_13200|CP040692_2716295_2716990_+2_TTG_231
CP040692	2717778	TGA	FF956_13205	2717278	501	CDS		GTG	FF956_13205|CP040692_2717278_2717778_+1_GTG_166
CP040692	2718440	TGA	FF956_13210	2717775	666	CDS		ATG	FF956_13210|CP040692_2717775_2718440_+3_ATG_221
CP040692	2719725	TGA	FF956_13215	2718577	1149	CDS		GTG	FF956_13215|CP040692_2718577_2719725_+1_GTG_382
CP040692	2723586	TGA	FF956_13245	2723374	213	CDS		ATG	FF956_13245|CP040692_2723374_2723586_+1_ATG_70
CP040692	2724417	TAG	FF956_13250	2723644	774	CDS		CTG	FF956_13250|CP040692_2723644_2724417_+1_CTG_257
CP040692	2732512	TGA	FF956_13285	2731754	759	CDS		GTG	FF956_13285|CP040692_2731754_2732512_+2_GTG_252
CP040692	2737703	TGA	FF956_13320	2736837	867	CDS		ATG	FF956_13320|CP040692_2736837_2737703_+3_ATG_288
CP040692	2741263	TAA	FF956_13340	2740421	843	CDS		ATG	FF956_13340|CP040692_2740421_2741263_+2_ATG_280
CP040692	2750505	TGA	FF956_13375	2747674	2832	CDS		GTG	FF956_13375|CP040692_2747674_2750505_+1_GTG_943
CP040692	2751079	TGA	FF956_13380	2750516	564	CDS		GTG	FF956_13380|CP040692_2750516_2751079_+2_GTG_187
CP040692	2758111	TAG	FF956_13415	2756999	1113	CDS		ATG	FF956_13415|CP040692_2756999_2758111_+2_ATG_370
CP040692	2760047	TGA	FF956_13420	2758218	1830	CDS		TTG	FF956_13420|CP040692_2758218_2760047_+3_TTG_609
CP040692	2769357	TGA	FF956_13460	2767582	1776	CDS		ATG	FF956_13460|CP040692_2767582_2769357_+1_ATG_591
CP040692	2770454	TGA	FF956_13470	2769513	942	CDS		GTG	FF956_13470|CP040692_2769513_2770454_+3_GTG_313
CP040692	2771236	TGA	FF956_13475	2770451	786	CDS		GTG	FF956_13475|CP040692_2770451_2771236_+2_GTG_261
CP040692	2772280	TGA	FF956_13480	2771348	933	CDS		GTG	FF956_13480|CP040692_2771348_2772280_+2_GTG_310
CP040692	2774099	TAG	FF956_13490	2773113	987	CDS		ATG	FF956_13490|CP040692_2773113_2774099_+3_ATG_328
CP040692	2777910	TGA	FF956_13500	2775544	2367	CDS		ATG	FF956_13500|CP040692_2775544_2777910_+1_ATG_788
CP040692	2783510	TAG	FF956_13510	2779287	4224	CDS		ATG	FF956_13510|CP040692_2779287_2783510_+3_ATG_1407
CP040692	2783757	TAG	FF956_13515	2783542	216	CDS		ATG	FF956_13515|CP040692_2783542_2783757_+1_ATG_71
CP040692	2786051	TGA	FF956_13520	2783949	2103	CDS		GTG	FF956_13520|CP040692_2783949_2786051_+3_GTG_700
CP040692	2787189	TGA	FF956_13525	2786068	1122	CDS		ATG	FF956_13525|CP040692_2786068_2787189_+1_ATG_373
CP040692	2788730	TAG	FF956_13530	2787186	1545	CDS		ATG	FF956_13530|CP040692_2787186_2788730_+3_ATG_514
CP040692	2789694	TGA	FF956_13535	2788783	912	CDS		ATG	FF956_13535|CP040692_2788783_2789694_+1_ATG_303
CP040692	2790434	TAA	FF956_13540	2789691	744	CDS		GTG	FF956_13540|CP040692_2789691_2790434_+3_GTG_247
CP040692	2790861	TGA	FF956_13545	2790451	411	CDS		ATG	FF956_13545|CP040692_2790451_2790861_+1_ATG_136
CP040692	2791024	TAA	FF956_13550	2790911	114	CDS		ATG	FF956_13550|CP040692_2790911_2791024_+2_ATG_37
CP040692	2791941	TAG	FF956_13560	2791456	486	CDS		GTG	FF956_13560|CP040692_2791456_2791941_+1_GTG_161
CP040692	2795939	TGA	FF956_13570	2794464	1476	CDS		ATG	FF956_13570|CP040692_2794464_2795939_+3_ATG_491
CP040692	2797187	TGA	FF956_13580	2796762	426	CDS		ATG	FF956_13580|CP040692_2796762_2797187_+3_ATG_141
CP040692	2797377	CAG	FF956_13585	2797195	183	CDS	true	ATG	FF956_13585_p|CP040692_2797195_2797377_+1_ATG_61
CP040692	2797783	TAG	FF956_13590	2797556	228	CDS		ATG	FF956_13590|CP040692_2797556_2797783_+2_ATG_75
CP040692	2801827	TGA	FF956_13615	2801198	630	CDS		TTG	FF956_13615|CP040692_2801198_2801827_+2_TTG_209
CP040692	2810236	TAA	FF956_13650	2809409	828	CDS		TTG	FF956_13650|CP040692_2809409_2810236_+2_TTG_275
CP040692	2811847	TAA	FF956_13655	2810240	1608	CDS		ATG	FF956_13655|CP040692_2810240_2811847_+2_ATG_535
CP040692	2813109	TAG	FF956_13660	2811847	1263	CDS		ATG	FF956_13660|CP040692_2811847_2813109_+1_ATG_420
CP040692	2815275	TAA	FF956_13670	2814514	762	CDS		ATG	FF956_13670|CP040692_2814514_2815275_+1_ATG_253
CP040692	2826396	TGA	FF956_13735	2825686	711	CDS		ATG	FF956_13735|CP040692_2825686_2826396_+1_ATG_236
CP040692	2827958	TAA	FF956_13740	2826402	1557	CDS		ATG	FF956_13740|CP040692_2826402_2827958_+3_ATG_518
CP040692	2833023	TGA	FF956_13765	2832199	825	CDS		ATG	FF956_13765|CP040692_2832199_2833023_+1_ATG_274
CP040692	2834570	TGA	FF956_13775	2833746	825	CDS		ATG	FF956_13775|CP040692_2833746_2834570_+3_ATG_274
CP040692	2838334	TAG	FF956_13790	2837372	963	CDS		ATG	FF956_13790|CP040692_2837372_2838334_+2_ATG_320
CP040692	2839318	TAA	FF956_13795	2838359	960	CDS		ATG	FF956_13795|CP040692_2838359_2839318_+2_ATG_319
CP040692	2839658	TGA	FF956_13800	2839401	258	CDS		ATG	FF956_13800|CP040692_2839401_2839658_+3_ATG_85
CP040692	2840056	TGA	FF956_13805	2839655	402	CDS		ATG	FF956_13805|CP040692_2839655_2840056_+2_ATG_133
CP040692	2842041	TAA	FF956_13810	2840311	1731	CDS		ATG	FF956_13810|CP040692_2840311_2842041_+1_ATG_576
CP040692	2844584	TGA	FF956_13820	2843199	1386	CDS		ATG	FF956_13820|CP040692_2843199_2844584_+3_ATG_461
CP040692	2846059	TAG	FF956_13825	2844581	1479	CDS		ATG	FF956_13825|CP040692_2844581_2846059_+2_ATG_492
CP040692	2850682	TAG	FF956_13855	2850461	222	CDS		GTG	FF956_13855|CP040692_2850461_2850682_+2_GTG_73
CP040692	2862940	TAA	FF956_13905	2861513	1428	CDS		ATG	FF956_13905|CP040692_2861513_2862940_+2_ATG_475
CP040692	2863589	TAA	FF956_13910	2862951	639	CDS		ATG	FF956_13910|CP040692_2862951_2863589_+3_ATG_212
CP040692	2867096	TGA	FF956_13925	2866638	459	CDS		GTG	FF956_13925|CP040692_2866638_2867096_+3_GTG_152
CP040692	2873298	TAG	FF956_13950	2872093	1206	CDS		GTG	FF956_13950|CP040692_2872093_2873298_+1_GTG_401
CP040692	2875027	TAA	FF956_13965	2874641	387	CDS		ATG	FF956_13965|CP040692_2874641_2875027_+2_ATG_128
CP040692	2877127	TAG	FF956_13970	2875166	1962	CDS		ATG	FF956_13970|CP040692_2875166_2877127_+2_ATG_653
CP040692	2878203	TGA	FF956_13975	2877418	786	CDS		ATG	FF956_13975|CP040692_2877418_2878203_+1_ATG_261
CP040692	2878862	TAG	FF956_13980	2878200	663	CDS		GTG	FF956_13980|CP040692_2878200_2878862_+3_GTG_220
CP040692	2880367	TAA	FF956_13985	2879177	1191	CDS		GTG	FF956_13985|CP040692_2879177_2880367_+2_GTG_396
CP040692	2881837	TGA	FF956_13995	2881601	237	CDS		ATG	FF956_13995|CP040692_2881601_2881837_+2_ATG_78
CP040692	2887517	TAG	FF956_14010	2886594	924	CDS		ATG	FF956_14010|CP040692_2886594_2887517_+3_ATG_307
CP040692	2888781	TGA	FF956_14015	2887990	792	CDS		GTG	FF956_14015|CP040692_2887990_2888781_+1_GTG_263
CP040692	2890925	TAG	FF956_14020	2888778	2148	CDS		GTG	FF956_14020|CP040692_2888778_2890925_+3_GTG_715
CP040692	2892805	TGA	FF956_14025	2890934	1872	CDS		ATG	FF956_14025|CP040692_2890934_2892805_+2_ATG_623
CP040692	2893610	TGA	FF956_14030	2892825	786	CDS		ATG	FF956_14030|CP040692_2892825_2893610_+3_ATG_261
CP040692	2894358	TGA	FF956_14040	2894086	273	CDS		ATG	FF956_14040|CP040692_2894086_2894358_+1_ATG_90
CP040692	2895506	TGA	FF956_14055	2895336	171	CDS	true	GCA	FF956_14055_p|CP040692_2895336_2895506_+3_GCA_56
CP040692	2900837	TAA	FF956_14075	2900205	633	CDS		ATG	FF956_14075|CP040692_2900205_2900837_+3_ATG_210
CP040692	2904267	TGA	FF956_14095	2903887	381	CDS		GTG	FF956_14095|CP040692_2903887_2904267_+1_GTG_126
CP040692	2904626	TAG	FF956_14100	2904264	363	CDS		ATG	FF956_14100|CP040692_2904264_2904626_+3_ATG_120
CP040692	2913597	TGA	FF956_14160	2912251	1347	CDS		GTG	FF956_14160|CP040692_2912251_2913597_+1_GTG_448
CP040692	2915615	TAA	FF956_14165	2913621	1995	CDS		GTG	FF956_14165|CP040692_2913621_2915615_+3_GTG_664
CP040692	2920490	TGA	FF956_14175	2918385	2106	CDS		GTG	FF956_14175|CP040692_2918385_2920490_+3_GTG_701
CP040692	2922693	TAG	FF956_14180	2920498	2196	CDS		ATG	FF956_14180|CP040692_2920498_2922693_+1_ATG_731
CP040692	2924647	TAG	FF956_14185	2922845	1803	CDS		ATG	FF956_14185|CP040692_2922845_2924647_+2_ATG_600
CP040692	2927488	TAA	FF956_14200	2927030	459	CDS		GTG	FF956_14200|CP040692_2927030_2927488_+2_GTG_152
CP040692	2930287	TAG	FF956_14215	2928584	1704	CDS		ATG	FF956_14215|CP040692_2928584_2930287_+2_ATG_567
CP040692	2931907	TAA	FF956_14220	2930300	1608	CDS		ATG	FF956_14220|CP040692_2930300_2931907_+2_ATG_535
CP040692	2933602	TAA	FF956_14225	2931977	1626	CDS		ATG	FF956_14225|CP040692_2931977_2933602_+2_ATG_541
CP040692	2935173	TGA	FF956_14230	2933683	1491	CDS		GTG	FF956_14230|CP040692_2933683_2935173_+1_GTG_496
CP040692	2935667	TGA	FF956_14235	2935170	498	CDS		ATG	FF956_14235|CP040692_2935170_2935667_+3_ATG_165
CP040692	2943130	TAG	FF956_14260	2942549	582	CDS		ATG	FF956_14260|CP040692_2942549_2943130_+2_ATG_193
CP040692	2944619	TAG	FF956_14265	2943296	1324	CDS	true	GTG	FF956_14265_p|CP040692_2943296_2944619_+2_GTG_441
CP040692	2957820	TGA	FF956_14345	2957626	195	CDS		ATG	FF956_14345|CP040692_2957626_2957820_+1_ATG_64
CP040692	2967291	TAA	FF956_14395	2966956	336	CDS		ATG	FF956_14395|CP040692_2966956_2967291_+1_ATG_111
CP040692	2969308	TAG	FF956_14405	2967743	1566	CDS		GTG	FF956_14405|CP040692_2967743_2969308_+2_GTG_521
CP040692	2976706	TGA	FF956_14440	2975729	978	CDS		ATG	FF956_14440|CP040692_2975729_2976706_+2_ATG_325
CP040692	2977578	TGA	FF956_14445	2976703	876	CDS		ATG	FF956_14445|CP040692_2976703_2977578_+1_ATG_291
CP040692	2979413	TGA	FF956_14450	2977575	1839	CDS		ATG	FF956_14450|CP040692_2977575_2979413_+3_ATG_612
CP040692	2981181	TGA	FF956_14455	2979406	1776	CDS		GTG	FF956_14455|CP040692_2979406_2981181_+1_GTG_591
CP040692	2987408	TAG	FF956_14475	2986932	477	CDS		ATG	FF956_14475|CP040692_2986932_2987408_+3_ATG_158
CP040692	2990544	TGA	FF956_14495	2988796	1749	CDS		ATG	FF956_14495|CP040692_2988796_2990544_+1_ATG_582
CP040692	2992436	TAG	FF956_14500	2990541	1896	CDS		GTG	FF956_14500|CP040692_2990541_2992436_+3_GTG_631
CP040692	2992885	TAG	FF956_14505	2992544	342	CDS		ATG	FF956_14505|CP040692_2992544_2992885_+2_ATG_113
CP040692	2993832	TAG	FF956_14510	2993098	735	CDS		ATG	FF956_14510|CP040692_2993098_2993832_+1_ATG_244
CP040692	2994267	TAA	FF956_14515	2993893	375	CDS		ATG	FF956_14515|CP040692_2993893_2994267_+1_ATG_124
CP040692	2995188	TGA	FF956_14520	2994490	699	CDS		ATG	FF956_14520|CP040692_2994490_2995188_+1_ATG_232
CP040692	2995451	TAG	FF956_14525	2995200	252	CDS		ATG	FF956_14525|CP040692_2995200_2995451_+3_ATG_83
CP040692	2996665	TAG	FF956_14530	2995499	1167	CDS		ATG	FF956_14530|CP040692_2995499_2996665_+2_ATG_388
CP040692	2998736	TAA	FF956_14535	2997006	1731	CDS		ATG	FF956_14535|CP040692_2997006_2998736_+3_ATG_576
CP040692	3001143	TGA	FF956_14540	2998747	2397	CDS		ATG	FF956_14540|CP040692_2998747_3001143_+1_ATG_798
CP040692	3003267	TGA	FF956_14545	3001387	1881	CDS		ATG	FF956_14545|CP040692_3001387_3003267_+1_ATG_626
CP040692	3007289	TGA	FF956_14565	3006855	435	CDS		ATG	FF956_14565|CP040692_3006855_3007289_+3_ATG_144
CP040692	3007743	TAA	FF956_14570	3007294	450	CDS		ATG	FF956_14570|CP040692_3007294_3007743_+1_ATG_149
CP040692	3011135	TGA	FF956_14590	3009876	1260	CDS		ATG	FF956_14590|CP040692_3009876_3011135_+3_ATG_419
CP040692	3012499	TGA	FF956_14595	3011132	1368	CDS		GTG	FF956_14595|CP040692_3011132_3012499_+2_GTG_455
CP040692	3013830	TGA	FF956_14600	3012613	1218	CDS		ATG	FF956_14600|CP040692_3012613_3013830_+1_ATG_405
CP040692	3014438	TGA	FF956_14605	3013830	609	CDS		ATG	FF956_14605|CP040692_3013830_3014438_+3_ATG_202
CP040692	3017920	TAA	FF956_14620	3017312	609	CDS		GTG	FF956_14620|CP040692_3017312_3017920_+2_GTG_202
CP040692	3021395	TGA	FF956_14625	3017976	3420	CDS		GTG	FF956_14625|CP040692_3017976_3021395_+3_GTG_1139
CP040692	3024022	TAG	FF956_14635	3023234	789	CDS		ATG	FF956_14635|CP040692_3023234_3024022_+2_ATG_262
CP040692	3027859	TGA	FF956_14640	3024164	3696	CDS		GTG	FF956_14640|CP040692_3024164_3027859_+2_GTG_1231
CP040692	3028297	TGA	FF956_14645	3028028	270	CDS		ATG	FF956_14645|CP040692_3028028_3028297_+2_ATG_89
CP040692	3028587	TAA	FF956_14650	3028294	294	CDS		GTG	FF956_14650|CP040692_3028294_3028587_+1_GTG_97
CP040692	3029474	TGA	FF956_14655	3028644	831	CDS		ATG	FF956_14655|CP040692_3028644_3029474_+3_ATG_276
CP040692	3030607	TGA	FF956_14665	3030422	186	CDS		GTG	FF956_14665|CP040692_3030422_3030607_+2_GTG_61
CP040692	3031614	TGA	FF956_14670	3030595	1020	CDS		ATG	FF956_14670|CP040692_3030595_3031614_+1_ATG_339
CP040692	3034661	TAG	FF956_14690	3033561	1101	CDS		GTG	FF956_14690|CP040692_3033561_3034661_+3_GTG_366
CP040692	3040373	TAG	FF956_14720	3039777	597	CDS		ATG	FF956_14720|CP040692_3039777_3040373_+3_ATG_198
CP040692	3041742	TGA	FF956_14725	3040435	1308	CDS		ATG	FF956_14725|CP040692_3040435_3041742_+1_ATG_435
CP040692	3042281	TGA	FF956_14730	3041739	543	CDS		GTG	FF956_14730|CP040692_3041739_3042281_+3_GTG_180
CP040692	3043641	TGA	FF956_14735	3042406	1236	CDS		GTG	FF956_14735|CP040692_3042406_3043641_+1_GTG_411
CP040692	3044826	TAG	FF956_14740	3043654	1173	CDS		ATG	FF956_14740|CP040692_3043654_3044826_+1_ATG_390
CP040692	3046311	TGA	FF956_14755	3045778	534	CDS		TTG	FF956_14755|CP040692_3045778_3046311_+1_TTG_177
CP040692	3047771	TGA	FF956_14760	3046308	1464	CDS		ATG	FF956_14760|CP040692_3046308_3047771_+3_ATG_487
CP040692	3048712	TAG	FF956_14765	3047882	831	CDS		GTG	FF956_14765|CP040692_3047882_3048712_+2_GTG_276
CP040692	3053102	TAA	FF956_14795	3052428	675	CDS		ATG	FF956_14795|CP040692_3052428_3053102_+3_ATG_224
CP040692	3053882	TGA	FF956_14800	3053244	639	CDS		ATG	FF956_14800|CP040692_3053244_3053882_+3_ATG_212
CP040692	3054807	TGA	FF956_14805	3053872	936	CDS		ATG	FF956_14805|CP040692_3053872_3054807_+1_ATG_311
CP040692	3056450	TAG	FF956_14810	3054804	1647	CDS		GTG	FF956_14810|CP040692_3054804_3056450_+3_GTG_548
CP040692	3057133	TAG	FF956_14815	3056459	675	CDS		ATG	FF956_14815|CP040692_3056459_3057133_+2_ATG_224
CP040692	3058846	TAG	FF956_14820	3057161	1686	CDS		GTG	FF956_14820|CP040692_3057161_3058846_+2_GTG_561
CP040692	3059312	TGA	FF956_14825	3058980	333	CDS		GTG	FF956_14825|CP040692_3058980_3059312_+3_GTG_110
CP040692	3062107	TAA	FF956_14835	3060944	1164	CDS		ATG	FF956_14835|CP040692_3060944_3062107_+2_ATG_387
CP040692	3069666	TAG	FF956_14875	3067981	1686	CDS		ATG	FF956_14875|CP040692_3067981_3069666_+1_ATG_561
CP040692	3070281	TAG	FF956_14880	3069697	585	CDS		GTG	FF956_14880|CP040692_3069697_3070281_+1_GTG_194
CP040692	3072386	TAG	FF956_14890	3071433	954	CDS		GTG	FF956_14890|CP040692_3071433_3072386_+3_GTG_317
CP040692	3075244	TAG	FF956_14905	3073997	1248	CDS		ATG	FF956_14905|CP040692_3073997_3075244_+2_ATG_415
CP040692	3077994	TGA	FF956_14930	3077770	225	CDS		ATG	FF956_14930|CP040692_3077770_3077994_+1_ATG_74
CP040692	3079351	TAA	FF956_14935	3078086	1266	CDS		GTG	FF956_14935|CP040692_3078086_3079351_+2_GTG_421
CP040692	3088910	TAG	FF956_14975	3087294	1617	CDS		ATG	FF956_14975|CP040692_3087294_3088910_+3_ATG_538
CP040692	3090823	TGA	FF956_14980	3089087	1737	CDS		ATG	FF956_14980|CP040692_3089087_3090823_+2_ATG_578
CP040692	3092067	TAA	FF956_14985	3090988	1080	CDS		ATG	FF956_14985|CP040692_3090988_3092067_+1_ATG_359
CP040692	3106120	TGA	FF956_15005	3103301	2820	CDS		GTG	FF956_15005|CP040692_3103301_3106120_+2_GTG_939
CP040692	3108377	TGA	FF956_15020	3107808	570	CDS		ATG	FF956_15020|CP040692_3107808_3108377_+3_ATG_189
CP040692	3110398	TAA	FF956_15025	3108374	2025	CDS		ATG	FF956_15025|CP040692_3108374_3110398_+2_ATG_674
CP040692	3110931	TAA	FF956_15030	3110599	333	CDS		ATG	FF956_15030|CP040692_3110599_3110931_+1_ATG_110
CP040692	3114845	TAA	FF956_15040	3113919	927	CDS		ATG	FF956_15040|CP040692_3113919_3114845_+3_ATG_308
CP040692	3116778	TAG	FF956_15055	3116476	303	CDS		GTG	FF956_15055|CP040692_3116476_3116778_+1_GTG_100
CP040692	3117836	TAG	FF956_15060	3116796	1041	CDS		ATG	FF956_15060|CP040692_3116796_3117836_+3_ATG_346
CP040692	3118513	TAG	FF956_15065	3117908	606	CDS		ATG	FF956_15065|CP040692_3117908_3118513_+2_ATG_201
CP040692	3130316	TAA	FF956_15105	3130032	285	CDS		ATG	FF956_15105|CP040692_3130032_3130316_+3_ATG_94
CP040692	3132421	TGA	FF956_15115	3131738	684	CDS		ATG	FF956_15115|CP040692_3131738_3132421_+2_ATG_227
CP040692	3133544	TAG	FF956_15120	3132429	1116	CDS		GTG	FF956_15120|CP040692_3132429_3133544_+3_GTG_371
CP040692	3135757	TGA	FF956_15145	3135116	642	CDS		ATG	FF956_15145|CP040692_3135116_3135757_+2_ATG_213
CP040692	3136602	TGA	FF956_15150	3135754	849	CDS		GTG	FF956_15150|CP040692_3135754_3136602_+1_GTG_282
CP040692	3137696	TAG	FF956_15160	3136983	714	CDS		ATG	FF956_15160|CP040692_3136983_3137696_+3_ATG_237
CP040692	3140301	TGA	FF956_15170	3138853	1449	CDS		GTG	FF956_15170|CP040692_3138853_3140301_+1_GTG_482
CP040692	3140573	TAA	FF956_15175	3140298	276	CDS		TTG	FF956_15175|CP040692_3140298_3140573_+3_TTG_91
CP040692	3140924	TGA	FF956_15180	3140667	258	CDS		ATG	FF956_15180|CP040692_3140667_3140924_+3_ATG_85
CP040692	3144567	TGA	FF956_15200	3144436	132	CDS		ATG	FF956_15200|CP040692_3144436_3144567_+1_ATG_43
CP040692	3147452	TGA	FF956_15215	3146646	807	CDS		ATG	FF956_15215|CP040692_3146646_3147452_+3_ATG_268
CP040692	3148401	TGA	FF956_15220	3147595	807	CDS		ATG	FF956_15220|CP040692_3147595_3148401_+1_ATG_268
CP040692	3149614	TAG	FF956_15230	3149165	450	CDS		ATG	FF956_15230|CP040692_3149165_3149614_+2_ATG_149
CP040692	3150119	TGA	FF956_15235	3149619	501	CDS		GTG	FF956_15235|CP040692_3149619_3150119_+3_GTG_166
CP040692	3151132	TGA	FF956_15240	3150116	1017	CDS		ATG	FF956_15240|CP040692_3150116_3151132_+2_ATG_338
CP040692	3154332	TAG	FF956_15260	3152476	1857	CDS		ATG	FF956_15260|CP040692_3152476_3154332_+1_ATG_618
CP040692	3157537	TAG	FF956_15270	3155258	2280	CDS		GTG	FF956_15270|CP040692_3155258_3157537_+2_GTG_759
CP040692	3163530	TGA	FF956_15290	3162070	1461	CDS		ATG	FF956_15290|CP040692_3162070_3163530_+1_ATG_486
CP040692	3164987	TAG	FF956_15295	3163632	1356	CDS		ATG	FF956_15295|CP040692_3163632_3164987_+3_ATG_451
CP040692	3166672	TGA	FF956_15300	3165200	1473	CDS		ATG	FF956_15300|CP040692_3165200_3166672_+2_ATG_490
CP040692	3167274	TAG	FF956_15305	3166669	606	CDS		ATG	FF956_15305|CP040692_3166669_3167274_+1_ATG_201
CP040692	3170465	TAG	FF956_15320	3169552	914	CDS	true	ATG	FF956_15320_p|CP040692_3169552_3170465_+1_ATG_304
CP040692	3173745	TGA	FF956_15335	3172975	771	CDS	true	CTG	FF956_15335_p|CP040692_3172975_3173745_+1_CTG_256
CP040692	3174638	TGA	FF956_15340	3173778	861	CDS		GTG	FF956_15340|CP040692_3173778_3174638_+3_GTG_286
CP040692	3175494	TGA	FF956_15350	3175219	276	CDS		ATG	FF956_15350|CP040692_3175219_3175494_+1_ATG_91
CP040692	3179400	TAA	FF956_15380	3178417	984	CDS		GTG	FF956_15380|CP040692_3178417_3179400_+1_GTG_327
CP040692	3181152	TGA	FF956_15390	3180514	639	CDS		ATG	FF956_15390|CP040692_3180514_3181152_+1_ATG_212
CP040692	3182396	TGA	FF956_15395	3181149	1248	CDS		GTG	FF956_15395|CP040692_3181149_3182396_+3_GTG_415
CP040692	3182643	TAA	FF956_15400	3182386	258	CDS		ATG	FF956_15400|CP040692_3182386_3182643_+1_ATG_85
CP040692	3183765	TAG	FF956_15405	3182653	1113	CDS		ATG	FF956_15405|CP040692_3182653_3183765_+1_ATG_370
CP040692	3185638	TGA	FF956_15415	3185318	321	CDS		ATG	FF956_15415|CP040692_3185318_3185638_+2_ATG_106
CP040692	3185949	TAG	FF956_15420	3185638	312	CDS		ATG	FF956_15420|CP040692_3185638_3185949_+1_ATG_103
CP040692	3187218	TGA	FF956_15425	3186061	1158	CDS		TTG	FF956_15425|CP040692_3186061_3187218_+1_TTG_385
CP040692	3189013	TAA	FF956_15435	3187925	1089	CDS		ATG	FF956_15435|CP040692_3187925_3189013_+2_ATG_362
CP040692	3190468	TGA	FF956_15440	3189044	1425	CDS		ATG	FF956_15440|CP040692_3189044_3190468_+2_ATG_474
CP040692	3191346	TGA	FF956_15445	3190465	882	CDS		ATG	FF956_15445|CP040692_3190465_3191346_+1_ATG_293
CP040692	3197361	TAA	FF956_15475	3196423	939	CDS		ATG	FF956_15475|CP040692_3196423_3197361_+1_ATG_312
CP040692	3205044	TAG	FF956_15520	3204775	270	CDS		GTG	FF956_15520|CP040692_3204775_3205044_+1_GTG_89
CP040692	3206688	TGA	FF956_15530	3205960	729	CDS		ATG	FF956_15530|CP040692_3205960_3206688_+1_ATG_242
CP040692	3210460	TGA	FF956_15550	3210026	435	CDS		ATG	FF956_15550|CP040692_3210026_3210460_+2_ATG_144
CP040692	3211140	TAG	FF956_15555	3210646	495	CDS		ATG	FF956_15555|CP040692_3210646_3211140_+1_ATG_164
CP040692	3217018	TAG	FF956_15580	3216074	945	CDS		GTG	FF956_15580|CP040692_3216074_3217018_+2_GTG_314
CP040692	3218288	TGA	FF956_15585	3217071	1218	CDS		ATG	FF956_15585|CP040692_3217071_3218288_+3_ATG_405
CP040692	3221389	TAG	FF956_15600	3220352	1038	CDS		GTG	FF956_15600|CP040692_3220352_3221389_+2_GTG_345
CP040692	3222174	TGA	FF956_15605	3221401	774	CDS		ATG	FF956_15605|CP040692_3221401_3222174_+1_ATG_257
CP040692	3223934	TAG	FF956_15610	3222171	1764	CDS		ATG	FF956_15610|CP040692_3222171_3223934_+3_ATG_587
CP040692	3226275	CAG	FF956_15615	3224296	1980	CDS	true	ATG	FF956_15615_p|CP040692_3224296_3226275_+1_ATG_660
CP040692	3227777	TAA	FF956_15630	3227358	420	CDS		GTG	FF956_15630|CP040692_3227358_3227777_+3_GTG_139
CP040692	3228940	TGA	FF956_15635	3227858	1083	CDS		ATG	FF956_15635|CP040692_3227858_3228940_+2_ATG_360
CP040692	3236077	TGA	FF956_15670	3235913	165	CDS		ATG	FF956_15670|CP040692_3235913_3236077_+2_ATG_54
CP040692	3239686	TGA	FF956_15710	3239060	627	CDS		ATG	FF956_15710|CP040692_3239060_3239686_+2_ATG_208
CP040692	3240736	TGA	FF956_15715	3239981	756	CDS		ATG	FF956_15715|CP040692_3239981_3240736_+2_ATG_251
CP040692	3242571	TAG	FF956_15730	3242368	204	CDS		GTG	FF956_15730|CP040692_3242368_3242571_+1_GTG_67
CP040692	3243643	TGA	FF956_15735	3242528	1116	CDS		GTG	FF956_15735|CP040692_3242528_3243643_+2_GTG_371
CP040692	3246046	TGA	FF956_15745	3245258	789	CDS		TTG	FF956_15745|CP040692_3245258_3246046_+2_TTG_262
CP040692	3248901	TAG	FF956_15760	3247876	1026	CDS		ATG	FF956_15760|CP040692_3247876_3248901_+1_ATG_341
CP040692	3250111	TAG	FF956_15765	3249184	928	CDS	true	GTG	FF956_15765_p|CP040692_3249184_3250111_+1_GTG_309
CP040692	3250374	TGA	FF956_15770	3250156	219	CDS		GTG	FF956_15770|CP040692_3250156_3250374_+1_GTG_72
CP040692	3250519	TGA	FF956_15775	3250280	240	CDS		TTG	FF956_15775|CP040692_3250280_3250519_+2_TTG_79
CP040692	3252134	TAG	FF956_15785	3251307	828	CDS		ATG	FF956_15785|CP040692_3251307_3252134_+3_ATG_275
CP040692	3253386	TGA	FF956_15790	3252211	1176	CDS		ATG	FF956_15790|CP040692_3252211_3253386_+1_ATG_391
CP040692	3253828	TGA	FF956_15795	3253532	297	CDS		ATG	FF956_15795|CP040692_3253532_3253828_+2_ATG_98
CP040692	3254139	TAA	FF956_15800	3253855	285	CDS		ATG	FF956_15800|CP040692_3253855_3254139_+1_ATG_94
CP040692	3255765	TAA	FF956_15805	3254325	1441	CDS	true	GTG	FF956_15805_p|CP040692_3254325_3255765_+3_GTG_480
CP040692	3256720	TGA	FF956_15810	3255947	774	CDS		ATG	FF956_15810|CP040692_3255947_3256720_+2_ATG_257
CP040692	3258257	TGA	FF956_15815	3256728	1530	CDS		ATG	FF956_15815|CP040692_3256728_3258257_+3_ATG_509
CP040692	3265577	TGA	FF956_15845	3262997	2581	CDS	true	GTG	FF956_15845_p|CP040692_3262997_3265577_+2_GTG_860
CP040692	3266254	TAA	FF956_15850	3265574	681	CDS		ATG	FF956_15850|CP040692_3265574_3266254_+2_ATG_226
CP040692	3278108	TGA	FF956_15905	3276621	1488	CDS		ATG	FF956_15905|CP040692_3276621_3278108_+3_ATG_495
CP040692	3279180	TAG	FF956_15910	3278200	981	CDS		TTG	FF956_15910|CP040692_3278200_3279180_+1_TTG_326
CP040692	3279896	TAA	FF956_15915	3279216	681	CDS		TTG	FF956_15915|CP040692_3279216_3279896_+3_TTG_226
CP040692	3280760	TAG	FF956_15920	3280113	648	CDS		ATG	FF956_15920|CP040692_3280113_3280760_+3_ATG_215
CP040692	3281348	TAA	FF956_15925	3280773	576	CDS		ATG	FF956_15925|CP040692_3280773_3281348_+3_ATG_191
CP040692	3283300	TGA	FF956_15935	3283001	300	CDS		ATG	FF956_15935|CP040692_3283001_3283300_+2_ATG_99
CP040692	3289239	TGA	FF956_15965	3287680	1560	CDS		ATG	FF956_15965|CP040692_3287680_3289239_+1_ATG_519
CP040692	3292461	TAG	FF956_15975	3291025	1437	CDS		TTG	FF956_15975|CP040692_3291025_3292461_+1_TTG_478
CP040692	3293713	TAA	FF956_15980	3292535	1179	CDS		GTG	FF956_15980|CP040692_3292535_3293713_+2_GTG_392
CP040692	3296174	TGA	FF956_15990	3294663	1512	CDS		GTG	FF956_15990|CP040692_3294663_3296174_+3_GTG_503
CP040692	3298071	TAA	FF956_16000	3297454	618	CDS		ATG	FF956_16000|CP040692_3297454_3298071_+1_ATG_205
CP040692	3300216	TAG	FF956_16015	3299761	456	CDS		ATG	FF956_16015|CP040692_3299761_3300216_+1_ATG_151
CP040692	3300429	TAG	FF956_16020	3300220	210	CDS		ATG	FF956_16020|CP040692_3300220_3300429_+1_ATG_69
CP040692	3306024	TGA	FF956_16060	3305431	594	CDS		ATG	FF956_16060|CP040692_3305431_3306024_+1_ATG_197
CP040692	3306430	TGA	FF956_16065	3306098	333	CDS		GTG	FF956_16065|CP040692_3306098_3306430_+2_GTG_110
CP040692	3307159	TGA	FF956_16070	3306503	657	CDS		GTG	FF956_16070|CP040692_3306503_3307159_+2_GTG_218
CP040692	3308197	TAG	FF956_16075	3307220	978	CDS		ATG	FF956_16075|CP040692_3307220_3308197_+2_ATG_325
CP040692	3313577	TAG	FF956_16095	3313122	456	CDS		ATG	FF956_16095|CP040692_3313122_3313577_+3_ATG_151
CP040692	3317968	CTG	FF956_16120	3317882	87	CDS	true	ATG	FF956_16120_p|CP040692_3317882_3317968_+2_ATG_29
CP040692	3319524	TGA	FF956_16125	3318151	1374	CDS		ATG	FF956_16125|CP040692_3318151_3319524_+1_ATG_457
CP040692	3319932	TGA	FF956_16135	3319738	195	CDS		ATG	FF956_16135|CP040692_3319738_3319932_+1_ATG_64
CP040692	3320527	GCA	FF956_16140	3320246	282	CDS	true	ATG	FF956_16140_p|CP040692_3320246_3320527_+2_ATG_94
CP040692	3326122	TGA	FF956_16155	3324440	1683	CDS		GTG	FF956_16155|CP040692_3324440_3326122_+2_GTG_560
CP040692	3327267	TGA	FF956_16160	3326119	1149	CDS		GTG	FF956_16160|CP040692_3326119_3327267_+1_GTG_382
CP040692	3328859	TGA	FF956_16165	3327270	1590	CDS		GTG	FF956_16165|CP040692_3327270_3328859_+3_GTG_529
CP040692	3330868	TGA	FF956_16170	3328865	2004	CDS		ATG	FF956_16170|CP040692_3328865_3330868_+2_ATG_667
CP040692	3332031	TGA	FF956_16175	3330865	1167	CDS		GTG	FF956_16175|CP040692_3330865_3332031_+1_GTG_388
CP040692	3332840	TAG	FF956_16180	3332031	810	CDS		ATG	FF956_16180|CP040692_3332031_3332840_+3_ATG_269
CP040692	3337084	TAG	FF956_16205	3336483	602	CDS	true	ATG	FF956_16205_p|CP040692_3336483_3337084_+3_ATG_200
CP040692	3337539	TGA	FF956_16210	3337120	420	CDS		ATG	FF956_16210|CP040692_3337120_3337539_+1_ATG_139
CP040692	3338121	TGA	FF956_16215	3337639	483	CDS		ATG	FF956_16215|CP040692_3337639_3338121_+1_ATG_160
CP040692	3339020	TAA	FF956_16220	3338220	801	CDS		GTG	FF956_16220|CP040692_3338220_3339020_+3_GTG_266
CP040692	3339874	TGA	FF956_16225	3339200	675	CDS		ATG	FF956_16225|CP040692_3339200_3339874_+2_ATG_224
CP040692	3350200	TAG	FF956_16280	3349352	849	CDS		ATG	FF956_16280|CP040692_3349352_3350200_+2_ATG_282
CP040692	3353658	TGA	FF956_16295	3352660	999	CDS		ATG	FF956_16295|CP040692_3352660_3353658_+1_ATG_332
CP040692	3356668	TAA	FF956_16305	3356351	318	CDS		ATG	FF956_16305|CP040692_3356351_3356668_+2_ATG_105
CP040692	3357014	TGA	FF956_16315	3356784	231	CDS		ATG	FF956_16315|CP040692_3356784_3357014_+3_ATG_76
CP040692	3357528	TAG	FF956_16320	3357244	285	CDS		ATG	FF956_16320|CP040692_3357244_3357528_+1_ATG_94
CP040692	3359290	TAG	FF956_16325	3357629	1662	CDS		ATG	FF956_16325|CP040692_3357629_3359290_+2_ATG_553
CP040692	3361618	TGA	FF956_16340	3360578	1041	CDS		GTG	FF956_16340|CP040692_3360578_3361618_+2_GTG_346
CP040692	3362770	TGA	FF956_16350	3361997	774	CDS		GTG	FF956_16350|CP040692_3361997_3362770_+2_GTG_257
CP040692	3363721	TAA	FF956_16355	3362855	867	CDS		GTG	FF956_16355|CP040692_3362855_3363721_+2_GTG_288
CP040692	3369115	TGA	FF956_16370	3368294	822	CDS		ATG	FF956_16370|CP040692_3368294_3369115_+2_ATG_273
CP040692	3374378	TGA	FF956_16395	3373266	1113	CDS		GTG	FF956_16395|CP040692_3373266_3374378_+3_GTG_370
CP040692	3376394	TAA	FF956_16400	3374400	1995	CDS		GTG	FF956_16400|CP040692_3374400_3376394_+3_GTG_664
CP040692	3380474	TGA	FF956_16420	3379683	792	CDS		ATG	FF956_16420|CP040692_3379683_3380474_+3_ATG_263
CP040692	3381604	TGA	FF956_16425	3380528	1077	CDS		ATG	FF956_16425|CP040692_3380528_3381604_+2_ATG_358
CP040692	3382418	TAG	FF956_16430	3381681	738	CDS		ATG	FF956_16430|CP040692_3381681_3382418_+3_ATG_245
CP040692	3383736	TGA	FF956_16435	3382450	1287	CDS		GTG	FF956_16435|CP040692_3382450_3383736_+1_GTG_428
CP040692	3384801	TAG	FF956_16440	3383737	1065	CDS		ATG	FF956_16440|CP040692_3383737_3384801_+1_ATG_354
CP040692	3388817	TGA	FF956_16455	3387498	1320	CDS		ATG	FF956_16455|CP040692_3387498_3388817_+3_ATG_439
CP040692	3392970	TAA	FF956_16485	3392671	300	CDS		ATG	FF956_16485|CP040692_3392671_3392970_+1_ATG_99
CP040692	3394256	TAA	FF956_16490	3392985	1272	CDS		ATG	FF956_16490|CP040692_3392985_3394256_+3_ATG_423
CP040692	3395587	TGA	FF956_16495	3394349	1239	CDS		ATG	FF956_16495|CP040692_3394349_3395587_+2_ATG_412
CP040692	3397097	TGA	FF956_16500	3395589	1509	CDS		ATG	FF956_16500|CP040692_3395589_3397097_+3_ATG_502
CP040692	3397494	TGA	FF956_16505	3397264	231	CDS		GTG	FF956_16505|CP040692_3397264_3397494_+1_GTG_76
CP040692	3407622	TAA	FF956_16550	3406135	1488	CDS		GTG	FF956_16550|CP040692_3406135_3407622_+1_GTG_495
CP040692	3408463	TGA	FF956_16555	3407753	711	CDS		ATG	FF956_16555|CP040692_3407753_3408463_+2_ATG_236
CP040692	3409814	TAG	FF956_16560	3408474	1341	CDS		ATG	FF956_16560|CP040692_3408474_3409814_+3_ATG_446
CP040692	3411874	TAG	FF956_16580	3411611	264	CDS		ATG	FF956_16580|CP040692_3411611_3411874_+2_ATG_87
CP040692	3413507	TAA	FF956_16585	3411900	1608	CDS		ATG	FF956_16585|CP040692_3411900_3413507_+3_ATG_535
CP040692	3418998	TAG	FF956_16605	3418021	978	CDS		ATG	FF956_16605|CP040692_3418021_3418998_+1_ATG_325
CP040692	3421718	TGA	FF956_16620	3420861	858	CDS		GTG	FF956_16620|CP040692_3420861_3421718_+3_GTG_285
CP040692	3424368	TGA	FF956_16625	3421720	2649	CDS		GTG	FF956_16625|CP040692_3421720_3424368_+1_GTG_882
CP040692	3425576	TGA	FF956_16630	3424455	1122	CDS		ATG	FF956_16630|CP040692_3424455_3425576_+3_ATG_373
CP040692	3428803	TAG	FF956_16645	3428345	459	CDS		ATG	FF956_16645|CP040692_3428345_3428803_+2_ATG_152
CP040692	3432892	TAG	FF956_16660	3431762	1131	CDS		ATG	FF956_16660|CP040692_3431762_3432892_+2_ATG_376
CP040692	3433810	TAG	FF956_16665	3433049	762	CDS		ATG	FF956_16665|CP040692_3433049_3433810_+2_ATG_253
CP040692	3435835	TAG	FF956_16685	3435560	276	CDS		ATG	FF956_16685|CP040692_3435560_3435835_+2_ATG_91
CP040692	3437456	TGA	FF956_16690	3436113	1344	CDS		ATG	FF956_16690|CP040692_3436113_3437456_+3_ATG_447
CP040692	3440023	TGA	FF956_16700	3438377	1647	CDS		ATG	FF956_16700|CP040692_3438377_3440023_+2_ATG_548
CP040692	3440508	TGA	FF956_16705	3440020	489	CDS		GTG	FF956_16705|CP040692_3440020_3440508_+1_GTG_162
CP040692	3441768	TAG	FF956_16710	3440608	1161	CDS		GTG	FF956_16710|CP040692_3440608_3441768_+1_GTG_386
CP040692	3443989	TAG	FF956_16720	3443798	192	CDS		TTG	FF956_16720|CP040692_3443798_3443989_+2_TTG_63
CP040692	3445898	TAA	FF956_16725	3444070	1829	CDS	true	ATG	FF956_16725_p|CP040692_3444070_3445898_+1_ATG_609
CP040692	3446981	TGA	FF956_16735	3446589	393	CDS		ATG	FF956_16735|CP040692_3446589_3446981_+3_ATG_130
CP040692	3448060	TAA	FF956_16740	3446978	1083	CDS		ATG	FF956_16740|CP040692_3446978_3448060_+2_ATG_360
CP040692	3448342	TAA	FF956_16745	3448064	279	CDS		GTG	FF956_16745|CP040692_3448064_3448342_+2_GTG_92
CP040692	3450013	TGA	FF956_16750	3448790	1224	CDS		ATG	FF956_16750|CP040692_3448790_3450013_+2_ATG_407
CP040692	3453983	TAA	FF956_16775	3451713	2271	CDS		ATG	FF956_16775|CP040692_3451713_3453983_+3_ATG_756
CP040692	3454203	CGC	FF956_16780	3454100	104	CDS	true	TTG	FF956_16780_p|CP040692_3454100_3454203_+2_TTG_34
CP040692	3455855	TAG	FF956_16785	3454227	1629	CDS		GTG	FF956_16785|CP040692_3454227_3455855_+3_GTG_542
CP040692	3460651	TAG	FF956_16800	3459458	1194	CDS		ATG	FF956_16800|CP040692_3459458_3460651_+2_ATG_397
CP040692	3464941	TGA	FF956_16825	3463259	1683	CDS		GTG	FF956_16825|CP040692_3463259_3464941_+2_GTG_560
CP040692	3466736	TAG	FF956_16840	3465909	828	CDS		GTG	FF956_16840|CP040692_3465909_3466736_+3_GTG_275
CP040692	3471697	TGA	FF956_16865	3470183	1515	CDS		ATG	FF956_16865|CP040692_3470183_3471697_+2_ATG_504
CP040692	3473921	TAG	FF956_16875	3473271	651	CDS		ATG	FF956_16875|CP040692_3473271_3473921_+3_ATG_216
CP040692	3477920	TGA	FF956_16900	3477060	861	CDS		GTG	FF956_16900|CP040692_3477060_3477920_+3_GTG_286
CP040692	3479877	TGA	FF956_16915	3479608	270	CDS		ATG	FF956_16915|CP040692_3479608_3479877_+1_ATG_89
CP040692	3480084	TAG	FF956_16920	3479896	189	CDS		ATG	FF956_16920|CP040692_3479896_3480084_+1_ATG_62
CP040692	3481374	TGA	FF956_16925	3480346	1029	CDS		ATG	FF956_16925|CP040692_3480346_3481374_+1_ATG_342
CP040692	3482167	TAA	FF956_16930	3481445	723	CDS		ATG	FF956_16930|CP040692_3481445_3482167_+2_ATG_240
CP040692	3484157	TGA	FF956_16940	3483606	552	CDS		ATG	FF956_16940|CP040692_3483606_3484157_+3_ATG_183
CP040692	3487898	TAA	FF956_16950	3485250	2649	CDS		ATG	FF956_16950|CP040692_3485250_3487898_+3_ATG_882
CP040692	3492944	TAA	FF956_16985	3492129	816	CDS		ATG	FF956_16985|CP040692_3492129_3492944_+3_ATG_271
CP040692	3494647	TGA	FF956_17000	3494225	423	CDS		ATG	FF956_17000|CP040692_3494225_3494647_+2_ATG_140
CP040692	3495097	TAA	FF956_17005	3494705	393	CDS		ATG	FF956_17005|CP040692_3494705_3495097_+2_ATG_130
CP040692	3496926	TGA	FF956_17015	3496285	642	CDS		GTG	FF956_17015|CP040692_3496285_3496926_+1_GTG_213
CP040692	3498104	TAG	FF956_17020	3497088	1017	CDS		ATG	FF956_17020|CP040692_3497088_3498104_+3_ATG_338
CP040692	3498199	CAG	FF956_17025	3498104	96	CDS	true	GCC	FF956_17025_p|CP040692_3498104_3498199_+2_GCC_32
CP040692	3499361	TGA	FF956_17030	3498192	1170	CDS		ATG	FF956_17030|CP040692_3498192_3499361_+3_ATG_389
CP040692	3501581	TAG	FF956_17035	3499527	2055	CDS		ATG	FF956_17035|CP040692_3499527_3501581_+3_ATG_684
CP040692	3502280	TAG	FF956_17040	3501639	642	CDS		ATG	FF956_17040|CP040692_3501639_3502280_+3_ATG_213
CP040692	3505808	TGA	FF956_17060	3504996	813	CDS		ATG	FF956_17060|CP040692_3504996_3505808_+3_ATG_270
CP040692	3506227	TGA	FF956_17065	3505805	423	CDS		ATG	FF956_17065|CP040692_3505805_3506227_+2_ATG_140
CP040692	3507353	TGA	FF956_17070	3506520	834	CDS		ATG	FF956_17070|CP040692_3506520_3507353_+3_ATG_277
CP040692	3507657	TGA	FF956_17075	3507355	303	CDS		ATG	FF956_17075|CP040692_3507355_3507657_+1_ATG_100
CP040692	3508500	TAA	FF956_17080	3507820	681	CDS		GTG	FF956_17080|CP040692_3507820_3508500_+1_GTG_226
CP040692	3510604	TGA	FF956_17090	3509498	1107	CDS		GTG	FF956_17090|CP040692_3509498_3510604_+2_GTG_368
CP040692	3510933	TAG	FF956_17095	3510751	183	CDS		ATG	FF956_17095|CP040692_3510751_3510933_+1_ATG_60
CP040692	3516106	TGA	FF956_17115	3514508	1599	CDS		ATG	FF956_17115|CP040692_3514508_3516106_+2_ATG_532
CP040692	3520866	TGA	FF956_17135	3520210	657	CDS		ATG	FF956_17135|CP040692_3520210_3520866_+1_ATG_218
CP040692	3523572	TGA	FF956_17150	3522565	1008	CDS		GTG	FF956_17150|CP040692_3522565_3523572_+1_GTG_335
CP040692	3524366	TAA	FF956_17155	3523569	798	CDS		ATG	FF956_17155|CP040692_3523569_3524366_+3_ATG_265
CP040692	3526925	TGA	FF956_17165	3525664	1263	fCDS		ATG	FF956_17165_fCDS|CP040692_3525664_3526925_+1_ATG_420
CP040692	3528700	TAG	FF956_17170	3527201	1500	CDS		ATG	FF956_17170|CP040692_3527201_3528700_+2_ATG_499
CP040692	3530000	TGA	FF956_17180	3529191	810	CDS		ATG	FF956_17180|CP040692_3529191_3530000_+3_ATG_269
CP040692	3531040	TGA	FF956_17185	3529997	1044	CDS		ATG	FF956_17185|CP040692_3529997_3531040_+2_ATG_347
CP040692	3531765	TGA	FF956_17190	3531037	729	CDS		ATG	FF956_17190|CP040692_3531037_3531765_+1_ATG_242
CP040692	3532386	TGA	FF956_17195	3531787	600	CDS		GTG	FF956_17195|CP040692_3531787_3532386_+1_GTG_199
CP040692	3534762	TAG	FF956_17215	3534124	639	CDS		ATG	FF956_17215|CP040692_3534124_3534762_+1_ATG_212
CP040692	3539019	TGA	FF956_17230	3537397	1623	CDS		ATG	FF956_17230|CP040692_3537397_3539019_+1_ATG_540
CP040692	3543167	TAG	FF956_17250	3542547	621	CDS		ATG	FF956_17250|CP040692_3542547_3543167_+3_ATG_206
CP040692	3546855	TGA	FF956_17265	3546076	780	CDS		ATG	FF956_17265|CP040692_3546076_3546855_+1_ATG_259
CP040692	3548398	TAA	FF956_17275	3547488	911	CDS	true	ATG	FF956_17275_p|CP040692_3547488_3548398_+3_ATG_303
CP040692	3549987	TAG	FF956_17280	3548449	1539	CDS		ATG	FF956_17280|CP040692_3548449_3549987_+1_ATG_512
CP040692	3555769	TGA	FF956_17310	3555128	642	CDS		GTG	FF956_17310|CP040692_3555128_3555769_+2_GTG_213
CP040692	3556974	TAA	FF956_17315	3555766	1209	CDS		ATG	FF956_17315|CP040692_3555766_3556974_+1_ATG_402
CP040692	3557801	TAA	FF956_17320	3556974	828	CDS		ATG	FF956_17320|CP040692_3556974_3557801_+3_ATG_275
CP040692	3559156	TAA	FF956_17325	3557801	1356	CDS		ATG	FF956_17325|CP040692_3557801_3559156_+2_ATG_451
CP040692	3559365	TAA	FF956_17330	3559159	207	CDS		ATG	FF956_17330|CP040692_3559159_3559365_+1_ATG_68
CP040692	3559913	TAA	FF956_17335	3559368	546	CDS		GTG	FF956_17335|CP040692_3559368_3559913_+3_GTG_181
CP040692	3561139	TAG	FF956_17340	3560012	1128	CDS		GTG	FF956_17340|CP040692_3560012_3561139_+2_GTG_375
CP040692	3561571	TGA	FF956_17345	3561152	420	CDS		ATG	FF956_17345|CP040692_3561152_3561571_+2_ATG_139
CP040692	3562012	TGA	FF956_17350	3561611	402	CDS		GTG	FF956_17350|CP040692_3561611_3562012_+2_GTG_133
CP040692	3565096	TGA	FF956_17365	3564371	726	CDS		ATG	FF956_17365|CP040692_3564371_3565096_+2_ATG_241
CP040692	3565468	TTA	FF956_17375	3565310	159	CDS	true	ATG	FF956_17375_p|CP040692_3565310_3565468_+2_ATG_53
CP040692	3567764	TAG	FF956_17380	3565797	1968	CDS		ATG	FF956_17380|CP040692_3565797_3567764_+3_ATG_655
CP040692	3571446	TAG	FF956_17390	3569914	1533	CDS		ATG	FF956_17390|CP040692_3569914_3571446_+1_ATG_510
CP040692	3572625	TAG	FF956_17395	3571453	1173	CDS		ATG	FF956_17395|CP040692_3571453_3572625_+1_ATG_390
CP040692	3573520	TAA	FF956_17400	3572636	885	CDS		ATG	FF956_17400|CP040692_3572636_3573520_+2_ATG_294
CP040692	3574130	TAG	FF956_17410	3573993	138	CDS		GTG	FF956_17410|CP040692_3573993_3574130_+3_GTG_45
CP040692	3581191	TAG	FF956_17445	3581045	147	CDS		ATG	FF956_17445|CP040692_3581045_3581191_+2_ATG_48
CP040692	3581810	TGA	FF956_17450	3581304	507	CDS		ATG	FF956_17450|CP040692_3581304_3581810_+3_ATG_168
CP040692	3582364	TAG	FF956_17455	3581807	558	CDS		ATG	FF956_17455|CP040692_3581807_3582364_+2_ATG_185
CP040692	3585571	AGC	FF956_17480	3585443	129	CDS	true	ATG	FF956_17480_p|CP040692_3585443_3585571_+2_ATG_43
CP040692	3592512	TGA	FF956_17530	3591556	957	CDS		ATG	FF956_17530|CP040692_3591556_3592512_+1_ATG_318
CP040692	3595699	TGA	FF956_17545	3594719	981	CDS		GTG	FF956_17545|CP040692_3594719_3595699_+2_GTG_326
CP040692	3596352	TAG	FF956_17550	3595696	657	CDS		ATG	FF956_17550|CP040692_3595696_3596352_+1_ATG_218
CP040692	3597658	TGA	FF956_17555	3596555	1104	CDS		ATG	FF956_17555|CP040692_3596555_3597658_+2_ATG_367
CP040692	3598656	TGA	FF956_17560	3597751	906	CDS		ATG	FF956_17560|CP040692_3597751_3598656_+1_ATG_301
CP040692	3616145	TGA	FF956_17690	3615915	231	CDS		GTG	FF956_17690|CP040692_3615915_3616145_+3_GTG_76
CP040692	3625178	TGA	FF956_17755	3624582	597	CDS		ATG	FF956_17755|CP040692_3624582_3625178_+3_ATG_198
CP040692	3626224	TGA	FF956_17760	3625175	1050	CDS		GTG	FF956_17760|CP040692_3625175_3626224_+2_GTG_349
CP040692	3626483	CAC	FF956_17765	3626345	139	CDS	true	CGG	FF956_17765_p|CP040692_3626345_3626483_+2_CGG_46
CP040692	3627091	TAG	FF956_17770	3626837	255	CDS		GTG	FF956_17770|CP040692_3626837_3627091_+2_GTG_84
CP040692	3636206	TGA	FF956_17815	3635832	375	CDS		GTG	FF956_17815|CP040692_3635832_3636206_+3_GTG_124
CP040692	3636705	TGA	FF956_17820	3636208	498	CDS		GTG	FF956_17820|CP040692_3636208_3636705_+1_GTG_165
CP040692	3637771	TGA	FF956_17830	3637343	429	CDS		ATG	FF956_17830|CP040692_3637343_3637771_+2_ATG_142
CP040692	3640662	TGA	FF956_17835	3637768	2895	CDS		ATG	FF956_17835|CP040692_3637768_3640662_+1_ATG_964
CP040692	3648564	TGA	FF956_17870	3646651	1914	CDS		ATG	FF956_17870|CP040692_3646651_3648564_+1_ATG_637
CP040692	3648931	TAG	FF956_17875	3648611	321	CDS		ATG	FF956_17875|CP040692_3648611_3648931_+2_ATG_106
CP040692	3660479	TGA	FF956_17915	3660111	369	CDS		TTG	FF956_17915|CP040692_3660111_3660479_+3_TTG_122
CP040692	3660913	TGA	FF956_17920	3660476	438	CDS		ATG	FF956_17920|CP040692_3660476_3660913_+2_ATG_145
CP040692	3661268	TGA	FF956_17925	3661023	246	CDS		ATG	FF956_17925|CP040692_3661023_3661268_+3_ATG_81
CP040692	3661563	TGA	FF956_17930	3661255	309	CDS		ATG	FF956_17930|CP040692_3661255_3661563_+1_ATG_102
CP040692	3662555	TGA	FF956_17935	3661839	717	CDS		GTG	FF956_17935|CP040692_3661839_3662555_+3_GTG_238
CP040692	3662786	TAG	FF956_17940	3662631	156	CDS		GTG	FF956_17940|CP040692_3662631_3662786_+3_GTG_51
CP040692	3663264	TAG	FF956_17945	3662881	384	CDS		TTG	FF956_17945|CP040692_3662881_3663264_+1_TTG_127
CP040692	3667014	TGA	FF956_17960	3666319	696	CDS		ATG	FF956_17960|CP040692_3666319_3667014_+1_ATG_231
CP040692	3675630	TAG	FF956_17990	3674164	1467	CDS		ATG	FF956_17990|CP040692_3674164_3675630_+1_ATG_488
CP040692	3676547	TGA	FF956_17995	3675642	906	CDS		GTG	FF956_17995|CP040692_3675642_3676547_+3_GTG_301
CP040692	3677454	TAG	FF956_18000	3676594	861	CDS		ATG	FF956_18000|CP040692_3676594_3677454_+1_ATG_286
CP040692	3678484	TAG	FF956_18005	3677621	864	CDS		ATG	FF956_18005|CP040692_3677621_3678484_+2_ATG_287
CP040692	3679513	TAG	FF956_18010	3678632	882	CDS		ATG	FF956_18010|CP040692_3678632_3679513_+2_ATG_293
CP040692	3680483	TAA	FF956_18015	3679578	906	CDS		ATG	FF956_18015|CP040692_3679578_3680483_+3_ATG_301
CP040692	3686461	TGA	FF956_18080	3685748	714	CDS		GTG	FF956_18080|CP040692_3685748_3686461_+2_GTG_237
CP040692	3687454	TAA	FF956_18085	3686615	840	CDS		ATG	FF956_18085|CP040692_3686615_3687454_+2_ATG_279
CP040692	3688198	TAA	FF956_18090	3687503	696	CDS		ATG	FF956_18090|CP040692_3687503_3688198_+2_ATG_231
CP040692	3691768	TGA	FF956_18095	3688475	3294	CDS		ATG	FF956_18095|CP040692_3688475_3691768_+2_ATG_1097
CP040692	3695052	TGA	FF956_18100	3691768	3285	CDS		ATG	FF956_18100|CP040692_3691768_3695052_+1_ATG_1094
CP040692	3696776	TGA	FF956_18105	3695049	1728	CDS		GTG	FF956_18105|CP040692_3695049_3696776_+3_GTG_575
CP040692	3698020	TGA	FF956_18110	3696869	1152	CDS		GTG	FF956_18110|CP040692_3696869_3698020_+2_GTG_383
CP040692	3699628	TGA	FF956_18125	3698888	741	CDS		ATG	FF956_18125|CP040692_3698888_3699628_+2_ATG_246
CP040692	3702852	TAA	FF956_18150	3702508	345	CDS		ATG	FF956_18150|CP040692_3702508_3702852_+1_ATG_114
CP040692	3706198	TAA	FF956_18175	3705932	267	CDS		GTG	FF956_18175|CP040692_3705932_3706198_+2_GTG_88
CP040692	3709834	TAG	FF956_18190	3707267	2568	CDS		GTG	FF956_18190|CP040692_3707267_3709834_+2_GTG_855
CP040692	3710821	TAG	FF956_18200	3710600	222	CDS		ATG	FF956_18200|CP040692_3710600_3710821_+2_ATG_73
CP040692	3711787	TAA	FF956_18205	3710873	915	CDS		ATG	FF956_18205|CP040692_3710873_3711787_+2_ATG_304
CP040692	3712307	TGA	FF956_18210	3712110	198	CDS		GTG	FF956_18210|CP040692_3712110_3712307_+3_GTG_65
CP040692	3712507	TGA	FF956_18215	3712340	168	CDS		ATA	FF956_18215|CP040692_3712340_3712507_+2_ATA_55
CP040692	3717744	TGA	FF956_18265	3716983	762	CDS		GTG	FF956_18265|CP040692_3716983_3717744_+1_GTG_253
CP040692	3718258	TGA	FF956_18270	3717788	471	CDS		ATG	FF956_18270|CP040692_3717788_3718258_+2_ATG_156
CP040692	3718878	TAG	FF956_18275	3718372	507	CDS		GTG	FF956_18275|CP040692_3718372_3718878_+1_GTG_168
CP040692	3719218	TGA	FF956_18280	3718982	237	CDS		ATG	FF956_18280|CP040692_3718982_3719218_+2_ATG_78
CP040692	3719628	TGA	FF956_18285	3719215	414	CDS		GTG	FF956_18285|CP040692_3719215_3719628_+1_GTG_137
CP040692	3721114	TAA	FF956_18290	3719879	1236	CDS		ATG	FF956_18290|CP040692_3719879_3721114_+2_ATG_411
CP040692	3721554	TGA	FF956_18295	3721297	258	CDS		ATG	FF956_18295|CP040692_3721297_3721554_+1_ATG_85
CP040692	3721943	TGA	FF956_18300	3721551	393	CDS		GTG	FF956_18300|CP040692_3721551_3721943_+3_GTG_130
CP040692	3734897	TAA	FF956_18350	3732510	2388	CDS		ATG	FF956_18350|CP040692_3732510_3734897_+3_ATG_795
CP040692	3738393	TAA	FF956_18360	3737707	687	CDS		ATG	FF956_18360|CP040692_3737707_3738393_+1_ATG_228
CP040692	3739657	TAG	FF956_18375	3739166	492	CDS		ATG	FF956_18375|CP040692_3739166_3739657_+2_ATG_163
CP040692	3744813	TAG	FF956_18390	3740866	3948	CDS		ATG	FF956_18390|CP040692_3740866_3744813_+1_ATG_1315
CP040692	3748230	TGA	FF956_18405	3747064	1167	CDS		GTG	FF956_18405|CP040692_3747064_3748230_+1_GTG_388
CP040692	3749557	TAA	FF956_18410	3748415	1143	CDS		GTG	FF956_18410|CP040692_3748415_3749557_+2_GTG_380
CP040692	3750958	TAG	FF956_18415	3749567	1392	CDS		ATG	FF956_18415|CP040692_3749567_3750958_+2_ATG_463
CP040692	3756539	TAG	FF956_18445	3756048	492	CDS		ATG	FF956_18445|CP040692_3756048_3756539_+3_ATG_163
CP040692	3758077	TGA	FF956_18450	3756617	1461	CDS		ATG	FF956_18450|CP040692_3756617_3758077_+2_ATG_486
CP040692	3759163	TAG	FF956_18455	3758138	1026	CDS		ATG	FF956_18455|CP040692_3758138_3759163_+2_ATG_341
CP040692	3762558	TGA	FF956_18470	3761332	1227	CDS		GTG	FF956_18470|CP040692_3761332_3762558_+1_GTG_408
CP040692	3763308	TGA	FF956_18475	3762583	726	CDS		ATG	FF956_18475|CP040692_3762583_3763308_+1_ATG_241
CP040692	3763680	TAA	FF956_18480	3763342	339	CDS		ATG	FF956_18480|CP040692_3763342_3763680_+1_ATG_112
CP040692	3772991	TAG	FF956_18520	3771276	1716	CDS		ATG	FF956_18520|CP040692_3771276_3772991_+3_ATG_571
CP040692	3773449	TGA	FF956_18525	3773183	267	CDS		TTG	FF956_18525|CP040692_3773183_3773449_+2_TTG_88
CP040692	3773859	TGA	FF956_18530	3773446	414	CDS		GTG	FF956_18530|CP040692_3773446_3773859_+1_GTG_137
CP040692	3775075	TAA	FF956_18535	3774173	903	CDS		TTG	FF956_18535|CP040692_3774173_3775075_+2_TTG_300
CP040692	3776055	TGA	FF956_18540	3775171	885	CDS		GTG	FF956_18540|CP040692_3775171_3776055_+1_GTG_294
CP040692	3776504	TGA	FF956_18545	3776118	387	CDS		ATG	FF956_18545|CP040692_3776118_3776504_+3_ATG_128
CP040692	3777877	TGA	FF956_18550	3776624	1254	CDS		GTG	FF956_18550|CP040692_3776624_3777877_+2_GTG_417
CP040692	3778152	TAG	FF956_18555	3777874	279	CDS		GTG	FF956_18555|CP040692_3777874_3778152_+1_GTG_92
CP040692	3778514	TAG	FF956_18560	3778212	303	CDS		GTG	FF956_18560|CP040692_3778212_3778514_+3_GTG_100
CP040692	3779671	TAG	FF956_18565	3778529	1143	CDS		CTG	FF956_18565|CP040692_3778529_3779671_+2_CTG_380
CP040692	3781032	TAA	FF956_18570	3779683	1350	CDS		GTG	FF956_18570|CP040692_3779683_3781032_+1_GTG_449
CP040692	3785789	TAG	FF956_18590	3784356	1434	CDS		GTG	FF956_18590|CP040692_3784356_3785789_+3_GTG_477
CP040692	3788525	TAA	FF956_18605	3787647	879	CDS		GTG	FF956_18605|CP040692_3787647_3788525_+3_GTG_292
CP040692	3789614	TGA	FF956_18610	3788607	1008	CDS		ATG	FF956_18610|CP040692_3788607_3789614_+3_ATG_335
CP040692	3792060	TAG	FF956_18635	3791899	162	CDS		GTG	FF956_18635|CP040692_3791899_3792060_+1_GTG_53
CP040692	3799855	TAA	FF956_18675	3799460	396	CDS		ATG	FF956_18675|CP040692_3799460_3799855_+2_ATG_131
CP040692	3803009	TAG	FF956_18700	3802107	903	CDS		GTG	FF956_18700|CP040692_3802107_3803009_+3_GTG_300
CP040692	3806122	TAA	FF956_18715	3805646	477	CDS		ATG	FF956_18715|CP040692_3805646_3806122_+2_ATG_158
CP040692	3818717	TGA	FF956_18770	3817596	1122	CDS		ATG	FF956_18770|CP040692_3817596_3818717_+3_ATG_373
CP040692	3819015	ATA	FF956_18775	3818904	112	CDS	true	CCA	FF956_18775_p|CP040692_3818904_3819015_+3_CCA_37
CP040692	3819553	TAG	FF956_18780	3819053	501	CDS		ATG	FF956_18780|CP040692_3819053_3819553_+2_ATG_166
CP040692	3820484	TAA	FF956_18785	3819576	909	CDS		ATG	FF956_18785|CP040692_3819576_3820484_+3_ATG_302
CP040692	3828931	TAG	FF956_18835	3828041	891	CDS		GTG	FF956_18835|CP040692_3828041_3828931_+2_GTG_296
CP040692	3830654	TGA	FF956_18845	3829665	990	CDS		GTG	FF956_18845|CP040692_3829665_3830654_+3_GTG_329
CP040692	3830980	TGA	FF956_18850	3830651	330	CDS		ATG	FF956_18850|CP040692_3830651_3830980_+2_ATG_109
CP040692	3832866	TAG	FF956_18855	3830977	1890	CDS		ATG	FF956_18855|CP040692_3830977_3832866_+1_ATG_629
CP040692	3834065	TGA	FF956_18865	3833859	207	CDS		GTG	FF956_18865|CP040692_3833859_3834065_+3_GTG_68
CP040692	3841516	TAG	FF956_18900	3840761	756	CDS		ATG	FF956_18900|CP040692_3840761_3841516_+2_ATG_251
CP040692	3844574	TGA	FF956_18915	3844050	525	CDS		ATG	FF956_18915|CP040692_3844050_3844574_+3_ATG_174
CP040692	3845710	TGA	FF956_18920	3844868	843	CDS		ATG	FF956_18920|CP040692_3844868_3845710_+2_ATG_280
CP040692	3846753	TGA	FF956_18925	3845707	1047	CDS		GTG	FF956_18925|CP040692_3845707_3846753_+1_GTG_348
CP040692	3851951	TAG	FF956_18960	3851247	705	CDS		GTG	FF956_18960|CP040692_3851247_3851951_+3_GTG_234
CP040692	3852449	TGA	FF956_18965	3851961	489	CDS		ATG	FF956_18965|CP040692_3851961_3852449_+3_ATG_162
CP040692	3852820	TGA	FF956_18970	3852380	441	CDS		GTG	FF956_18970|CP040692_3852380_3852820_+2_GTG_146
CP040692	3853826	TAA	FF956_18975	3852963	864	CDS		ATG	FF956_18975|CP040692_3852963_3853826_+3_ATG_287
CP040692	3859792	TGA	FF956_19000	3858368	1425	CDS		GTG	FF956_19000|CP040692_3858368_3859792_+2_GTG_474
CP040692	3860361	TAG	FF956_19005	3859789	573	CDS		ATG	FF956_19005|CP040692_3859789_3860361_+1_ATG_190
CP040692	3865423	TGA	FF956_19040	3865058	366	CDS		ATG	FF956_19040|CP040692_3865058_3865423_+2_ATG_121
CP040692	3867088	TAA	FF956_19045	3865463	1626	CDS		CTG	FF956_19045|CP040692_3865463_3867088_+2_CTG_541
CP040692	3867330	TGA	FF956_19050	3867157	174	CDS		ATT	FF956_19050|CP040692_3867157_3867330_+1_ATT_57
CP040692	3867598	TGA	FF956_19055	3867317	282	CDS		ATG	FF956_19055|CP040692_3867317_3867598_+2_ATG_93
CP040692	3868785	TAG	FF956_19060	3867871	915	CDS		ATG	FF956_19060|CP040692_3867871_3868785_+1_ATG_304
CP040692	3869299	TAA	FF956_19065	3868853	447	CDS		ATG	FF956_19065|CP040692_3868853_3869299_+2_ATG_148
CP040692	3873186	TGA	FF956_19090	3872764	423	CDS		GTG	FF956_19090|CP040692_3872764_3873186_+1_GTG_140
CP040692	3876086	TGA	FF956_19095	3873183	2904	CDS		GTG	FF956_19095|CP040692_3873183_3876086_+3_GTG_967
CP040692	3877445	TGA	FF956_19100	3876126	1320	CDS		GTG	FF956_19100|CP040692_3876126_3877445_+3_GTG_439
CP040692	3878170	TGA	FF956_19105	3877481	690	CDS		ATC	FF956_19105|CP040692_3877481_3878170_+2_ATC_229
CP040692	3879450	TGA	FF956_19110	3878167	1284	CDS		ATG	FF956_19110|CP040692_3878167_3879450_+1_ATG_427
CP040692	3880229	TGA	FF956_19115	3879459	771	CDS		GTG	FF956_19115|CP040692_3879459_3880229_+3_GTG_256
CP040692	3880841	TGA	FF956_19120	3880278	564	CDS		ATG	FF956_19120|CP040692_3880278_3880841_+3_ATG_187
CP040692	3881583	TGA	FF956_19125	3880885	699	CDS		ATG	FF956_19125|CP040692_3880885_3881583_+1_ATG_232
CP040692	3883923	TAA	FF956_19135	3882460	1464	CDS		GTG	FF956_19135|CP040692_3882460_3883923_+1_GTG_487
CP040692	3884378	TAG	FF956_19140	3883950	429	CDS		GTG	FF956_19140|CP040692_3883950_3884378_+3_GTG_142
CP040692	3887295	TGA	FF956_19150	3886360	936	CDS		ATG	FF956_19150|CP040692_3886360_3887295_+1_ATG_311
CP040692	3888531	TAA	FF956_19155	3887314	1218	CDS		GTG	FF956_19155|CP040692_3887314_3888531_+1_GTG_405
CP040692	3889287	TGA	FF956_19160	3888592	696	CDS		GTG	FF956_19160|CP040692_3888592_3889287_+1_GTG_231
CP040692	3890144	TGA	FF956_19165	3889284	861	CDS		ATG	FF956_19165|CP040692_3889284_3890144_+3_ATG_286
CP040692	3892327	TAG	FF956_19170	3890141	2187	CDS		GTG	FF956_19170|CP040692_3890141_3892327_+2_GTG_728
CP040692	3896871	TAA	FF956_19200	3896278	594	CDS		ATG	FF956_19200|CP040692_3896278_3896871_+1_ATG_197
CP040692	3897779	TAG	FF956_19205	3896871	909	CDS		ATG	FF956_19205|CP040692_3896871_3897779_+3_ATG_302
CP040692	3898657	TAG	FF956_19210	3897782	876	CDS		ATG	FF956_19210|CP040692_3897782_3898657_+2_ATG_291
CP040692	3899301	TAG	FF956_19215	3898858	444	CDS		ATG	FF956_19215|CP040692_3898858_3899301_+1_ATG_147
CP040692	3903972	TGA	FF956_19220	3899353	4620	CDS		ATG	FF956_19220|CP040692_3899353_3903972_+1_ATG_1539
CP040692	3904297	TAA	FF956_19225	3904022	276	CDS		ATG	FF956_19225|CP040692_3904022_3904297_+2_ATG_91
CP040692	3906092	TGA	FF956_19230	3904449	1644	CDS		ATG	FF956_19230|CP040692_3904449_3906092_+3_ATG_547
CP040692	3906916	TGA	FF956_19235	3906119	798	CDS		ATG	FF956_19235|CP040692_3906119_3906916_+2_ATG_265
CP040692	3907542	TGA	FF956_19240	3906913	630	CDS		ATG	FF956_19240|CP040692_3906913_3907542_+1_ATG_209
CP040692	3908113	TAG	FF956_19245	3907703	411	CDS		TTG	FF956_19245|CP040692_3907703_3908113_+2_TTG_136
CP040692	3914324	TGA	FF956_19280	3913656	669	CDS		GTG	FF956_19280|CP040692_3913656_3914324_+3_GTG_222
CP040692	3916374	TGA	FF956_19290	3915055	1320	CDS		GTG	FF956_19290|CP040692_3915055_3916374_+1_GTG_439
CP040692	3917360	TGA	FF956_19295	3916374	987	CDS		ATG	FF956_19295|CP040692_3916374_3917360_+3_ATG_328
CP040692	3919612	TAA	FF956_19300	3917360	2253	CDS		ATG	FF956_19300|CP040692_3917360_3919612_+2_ATG_750
CP040692	3924614	TGA	FF956_19320	3924186	429	CDS		ATG	FF956_19320|CP040692_3924186_3924614_+3_ATG_142
CP040692	3927487	TAG	FF956_19325	3924611	2877	CDS		GTG	FF956_19325|CP040692_3924611_3927487_+2_GTG_958
CP040692	3929276	TAG	FF956_19335	3928089	1188	CDS		ATG	FF956_19335|CP040692_3928089_3929276_+3_ATG_395
CP040692	3930515	TAG	FF956_19340	3929286	1230	CDS		ATG	FF956_19340|CP040692_3929286_3930515_+3_ATG_409
CP040692	3931163	TAG	FF956_19345	3930522	642	CDS		ATG	FF956_19345|CP040692_3930522_3931163_+3_ATG_213
CP040692	3931578	TAG	FF956_19355	3931384	195	CDS		ATG	FF956_19355|CP040692_3931384_3931578_+1_ATG_64
CP040692	3933720	TGA	FF956_19375	3933001	720	CDS		ATG	FF956_19375|CP040692_3933001_3933720_+1_ATG_239
CP040692	3936615	TAG	FF956_19385	3935203	1413	CDS		ATG	FF956_19385|CP040692_3935203_3936615_+1_ATG_470
CP040692	3939648	TGA	FF956_19405	3939439	210	CDS		TTG	FF956_19405|CP040692_3939439_3939648_+1_TTG_69
CP040692	3941163	TAG	FF956_19410	3939841	1323	CDS		ATG	FF956_19410|CP040692_3939841_3941163_+1_ATG_440
CP040692	3948379	TGA	FF956_19425	3945833	2547	CDS		GTG	FF956_19425|CP040692_3945833_3948379_+2_GTG_848
CP040692	3949374	TGA	FF956_19430	3948520	855	CDS		ATG	FF956_19430|CP040692_3948520_3949374_+1_ATG_284
CP040692	3949994	TAG	FF956_19435	3949455	540	CDS		GTG	FF956_19435|CP040692_3949455_3949994_+3_GTG_179
CP040692	3950920	TGA	FF956_19440	3950012	909	CDS		GTG	FF956_19440|CP040692_3950012_3950920_+2_GTG_302
CP040692	3951567	TAG	FF956_19445	3951016	552	CDS		GTG	FF956_19445|CP040692_3951016_3951567_+1_GTG_183
CP040692	3954605	TGA	FF956_19465	3953463	1143	CDS		ATG	FF956_19465|CP040692_3953463_3954605_+3_ATG_380
CP040692	3955541	TGA	FF956_19470	3954639	903	CDS		ATG	FF956_19470|CP040692_3954639_3955541_+3_ATG_300
CP040692	3956035	TGA	FF956_19475	3955556	480	CDS		ATG	FF956_19475|CP040692_3955556_3956035_+2_ATG_159
CP040692	3958431	TAG	FF956_19480	3956032	2400	CDS		ATG	FF956_19480|CP040692_3956032_3958431_+1_ATG_799
CP040692	3959205	TGA	FF956_19485	3958450	756	CDS		ATG	FF956_19485|CP040692_3958450_3959205_+1_ATG_251
CP040692	3959795	TGA	FF956_19490	3959202	594	CDS		ATG	FF956_19490|CP040692_3959202_3959795_+3_ATG_197
CP040692	3960688	TGA	FF956_19495	3959792	897	CDS		GTG	FF956_19495|CP040692_3959792_3960688_+2_GTG_298
CP040692	3961304	TGA	FF956_19500	3960702	603	CDS		ATG	FF956_19500|CP040692_3960702_3961304_+3_ATG_200
CP040692	3962521	TAG	FF956_19505	3961310	1212	CDS		ATG	FF956_19505|CP040692_3961310_3962521_+2_ATG_403
CP040692	3962991	TGA	FF956_19510	3962602	390	CDS		GTG	FF956_19510|CP040692_3962602_3962991_+1_GTG_129
CP040692	3963613	TAA	FF956_19515	3963020	594	CDS		GTG	FF956_19515|CP040692_3963020_3963613_+2_GTG_197
CP040692	3964768	TAA	FF956_19520	3963638	1131	CDS		ATG	FF956_19520|CP040692_3963638_3964768_+2_ATG_376
CP040692	3966570	TAA	FF956_19530	3965536	1035	CDS		ATG	FF956_19530|CP040692_3965536_3966570_+1_ATG_344
CP040692	3969533	TGA	FF956_19545	3969096	438	CDS		GTG	FF956_19545|CP040692_3969096_3969533_+3_GTG_145
CP040692	3972364	TGA	FF956_19560	3971066	1299	CDS		ATG	FF956_19560|CP040692_3971066_3972364_+2_ATG_432
CP040692	3973005	TAG	FF956_19565	3972361	645	CDS		GTG	FF956_19565|CP040692_3972361_3973005_+1_GTG_214
CP040692	3983619	TAA	FF956_19570	3973156	10464	CDS		ATG	FF956_19570|CP040692_3973156_3983619_+1_ATG_3487
CP040692	3992210	TGA	FF956_19610	3990747	1464	CDS		ATG	FF956_19610|CP040692_3990747_3992210_+3_ATG_487
CP040692	3993331	TGA	FF956_19620	3992771	561	CDS		GTG	FF956_19620|CP040692_3992771_3993331_+2_GTG_186
CP040692	4001762	TGA	FF956_19645	3999264	2499	CDS		GTG	FF956_19645|CP040692_3999264_4001762_+3_GTG_832
CP040692	4004519	TGA	FF956_19650	4001871	2649	CDS		GTG	FF956_19650|CP040692_4001871_4004519_+3_GTG_882
CP040692	4005839	TAG	FF956_19655	4004550	1290	CDS		GTG	FF956_19655|CP040692_4004550_4005839_+3_GTG_429
CP040692	4008176	TAA	FF956_19670	4007874	303	CDS		GTG	FF956_19670|CP040692_4007874_4008176_+3_GTG_100
CP040692	4012364	TAA	FF956_19695	4011624	741	CDS		ATG	FF956_19695|CP040692_4011624_4012364_+3_ATG_246
CP040692	4013017	TGA	FF956_19700	4012391	627	CDS		ATG	FF956_19700|CP040692_4012391_4013017_+2_ATG_208
CP040692	4015015	TAG	FF956_19710	4013666	1350	CDS		ATG	FF956_19710|CP040692_4013666_4015015_+2_ATG_449
CP040692	4017131	TAA	FF956_19725	4016460	672	CDS		ATG	FF956_19725|CP040692_4016460_4017131_+3_ATG_223
CP040692	4021406	TGA	FF956_19750	4020612	795	CDS		TTG	FF956_19750|CP040692_4020612_4021406_+3_TTG_264
CP040692	4022538	TAA	FF956_19760	4021768	771	CDS		GTG	FF956_19760|CP040692_4021768_4022538_+1_GTG_256
CP040692	4024832	TGA	FF956_19775	4024170	663	CDS		ATG	FF956_19775|CP040692_4024170_4024832_+3_ATG_220
CP040692	4029054	TGA	FF956_19795	4028563	492	CDS		GTG	FF956_19795|CP040692_4028563_4029054_+1_GTG_163
CP040692	4031138	TGA	FF956_19810	4030656	483	CDS		ATG	FF956_19810|CP040692_4030656_4031138_+3_ATG_160
CP040692	4041545	TAA	FF956_19820	4032000	9546	CDS		ATG	FF956_19820|CP040692_4032000_4041545_+3_ATG_3181
CP040692	4047808	TAG	FF956_19860	4046411	1398	CDS	true	GTG	FF956_19860_p|CP040692_4046411_4047808_+2_GTG_465
CP040692	4048621	TGA	FF956_19865	4047818	804	CDS		ATG	FF956_19865|CP040692_4047818_4048621_+2_ATG_267
CP040692	4050704	TGA	FF956_19875	4049502	1203	CDS		ATG	FF956_19875|CP040692_4049502_4050704_+3_ATG_400
CP040692	4071240	TAA	FF956_19950	4068493	2748	CDS		ATG	FF956_19950|CP040692_4068493_4071240_+1_ATG_915
CP040692	4074189	TAG	FF956_19955	4071490	2700	CDS		ATG	FF956_19955|CP040692_4071490_4074189_+1_ATG_899
CP040692	4077269	TAG	FF956_19960	4074453	2817	CDS		ATG	FF956_19960|CP040692_4074453_4077269_+3_ATG_938
CP040692	4077546	TGA	FF956_19965	4077364	183	CDS		CTG	FF956_19965|CP040692_4077364_4077546_+1_CTG_60
CP040692	4077998	TAG	FF956_19970	4077570	429	CDS		ATG	FF956_19970|CP040692_4077570_4077998_+3_ATG_142
CP040692	4079773	TAG	FF956_19980	4079048	726	CDS		ATG	FF956_19980|CP040692_4079048_4079773_+2_ATG_241
CP040692	4081001	TGA	FF956_19990	4080381	621	CDS		GTG	FF956_19990|CP040692_4080381_4081001_+3_GTG_206
CP040692	4082131	TGA	FF956_19995	4080998	1134	CDS		TTG	FF956_19995|CP040692_4080998_4082131_+2_TTG_377
CP040692	4084440	TAA	FF956_20000	4082245	2196	CDS		ATG	FF956_20000|CP040692_4082245_4084440_+1_ATG_731
CP040692	4087368	TGA	FF956_20010	4086175	1194	CDS		ATG	FF956_20010|CP040692_4086175_4087368_+1_ATG_397
CP040692	4087942	TGA	FF956_20015	4087433	510	CDS		GTG	FF956_20015|CP040692_4087433_4087942_+2_GTG_169
CP040692	4093181	TAA	FF956_20025	4089552	3630	CDS		GTG	FF956_20025|CP040692_4089552_4093181_+3_GTG_1209
CP040692	4094195	TGA	FF956_20030	4093203	993	CDS		GTG	FF956_20030|CP040692_4093203_4094195_+3_GTG_330
CP040692	4094923	TGA	FF956_20035	4094291	633	CDS		ATG	FF956_20035|CP040692_4094291_4094923_+2_ATG_210
CP040692	4095842	TAG	FF956_20040	4094940	903	CDS		ATG	FF956_20040|CP040692_4094940_4095842_+3_ATG_300
CP040692	4096397	TAA	FF956_20045	4095852	546	CDS		GTG	FF956_20045|CP040692_4095852_4096397_+3_GTG_181
CP040692	4097947	TAG	FF956_20050	4096538	1410	CDS		ATG	FF956_20050|CP040692_4096538_4097947_+2_ATG_469
CP040692	4099192	TGA	FF956_20055	4098047	1146	CDS		ATG	FF956_20055|CP040692_4098047_4099192_+2_ATG_381
CP040692	4099932	TGA	FF956_20060	4099189	744	CDS		ATG	FF956_20060|CP040692_4099189_4099932_+1_ATG_247
CP040692	4100412	TAG	FF956_20065	4099957	456	CDS		ATG	FF956_20065|CP040692_4099957_4100412_+1_ATG_151
CP040692	4102828	TGA	FF956_20070	4101159	1670	CDS	true	ATG	FF956_20070_p|CP040692_4101159_4102828_+3_ATG_556
CP040692	4104331	TGA	FF956_20075	4102847	1485	CDS		ATG	FF956_20075|CP040692_4102847_4104331_+2_ATG_494
CP040692	4104880	TGA	FF956_20080	4104356	525	CDS		GTG	FF956_20080|CP040692_4104356_4104880_+2_GTG_174
CP040692	4108532	TAG	FF956_20095	4108053	480	CDS		ATG	FF956_20095|CP040692_4108053_4108532_+3_ATG_159
CP040692	4108970	TGA	FF956_20100	4108677	294	CDS		TTG	FF956_20100|CP040692_4108677_4108970_+3_TTG_97
CP040692	4109871	TGA	FF956_20105	4109050	822	CDS		ATG	FF956_20105|CP040692_4109050_4109871_+1_ATG_273
CP040692	4111842	TAA	FF956_20110	4109902	1941	CDS		ATG	FF956_20110|CP040692_4109902_4111842_+1_ATG_646
CP040692	4112589	TAA	FF956_20115	4111843	747	CDS		ATG	FF956_20115|CP040692_4111843_4112589_+1_ATG_248
CP040692	4116907	TGA	FF956_20130	4115072	1836	CDS		GTG	FF956_20130|CP040692_4115072_4116907_+2_GTG_611
CP040692	4120041	TGA	FF956_20140	4118677	1365	CDS		GTG	FF956_20140|CP040692_4118677_4120041_+1_GTG_454
CP040692	4120894	TAG	FF956_20145	4120052	843	CDS		GTG	FF956_20145|CP040692_4120052_4120894_+2_GTG_280
CP040692	4123808	TAG	FF956_20170	4123635	174	CDS		ATG	FF956_20170|CP040692_4123635_4123808_+3_ATG_57
CP040692	4128057	TAG	FF956_20175	4123855	4203	CDS		GTG	FF956_20175|CP040692_4123855_4128057_+1_GTG_1400
CP040692	4129540	TGA	FF956_20180	4128092	1449	CDS		ATG	FF956_20180|CP040692_4128092_4129540_+2_ATG_482
CP040692	4131101	TAG	FF956_20185	4129566	1536	CDS		ATG	FF956_20185|CP040692_4129566_4131101_+3_ATG_511
CP040692	4135723	TGA	FF956_20205	4134743	981	CDS		GTG	FF956_20205|CP040692_4134743_4135723_+2_GTG_326
CP040692	4135996	TGA	FF956_20210	4135802	195	CDS		ATG	FF956_20210|CP040692_4135802_4135996_+2_ATG_64
CP040692	4136400	TAG	FF956_20215	4135987	414	CDS		ATG	FF956_20215|CP040692_4135987_4136400_+1_ATG_137
CP040692	4139132	TAA	FF956_20225	4137867	1266	CDS		ATG	FF956_20225|CP040692_4137867_4139132_+3_ATG_421
CP040692	4140872	TAA	FF956_20230	4139142	1731	CDS		GTG	FF956_20230|CP040692_4139142_4140872_+3_GTG_576
CP040692	4142843	TAA	FF956_20240	4142079	765	CDS		GTG	FF956_20240|CP040692_4142079_4142843_+3_GTG_254
CP040692	4144405	TAG	FF956_20245	4142942	1464	CDS		ATG	FF956_20245|CP040692_4142942_4144405_+2_ATG_487
CP040692	4150782	TAG	FF956_20275	4149874	909	CDS		GTG	FF956_20275|CP040692_4149874_4150782_+1_GTG_302
CP040692	4153015	TAG	FF956_20285	4151849	1167	CDS		GTG	FF956_20285|CP040692_4151849_4153015_+2_GTG_388
CP040692	4156088	TGA	FF956_20295	4154757	1332	CDS		ATG	FF956_20295|CP040692_4154757_4156088_+3_ATG_443
CP040692	4157056	TAA	FF956_20300	4156085	972	CDS		GTG	FF956_20300|CP040692_4156085_4157056_+2_GTG_323
CP040692	4162505	TGA	FF956_20320	4161714	792	CDS		ATG	FF956_20320|CP040692_4161714_4162505_+3_ATG_263
CP040692	4163236	TGA	FF956_20325	4162508	729	CDS		ATG	FF956_20325|CP040692_4162508_4163236_+2_ATG_242
CP040692	4166136	TAA	FF956_20330	4163302	2835	CDS		GTG	FF956_20330|CP040692_4163302_4166136_+1_GTG_944
CP040692	4168644	TAG	FF956_20340	4167361	1284	CDS		ATG	FF956_20340|CP040692_4167361_4168644_+1_ATG_427
CP040692	4172228	TGA	FF956_20350	4169328	2901	CDS		ATG	FF956_20350|CP040692_4169328_4172228_+3_ATG_966
CP040692	4172728	TAG	FF956_20355	4172225	504	CDS		GTG	FF956_20355|CP040692_4172225_4172728_+2_GTG_167
CP040692	4176104	TAG	FF956_20370	4174113	1992	CDS		GTG	FF956_20370|CP040692_4174113_4176104_+3_GTG_663
CP040692	4185899	TAA	FF956_20395	4184052	1848	CDS		GTG	FF956_20395|CP040692_4184052_4185899_+3_GTG_615
CP040692	4190628	TAG	FF956_20415	4188901	1728	CDS		ATG	FF956_20415|CP040692_4188901_4190628_+1_ATG_575
CP040692	4192234	TAG	FF956_20430	4192073	162	CDS		ATG	FF956_20430|CP040692_4192073_4192234_+2_ATG_53
CP040692	4197596	TGA	FF956_20455	4196484	1113	CDS		ATG	FF956_20455|CP040692_4196484_4197596_+3_ATG_370
CP040692	4198347	TAG	FF956_20460	4197613	735	CDS		ATG	FF956_20460|CP040692_4197613_4198347_+1_ATG_244
CP040692	4199732	TAA	FF956_20465	4198374	1359	CDS		ATG	FF956_20465|CP040692_4198374_4199732_+3_ATG_452
CP040692	4200921	TAA	FF956_20470	4199812	1110	CDS		ATG	FF956_20470|CP040692_4199812_4200921_+1_ATG_369
CP040692	4216501	TGA	FF956_20540	4215809	693	CDS		GTG	FF956_20540|CP040692_4215809_4216501_+2_GTG_230
CP040692	4217124	TAG	FF956_20550	4216939	186	CDS		TTG	FF956_20550|CP040692_4216939_4217124_+1_TTG_61
CP040692	4218642	TAA	FF956_20560	4217491	1152	CDS		GTG	FF956_20560|CP040692_4217491_4218642_+1_GTG_383
CP040692	4221695	TGA	FF956_20570	4220187	1509	CDS		ATG	FF956_20570|CP040692_4220187_4221695_+3_ATG_502
CP040692	4223193	TGA	FF956_20575	4221787	1407	CDS		ATG	FF956_20575|CP040692_4221787_4223193_+1_ATG_468
CP040692	4224131	TGA	FF956_20585	4224006	126	CDS		ATG	FF956_20585|CP040692_4224006_4224131_+3_ATG_41
CP040692	4228639	TGA	FF956_20610	4227428	1212	CDS		ATG	FF956_20610|CP040692_4227428_4228639_+2_ATG_403
CP040692	4229471	TGA	FF956_20615	4228641	831	CDS		ATG	FF956_20615|CP040692_4228641_4229471_+3_ATG_276
CP040692	4229821	TAG	FF956_20620	4229597	225	CDS		ATG	FF956_20620|CP040692_4229597_4229821_+2_ATG_74
CP040692	4231307	TGA	FF956_20625	4229730	1578	CDS		ATG	FF956_20625|CP040692_4229730_4231307_+3_ATG_525
CP040692	4233083	TGA	FF956_20630	4231317	1767	CDS		ATG	FF956_20630|CP040692_4231317_4233083_+3_ATG_588
CP040692	4233961	TAG	FF956_20640	4233674	288	CDS		ATG	FF956_20640|CP040692_4233674_4233961_+2_ATG_95
CP040692	4241921	TAG	FF956_20675	4240443	1479	CDS		ATG	FF956_20675|CP040692_4240443_4241921_+3_ATG_492
CP040692	4243354	TGA	FF956_20685	4242944	411	CDS		ATG	FF956_20685|CP040692_4242944_4243354_+2_ATG_136
CP040692	4245913	TGA	FF956_20705	4245365	549	CDS		ATG	FF956_20705|CP040692_4245365_4245913_+2_ATG_182
CP040692	4247981	TAG	FF956_20715	4247376	606	CDS		GTG	FF956_20715|CP040692_4247376_4247981_+3_GTG_201
CP040692	4250925	TGA	FF956_20730	4249843	1083	CDS		ATG	FF956_20730|CP040692_4249843_4250925_+1_ATG_360
CP040692	4252310	TGA	FF956_20735	4250967	1344	CDS		ATG	FF956_20735|CP040692_4250967_4252310_+3_ATG_447
CP040692	4254047	TGA	FF956_20745	4253025	1023	CDS		ATG	FF956_20745|CP040692_4253025_4254047_+3_ATG_340
CP040692	4262897	TGA	FF956_20790	4262463	435	CDS		GTG	FF956_20790|CP040692_4262463_4262897_+3_GTG_144
CP040692	4265178	TAG	FF956_20795	4263034	2145	CDS		ATG	FF956_20795|CP040692_4263034_4265178_+1_ATG_714
CP040692	4268677	TGA	FF956_20805	4266929	1749	CDS		ATG	FF956_20805|CP040692_4266929_4268677_+2_ATG_582
CP040692	4270538	TAG	FF956_20815	4269783	756	CDS		ATG	FF956_20815|CP040692_4269783_4270538_+3_ATG_251
CP040692	4279912	TGA	FF956_20860	4279703	210	CDS		TTG	FF956_20860|CP040692_4279703_4279912_+2_TTG_69
CP040692	4285143	TAG	FF956_20865	4280266	4878	CDS		GTG	FF956_20865|CP040692_4280266_4285143_+1_GTG_1625
CP040692	4286828	TGA	FF956_20875	4286544	285	CDS		ATG	FF956_20875|CP040692_4286544_4286828_+3_ATG_94
CP040692	4286955	CGA	FF956_20880	4286838	118	CDS	true	ATG	FF956_20880_p|CP040692_4286838_4286955_+3_ATG_39
CP040692	4290892	TAG	FF956_20890	4288634	2259	CDS		GTG	FF956_20890|CP040692_4288634_4290892_+2_GTG_752
CP040692	4306002	TAG	FF956_20930	4305592	411	CDS		GTG	FF956_20930|CP040692_4305592_4306002_+1_GTG_136
CP040692	4307097	TGA	FF956_20935	4306144	954	CDS		GTG	FF956_20935|CP040692_4306144_4307097_+1_GTG_317
CP040692	4307992	TAG	FF956_20940	4307144	849	CDS		GTG	FF956_20940|CP040692_4307144_4307992_+2_GTG_282
CP040692	4323010	TGA	FF956_21020	4322804	207	CDS		GTG	FF956_21020|CP040692_4322804_4323010_+2_GTG_68
CP040692	4323600	TGA	FF956_21025	4323007	594	CDS		ATG	FF956_21025|CP040692_4323007_4323600_+1_ATG_197
CP040692	4325172	TAG	FF956_21035	4324342	831	CDS		ATG	FF956_21035|CP040692_4324342_4325172_+1_ATG_276
CP040692	4325625	TGA	FF956_21040	4325236	390	CDS		ATG	FF956_21040|CP040692_4325236_4325625_+1_ATG_129
CP040692	4333212	TGA	FF956_21075	4331935	1278	CDS		ATG	FF956_21075|CP040692_4331935_4333212_+1_ATG_425
CP040692	4334594	TGA	FF956_21080	4333209	1386	CDS		ATG	FF956_21080|CP040692_4333209_4334594_+3_ATG_461
CP040692	4336202	TGA	FF956_21090	4335633	570	CDS		TTG	FF956_21090|CP040692_4335633_4336202_+3_TTG_189
CP040692	4338557	TGA	FF956_21095	4336320	2238	CDS		ATG	FF956_21095|CP040692_4336320_4338557_+3_ATG_745
CP040692	4345468	TGA	FF956_21130	4345256	213	CDS		GTG	FF956_21130|CP040692_4345256_4345468_+2_GTG_70
CP040692	4345856	TGA	FF956_21135	4345518	339	CDS		ATG	FF956_21135|CP040692_4345518_4345856_+3_ATG_112
CP040692	4359048	TGA	FF956_21200	4358179	870	CDS		GTG	FF956_21200|CP040692_4358179_4359048_+1_GTG_289
CP040692	4359691	TAA	FF956_21205	4359149	543	CDS		ATG	FF956_21205|CP040692_4359149_4359691_+2_ATG_180
CP040692	4360855	TAG	FF956_21210	4359752	1104	CDS		ATG	FF956_21210|CP040692_4359752_4360855_+2_ATG_367
CP040692	4361833	TGA	FF956_21215	4360937	897	CDS		GTG	FF956_21215|CP040692_4360937_4361833_+2_GTG_298
CP040692	4362643	TGA	FF956_21220	4361849	795	CDS		ATG	FF956_21220|CP040692_4361849_4362643_+2_ATG_264
CP040692	4363510	TAA	FF956_21225	4362776	735	CDS		ATG	FF956_21225|CP040692_4362776_4363510_+2_ATG_244
CP040692	4364295	TGA	FF956_21230	4363669	627	CDS		ATG	FF956_21230|CP040692_4363669_4364295_+1_ATG_208
CP040692	4368443	TAG	FF956_21240	4367511	933	CDS		ATG	FF956_21240|CP040692_4367511_4368443_+3_ATG_310
CP040692	4368872	TGA	FF956_21245	4368525	348	CDS		ATG	FF956_21245|CP040692_4368525_4368872_+3_ATG_115
CP040692	4370999	TAG	FF956_21255	4369674	1326	CDS		GTG	FF956_21255|CP040692_4369674_4370999_+3_GTG_441
CP040692	4371820	TGA	FF956_21260	4371047	774	CDS		ATG	FF956_21260|CP040692_4371047_4371820_+2_ATG_257
CP040692	4376984	TAG	FF956_21285	4376727	258	CDS		TTG	FF956_21285|CP040692_4376727_4376984_+3_TTG_85
CP040692	4383865	TGA	FF956_21335	4383446	420	CDS	true	ATG	FF956_21335_p|CP040692_4383446_4383865_+2_ATG_139
CP040692	4384975	TAA	FF956_21340	4384007	969	CDS		GTG	FF956_21340|CP040692_4384007_4384975_+2_GTG_322
CP040692	4387009	TGA	FF956_21350	4385444	1566	CDS		ATG	FF956_21350|CP040692_4385444_4387009_+2_ATG_521
CP040692	4387600	TGA	FF956_21355	4387133	468	CDS		ATG	FF956_21355|CP040692_4387133_4387600_+2_ATG_155
CP040692	4389233	TGA	FF956_21360	4387689	1545	CDS		GTG	FF956_21360|CP040692_4387689_4389233_+3_GTG_514
CP040692	4390639	TGA	FF956_21365	4389230	1410	CDS		ATG	FF956_21365|CP040692_4389230_4390639_+2_ATG_469
CP040692	4392111	TGA	FF956_21370	4390636	1476	CDS		ATG	FF956_21370|CP040692_4390636_4392111_+1_ATG_491
CP040692	4393403	TGA	FF956_21375	4392108	1296	CDS		ATG	FF956_21375|CP040692_4392108_4393403_+3_ATG_431
CP040692	4395280	TAG	FF956_21380	4393400	1881	CDS		ATG	FF956_21380|CP040692_4393400_4395280_+2_ATG_626
CP040692	4397156	TGA	FF956_21395	4396875	282	CDS		ATG	FF956_21395|CP040692_4396875_4397156_+3_ATG_93
CP040692	4397737	TGA	FF956_21400	4397312	426	CDS		ATG	FF956_21400|CP040692_4397312_4397737_+2_ATG_141
CP040692	4397846	TAG	FF956_21405	4397664	183	CDS		ATC	FF956_21405|CP040692_4397664_4397846_+3_ATC_60
CP040692	4398996	TGA	FF956_21415	4398559	438	CDS		ATG	FF956_21415|CP040692_4398559_4398996_+1_ATG_145
CP040692	4399315	TAG	FF956_21420	4399178	138	CDS		GTG	FF956_21420|CP040692_4399178_4399315_+2_GTG_45
CP040692	-201	TAG	FF956_00005	-1724	1524	CDS		TTG	FF956_00005|CP040692_1724_201_-2_TTG_507
CP040692	-2091	TAA	FF956_00010	-2312	222	CDS		ATG	FF956_00010|CP040692_2312_2091_-2_ATG_73
CP040692	-8845	TAA	FF956_00065	-10065	1221	CDS		ATG	FF956_00065|CP040692_10065_8845_-1_ATG_406
CP040692	-10175	TAG	FF956_00070	-10525	351	CDS		ATG	FF956_00070|CP040692_10525_10175_-3_ATG_116
CP040692	-10522	TGA	FF956_00075	-11529	1008	CDS		ATG	FF956_00075|CP040692_11529_10522_-1_ATG_335
CP040692	-11623	TGA	FF956_00080	-12387	765	CDS		ATG	FF956_00080|CP040692_12387_11623_-1_ATG_254
CP040692	-12480	TGA	FF956_00085	-13070	591	CDS		ATG	FF956_00085|CP040692_13070_12480_-2_ATG_196
CP040692	-13105	TGA	FF956_00090	-16659	3555	CDS		ATG	FF956_00090|CP040692_16659_13105_-1_ATG_1184
CP040692	-16656	TGA	FF956_00095	-19064	2409	CDS		GTG	FF956_00095|CP040692_19064_16656_-2_GTG_802
CP040692	-19061	TGA	FF956_00100	-19807	747	CDS		GTG	FF956_00100|CP040692_19807_19061_-3_GTG_248
CP040692	-19956	TGA	FF956_00105	-20168	213	CDS		ATG	FF956_00105|CP040692_20168_19956_-2_ATG_70
CP040692	-56708	TAG	FF956_00265	-57550	843	CDS		ATG	FF956_00265|CP040692_57550_56708_-3_ATG_280
CP040692	-57701	TGA	FF956_00270	-59236	1536	CDS		TTG	FF956_00270|CP040692_59236_57701_-3_TTG_511
CP040692	-59233	TGA	FF956_00275	-61233	2001	CDS		ATG	FF956_00275|CP040692_61233_59233_-1_ATG_666
CP040692	-61347	TAG	FF956_00280	-61634	288	CDS		ATG	FF956_00280|CP040692_61634_61347_-2_ATG_95
CP040692	-61667	TGA	FF956_00285	-61969	303	CDS		ATG	FF956_00285|CP040692_61969_61667_-3_ATG_100
CP040692	-62062	TGA	FF956_00290	-63168	1107	CDS		ATG	FF956_00290|CP040692_63168_62062_-1_ATG_368
CP040692	-63202	TAA	FF956_00295	-63498	297	CDS		ATG	FF956_00295|CP040692_63498_63202_-1_ATG_98
CP040692	-63641	TAA	FF956_00300	-65416	1776	CDS		ATG	FF956_00300|CP040692_65416_63641_-3_ATG_591
CP040692	-65432	TGA	FF956_00305	-65575	144	CDS		GTG	FF956_00305|CP040692_65575_65432_-3_GTG_47
CP040692	-65572	TGA	FF956_00310	-67815	2244	CDS		ATG	FF956_00310|CP040692_67815_65572_-1_ATG_747
CP040692	-67815	TGA	FF956_00315	-69257	1443	CDS		ATG	FF956_00315|CP040692_69257_67815_-2_ATG_480
CP040692	-69261	TGA	FF956_00320	-70982	1722	CDS		ATG	FF956_00320|CP040692_70982_69261_-2_ATG_573
CP040692	-70975	TGA	FF956_00325	-71526	552	CDS		ATG	FF956_00325|CP040692_71526_70975_-1_ATG_183
CP040692	-71565	TGA	FF956_00330	-72416	852	CDS		ATG	FF956_00330|CP040692_72416_71565_-2_ATG_283
CP040692	-72419	TGA	FF956_00335	-72730	312	CDS		ATG	FF956_00335|CP040692_72730_72419_-3_ATG_103
CP040692	-72818	TGA	FF956_00340	-74074	1257	CDS		ATG	FF956_00340|CP040692_74074_72818_-3_ATG_418
CP040692	-74317	TGA	FF956_00345	-75495	1179	CDS		ATG	FF956_00345|CP040692_75495_74317_-1_ATG_392
CP040692	-76071	TGA	FF956_00355	-76397	327	CDS		GTG	FF956_00355|CP040692_76397_76071_-2_GTG_108
CP040692	-76394	TGA	FF956_00360	-77566	1173	CDS		ATG	FF956_00360|CP040692_77566_76394_-3_ATG_390
CP040692	-86144	TAA	FF956_00390	-86794	651	CDS		GTG	FF956_00390|CP040692_86794_86144_-3_GTG_216
CP040692	-88375	TGA	FF956_00400	-88848	474	CDS		GTG	FF956_00400|CP040692_88848_88375_-1_GTG_157
CP040692	-88865	TGA	FF956_00405	-89269	405	CDS		ATG	FF956_00405|CP040692_89269_88865_-3_ATG_134
CP040692	-89376	TAA	FF956_00410	-89660	285	CDS		ATG	FF956_00410|CP040692_89660_89376_-2_ATG_94
CP040692	-89672	TAA	FF956_00415	-90328	657	CDS		ATG	FF956_00415|CP040692_90328_89672_-3_ATG_218
CP040692	-90446	TAG	FF956_00420	-90844	399	CDS		ATG	FF956_00420|CP040692_90844_90446_-3_ATG_132
CP040692	-91108	TGA	FF956_00425	-92016	909	CDS		ATG	FF956_00425|CP040692_92016_91108_-1_ATG_302
CP040692	-92271	TAA	FF956_00435	-92804	534	CDS		ATG	FF956_00435|CP040692_92804_92271_-2_ATG_177
CP040692	-93015	TGA	FF956_00440	-93638	624	CDS		GTG	FF956_00440|CP040692_93638_93015_-2_GTG_207
CP040692	-94302	TGA	FF956_00450	-94517	216	CDS		ATG	FF956_00450|CP040692_94517_94302_-2_ATG_71
CP040692	-94702	TGA	FF956_00455	-95061	360	CDS		GTG	FF956_00455|CP040692_95061_94702_-1_GTG_119
CP040692	-95076	TAG	FF956_00460	-95522	447	CDS		ATC	FF956_00460|CP040692_95522_95076_-2_ATC_148
CP040692	-99618	TAG	FF956_00490	-100163	546	CDS		ATG	FF956_00490|CP040692_100163_99618_-2_ATG_181
CP040692	-100361	TAA	FF956_00495	-100774	414	CDS		TTG	FF956_00495|CP040692_100774_100361_-3_TTG_137
CP040692	-100800	TAG	FF956_00500	-101576	777	CDS		ATG	FF956_00500|CP040692_101576_100800_-2_ATG_258
CP040692	-103309	TGA	FF956_00515	-103530	222	CDS		ATG	FF956_00515|CP040692_103530_103309_-1_ATG_73
CP040692	-103591	TGA	FF956_00520	-103941	351	CDS		GTG	FF956_00520|CP040692_103941_103591_-1_GTG_116
CP040692	-103946	TAG	FF956_00525	-105295	1350	CDS		ATG	FF956_00525|CP040692_105295_103946_-3_ATG_449
CP040692	-106684	TAA	FF956_00535	-107475	792	CDS		ATG	FF956_00535|CP040692_107475_106684_-1_ATG_263
CP040692	-108103	TAG	FF956_00545	-108585	483	CDS		ATG	FF956_00545|CP040692_108585_108103_-1_ATG_160
CP040692	-112776	TAG	FF956_00570	-114530	1755	CDS		ATG	FF956_00570|CP040692_114530_112776_-2_ATG_584
CP040692	-126407	TAG	FF956_00595	-127621	1215	CDS		ATG	FF956_00595|CP040692_127621_126407_-3_ATG_404
CP040692	-127656	TAG	FF956_00600	-128369	714	CDS		ATG	FF956_00600|CP040692_128369_127656_-2_ATG_237
CP040692	-130011	TGA	FF956_00610	-130346	336	CDS		ATG	FF956_00610|CP040692_130346_130011_-2_ATG_111
CP040692	-130343	TGA	FF956_00615	-131893	1551	CDS		GTG	FF956_00615|CP040692_131893_130343_-3_GTG_516
CP040692	-131940	TAA	FF956_00620	-132695	756	CDS		GTG	FF956_00620|CP040692_132695_131940_-2_GTG_251
CP040692	-136257	TAG	FF956_00655	-137771	1515	CDS		GTG	FF956_00655|CP040692_137771_136257_-2_GTG_504
CP040692	-137925	TGA	FF956_00660	-139544	1620	CDS		ATG	FF956_00660|CP040692_139544_137925_-2_ATG_539
CP040692	-139749	TAA	FF956_00665	-140603	855	CDS		GTG	FF956_00665|CP040692_140603_139749_-2_GTG_284
CP040692	-160004	TAG	FF956_00725	-161327	1324	CDS	true	GTG	FF956_00725_p|CP040692_161327_160004_-2_GTG_441
CP040692	-161454	TAA	FF956_00730	-163235	1782	CDS		ATG	FF956_00730|CP040692_163235_161454_-2_ATG_593
CP040692	-163315	TGA	FF956_00735	-164442	1128	CDS		ATG	FF956_00735|CP040692_164442_163315_-1_ATG_375
CP040692	-164510	TAG	FF956_00740	-167806	3297	CDS		ATG	FF956_00740|CP040692_167806_164510_-3_ATG_1098
CP040692	-167803	TGA	FF956_00745	-171087	3285	CDS		GTG	FF956_00745|CP040692_171087_167803_-1_GTG_1094
CP040692	-171173	TAG	FF956_00750	-174457	3285	CDS		ATG	FF956_00750|CP040692_174457_171173_-3_ATG_1094
CP040692	-174457	TGA	FF956_00755	-176388	1932	CDS		ATG	FF956_00755|CP040692_176388_174457_-1_ATG_643
CP040692	-176391	TGA	FF956_00760	-177155	765	CDS		ATG	FF956_00760|CP040692_177155_176391_-2_ATG_254
CP040692	-177156	TAG	FF956_00765	-178541	1386	CDS		ATG	FF956_00765|CP040692_178541_177156_-2_ATG_461
CP040692	-178581	TGA	FF956_00770	-178946	366	CDS		ATG	FF956_00770|CP040692_178946_178581_-2_ATG_121
CP040692	-179055	TAA	FF956_00775	-179540	486	CDS		GTG	FF956_00775|CP040692_179540_179055_-2_GTG_161
CP040692	-181927	TGA	FF956_00790	-183000	1074	CDS		ATG	FF956_00790|CP040692_183000_181927_-1_ATG_357
CP040692	-183084	TAA	FF956_00795	-184070	987	CDS		ATG	FF956_00795|CP040692_184070_183084_-2_ATG_328
CP040692	-185369	GAA	FF956_00805	-185497	129	CDS	true	CTG	FF956_00805_p|CP040692_185497_185369_-3_CTG_43
CP040692	-185578	TAG	FF956_00810	-186420	843	CDS		ATG	FF956_00810|CP040692_186420_185578_-1_ATG_280
CP040692	-186417	TGA	FF956_00815	-187331	915	CDS		ATG	FF956_00815|CP040692_187331_186417_-2_ATG_304
CP040692	-187328	TGA	FF956_00820	-188149	822	CDS		GTG	FF956_00820|CP040692_188149_187328_-3_GTG_273
CP040692	-188153	TAA	FF956_00825	-188689	537	CDS		GTG	FF956_00825|CP040692_188689_188153_-3_GTG_178
CP040692	-188693	TAG	FF956_00830	-190693	2001	CDS		GTG	FF956_00830|CP040692_190693_188693_-3_GTG_666
CP040692	-191998	TAG	FF956_00840	-192984	987	CDS		GTG	FF956_00840|CP040692_192984_191998_-1_GTG_328
CP040692	-193117	CCC	FF956_00850	-194657	1541	CDS	true	ATG	FF956_00850_p|CP040692_194657_193117_-2_ATG_513
CP040692	-194745	TGA	FF956_00855	-195992	1248	CDS		ATG	FF956_00855|CP040692_195992_194745_-2_ATG_415
CP040692	-196004	TAG	FF956_00860	-196828	825	CDS		ATG	FF956_00860|CP040692_196828_196004_-3_ATG_274
CP040692	-197482	TGA	FF956_00870	-198543	1062	CDS		GTG	FF956_00870|CP040692_198543_197482_-1_GTG_353
CP040692	-200790	TGA	FF956_00900	-201062	273	CDS		GTG	FF956_00900|CP040692_201062_200790_-2_GTG_90
CP040692	-201248	TGA	FF956_00905	-201607	360	CDS		ATG	FF956_00905|CP040692_201607_201248_-3_ATG_119
CP040692	-202695	TAG	FF956_00915	-203384	690	CDS		ATG	FF956_00915|CP040692_203384_202695_-2_ATG_229
CP040692	-206151	TAA	FF956_00930	-206630	480	CDS		GTG	FF956_00930|CP040692_206630_206151_-2_GTG_159
CP040692	-209837	TAA	FF956_00945	-210139	303	CDS		GTG	FF956_00945|CP040692_210139_209837_-3_GTG_100
CP040692	-214351	TGA	FF956_00975	-215322	972	CDS		GTG	FF956_00975|CP040692_215322_214351_-1_GTG_323
CP040692	-216588	TGA	FF956_00995	-216815	228	CDS		ATC	FF956_00995|CP040692_216815_216588_-2_ATC_75
CP040692	-218081	TGA	FF956_01015	-218440	360	CDS		GTG	FF956_01015|CP040692_218440_218081_-3_GTG_119
CP040692	-218570	TGA	FF956_01020	-218953	384	CDS		GTG	FF956_01020|CP040692_218953_218570_-3_GTG_127
CP040692	-219875	TAA	FF956_01035	-220237	363	CDS		ATG	FF956_01035|CP040692_220237_219875_-3_ATG_120
CP040692	-226389	TAG	FF956_01065	-227978	1590	CDS		ATG	FF956_01065|CP040692_227978_226389_-2_ATG_529
CP040692	-227982	TGA	FF956_01070	-229043	1062	CDS		ATG	FF956_01070|CP040692_229043_227982_-2_ATG_353
CP040692	-229100	TGA	FF956_01075	-229588	489	CDS		ATG	FF956_01075|CP040692_229588_229100_-3_ATG_162
CP040692	-231685	TAG	FF956_01090	-232743	1059	CDS		ATG	FF956_01090|CP040692_232743_231685_-1_ATG_352
CP040692	-232843	TAA	FF956_01095	-233919	1077	CDS		ATG	FF956_01095|CP040692_233919_232843_-1_ATG_358
CP040692	-235062	TGA	FF956_01105	-237392	2331	CDS		ATG	FF956_01105|CP040692_237392_235062_-2_ATG_776
CP040692	-237607	TGA	FF956_01110	-240804	3198	CDS		GTG	FF956_01110|CP040692_240804_237607_-1_GTG_1065
CP040692	-240914	TAG	FF956_01115	-242722	1809	CDS		ATG	FF956_01115|CP040692_242722_240914_-3_ATG_602
CP040692	-243063	TGA	FF956_01120	-244256	1194	CDS		ATG	FF956_01120|CP040692_244256_243063_-2_ATG_397
CP040692	-244463	TAA	FF956_01125	-245464	1002	CDS		ATG	FF956_01125|CP040692_245464_244463_-3_ATG_333
CP040692	-245509	TAG	FF956_01130	-246210	702	CDS		ATG	FF956_01130|CP040692_246210_245509_-1_ATG_233
CP040692	-246377	TAG	FF956_01135	-247141	765	CDS		ATG	FF956_01135|CP040692_247141_246377_-3_ATG_254
CP040692	-250679	TAG	FF956_01160	-251941	1263	CDS		ATG	FF956_01160|CP040692_251941_250679_-3_ATG_420
CP040692	-251959	TGA	FF956_01165	-253371	1413	CDS		ATG	FF956_01165|CP040692_253371_251959_-1_ATG_470
CP040692	-253904	TAG	FF956_01175	-254629	726	CDS		ATG	FF956_01175|CP040692_254629_253904_-3_ATG_241
CP040692	-256746	TAG	FF956_01195	-257441	696	CDS		GTG	FF956_01195|CP040692_257441_256746_-2_GTG_231
CP040692	-257446	TGA	FF956_01200	-258687	1242	CDS		GTG	FF956_01200|CP040692_258687_257446_-1_GTG_413
CP040692	-259935	TAG	FF956_01215	-262724	2790	CDS		GTG	FF956_01215|CP040692_262724_259935_-2_GTG_929
CP040692	-273719	TGA	FF956_01275	-274420	702	CDS		ATG	FF956_01275|CP040692_274420_273719_-3_ATG_233
CP040692	-274442	TAG	FF956_01280	-275971	1530	CDS		ATG	FF956_01280|CP040692_275971_274442_-3_ATG_509
CP040692	-278326	TAG	FF956_01300	-279258	933	CDS		ATG	FF956_01300|CP040692_279258_278326_-1_ATG_310
CP040692	-280416	TAA	FF956_01310	-281738	1323	CDS		ATG	FF956_01310|CP040692_281738_280416_-2_ATG_440
CP040692	-281872	TAG	FF956_01315	-282948	1077	CDS		GTG	FF956_01315|CP040692_282948_281872_-1_GTG_358
CP040692	-282945	TGA	FF956_01320	-283946	1002	CDS		ATG	FF956_01320|CP040692_283946_282945_-2_ATG_333
CP040692	-284072	TGA	FF956_01325	-284725	654	CDS		GTG	FF956_01325|CP040692_284725_284072_-3_GTG_217
CP040692	-284752	TAA	FF956_01330	-286107	1356	CDS		TTG	FF956_01330|CP040692_286107_284752_-1_TTG_451
CP040692	-289188	GTT	FF956_01355	-289412	225	CDS	true	ATT	FF956_01355_p|CP040692_289412_289188_-2_ATT_75
CP040692	-289985	TGA	FF956_01365	-291025	1041	CDS		TTG	FF956_01365|CP040692_291025_289985_-3_TTG_346
CP040692	-291088	TGA	FF956_01370	-292047	960	CDS		ATG	FF956_01370|CP040692_292047_291088_-1_ATG_319
CP040692	-292116	TAG	FF956_01375	-294548	2433	CDS		ATG	FF956_01375|CP040692_294548_292116_-2_ATG_810
CP040692	-295623	TGA	FF956_01390	-296783	1161	CDS		ATG	FF956_01390|CP040692_296783_295623_-2_ATG_386
CP040692	-296780	TGA	FF956_01395	-297802	1023	CDS		ATG	FF956_01395|CP040692_297802_296780_-3_ATG_340
CP040692	-299426	TAA	FF956_01415	-300100	675	CDS		GTG	FF956_01415|CP040692_300100_299426_-3_GTG_224
CP040692	-300199	TAG	FF956_01420	-300576	378	CDS		ATG	FF956_01420|CP040692_300576_300199_-1_ATG_125
CP040692	-304249	TGA	FF956_01445	-305232	984	CDS		ATG	FF956_01445|CP040692_305232_304249_-1_ATG_327
CP040692	-305233	TAG	FF956_01450	-305751	519	CDS		GTG	FF956_01450|CP040692_305751_305233_-1_GTG_172
CP040692	-306831	TAG	FF956_01460	-308786	1956	CDS		GTG	FF956_01460|CP040692_308786_306831_-2_GTG_651
CP040692	-309052	TAA	FF956_01465	-309408	357	CDS		GTG	FF956_01465|CP040692_309408_309052_-1_GTG_118
CP040692	-316068	TAG	FF956_01500	-316931	864	CDS		GTG	FF956_01500|CP040692_316931_316068_-2_GTG_287
CP040692	-317014	TGA	FF956_01505	-317208	195	CDS		TTG	FF956_01505|CP040692_317208_317014_-1_TTG_64
CP040692	-322050	TAG	FF956_01545	-322763	714	CDS		TTG	FF956_01545|CP040692_322763_322050_-2_TTG_237
CP040692	-322757	TGA	FF956_01550	-323071	315	CDS		ATG	FF956_01550|CP040692_323071_322757_-3_ATG_104
CP040692	-323670	TGA	FF956_01560	-324020	351	CDS		ATG	FF956_01560|CP040692_324020_323670_-2_ATG_116
CP040692	-324344	TAG	FF956_01565	-324628	285	CDS		GTG	FF956_01565|CP040692_324628_324344_-3_GTG_94
CP040692	-324765	TGA	FF956_01570	-327080	2316	CDS		ATG	FF956_01570|CP040692_327080_324765_-2_ATG_771
CP040692	-331405	TAG	FF956_01590	-333054	1650	CDS		ATG	FF956_01590|CP040692_333054_331405_-1_ATG_549
CP040692	-334510	TGA	FF956_01605	-334701	192	CDS		GTG	FF956_01605|CP040692_334701_334510_-1_GTG_63
CP040692	-338131	TGA	FF956_01630	-338877	747	CDS		ATG	FF956_01630|CP040692_338877_338131_-1_ATG_248
CP040692	-338877	TGA	FF956_01635	-340108	1232	CDS	true	GTG	FF956_01635_p|CP040692_340108_338877_-3_GTG_410
CP040692	-340451	TGA	FF956_01640	-342226	1776	CDS		ATG	FF956_01640|CP040692_342226_340451_-3_ATG_591
CP040692	-343194	TGA	FF956_01650	-344069	876	CDS		ATG	FF956_01650|CP040692_344069_343194_-2_ATG_291
CP040692	-344280	TAA	FF956_01655	-344624	345	CDS		ATG	FF956_01655|CP040692_344624_344280_-2_ATG_114
CP040692	-344621	TGA	FF956_01660	-345346	726	CDS		ATG	FF956_01660|CP040692_345346_344621_-3_ATG_241
CP040692	-345390	TAA	FF956_01665	-346685	1296	CDS		TTG	FF956_01665|CP040692_346685_345390_-2_TTG_431
CP040692	-347949	TGA	FF956_01675	-348437	489	CDS		GTG	FF956_01675|CP040692_348437_347949_-2_GTG_162
CP040692	-352611	TAG	FF956_01700	-353333	723	CDS		ATG	FF956_01700|CP040692_353333_352611_-2_ATG_240
CP040692	-355975	TGA	FF956_01725	-357162	1188	CDS		ATG	FF956_01725|CP040692_357162_355975_-1_ATG_395
CP040692	-357159	TGA	FF956_01730	-358127	969	CDS		ATG	FF956_01730|CP040692_358127_357159_-2_ATG_322
CP040692	-359196	CTT	FF956_01735	-359405	210	CDS	true	CTG	FF956_01735_p|CP040692_359405_359196_-2_CTG_70
CP040692	-362257	TGA	FF956_01765	-362799	543	CDS		GTG	FF956_01765|CP040692_362799_362257_-1_GTG_180
CP040692	-379092	TAG	FF956_01850	-379919	828	CDS		GTG	FF956_01850|CP040692_379919_379092_-2_GTG_275
CP040692	-380066	TAG	FF956_01855	-381424	1359	CDS		GTG	FF956_01855|CP040692_381424_380066_-3_GTG_452
CP040692	-381402	TAA	FF956_01860	-381719	318	CDS		ATG	FF956_01860|CP040692_381719_381402_-2_ATG_105
CP040692	-384369	TAG	FF956_01875	-385283	915	CDS		ATG	FF956_01875|CP040692_385283_384369_-2_ATG_304
CP040692	-386809	TAA	FF956_01890	-387885	1077	CDS		ATG	FF956_01890|CP040692_387885_386809_-1_ATG_358
CP040692	-387890	TAG	FF956_01895	-389332	1443	CDS		GTG	FF956_01895|CP040692_389332_387890_-3_GTG_480
CP040692	-389398	TAG	FF956_01900	-389946	549	CDS		GTG	FF956_01900|CP040692_389946_389398_-1_GTG_182
CP040692	-394393	TAG	FF956_01930	-395634	1242	CDS		TTG	FF956_01930|CP040692_395634_394393_-1_TTG_413
CP040692	-395648	TGA	FF956_01935	-396513	866	CDS	true	GTG	FF956_01935_p|CP040692_396513_395648_-1_GTG_288
CP040692	-396704	TAG	FF956_01940	-397417	714	CDS		GTG	FF956_01940|CP040692_397417_396704_-3_GTG_237
CP040692	-398692	TAG	FF956_01950	-399291	600	CDS		GTG	FF956_01950|CP040692_399291_398692_-1_GTG_199
CP040692	-401734	TAG	FF956_01960	-402264	531	CDS		ATG	FF956_01960|CP040692_402264_401734_-1_ATG_176
CP040692	-402282	TAG	FF956_01965	-403358	1077	CDS		TTG	FF956_01965|CP040692_403358_402282_-2_TTG_358
CP040692	-407122	GAC	FF956_01990	-407226	105	CDS	true	ATG	FF956_01990_p|CP040692_407226_407122_-1_ATG_35
CP040692	-408409	TAG	FF956_02005	-409575	1167	CDS		GTG	FF956_02005|CP040692_409575_408409_-1_GTG_388
CP040692	-409572	TGA	FF956_02010	-410528	957	CDS		ATG	FF956_02010|CP040692_410528_409572_-2_ATG_318
CP040692	-410525	TGA	FF956_02015	-411484	960	CDS		GTG	FF956_02015|CP040692_411484_410525_-3_GTG_319
CP040692	-411481	TGA	FF956_02020	-412614	1134	CDS		ATG	FF956_02020|CP040692_412614_411481_-1_ATG_377
CP040692	-412615	TAG	FF956_02025	-414138	1524	CDS		TTG	FF956_02025|CP040692_414138_412615_-1_TTG_507
CP040692	-416137	TAG	FF956_02040	-417796	1660	CDS	true	ATG	FF956_02040_p|CP040692_417796_416137_-3_ATG_553
CP040692	-421034	TAG	FF956_02065	-423091	2058	CDS		GTG	FF956_02065|CP040692_423091_421034_-3_GTG_685
CP040692	-423088	TGA	FF956_02070	-424155	1068	CDS		ATG	FF956_02070|CP040692_424155_423088_-1_ATG_355
CP040692	-424253	TGA	FF956_02075	-425005	753	CDS		GTG	FF956_02075|CP040692_425005_424253_-3_GTG_250
CP040692	-425002	TGA	FF956_02080	-425880	879	CDS		GTG	FF956_02080|CP040692_425880_425002_-1_GTG_292
CP040692	-425880	TAG	FF956_02085	-426623	744	CDS		ATG	FF956_02085|CP040692_426623_425880_-2_ATG_247
CP040692	-428477	TGA	FF956_02105	-428932	456	CDS		ATG	FF956_02105|CP040692_428932_428477_-3_ATG_151
CP040692	-429044	TAA	FF956_02110	-430219	1176	CDS		ATG	FF956_02110|CP040692_430219_429044_-3_ATG_391
CP040692	-436278	TAG	FF956_02145	-437717	1440	CDS		ATG	FF956_02145|CP040692_437717_436278_-2_ATG_479
CP040692	-437854	TAG	FF956_02150	-438714	861	CDS		ATG	FF956_02150|CP040692_438714_437854_-1_ATG_286
CP040692	-438716	TGA	FF956_02155	-440407	1692	CDS		ATG	FF956_02155|CP040692_440407_438716_-3_ATG_563
CP040692	-445213	TGA	FF956_02180	-446433	1221	CDS		ATG	FF956_02180|CP040692_446433_445213_-1_ATG_406
CP040692	-449954	TGA	FF956_02200	-450151	198	CDS		TTG	FF956_02200|CP040692_450151_449954_-3_TTG_65
CP040692	-450156	TGA	FF956_02205	-450353	198	CDS		ATG	FF956_02205|CP040692_450353_450156_-2_ATG_65
CP040692	-451722	TAA	FF956_02215	-452171	450	CDS		ATG	FF956_02215|CP040692_452171_451722_-2_ATG_149
CP040692	-452177	TGA	FF956_02220	-453337	1161	CDS		GTG	FF956_02220|CP040692_453337_452177_-3_GTG_386
CP040692	-453990	TAA	FF956_02230	-455021	1032	CDS		ATG	FF956_02230|CP040692_455021_453990_-2_ATG_343
CP040692	-455063	TAA	FF956_02235	-456247	1185	CDS		ATG	FF956_02235|CP040692_456247_455063_-3_ATG_394
CP040692	-456264	TAG	FF956_02240	-457328	1065	CDS		ATG	FF956_02240|CP040692_457328_456264_-2_ATG_354
CP040692	-457344	TAA	FF956_02245	-458255	912	CDS		GTG	FF956_02245|CP040692_458255_457344_-2_GTG_303
CP040692	-459516	TGA	FF956_02255	-460226	711	CDS		ATG	FF956_02255|CP040692_460226_459516_-2_ATG_236
CP040692	-461506	TGA	FF956_02265	-462345	840	CDS		GTG	FF956_02265|CP040692_462345_461506_-1_GTG_279
CP040692	-462441	TAG	FF956_02270	-463232	792	CDS		GTG	FF956_02270|CP040692_463232_462441_-2_GTG_263
CP040692	-465513	TGA	FF956_02285	-468482	2970	CDS		ATG	FF956_02285|CP040692_468482_465513_-2_ATG_989
CP040692	-469313	TAG	FF956_02295	-475036	5724	CDS		GTG	FF956_02295|CP040692_475036_469313_-3_GTG_1907
CP040692	-477943	TAA	FF956_02310	-484323	6381	CDS		ATG	FF956_02310|CP040692_484323_477943_-1_ATG_2126
CP040692	-484614	TGA	FF956_02315	-488936	4323	CDS		ATG	FF956_02315|CP040692_488936_484614_-2_ATG_1440
CP040692	-489107	TAG	FF956_02320	-490615	1509	CDS		ATG	FF956_02320|CP040692_490615_489107_-3_ATG_502
CP040692	-490686	TAG	FF956_02325	-491807	1122	CDS		ATG	FF956_02325|CP040692_491807_490686_-2_ATG_373
CP040692	-491832	TGA	FF956_02330	-493034	1203	CDS		ATG	FF956_02330|CP040692_493034_491832_-2_ATG_400
CP040692	-505037	TAA	FF956_02395	-505615	579	CDS		GTG	FF956_02395|CP040692_505615_505037_-3_GTG_192
CP040692	-505767	TAA	FF956_02400	-507269	1503	CDS		ATG	FF956_02400|CP040692_507269_505767_-2_ATG_500
CP040692	-507269	TAA	FF956_02405	-507433	165	CDS		ATG	FF956_02405|CP040692_507433_507269_-3_ATG_54
CP040692	-507515	TGA	FF956_02410	-507838	324	CDS		ATG	FF956_02410|CP040692_507838_507515_-3_ATG_107
CP040692	-509284	TGA	FF956_02420	-509733	450	CDS		TTG	FF956_02420|CP040692_509733_509284_-1_TTG_149
CP040692	-509666	TGA	FF956_02425	-509914	249	CDS		GTG	FF956_02425|CP040692_509914_509666_-3_GTG_82
CP040692	-510889	TAG	FF956_02435	-512427	1539	CDS		ATG	FF956_02435|CP040692_512427_510889_-1_ATG_512
CP040692	-516620	TGA	FF956_02460	-519868	3249	CDS		TTG	FF956_02460|CP040692_519868_516620_-3_TTG_1082
CP040692	-519898	TAG	FF956_02465	-521070	1173	CDS		GTG	FF956_02465|CP040692_521070_519898_-1_GTG_390
CP040692	-521107	TAG	FF956_02470	-521403	297	CDS		GTG	FF956_02470|CP040692_521403_521107_-1_GTG_98
CP040692	-524270	TAG	FF956_02485	-524776	507	CDS		ATG	FF956_02485|CP040692_524776_524270_-3_ATG_168
CP040692	-529221	TGA	FF956_02510	-530174	954	CDS		GTG	FF956_02510|CP040692_530174_529221_-2_GTG_317
CP040692	-529945	TGA	FF956_02515	-530613	669	CDS		ATG	FF956_02515|CP040692_530613_529945_-1_ATG_222
CP040692	-530696	TAG	FF956_02520	-531304	609	CDS		ATG	FF956_02520|CP040692_531304_530696_-3_ATG_202
CP040692	-531306	TGA	FF956_02525	-532301	996	CDS		ATG	FF956_02525|CP040692_532301_531306_-2_ATG_331
CP040692	-532374	TGA	FF956_02530	-533231	858	CDS		ATG	FF956_02530|CP040692_533231_532374_-2_ATG_285
CP040692	-533806	TAA	FF956_02545	-534003	198	CDS		ATG	FF956_02545|CP040692_534003_533806_-1_ATG_65
CP040692	-538105	TGA	FF956_02580	-539790	1686	CDS		ATG	FF956_02580|CP040692_539790_538105_-1_ATG_561
CP040692	-539765	TGA	FF956_02585	-540004	240	CDS		GTG	FF956_02585|CP040692_540004_539765_-3_GTG_79
CP040692	-540062	TAA	FF956_02590	-540742	681	CDS		GTG	FF956_02590|CP040692_540742_540062_-3_GTG_226
CP040692	-540789	TGA	FF956_02595	-541577	789	CDS		GTG	FF956_02595|CP040692_541577_540789_-2_GTG_262
CP040692	-543075	TGA	FF956_02605	-544442	1368	CDS		ATG	FF956_02605|CP040692_544442_543075_-2_ATG_455
CP040692	-544439	TGA	FF956_02610	-545842	1404	CDS		ATG	FF956_02610|CP040692_545842_544439_-3_ATG_467
CP040692	-555954	TAG	FF956_02660	-556796	843	CDS		GTG	FF956_02660|CP040692_556796_555954_-2_GTG_280
CP040692	-556806	TAA	FF956_02665	-557282	477	CDS		ATG	FF956_02665|CP040692_557282_556806_-2_ATG_158
CP040692	-566492	TAG	FF956_02710	-567028	537	CDS		ATG	FF956_02710|CP040692_567028_566492_-3_ATG_178
CP040692	-568436	TAG	FF956_02725	-568831	396	CDS		ATG	FF956_02725|CP040692_568831_568436_-3_ATG_131
CP040692	-568922	TAG	FF956_02735	-569464	543	CDS		ATG	FF956_02735|CP040692_569464_568922_-3_ATG_180
CP040692	-569550	TGA	FF956_02740	-569849	300	CDS		GTG	FF956_02740|CP040692_569849_569550_-2_GTG_99
CP040692	-573047	TAG	FF956_02760	-573577	531	CDS		ATG	FF956_02760|CP040692_573577_573047_-3_ATG_176
CP040692	-573844	TAG	FF956_02765	-574374	531	CDS		ATG	FF956_02765|CP040692_574374_573844_-1_ATG_176
CP040692	-575003	TAG	FF956_02775	-575233	231	CDS		GTG	FF956_02775|CP040692_575233_575003_-3_GTG_76
CP040692	-581413	TAA	FF956_02815	-581721	309	CDS		ATG	FF956_02815|CP040692_581721_581413_-1_ATG_102
CP040692	-584477	TGA	FF956_02835	-584887	411	CDS		GTG	FF956_02835|CP040692_584887_584477_-3_GTG_136
CP040692	-589655	TGA	FF956_02855	-590065	411	CDS		GTG	FF956_02855|CP040692_590065_589655_-3_GTG_136
CP040692	-590062	TGA	FF956_02860	-590361	300	CDS		ATG	FF956_02860|CP040692_590361_590062_-1_ATG_99
CP040692	-590396	TGA	FF956_02865	-591283	888	CDS		ATG	FF956_02865|CP040692_591283_590396_-3_ATG_295
CP040692	-596561	TGA	FF956_02895	-598921	2361	CDS		ATG	FF956_02895|CP040692_598921_596561_-3_ATG_786
CP040692	-598936	TAG	FF956_02900	-599724	789	CDS		ATG	FF956_02900|CP040692_599724_598936_-1_ATG_262
CP040692	-599788	TAG	FF956_02905	-600834	1047	CDS		ATG	FF956_02905|CP040692_600834_599788_-1_ATG_348
CP040692	-604618	TAG	FF956_02925	-605244	627	CDS		GTG	FF956_02925|CP040692_605244_604618_-1_GTG_208
CP040692	-607576	TGA	FF956_02940	-608502	927	CDS		GTG	FF956_02940|CP040692_608502_607576_-1_GTG_308
CP040692	-609390	TAG	FF956_02950	-611342	1953	CDS		ATG	FF956_02950|CP040692_611342_609390_-2_ATG_650
CP040692	-611388	TGA	FF956_02955	-612098	711	CDS		ATG	FF956_02955|CP040692_612098_611388_-2_ATG_236
CP040692	-613115	TAA	FF956_02965	-614914	1800	CDS		ATG	FF956_02965|CP040692_614914_613115_-3_ATG_599
CP040692	-615104	TGA	FF956_02970	-616445	1342	CDS	true	TTG	FF956_02970_p|CP040692_616445_615104_-2_TTG_447
CP040692	-624402	TGA	FF956_03010	-625055	654	CDS		TTG	FF956_03010|CP040692_625055_624402_-2_TTG_217
CP040692	-625163	TGA	FF956_03015	-626590	1428	CDS		ATG	FF956_03015|CP040692_626590_625163_-3_ATG_475
CP040692	-626595	TAG	FF956_03020	-627485	891	CDS		ATG	FF956_03020|CP040692_627485_626595_-2_ATG_296
CP040692	-627564	TGA	FF956_03025	-627668	105	CDS		ATG	FF956_03025|CP040692_627668_627564_-2_ATG_34
CP040692	-627722	TGA	FF956_03030	-628897	1176	CDS		GTG	FF956_03030|CP040692_628897_627722_-3_GTG_391
CP040692	-628939	TGA	FF956_03035	-630279	1341	CDS		ATG	FF956_03035|CP040692_630279_628939_-1_ATG_446
CP040692	-633799	TGA	FF956_03045	-634233	435	CDS		ATG	FF956_03045|CP040692_634233_633799_-1_ATG_144
CP040692	-634877	TAA	FF956_03055	-636643	1767	CDS		ATG	FF956_03055|CP040692_636643_634877_-3_ATG_588
CP040692	-637010	TAG	FF956_03065	-637474	465	CDS		ATG	FF956_03065|CP040692_637474_637010_-3_ATG_154
CP040692	-642192	TAG	FF956_03095	-642560	369	CDS		ATG	FF956_03095|CP040692_642560_642192_-2_ATG_122
CP040692	-642677	TAG	FF956_03100	-643867	1191	CDS		GTG	FF956_03100|CP040692_643867_642677_-3_GTG_396
CP040692	-643909	TGA	FF956_03105	-644166	258	CDS		GTG	FF956_03105|CP040692_644166_643909_-1_GTG_85
CP040692	-644163	TGA	FF956_03110	-644438	276	CDS		ATG	FF956_03110|CP040692_644438_644163_-2_ATG_91
CP040692	-645711	TAG	FF956_03125	-646100	390	CDS		ATG	FF956_03125|CP040692_646100_645711_-2_ATG_129
CP040692	-659072	GAC	FF956_03165	-659158	87	CDS	true	GTG	FF956_03165_p|CP040692_659158_659072_-3_GTG_29
CP040692	-659173	TAG	FF956_03170	-659619	447	CDS		ATC	FF956_03170|CP040692_659619_659173_-1_ATC_148
CP040692	-685841	TGA	FF956_03200	-686572	732	CDS		GTG	FF956_03200|CP040692_686572_685841_-3_GTG_243
CP040692	-686569	TGA	FF956_03205	-687708	1140	CDS		ATG	FF956_03205|CP040692_687708_686569_-1_ATG_379
CP040692	-687720	TGA	FF956_03210	-689069	1350	CDS		ATG	FF956_03210|CP040692_689069_687720_-2_ATG_449
CP040692	-690648	TAG	FF956_03220	-691541	894	CDS		GTG	FF956_03220|CP040692_691541_690648_-2_GTG_297
CP040692	-693500	TAG	FF956_03235	-693940	441	CDS		ATG	FF956_03235|CP040692_693940_693500_-3_ATG_146
CP040692	-693959	TAG	FF956_03240	-694438	480	CDS		ATG	FF956_03240|CP040692_694438_693959_-3_ATG_159
CP040692	-695451	TGA	FF956_03250	-696602	1152	CDS		GTG	FF956_03250|CP040692_696602_695451_-2_GTG_383
CP040692	-696599	TGA	FF956_03255	-698107	1509	CDS		GTG	FF956_03255|CP040692_698107_696599_-3_GTG_502
CP040692	-698203	TAG	FF956_03260	-699420	1218	CDS		ATG	FF956_03260|CP040692_699420_698203_-1_ATG_405
CP040692	-699489	TAA	FF956_03265	-700856	1368	CDS		TTG	FF956_03265|CP040692_700856_699489_-2_TTG_455
CP040692	-701736	TGA	FF956_03275	-703448	1713	CDS		ATG	FF956_03275|CP040692_703448_701736_-2_ATG_570
CP040692	-708456	TGA	FF956_03320	-709247	792	CDS		ATG	FF956_03320|CP040692_709247_708456_-2_ATG_263
CP040692	-709247	TAA	FF956_03325	-711019	1773	CDS		TTG	FF956_03325|CP040692_711019_709247_-3_TTG_590
CP040692	-711148	TGA	FF956_03330	-711582	435	CDS		ATG	FF956_03330|CP040692_711582_711148_-1_ATG_144
CP040692	-711579	TGA	FF956_03335	-712013	435	CDS		GTG	FF956_03335|CP040692_712013_711579_-2_GTG_144
CP040692	-716636	TAG	FF956_03370	-717898	1263	CDS		ATG	FF956_03370|CP040692_717898_716636_-3_ATG_420
CP040692	-717922	TAG	FF956_03375	-718821	900	CDS		ATG	FF956_03375|CP040692_718821_717922_-1_ATG_299
CP040692	-719551	TGA	FF956_03385	-721155	1605	CDS		GTG	FF956_03385|CP040692_721155_719551_-1_GTG_534
CP040692	-721159	TAA	FF956_03390	-721965	807	CDS		GTG	FF956_03390|CP040692_721965_721159_-1_GTG_268
CP040692	-724399	TAA	FF956_03405	-724878	480	CDS		GTG	FF956_03405|CP040692_724878_724399_-1_GTG_159
CP040692	-733932	TGA	FF956_03440	-734699	768	CDS		ATG	FF956_03440|CP040692_734699_733932_-2_ATG_255
CP040692	-734703	TAA	FF956_03445	-739244	4542	CDS		GTG	FF956_03445|CP040692_739244_734703_-2_GTG_1513
CP040692	-739288	TGA	FF956_03450	-739953	666	CDS		ATG	FF956_03450|CP040692_739953_739288_-1_ATG_221
CP040692	-740933	TAA	FF956_03460	-742417	1485	CDS		GTG	FF956_03460|CP040692_742417_740933_-3_GTG_494
CP040692	-742444	TGA	FF956_03465	-743691	1248	CDS		ATG	FF956_03465|CP040692_743691_742444_-1_ATG_415
CP040692	-747860	TAA	FF956_03500	-749662	1803	CDS		GTG	FF956_03500|CP040692_749662_747860_-3_GTG_600
CP040692	-749770	TGA	FF956_03505	-750201	432	CDS		ATG	FF956_03505|CP040692_750201_749770_-1_ATG_143
CP040692	-750198	TGA	FF956_03510	-751091	894	CDS		GTG	FF956_03510|CP040692_751091_750198_-2_GTG_297
CP040692	-751132	TAG	FF956_03515	-751800	669	CDS		ATG	FF956_03515|CP040692_751800_751132_-1_ATG_222
CP040692	-751797	TGA	FF956_03520	-752267	471	CDS		ATG	FF956_03520|CP040692_752267_751797_-2_ATG_156
CP040692	-752248	TGA	FF956_03525	-753894	1647	CDS		ATG	FF956_03525|CP040692_753894_752248_-1_ATG_548
CP040692	-755260	TGA	FF956_03540	-756078	819	CDS		ATG	FF956_03540|CP040692_756078_755260_-1_ATG_272
CP040692	-759025	TAG	FF956_03560	-761319	2295	CDS		GTG	FF956_03560|CP040692_761319_759025_-1_GTG_764
CP040692	-761324	TGA	FF956_03565	-762508	1185	CDS		ATG	FF956_03565|CP040692_762508_761324_-3_ATG_394
CP040692	-763274	TAG	FF956_03575	-765430	2157	CDS		ATG	FF956_03575|CP040692_765430_763274_-3_ATG_718
CP040692	-765441	TGA	FF956_03580	-765722	282	CDS		ATG	FF956_03580|CP040692_765722_765441_-2_ATG_93
CP040692	-765847	TGA	FF956_03585	-766536	690	CDS		ATG	FF956_03585|CP040692_766536_765847_-1_ATG_229
CP040692	-766575	TGA	FF956_03590	-768071	1497	CDS		GTG	FF956_03590|CP040692_768071_766575_-2_GTG_498
CP040692	-771118	TAA	FF956_03610	-772779	1662	CDS		ATG	FF956_03610|CP040692_772779_771118_-1_ATG_553
CP040692	-772843	CTG	FF956_03615	-773033	191	CDS	true	CTG	FF956_03615_p|CP040692_773033_772843_-2_CTG_63
CP040692	-773075	TGA	FF956_03620	-774421	1347	CDS		TTG	FF956_03620|CP040692_774421_773075_-3_TTG_448
CP040692	-774418	TGA	FF956_03625	-775413	996	CDS		GTG	FF956_03625|CP040692_775413_774418_-1_GTG_331
CP040692	-775463	TGA	FF956_03630	-775662	200	CDS	true	ATG	FF956_03630_p|CP040692_775662_775463_-1_ATG_66
CP040692	-776112	TAG	FF956_03640	-776531	420	CDS		ATG	FF956_03640|CP040692_776531_776112_-2_ATG_139
CP040692	-780893	TGA	FF956_03665	-782281	1389	CDS		GTG	FF956_03665|CP040692_782281_780893_-3_GTG_462
CP040692	-804015	TGA	FF956_03760	-804656	642	CDS		ATG	FF956_03760|CP040692_804656_804015_-2_ATG_213
CP040692	-810234	TGA	FF956_03790	-811226	993	CDS		TTG	FF956_03790|CP040692_811226_810234_-2_TTG_330
CP040692	-811223	TGA	FF956_03795	-812575	1353	CDS		GTG	FF956_03795|CP040692_812575_811223_-3_GTG_450
CP040692	-814933	TAA	FF956_03810	-815151	219	CDS		GTG	FF956_03810|CP040692_815151_814933_-1_GTG_72
CP040692	-815129	TAA	FF956_03815	-815239	111	CDS		CTG	FF956_03815|CP040692_815239_815129_-3_CTG_36
CP040692	-815253	TAG	FF956_03820	-816101	849	CDS		ATG	FF956_03820|CP040692_816101_815253_-2_ATG_282
CP040692	-817911	TAA	FF956_03840	-817985	75	CDS		ATG	FF956_03840|CP040692_817985_817911_-2_ATG_24
CP040692	-819985	TGA	FF956_03855	-820239	255	CDS		ATG	FF956_03855|CP040692_820239_819985_-1_ATG_84
CP040692	-820519	TGA	FF956_03860	-821484	966	CDS		ATG	FF956_03860|CP040692_821484_820519_-1_ATG_321
CP040692	-822100	TGA	FF956_03870	-822432	333	CDS		ATG	FF956_03870|CP040692_822432_822100_-1_ATG_110
CP040692	-822580	TGA	FF956_03875	-823698	1119	CDS		GTG	FF956_03875|CP040692_823698_822580_-1_GTG_372
CP040692	-823695	TGA	FF956_03880	-824306	612	CDS		ATG	FF956_03880|CP040692_824306_823695_-2_ATG_203
CP040692	-825336	TGA	FF956_03890	-826559	1224	CDS		ATG	FF956_03890|CP040692_826559_825336_-2_ATG_407
CP040692	-826572	TGA	FF956_03895	-828155	1584	CDS		ATG	FF956_03895|CP040692_828155_826572_-2_ATG_527
CP040692	-829119	TAG	FF956_03905	-829679	561	CDS		GTG	FF956_03905|CP040692_829679_829119_-2_GTG_186
CP040692	-830263	TAG	FF956_03915	-830949	687	CDS		ATG	FF956_03915|CP040692_830949_830263_-1_ATG_228
CP040692	-834333	TGA	FF956_03935	-834638	306	CDS		ATG	FF956_03935|CP040692_834638_834333_-2_ATG_101
CP040692	-834641	TAG	FF956_03940	-835426	786	CDS		GTG	FF956_03940|CP040692_835426_834641_-3_GTG_261
CP040692	-835457	TAG	FF956_03945	-835666	210	CDS		ATG	FF956_03945|CP040692_835666_835457_-3_ATG_69
CP040692	-844363	TAA	FF956_03970	-844617	255	CDS		ATG	FF956_03970|CP040692_844617_844363_-1_ATG_84
CP040692	-847584	TGA	FF956_03985	-848927	1344	CDS		ATG	FF956_03985|CP040692_848927_847584_-2_ATG_447
CP040692	-849274	TGA	FF956_03995	-850173	900	CDS		GTG	FF956_03995|CP040692_850173_849274_-1_GTG_299
CP040692	-850179	TGA	FF956_04000	-851597	1419	CDS		GTG	FF956_04000|CP040692_851597_850179_-2_GTG_472
CP040692	-855937	TGA	FF956_04015	-856554	618	CDS		ATG	FF956_04015|CP040692_856554_855937_-1_ATG_205
CP040692	-858677	TGA	FF956_04040	-858862	186	CDS		ATG	FF956_04040|CP040692_858862_858677_-3_ATG_61
CP040692	-858897	TGA	FF956_04045	-859106	210	CDS		ATG	FF956_04045|CP040692_859106_858897_-2_ATG_69
CP040692	-862057	TAA	FF956_04060	-862677	621	CDS		GTG	FF956_04060|CP040692_862677_862057_-1_GTG_206
CP040692	-862674	TGA	FF956_04065	-863021	348	CDS		ATG	FF956_04065|CP040692_863021_862674_-2_ATG_115
CP040692	-864917	TGA	FF956_04075	-865246	330	CDS		ATG	FF956_04075|CP040692_865246_864917_-3_ATG_109
CP040692	-865243	TGA	FF956_04080	-865587	345	CDS		TTG	FF956_04080|CP040692_865587_865243_-1_TTG_114
CP040692	-867054	TAG	FF956_04095	-868343	1290	CDS		GTG	FF956_04095|CP040692_868343_867054_-2_GTG_429
CP040692	-868631	TGA	FF956_04100	-868924	294	CDS		GTG	FF956_04100|CP040692_868924_868631_-3_GTG_97
CP040692	-868937	TGA	FF956_04105	-869148	212	CDS	true	TCC	FF956_04105_p|CP040692_869148_868937_-1_TCC_70
CP040692	-869164	TAA	FF956_04110	-869559	396	CDS		ATC	FF956_04110|CP040692_869559_869164_-1_ATC_131
CP040692	-869654	TGA	FF956_04115	-870514	861	CDS		GTG	FF956_04115|CP040692_870514_869654_-3_GTG_286
CP040692	-871614	TAG	FF956_04125	-873101	1488	CDS		ATG	FF956_04125|CP040692_873101_871614_-2_ATG_495
CP040692	-873116	TGA	FF956_04130	-873823	708	CDS		ATG	FF956_04130|CP040692_873823_873116_-3_ATG_235
CP040692	-876110	TGA	FF956_04150	-877455	1346	CDS	true	GTG	FF956_04150_p|CP040692_877455_876110_-1_GTG_448
CP040692	-877598	TAG	FF956_04155	-878722	1125	CDS		ATG	FF956_04155|CP040692_878722_877598_-3_ATG_374
CP040692	-878722	TAA	FF956_04160	-879858	1137	CDS		GTG	FF956_04160|CP040692_879858_878722_-1_GTG_378
CP040692	-890721	TGA	FF956_04215	-892316	1596	CDS		ATG	FF956_04215|CP040692_892316_890721_-2_ATG_531
CP040692	-892313	TGA	FF956_04220	-893974	1662	CDS		GTG	FF956_04220|CP040692_893974_892313_-3_GTG_553
CP040692	-893971	TGA	FF956_04225	-895872	1902	CDS		GTG	FF956_04225|CP040692_895872_893971_-1_GTG_633
CP040692	-895883	TGA	FF956_04230	-896182	300	CDS		ATG	FF956_04230|CP040692_896182_895883_-3_ATG_99
CP040692	-896179	TGA	FF956_04235	-896967	789	CDS		ATG	FF956_04235|CP040692_896967_896179_-1_ATG_262
CP040692	-896964	TGA	FF956_04240	-897599	636	CDS		GTG	FF956_04240|CP040692_897599_896964_-2_GTG_211
CP040692	-897592	TAA	FF956_04245	-898824	1233	CDS		ATG	FF956_04245|CP040692_898824_897592_-1_ATG_410
CP040692	-898940	TGA	FF956_04250	-901360	2421	CDS		GTG	FF956_04250|CP040692_901360_898940_-3_GTG_806
CP040692	-901357	TGA	FF956_04255	-902694	1338	CDS		ATG	FF956_04255|CP040692_902694_901357_-1_ATG_445
CP040692	-902691	TGA	FF956_04260	-903449	759	CDS		GTG	FF956_04260|CP040692_903449_902691_-2_GTG_252
CP040692	-903446	TGA	FF956_04265	-904768	1323	CDS		ATG	FF956_04265|CP040692_904768_903446_-3_ATG_440
CP040692	-904768	TGA	FF956_04270	-905478	711	CDS		ATG	FF956_04270|CP040692_905478_904768_-1_ATG_236
CP040692	-905475	TGA	FF956_04275	-906029	555	CDS		GTG	FF956_04275|CP040692_906029_905475_-2_GTG_184
CP040692	-906038	TGA	FF956_04280	-906424	387	CDS		TTG	FF956_04280|CP040692_906424_906038_-3_TTG_128
CP040692	-908051	TAA	FF956_04290	-908452	402	CDS		GTG	FF956_04290|CP040692_908452_908051_-3_GTG_133
CP040692	-909040	TAA	FF956_04300	-910011	972	CDS		ATG	FF956_04300|CP040692_910011_909040_-1_ATG_323
CP040692	-910111	TAG	FF956_04305	-911316	1206	CDS		ATG	FF956_04305|CP040692_911316_910111_-1_ATG_401
CP040692	-911337	TAG	FF956_04310	-912743	1407	CDS		ATG	FF956_04310|CP040692_912743_911337_-2_ATG_468
CP040692	-912823	TGA	FF956_04315	-913911	1089	CDS		ATG	FF956_04315|CP040692_913911_912823_-1_ATG_362
CP040692	-913931	TAA	FF956_04320	-914713	783	CDS		GTG	FF956_04320|CP040692_914713_913931_-3_GTG_260
CP040692	-915170	TAA	FF956_04330	-916312	1143	CDS		ATG	FF956_04330|CP040692_916312_915170_-3_ATG_380
CP040692	-920057	TGA	FF956_04355	-921055	999	CDS		ATG	FF956_04355|CP040692_921055_920057_-3_ATG_332
CP040692	-922614	TAG	FF956_04365	-922945	332	CDS	true	GTG	FF956_04365_p|CP040692_922945_922614_-3_GTG_110
CP040692	-924422	TGA	FF956_04380	-925456	1035	CDS		GTG	FF956_04380|CP040692_925456_924422_-3_GTG_344
CP040692	-927228	TAA	FF956_04395	-928097	870	CDS		GTG	FF956_04395|CP040692_928097_927228_-2_GTG_289
CP040692	-928540	TAA	FF956_04400	-929034	495	CDS		TTG	FF956_04400|CP040692_929034_928540_-1_TTG_164
CP040692	-929044	TAG	FF956_04405	-929469	426	CDS		GTG	FF956_04405|CP040692_929469_929044_-1_GTG_141
CP040692	-929892	TGA	FF956_04415	-931094	1203	CDS		ATG	FF956_04415|CP040692_931094_929892_-2_ATG_400
CP040692	-931429	TGA	FF956_04420	-932031	603	CDS		ATG	FF956_04420|CP040692_932031_931429_-1_ATG_200
CP040692	-932028	TGA	FF956_04425	-932471	444	CDS		ATG	FF956_04425|CP040692_932471_932028_-2_ATG_147
CP040692	-932492	TGA	FF956_04430	-932794	303	CDS		ATG	FF956_04430|CP040692_932794_932492_-3_ATG_100
CP040692	-932796	TGA	FF956_04435	-933629	834	CDS		ATG	FF956_04435|CP040692_933629_932796_-2_ATG_277
CP040692	-933658	TAG	FF956_04440	-934827	1170	CDS		ATG	FF956_04440|CP040692_934827_933658_-1_ATG_389
CP040692	-934905	TAG	FF956_04445	-936152	1248	CDS		ATG	FF956_04445|CP040692_936152_934905_-2_ATG_415
CP040692	-936314	TGA	FF956_04455	-936844	531	CDS		GTG	FF956_04455|CP040692_936844_936314_-3_GTG_176
CP040692	-936861	TGA	FF956_04460	-937529	669	CDS		ATG	FF956_04460|CP040692_937529_936861_-2_ATG_222
CP040692	-937652	TGA	FF956_04465	-937903	252	CDS		ATG	FF956_04465|CP040692_937903_937652_-3_ATG_83
CP040692	-937920	TAA	FF956_04470	-938432	513	CDS		ATG	FF956_04470|CP040692_938432_937920_-2_ATG_170
CP040692	-938429	TGA	FF956_04475	-938824	396	CDS		ATG	FF956_04475|CP040692_938824_938429_-3_ATG_131
CP040692	-938875	TAA	FF956_04480	-939954	1080	CDS		ATG	FF956_04480|CP040692_939954_938875_-1_ATG_359
CP040692	-940103	TAA	FF956_04485	-940543	441	CDS		ATG	FF956_04485|CP040692_940543_940103_-3_ATG_146
CP040692	-942226	TGA	FF956_04495	-943596	1371	CDS		ATG	FF956_04495|CP040692_943596_942226_-1_ATG_456
CP040692	-949678	TGA	FF956_04540	-949998	321	CDS		GTG	FF956_04540|CP040692_949998_949678_-1_GTG_106
CP040692	-951918	TAG	FF956_04555	-953057	1140	CDS		GTG	FF956_04555|CP040692_953057_951918_-2_GTG_379
CP040692	-953155	TAA	FF956_04560	-953631	477	CDS		ATG	FF956_04560|CP040692_953631_953155_-1_ATG_158
CP040692	-956797	TAG	FF956_04580	-958488	1692	CDS		ATG	FF956_04580|CP040692_958488_956797_-1_ATG_563
CP040692	-958506	TAA	FF956_04585	-959393	888	CDS		ATG	FF956_04585|CP040692_959393_958506_-2_ATG_295
CP040692	-959840	TAG	FF956_04595	-960052	213	CDS		TTG	FF956_04595|CP040692_960052_959840_-3_TTG_70
CP040692	-960332	TGA	FF956_04600	-961843	1512	CDS		ATG	FF956_04600|CP040692_961843_960332_-3_ATG_503
CP040692	-961840	TGA	FF956_04605	-963264	1425	CDS		ATG	FF956_04605|CP040692_963264_961840_-1_ATG_474
CP040692	-963261	TGA	FF956_04610	-964679	1419	CDS		ATG	FF956_04610|CP040692_964679_963261_-2_ATG_472
CP040692	-964717	TGA	FF956_04615	-965823	1107	CDS		ATG	FF956_04615|CP040692_965823_964717_-1_ATG_368
CP040692	-965854	TAG	FF956_04620	-966684	831	CDS		ATG	FF956_04620|CP040692_966684_965854_-1_ATG_276
CP040692	-966681	TGA	FF956_04625	-967607	927	CDS		ATG	FF956_04625|CP040692_967607_966681_-2_ATG_308
CP040692	-967613	TGA	FF956_04630	-969100	1488	CDS		ATG	FF956_04630|CP040692_969100_967613_-3_ATG_495
CP040692	-970326	TAG	FF956_04640	-971564	1239	CDS		GTG	FF956_04640|CP040692_971564_970326_-2_GTG_412
CP040692	-975850	TGA	FF956_04655	-976251	402	CDS		TTG	FF956_04655|CP040692_976251_975850_-1_TTG_133
CP040692	-976252	TAA	FF956_04660	-978063	1812	CDS		ATG	FF956_04660|CP040692_978063_976252_-1_ATG_603
CP040692	-978056	TAA	FF956_04665	-978532	477	CDS		ATG	FF956_04665|CP040692_978532_978056_-3_ATG_158
CP040692	-979551	TAG	FF956_04675	-980825	1275	CDS		ATG	FF956_04675|CP040692_980825_979551_-2_ATG_424
CP040692	-982031	TGA	FF956_04690	-983140	1110	CDS		ATG	FF956_04690|CP040692_983140_982031_-3_ATG_369
CP040692	-983137	TGA	FF956_04695	-983517	381	CDS		ATG	FF956_04695|CP040692_983517_983137_-1_ATG_126
CP040692	-983514	TGA	FF956_04700	-983912	399	CDS		GTG	FF956_04700|CP040692_983912_983514_-2_GTG_132
CP040692	-985766	TGA	FF956_04715	-986176	411	CDS		TTG	FF956_04715|CP040692_986176_985766_-3_TTG_136
CP040692	-986289	TGA	FF956_04720	-986897	609	CDS		TTG	FF956_04720|CP040692_986897_986289_-2_TTG_202
CP040692	-986894	TGA	FF956_04725	-987217	324	CDS		TTG	FF956_04725|CP040692_987217_986894_-3_TTG_107
CP040692	-988085	TAG	FF956_04735	-990361	2277	CDS		GTG	FF956_04735|CP040692_990361_988085_-3_GTG_758
CP040692	-990497	TGA	FF956_04740	-992020	1524	CDS		GTG	FF956_04740|CP040692_992020_990497_-3_GTG_507
CP040692	-996242	TAG	FF956_04755	-996427	186	CDS		ATG	FF956_04755|CP040692_996427_996242_-3_ATG_61
CP040692	-996702	TAG	FF956_04760	-998180	1479	CDS		ATG	FF956_04760|CP040692_998180_996702_-2_ATG_492
CP040692	-999927	TAG	FF956_04775	-1000967	1041	CDS		ATG	FF956_04775|CP040692_1000967_999927_-2_ATG_346
CP040692	-1000977	TGA	FF956_04780	-1001591	615	CDS		GTG	FF956_04780|CP040692_1001591_1000977_-2_GTG_204
CP040692	-1010333	TGA	FF956_04835	-1011373	1041	CDS		ATG	FF956_04835|CP040692_1011373_1010333_-3_ATG_346
CP040692	-1011443	TAG	FF956_04840	-1012522	1080	CDS		ATG	FF956_04840|CP040692_1012522_1011443_-3_ATG_359
CP040692	-1021197	TAG	FF956_04890	-1022279	1083	CDS		TTG	FF956_04890|CP040692_1022279_1021197_-2_TTG_360
CP040692	-1023730	TAG	FF956_04900	-1024278	549	CDS		ATG	FF956_04900|CP040692_1024278_1023730_-1_ATG_182
CP040692	-1024457	TAG	FF956_04905	-1024846	390	CDS		GTG	FF956_04905|CP040692_1024846_1024457_-3_GTG_129
CP040692	-1024880	TAG	FF956_04910	-1026124	1245	CDS		ATG	FF956_04910|CP040692_1026124_1024880_-3_ATG_414
CP040692	-1026156	TGA	FF956_04915	-1027736	1581	CDS		TTG	FF956_04915|CP040692_1027736_1026156_-2_TTG_526
CP040692	-1027733	TGA	FF956_04920	-1028557	825	CDS		ATG	FF956_04920|CP040692_1028557_1027733_-3_ATG_274
CP040692	-1034908	CCA	FF956_04955	-1035036	129	CDS	true	TTG	FF956_04955_p|CP040692_1035036_1034908_-1_TTG_43
CP040692	-1038832	TAG	FF956_04980	-1039461	630	CDS		ATG	FF956_04980|CP040692_1039461_1038832_-1_ATG_209
CP040692	-1042748	TGA	FF956_04995	-1043404	657	CDS		GTG	FF956_04995|CP040692_1043404_1042748_-3_GTG_218
CP040692	-1047952	TAA	FF956_05020	-1048575	624	CDS		ATG	FF956_05020|CP040692_1048575_1047952_-1_ATG_207
CP040692	-1049378	TGA	FF956_05030	-1050499	1122	CDS		ATG	FF956_05030|CP040692_1050499_1049378_-3_ATG_373
CP040692	-1051522	TGA	FF956_05040	-1051860	339	CDS		ATG	FF956_05040|CP040692_1051860_1051522_-1_ATG_112
CP040692	-1055937	TGA	FF956_05060	-1056596	660	CDS		ATG	FF956_05060|CP040692_1056596_1055937_-2_ATG_219
CP040692	-1056641	TAA	FF956_05065	-1057606	966	CDS		ATG	FF956_05065|CP040692_1057606_1056641_-3_ATG_321
CP040692	-1058667	TAA	FF956_05080	-1060109	1443	CDS		GTG	FF956_05080|CP040692_1060109_1058667_-2_GTG_480
CP040692	-1062653	GGG	FF956_05095	-1063939	1287	CDS	true	ATG	FF956_05095_p|CP040692_1063939_1062653_-3_ATG_429
CP040692	-1066791	TAG	FF956_05120	-1067282	492	CDS		ATG	FF956_05120|CP040692_1067282_1066791_-2_ATG_163
CP040692	-1068416	TAG	FF956_05130	-1069117	702	CDS		GTG	FF956_05130|CP040692_1069117_1068416_-3_GTG_233
CP040692	-1072146	TAA	FF956_05150	-1073099	954	CDS		GTG	FF956_05150|CP040692_1073099_1072146_-2_GTG_317
CP040692	-1073182	TGA	FF956_05155	-1075410	2229	CDS		ATG	FF956_05155|CP040692_1075410_1073182_-1_ATG_742
CP040692	-1075502	TGA	FF956_05160	-1076146	645	CDS		ATG	FF956_05160|CP040692_1076146_1075502_-3_ATG_214
CP040692	-1078875	TAG	FF956_05175	-1079420	546	CDS		GTG	FF956_05175|CP040692_1079420_1078875_-2_GTG_181
CP040692	-1083332	TGA	FF956_05200	-1083526	195	CDS		ATG	FF956_05200|CP040692_1083526_1083332_-3_ATG_64
CP040692	-1088429	TGA	FF956_05225	-1089277	849	CDS		GTG	FF956_05225|CP040692_1089277_1088429_-3_GTG_282
CP040692	-1089284	TGA	FF956_05230	-1089477	194	CDS	true	GTC	FF956_05230_p|CP040692_1089477_1089284_-1_GTC_64
CP040692	-1097092	TAG	FF956_05265	-1097277	186	CDS		ATG	FF956_05265|CP040692_1097277_1097092_-1_ATG_61
CP040692	-1097917	TGA	FF956_05275	-1098849	933	CDS		ATG	FF956_05275|CP040692_1098849_1097917_-1_ATG_310
CP040692	-1098922	TAG	FF956_05280	-1100142	1221	CDS		GTG	FF956_05280|CP040692_1100142_1098922_-1_GTG_406
CP040692	-1101706	TGA	FF956_05290	-1102161	456	CDS	true	CCG	FF956_05290_p|CP040692_1102161_1101706_-1_CCG_151
CP040692	-1105081	TAG	FF956_05315	-1105908	828	CDS		ATG	FF956_05315|CP040692_1105908_1105081_-1_ATG_275
CP040692	-1105979	TGA	FF956_05320	-1106710	732	CDS		GTG	FF956_05320|CP040692_1106710_1105979_-3_GTG_243
CP040692	-1108843	TAA	FF956_05335	-1110087	1245	CDS		ATG	FF956_05335|CP040692_1110087_1108843_-1_ATG_414
CP040692	-1110113	TGA	FF956_05340	-1110925	813	CDS		ATG	FF956_05340|CP040692_1110925_1110113_-3_ATG_270
CP040692	-1112434	TGA	FF956_05350	-1112751	318	CDS		ATG	FF956_05350|CP040692_1112751_1112434_-1_ATG_105
CP040692	-1125039	TAA	FF956_05385	-1125840	802	CDS	true	ATG	FF956_05385_p|CP040692_1125840_1125039_-1_ATG_267
CP040692	-1125840	TGA	FF956_05390	-1127081	1242	CDS		ATG	FF956_05390|CP040692_1127081_1125840_-2_ATG_413
CP040692	-1127713	TGA	FF956_05400	-1130475	2763	CDS		ATG	FF956_05400|CP040692_1130475_1127713_-1_ATG_920
CP040692	-1130468	TAG	FF956_05405	-1132210	1743	CDS		ATG	FF956_05405|CP040692_1132210_1130468_-3_ATG_580
CP040692	-1139328	TGA	FF956_05415	-1140596	1269	CDS		ATG	FF956_05415|CP040692_1140596_1139328_-2_ATG_422
CP040692	-1140643	TGA	FF956_05420	-1141473	831	CDS		ATG	FF956_05420|CP040692_1141473_1140643_-1_ATG_276
CP040692	-1141470	TGA	FF956_05425	-1142339	870	CDS		ATG	FF956_05425|CP040692_1142339_1141470_-2_ATG_289
CP040692	-1142336	TGA	FF956_05430	-1143331	996	CDS		ATG	FF956_05430|CP040692_1143331_1142336_-3_ATG_331
CP040692	-1143342	TGA	FF956_05435	-1147808	4467	CDS		GTG	FF956_05435|CP040692_1147808_1143342_-2_GTG_1488
CP040692	-1147814	TAA	FF956_05440	-1153297	5484	CDS		ATG	FF956_05440|CP040692_1153297_1147814_-3_ATG_1827
CP040692	-1153294	TGA	FF956_05445	-1159860	6567	CDS		ATG	FF956_05445|CP040692_1159860_1153294_-1_ATG_2188
CP040692	-1159857	TGA	FF956_05450	-1164473	4617	CDS		GTG	FF956_05450|CP040692_1164473_1159857_-2_GTG_1538
CP040692	-1164470	TGA	FF956_05455	-1170100	5631	CDS		ATG	FF956_05455|CP040692_1170100_1164470_-3_ATG_1876
CP040692	-1170097	TGA	FF956_05460	-1171848	1752	CDS		ATG	FF956_05460|CP040692_1171848_1170097_-1_ATG_583
CP040692	-1172264	TGA	FF956_05465	-1172575	312	CDS		ATG	FF956_05465|CP040692_1172575_1172264_-3_ATG_103
CP040692	-1172580	TAA	FF956_05470	-1173347	768	CDS		ATG	FF956_05470|CP040692_1173347_1172580_-2_ATG_255
CP040692	-1187134	TGA	FF956_05535	-1189014	1881	CDS		GTG	FF956_05535|CP040692_1189014_1187134_-1_GTG_626
CP040692	-1196163	TAG	FF956_05565	-1197038	876	CDS		ATG	FF956_05565|CP040692_1197038_1196163_-2_ATG_291
CP040692	-1199805	TGA	FF956_05595	-1200749	945	CDS		ATG	FF956_05595|CP040692_1200749_1199805_-2_ATG_314
CP040692	-1211980	TAG	FF956_05655	-1212957	978	CDS		ATG	FF956_05655|CP040692_1212957_1211980_-1_ATG_325
CP040692	-1214362	TGA	FF956_05665	-1215111	750	CDS		TTG	FF956_05665|CP040692_1215111_1214362_-1_TTG_249
CP040692	-1218527	TAG	FF956_05685	-1218946	420	CDS		ATG	FF956_05685|CP040692_1218946_1218527_-3_ATG_139
CP040692	-1221227	TGA	FF956_05700	-1221985	759	CDS		ATG	FF956_05700|CP040692_1221985_1221227_-3_ATG_252
CP040692	-1227510	TAG	FF956_05745	-1227824	315	CDS		ATG	FF956_05745|CP040692_1227824_1227510_-2_ATG_104
CP040692	-1227876	TAA	FF956_05750	-1228457	582	CDS		ATG	FF956_05750|CP040692_1228457_1227876_-2_ATG_193
CP040692	-1228553	TGA	FF956_05755	-1230640	2088	CDS		ATG	FF956_05755|CP040692_1230640_1228553_-3_ATG_695
CP040692	-1230633	TGA	FF956_05760	-1230824	192	CDS		ATG	FF956_05760|CP040692_1230824_1230633_-2_ATG_63
CP040692	-1230920	TAA	FF956_05765	-1231582	663	CDS		ATG	FF956_05765|CP040692_1231582_1230920_-3_ATG_220
CP040692	-1231662	TAA	FF956_05770	-1232105	444	CDS		ATG	FF956_05770|CP040692_1232105_1231662_-2_ATG_147
CP040692	-1232092	TGA	FF956_05775	-1232349	258	CDS		GTG	FF956_05775|CP040692_1232349_1232092_-1_GTG_85
CP040692	-1237402	TAG	FF956_05800	-1237665	264	CDS		GTG	FF956_05800|CP040692_1237665_1237402_-1_GTG_87
CP040692	-1237669	TGA	FF956_05805	-1237950	282	CDS		ATG	FF956_05805|CP040692_1237950_1237669_-1_ATG_93
CP040692	-1240115	TGA	FF956_05815	-1240495	381	CDS		ATG	FF956_05815|CP040692_1240495_1240115_-3_ATG_126
CP040692	-1240492	TGA	FF956_05820	-1240686	195	CDS		ATG	FF956_05820|CP040692_1240686_1240492_-1_ATG_64
CP040692	-1246957	TGA	FF956_05855	-1247139	183	CDS		ATG	FF956_05855|CP040692_1247139_1246957_-1_ATG_60
CP040692	-1247060	TGA	FF956_05860	-1247275	216	CDS		ATG	FF956_05860|CP040692_1247275_1247060_-3_ATG_71
CP040692	-1247287	TAA	FF956_05865	-1247619	333	CDS		GTG	FF956_05865|CP040692_1247619_1247287_-1_GTG_110
CP040692	-1247685	TGA	FF956_05870	-1248803	1119	CDS		ATG	FF956_05870|CP040692_1248803_1247685_-2_ATG_372
CP040692	-1248903	TGA	FF956_05875	-1250282	1380	CDS		ATG	FF956_05875|CP040692_1250282_1248903_-2_ATG_459
CP040692	-1250295	TGA	FF956_05880	-1251335	1041	CDS		GTG	FF956_05880|CP040692_1251335_1250295_-2_GTG_346
CP040692	-1251372	TGA	FF956_05885	-1253219	1848	CDS		ATG	FF956_05885|CP040692_1253219_1251372_-2_ATG_615
CP040692	-1264286	TAG	FF956_05930	-1264774	489	CDS		ATG	FF956_05930|CP040692_1264774_1264286_-3_ATG_162
CP040692	-1264771	TGA	FF956_05935	-1265316	546	CDS		GTG	FF956_05935|CP040692_1265316_1264771_-1_GTG_181
CP040692	-1277467	TAG	FF956_05995	-1278216	750	CDS		ATG	FF956_05995|CP040692_1278216_1277467_-1_ATG_249
CP040692	-1297733	TGA	FF956_06085	-1298545	813	CDS		ATG	FF956_06085|CP040692_1298545_1297733_-3_ATG_270
CP040692	-1298542	TGA	FF956_06090	-1299951	1410	CDS		GTG	FF956_06090|CP040692_1299951_1298542_-1_GTG_469
CP040692	-1300022	TAG	FF956_06095	-1300630	609	CDS		GTG	FF956_06095|CP040692_1300630_1300022_-3_GTG_202
CP040692	-1301050	TGA	FF956_06105	-1301361	312	CDS		ATG	FF956_06105|CP040692_1301361_1301050_-1_ATG_103
CP040692	-1301466	TAA	FF956_06110	-1301723	258	CDS		GTG	FF956_06110|CP040692_1301723_1301466_-2_GTG_85
CP040692	-1301957	TAA	FF956_06115	-1303111	1155	CDS		GTG	FF956_06115|CP040692_1303111_1301957_-3_GTG_384
CP040692	-1303310	TAG	FF956_06120	-1303501	192	CDS		GTG	FF956_06120|CP040692_1303501_1303310_-3_GTG_63
CP040692	-1303498	TGA	FF956_06125	-1303902	405	CDS		ATG	FF956_06125|CP040692_1303902_1303498_-1_ATG_134
CP040692	-1303975	TGA	FF956_06130	-1304340	366	CDS		GTG	FF956_06130|CP040692_1304340_1303975_-1_GTG_121
CP040692	-1304480	TGA	FF956_06135	-1304755	276	CDS		ATG	FF956_06135|CP040692_1304755_1304480_-3_ATG_91
CP040692	-1306704	TAA	FF956_06155	-1308353	1650	CDS		GTG	FF956_06155|CP040692_1308353_1306704_-2_GTG_549
CP040692	-1308372	TAG	FF956_06160	-1309001	630	CDS		TTG	FF956_06160|CP040692_1309001_1308372_-2_TTG_209
CP040692	-1319124	TGA	FF956_06215	-1319810	687	CDS	true	GTG	FF956_06215_p|CP040692_1319810_1319124_-2_GTG_228
CP040692	-1319895	TGA	FF956_06220	-1321658	1764	CDS		ATG	FF956_06220|CP040692_1321658_1319895_-2_ATG_587
CP040692	-1328834	TGA	FF956_06255	-1329949	1116	CDS		ATG	FF956_06255|CP040692_1329949_1328834_-3_ATG_371
CP040692	-1333400	TAA	FF956_06280	-1333861	462	CDS		ATG	FF956_06280|CP040692_1333861_1333400_-3_ATG_153
CP040692	-1341397	TAG	FF956_06335	-1342134	738	CDS		ATG	FF956_06335|CP040692_1342134_1341397_-1_ATG_245
CP040692	-1352242	TGA	FF956_06405	-1353132	891	CDS		ATG	FF956_06405|CP040692_1353132_1352242_-1_ATG_296
CP040692	-1353136	TAG	FF956_06410	-1353954	819	CDS		GTG	FF956_06410|CP040692_1353954_1353136_-1_GTG_272
CP040692	-1353951	TGA	FF956_06415	-1354265	315	CDS		ATG	FF956_06415|CP040692_1354265_1353951_-2_ATG_104
CP040692	-1356984	TAG	FF956_06425	-1357508	525	CDS		GTG	FF956_06425|CP040692_1357508_1356984_-2_GTG_174
CP040692	-1361279	TGA	FF956_06455	-1362856	1578	CDS		ATG	FF956_06455|CP040692_1362856_1361279_-3_ATG_525
CP040692	-1362915	TGA	FF956_06460	-1363181	267	CDS		GTG	FF956_06460|CP040692_1363181_1362915_-2_GTG_88
CP040692	-1363088	TAG	FF956_06465	-1363537	450	CDS		ATG	FF956_06465|CP040692_1363537_1363088_-3_ATG_149
CP040692	-1364978	TGA	FF956_06480	-1365151	174	CDS		GTG	FF956_06480|CP040692_1365151_1364978_-3_GTG_57
CP040692	-1369095	TGA	FF956_06500	-1369949	855	CDS		ATG	FF956_06500|CP040692_1369949_1369095_-2_ATG_284
CP040692	-1370047	TAA	FF956_06505	-1370322	276	CDS		GTG	FF956_06505|CP040692_1370322_1370047_-1_GTG_91
CP040692	-1372392	TAA	FF956_06520	-1373744	1353	CDS		ATG	FF956_06520|CP040692_1373744_1372392_-2_ATG_450
CP040692	-1373752	TGA	FF956_06525	-1374228	477	CDS		ATG	FF956_06525|CP040692_1374228_1373752_-1_ATG_158
CP040692	-1380668	TGA	FF956_06560	-1381861	1194	CDS		ATG	FF956_06560|CP040692_1381861_1380668_-3_ATG_397
CP040692	-1381887	TGA	FF956_06565	-1382135	249	CDS		ATG	FF956_06565|CP040692_1382135_1381887_-2_ATG_82
CP040692	-1384272	TGA	FF956_06575	-1384982	711	CDS		ATG	FF956_06575|CP040692_1384982_1384272_-2_ATG_236
CP040692	-1386912	TGA	FF956_06595	-1387598	687	CDS		ATG	FF956_06595|CP040692_1387598_1386912_-2_ATG_228
CP040692	-1387647	TGA	FF956_06600	-1388672	1026	CDS		ATG	FF956_06600|CP040692_1388672_1387647_-2_ATG_341
CP040692	-1388731	TAA	FF956_06605	-1389705	975	CDS		ATG	FF956_06605|CP040692_1389705_1388731_-1_ATG_324
CP040692	-1389923	TGA	FF956_06610	-1390924	1002	CDS	true	GTC	FF956_06610_p|CP040692_1390924_1389923_-3_GTC_333
CP040692	-1392146	TGA	FF956_06620	-1392838	693	CDS		ATG	FF956_06620|CP040692_1392838_1392146_-3_ATG_230
CP040692	-1392971	TGA	FF956_06625	-1393942	972	CDS		ATG	FF956_06625|CP040692_1393942_1392971_-3_ATG_323
CP040692	-1394118	TAG	FF956_06630	-1394564	447	CDS		ATG	FF956_06630|CP040692_1394564_1394118_-2_ATG_148
CP040692	-1394856	TAG	FF956_06640	-1395830	975	CDS		ATG	FF956_06640|CP040692_1395830_1394856_-2_ATG_324
CP040692	-1396517	TAG	FF956_06655	-1396945	429	CDS		ATG	FF956_06655|CP040692_1396945_1396517_-3_ATG_142
CP040692	-1396982	TGA	FF956_06660	-1398568	1587	CDS		GTG	FF956_06660|CP040692_1398568_1396982_-3_GTG_528
CP040692	-1398748	TGA	FF956_06665	-1399545	798	CDS		ATG	FF956_06665|CP040692_1399545_1398748_-1_ATG_265
CP040692	-1400550	TGA	FF956_06675	-1401200	651	CDS		GTG	FF956_06675|CP040692_1401200_1400550_-2_GTG_216
CP040692	-1401744	TGA	FF956_06685	-1402229	486	CDS		GTG	FF956_06685|CP040692_1402229_1401744_-2_GTG_161
CP040692	-1403779	TGA	FF956_06700	-1404486	708	CDS		ATG	FF956_06700|CP040692_1404486_1403779_-1_ATG_235
CP040692	-1405716	TAA	FF956_06715	-1406378	663	CDS		ATG	FF956_06715|CP040692_1406378_1405716_-2_ATG_220
CP040692	-1406375	TGA	FF956_06720	-1407058	684	CDS		ATG	FF956_06720|CP040692_1407058_1406375_-3_ATG_227
CP040692	-1409126	TGA	FF956_06730	-1409383	258	CDS		GTG	FF956_06730|CP040692_1409383_1409126_-3_GTG_85
CP040692	-1413133	TAA	FF956_06755	-1414419	1287	CDS		ATG	FF956_06755|CP040692_1414419_1413133_-1_ATG_428
CP040692	-1414499	TGA	FF956_06760	-1415788	1290	CDS		GTG	FF956_06760|CP040692_1415788_1414499_-3_GTG_429
CP040692	-1415793	TGA	FF956_06765	-1416290	498	CDS		ATG	FF956_06765|CP040692_1416290_1415793_-2_ATG_165
CP040692	-1416322	GGC	FF956_06770	-1416529	208	CDS	true	GTG	FF956_06770_p|CP040692_1416529_1416322_-3_GTG_69
CP040692	-1418347	TAG	FF956_06780	-1419663	1317	CDS		ATG	FF956_06780|CP040692_1419663_1418347_-1_ATG_438
CP040692	-1419665	TGA	FF956_06785	-1420297	633	CDS		TTG	FF956_06785|CP040692_1420297_1419665_-3_TTG_210
CP040692	-1420406	TGA	FF956_06790	-1421236	831	CDS		ATG	FF956_06790|CP040692_1421236_1420406_-3_ATG_276
CP040692	-1425235	TAG	FF956_06815	-1425645	411	CDS		ATG	FF956_06815|CP040692_1425645_1425235_-1_ATG_136
CP040692	-1425814	TGA	FF956_06825	-1427115	1302	CDS		GTG	FF956_06825|CP040692_1427115_1425814_-1_GTG_433
CP040692	-1427138	TGA	FF956_06830	-1428724	1587	CDS		ATG	FF956_06830|CP040692_1428724_1427138_-3_ATG_528
CP040692	-1428791	TGA	FF956_06835	-1429567	777	CDS		ATG	FF956_06835|CP040692_1429567_1428791_-3_ATG_258
CP040692	-1430653	TGA	FF956_06845	-1431123	471	CDS		GTG	FF956_06845|CP040692_1431123_1430653_-1_GTG_156
CP040692	-1431152	TGA	FF956_06850	-1431673	522	CDS		ATG	FF956_06850|CP040692_1431673_1431152_-3_ATG_173
CP040692	-1431752	TGA	FF956_06855	-1432510	759	CDS		ATG	FF956_06855|CP040692_1432510_1431752_-3_ATG_252
CP040692	-1432553	AAT	FF956_06860	-1433335	783	CDS	true	ATG	FF956_06860_p|CP040692_1433335_1432553_-3_ATG_261
CP040692	-1433426	TAA	FF956_06870	-1433707	282	CDS		ATG	FF956_06870|CP040692_1433707_1433426_-3_ATG_93
CP040692	-1434055	TAA	FF956_06880	-1434309	255	CDS		GTG	FF956_06880|CP040692_1434309_1434055_-1_GTG_84
CP040692	-1434320	TGA	FF956_06885	-1434553	234	CDS		GTG	FF956_06885|CP040692_1434553_1434320_-3_GTG_77
CP040692	-1434652	TAG	FF956_06890	-1434924	273	CDS		ATG	FF956_06890|CP040692_1434924_1434652_-1_ATG_90
CP040692	-1442782	TGA	FF956_06955	-1443033	252	CDS		TTG	FF956_06955|CP040692_1443033_1442782_-1_TTG_83
CP040692	-1443021	TGA	FF956_06960	-1443485	465	CDS		TTG	FF956_06960|CP040692_1443485_1443021_-2_TTG_154
CP040692	-1443499	TGA	FF956_06965	-1444497	999	CDS		GTG	FF956_06965|CP040692_1444497_1443499_-1_GTG_332
CP040692	-1444494	TGA	FF956_06970	-1444925	432	CDS		ATG	FF956_06970|CP040692_1444925_1444494_-2_ATG_143
CP040692	-1445970	TGA	FF956_06995	-1446143	174	CDS		ATC	FF956_06995|CP040692_1446143_1445970_-2_ATC_57
CP040692	-1446216	TGA	FF956_07000	-1446452	237	CDS		ATC	FF956_07000|CP040692_1446452_1446216_-2_ATC_78
CP040692	-1446642	TAG	FF956_07005	-1448138	1497	CDS		ATG	FF956_07005|CP040692_1448138_1446642_-2_ATG_498
CP040692	-1448135	TGA	FF956_07010	-1448515	381	CDS		ATG	FF956_07010|CP040692_1448515_1448135_-3_ATG_126
CP040692	-1448651	TAA	FF956_07015	-1449109	459	CDS		ATG	FF956_07015|CP040692_1449109_1448651_-3_ATG_152
CP040692	-1450197	TGA	FF956_07030	-1450643	447	CDS		ATG	FF956_07030|CP040692_1450643_1450197_-2_ATG_148
CP040692	-1450806	TGA	FF956_07035	-1451462	657	CDS		ATG	FF956_07035|CP040692_1451462_1450806_-2_ATG_218
CP040692	-1451658	TGA	FF956_07040	-1452335	678	CDS		GTG	FF956_07040|CP040692_1452335_1451658_-2_GTG_225
CP040692	-1452336	TGA	FF956_07045	-1452578	243	CDS		ATG	FF956_07045|CP040692_1452578_1452336_-2_ATG_80
CP040692	-1456178	TGA	FF956_07070	-1457476	1299	CDS		ATG	FF956_07070|CP040692_1457476_1456178_-3_ATG_432
CP040692	-1457615	TGA	FF956_07075	-1458154	540	CDS		ATG	FF956_07075|CP040692_1458154_1457615_-3_ATG_179
CP040692	-1458156	TAG	FF956_07080	-1459280	1125	CDS		ATG	FF956_07080|CP040692_1459280_1458156_-2_ATG_374
CP040692	-1459627	TAA	FF956_07085	-1459989	363	CDS		ATG	FF956_07085|CP040692_1459989_1459627_-1_ATG_120
CP040692	-1464561	TAG	FF956_07110	-1465454	894	CDS		ATG	FF956_07110|CP040692_1465454_1464561_-2_ATG_297
CP040692	-1465590	TGA	FF956_07115	-1466411	822	CDS		ATG	FF956_07115|CP040692_1466411_1465590_-2_ATG_273
CP040692	-1467936	TGA	FF956_07135	-1468613	678	CDS		GTG	FF956_07135|CP040692_1468613_1467936_-2_GTG_225
CP040692	-1469217	TGA	FF956_07145	-1469717	501	CDS	true	GTG	FF956_07145_p|CP040692_1469717_1469217_-2_GTG_166
CP040692	-1471453	TAG	FF956_07155	-1471680	228	CDS		GTG	FF956_07155|CP040692_1471680_1471453_-1_GTG_75
CP040692	-1478268	TAA	FF956_07190	-1480010	1743	CDS		ATG	FF956_07190|CP040692_1480010_1478268_-2_ATG_580
CP040692	-1480184	TGA	FF956_07195	-1480858	675	CDS		ATG	FF956_07195|CP040692_1480858_1480184_-3_ATG_224
CP040692	-1484272	TGA	FF956_07220	-1484712	441	CDS		ATG	FF956_07220|CP040692_1484712_1484272_-1_ATG_146
CP040692	-1484699	TGA	FF956_07225	-1484986	288	CDS		ATG	FF956_07225|CP040692_1484986_1484699_-3_ATG_95
CP040692	-1485097	TAG	FF956_07230	-1486668	1572	CDS		ATG	FF956_07230|CP040692_1486668_1485097_-1_ATG_523
CP040692	-1486665	TGA	FF956_07235	-1487066	402	CDS		GTG	FF956_07235|CP040692_1487066_1486665_-2_GTG_133
CP040692	-1487148	TAA	FF956_07240	-1487579	432	CDS		ATG	FF956_07240|CP040692_1487579_1487148_-2_ATG_143
CP040692	-1487576	TGA	FF956_07245	-1488070	495	CDS		GTG	FF956_07245|CP040692_1488070_1487576_-3_GTG_164
CP040692	-1488081	TAG	FF956_07250	-1488701	621	CDS		GTG	FF956_07250|CP040692_1488701_1488081_-2_GTG_206
CP040692	-1488918	TGA	FF956_07255	-1489322	405	CDS		GTG	FF956_07255|CP040692_1489322_1488918_-2_GTG_134
CP040692	-1489319	TGA	FF956_07260	-1489564	246	CDS		ATG	FF956_07260|CP040692_1489564_1489319_-3_ATG_81
CP040692	-1491874	TAG	FF956_07280	-1493505	1632	CDS		ATG	FF956_07280|CP040692_1493505_1491874_-1_ATG_543
CP040692	-1493679	TGA	FF956_07285	-1497185	3507	CDS		ATG	FF956_07285|CP040692_1497185_1493679_-2_ATG_1168
CP040692	-1497347	TGA	FF956_07290	-1498696	1350	CDS		GTG	FF956_07290|CP040692_1498696_1497347_-3_GTG_449
CP040692	-1507316	TAG	FF956_07330	-1508242	927	CDS		ATG	FF956_07330|CP040692_1508242_1507316_-3_ATG_308
CP040692	-1510515	TGA	FF956_07345	-1511417	903	CDS		ATG	FF956_07345|CP040692_1511417_1510515_-2_ATG_300
CP040692	-1512549	TAG	FF956_07355	-1514138	1590	CDS		GTG	FF956_07355|CP040692_1514138_1512549_-2_GTG_529
CP040692	-1514836	TAG	FF956_07365	-1515717	882	CDS		ATG	FF956_07365|CP040692_1515717_1514836_-1_ATG_293
CP040692	-1515747	TAG	FF956_07370	-1516250	504	CDS		ATG	FF956_07370|CP040692_1516250_1515747_-2_ATG_167
CP040692	-1516273	TAG	FF956_07375	-1517148	876	CDS		ATT	FF956_07375|CP040692_1517148_1516273_-1_ATT_291
CP040692	-1520155	TGA	FF956_07390	-1520544	390	CDS		GTG	FF956_07390|CP040692_1520544_1520155_-1_GTG_129
CP040692	-1522607	TAA	FF956_07405	-1525261	2655	CDS		ATG	FF956_07405|CP040692_1525261_1522607_-3_ATG_884
CP040692	-1525261	TAA	FF956_07410	-1528683	3423	CDS		GTG	FF956_07410|CP040692_1528683_1525261_-1_GTG_1140
CP040692	-1528694	TGA	FF956_07415	-1530445	1752	CDS		ATG	FF956_07415|CP040692_1530445_1528694_-3_ATG_583
CP040692	-1530722	TAG	FF956_07420	-1531714	993	CDS		ATG	FF956_07420|CP040692_1531714_1530722_-3_ATG_330
CP040692	-1531717	TAG	FF956_07425	-1532768	1052	CDS	true	ATG	FF956_07425_p|CP040692_1532768_1531717_-2_ATG_350
CP040692	-1532911	TAA	FF956_07430	-1533648	738	CDS		ATG	FF956_07430|CP040692_1533648_1532911_-1_ATG_245
CP040692	-1534005	TAG	FF956_07445	-1534982	978	CDS		ATG	FF956_07445|CP040692_1534982_1534005_-2_ATG_325
CP040692	-1536516	TGA	FF956_07455	-1537226	711	CDS		TTG	FF956_07455|CP040692_1537226_1536516_-2_TTG_236
CP040692	-1537311	TGA	FF956_07460	-1537985	675	CDS		TTG	FF956_07460|CP040692_1537985_1537311_-2_TTG_224
CP040692	-1545820	TGA	FF956_07515	-1546197	378	CDS		GTG	FF956_07515|CP040692_1546197_1545820_-1_GTG_125
CP040692	-1546194	TGA	FF956_07520	-1546451	258	CDS		ATG	FF956_07520|CP040692_1546451_1546194_-2_ATG_85
CP040692	-1546490	TAA	FF956_07525	-1546903	414	CDS		ATG	FF956_07525|CP040692_1546903_1546490_-3_ATG_137
CP040692	-1546996	TAG	FF956_07530	-1547274	279	CDS		GTG	FF956_07530|CP040692_1547274_1546996_-1_GTG_92
CP040692	-1547271	TGA	FF956_07535	-1547933	663	CDS		TTG	FF956_07535|CP040692_1547933_1547271_-2_TTG_220
CP040692	-1547930	TGA	FF956_07540	-1548589	660	CDS		GTG	FF956_07540|CP040692_1548589_1547930_-3_GTG_219
CP040692	-1548716	TGA	FF956_07550	-1549927	1212	CDS		GTG	FF956_07550|CP040692_1549927_1548716_-3_GTG_403
CP040692	-1550223	TGA	FF956_07555	-1550630	408	CDS		ATG	FF956_07555|CP040692_1550630_1550223_-2_ATG_135
CP040692	-1553913	TAA	FF956_07580	-1554605	693	CDS		ATG	FF956_07580|CP040692_1554605_1553913_-2_ATG_230
CP040692	-1560741	TGA	FF956_07620	-1562132	1392	CDS		GTG	FF956_07620|CP040692_1562132_1560741_-2_GTG_463
CP040692	-1563291	TAG	FF956_07630	-1563692	402	CDS		ATG	FF956_07630|CP040692_1563692_1563291_-2_ATG_133
CP040692	-1563689	TGA	FF956_07635	-1563916	228	CDS		ATG	FF956_07635|CP040692_1563916_1563689_-3_ATG_75
CP040692	-1564097	TGA	FF956_07640	-1564432	336	CDS		ATG	FF956_07640|CP040692_1564432_1564097_-3_ATG_111
CP040692	-1565186	TAG	FF956_07650	-1565431	246	CDS		GTG	FF956_07650|CP040692_1565431_1565186_-3_GTG_81
CP040692	-1576850	TAG	FF956_07670	-1577323	474	CDS		GTG	FF956_07670|CP040692_1577323_1576850_-3_GTG_157
CP040692	-1577744	TAG	FF956_07680	-1579221	1478	CDS	true	GTG	FF956_07680_p|CP040692_1579221_1577744_-1_GTG_492
CP040692	-1584170	TGA	FF956_07720	-1584415	246	CDS		ATG	FF956_07720|CP040692_1584415_1584170_-3_ATG_81
CP040692	-1584423	TAA	FF956_07725	-1584845	423	CDS		GTG	FF956_07725|CP040692_1584845_1584423_-2_GTG_140
CP040692	-1584867	TAA	FF956_07730	-1585052	186	CDS		ATG	FF956_07730|CP040692_1585052_1584867_-2_ATG_61
CP040692	-1585066	TGA	FF956_07735	-1585203	138	CDS		TTG	FF956_07735|CP040692_1585203_1585066_-1_TTG_45
CP040692	-1586525	CTG	FF956_07745	-1586749	225	CDS	true	ATG	FF956_07745_p|CP040692_1586749_1586525_-3_ATG_75
CP040692	-1587204	TAA	FF956_07755	-1587851	648	CDS		GTG	FF956_07755|CP040692_1587851_1587204_-2_GTG_215
CP040692	-1589524	TAG	FF956_07765	-1590330	807	CDS		ATG	FF956_07765|CP040692_1590330_1589524_-1_ATG_268
CP040692	-1591749	TAG	FF956_07775	-1592570	822	CDS		ATG	FF956_07775|CP040692_1592570_1591749_-2_ATG_273
CP040692	-1592649	TAG	FF956_07780	-1593296	648	CDS		GTG	FF956_07780|CP040692_1593296_1592649_-2_GTG_215
CP040692	-1606273	TAA	FF956_07840	-1606698	426	CDS		GTG	FF956_07840|CP040692_1606698_1606273_-1_GTG_141
CP040692	-1606704	TGA	FF956_07845	-1606925	222	CDS		GTG	FF956_07845|CP040692_1606925_1606704_-2_GTG_73
CP040692	-1606978	TAG	FF956_07850	-1607730	753	CDS		ATG	FF956_07850|CP040692_1607730_1606978_-1_ATG_250
CP040692	-1607720	TAG	FF956_07855	-1608343	624	CDS		ATG	FF956_07855|CP040692_1608343_1607720_-3_ATG_207
CP040692	-1619883	TAG	FF956_07885	-1620653	771	CDS		ATG	FF956_07885|CP040692_1620653_1619883_-2_ATG_256
CP040692	-1628484	TAG	FF956_07920	-1628741	258	CDS		ATG	FF956_07920|CP040692_1628741_1628484_-2_ATG_85
CP040692	-1637361	TGA	FF956_07950	-1638077	717	CDS		GTG	FF956_07950|CP040692_1638077_1637361_-2_GTG_238
CP040692	-1638080	TAA	FF956_07955	-1638373	294	CDS		ATG	FF956_07955|CP040692_1638373_1638080_-3_ATG_97
CP040692	-1638441	TAG	FF956_07960	-1640081	1641	CDS		ATG	FF956_07960|CP040692_1640081_1638441_-2_ATG_546
CP040692	-1640081	TGA	FF956_07965	-1640467	387	CDS		ATG	FF956_07965|CP040692_1640467_1640081_-3_ATG_128
CP040692	-1642074	TAG	FF956_07985	-1644659	2586	CDS		GTG	FF956_07985|CP040692_1644659_1642074_-2_GTG_861
CP040692	-1646806	TAG	FF956_08005	-1647990	1185	CDS		ATG	FF956_08005|CP040692_1647990_1646806_-1_ATG_394
CP040692	-1651265	TAA	FF956_08035	-1652791	1527	CDS		ATG	FF956_08035|CP040692_1652791_1651265_-3_ATG_508
CP040692	-1652958	TGA	FF956_08040	-1653866	909	CDS		GTG	FF956_08040|CP040692_1653866_1652958_-2_GTG_302
CP040692	-1660985	TGA	FF956_08075	-1661383	399	CDS		GTG	FF956_08075|CP040692_1661383_1660985_-3_GTG_132
CP040692	-1671461	TAG	FF956_08115	-1672936	1476	CDS		ATG	FF956_08115|CP040692_1672936_1671461_-3_ATG_491
CP040692	-1678850	TAG	FF956_08150	-1679287	438	CDS		GTG	FF956_08150|CP040692_1679287_1678850_-3_GTG_145
CP040692	-1679501	TGA	FF956_08160	-1680415	915	CDS		ATG	FF956_08160|CP040692_1680415_1679501_-3_ATG_304
CP040692	-1680443	TGA	FF956_08165	-1680682	240	CDS		GTG	FF956_08165|CP040692_1680682_1680443_-3_GTG_79
CP040692	-1686306	TAA	FF956_08200	-1686839	534	CDS		ATG	FF956_08200|CP040692_1686839_1686306_-2_ATG_177
CP040692	-1686865	TAA	FF956_08205	-1687452	588	CDS		ATG	FF956_08205|CP040692_1687452_1686865_-1_ATG_195
CP040692	-1692981	TGA	FF956_08240	-1694027	1047	CDS		GTG	FF956_08240|CP040692_1694027_1692981_-2_GTG_348
CP040692	-1694269	TAG	FF956_08245	-1694541	273	CDS		ATG	FF956_08245|CP040692_1694541_1694269_-1_ATG_90
CP040692	-1703289	TGA	FF956_08300	-1703549	261	CDS		GTG	FF956_08300|CP040692_1703549_1703289_-2_GTG_86
CP040692	-1707305	AGC	FF956_08320	-1707559	255	CDS	true	ATG	FF956_08320_p|CP040692_1707559_1707305_-3_ATG_85
CP040692	-1707745	TGA	FF956_08325	-1708023	279	CDS		GTG	FF956_08325|CP040692_1708023_1707745_-1_GTG_92
CP040692	-1708106	TAG	FF956_08335	-1708948	843	CDS		ATG	FF956_08335|CP040692_1708948_1708106_-3_ATG_280
CP040692	-1709807	TAA	FF956_08345	-1710376	570	CDS		TTG	FF956_08345|CP040692_1710376_1709807_-3_TTG_189
CP040692	-1713188	TAG	FF956_08360	-1715116	1929	CDS		ATG	FF956_08360|CP040692_1715116_1713188_-3_ATG_642
CP040692	-1715588	TGA	FF956_08370	-1715917	330	CDS		GTG	FF956_08370|CP040692_1715917_1715588_-3_GTG_109
CP040692	-1719761	TAG	FF956_08395	-1720846	1086	CDS		ATG	FF956_08395|CP040692_1720846_1719761_-3_ATG_361
CP040692	-1720930	TAG	FF956_08400	-1721094	165	CDS		GTG	FF956_08400|CP040692_1721094_1720930_-1_GTG_54
CP040692	-1721206	TGA	FF956_08405	-1721421	216	CDS		TTG	FF956_08405|CP040692_1721421_1721206_-1_TTG_71
CP040692	-1721570	TAA	FF956_08410	-1723573	2004	CDS		ATG	FF956_08410|CP040692_1723573_1721570_-3_ATG_667
CP040692	-1723704	TGA	FF956_08415	-1725635	1932	CDS		GTG	FF956_08415|CP040692_1725635_1723704_-2_GTG_643
CP040692	-1725672	TAG	FF956_08420	-1726538	867	CDS		ATG	FF956_08420|CP040692_1726538_1725672_-2_ATG_288
CP040692	-1726568	TGA	FF956_08425	-1727332	765	CDS		ATG	FF956_08425|CP040692_1727332_1726568_-3_ATG_254
CP040692	-1727329	TGA	FF956_08430	-1729020	1692	CDS		ATG	FF956_08430|CP040692_1729020_1727329_-1_ATG_563
CP040692	-1731681	TAG	FF956_08450	-1732934	1254	CDS		ATG	FF956_08450|CP040692_1732934_1731681_-2_ATG_417
CP040692	-1733032	TAA	FF956_08455	-1733241	210	CDS		ATG	FF956_08455|CP040692_1733241_1733032_-1_ATG_69
CP040692	-1735050	TGA	FF956_08465	-1735970	921	CDS		ATG	FF956_08465|CP040692_1735970_1735050_-2_ATG_306
CP040692	-1736066	TGA	FF956_08470	-1737763	1698	CDS		ATG	FF956_08470|CP040692_1737763_1736066_-3_ATG_565
CP040692	-1758117	TGA	FF956_08515	-1758434	318	CDS		ATG	FF956_08515|CP040692_1758434_1758117_-2_ATG_105
CP040692	-1761761	TGA	FF956_08535	-1762048	288	CDS		GTG	FF956_08535|CP040692_1762048_1761761_-3_GTG_95
CP040692	-1767925	TAA	FF956_08575	-1769379	1455	CDS		GTG	FF956_08575|CP040692_1769379_1767925_-1_GTG_484
CP040692	-1771657	TAG	FF956_08595	-1772049	393	CDS		ATG	FF956_08595|CP040692_1772049_1771657_-1_ATG_130
CP040692	-1772046	TGA	FF956_08600	-1772453	408	CDS		ATG	FF956_08600|CP040692_1772453_1772046_-2_ATG_135
CP040692	-1772464	TGA	FF956_08605	-1772643	180	CDS		GTG	FF956_08605|CP040692_1772643_1772464_-1_GTG_59
CP040692	-1775746	CTT	FF956_08620	-1775940	195	CDS	true	TTG	FF956_08620_p|CP040692_1775940_1775746_-1_TTG_65
CP040692	-1778605	TAA	FF956_08645	-1780587	1983	CDS		ATG	FF956_08645|CP040692_1780587_1778605_-1_ATG_660
CP040692	-1783879	TGA	FF956_08660	-1784136	258	CDS		TTG	FF956_08660|CP040692_1784136_1783879_-1_TTG_85
CP040692	-1784392	TGA	FF956_08665	-1784811	420	CDS		ATG	FF956_08665|CP040692_1784811_1784392_-1_ATG_139
CP040692	-1786771	GGC	FF956_08680	-1786870	100	CDS	true	GCC	FF956_08680_p|CP040692_1786870_1786771_-3_GCC_33
CP040692	-1786827	TGA	FF956_08685	-1789715	2889	CDS		ATG	FF956_08685|CP040692_1789715_1786827_-2_ATG_962
CP040692	-1789752	TGA	FF956_08690	-1790228	477	CDS		GTG	FF956_08690|CP040692_1790228_1789752_-2_GTG_158
CP040692	-1790555	TAG	FF956_08700	-1791802	1248	CDS		ATG	FF956_08700|CP040692_1791802_1790555_-3_ATG_415
CP040692	-1794046	TGA	FF956_08720	-1795014	969	CDS		ATG	FF956_08720|CP040692_1795014_1794046_-1_ATG_322
CP040692	-1795430	TGA	FF956_08725	-1796119	690	CDS		ATG	FF956_08725|CP040692_1796119_1795430_-3_ATG_229
CP040692	-1796123	TAA	FF956_08730	-1797055	933	CDS		ATG	FF956_08730|CP040692_1797055_1796123_-3_ATG_310
CP040692	-1799095	TAA	FF956_08740	-1800741	1647	CDS		ATG	FF956_08740|CP040692_1800741_1799095_-1_ATG_548
CP040692	-1800771	TAA	FF956_08745	-1801109	339	CDS		ATG	FF956_08745|CP040692_1801109_1800771_-2_ATG_112
CP040692	-1801166	TAG	FF956_08750	-1801552	387	CDS		GTG	FF956_08750|CP040692_1801552_1801166_-3_GTG_128
CP040692	-1803970	TAG	FF956_08765	-1805118	1149	CDS		ATG	FF956_08765|CP040692_1805118_1803970_-1_ATG_382
CP040692	-1805147	TAA	FF956_08770	-1805335	189	CDS		GTG	FF956_08770|CP040692_1805335_1805147_-3_GTG_62
CP040692	-1805370	TAG	FF956_08775	-1805861	492	CDS		ATG	FF956_08775|CP040692_1805861_1805370_-2_ATG_163
CP040692	-1809069	TAG	FF956_08790	-1809515	447	CDS		ATG	FF956_08790|CP040692_1809515_1809069_-2_ATG_148
CP040692	-1814008	TAG	FF956_08820	-1815330	1323	CDS		GTG	FF956_08820|CP040692_1815330_1814008_-1_GTG_440
CP040692	-1815327	TGA	FF956_08825	-1816151	825	CDS		ATG	FF956_08825|CP040692_1816151_1815327_-2_ATG_274
CP040692	-1816138	TAG	FF956_08830	-1817010	873	CDS		ATG	FF956_08830|CP040692_1817010_1816138_-1_ATG_290
CP040692	-1821093	TGA	FF956_08850	-1821362	270	CDS		ATG	FF956_08850|CP040692_1821362_1821093_-2_ATG_89
CP040692	-1821440	TGA	FF956_08855	-1821964	525	CDS		GTG	FF956_08855|CP040692_1821964_1821440_-3_GTG_174
CP040692	-1822069	TGA	FF956_08860	-1822413	345	CDS		GTG	FF956_08860|CP040692_1822413_1822069_-1_GTG_114
CP040692	-1822516	TGA	FF956_08865	-1822803	288	CDS		TTG	FF956_08865|CP040692_1822803_1822516_-1_TTG_95
CP040692	-1824371	TGA	FF956_08890	-1824703	333	CDS		ATG	FF956_08890|CP040692_1824703_1824371_-3_ATG_110
CP040692	-1824713	TAA	FF956_08895	-1825429	717	CDS		ATG	FF956_08895|CP040692_1825429_1824713_-3_ATG_238
CP040692	-1827926	TAG	FF956_08925	-1828414	489	CDS		CTG	FF956_08925|CP040692_1828414_1827926_-3_CTG_162
CP040692	-1828750	TGA	FF956_08930	-1830039	1290	CDS		ATG	FF956_08930|CP040692_1830039_1828750_-1_ATG_429
CP040692	-1831793	TAG	FF956_08950	-1832035	243	CDS		ATG	FF956_08950|CP040692_1832035_1831793_-3_ATG_80
CP040692	-1832141	TAG	FF956_08955	-1832833	693	CDS		GTG	FF956_08955|CP040692_1832833_1832141_-3_GTG_230
CP040692	-1835795	TGA	FF956_08970	-1836766	972	CDS		ATG	FF956_08970|CP040692_1836766_1835795_-3_ATG_323
CP040692	-1836958	TGA	FF956_08975	-1837410	453	CDS		ATG	FF956_08975|CP040692_1837410_1836958_-1_ATG_150
CP040692	-1837442	TAA	FF956_08980	-1838344	903	CDS		ATG	FF956_08980|CP040692_1838344_1837442_-3_ATG_300
CP040692	-1838438	TAA	FF956_08985	-1839076	639	CDS		ATG	FF956_08985|CP040692_1839076_1838438_-3_ATG_212
CP040692	-1839299	TAG	FF956_08990	-1840522	1224	CDS		GTG	FF956_08990|CP040692_1840522_1839299_-3_GTG_407
CP040692	-1840532	TAG	FF956_08995	-1840633	102	CDS	true	TAT	FF956_08995_p|CP040692_1840633_1840532_-3_TAT_33
CP040692	-1841822	TAG	FF956_09005	-1842676	855	CDS		GTG	FF956_09005|CP040692_1842676_1841822_-3_GTG_284
CP040692	-1842736	TAA	FF956_09010	-1843251	516	CDS		TTG	FF956_09010|CP040692_1843251_1842736_-1_TTG_171
CP040692	-1843393	TGA	FF956_09015	-1844175	783	CDS		GTG	FF956_09015|CP040692_1844175_1843393_-1_GTG_260
CP040692	-1844145	TAA	FF956_09020	-1844522	378	CDS		GTG	FF956_09020|CP040692_1844522_1844145_-2_GTG_125
CP040692	-1844519	TGA	FF956_09025	-1846147	1629	CDS		ATG	FF956_09025|CP040692_1846147_1844519_-3_ATG_542
CP040692	-1847040	TAG	FF956_09035	-1848377	1338	CDS		GTG	FF956_09035|CP040692_1848377_1847040_-2_GTG_445
CP040692	-1848410	TAG	FF956_09040	-1849705	1296	CDS		ATG	FF956_09040|CP040692_1849705_1848410_-3_ATG_431
CP040692	-1849715	TAA	FF956_09045	-1849909	195	CDS		ATG	FF956_09045|CP040692_1849909_1849715_-3_ATG_64
CP040692	-1851019	TGA	FF956_09055	-1852677	1659	CDS		ATG	FF956_09055|CP040692_1852677_1851019_-1_ATG_552
CP040692	-1852911	TGA	FF956_09060	-1854290	1380	CDS		ATG	FF956_09060|CP040692_1854290_1852911_-2_ATG_459
CP040692	-1855553	TAG	FF956_09070	-1856743	1191	CDS		ATG	FF956_09070|CP040692_1856743_1855553_-3_ATG_396
CP040692	-1856740	TGA	FF956_09075	-1857610	871	CDS	true	ATG	FF956_09075_p|CP040692_1857610_1856740_-3_ATG_290
CP040692	-1858062	TAG	FF956_09085	-1858391	330	CDS		GTG	FF956_09085|CP040692_1858391_1858062_-2_GTG_109
CP040692	-1858388	TGA	FF956_09090	-1858756	369	CDS		GTG	FF956_09090|CP040692_1858756_1858388_-3_GTG_122
CP040692	-1858862	TAG	FF956_09095	-1859161	300	CDS		ATG	FF956_09095|CP040692_1859161_1858862_-3_ATG_99
CP040692	-1859268	TGA	FF956_09100	-1859795	528	CDS		ATG	FF956_09100|CP040692_1859795_1859268_-2_ATG_175
CP040692	-1863103	TGA	FF956_09120	-1864389	1287	CDS		ATG	FF956_09120|CP040692_1864389_1863103_-1_ATG_428
CP040692	-1864564	TAA	FF956_09125	-1865793	1230	CDS		GTG	FF956_09125|CP040692_1865793_1864564_-1_GTG_409
CP040692	-1867899	TGA	FF956_09135	-1868852	954	CDS		ATG	FF956_09135|CP040692_1868852_1867899_-2_ATG_317
CP040692	-1870523	TGA	FF956_09145	-1871158	636	CDS		ATG	FF956_09145|CP040692_1871158_1870523_-3_ATG_211
CP040692	-1871158	TGA	FF956_09150	-1872243	1086	CDS		ATG	FF956_09150|CP040692_1872243_1871158_-1_ATG_361
CP040692	-1875176	TGA	FF956_09170	-1875394	219	CDS		GTG	FF956_09170|CP040692_1875394_1875176_-3_GTG_72
CP040692	-1876001	TGA	FF956_09185	-1876504	504	CDS		ATG	FF956_09185|CP040692_1876504_1876001_-3_ATG_167
CP040692	-1876570	TAA	FF956_09190	-1877499	930	CDS		ATG	FF956_09190|CP040692_1877499_1876570_-1_ATG_309
CP040692	-1877496	TGA	FF956_09195	-1879085	1590	CDS		ATG	FF956_09195|CP040692_1879085_1877496_-2_ATG_529
CP040692	-1881315	TGA	FF956_09210	-1882130	816	CDS		ATG	FF956_09210|CP040692_1882130_1881315_-2_ATG_271
CP040692	-1882326	TAG	FF956_09215	-1883747	1422	CDS		ATG	FF956_09215|CP040692_1883747_1882326_-2_ATG_473
CP040692	-1883778	TAA	FF956_09220	-1885094	1317	CDS		GTG	FF956_09220|CP040692_1885094_1883778_-2_GTG_438
CP040692	-1885125	TGA	FF956_09225	-1886375	1251	CDS		GTG	FF956_09225|CP040692_1886375_1885125_-2_GTG_416
CP040692	-1886372	TGA	FF956_09230	-1886719	348	CDS		GTG	FF956_09230|CP040692_1886719_1886372_-3_GTG_115
CP040692	-1886795	TAA	FF956_09235	-1887703	909	CDS		GTG	FF956_09235|CP040692_1887703_1886795_-3_GTG_302
CP040692	-1887942	TGA	FF956_09240	-1889186	1245	CDS		GTG	FF956_09240|CP040692_1889186_1887942_-2_GTG_414
CP040692	-1889246	TAA	FF956_09245	-1892038	2793	CDS		TTG	FF956_09245|CP040692_1892038_1889246_-3_TTG_930
CP040692	-1894234	TGA	FF956_09275	-1895001	768	CDS		ATG	FF956_09275|CP040692_1895001_1894234_-1_ATG_255
CP040692	-1896038	TAA	FF956_09285	-1896853	816	CDS		ATG	FF956_09285|CP040692_1896853_1896038_-3_ATG_271
CP040692	-1896853	TGA	FF956_09290	-1897344	492	CDS		GTG	FF956_09290|CP040692_1897344_1896853_-1_GTG_163
CP040692	-1897337	TGA	FF956_09295	-1898212	876	CDS		GTG	FF956_09295|CP040692_1898212_1897337_-3_GTG_291
CP040692	-1902858	TGA	FF956_09330	-1903568	711	CDS		GTG	FF956_09330|CP040692_1903568_1902858_-2_GTG_236
CP040692	-1904118	TGA	FF956_09340	-1905659	1542	CDS		ATG	FF956_09340|CP040692_1905659_1904118_-2_ATG_513
CP040692	-1905904	TGA	FF956_09345	-1906749	846	CDS		ATG	FF956_09345|CP040692_1906749_1905904_-1_ATG_281
CP040692	-1915440	TAA	FF956_09375	-1916876	1437	CDS		GTG	FF956_09375|CP040692_1916876_1915440_-2_GTG_478
CP040692	-1917504	TAA	FF956_09385	-1918256	753	CDS		ATG	FF956_09385|CP040692_1918256_1917504_-2_ATG_250
CP040692	-1918283	TAG	FF956_09390	-1919218	936	CDS		ATG	FF956_09390|CP040692_1919218_1918283_-3_ATG_311
CP040692	-1919215	TGA	FF956_09395	-1919907	693	CDS		GTG	FF956_09395|CP040692_1919907_1919215_-1_GTG_230
CP040692	-1919960	TAG	FF956_09400	-1920865	906	CDS		ATG	FF956_09400|CP040692_1920865_1919960_-3_ATG_301
CP040692	-1920865	TGA	FF956_09405	-1922526	1662	CDS		ATG	FF956_09405|CP040692_1922526_1920865_-1_ATG_553
CP040692	-1924606	TAG	FF956_09415	-1926153	1548	CDS		GTG	FF956_09415|CP040692_1926153_1924606_-1_GTG_515
CP040692	-1926165	TAG	FF956_09420	-1927301	1137	CDS		GTG	FF956_09420|CP040692_1927301_1926165_-2_GTG_378
CP040692	-1929553	TAG	FF956_09435	-1931091	1539	CDS		ATG	FF956_09435|CP040692_1931091_1929553_-1_ATG_512
CP040692	-1931249	TAG	FF956_09440	-1931998	750	CDS		GTG	FF956_09440|CP040692_1931998_1931249_-3_GTG_249
CP040692	-1931995	TGA	FF956_09445	-1933080	1086	CDS		ATG	FF956_09445|CP040692_1933080_1931995_-1_ATG_361
CP040692	-1933159	TAA	FF956_09450	-1933869	711	CDS		GTG	FF956_09450|CP040692_1933869_1933159_-1_GTG_236
CP040692	-1935568	TAG	FF956_09465	-1936260	693	CDS		ATG	FF956_09465|CP040692_1936260_1935568_-1_ATG_230
CP040692	-1937536	TAA	FF956_09475	-1939494	1959	CDS		GTG	FF956_09475|CP040692_1939494_1937536_-1_GTG_652
CP040692	-1943335	TAG	FF956_09500	-1944984	1650	CDS		ATG	FF956_09500|CP040692_1944984_1943335_-1_ATG_549
CP040692	-1944981	TGA	FF956_09505	-1946270	1290	CDS		ATG	FF956_09505|CP040692_1946270_1944981_-2_ATG_429
CP040692	-1946267	TGA	FF956_09510	-1947109	843	CDS		TTG	FF956_09510|CP040692_1947109_1946267_-3_TTG_280
CP040692	-1947150	TGA	FF956_09515	-1947761	612	CDS		GTG	FF956_09515|CP040692_1947761_1947150_-2_GTG_203
CP040692	-1948906	TAA	FF956_09525	-1950843	1938	CDS		GTG	FF956_09525|CP040692_1950843_1948906_-1_GTG_645
CP040692	-1954704	TAG	FF956_09550	-1956506	1803	CDS	true	GTG	FF956_09550_p|CP040692_1956506_1954704_-2_GTG_600
CP040692	-1960081	TGA	FF956_09580	-1961364	1284	CDS		ATG	FF956_09580|CP040692_1961364_1960081_-1_ATG_427
CP040692	-1965526	TAA	FF956_09610	-1966725	1200	CDS		GTG	FF956_09610|CP040692_1966725_1965526_-1_GTG_399
CP040692	-1967207	TAG	FF956_09620	-1968757	1551	CDS		ATG	FF956_09620|CP040692_1968757_1967207_-3_ATG_516
CP040692	-1968761	TAA	FF956_09625	-1969819	1059	CDS		TTG	FF956_09625|CP040692_1969819_1968761_-3_TTG_352
CP040692	-1971032	TAG	FF956_09635	-1971715	684	CDS		GTG	FF956_09635|CP040692_1971715_1971032_-3_GTG_227
CP040692	-1971811	TAA	FF956_09640	-1972431	621	CDS		TTG	FF956_09640|CP040692_1972431_1971811_-1_TTG_206
CP040692	-1999259	TAA	FF956_09765	-2000317	1059	CDS		ATG	FF956_09765|CP040692_2000317_1999259_-3_ATG_352
CP040692	-2003501	TAA	FF956_09795	-2004574	1074	CDS		ATG	FF956_09795|CP040692_2004574_2003501_-3_ATG_357
CP040692	-2004610	TGA	FF956_09800	-2004891	282	CDS		ATG	FF956_09800|CP040692_2004891_2004610_-1_ATG_93
CP040692	-2004888	TGA	FF956_09805	-2005964	1077	CDS		TTG	FF956_09805|CP040692_2005964_2004888_-2_TTG_358
CP040692	-2009653	TAA	FF956_09835	-2009883	231	CDS		ATG	FF956_09835|CP040692_2009883_2009653_-1_ATG_76
CP040692	-2013006	TGA	FF956_09855	-2013209	204	CDS		ATG	FF956_09855|CP040692_2013209_2013006_-2_ATG_67
CP040692	-2013209	TGA	FF956_09860	-2014678	1470	CDS		TTG	FF956_09860|CP040692_2014678_2013209_-3_TTG_489
CP040692	-2016123	TAG	FF956_09870	-2017001	879	CDS		GTG	FF956_09870|CP040692_2017001_2016123_-2_GTG_292
CP040692	-2020802	TAA	FF956_09880	-2022223	1422	CDS		GTG	FF956_09880|CP040692_2022223_2020802_-3_GTG_473
CP040692	-2024072	TAA	FF956_09900	-2024908	837	CDS		ATG	FF956_09900|CP040692_2024908_2024072_-3_ATG_278
CP040692	-2025853	TAA	FF956_09910	-2026146	294	CDS		ATG	FF956_09910|CP040692_2026146_2025853_-1_ATG_97
CP040692	-2026154	TGA	FF956_09915	-2026723	570	CDS		ATG	FF956_09915|CP040692_2026723_2026154_-3_ATG_189
CP040692	-2028837	TGA	FF956_09925	-2029460	624	CDS		ATG	FF956_09925|CP040692_2029460_2028837_-2_ATG_207
CP040692	-2029471	TAG	FF956_09930	-2030664	1194	CDS		ATG	FF956_09930|CP040692_2030664_2029471_-1_ATG_397
CP040692	-2034851	TGA	FF956_09955	-2035582	732	CDS		ATG	FF956_09955|CP040692_2035582_2034851_-3_ATG_243
CP040692	-2035638	TAA	FF956_09960	-2035934	297	CDS		ATG	FF956_09960|CP040692_2035934_2035638_-2_ATG_98
CP040692	-2036554	TAG	FF956_09965	-2036745	192	CDS		TTG	FF956_09965|CP040692_2036745_2036554_-1_TTG_63
CP040692	-2037828	TGA	FF956_09985	-2038661	834	CDS		GTG	FF956_09985|CP040692_2038661_2037828_-2_GTG_277
CP040692	-2038654	TAG	FF956_09990	-2041683	3030	CDS		ATG	FF956_09990|CP040692_2041683_2038654_-1_ATG_1009
CP040692	-2041882	TGA	FF956_09995	-2043534	1653	CDS		ATG	FF956_09995|CP040692_2043534_2041882_-1_ATG_550
CP040692	-2053435	TGA	FF956_10040	-2054559	1125	CDS		ATG	FF956_10040|CP040692_2054559_2053435_-1_ATG_374
CP040692	-2055752	TGA	FF956_10050	-2057521	1770	CDS		GTG	FF956_10050|CP040692_2057521_2055752_-3_GTG_589
CP040692	-2058016	TAG	FF956_10055	-2058621	606	CDS		GTG	FF956_10055|CP040692_2058621_2058016_-1_GTG_201
CP040692	-2058988	TGA	FF956_10060	-2059095	108	CDS		TTG	FF956_10060|CP040692_2059095_2058988_-1_TTG_35
CP040692	-2059140	TAG	FF956_10065	-2059559	420	CDS		GTG	FF956_10065|CP040692_2059559_2059140_-2_GTG_139
CP040692	-2059600	TGA	FF956_10070	-2060136	537	CDS		GTG	FF956_10070|CP040692_2060136_2059600_-1_GTG_178
CP040692	-2060129	TGA	FF956_10075	-2061073	945	CDS		ATG	FF956_10075|CP040692_2061073_2060129_-3_ATG_314
CP040692	-2061070	TGA	FF956_10080	-2063235	2166	CDS		GTG	FF956_10080|CP040692_2063235_2061070_-1_GTG_721
CP040692	-2063225	TGA	FF956_10085	-2063416	192	CDS		ATG	FF956_10085|CP040692_2063416_2063225_-3_ATG_63
CP040692	-2064074	TGA	FF956_10095	-2064637	564	CDS		ATG	FF956_10095|CP040692_2064637_2064074_-3_ATG_187
CP040692	-2064618	TGA	FF956_10100	-2066588	1971	CDS		ATG	FF956_10100|CP040692_2066588_2064618_-2_ATG_656
CP040692	-2066570	TAA	FF956_10105	-2066884	315	CDS		GTG	FF956_10105|CP040692_2066884_2066570_-3_GTG_104
CP040692	-2070537	TGA	FF956_10130	-2070950	414	CDS		GTG	FF956_10130|CP040692_2070950_2070537_-2_GTG_137
CP040692	-2074438	TAG	FF956_10155	-2074995	558	CDS		ATG	FF956_10155|CP040692_2074995_2074438_-1_ATG_185
CP040692	-2077238	TGA	FF956_10170	-2078710	1473	CDS		ATG	FF956_10170|CP040692_2078710_2077238_-3_ATG_490
CP040692	-2078707	TGA	FF956_10175	-2079333	627	CDS		GTG	FF956_10175|CP040692_2079333_2078707_-1_GTG_208
CP040692	-2079343	TAG	FF956_10180	-2080434	1092	CDS		GTG	FF956_10180|CP040692_2080434_2079343_-1_GTG_363
CP040692	-2080418	TGA	FF956_10185	-2080828	411	CDS		TTG	FF956_10185|CP040692_2080828_2080418_-3_TTG_136
CP040692	-2080821	TGA	FF956_10190	-2081054	234	CDS		ATG	FF956_10190|CP040692_2081054_2080821_-2_ATG_77
CP040692	-2085176	TGA	FF956_10205	-2086711	1536	CDS		GTG	FF956_10205|CP040692_2086711_2085176_-3_GTG_511
CP040692	-2088047	TAG	FF956_10230	-2088760	714	CDS		ATG	FF956_10230|CP040692_2088760_2088047_-3_ATG_237
CP040692	-2093729	TGA	FF956_10250	-2094064	336	CDS		ATG	FF956_10250|CP040692_2094064_2093729_-3_ATG_111
CP040692	-2109960	TGA	FF956_10270	-2110616	657	CDS		ATG	FF956_10270|CP040692_2110616_2109960_-2_ATG_218
CP040692	-2119145	TAA	FF956_10320	-2119786	642	CDS		ATG	FF956_10320|CP040692_2119786_2119145_-3_ATG_213
CP040692	-2119783	TGA	FF956_10325	-2120271	489	CDS		ATG	FF956_10325|CP040692_2120271_2119783_-1_ATG_162
CP040692	-2120268	TGA	FF956_10330	-2120591	324	CDS		GTG	FF956_10330|CP040692_2120591_2120268_-2_GTG_107
CP040692	-2121761	TAG	FF956_10340	-2122756	996	CDS		ATG	FF956_10340|CP040692_2122756_2121761_-3_ATG_331
CP040692	-2141838	TAG	FF956_10430	-2142254	417	CDS		TTG	FF956_10430|CP040692_2142254_2141838_-2_TTG_138
CP040692	-2142244	TGA	FF956_10435	-2142963	720	CDS		ATG	FF956_10435|CP040692_2142963_2142244_-1_ATG_239
CP040692	-2143205	TGA	FF956_10440	-2144245	1041	CDS		ATG	FF956_10440|CP040692_2144245_2143205_-3_ATG_346
CP040692	-2144242	TGA	FF956_10445	-2144817	576	CDS		ATG	FF956_10445|CP040692_2144817_2144242_-1_ATG_191
CP040692	-2144814	TGA	FF956_10450	-2145110	297	CDS		GTG	FF956_10450|CP040692_2145110_2144814_-2_GTG_98
CP040692	-2146555	TGA	FF956_10460	-2147145	591	CDS		GTG	FF956_10460|CP040692_2147145_2146555_-1_GTG_196
CP040692	-2147099	TGA	FF956_10465	-2147746	648	CDS		ATC	FF956_10465|CP040692_2147746_2147099_-3_ATC_215
CP040692	-2148178	TGA	FF956_10480	-2148426	249	CDS		TTG	FF956_10480|CP040692_2148426_2148178_-1_TTG_82
CP040692	-2148423	TGA	FF956_10485	-2148917	495	CDS		ATG	FF956_10485|CP040692_2148917_2148423_-2_ATG_164
CP040692	-2149572	TGA	FF956_10495	-2149970	399	CDS		ATG	FF956_10495|CP040692_2149970_2149572_-2_ATG_132
CP040692	-2149971	TAG	FF956_10500	-2150213	243	CDS		GTG	FF956_10500|CP040692_2150213_2149971_-2_GTG_80
CP040692	-2152258	TGA	FF956_10515	-2156241	3984	CDS		GTG	FF956_10515|CP040692_2156241_2152258_-1_GTG_1327
CP040692	-2159801	TAA	FF956_10535	-2160583	783	CDS		ATG	FF956_10535|CP040692_2160583_2159801_-3_ATG_260
CP040692	-2160659	TAA	FF956_10540	-2161411	753	CDS		GTG	FF956_10540|CP040692_2161411_2160659_-3_GTG_250
CP040692	-2161421	TAA	FF956_10545	-2163034	1614	CDS		ATG	FF956_10545|CP040692_2163034_2161421_-3_ATG_537
CP040692	-2165367	TGA	FF956_10560	-2168084	2718	CDS		TTG	FF956_10560|CP040692_2168084_2165367_-2_TTG_905
CP040692	-2168286	TGA	FF956_10565	-2169239	954	CDS		ATG	FF956_10565|CP040692_2169239_2168286_-2_ATG_317
CP040692	-2169335	TAA	FF956_10570	-2170102	768	CDS		GTG	FF956_10570|CP040692_2170102_2169335_-3_GTG_255
CP040692	-2174263	TGA	FF956_10605	-2174520	258	CDS		ATG	FF956_10605|CP040692_2174520_2174263_-1_ATG_85
CP040692	-2175572	TAA	FF956_10620	-2175844	273	CDS		ATG	FF956_10620|CP040692_2175844_2175572_-3_ATG_90
CP040692	-2176024	TAA	FF956_10625	-2176563	540	CDS		GTG	FF956_10625|CP040692_2176563_2176024_-1_GTG_179
CP040692	-2176789	TAG	FF956_10630	-2177217	429	CDS		ATG	FF956_10630|CP040692_2177217_2176789_-1_ATG_142
CP040692	-2177633	TAG	FF956_10635	-2178232	600	CDS		GTG	FF956_10635|CP040692_2178232_2177633_-3_GTG_199
CP040692	-2179337	TAA	FF956_10645	-2179567	231	CDS		ATG	FF956_10645|CP040692_2179567_2179337_-3_ATG_76
CP040692	-2180323	TGA	FF956_10655	-2181972	1650	CDS		GTG	FF956_10655|CP040692_2181972_2180323_-1_GTG_549
CP040692	-2186460	TGA	FF956_10685	-2187308	849	CDS		ATG	FF956_10685|CP040692_2187308_2186460_-2_ATG_282
CP040692	-2187416	TGA	FF956_10690	-2188222	807	CDS		GTG	FF956_10690|CP040692_2188222_2187416_-3_GTG_268
CP040692	-2188864	TGA	FF956_10695	-2189070	207	CDS		GTG	FF956_10695|CP040692_2189070_2188864_-1_GTG_68
CP040692	-2190070	TGA	FF956_10710	-2190816	747	CDS		ATG	FF956_10710|CP040692_2190816_2190070_-1_ATG_248
CP040692	-2190813	TGA	FF956_10715	-2191562	750	CDS		GTG	FF956_10715|CP040692_2191562_2190813_-2_GTG_249
CP040692	-2193203	CCC	FF956_10730	-2193478	276	CDS	true	ATG	FF956_10730_p|CP040692_2193478_2193203_-3_ATG_92
CP040692	-2193483	TAG	FF956_10735	-2194298	816	CDS		ATG	FF956_10735|CP040692_2194298_2193483_-2_ATG_271
CP040692	-2194308	TGA	FF956_10740	-2195105	798	CDS		ATG	FF956_10740|CP040692_2195105_2194308_-2_ATG_265
CP040692	-2195099	TAA	FF956_10745	-2195368	270	CDS		GTG	FF956_10745|CP040692_2195368_2195099_-3_GTG_89
CP040692	-2195599	TGA	FF956_10750	-2195856	258	CDS		GTG	FF956_10750|CP040692_2195856_2195599_-1_GTG_85
CP040692	-2198100	TGA	FF956_10770	-2198594	495	CDS		GTG	FF956_10770|CP040692_2198594_2198100_-2_GTG_164
CP040692	-2199677	TGA	FF956_10790	-2200222	546	CDS		ATG	FF956_10790|CP040692_2200222_2199677_-3_ATG_181
CP040692	-2200219	TGA	FF956_10795	-2200668	450	CDS		ATG	FF956_10795|CP040692_2200668_2200219_-1_ATG_149
CP040692	-2200710	TGA	FF956_10800	-2201222	513	CDS		GTG	FF956_10800|CP040692_2201222_2200710_-2_GTG_170
CP040692	-2201227	TGA	FF956_10805	-2201529	303	CDS		ATG	FF956_10805|CP040692_2201529_2201227_-1_ATG_100
CP040692	-2201557	TAG	FF956_10810	-2201868	312	CDS		GTG	FF956_10810|CP040692_2201868_2201557_-1_GTG_103
CP040692	-2201865	TGA	FF956_10815	-2202080	216	CDS		GTG	FF956_10815|CP040692_2202080_2201865_-2_GTG_71
CP040692	-2204381	TAG	FF956_10845	-2204782	402	CDS		GTG	FF956_10845|CP040692_2204782_2204381_-3_GTG_133
CP040692	-2205453	TGA	FF956_10855	-2206817	1365	CDS		ATG	FF956_10855|CP040692_2206817_2205453_-2_ATG_454
CP040692	-2208372	TGA	FF956_10875	-2209142	771	CDS		TTG	FF956_10875|CP040692_2209142_2208372_-2_TTG_256
CP040692	-2209139	TGA	FF956_10880	-2210200	1062	CDS		ATG	FF956_10880|CP040692_2210200_2209139_-3_ATG_353
CP040692	-2210197	TGA	FF956_10885	-2210712	516	CDS		GTG	FF956_10885|CP040692_2210712_2210197_-1_GTG_171
CP040692	-2210709	TGA	FF956_10890	-2211779	1071	CDS		GTG	FF956_10890|CP040692_2211779_2210709_-2_GTG_356
CP040692	-2211791	TAG	FF956_10895	-2214310	2520	CDS		ATG	FF956_10895|CP040692_2214310_2211791_-3_ATG_839
CP040692	-2214313	TAG	FF956_10900	-2215422	1110	CDS		ATG	FF956_10900|CP040692_2215422_2214313_-1_ATG_369
CP040692	-2218937	TAG	FF956_10925	-2219434	498	CDS		ATG	FF956_10925|CP040692_2219434_2218937_-3_ATG_165
CP040692	-2222360	TGA	FF956_10950	-2223133	774	CDS		GTG	FF956_10950|CP040692_2223133_2222360_-3_GTG_257
CP040692	-2223857	TAG	FF956_10960	-2225719	1863	CDS		ATG	FF956_10960|CP040692_2225719_2223857_-3_ATG_620
CP040692	-2226293	TAA	FF956_10970	-2227633	1341	CDS		TTG	FF956_10970|CP040692_2227633_2226293_-3_TTG_446
CP040692	-2227624	TAG	FF956_10975	-2228739	1116	CDS		ATG	FF956_10975|CP040692_2228739_2227624_-1_ATG_371
CP040692	-2230320	TAA	FF956_10985	-2231183	864	CDS		GTG	FF956_10985|CP040692_2231183_2230320_-2_GTG_287
CP040692	-2241166	TAG	FF956_11005	-2243466	2301	CDS		ATG	FF956_11005|CP040692_2243466_2241166_-1_ATG_766
CP040692	-2243986	TGA	FF956_11015	-2244738	753	CDS		GTG	FF956_11015|CP040692_2244738_2243986_-1_GTG_250
CP040692	-2252543	TGA	FF956_11060	-2252974	432	CDS		ATG	FF956_11060|CP040692_2252974_2252543_-3_ATG_143
CP040692	-2253160	TAG	FF956_11065	-2253564	405	CDS		ATG	FF956_11065|CP040692_2253564_2253160_-1_ATG_134
CP040692	-2254974	TAG	FF956_11075	-2256266	1293	CDS		ATG	FF956_11075|CP040692_2256266_2254974_-2_ATG_430
CP040692	-2258740	TAG	FF956_11090	-2259048	309	CDS		GTG	FF956_11090|CP040692_2259048_2258740_-1_GTG_102
CP040692	-2260443	TGA	FF956_11105	-2261468	1026	CDS		ATG	FF956_11105|CP040692_2261468_2260443_-2_ATG_341
CP040692	-2261456	TAG	FF956_11110	-2261761	306	CDS		GTG	FF956_11110|CP040692_2261761_2261456_-3_GTG_101
CP040692	-2263285	TAG	FF956_11120	-2263503	219	CDS		ATG	FF956_11120|CP040692_2263503_2263285_-1_ATG_72
CP040692	-2263513	TAG	FF956_11125	-2263824	312	CDS		ATG	FF956_11125|CP040692_2263824_2263513_-1_ATG_103
CP040692	-2263841	TAA	FF956_11130	-2264248	408	CDS		ATG	FF956_11130|CP040692_2264248_2263841_-3_ATG_135
CP040692	-2265491	TGA	FF956_11150	-2265670	180	CDS		GTG	FF956_11150|CP040692_2265670_2265491_-3_GTG_59
CP040692	-2266599	TAG	FF956_11160	-2267741	1143	CDS		TTG	FF956_11160|CP040692_2267741_2266599_-2_TTG_380
CP040692	-2267882	TAG	FF956_11165	-2268064	183	CDS		ATG	FF956_11165|CP040692_2268064_2267882_-3_ATG_60
CP040692	-2273501	TAG	FF956_11205	-2274637	1137	CDS		ATG	FF956_11205|CP040692_2274637_2273501_-3_ATG_378
CP040692	-2274640	TAA	FF956_11210	-2275992	1353	CDS		ATG	FF956_11210|CP040692_2275992_2274640_-1_ATG_450
CP040692	-2276047	TAG	FF956_11215	-2278110	2064	CDS		ATG	FF956_11215|CP040692_2278110_2276047_-1_ATG_687
CP040692	-2278195	TGA	FF956_11220	-2278674	480	CDS		ATG	FF956_11220|CP040692_2278674_2278195_-1_ATG_159
CP040692	-2279190	TGA	FF956_11235	-2279633	444	CDS		ATG	FF956_11235|CP040692_2279633_2279190_-2_ATG_147
CP040692	-2279644	TGA	FF956_11240	-2280330	687	CDS		GTG	FF956_11240|CP040692_2280330_2279644_-1_GTG_228
CP040692	-2280403	TAG	FF956_11245	-2280840	438	CDS		ATG	FF956_11245|CP040692_2280840_2280403_-1_ATG_145
CP040692	-2284568	TAG	FF956_11270	-2286666	2099	CDS	true	GTG	FF956_11270_p|CP040692_2286666_2284568_-1_GTG_699
CP040692	-2286765	TAG	FF956_11275	-2288249	1485	CDS		ATG	FF956_11275|CP040692_2288249_2286765_-2_ATG_494
CP040692	-2288537	TAA	FF956_11285	-2290951	2415	CDS		GTG	FF956_11285|CP040692_2290951_2288537_-3_GTG_804
CP040692	-2293429	TGA	FF956_11305	-2294469	1041	CDS		ATG	FF956_11305|CP040692_2294469_2293429_-1_ATG_346
CP040692	-2294544	TAG	FF956_11310	-2294849	306	CDS		ATG	FF956_11310|CP040692_2294849_2294544_-2_ATG_101
CP040692	-2295301	TGA	FF956_11315	-2296278	978	CDS		ATG	FF956_11315|CP040692_2296278_2295301_-1_ATG_325
CP040692	-2296331	TGA	FF956_11320	-2297440	1110	CDS		ATG	FF956_11320|CP040692_2297440_2296331_-3_ATG_369
CP040692	-2297447	TAG	FF956_11325	-2298241	795	CDS		ATG	FF956_11325|CP040692_2298241_2297447_-3_ATG_264
CP040692	-2298244	TGA	FF956_11330	-2299029	786	CDS		GTG	FF956_11330|CP040692_2299029_2298244_-1_GTG_261
CP040692	-2302366	TAA	FF956_11350	-2302992	627	CDS		GTG	FF956_11350|CP040692_2302992_2302366_-1_GTG_208
CP040692	-2303000	TAG	FF956_11355	-2303674	675	CDS		ATG	FF956_11355|CP040692_2303674_2303000_-3_ATG_224
CP040692	-2303685	TGA	FF956_11360	-2304320	636	CDS		ATG	FF956_11360|CP040692_2304320_2303685_-2_ATG_211
CP040692	-2304320	TAA	FF956_11365	-2306053	1734	CDS		ATG	FF956_11365|CP040692_2306053_2304320_-3_ATG_577
CP040692	-2306053	TGA	FF956_11370	-2306367	315	CDS		ATG	FF956_11370|CP040692_2306367_2306053_-1_ATG_104
CP040692	-2306364	TGA	FF956_11375	-2306666	303	CDS		ATG	FF956_11375|CP040692_2306666_2306364_-2_ATG_100
CP040692	-2306715	TAA	FF956_11380	-2307137	423	CDS		GTG	FF956_11380|CP040692_2307137_2306715_-2_GTG_140
CP040692	-2319261	TAG	FF956_11435	-2319461	201	CDS		GTG	FF956_11435|CP040692_2319461_2319261_-2_GTG_66
CP040692	-2323324	TAG	FF956_11450	-2324190	867	CDS		GTG	FF956_11450|CP040692_2324190_2323324_-1_GTG_288
CP040692	-2325318	TAA	FF956_11460	-2328143	2826	CDS		GTG	FF956_11460|CP040692_2328143_2325318_-2_GTG_941
CP040692	-2328502	TAG	FF956_11465	-2329179	678	CDS		GTG	FF956_11465|CP040692_2329179_2328502_-1_GTG_225
CP040692	-2329527	TAG	FF956_11470	-2330021	495	CDS		ATG	FF956_11470|CP040692_2330021_2329527_-2_ATG_164
CP040692	-2330140	TGA	FF956_11475	-2330883	744	CDS		GTG	FF956_11475|CP040692_2330883_2330140_-1_GTG_247
CP040692	-2330880	TGA	FF956_11480	-2331368	489	CDS		GTG	FF956_11480|CP040692_2331368_2330880_-2_GTG_162
CP040692	-2331608	TGA	FF956_11485	-2332012	405	CDS		GTG	FF956_11485|CP040692_2332012_2331608_-3_GTG_134
CP040692	-2332050	TGA	FF956_11490	-2332928	879	CDS		GTG	FF956_11490|CP040692_2332928_2332050_-2_GTG_292
CP040692	-2332945	TGA	FF956_11495	-2333277	333	CDS		ATG	FF956_11495|CP040692_2333277_2332945_-1_ATG_110
CP040692	-2333339	TAG	FF956_11500	-2334262	924	CDS		GTG	FF956_11500|CP040692_2334262_2333339_-3_GTG_307
CP040692	-2334255	TGA	FF956_11505	-2334884	630	CDS		ATG	FF956_11505|CP040692_2334884_2334255_-2_ATG_209
CP040692	-2335081	TGA	FF956_11510	-2337507	2427	CDS		GTG	FF956_11510|CP040692_2337507_2335081_-1_GTG_808
CP040692	-2337522	TGA	FF956_11515	-2339165	1644	CDS		ATG	FF956_11515|CP040692_2339165_2337522_-2_ATG_547
CP040692	-2342842	TAA	FF956_11530	-2344305	1464	CDS		ATG	FF956_11530|CP040692_2344305_2342842_-1_ATG_487
CP040692	-2344550	TTT	FF956_11535	-2344801	252	CDS	true	ATC	FF956_11535_p|CP040692_2344801_2344550_-3_ATC_84
CP040692	-2344940	TGA	FF956_11540	-2345644	705	CDS		TTG	FF956_11540|CP040692_2345644_2344940_-3_TTG_234
CP040692	-2345707	TAG	FF956_11545	-2346372	666	CDS		GTG	FF956_11545|CP040692_2346372_2345707_-1_GTG_221
CP040692	-2346477	TAA	FF956_11550	-2347379	903	CDS		ATG	FF956_11550|CP040692_2347379_2346477_-2_ATG_300
CP040692	-2349753	TGA	FF956_11565	-2350457	705	CDS		ATG	FF956_11565|CP040692_2350457_2349753_-2_ATG_234
CP040692	-2350611	TAG	FF956_11570	-2350979	369	CDS		ATG	FF956_11570|CP040692_2350979_2350611_-2_ATG_122
CP040692	-2351218	TGA	FF956_11575	-2352630	1413	CDS		ATG	FF956_11575|CP040692_2352630_2351218_-1_ATG_470
CP040692	-2352762	TGA	FF956_11580	-2353991	1230	CDS		TTG	FF956_11580|CP040692_2353991_2352762_-2_TTG_409
CP040692	-2354315	TGA	FF956_11585	-2355526	1212	CDS		ATG	FF956_11585|CP040692_2355526_2354315_-3_ATG_403
CP040692	-2355541	TAA	FF956_11590	-2355840	300	CDS		ATG	FF956_11590|CP040692_2355840_2355541_-1_ATG_99
CP040692	-2359121	TAG	FF956_11610	-2360512	1392	CDS		ATG	FF956_11610|CP040692_2360512_2359121_-3_ATG_463
CP040692	-2360624	TAG	FF956_11615	-2361895	1272	CDS		ATG	FF956_11615|CP040692_2361895_2360624_-3_ATG_423
CP040692	-2362476	TGA	FF956_11625	-2364443	1968	CDS		ATG	FF956_11625|CP040692_2364443_2362476_-2_ATG_655
CP040692	-2364546	TGA	FF956_11630	-2364737	192	CDS		ATG	FF956_11630|CP040692_2364737_2364546_-2_ATG_63
CP040692	-2366674	TAG	FF956_11640	-2368506	1833	CDS		ATG	FF956_11640|CP040692_2368506_2366674_-1_ATG_610
CP040692	-2368503	TGA	FF956_11645	-2369723	1221	CDS		ATG	FF956_11645|CP040692_2369723_2368503_-2_ATG_406
CP040692	-2369720	TGA	FF956_11650	-2371477	1758	CDS		ATG	FF956_11650|CP040692_2371477_2369720_-3_ATG_585
CP040692	-2371455	TAG	FF956_11655	-2372966	1512	CDS		ATG	FF956_11655|CP040692_2372966_2371455_-2_ATG_503
CP040692	-2373238	TGA	FF956_11660	-2374140	903	CDS		ATG	FF956_11660|CP040692_2374140_2373238_-1_ATG_300
CP040692	-2374228	TAA	FF956_11665	-2374512	285	CDS		ATG	FF956_11665|CP040692_2374512_2374228_-1_ATG_94
CP040692	-2374563	TAG	FF956_11670	-2374859	297	CDS		ATG	FF956_11670|CP040692_2374859_2374563_-2_ATG_98
CP040692	-2375003	TGA	FF956_11675	-2375302	300	CDS		ATG	FF956_11675|CP040692_2375302_2375003_-3_ATG_99
CP040692	-2375729	TAG	FF956_11680	-2376781	1053	CDS		ATG	FF956_11680|CP040692_2376781_2375729_-3_ATG_350
CP040692	-2376893	TAG	FF956_11685	-2377195	303	CDS		GTG	FF956_11685|CP040692_2377195_2376893_-3_GTG_100
CP040692	-2377235	TAG	FF956_11690	-2378416	1182	CDS		ATG	FF956_11690|CP040692_2378416_2377235_-3_ATG_393
CP040692	-2378430	TAG	FF956_11695	-2378729	300	CDS		ATG	FF956_11695|CP040692_2378729_2378430_-2_ATG_99
CP040692	-2378808	TAA	FF956_11700	-2379905	1098	CDS		TTG	FF956_11700|CP040692_2379905_2378808_-2_TTG_365
CP040692	-2380175	TGA	FF956_11705	-2380378	204	CDS		GTG	FF956_11705|CP040692_2380378_2380175_-3_GTG_67
CP040692	-2381774	TAG	FF956_11715	-2385949	4176	CDS		ATG	FF956_11715|CP040692_2385949_2381774_-3_ATG_1391
CP040692	-2385946	TGA	FF956_11720	-2387466	1521	CDS		GTG	FF956_11720|CP040692_2387466_2385946_-1_GTG_506
CP040692	-2389944	TAG	FF956_11730	-2390507	564	CDS		ATG	FF956_11730|CP040692_2390507_2389944_-2_ATG_187
CP040692	-2393246	TAG	FF956_11745	-2394550	1305	CDS		GTG	FF956_11745|CP040692_2394550_2393246_-3_GTG_434
CP040692	-2395216	TGA	FF956_11755	-2396034	819	CDS		ATG	FF956_11755|CP040692_2396034_2395216_-1_ATG_272
CP040692	-2396034	TGA	FF956_11760	-2397374	1341	CDS		ATG	FF956_11760|CP040692_2397374_2396034_-2_ATG_446
CP040692	-2398259	TAA	FF956_11770	-2398570	312	CDS		TTG	FF956_11770|CP040692_2398570_2398259_-3_TTG_103
CP040692	-2398759	TGA	FF956_11775	-2400045	1287	CDS		ATG	FF956_11775|CP040692_2400045_2398759_-1_ATG_428
CP040692	-2400042	TGA	FF956_11780	-2401328	1287	CDS		ATG	FF956_11780|CP040692_2401328_2400042_-2_ATG_428
CP040692	-2401336	TAA	FF956_11785	-2402580	1245	CDS		GTG	FF956_11785|CP040692_2402580_2401336_-1_GTG_414
CP040692	-2402736	TGA	FF956_11790	-2404610	1875	CDS		ATG	FF956_11790|CP040692_2404610_2402736_-2_ATG_624
CP040692	-2404791	TAG	FF956_11795	-2405150	360	CDS		ATG	FF956_11795|CP040692_2405150_2404791_-2_ATG_119
CP040692	-2405218	TGA	FF956_11800	-2405487	270	CDS		GTG	FF956_11800|CP040692_2405487_2405218_-1_GTG_89
CP040692	-2410164	TGA	FF956_11840	-2411672	1509	CDS		ATG	FF956_11840|CP040692_2411672_2410164_-2_ATG_502
CP040692	-2415258	TAA	FF956_11850	-2415914	657	CDS		ATG	FF956_11850|CP040692_2415914_2415258_-2_ATG_218
CP040692	-2416235	TAA	FF956_11855	-2419072	2838	CDS		GTG	FF956_11855|CP040692_2419072_2416235_-3_GTG_945
CP040692	-2419273	TAG	FF956_11860	-2420412	1140	CDS		TTG	FF956_11860|CP040692_2420412_2419273_-1_TTG_379
CP040692	-2428923	TGA	FF956_11885	-2429372	450	CDS		ATG	FF956_11885|CP040692_2429372_2428923_-2_ATG_149
CP040692	-2429499	TGA	FF956_11890	-2430881	1383	CDS		ATG	FF956_11890|CP040692_2430881_2429499_-2_ATG_460
CP040692	-2433171	TAA	FF956_11905	-2433902	732	CDS		TTG	FF956_11905|CP040692_2433902_2433171_-2_TTG_243
CP040692	-2434275	TAG	FF956_11910	-2436872	2598	CDS		GTG	FF956_11910|CP040692_2436872_2434275_-2_GTG_865
CP040692	-2436934	TGA	FF956_11915	-2438364	1431	CDS		ATG	FF956_11915|CP040692_2438364_2436934_-1_ATG_476
CP040692	-2439798	TAG	FF956_11930	-2441498	1701	CDS		ATG	FF956_11930|CP040692_2441498_2439798_-2_ATG_566
CP040692	-2441592	TAG	FF956_11935	-2442329	738	CDS		ATG	FF956_11935|CP040692_2442329_2441592_-2_ATG_245
CP040692	-2442337	TGA	FF956_11940	-2442585	249	CDS		ATG	FF956_11940|CP040692_2442585_2442337_-1_ATG_82
CP040692	-2442585	TGA	FF956_11945	-2442797	213	CDS		ATG	FF956_11945|CP040692_2442797_2442585_-2_ATG_70
CP040692	-2444561	TGA	FF956_11955	-2444846	286	CDS	true	ATG	FF956_11955_p|CP040692_2444846_2444561_-2_ATG_95
CP040692	-2449145	TGA	FF956_11980	-2449345	201	CDS		GTG	FF956_11980|CP040692_2449345_2449145_-3_GTG_66
CP040692	-2451270	TGA	FF956_12000	-2452826	1557	CDS		ATG	FF956_12000|CP040692_2452826_2451270_-2_ATG_518
CP040692	-2457120	TGA	FF956_12025	-2457689	570	CDS		ATG	FF956_12025|CP040692_2457689_2457120_-2_ATG_189
CP040692	-2457722	TGA	FF956_12030	-2459107	1386	CDS		ATG	FF956_12030|CP040692_2459107_2457722_-3_ATG_461
CP040692	-2460370	TAA	FF956_12045	-2461617	1248	CDS		GTG	FF956_12045|CP040692_2461617_2460370_-1_GTG_415
CP040692	-2461614	TGA	FF956_12050	-2463098	1485	CDS		GTG	FF956_12050|CP040692_2463098_2461614_-2_GTG_494
CP040692	-2465897	TGA	FF956_12075	-2466676	780	CDS		GTG	FF956_12075|CP040692_2466676_2465897_-3_GTG_259
CP040692	-2466690	TGA	FF956_12080	-2467504	815	CDS	true	ATG	FF956_12080_p|CP040692_2467504_2466690_-3_ATG_271
CP040692	-2467557	TGA	FF956_12085	-2467907	351	CDS		ATG	FF956_12085|CP040692_2467907_2467557_-2_ATG_116
CP040692	-2467907	TGA	FF956_12090	-2468737	831	CDS		ATG	FF956_12090|CP040692_2468737_2467907_-3_ATG_276
CP040692	-2468740	TAG	FF956_12095	-2469654	915	CDS		ATG	FF956_12095|CP040692_2469654_2468740_-1_ATG_304
CP040692	-2469648	TGA	FF956_12100	-2470460	813	CDS		GTG	FF956_12100|CP040692_2470460_2469648_-2_GTG_270
CP040692	-2470634	TGA	FF956_12105	-2472025	1392	CDS		GTG	FF956_12105|CP040692_2472025_2470634_-3_GTG_463
CP040692	-2472022	TGA	FF956_12110	-2472714	693	CDS		GTG	FF956_12110|CP040692_2472714_2472022_-1_GTG_230
CP040692	-2472711	TGA	FF956_12115	-2473475	765	CDS		TTG	FF956_12115|CP040692_2473475_2472711_-2_TTG_254
CP040692	-2473472	TGA	FF956_12120	-2474167	696	CDS		GTG	FF956_12120|CP040692_2474167_2473472_-3_GTG_231
CP040692	-2474164	TGA	FF956_12125	-2475000	837	CDS		GTG	FF956_12125|CP040692_2475000_2474164_-1_GTG_278
CP040692	-2474997	TGA	FF956_12130	-2475953	957	CDS		TTG	FF956_12130|CP040692_2475953_2474997_-2_TTG_318
CP040692	-2475971	TGA	FF956_12135	-2477431	1461	CDS		GTG	FF956_12135|CP040692_2477431_2475971_-3_GTG_486
CP040692	-2485176	TAA	FF956_12170	-2486111	936	CDS		ATG	FF956_12170|CP040692_2486111_2485176_-2_ATG_311
CP040692	-2486108	TGA	FF956_12175	-2486731	624	CDS		GTG	FF956_12175|CP040692_2486731_2486108_-3_GTG_207
CP040692	-2486724	TGA	FF956_12180	-2488484	1761	CDS		GTG	FF956_12180|CP040692_2488484_2486724_-2_GTG_586
CP040692	-2488624	TAG	FF956_12185	-2489568	945	CDS		ATG	FF956_12185|CP040692_2489568_2488624_-1_ATG_314
CP040692	-2489590	TAG	FF956_12190	-2490771	1182	CDS		ATG	FF956_12190|CP040692_2490771_2489590_-1_ATG_393
CP040692	-2490867	TAG	FF956_12195	-2492630	1764	CDS		GTG	FF956_12195|CP040692_2492630_2490867_-2_GTG_587
CP040692	-2492644	TAG	FF956_12200	-2493567	924	CDS		GTG	FF956_12200|CP040692_2493567_2492644_-1_GTG_307
CP040692	-2493567	TAG	FF956_12205	-2494373	807	CDS		GTG	FF956_12205|CP040692_2494373_2493567_-2_GTG_268
CP040692	-2494381	TGA	FF956_12210	-2494557	177	CDS		ATG	FF956_12210|CP040692_2494557_2494381_-1_ATG_58
CP040692	-2494554	TGA	FF956_12215	-2495615	1062	CDS		ATG	FF956_12215|CP040692_2495615_2494554_-2_ATG_353
CP040692	-2495612	TGA	FF956_12220	-2496364	753	CDS		GTG	FF956_12220|CP040692_2496364_2495612_-3_GTG_250
CP040692	-2496403	TGA	FF956_12225	-2496786	384	CDS		ATG	FF956_12225|CP040692_2496786_2496403_-1_ATG_127
CP040692	-2497437	TGA	FF956_12230	-2498711	1275	CDS		ATG	FF956_12230|CP040692_2498711_2497437_-2_ATG_424
CP040692	-2498723	TAG	FF956_12235	-2499334	612	CDS		ATG	FF956_12235|CP040692_2499334_2498723_-3_ATG_203
CP040692	-2501503	TGA	FF956_12255	-2501727	225	CDS		ATG	FF956_12255|CP040692_2501727_2501503_-1_ATG_74
CP040692	-2501720	TGA	FF956_12260	-2504719	3000	CDS		GTG	FF956_12260|CP040692_2504719_2501720_-3_GTG_999
CP040692	-2504993	TAG	FF956_12265	-2505910	918	CDS		GTG	FF956_12265|CP040692_2505910_2504993_-3_GTG_305
CP040692	-2506071	TAG	FF956_12270	-2507063	993	CDS		GTG	FF956_12270|CP040692_2507063_2506071_-2_GTG_330
CP040692	-2507060	TGA	FF956_12275	-2507884	825	CDS		ATG	FF956_12275|CP040692_2507884_2507060_-3_ATG_274
CP040692	-2507893	TAG	FF956_12280	-2509014	1122	CDS		ATG	FF956_12280|CP040692_2509014_2507893_-1_ATG_373
CP040692	-2509014	TGA	FF956_12285	-2509916	903	CDS		ATG	FF956_12285|CP040692_2509916_2509014_-2_ATG_300
CP040692	-2510017	TGA	FF956_12290	-2510565	549	CDS		GTG	FF956_12290|CP040692_2510565_2510017_-1_GTG_182
CP040692	-2510562	TGA	FF956_12295	-2511266	705	CDS		TTG	FF956_12295|CP040692_2511266_2510562_-2_TTG_234
CP040692	-2515446	TAG	FF956_12320	-2515838	393	CDS		ATG	FF956_12320|CP040692_2515838_2515446_-2_ATG_130
CP040692	-2515846	TAG	FF956_12325	-2516193	348	CDS		ATG	FF956_12325|CP040692_2516193_2515846_-1_ATG_115
CP040692	-2516226	TGA	FF956_12330	-2516588	363	CDS		ATG	FF956_12330|CP040692_2516588_2516226_-2_ATG_120
CP040692	-2520036	TGA	FF956_12345	-2521097	1062	CDS		ATG	FF956_12345|CP040692_2521097_2520036_-2_ATG_353
CP040692	-2521244	TGA	FF956_12350	-2524297	3054	CDS		GTG	FF956_12350|CP040692_2524297_2521244_-3_GTG_1017
CP040692	-2524303	TAG	FF956_12355	-2525811	1509	CDS		ATG	FF956_12355|CP040692_2525811_2524303_-1_ATG_502
CP040692	-2525811	TGA	FF956_12360	-2530619	4809	CDS		ATG	FF956_12360|CP040692_2530619_2525811_-2_ATG_1602
CP040692	-2530639	TAA	FF956_12365	-2537015	6377	CDS	true	ATG	FF956_12365_p|CP040692_2537015_2530639_-2_ATG_2125
CP040692	-2537098	TGA	FF956_12370	-2538158	1061	CDS	true	GTG	FF956_12370_p|CP040692_2538158_2537098_-2_GTG_353
CP040692	-2538267	TGA	FF956_12375	-2539679	1413	CDS		GTG	FF956_12375|CP040692_2539679_2538267_-2_GTG_470
CP040692	-2539759	TGA	FF956_12380	-2540955	1197	CDS		ATG	FF956_12380|CP040692_2540955_2539759_-1_ATG_398
CP040692	-2540964	TAA	FF956_12385	-2541476	513	CDS		ATG	FF956_12385|CP040692_2541476_2540964_-2_ATG_170
CP040692	-2541473	TGA	FF956_12390	-2542396	924	CDS		GTG	FF956_12390|CP040692_2542396_2541473_-3_GTG_307
CP040692	-2542393	TGA	FF956_12395	-2543595	1203	CDS		ATG	FF956_12395|CP040692_2543595_2542393_-1_ATG_400
CP040692	-2543592	TGA	FF956_12400	-2544476	885	CDS		ATG	FF956_12400|CP040692_2544476_2543592_-2_ATG_294
CP040692	-2544473	TGA	FF956_12405	-2545687	1215	CDS		GTG	FF956_12405|CP040692_2545687_2544473_-3_GTG_404
CP040692	-2545684	TGA	FF956_12410	-2546742	1059	CDS		ATG	FF956_12410|CP040692_2546742_2545684_-1_ATG_352
CP040692	-2550086	TGA	FF956_12420	-2552581	2496	CDS		ATG	FF956_12420|CP040692_2552581_2550086_-3_ATG_831
CP040692	-2552581	TGA	FF956_12425	-2553606	1026	CDS		ATG	FF956_12425|CP040692_2553606_2552581_-1_ATG_341
CP040692	-2553802	TGA	FF956_12430	-2554608	807	CDS		ATG	FF956_12430|CP040692_2554608_2553802_-1_ATG_268
CP040692	-2554615	TAG	FF956_12435	-2555565	951	CDS		TTG	FF956_12435|CP040692_2555565_2554615_-1_TTG_316
CP040692	-2555643	TAA	FF956_12440	-2556575	933	CDS		ATG	FF956_12440|CP040692_2556575_2555643_-2_ATG_310
CP040692	-2557951	TGA	FF956_12450	-2558733	783	CDS		GTG	FF956_12450|CP040692_2558733_2557951_-1_GTG_260
CP040692	-2558766	TGA	FF956_12455	-2559155	390	CDS		ATG	FF956_12455|CP040692_2559155_2558766_-2_ATG_129
CP040692	-2559217	TGA	FF956_12460	-2559411	195	CDS		ATG	FF956_12460|CP040692_2559411_2559217_-1_ATG_64
CP040692	-2559461	TAG	FF956_12465	-2560066	606	CDS		ATC	FF956_12465|CP040692_2560066_2559461_-3_ATC_201
CP040692	-2565680	TGA	FF956_12485	-2568598	2919	CDS		GTG	FF956_12485|CP040692_2568598_2565680_-3_GTG_972
CP040692	-2569619	TAG	FF956_12500	-2570059	441	CDS		ATG	FF956_12500|CP040692_2570059_2569619_-3_ATG_146
CP040692	-2570082	TAG	FF956_12505	-2570342	261	CDS		ATG	FF956_12505|CP040692_2570342_2570082_-2_ATG_86
CP040692	-2571927	TGA	FF956_12515	-2573342	1416	CDS		GTG	FF956_12515|CP040692_2573342_2571927_-2_GTG_471
CP040692	-2573339	TGA	FF956_12520	-2575435	2097	CDS		GTG	FF956_12520|CP040692_2575435_2573339_-3_GTG_698
CP040692	-2575509	TAG	FF956_12525	-2575709	201	CDS		ATG	FF956_12525|CP040692_2575709_2575509_-2_ATG_66
CP040692	-2576119	ATG	FF956_12535	-2576238	120	CDS	true	ATC	FF956_12535_p|CP040692_2576238_2576119_-1_ATC_40
CP040692	-2576274	TGA	FF956_12540	-2577497	1224	CDS		ATG	FF956_12540|CP040692_2577497_2576274_-2_ATG_407
CP040692	-2577523	TGA	FF956_12545	-2578968	1446	CDS		ATG	FF956_12545|CP040692_2578968_2577523_-1_ATG_481
CP040692	-2579131	TGA	FF956_12550	-2581845	2715	CDS		GTG	FF956_12550|CP040692_2581845_2579131_-1_GTG_904
CP040692	-2583713	TGA	FF956_12565	-2584330	618	CDS		ATG	FF956_12565|CP040692_2584330_2583713_-3_ATG_205
CP040692	-2592481	TGA	FF956_12605	-2593935	1455	CDS		ATG	FF956_12605|CP040692_2593935_2592481_-1_ATG_484
CP040692	-2593993	TAG	FF956_12610	-2594895	903	CDS		GTG	FF956_12610|CP040692_2594895_2593993_-1_GTG_300
CP040692	-2594903	TAG	FF956_12615	-2596321	1419	CDS		GTG	FF956_12615|CP040692_2596321_2594903_-3_GTG_472
CP040692	-2596429	TAG	FF956_12620	-2596827	399	CDS		ATG	FF956_12620|CP040692_2596827_2596429_-1_ATG_132
CP040692	-2596817	TAG	FF956_12625	-2597257	441	CDS		ATG	FF956_12625|CP040692_2597257_2596817_-3_ATG_146
CP040692	-2597383	CAG	FF956_12630	-2597604	222	CDS	true	ATG	FF956_12630_p|CP040692_2597604_2597383_-1_ATG_74
CP040692	-2597933	TGA	FF956_12635	-2599339	1407	CDS		ATG	FF956_12635|CP040692_2599339_2597933_-3_ATG_468
CP040692	-2599339	TGA	FF956_12640	-2600151	813	CDS		ATG	FF956_12640|CP040692_2600151_2599339_-1_ATG_270
CP040692	-2600151	TGA	FF956_12645	-2601383	1233	CDS		ATG	FF956_12645|CP040692_2601383_2600151_-2_ATG_410
CP040692	-2601452	TAG	FF956_12650	-2602270	819	CDS		ATG	FF956_12650|CP040692_2602270_2601452_-3_ATG_272
CP040692	-2602360	TGA	FF956_12655	-2603067	708	CDS		GTG	FF956_12655|CP040692_2603067_2602360_-1_GTG_235
CP040692	-2603057	TAA	FF956_12660	-2604607	1551	CDS		GTG	FF956_12660|CP040692_2604607_2603057_-3_GTG_516
CP040692	-2605247	TGA	FF956_12670	-2606329	1083	CDS		ATG	FF956_12670|CP040692_2606329_2605247_-3_ATG_360
CP040692	-2606510	TAA	FF956_12675	-2606857	348	CDS		ATG	FF956_12675|CP040692_2606857_2606510_-3_ATG_115
CP040692	-2606854	TGA	FF956_12680	-2607657	804	CDS		ATG	FF956_12680|CP040692_2607657_2606854_-1_ATG_267
CP040692	-2607659	TGA	FF956_12685	-2608471	813	CDS		ATG	FF956_12685|CP040692_2608471_2607659_-3_ATG_270
CP040692	-2608479	TAG	FF956_12690	-2609216	738	CDS		GTG	FF956_12690|CP040692_2609216_2608479_-2_GTG_245
CP040692	-2609226	TAA	FF956_12695	-2609846	621	CDS		GTG	FF956_12695|CP040692_2609846_2609226_-2_GTG_206
CP040692	-2609843	TGA	FF956_12700	-2610475	633	CDS		ATG	FF956_12700|CP040692_2610475_2609843_-3_ATG_210
CP040692	-2610472	TGA	FF956_12705	-2611614	1143	CDS		ATG	FF956_12705|CP040692_2611614_2610472_-1_ATG_380
CP040692	-2611611	TGA	FF956_12710	-2612927	1317	CDS		GTG	FF956_12710|CP040692_2612927_2611611_-2_GTG_438
CP040692	-2613458	TGA	FF956_12720	-2614216	759	CDS		GTG	FF956_12720|CP040692_2614216_2613458_-3_GTG_252
CP040692	-2614265	TAG	FF956_12725	-2615122	858	CDS		ATG	FF956_12725|CP040692_2615122_2614265_-3_ATG_285
CP040692	-2615122	TGA	FF956_12730	-2616705	1584	CDS		ATG	FF956_12730|CP040692_2616705_2615122_-1_ATG_527
CP040692	-2616705	TGA	FF956_12735	-2617754	1050	CDS		ATG	FF956_12735|CP040692_2617754_2616705_-2_ATG_349
CP040692	-2620275	TAG	FF956_12750	-2620940	666	CDS		GTG	FF956_12750|CP040692_2620940_2620275_-2_GTG_221
CP040692	-2620937	TGA	FF956_12755	-2621176	240	CDS		ATG	FF956_12755|CP040692_2621176_2620937_-3_ATG_79
CP040692	-2621177	TAA	FF956_12760	-2622226	1050	CDS		GTG	FF956_12760|CP040692_2622226_2621177_-3_GTG_349
CP040692	-2631811	TGA	FF956_12830	-2632312	502	CDS	true	ATG	FF956_12830_p|CP040692_2632312_2631811_-3_ATG_167
CP040692	-2632281	TGA	FF956_12835	-2632581	301	CDS	true	ATG	FF956_12835_p|CP040692_2632581_2632281_-1_ATG_100
CP040692	-2632787	TGA	FF956_12840	-2633197	411	CDS		ATG	FF956_12840|CP040692_2633197_2632787_-3_ATG_136
CP040692	-2633279	TAG	FF956_12850	-2633485	207	CDS		GTG	FF956_12850|CP040692_2633485_2633279_-3_GTG_68
CP040692	-2633463	TGA	FF956_12855	-2633972	510	CDS		ATG	FF956_12855|CP040692_2633972_2633463_-2_ATG_169
CP040692	-2633972	TGA	FF956_12860	-2634652	681	CDS		TTG	FF956_12860|CP040692_2634652_2633972_-3_TTG_226
CP040692	-2634649	TGA	FF956_12865	-2635809	1161	CDS		ATG	FF956_12865|CP040692_2635809_2634649_-1_ATG_386
CP040692	-2635806	TGA	FF956_12870	-2637119	1314	CDS		ATG	FF956_12870|CP040692_2637119_2635806_-2_ATG_437
CP040692	-2647126	TGA	FF956_12905	-2647530	405	CDS		ATG	FF956_12905|CP040692_2647530_2647126_-1_ATG_134
CP040692	-2647536	TGA	FF956_12910	-2647754	219	CDS		GTG	FF956_12910|CP040692_2647754_2647536_-2_GTG_72
CP040692	-2647792	TAG	FF956_12915	-2649081	1290	CDS		GTG	FF956_12915|CP040692_2649081_2647792_-1_GTG_429
CP040692	-2649116	TAG	FF956_12920	-2649562	447	CDS		ATG	FF956_12920|CP040692_2649562_2649116_-3_ATG_148
CP040692	-2649572	TAA	FF956_12925	-2652475	2904	CDS		ATG	FF956_12925|CP040692_2652475_2649572_-3_ATG_967
CP040692	-2652472	TGA	FF956_12930	-2652918	447	CDS		GTG	FF956_12930|CP040692_2652918_2652472_-1_GTG_148
CP040692	-2653057	TGA	FF956_12935	-2653665	609	CDS		ATG	FF956_12935|CP040692_2653665_2653057_-1_ATG_202
CP040692	-2653733	TAA	FF956_12940	-2654110	378	CDS		ATG	FF956_12940|CP040692_2654110_2653733_-3_ATG_125
CP040692	-2654107	TGA	FF956_12945	-2654487	381	CDS		ATG	FF956_12945|CP040692_2654487_2654107_-1_ATG_126
CP040692	-2654484	TGA	FF956_12950	-2655227	744	CDS		ATG	FF956_12950|CP040692_2655227_2654484_-2_ATG_247
CP040692	-2655230	TAA	FF956_12955	-2656981	1752	CDS		ATG	FF956_12955|CP040692_2656981_2655230_-3_ATG_583
CP040692	-2656991	TGA	FF956_12960	-2657173	183	CDS		ATG	FF956_12960|CP040692_2657173_2656991_-3_ATG_60
CP040692	-2657405	TAG	FF956_12965	-2659216	1812	CDS		GTG	FF956_12965|CP040692_2659216_2657405_-3_GTG_603
CP040692	-2659230	TGA	FF956_12970	-2661173	1944	CDS		ATG	FF956_12970|CP040692_2661173_2659230_-2_ATG_647
CP040692	-2663415	TAG	FF956_12980	-2666969	3555	CDS		ATG	FF956_12980|CP040692_2666969_2663415_-2_ATG_1184
CP040692	-2667037	TAG	FF956_12985	-2667468	432	CDS		ATG	FF956_12985|CP040692_2667468_2667037_-1_ATG_143
CP040692	-2667517	TAG	FF956_12990	-2667744	228	CDS		GTG	FF956_12990|CP040692_2667744_2667517_-1_GTG_75
CP040692	-2667766	TGA	FF956_12995	-2668569	804	CDS		ATG	FF956_12995|CP040692_2668569_2667766_-1_ATG_267
CP040692	-2668574	TGA	FF956_13000	-2669599	1026	CDS		ATG	FF956_13000|CP040692_2669599_2668574_-3_ATG_341
CP040692	-2670892	TGA	FF956_13015	-2671818	927	CDS		ATG	FF956_13015|CP040692_2671818_2670892_-1_ATG_308
CP040692	-2671811	TGA	FF956_13020	-2672419	609	CDS		GTG	FF956_13020|CP040692_2672419_2671811_-3_GTG_202
CP040692	-2673416	TGA	FF956_13030	-2674807	1392	CDS		GTG	FF956_13030|CP040692_2674807_2673416_-3_GTG_463
CP040692	-2675019	TGA	FF956_13035	-2678144	3126	CDS		GTG	FF956_13035|CP040692_2678144_2675019_-2_GTG_1041
CP040692	-2678451	TAG	FF956_13040	-2678687	237	CDS		ATG	FF956_13040|CP040692_2678687_2678451_-2_ATG_78
CP040692	-2679252	TGA	FF956_13045	-2679929	678	CDS		GTG	FF956_13045|CP040692_2679929_2679252_-2_GTG_225
CP040692	-2679926	TGA	FF956_13050	-2681053	1128	CDS		ATG	FF956_13050|CP040692_2681053_2679926_-3_ATG_375
CP040692	-2681624	TGA	FF956_13060	-2682190	567	CDS		ATG	FF956_13060|CP040692_2682190_2681624_-3_ATG_188
CP040692	-2682187	TGA	FF956_13065	-2683290	1104	CDS		ATG	FF956_13065|CP040692_2683290_2682187_-1_ATG_367
CP040692	-2683407	TGA	FF956_13070	-2685161	1755	CDS		GTG	FF956_13070|CP040692_2685161_2683407_-2_GTG_584
CP040692	-2693394	TGA	FF956_13090	-2694655	1263	fCDS		ATG	FF956_13090_fCDS|CP040692_2694655_2693394_-3_ATG_420
CP040692	-2694712	TAG	FF956_13095	-2694990	279	CDS		ATG	FF956_13095|CP040692_2694990_2694712_-1_ATG_92
CP040692	-2695020	TGA	FF956_13100	-2696063	1044	CDS		ATG	FF956_13100|CP040692_2696063_2695020_-2_ATG_347
CP040692	-2699663	TAG	FF956_13110	-2701414	1752	CDS		ATG	FF956_13110|CP040692_2701414_2699663_-3_ATG_583
CP040692	-2701648	TAG	FF956_13120	-2702688	1041	CDS		GTG	FF956_13120|CP040692_2702688_2701648_-1_GTG_346
CP040692	-2702714	TGA	FF956_13125	-2702983	270	CDS		TTG	FF956_13125|CP040692_2702983_2702714_-3_TTG_89
CP040692	-2703113	TAG	FF956_13130	-2704072	960	CDS		GTG	FF956_13130|CP040692_2704072_2703113_-3_GTG_319
CP040692	-2704081	TGA	FF956_13135	-2704845	765	CDS		ATG	FF956_13135|CP040692_2704845_2704081_-1_ATG_254
CP040692	-2707927	TGA	FF956_13155	-2708658	732	CDS		ATG	FF956_13155|CP040692_2708658_2707927_-1_ATG_243
CP040692	-2708655	TGA	FF956_13160	-2709623	969	CDS		ATG	FF956_13160|CP040692_2709623_2708655_-2_ATG_322
CP040692	-2709620	TGA	FF956_13165	-2710642	1023	CDS		GTG	FF956_13165|CP040692_2710642_2709620_-3_GTG_340
CP040692	-2711123	TGA	FF956_13175	-2712421	1299	CDS		ATG	FF956_13175|CP040692_2712421_2711123_-3_ATG_432
CP040692	-2712623	TAA	FF956_13180	-2713505	883	CDS	true	GTG	FF956_13180_p|CP040692_2713505_2712623_-2_GTG_294
CP040692	-2713489	TAA	FF956_13185	-2713851	363	CDS		GTG	FF956_13185|CP040692_2713851_2713489_-1_GTG_120
CP040692	-2715858	TGA	FF956_13195	-2716361	504	CDS		ATG	FF956_13195|CP040692_2716361_2715858_-2_ATG_167
CP040692	-2719898	TGA	FF956_13220	-2720443	546	CDS		GTG	FF956_13220|CP040692_2720443_2719898_-3_GTG_181
CP040692	-2720446	TAG	FF956_13225	-2720796	351	CDS		ATG	FF956_13225|CP040692_2720796_2720446_-1_ATG_116
CP040692	-2721009	TAG	FF956_13230	-2721830	822	CDS		ATG	FF956_13230|CP040692_2721830_2721009_-2_ATG_273
CP040692	-2721842	TGA	FF956_13235	-2722870	1029	CDS		ATG	FF956_13235|CP040692_2722870_2721842_-3_ATG_342
CP040692	-2722915	TGA	FF956_13240	-2723313	399	CDS		GTG	FF956_13240|CP040692_2723313_2722915_-1_GTG_132
CP040692	-2724490	TAA	FF956_13255	-2725779	1290	CDS		GTG	FF956_13255|CP040692_2725779_2724490_-1_GTG_429
CP040692	-2725832	TAA	FF956_13260	-2726836	1005	CDS		ATG	FF956_13260|CP040692_2726836_2725832_-3_ATG_334
CP040692	-2726833	TGA	FF956_13265	-2727150	318	CDS		GTG	FF956_13265|CP040692_2727150_2726833_-1_GTG_105
CP040692	-2727147	TGA	FF956_13270	-2727449	303	CDS		GTG	FF956_13270|CP040692_2727449_2727147_-2_GTG_100
CP040692	-2727463	TAG	FF956_13275	-2729715	2253	CDS		ATG	FF956_13275|CP040692_2729715_2727463_-1_ATG_750
CP040692	-2729716	TAG	FF956_13280	-2731563	1848	CDS		GTG	FF956_13280|CP040692_2731563_2729716_-1_GTG_615
CP040692	-2732730	TAG	FF956_13290	-2732993	264	CDS		TTG	FF956_13290|CP040692_2732993_2732730_-2_TTG_87
CP040692	-2733091	TGA	FF956_13295	-2734398	1308	CDS		GTG	FF956_13295|CP040692_2734398_2733091_-1_GTG_435
CP040692	-2734548	TGA	FF956_13300	-2734778	231	CDS		GTG	FF956_13300|CP040692_2734778_2734548_-2_GTG_76
CP040692	-2734812	TAA	FF956_13305	-2735168	357	CDS		ATG	FF956_13305|CP040692_2735168_2734812_-2_ATG_118
CP040692	-2735178	TAG	FF956_13310	-2736323	1146	CDS		GTG	FF956_13310|CP040692_2736323_2735178_-2_GTG_381
CP040692	-2736345	TAG	FF956_13315	-2736779	435	CDS		ATG	FF956_13315|CP040692_2736779_2736345_-2_ATG_144
CP040692	-2737669	TGA	FF956_13325	-2738703	1035	CDS		ATG	FF956_13325|CP040692_2738703_2737669_-1_ATG_344
CP040692	-2738709	TAG	FF956_13330	-2739518	810	CDS		ATG	FF956_13330|CP040692_2739518_2738709_-2_ATG_269
CP040692	-2739537	TGA	FF956_13335	-2740280	744	CDS		GTG	FF956_13335|CP040692_2740280_2739537_-2_GTG_247
CP040692	-2741336	TAG	FF956_13345	-2742343	1008	CDS		ATG	FF956_13345|CP040692_2742343_2741336_-3_ATG_335
CP040692	-2742354	TGA	FF956_13350	-2743307	954	CDS		GTG	FF956_13350|CP040692_2743307_2742354_-2_GTG_317
CP040692	-2743304	TGA	FF956_13355	-2744437	1134	CDS		ATG	FF956_13355|CP040692_2744437_2743304_-3_ATG_377
CP040692	-2744576	TGA	FF956_13360	-2745301	726	CDS		ATG	FF956_13360|CP040692_2745301_2744576_-3_ATG_241
CP040692	-2745312	TAG	FF956_13365	-2746730	1419	CDS		ATG	FF956_13365|CP040692_2746730_2745312_-2_ATG_472
CP040692	-2746956	TAG	FF956_13370	-2747516	561	CDS		ATG	FF956_13370|CP040692_2747516_2746956_-2_ATG_186
CP040692	-2751148	TGA	FF956_13385	-2751339	192	CDS		ATG	FF956_13385|CP040692_2751339_2751148_-1_ATG_63
CP040692	-2751436	TGA	FF956_13390	-2753064	1629	CDS		GTG	FF956_13390|CP040692_2753064_2751436_-1_GTG_542
CP040692	-2753100	TAA	FF956_13395	-2753957	858	CDS		GTG	FF956_13395|CP040692_2753957_2753100_-2_GTG_285
CP040692	-2753979	TGA	FF956_13400	-2754350	372	CDS		GTG	FF956_13400|CP040692_2754350_2753979_-2_GTG_123
CP040692	-2754366	TGA	FF956_13405	-2754740	375	CDS		GTG	FF956_13405|CP040692_2754740_2754366_-2_GTG_124
CP040692	-2754784	TAG	FF956_13410	-2756757	1974	CDS		ATG	FF956_13410|CP040692_2756757_2754784_-1_ATG_657
CP040692	-2760142	TGA	FF956_13425	-2760489	348	CDS		ATG	FF956_13425|CP040692_2760489_2760142_-1_ATG_115
CP040692	-2760464	TGA	FF956_13430	-2760952	489	CDS		GTG	FF956_13430|CP040692_2760952_2760464_-3_GTG_162
CP040692	-2760949	TGA	FF956_13435	-2762202	1254	CDS		ATG	FF956_13435|CP040692_2762202_2760949_-1_ATG_417
CP040692	-2762204	TGA	FF956_13440	-2763004	801	CDS		ATG	FF956_13440|CP040692_2763004_2762204_-3_ATG_266
CP040692	-2763001	TGA	FF956_13445	-2764194	1194	CDS		ATG	FF956_13445|CP040692_2764194_2763001_-1_ATG_397
CP040692	-2764191	TGA	FF956_13450	-2766731	2541	CDS		ATG	FF956_13450|CP040692_2766731_2764191_-2_ATG_846
CP040692	-2766728	TGA	FF956_13455	-2767534	807	CDS		GTG	FF956_13455|CP040692_2767534_2766728_-3_GTG_268
CP040692	-2769275	TGA	FF956_13465	-2769532	258	CDS		GTG	FF956_13465|CP040692_2769532_2769275_-3_GTG_85
CP040692	-2772230	TAG	FF956_13485	-2773093	864	CDS		ATG	FF956_13485|CP040692_2773093_2772230_-3_ATG_287
CP040692	-2774127	TAG	FF956_13495	-2775392	1266	CDS		GTG	FF956_13495|CP040692_2775392_2774127_-2_GTG_421
CP040692	-2777959	TGA	FF956_13505	-2778885	927	CDS		GTG	FF956_13505|CP040692_2778885_2777959_-1_GTG_308
CP040692	-2791141	TGA	FF956_13555	-2791380	240	CDS		ATG	FF956_13555|CP040692_2791380_2791141_-1_ATG_79
CP040692	-2792057	TAG	FF956_13565	-2794357	2301	CDS		ATG	FF956_13565|CP040692_2794357_2792057_-3_ATG_766
CP040692	-2796078	TAG	FF956_13575	-2796311	234	CDS		ATG	FF956_13575|CP040692_2796311_2796078_-2_ATG_77
CP040692	-2797799	TAG	FF956_13595	-2798584	786	CDS		GTG	FF956_13595|CP040692_2798584_2797799_-3_GTG_261
CP040692	-2798581	TGA	FF956_13600	-2799819	1239	CDS		ATG	FF956_13600|CP040692_2799819_2798581_-1_ATG_412
CP040692	-2799822	TAG	FF956_13605	-2800841	1020	CDS		GTG	FF956_13605|CP040692_2800841_2799822_-2_GTG_339
CP040692	-2801005	TAG	FF956_13610	-2801220	216	CDS		TTG	FF956_13610|CP040692_2801220_2801005_-1_TTG_71
CP040692	-2801776	TGA	FF956_13620	-2801913	138	CDS		ATG	FF956_13620|CP040692_2801913_2801776_-1_ATG_45
CP040692	-2801920	TAG	FF956_13625	-2802735	816	CDS		ATG	FF956_13625|CP040692_2802735_2801920_-1_ATG_271
CP040692	-2802899	TGA	FF956_13630	-2804320	1422	CDS		ATG	FF956_13630|CP040692_2804320_2802899_-3_ATG_473
CP040692	-2804317	TGA	FF956_13635	-2806086	1770	CDS		ATG	FF956_13635|CP040692_2806086_2804317_-1_ATG_589
CP040692	-2806197	TAG	FF956_13640	-2807783	1587	CDS		ATG	FF956_13640|CP040692_2807783_2806197_-2_ATG_528
CP040692	-2808022	TAG	FF956_13645	-2809290	1269	CDS		GTG	FF956_13645|CP040692_2809290_2808022_-1_GTG_422
CP040692	-2813131	TAG	FF956_13665	-2814510	1380	CDS		ATG	FF956_13665|CP040692_2814510_2813131_-1_ATG_459
CP040692	-2815285	TAG	FF956_13675	-2816262	978	CDS		ATG	FF956_13675|CP040692_2816262_2815285_-1_ATG_325
CP040692	-2816259	TGA	FF956_13680	-2817287	1029	CDS		ATG	FF956_13680|CP040692_2817287_2816259_-2_ATG_342
CP040692	-2817284	TGA	FF956_13685	-2818189	906	CDS		ATG	FF956_13685|CP040692_2818189_2817284_-3_ATG_301
CP040692	-2818186	TGA	FF956_13690	-2820126	1941	CDS		GTG	FF956_13690|CP040692_2820126_2818186_-1_GTG_646
CP040692	-2820190	TAA	FF956_13695	-2820663	474	CDS		ATG	FF956_13695|CP040692_2820663_2820190_-1_ATG_157
CP040692	-2820843	TAA	FF956_13700	-2821529	687	CDS		ATG	FF956_13700|CP040692_2821529_2820843_-2_ATG_228
CP040692	-2821554	TGA	FF956_13705	-2822018	465	CDS		GTG	FF956_13705|CP040692_2822018_2821554_-2_GTG_154
CP040692	-2822015	TGA	FF956_13710	-2822497	483	CDS		GTG	FF956_13710|CP040692_2822497_2822015_-3_GTG_160
CP040692	-2822494	TGA	FF956_13715	-2823771	1278	CDS		ATG	FF956_13715|CP040692_2823771_2822494_-1_ATG_425
CP040692	-2823876	TGA	FF956_13720	-2824277	402	CDS		GTG	FF956_13720|CP040692_2824277_2823876_-2_GTG_133
CP040692	-2824267	TGA	FF956_13725	-2824788	522	CDS		CTG	FF956_13725|CP040692_2824788_2824267_-1_CTG_173
CP040692	-2824996	TGA	FF956_13730	-2825601	606	CDS		ATG	FF956_13730|CP040692_2825601_2824996_-1_ATG_201
CP040692	-2827955	TAG	FF956_13745	-2828974	1020	CDS		ATG	FF956_13745|CP040692_2828974_2827955_-3_ATG_339
CP040692	-2828971	TGA	FF956_13750	-2829669	699	CDS		GTG	FF956_13750|CP040692_2829669_2828971_-1_GTG_232
CP040692	-2829694	TGA	FF956_13755	-2831067	1374	CDS		ATG	FF956_13755|CP040692_2831067_2829694_-1_ATG_457
CP040692	-2831064	TGA	FF956_13760	-2832002	939	CDS		GTG	FF956_13760|CP040692_2832002_2831064_-2_GTG_312
CP040692	-2833095	TAG	FF956_13770	-2833577	483	CDS		ATG	FF956_13770|CP040692_2833577_2833095_-2_ATG_160
CP040692	-2834588	TAA	FF956_13780	-2836555	1968	CDS		ATG	FF956_13780|CP040692_2836555_2834588_-3_ATG_655
CP040692	-2836636	TAG	FF956_13785	-2837238	603	CDS		ATG	FF956_13785|CP040692_2837238_2836636_-1_ATG_200
CP040692	-2842087	TAG	FF956_13815	-2843121	1035	CDS		GTG	FF956_13815|CP040692_2843121_2842087_-1_GTG_344
CP040692	-2846132	TAG	FF956_13830	-2847343	1212	CDS		GTG	FF956_13830|CP040692_2847343_2846132_-3_GTG_403
CP040692	-2847471	TAA	FF956_13835	-2848727	1257	CDS		GTG	FF956_13835|CP040692_2848727_2847471_-2_GTG_418
CP040692	-2848743	TAG	FF956_13840	-2849075	333	CDS		GTG	FF956_13840|CP040692_2849075_2848743_-2_GTG_110
CP040692	-2849141	TGA	FF956_13845	-2849767	627	CDS		GTG	FF956_13845|CP040692_2849767_2849141_-3_GTG_208
CP040692	-2849902	TAA	FF956_13850	-2850219	318	CDS		GTG	FF956_13850|CP040692_2850219_2849902_-1_GTG_105
CP040692	-2850780	TGA	FF956_13860	-2852399	1620	CDS		ATG	FF956_13860|CP040692_2852399_2850780_-2_ATG_539
CP040692	-2852396	TGA	FF956_13865	-2852704	309	CDS		GTG	FF956_13865|CP040692_2852704_2852396_-3_GTG_102
CP040692	-2852899	TAG	FF956_13870	-2853723	825	CDS		GTG	FF956_13870|CP040692_2853723_2852899_-1_GTG_274
CP040692	-2853720	TGA	FF956_13875	-2857067	3348	CDS		GTG	FF956_13875|CP040692_2857067_2853720_-2_GTG_1115
CP040692	-2857067	TAG	FF956_13880	-2858197	1131	CDS		TTG	FF956_13880|CP040692_2858197_2857067_-3_TTG_376
CP040692	-2858194	TGA	FF956_13885	-2858691	498	CDS		ATG	FF956_13885|CP040692_2858691_2858194_-1_ATG_165
CP040692	-2858688	TGA	FF956_13890	-2859980	1293	CDS		GTG	FF956_13890|CP040692_2859980_2858688_-2_GTG_430
CP040692	-2859977	TGA	FF956_13895	-2860936	960	CDS		ATG	FF956_13895|CP040692_2860936_2859977_-3_ATG_319
CP040692	-2860933	TGA	FF956_13900	-2861514	582	CDS		ATG	FF956_13900|CP040692_2861514_2860933_-1_ATG_193
CP040692	-2863527	TAA	FF956_13915	-2865020	1494	CDS		ATG	FF956_13915|CP040692_2865020_2863527_-2_ATG_497
CP040692	-2865017	TGA	FF956_13920	-2866336	1320	CDS		ATG	FF956_13920|CP040692_2866336_2865017_-3_ATG_439
CP040692	-2867176	TGA	FF956_13930	-2868156	981	CDS		ATG	FF956_13930|CP040692_2868156_2867176_-1_ATG_326
CP040692	-2868162	TGA	FF956_13935	-2869343	1182	CDS		ATG	FF956_13935|CP040692_2869343_2868162_-2_ATG_393
CP040692	-2869340	TGA	FF956_13940	-2870809	1470	CDS		GTG	FF956_13940|CP040692_2870809_2869340_-3_GTG_489
CP040692	-2871005	TAA	FF956_13945	-2871790	786	CDS		ATG	FF956_13945|CP040692_2871790_2871005_-3_ATG_261
CP040692	-2873370	TAG	FF956_13955	-2873630	261	CDS		ATG	FF956_13955|CP040692_2873630_2873370_-2_ATG_86
CP040692	-2873599	TGA	FF956_13960	-2874420	822	CDS		GTG	FF956_13960|CP040692_2874420_2873599_-1_GTG_273
CP040692	-2880440	TGA	FF956_13990	-2881462	1023	CDS		ATG	FF956_13990|CP040692_2881462_2880440_-3_ATG_340
CP040692	-2881885	TGA	FF956_14000	-2882637	753	CDS		ATG	FF956_14000|CP040692_2882637_2881885_-1_ATG_250
CP040692	-2882719	TAG	FF956_14005	-2886198	3480	CDS		ATG	FF956_14005|CP040692_2886198_2882719_-1_ATG_1159
CP040692	-2893676	TAG	FF956_14035	-2894047	372	CDS		ATG	FF956_14035|CP040692_2894047_2893676_-3_ATG_123
CP040692	-2894250	TGA	FF956_14045	-2894579	330	CDS		ATG	FF956_14045|CP040692_2894579_2894250_-2_ATG_109
CP040692	-2894576	TGA	FF956_14050	-2895319	744	CDS		ATG	FF956_14050|CP040692_2895319_2894576_-3_ATG_247
CP040692	-2895448	TAA	FF956_14060	-2897187	1740	CDS		ATG	FF956_14060|CP040692_2897187_2895448_-1_ATG_579
CP040692	-2897184	TGA	FF956_14065	-2899763	2580	CDS		ATG	FF956_14065|CP040692_2899763_2897184_-2_ATG_859
CP040692	-2900804	TAG	FF956_14080	-2901964	1161	CDS		ATG	FF956_14080|CP040692_2901964_2900804_-3_ATG_386
CP040692	-2901964	TGA	FF956_14085	-2903529	1566	CDS		ATG	FF956_14085|CP040692_2903529_2901964_-1_ATG_521
CP040692	-2903522	TGA	FF956_14090	-2903842	321	CDS		ATG	FF956_14090|CP040692_2903842_2903522_-3_ATG_106
CP040692	-2904623	TAA	FF956_14105	-2905237	615	CDS		GTG	FF956_14105|CP040692_2905237_2904623_-3_GTG_204
CP040692	-2905276	TGA	FF956_14110	-2906055	780	CDS		GTG	FF956_14110|CP040692_2906055_2905276_-1_GTG_259
CP040692	-2906072	TAG	FF956_14115	-2906893	822	CDS		ATG	FF956_14115|CP040692_2906893_2906072_-3_ATG_273
CP040692	-2906920	TAG	FF956_14120	-2907735	816	CDS		ATG	FF956_14120|CP040692_2907735_2906920_-1_ATG_271
CP040692	-2907732	TGA	FF956_14125	-2908454	723	CDS		ATG	FF956_14125|CP040692_2908454_2907732_-2_ATG_240
CP040692	-2908445	TGA	FF956_14130	-2909416	972	CDS		ATG	FF956_14130|CP040692_2909416_2908445_-3_ATG_323
CP040692	-2909426	TGA	FF956_14135	-2909707	282	CDS		ATG	FF956_14135|CP040692_2909707_2909426_-3_ATG_93
CP040692	-2909729	TGA	FF956_14140	-2910169	441	CDS		GTG	FF956_14140|CP040692_2910169_2909729_-3_GTG_146
CP040692	-2910177	TGA	FF956_14145	-2911211	1035	CDS		ATG	FF956_14145|CP040692_2911211_2910177_-2_ATG_344
CP040692	-2911228	TGA	FF956_14150	-2911884	657	CDS		ATG	FF956_14150|CP040692_2911884_2911228_-1_ATG_218
CP040692	-2911844	TGA	FF956_14155	-2912149	306	CDS		ATG	FF956_14155|CP040692_2912149_2911844_-3_ATG_101
CP040692	-2915655	TGA	FF956_14170	-2918246	2592	CDS		GTG	FF956_14170|CP040692_2918246_2915655_-2_GTG_863
CP040692	-2924726	TGA	FF956_14190	-2925640	915	CDS		GTG	FF956_14190|CP040692_2925640_2924726_-3_GTG_304
CP040692	-2925770	TAG	FF956_14195	-2926951	1182	CDS		ATA	FF956_14195|CP040692_2926951_2925770_-3_ATA_393
CP040692	-2927523	TAG	FF956_14205	-2927819	297	CDS		ATG	FF956_14205|CP040692_2927819_2927523_-2_ATG_98
CP040692	-2927842	TGA	FF956_14210	-2928513	672	CDS		GTG	FF956_14210|CP040692_2928513_2927842_-1_GTG_223
CP040692	-2941224	TAG	FF956_14255	-2942480	1257	CDS		GTG	FF956_14255|CP040692_2942480_2941224_-2_GTG_418
CP040692	-2944659	TGA	FF956_14270	-2945102	444	CDS		ATG	FF956_14270|CP040692_2945102_2944659_-2_ATG_147
CP040692	-2945110	TAA	FF956_14275	-2945475	366	CDS		ATG	FF956_14275|CP040692_2945475_2945110_-1_ATG_121
CP040692	-2945489	TGA	FF956_14280	-2946949	1461	CDS		ATG	FF956_14280|CP040692_2946949_2945489_-3_ATG_486
CP040692	-2946989	TAG	FF956_14285	-2947906	918	CDS		ATG	FF956_14285|CP040692_2947906_2946989_-3_ATG_305
CP040692	-2947913	TAG	FF956_14290	-2949562	1650	CDS		ATG	FF956_14290|CP040692_2949562_2947913_-3_ATG_549
CP040692	-2949607	TGA	FF956_14295	-2950947	1341	CDS		ATG	FF956_14295|CP040692_2950947_2949607_-1_ATG_446
CP040692	-2950954	TAA	FF956_14300	-2951469	516	CDS		ATG	FF956_14300|CP040692_2951469_2950954_-1_ATG_171
CP040692	-2951500	TAA	FF956_14305	-2951745	246	CDS		ATG	FF956_14305|CP040692_2951745_2951500_-1_ATG_81
CP040692	-2951794	TAG	FF956_14310	-2952546	753	CDS		ATG	FF956_14310|CP040692_2952546_2951794_-1_ATG_250
CP040692	-2952539	TGA	FF956_14315	-2953024	486	CDS		GTG	FF956_14315|CP040692_2953024_2952539_-3_GTG_161
CP040692	-2953281	TAG	FF956_14320	-2954495	1215	CDS		GTG	FF956_14320|CP040692_2954495_2953281_-2_GTG_404
CP040692	-2954579	TAG	FF956_14325	-2955232	654	CDS		TTG	FF956_14325|CP040692_2955232_2954579_-3_TTG_217
CP040692	-2955248	TGA	FF956_14330	-2956225	978	CDS		ATG	FF956_14330|CP040692_2956225_2955248_-3_ATG_325
CP040692	-2956222	TGA	FF956_14335	-2957295	1074	CDS		ATG	FF956_14335|CP040692_2957295_2956222_-1_ATG_357
CP040692	-2957385	TAG	FF956_14340	-2957627	243	CDS		ATG	FF956_14340|CP040692_2957627_2957385_-2_ATG_80
CP040692	-2957778	TGA	FF956_14350	-2959586	1809	CDS		GTG	FF956_14350|CP040692_2959586_2957778_-2_GTG_602
CP040692	-2959583	TGA	FF956_14355	-2959690	108	CDS		ATG	FF956_14355|CP040692_2959690_2959583_-3_ATG_35
CP040692	-2959843	TAA	FF956_14360	-2960793	951	CDS		ATG	FF956_14360|CP040692_2960793_2959843_-1_ATG_316
CP040692	-2960787	TGA	FF956_14365	-2961011	225	CDS		GTG	FF956_14365|CP040692_2961011_2960787_-2_GTG_74
CP040692	-2961011	TAG	FF956_14370	-2962093	1083	CDS		ATG	FF956_14370|CP040692_2962093_2961011_-3_ATG_360
CP040692	-2962090	TGA	FF956_14375	-2963415	1326	CDS		GTG	FF956_14375|CP040692_2963415_2962090_-1_GTG_441
CP040692	-2963419	TGA	FF956_14380	-2964762	1344	CDS		GTG	FF956_14380|CP040692_2964762_2963419_-1_GTG_447
CP040692	-2964759	TGA	FF956_14385	-2966411	1653	CDS		GTG	FF956_14385|CP040692_2966411_2964759_-2_GTG_550
CP040692	-2967418	TGA	FF956_14400	-2967732	315	CDS		GTG	FF956_14400|CP040692_2967732_2967418_-1_GTG_104
CP040692	-2969447	TAA	FF956_14410	-2970079	633	CDS		ATG	FF956_14410|CP040692_2970079_2969447_-3_ATG_210
CP040692	-2970128	TAG	FF956_14415	-2971498	1371	CDS		ATG	FF956_14415|CP040692_2971498_2970128_-3_ATG_456
CP040692	-2971556	TAG	FF956_14420	-2972041	486	CDS		ATG	FF956_14420|CP040692_2972041_2971556_-3_ATG_161
CP040692	-2972095	TAG	FF956_14425	-2973939	1845	CDS		ATG	FF956_14425|CP040692_2973939_2972095_-1_ATG_614
CP040692	-2973939	TGA	FF956_14430	-2974937	999	CDS		ATG	FF956_14430|CP040692_2974937_2973939_-2_ATG_332
CP040692	-2975031	TAG	FF956_14435	-2975522	492	CDS		GTG	FF956_14435|CP040692_2975522_2975031_-2_GTG_163
CP040692	-2981198	TGA	FF956_14460	-2982784	1587	CDS		ATG	FF956_14460|CP040692_2982784_2981198_-3_ATG_528
CP040692	-2982805	TGA	FF956_14465	-2985432	2628	CDS		GTG	FF956_14465|CP040692_2985432_2982805_-1_GTG_875
CP040692	-2985429	TGA	FF956_14470	-2986682	1254	CDS		GTG	FF956_14470|CP040692_2986682_2985429_-2_GTG_417
CP040692	-2987334	TAG	FF956_14480	-2987513	180	CDS		TTG	FF956_14480|CP040692_2987513_2987334_-2_TTG_59
CP040692	-2987553	TAG	FF956_14485	-2988095	543	CDS		ATG	FF956_14485|CP040692_2988095_2987553_-2_ATG_180
CP040692	-2988092	TGA	FF956_14490	-2988649	558	CDS		GTG	FF956_14490|CP040692_2988649_2988092_-3_GTG_185
CP040692	-3003287	TAA	FF956_14550	-3003967	681	CDS		ATG	FF956_14550|CP040692_3003967_3003287_-3_ATG_226
CP040692	-3004140	TAG	FF956_14555	-3005333	1194	CDS		GTG	FF956_14555|CP040692_3005333_3004140_-2_GTG_397
CP040692	-3005408	TGA	FF956_14560	-3006796	1389	CDS		GTG	FF956_14560|CP040692_3006796_3005408_-3_GTG_462
CP040692	-3007869	TGA	FF956_14575	-3008162	294	CDS		ATG	FF956_14575|CP040692_3008162_3007869_-2_ATG_97
CP040692	-3008026	TGA	FF956_14580	-3009009	984	CDS		GTG	FF956_14580|CP040692_3009009_3008026_-1_GTG_327
CP040692	-3008978	TGA	FF956_14585	-3009877	900	CDS		ATG	FF956_14585|CP040692_3009877_3008978_-3_ATG_299
CP040692	-3014407	TAG	FF956_14610	-3015558	1152	CDS		ATG	FF956_14610|CP040692_3015558_3014407_-1_ATG_383
CP040692	-3015555	TGA	FF956_14615	-3017246	1692	CDS		ATG	FF956_14615|CP040692_3017246_3015555_-2_ATG_563
CP040692	-3021298	TAA	FF956_14630	-3023037	1740	CDS		ATG	FF956_14630|CP040692_3023037_3021298_-1_ATG_579
CP040692	-3029555	TGA	FF956_14660	-3030415	861	CDS		GTG	FF956_14660|CP040692_3030415_3029555_-3_GTG_286
CP040692	-3031637	TAA	FF956_14675	-3032068	432	CDS		GTG	FF956_14675|CP040692_3032068_3031637_-3_GTG_143
CP040692	-3032065	TGA	FF956_14680	-3032325	261	CDS		ATG	FF956_14680|CP040692_3032325_3032065_-1_ATG_86
CP040692	-3032401	TGA	FF956_14685	-3033390	990	CDS		GTG	FF956_14685|CP040692_3033390_3032401_-1_GTG_329
CP040692	-3034738	TAA	FF956_14695	-3035919	1182	CDS		ATG	FF956_14695|CP040692_3035919_3034738_-1_ATG_393
CP040692	-3035924	TAG	FF956_14700	-3036748	825	CDS		GTG	FF956_14700|CP040692_3036748_3035924_-3_GTG_274
CP040692	-3036753	TGA	FF956_14705	-3037676	924	CDS		GTG	FF956_14705|CP040692_3037676_3036753_-2_GTG_307
CP040692	-3037673	TGA	FF956_14710	-3039079	1407	CDS		GTG	FF956_14710|CP040692_3039079_3037673_-3_GTG_468
CP040692	-3039100	TGA	FF956_14715	-3039627	528	CDS		ATG	FF956_14715|CP040692_3039627_3039100_-1_ATG_175
CP040692	-3044901	TAG	FF956_14745	-3045074	174	CDS		TTG	FF956_14745|CP040692_3045074_3044901_-2_TTG_57
CP040692	-3045126	TGA	FF956_14750	-3045683	558	CDS		ATG	FF956_14750|CP040692_3045683_3045126_-2_ATG_185
CP040692	-3048745	TAG	FF956_14770	-3049140	396	CDS		GTG	FF956_14770|CP040692_3049140_3048745_-1_GTG_131
CP040692	-3049142	TAG	FF956_14775	-3050728	1587	CDS		GTG	FF956_14775|CP040692_3050728_3049142_-3_GTG_528
CP040692	-3050797	TAG	FF956_14780	-3051261	465	CDS		ATG	FF956_14780|CP040692_3051261_3050797_-1_ATG_154
CP040692	-3051261	TGA	FF956_14785	-3051449	189	CDS		GTG	FF956_14785|CP040692_3051449_3051261_-2_GTG_62
CP040692	-3051419	TGA	FF956_14790	-3052192	774	CDS		ATG	FF956_14790|CP040692_3052192_3051419_-3_ATG_257
CP040692	-3059555	TAG	FF956_14830	-3060769	1215	CDS		ATG	FF956_14830|CP040692_3060769_3059555_-3_ATG_404
CP040692	-3062135	TAA	FF956_14840	-3062362	228	CDS		ATG	FF956_14840|CP040692_3062362_3062135_-3_ATG_75
CP040692	-3062469	TGA	FF956_14845	-3063083	615	CDS		GTG	FF956_14845|CP040692_3063083_3062469_-2_GTG_204
CP040692	-3063080	TGA	FF956_14850	-3063448	369	CDS		GTG	FF956_14850|CP040692_3063448_3063080_-3_GTG_122
CP040692	-3063487	TGA	FF956_14855	-3064461	975	CDS		ATG	FF956_14855|CP040692_3064461_3063487_-1_ATG_324
CP040692	-3064458	TGA	FF956_14860	-3065414	957	CDS		GTG	FF956_14860|CP040692_3065414_3064458_-2_GTG_318
CP040692	-3065480	TAG	FF956_14865	-3067273	1794	CDS		GTG	FF956_14865|CP040692_3067273_3065480_-3_GTG_597
CP040692	-3067323	TGA	FF956_14870	-3067886	564	CDS		ATG	FF956_14870|CP040692_3067886_3067323_-2_ATG_187
CP040692	-3070278	TAG	FF956_14885	-3071342	1065	CDS		GTG	FF956_14885|CP040692_3071342_3070278_-2_GTG_354
CP040692	-3072383	TAG	FF956_14895	-3073660	1278	CDS		ATG	FF956_14895|CP040692_3073660_3072383_-3_ATG_425
CP040692	-3073869	TGA	FF956_14900	-3073997	129	CDS		TTG	FF956_14900|CP040692_3073997_3073869_-2_TTG_42
CP040692	-3075312	TGA	FF956_14910	-3075596	285	CDS		ATG	FF956_14910|CP040692_3075596_3075312_-2_ATG_94
CP040692	-3075647	TAA	FF956_14915	-3075943	297	CDS		ATG	FF956_14915|CP040692_3075943_3075647_-3_ATG_98
CP040692	-3076078	TAG	FF956_14920	-3077253	1176	CDS		ATG	FF956_14920|CP040692_3077253_3076078_-1_ATG_391
CP040692	-3077300	TAA	FF956_14925	-3077599	300	CDS		GTG	FF956_14925|CP040692_3077599_3077300_-3_GTG_99
CP040692	-3079384	TGA	FF956_14940	-3080805	1422	CDS		GTG	FF956_14940|CP040692_3080805_3079384_-1_GTG_473
CP040692	-3080845	TGA	FF956_14945	-3081672	828	CDS		ATG	FF956_14945|CP040692_3081672_3080845_-1_ATG_275
CP040692	-3081754	TGA	FF956_14950	-3082668	915	CDS		ATG	FF956_14950|CP040692_3082668_3081754_-1_ATG_304
CP040692	-3082741	TGA	FF956_14955	-3083619	879	CDS		ATG	FF956_14955|CP040692_3083619_3082741_-1_ATG_292
CP040692	-3083635	TAG	FF956_14960	-3084507	873	CDS		ATG	FF956_14960|CP040692_3084507_3083635_-1_ATG_290
CP040692	-3084589	TGA	FF956_14965	-3085578	990	CDS		ATG	FF956_14965|CP040692_3085578_3084589_-1_ATG_329
CP040692	-3085578	TGA	FF956_14970	-3087209	1632	CDS		ATG	FF956_14970|CP040692_3087209_3085578_-2_ATG_543
CP040692	-3092071	TAG	FF956_14990	-3095079	3009	CDS		GTG	FF956_14990|CP040692_3095079_3092071_-1_GTG_1002
CP040692	-3095146	TGA	FF956_14995	-3096564	1419	CDS		ATG	FF956_14995|CP040692_3096564_3095146_-1_ATG_472
CP040692	-3096617	TGA	FF956_15000	-3102874	6258	CDS		GTG	FF956_15000|CP040692_3102874_3096617_-3_GTG_2085
CP040692	-3106148	TAG	FF956_15010	-3107236	1089	CDS		GTG	FF956_15010|CP040692_3107236_3106148_-3_GTG_362
CP040692	-3107269	TGA	FF956_15015	-3107595	327	CDS		GTG	FF956_15015|CP040692_3107595_3107269_-1_GTG_108
CP040692	-3111099	TAG	FF956_15035	-3113669	2571	CDS		GTG	FF956_15035|CP040692_3113669_3111099_-2_GTG_856
CP040692	-3114853	TAG	FF956_15045	-3115293	441	CDS		GTG	FF956_15045|CP040692_3115293_3114853_-1_GTG_146
CP040692	-3115385	TAG	FF956_15050	-3116296	912	CDS		ATG	FF956_15050|CP040692_3116296_3115385_-3_ATG_303
CP040692	-3118541	TAG	FF956_15070	-3120448	1908	CDS		ATG	FF956_15070|CP040692_3120448_3118541_-3_ATG_635
CP040692	-3120546	TAG	FF956_15075	-3122432	1887	CDS		GTG	FF956_15075|CP040692_3122432_3120546_-2_GTG_628
CP040692	-3122454	TAG	FF956_15080	-3123194	741	CDS		TTG	FF956_15080|CP040692_3123194_3122454_-2_TTG_246
CP040692	-3123197	TGA	FF956_15085	-3123802	606	CDS		GTG	FF956_15085|CP040692_3123802_3123197_-3_GTG_201
CP040692	-3123859	TGA	FF956_15090	-3125535	1677	CDS		ATG	FF956_15090|CP040692_3125535_3123859_-1_ATG_558
CP040692	-3125574	TGA	FF956_15095	-3129272	3699	CDS		GTG	FF956_15095|CP040692_3129272_3125574_-2_GTG_1232
CP040692	-3129580	TAG	FF956_15100	-3130005	426	CDS		ATG	FF956_15100|CP040692_3130005_3129580_-1_ATG_141
CP040692	-3130313	TAG	FF956_15110	-3131608	1296	CDS		ATG	FF956_15110|CP040692_3131608_3130313_-3_ATG_431
CP040692	-3133564	TGA	FF956_15125	-3133710	147	CDS		GTG	FF956_15125|CP040692_3133710_3133564_-1_GTG_48
CP040692	-3133707	TGA	FF956_15130	-3134294	588	CDS		GTG	FF956_15130|CP040692_3134294_3133707_-2_GTG_195
CP040692	-3134382	TAG	FF956_15135	-3134570	189	CDS		ATG	FF956_15135|CP040692_3134570_3134382_-2_ATG_62
CP040692	-3134728	TAA	FF956_15140	-3135171	444	CDS		ATG	FF956_15140|CP040692_3135171_3134728_-1_ATG_147
CP040692	-3136580	TGA	FF956_15155	-3136945	366	CDS		GTG	FF956_15155|CP040692_3136945_3136580_-3_GTG_121
CP040692	-3137780	TAG	FF956_15165	-3138707	928	CDS	true	GTG	FF956_15165_p|CP040692_3138707_3137780_-2_GTG_309
CP040692	-3141051	TAG	FF956_15185	-3141701	651	CDS		ATG	FF956_15185|CP040692_3141701_3141051_-2_ATG_216
CP040692	-3141834	TGA	FF956_15190	-3144180	2347	CDS	true	ATG	FF956_15190_p|CP040692_3144180_3141834_-1_ATG_782
CP040692	-3144240	TAA	FF956_15195	-3144467	228	CDS		ATG	FF956_15195|CP040692_3144467_3144240_-2_ATG_75
CP040692	-3144695	TAA	FF956_15205	-3145447	753	CDS		ATG	FF956_15205|CP040692_3145447_3144695_-3_ATG_250
CP040692	-3145460	TAG	FF956_15210	-3146542	1083	CDS		ATG	FF956_15210|CP040692_3146542_3145460_-3_ATG_360
CP040692	-3148409	TGA	FF956_15225	-3149257	849	CDS		ATG	FF956_15225|CP040692_3149257_3148409_-3_ATG_282
CP040692	-3151166	TGA	FF956_15245	-3151507	342	CDS		GTG	FF956_15245|CP040692_3151507_3151166_-3_GTG_113
CP040692	-3151657	TAA	FF956_15250	-3152051	395	CDS	true	GTG	FF956_15250_p|CP040692_3152051_3151657_-2_GTG_131
CP040692	-3152048	TGA	FF956_15255	-3152290	243	CDS		ATG	FF956_15255|CP040692_3152290_3152048_-3_ATG_80
CP040692	-3154446	TAA	FF956_15265	-3154682	237	CDS		ATG	FF956_15265|CP040692_3154682_3154446_-2_ATG_78
CP040692	-3157549	TAG	FF956_15275	-3159279	1731	CDS		ATG	FF956_15275|CP040692_3159279_3157549_-1_ATG_576
CP040692	-3159291	TAG	FF956_15280	-3160472	1182	CDS		ATG	FF956_15280|CP040692_3160472_3159291_-2_ATG_393
CP040692	-3160469	TGA	FF956_15285	-3162049	1581	CDS		GTG	FF956_15285|CP040692_3162049_3160469_-3_GTG_526
CP040692	-3167278	TGA	FF956_15310	-3168522	1245	CDS		GTG	FF956_15310|CP040692_3168522_3167278_-1_GTG_414
CP040692	-3168527	TGA	FF956_15315	-3169477	951	CDS		ATG	FF956_15315|CP040692_3169477_3168527_-3_ATG_316
CP040692	-3170458	TAA	FF956_15325	-3171480	1023	CDS		ATG	FF956_15325|CP040692_3171480_3170458_-1_ATG_340
CP040692	-3171502	TGA	FF956_15330	-3172902	1401	CDS		TTG	FF956_15330|CP040692_3172902_3171502_-1_TTG_466
CP040692	-3174653	TAA	FF956_15345	-3174976	324	CDS		ATG	FF956_15345|CP040692_3174976_3174653_-3_ATG_107
CP040692	-3175421	TGA	FF956_15355	-3175606	186	CDS		ATG	FF956_15355|CP040692_3175606_3175421_-3_ATG_61
CP040692	-3175724	TAG	FF956_15360	-3176422	699	CDS		GTG	FF956_15360|CP040692_3176422_3175724_-3_GTG_232
CP040692	-3176625	TGA	FF956_15365	-3176999	375	CDS		GTG	FF956_15365|CP040692_3176999_3176625_-2_GTG_124
CP040692	-3176996	TGA	FF956_15370	-3177193	198	CDS		ATG	FF956_15370|CP040692_3177193_3176996_-3_ATG_65
CP040692	-3177281	TAG	FF956_15375	-3178354	1074	CDS		GTG	FF956_15375|CP040692_3178354_3177281_-3_GTG_357
CP040692	-3179417	TGA	FF956_15385	-3180424	1008	CDS		ATG	FF956_15385|CP040692_3180424_3179417_-3_ATG_335
CP040692	-3183783	TGA	FF956_15410	-3185308	1526	CDS	true	ATG	FF956_15410_p|CP040692_3185308_3183783_-3_ATG_508
CP040692	-3187225	TAG	FF956_15430	-3187926	702	CDS		ATG	FF956_15430|CP040692_3187926_3187225_-1_ATG_233
CP040692	-3191349	TAA	FF956_15450	-3192224	876	CDS		GTG	FF956_15450|CP040692_3192224_3191349_-2_GTG_291
CP040692	-3192130	TAG	FF956_15455	-3192375	246	CDS		GTG	FF956_15455|CP040692_3192375_3192130_-1_GTG_81
CP040692	-3192311	TGA	FF956_15460	-3193612	1302	CDS		GTG	FF956_15460|CP040692_3193612_3192311_-3_GTG_433
CP040692	-3193823	TAG	FF956_15465	-3194650	828	CDS		ATG	FF956_15465|CP040692_3194650_3193823_-3_ATG_275
CP040692	-3194755	TGA	FF956_15470	-3196035	1281	CDS		ATG	FF956_15470|CP040692_3196035_3194755_-1_ATG_426
CP040692	-3197579	TAG	FF956_15480	-3199810	2232	CDS		ATG	FF956_15480|CP040692_3199810_3197579_-3_ATG_743
CP040692	-3200225	TAA	FF956_15485	-3200680	456	CDS		GTG	FF956_15485|CP040692_3200680_3200225_-3_GTG_151
CP040692	-3200658	TGA	FF956_15490	-3200762	105	CDS		ATG	FF956_15490|CP040692_3200762_3200658_-2_ATG_34
CP040692	-3200872	TAG	FF956_15495	-3201054	183	CDS		GTG	FF956_15495|CP040692_3201054_3200872_-1_GTG_60
CP040692	-3201066	TAA	FF956_15500	-3201254	189	CDS		ATG	FF956_15500|CP040692_3201254_3201066_-2_ATG_62
CP040692	-3201332	TAG	FF956_15505	-3201766	435	CDS		ATG	FF956_15505|CP040692_3201766_3201332_-3_ATG_144
CP040692	-3201919	TAA	FF956_15510	-3202239	321	CDS		TTG	FF956_15510|CP040692_3202239_3201919_-1_TTG_106
CP040692	-3202416	TAG	FF956_15515	-3204884	2469	CDS		ATG	FF956_15515|CP040692_3204884_3202416_-2_ATG_822
CP040692	-3205061	TGA	FF956_15525	-3205849	789	CDS		GTG	FF956_15525|CP040692_3205849_3205061_-3_GTG_262
CP040692	-3206787	TAG	FF956_15535	-3208808	2022	CDS		ATG	FF956_15535|CP040692_3208808_3206787_-2_ATG_673
CP040692	-3208795	TAA	FF956_15540	-3209061	267	CDS		GTG	FF956_15540|CP040692_3209061_3208795_-1_GTG_88
CP040692	-3209058	TGA	FF956_15545	-3209924	867	CDS		GTG	FF956_15545|CP040692_3209924_3209058_-2_GTG_288
CP040692	-3211211	TAA	FF956_15560	-3212377	1167	CDS		ATG	FF956_15560|CP040692_3212377_3211211_-3_ATG_388
CP040692	-3212409	TGA	FF956_15565	-3213131	723	CDS		ATG	FF956_15565|CP040692_3213131_3212409_-2_ATG_240
CP040692	-3213333	TAG	FF956_15570	-3214727	1395	CDS		ATG	FF956_15570|CP040692_3214727_3213333_-2_ATG_464
CP040692	-3214784	TAG	FF956_15575	-3215677	894	CDS		GTG	FF956_15575|CP040692_3215677_3214784_-3_GTG_297
CP040692	-3218362	TGA	FF956_15590	-3219213	852	CDS		ATG	FF956_15590|CP040692_3219213_3218362_-1_ATG_283
CP040692	-3219329	TAG	FF956_15595	-3220165	837	CDS		GTG	FF956_15595|CP040692_3220165_3219329_-3_GTG_278
CP040692	-3226288	TAG	FF956_15620	-3226683	396	CDS		ATG	FF956_15620|CP040692_3226683_3226288_-1_ATG_131
CP040692	-3226680	TGA	FF956_15625	-3227246	567	CDS		GTG	FF956_15625|CP040692_3227246_3226680_-2_GTG_188
CP040692	-3228941	TGA	FF956_15640	-3229798	858	CDS		GTG	FF956_15640|CP040692_3229798_3228941_-3_GTG_285
CP040692	-3229803	TGA	FF956_15645	-3230666	864	CDS		ATG	FF956_15645|CP040692_3230666_3229803_-2_ATG_287
CP040692	-3230700	TGA	FF956_15650	-3231173	474	CDS		ATG	FF956_15650|CP040692_3231173_3230700_-2_ATG_157
CP040692	-3231226	TAG	FF956_15655	-3232290	1065	CDS		GTG	FF956_15655|CP040692_3232290_3231226_-1_GTG_354
CP040692	-3232366	TGA	FF956_15660	-3233997	1632	CDS		ATG	FF956_15660|CP040692_3233997_3232366_-1_ATG_543
CP040692	-3234104	TAG	FF956_15665	-3235285	1182	CDS		ATG	FF956_15665|CP040692_3235285_3234104_-3_ATG_393
CP040692	-3236289	TAG	FF956_15675	-3237053	765	CDS		ATG	FF956_15675|CP040692_3237053_3236289_-2_ATG_254
CP040692	-3237308	TGA	FF956_15685	-3237502	195	CDS		ATC	FF956_15685|CP040692_3237502_3237308_-3_ATC_64
CP040692	-3237439	TGA	FF956_15690	-3237753	315	CDS		GTG	FF956_15690|CP040692_3237753_3237439_-1_GTG_104
CP040692	-3237777	TGA	FF956_15695	-3238115	339	CDS		GTG	FF956_15695|CP040692_3238115_3237777_-2_GTG_112
CP040692	-3238196	TAG	FF956_15700	-3238820	625	CDS	true	ATG	FF956_15700_p|CP040692_3238820_3238196_-2_ATG_208
CP040692	-3238811	TGA	FF956_15705	-3238993	183	CDS		GTG	FF956_15705|CP040692_3238993_3238811_-3_GTG_60
CP040692	-3240895	TGA	FF956_15720	-3241800	906	CDS		ATG	FF956_15720|CP040692_3241800_3240895_-1_ATG_301
CP040692	-3241849	TGA	FF956_15725	-3242295	447	CDS		ATG	FF956_15725|CP040692_3242295_3241849_-1_ATG_148
CP040692	-3244011	TAG	FF956_15740	-3245258	1248	CDS		ATG	FF956_15740|CP040692_3245258_3244011_-2_ATG_415
CP040692	-3246128	TGA	FF956_15750	-3247009	882	CDS		GTG	FF956_15750|CP040692_3247009_3246128_-3_GTG_293
CP040692	-3247006	TGA	FF956_15755	-3247629	624	CDS		TTG	FF956_15755|CP040692_3247629_3247006_-1_TTG_207
CP040692	-3250498	TGA	FF956_15780	-3250746	249	CDS		GTG	FF956_15780|CP040692_3250746_3250498_-1_GTG_82
CP040692	-3258261	TGA	FF956_15820	-3258830	570	CDS		ATG	FF956_15820|CP040692_3258830_3258261_-2_ATG_189
CP040692	-3258830	TGA	FF956_15825	-3260959	2130	CDS		GTG	FF956_15825|CP040692_3260959_3258830_-3_GTG_709
CP040692	-3260956	TGA	FF956_15830	-3262671	1716	CDS		ATG	FF956_15830|CP040692_3262671_3260956_-1_ATG_571
CP040692	-3262671	TGA	FF956_15835	-3262763	93	CDS		ATG	FF956_15835|CP040692_3262763_3262671_-2_ATG_30
CP040692	-3262760	TGA	FF956_15840	-3262906	147	CDS		ATG	FF956_15840|CP040692_3262906_3262760_-3_ATG_48
CP040692	-3266251	TAG	FF956_15855	-3266463	213	CDS		GTG	FF956_15855|CP040692_3266463_3266251_-1_GTG_70
CP040692	-3266703	TAA	FF956_15860	-3267662	960	CDS		GTG	FF956_15860|CP040692_3267662_3266703_-2_GTG_319
CP040692	-3267653	TAA	FF956_15865	-3268120	468	CDS		GTG	FF956_15865|CP040692_3268120_3267653_-3_GTG_155
CP040692	-3268137	TGA	FF956_15870	-3268823	687	CDS		ATG	FF956_15870|CP040692_3268823_3268137_-2_ATG_228
CP040692	-3268828	TAG	FF956_15875	-3270117	1290	CDS		GTG	FF956_15875|CP040692_3270117_3268828_-1_GTG_429
CP040692	-3270214	TAG	FF956_15880	-3270945	732	CDS		GTG	FF956_15880|CP040692_3270945_3270214_-1_GTG_243
CP040692	-3271033	TAA	FF956_15885	-3272010	978	CDS		ATG	FF956_15885|CP040692_3272010_3271033_-1_ATG_325
CP040692	-3272010	TGA	FF956_15890	-3275714	3705	CDS		ATG	FF956_15890|CP040692_3275714_3272010_-2_ATG_1234
CP040692	-3275773	TAG	FF956_15895	-3276366	594	CDS		ATG	FF956_15895|CP040692_3276366_3275773_-1_ATG_197
CP040692	-3281422	TAA	FF956_15930	-3283056	1635	CDS		TTG	FF956_15930|CP040692_3283056_3281422_-1_TTG_544
CP040692	-3283260	TGA	FF956_15940	-3283574	315	CDS		GTG	FF956_15940|CP040692_3283574_3283260_-2_GTG_104
CP040692	-3283571	TGA	FF956_15945	-3284491	921	CDS		GTG	FF956_15945|CP040692_3284491_3283571_-3_GTG_306
CP040692	-3284593	CAC	FF956_15950	-3285531	939	CDS	true	ATG	FF956_15950_p|CP040692_3285531_3284593_-1_ATG_313
CP040692	-3285504	TGA	FF956_15955	-3286592	1089	CDS		ATG	FF956_15955|CP040692_3286592_3285504_-2_ATG_362
CP040692	-3286800	TGA	FF956_15960	-3287594	795	CDS		TTG	FF956_15960|CP040692_3287594_3286800_-2_TTG_264
CP040692	-3289266	TAG	FF956_15970	-3290969	1704	CDS		ATG	FF956_15970|CP040692_3290969_3289266_-2_ATG_567
CP040692	-3293723	TAG	FF956_15985	-3294580	858	CDS		ATG	FF956_15985|CP040692_3294580_3293723_-3_ATG_285
CP040692	-3296209	TAG	FF956_15995	-3297417	1209	CDS		GTG	FF956_15995|CP040692_3297417_3296209_-1_GTG_402
CP040692	-3298077	TGA	FF956_16005	-3298835	759	CDS		GTG	FF956_16005|CP040692_3298835_3298077_-2_GTG_252
CP040692	-3298853	TGA	FF956_16010	-3299854	1002	CDS		TTG	FF956_16010|CP040692_3299854_3298853_-3_TTG_333
CP040692	-3300490	TAG	FF956_16025	-3300741	252	CDS		ATG	FF956_16025|CP040692_3300741_3300490_-1_ATG_83
CP040692	-3300738	TGA	FF956_16030	-3300968	231	CDS		GTG	FF956_16030|CP040692_3300968_3300738_-2_GTG_76
CP040692	-3301142	TAG	FF956_16040	-3302218	1077	CDS		ATG	FF956_16040|CP040692_3302218_3301142_-3_ATG_358
CP040692	-3302379	TAA	FF956_16045	-3302990	612	CDS		ATG	FF956_16045|CP040692_3302990_3302379_-2_ATG_203
CP040692	-3303053	TGA	FF956_16050	-3304333	1281	CDS		GTG	FF956_16050|CP040692_3304333_3303053_-3_GTG_426
CP040692	-3304410	TAG	FF956_16055	-3305330	921	CDS		ATG	FF956_16055|CP040692_3305330_3304410_-2_ATG_306
CP040692	-3308326	TGA	FF956_16080	-3309486	1161	CDS		ATG	FF956_16080|CP040692_3309486_3308326_-1_ATG_386
CP040692	-3309493	TGA	FF956_16085	-3312060	2568	CDS		ATG	FF956_16085|CP040692_3312060_3309493_-1_ATG_855
CP040692	-3312053	TGA	FF956_16090	-3312799	747	CDS		ATG	FF956_16090|CP040692_3312799_3312053_-3_ATG_248
CP040692	-3313597	TGA	FF956_16100	-3314142	546	CDS		ATG	FF956_16100|CP040692_3314142_3313597_-1_ATG_181
CP040692	-3314142	TGA	FF956_16105	-3315536	1395	CDS		ATG	FF956_16105|CP040692_3315536_3314142_-2_ATG_464
CP040692	-3315580	TAG	FF956_16110	-3317094	1515	CDS		ATG	FF956_16110|CP040692_3317094_3315580_-1_ATG_504
CP040692	-3317094	TGA	FF956_16115	-3317780	687	CDS		GTG	FF956_16115|CP040692_3317780_3317094_-2_GTG_228
CP040692	-3319543	TGA	FF956_16130	-3319716	174	CDS		ATG	FF956_16130|CP040692_3319716_3319543_-1_ATG_57
CP040692	-3320480	TAA	FF956_16145	-3321361	882	CDS		ATG	FF956_16145|CP040692_3321361_3320480_-3_ATG_293
CP040692	-3321470	TGA	FF956_16150	-3324241	2772	CDS		ATG	FF956_16150|CP040692_3324241_3321470_-3_ATG_923
CP040692	-3332931	TGA	FF956_16185	-3333563	633	CDS		ATG	FF956_16185|CP040692_3333563_3332931_-2_ATG_210
CP040692	-3333560	TGA	FF956_16190	-3335800	2241	CDS		TTG	FF956_16190|CP040692_3335800_3333560_-3_TTG_746
CP040692	-3335799	GTT	FF956_16195	-3335927	129	CDS	true	ATG	FF956_16195_p|CP040692_3335927_3335799_-2_ATG_43
CP040692	-3335984	TGA	FF956_16200	-3336343	360	CDS		ATG	FF956_16200|CP040692_3336343_3335984_-3_ATG_119
CP040692	-3339893	TGA	FF956_16230	-3340240	348	CDS		GTG	FF956_16230|CP040692_3340240_3339893_-3_GTG_115
CP040692	-3340386	TAG	FF956_16235	-3340769	384	CDS		ATG	FF956_16235|CP040692_3340769_3340386_-2_ATG_127
CP040692	-3340766	TGA	FF956_16240	-3340987	222	CDS		ATG	FF956_16240|CP040692_3340987_3340766_-3_ATG_73
CP040692	-3341041	TAG	FF956_16245	-3343059	2019	CDS		ATG	FF956_16245|CP040692_3343059_3341041_-1_ATG_672
CP040692	-3343052	TAA	FF956_16250	-3344431	1380	CDS		ATG	FF956_16250|CP040692_3344431_3343052_-3_ATG_459
CP040692	-3344538	TGA	FF956_16255	-3346109	1572	CDS		ATG	FF956_16255|CP040692_3346109_3344538_-2_ATG_523
CP040692	-3346106	TGA	FF956_16260	-3346753	648	CDS		GTG	FF956_16260|CP040692_3346753_3346106_-3_GTG_215
CP040692	-3346869	TAA	FF956_16265	-3348236	1368	CDS		GTG	FF956_16265|CP040692_3348236_3346869_-2_GTG_455
CP040692	-3348276	TAG	FF956_16270	-3349187	912	CDS		ATG	FF956_16270|CP040692_3349187_3348276_-2_ATG_303
CP040692	-3349168	TAA	FF956_16275	-3349353	186	CDS		ATG	FF956_16275|CP040692_3349353_3349168_-1_ATG_61
CP040692	-3350263	TAG	FF956_16285	-3351165	903	CDS		ATG	FF956_16285|CP040692_3351165_3350263_-1_ATG_300
CP040692	-3351187	TGA	FF956_16290	-3352350	1164	CDS		ATG	FF956_16290|CP040692_3352350_3351187_-1_ATG_387
CP040692	-3353739	TGA	FF956_16300	-3356054	2316	CDS		ATG	FF956_16300|CP040692_3356054_3353739_-2_ATG_771
CP040692	-3356673	TGA	FF956_16310	-3356867	195	CDS		ATG	FF956_16310|CP040692_3356867_3356673_-2_ATG_64
CP040692	-3359306	TAG	FF956_16330	-3360067	762	CDS		ATG	FF956_16330|CP040692_3360067_3359306_-3_ATG_253
CP040692	-3360073	TAG	FF956_16335	-3360549	477	CDS		GTG	FF956_16335|CP040692_3360549_3360073_-1_GTG_158
CP040692	-3361676	TAG	FF956_16345	-3361954	279	CDS		TTG	FF956_16345|CP040692_3361954_3361676_-3_TTG_92
CP040692	-3363968	TAG	FF956_16360	-3365902	1935	CDS		ATG	FF956_16360|CP040692_3365902_3363968_-3_ATG_644
CP040692	-3365899	TGA	FF956_16365	-3368178	2280	CDS		ATG	FF956_16365|CP040692_3368178_3365899_-1_ATG_759
CP040692	-3369092	TGA	FF956_16375	-3369997	906	CDS		ATG	FF956_16375|CP040692_3369997_3369092_-3_ATG_301
CP040692	-3369999	TGA	FF956_16380	-3371015	1017	CDS		ATG	FF956_16380|CP040692_3371015_3369999_-2_ATG_338
CP040692	-3371075	TAG	FF956_16385	-3372199	1125	CDS		GTG	FF956_16385|CP040692_3372199_3371075_-3_GTG_374
CP040692	-3372220	TGA	FF956_16390	-3373050	831	CDS		ATG	FF956_16390|CP040692_3373050_3372220_-1_ATG_276
CP040692	-3376401	TGA	FF956_16405	-3377315	915	CDS		GTG	FF956_16405|CP040692_3377315_3376401_-2_GTG_304
CP040692	-3377312	TGA	FF956_16410	-3378286	975	CDS		GTG	FF956_16410|CP040692_3378286_3377312_-3_GTG_324
CP040692	-3378299	TGA	FF956_16415	-3379411	1113	CDS		TTG	FF956_16415|CP040692_3379411_3378299_-3_TTG_370
CP040692	-3384977	TGA	FF956_16445	-3386629	1653	CDS		ATG	FF956_16445|CP040692_3386629_3384977_-3_ATG_550
CP040692	-3386629	TGA	FF956_16450	-3387210	582	CDS		GTG	FF956_16450|CP040692_3387210_3386629_-1_GTG_193
CP040692	-3389130	TGA	FF956_16465	-3389630	501	CDS		GTG	FF956_16465|CP040692_3389630_3389130_-2_GTG_166
CP040692	-3389627	TGA	FF956_16470	-3390103	477	CDS		TTG	FF956_16470|CP040692_3390103_3389627_-3_TTG_158
CP040692	-3390192	TGA	FF956_16475	-3390449	258	CDS		ATG	FF956_16475|CP040692_3390449_3390192_-2_ATG_85
CP040692	-3390446	TGA	FF956_16480	-3392227	1782	CDS		ATG	FF956_16480|CP040692_3392227_3390446_-3_ATG_593
CP040692	-3397629	TAG	FF956_16510	-3398078	450	CDS		ATG	FF956_16510|CP040692_3398078_3397629_-2_ATG_149
CP040692	-3398143	TAA	FF956_16515	-3398916	774	CDS		GTG	FF956_16515|CP040692_3398916_3398143_-1_GTG_257
CP040692	-3399014	TGA	FF956_16520	-3399448	435	CDS		ATG	FF956_16520|CP040692_3399448_3399014_-3_ATG_144
CP040692	-3399454	TAG	FF956_16525	-3399633	180	CDS		ATG	FF956_16525|CP040692_3399633_3399454_-1_ATG_59
CP040692	-3400190	TAA	FF956_16530	-3402583	2394	CDS		ATG	FF956_16530|CP040692_3402583_3400190_-3_ATG_797
CP040692	-3402580	TGA	FF956_16535	-3404130	1551	CDS		GTG	FF956_16535|CP040692_3404130_3402580_-1_GTG_516
CP040692	-3404253	TAA	FF956_16540	-3405371	1119	CDS	true	ATG	FF956_16540_p|CP040692_3405371_3404253_-2_ATG_372
CP040692	-3405377	TAA	FF956_16545	-3406108	732	CDS		ATG	FF956_16545|CP040692_3406108_3405377_-3_ATG_243
CP040692	-3409831	TGA	FF956_16565	-3410358	528	CDS		ATG	FF956_16565|CP040692_3410358_3409831_-1_ATG_175
CP040692	-3410358	TGA	FF956_16570	-3410510	153	CDS		ATG	FF956_16570|CP040692_3410510_3410358_-2_ATG_50
CP040692	-3410523	TAA	FF956_16575	-3411503	981	CDS		GTG	FF956_16575|CP040692_3411503_3410523_-2_GTG_326
CP040692	-3413548	TAG	FF956_16590	-3414843	1296	CDS		GTG	FF956_16590|CP040692_3414843_3413548_-1_GTG_431
CP040692	-3415016	TAA	FF956_16595	-3416533	1518	CDS		GTG	FF956_16595|CP040692_3416533_3415016_-3_GTG_505
CP040692	-3416610	TGA	FF956_16600	-3417792	1183	CDS	true	ATG	FF956_16600_p|CP040692_3417792_3416610_-1_ATG_394
CP040692	-3418976	TGA	FF956_16610	-3420463	1488	CDS		ATG	FF956_16610|CP040692_3420463_3418976_-3_ATG_495
CP040692	-3420564	TAG	FF956_16615	-3420938	375	CDS		ATG	FF956_16615|CP040692_3420938_3420564_-2_ATG_124
CP040692	-3425611	TGA	FF956_16635	-3427083	1473	CDS		ATG	FF956_16635|CP040692_3427083_3425611_-1_ATG_490
CP040692	-3427781	TGA	FF956_16640	-3428047	267	CDS		ATG	FF956_16640|CP040692_3428047_3427781_-3_ATG_88
CP040692	-3428786	TGA	FF956_16650	-3430513	1728	CDS		ATG	FF956_16650|CP040692_3430513_3428786_-3_ATG_575
CP040692	-3430532	TAG	FF956_16655	-3431554	1023	CDS		ATG	FF956_16655|CP040692_3431554_3430532_-3_ATG_340
CP040692	-3433807	TAG	FF956_16670	-3434091	285	CDS		GTG	FF956_16670|CP040692_3434091_3433807_-1_GTG_94
CP040692	-3434088	TGA	FF956_16675	-3434954	867	CDS		GTG	FF956_16675|CP040692_3434954_3434088_-2_GTG_288
CP040692	-3434951	TGA	FF956_16680	-3435382	432	CDS		GTG	FF956_16680|CP040692_3435382_3434951_-3_GTG_143
CP040692	-3437451	TAG	FF956_16695	-3438239	789	CDS		GTG	FF956_16695|CP040692_3438239_3437451_-2_GTG_262
CP040692	-3441857	TAG	FF956_16715	-3443809	1953	CDS		ATG	FF956_16715|CP040692_3443809_3441857_-3_ATG_650
CP040692	-3446017	TAA	FF956_16730	-3446424	408	CDS		GTG	FF956_16730|CP040692_3446424_3446017_-1_GTG_135
CP040692	-3450031	TAA	FF956_16755	-3450456	426	CDS		ATG	FF956_16755|CP040692_3450456_3450031_-1_ATG_141
CP040692	-3450453	TGA	FF956_16760	-3450935	483	CDS		ATG	FF956_16760|CP040692_3450935_3450453_-2_ATG_160
CP040692	-3450932	TGA	FF956_16765	-3451435	504	CDS		ATG	FF956_16765|CP040692_3451435_3450932_-3_ATG_167
CP040692	-3451445	TAA	FF956_16770	-3451645	201	CDS		GTG	FF956_16770|CP040692_3451645_3451445_-3_GTG_66
CP040692	-3455923	TGA	FF956_16790	-3458085	2163	CDS		ATG	FF956_16790|CP040692_3458085_3455923_-1_ATG_720
CP040692	-3458090	TAA	FF956_16795	-3459301	1212	CDS		ATG	FF956_16795|CP040692_3459301_3458090_-3_ATG_403
CP040692	-3460648	TAG	FF956_16805	-3461121	474	CDS		GTG	FF956_16805|CP040692_3461121_3460648_-1_GTG_157
CP040692	-3461149	TGA	FF956_16810	-3461607	459	CDS		GTG	FF956_16810|CP040692_3461607_3461149_-1_GTG_152
CP040692	-3461666	TAA	FF956_16815	-3462745	1080	CDS		GTG	FF956_16815|CP040692_3462745_3461666_-3_GTG_359
CP040692	-3462751	TAG	FF956_16820	-3463194	444	CDS		ATG	FF956_16820|CP040692_3463194_3462751_-1_ATG_147
CP040692	-3464982	TGA	FF956_16830	-3465620	639	CDS		GTG	FF956_16830|CP040692_3465620_3464982_-2_GTG_212
CP040692	-3465675	GAT	FF956_16835	-3465770	96	CDS	true	TTG	FF956_16835_p|CP040692_3465770_3465675_-2_TTG_32
CP040692	-3466733	TAA	FF956_16845	-3467065	333	CDS		GTG	FF956_16845|CP040692_3467065_3466733_-3_GTG_110
CP040692	-3467062	TGA	FF956_16850	-3468321	1260	CDS		ATG	FF956_16850|CP040692_3468321_3467062_-1_ATG_419
CP040692	-3468321	TAA	FF956_16855	-3469439	1119	CDS		GTG	FF956_16855|CP040692_3469439_3468321_-2_GTG_372
CP040692	-3469642	TGA	FF956_16860	-3470034	393	CDS		GTG	FF956_16860|CP040692_3470034_3469642_-1_GTG_130
CP040692	-3471910	TGA	FF956_16870	-3473187	1278	CDS		GTG	FF956_16870|CP040692_3473187_3471910_-1_GTG_425
CP040692	-3473985	TGA	FF956_16880	-3474989	1005	CDS		GTG	FF956_16880|CP040692_3474989_3473985_-2_GTG_334
CP040692	-3474973	TGA	FF956_16885	-3476265	1293	CDS		TTG	FF956_16885|CP040692_3476265_3474973_-1_TTG_430
CP040692	-3476542	TGA	FF956_16890	-3476784	243	CDS		GTG	FF956_16890|CP040692_3476784_3476542_-1_GTG_80
CP040692	-3476709	TGA	FF956_16895	-3476972	264	CDS		ATG	FF956_16895|CP040692_3476972_3476709_-2_ATG_87
CP040692	-3477988	TAA	FF956_16905	-3478800	813	CDS		GTG	FF956_16905|CP040692_3478800_3477988_-1_GTG_270
CP040692	-3478887	TGA	FF956_16910	-3479657	771	CDS		GTG	FF956_16910|CP040692_3479657_3478887_-2_GTG_256
CP040692	-3482264	TGA	FF956_16935	-3483525	1263	fCDS		ATG	FF956_16935_fCDS|CP040692_3483525_3482264_-1_ATG_420
CP040692	-3484138	TAG	FF956_16945	-3484782	645	CDS		GTG	FF956_16945|CP040692_3484782_3484138_-1_GTG_214
CP040692	-3487927	TGA	FF956_16955	-3488106	180	CDS		GTG	FF956_16955|CP040692_3488106_3487927_-1_GTG_59
CP040692	-3488125	TAG	FF956_16960	-3490887	2763	CDS		GTG	FF956_16960|CP040692_3490887_3488125_-1_GTG_920
CP040692	-3492963	TAA	FF956_16990	-3493868	906	CDS		ATG	FF956_16990|CP040692_3493868_3492963_-2_ATG_301
CP040692	-3493973	TGA	FF956_16995	-3494263	291	CDS		TTG	FF956_16995|CP040692_3494263_3493973_-3_TTG_96
CP040692	-3495149	TGA	FF956_17010	-3496204	1056	CDS		GTG	FF956_17010|CP040692_3496204_3495149_-3_GTG_351
CP040692	-3502336	TAG	FF956_17045	-3503112	777	CDS		GTG	FF956_17045|CP040692_3503112_3502336_-1_GTG_258
CP040692	-3503155	TGA	FF956_17050	-3504102	948	CDS		GTG	FF956_17050|CP040692_3504102_3503155_-1_GTG_315
CP040692	-3504099	TGA	FF956_17055	-3504866	768	CDS		TTG	FF956_17055|CP040692_3504866_3504099_-2_TTG_255
CP040692	-3508546	TGA	FF956_17085	-3509415	870	CDS		GTG	FF956_17085|CP040692_3509415_3508546_-1_GTG_289
CP040692	-3511019	TAA	FF956_17100	-3512113	1095	CDS		ATG	FF956_17100|CP040692_3512113_3511019_-3_ATG_364
CP040692	-3512144	TGA	FF956_17105	-3513727	1584	CDS		GTG	FF956_17105|CP040692_3513727_3512144_-3_GTG_527
CP040692	-3513814	TGA	FF956_17110	-3514203	390	CDS		ATG	FF956_17110|CP040692_3514203_3513814_-1_ATG_129
CP040692	-3516051	TGA	FF956_17120	-3517007	957	CDS		GTG	FF956_17120|CP040692_3517007_3516051_-2_GTG_318
CP040692	-3517128	TGA	FF956_17125	-3517757	630	CDS		ATG	FF956_17125|CP040692_3517757_3517128_-2_ATG_209
CP040692	-3517754	TGA	FF956_17130	-3520018	2265	CDS		GTG	FF956_17130|CP040692_3520018_3517754_-3_GTG_754
CP040692	-3520860	TAA	FF956_17140	-3521207	348	CDS		ATG	FF956_17140|CP040692_3521207_3520860_-2_ATG_115
CP040692	-3521219	TAG	FF956_17145	-3522520	1302	CDS		ATG	FF956_17145|CP040692_3522520_3521219_-3_ATG_433
CP040692	-3524356	TGA	FF956_17160	-3525507	1152	CDS		ATG	FF956_17160|CP040692_3525507_3524356_-1_ATG_383
CP040692	-3528813	TAG	FF956_17175	-3529118	306	CDS		ATG	FF956_17175|CP040692_3529118_3528813_-2_ATG_101
CP040692	-3532403	TGA	FF956_17200	-3533077	675	CDS		GTG	FF956_17200|CP040692_3533077_3532403_-3_GTG_224
CP040692	-3533074	TGA	FF956_17205	-3533313	240	CDS		GTG	FF956_17205|CP040692_3533313_3533074_-1_GTG_79
CP040692	-3533419	TGA	FF956_17210	-3534138	720	CDS		ATG	FF956_17210|CP040692_3534138_3533419_-1_ATG_239
CP040692	-3534797	TAG	FF956_17220	-3536497	1701	CDS		GTG	FF956_17220|CP040692_3536497_3534797_-3_GTG_566
CP040692	-3536513	TGA	FF956_17225	-3537199	687	CDS		GTG	FF956_17225|CP040692_3537199_3536513_-3_GTG_228
CP040692	-3539008	TAG	FF956_17235	-3539193	186	CDS		CTG	FF956_17235|CP040692_3539193_3539008_-1_CTG_61
CP040692	-3539447	TAG	FF956_17240	-3541606	2160	CDS		ATG	FF956_17240|CP040692_3541606_3539447_-3_ATG_719
CP040692	-3541603	TGA	FF956_17245	-3542496	894	CDS		ATG	FF956_17245|CP040692_3542496_3541603_-1_ATG_297
CP040692	-3543164	TAG	FF956_17255	-3544408	1245	CDS		ATG	FF956_17255|CP040692_3544408_3543164_-3_ATG_414
CP040692	-3544413	TAG	FF956_17260	-3545831	1419	CDS		GTG	FF956_17260|CP040692_3545831_3544413_-2_GTG_472
CP040692	-3546809	TGA	FF956_17270	-3547432	624	CDS		ATG	FF956_17270|CP040692_3547432_3546809_-3_ATG_207
CP040692	-3549984	TAG	FF956_17285	-3551252	1269	CDS		GTG	FF956_17285|CP040692_3551252_3549984_-2_GTG_422
CP040692	-3551264	TAG	FF956_17290	-3551698	435	CDS		ATG	FF956_17290|CP040692_3551698_3551264_-3_ATG_144
CP040692	-3551695	TGA	FF956_17295	-3552582	888	CDS		ATG	FF956_17295|CP040692_3552582_3551695_-1_ATG_295
CP040692	-3552680	TGA	FF956_17300	-3553426	747	CDS		ATG	FF956_17300|CP040692_3553426_3552680_-3_ATG_248
CP040692	-3553457	TAG	FF956_17305	-3554926	1470	CDS		ATG	FF956_17305|CP040692_3554926_3553457_-3_ATG_489
CP040692	-3561984	TGA	FF956_17355	-3563441	1458	CDS		ATG	FF956_17355|CP040692_3563441_3561984_-2_ATG_485
CP040692	-3563486	TGA	FF956_17360	-3564229	744	CDS		ATG	FF956_17360|CP040692_3564229_3563486_-3_ATG_247
CP040692	-3567954	TGA	FF956_17385	-3569708	1755	CDS		ATG	FF956_17385|CP040692_3569708_3567954_-2_ATG_584
CP040692	-3573589	TGA	FF956_17405	-3573834	246	CDS		GTG	FF956_17405|CP040692_3573834_3573589_-1_GTG_81
CP040692	-3574211	TAG	FF956_17415	-3574639	429	CDS		ATG	FF956_17415|CP040692_3574639_3574211_-3_ATG_142
CP040692	-3574663	TAA	FF956_17420	-3574920	258	CDS		ATG	FF956_17420|CP040692_3574920_3574663_-1_ATG_85
CP040692	-3575011	TAG	FF956_17425	-3577800	2790	CDS		ATG	FF956_17425|CP040692_3577800_3575011_-1_ATG_929
CP040692	-3577880	TGA	FF956_17430	-3578122	243	CDS		ATG	FF956_17430|CP040692_3578122_3577880_-3_ATG_80
CP040692	-3578199	TAG	FF956_17435	-3580549	2351	CDS	true	ATG	FF956_17435_p|CP040692_3580549_3578199_-3_ATG_783
CP040692	-3580569	TGA	FF956_17440	-3581096	528	CDS		GTG	FF956_17440|CP040692_3581096_3580569_-2_GTG_175
CP040692	-3582742	TGA	FF956_17460	-3583203	462	CDS		GTG	FF956_17460|CP040692_3583203_3582742_-1_GTG_153
CP040692	-3583345	TAG	FF956_17465	-3583668	324	CDS	true	CTA	FF956_17465_p|CP040692_3583668_3583345_-1_CTA_107
CP040692	-3583890	TGA	FF956_17470	-3584417	528	CDS		ATG	FF956_17470|CP040692_3584417_3583890_-2_ATG_175
CP040692	-3584532	TGA	FF956_17475	-3585380	849	CDS		ATG	FF956_17475|CP040692_3585380_3584532_-2_ATG_282
CP040692	-3585585	TGA	FF956_17485	-3586133	549	CDS		GTG	FF956_17485|CP040692_3586133_3585585_-2_GTG_182
CP040692	-3586282	TAA	FF956_17490	-3586494	213	CDS		TTG	FF956_17490|CP040692_3586494_3586282_-1_TTG_70
CP040692	-3586491	TGA	FF956_17495	-3586988	498	CDS		GTG	FF956_17495|CP040692_3586988_3586491_-2_GTG_165
CP040692	-3587036	TGA	FF956_17500	-3587248	213	CDS		GTG	FF956_17500|CP040692_3587248_3587036_-3_GTG_70
CP040692	-3587303	TAA	FF956_17505	-3588055	753	CDS		ATG	FF956_17505|CP040692_3588055_3587303_-3_ATG_250
CP040692	-3588119	TGA	FF956_17510	-3588652	534	CDS		GTG	FF956_17510|CP040692_3588652_3588119_-3_GTG_177
CP040692	-3588725	TAG	FF956_17515	-3589525	801	CDS		ATG	FF956_17515|CP040692_3589525_3588725_-3_ATG_266
CP040692	-3589528	TAG	FF956_17520	-3590073	546	CDS		GTG	FF956_17520|CP040692_3590073_3589528_-1_GTG_181
CP040692	-3590070	TGA	FF956_17525	-3591395	1326	CDS		GTG	FF956_17525|CP040692_3591395_3590070_-2_GTG_441
CP040692	-3592601	TAG	FF956_17535	-3593329	729	CDS		ATG	FF956_17535|CP040692_3593329_3592601_-3_ATG_242
CP040692	-3593342	TGA	FF956_17540	-3594688	1347	CDS		GTG	FF956_17540|CP040692_3594688_3593342_-3_GTG_448
CP040692	-3598661	TAG	FF956_17565	-3600532	1872	CDS		ATG	FF956_17565|CP040692_3600532_3598661_-3_ATG_623
CP040692	-3600565	TAG	FF956_17570	-3601005	441	CDS		GTG	FF956_17570|CP040692_3601005_3600565_-1_GTG_146
CP040692	-3601005	TAG	FF956_17575	-3601202	198	CDS		ATG	FF956_17575|CP040692_3601202_3601005_-2_ATG_65
CP040692	-3601205	TAG	FF956_17580	-3601867	663	CDS		ATG	FF956_17580|CP040692_3601867_3601205_-3_ATG_220
CP040692	-3601887	TGA	FF956_17585	-3602255	369	CDS		ATG	FF956_17585|CP040692_3602255_3601887_-2_ATG_122
CP040692	-3602258	TAG	FF956_17590	-3602797	540	CDS		ATG	FF956_17590|CP040692_3602797_3602258_-3_ATG_179
CP040692	-3602821	TGA	FF956_17595	-3603219	399	CDS		ATG	FF956_17595|CP040692_3603219_3602821_-1_ATG_132
CP040692	-3603383	TAA	FF956_17600	-3603568	186	CDS		ATG	FF956_17600|CP040692_3603568_3603383_-3_ATG_61
CP040692	-3603573	TGA	FF956_17605	-3604136	564	CDS		ATG	FF956_17605|CP040692_3604136_3603573_-2_ATG_187
CP040692	-3604136	TGA	FF956_17610	-3604453	318	CDS		ATG	FF956_17610|CP040692_3604453_3604136_-3_ATG_105
CP040692	-3604454	TAG	FF956_17615	-3604822	369	CDS		GTG	FF956_17615|CP040692_3604822_3604454_-3_GTG_122
CP040692	-3605308	TAA	FF956_17620	-3606249	942	CDS		ATG	FF956_17620|CP040692_3606249_3605308_-1_ATG_313
CP040692	-3606550	TAG	FF956_17625	-3607449	900	CDS		GTG	FF956_17625|CP040692_3607449_3606550_-1_GTG_299
CP040692	-3607497	TGA	FF956_17630	-3609860	2364	CDS		ATG	FF956_17630|CP040692_3609860_3607497_-2_ATG_787
CP040692	-3610029	TAA	FF956_17635	-3610439	411	CDS		GTG	FF956_17635|CP040692_3610439_3610029_-2_GTG_136
CP040692	-3610436	TGA	FF956_17640	-3610669	234	CDS		ATG	FF956_17640|CP040692_3610669_3610436_-3_ATG_77
CP040692	-3610669	TGA	FF956_17645	-3611085	417	CDS		ATG	FF956_17645|CP040692_3611085_3610669_-1_ATG_138
CP040692	-3611089	TGA	FF956_17650	-3611913	825	CDS		GTG	FF956_17650|CP040692_3611913_3611089_-1_GTG_274
CP040692	-3611913	TAG	FF956_17655	-3612506	594	CDS		ATG	FF956_17655|CP040692_3612506_3611913_-2_ATG_197
CP040692	-3612503	TGA	FF956_17660	-3612784	282	CDS		ATG	FF956_17660|CP040692_3612784_3612503_-3_ATG_93
CP040692	-3612825	TAG	FF956_17665	-3613667	843	CDS		ATG	FF956_17665|CP040692_3613667_3612825_-2_ATG_280
CP040692	-3613814	TAG	FF956_17670	-3614116	303	CDS		ATG	FF956_17670|CP040692_3614116_3613814_-3_ATG_100
CP040692	-3614116	TGA	FF956_17675	-3614787	672	CDS		ATG	FF956_17675|CP040692_3614787_3614116_-1_ATG_223
CP040692	-3614787	TGA	FF956_17680	-3615440	654	CDS		ATG	FF956_17680|CP040692_3615440_3614787_-2_ATG_217
CP040692	-3615457	TAG	FF956_17685	-3615762	306	CDS		GTG	FF956_17685|CP040692_3615762_3615457_-1_GTG_101
CP040692	-3616399	TAG	FF956_17695	-3616620	222	CDS		ATG	FF956_17695|CP040692_3616620_3616399_-1_ATG_73
CP040692	-3616805	TGA	FF956_17700	-3617038	234	CDS		GTG	FF956_17700|CP040692_3617038_3616805_-3_GTG_77
CP040692	-3617086	TAG	FF956_17705	-3617415	330	CDS		TTG	FF956_17705|CP040692_3617415_3617086_-1_TTG_109
CP040692	-3617454	GCC	FF956_17710	-3617600	147	CDS	true	GCG	FF956_17710_p|CP040692_3617600_3617454_-2_GCG_49
CP040692	-3617683	TGA	FF956_17715	-3617886	204	CDS		TTG	FF956_17715|CP040692_3617886_3617683_-1_TTG_67
CP040692	-3617876	TGA	FF956_17720	-3619315	1440	CDS		GTG	FF956_17720|CP040692_3619315_3617876_-3_GTG_479
CP040692	-3619317	TAG	FF956_17725	-3620729	1413	CDS		ATG	FF956_17725|CP040692_3620729_3619317_-2_ATG_470
CP040692	-3620778	TGA	FF956_17730	-3621533	756	CDS		GTG	FF956_17730|CP040692_3621533_3620778_-2_GTG_251
CP040692	-3621723	TAG	FF956_17735	-3622913	1191	CDS		GTG	FF956_17735|CP040692_3622913_3621723_-2_GTG_396
CP040692	-3622916	TAG	FF956_17740	-3624091	1176	CDS		ATG	FF956_17740|CP040692_3624091_3622916_-3_ATG_391
CP040692	-3624088	TGA	FF956_17745	-3624399	312	CDS		GTG	FF956_17745|CP040692_3624399_3624088_-1_GTG_103
CP040692	-3624402	TGA	FF956_17750	-3624491	90	CDS		ATG	FF956_17750|CP040692_3624491_3624402_-2_ATG_29
CP040692	-3627088	TAG	FF956_17775	-3628308	1221	CDS		ATG	FF956_17775|CP040692_3628308_3627088_-1_ATG_406
CP040692	-3628322	TGA	FF956_17780	-3629149	828	CDS		GTG	FF956_17780|CP040692_3629149_3628322_-3_GTG_275
CP040692	-3629302	TGA	FF956_17785	-3630099	798	CDS		GTG	FF956_17785|CP040692_3630099_3629302_-1_GTG_265
CP040692	-3630237	TAG	FF956_17790	-3631427	1191	CDS		GTG	FF956_17790|CP040692_3631427_3630237_-2_GTG_396
CP040692	-3631658	TGA	FF956_17795	-3633763	2106	CDS		GTG	FF956_17795|CP040692_3633763_3631658_-3_GTG_701
CP040692	-3633844	TGA	FF956_17800	-3634314	471	CDS		ATG	FF956_17800|CP040692_3634314_3633844_-1_ATG_156
CP040692	-3634314	TGA	FF956_17805	-3634688	375	CDS		ATG	FF956_17805|CP040692_3634688_3634314_-2_ATG_124
CP040692	-3634937	TAG	FF956_17810	-3635527	591	CDS		GTG	FF956_17810|CP040692_3635527_3634937_-3_GTG_196
CP040692	-3636761	TGA	FF956_17825	-3637258	498	CDS		GTG	FF956_17825|CP040692_3637258_3636761_-3_GTG_165
CP040692	-3640674	TAG	FF956_17840	-3641465	792	CDS		ATG	FF956_17840|CP040692_3641465_3640674_-2_ATG_263
CP040692	-3641462	TGA	FF956_17845	-3642184	723	CDS		ATG	FF956_17845|CP040692_3642184_3641462_-3_ATG_240
CP040692	-3642187	TAA	FF956_17850	-3643125	939	CDS		ATG	FF956_17850|CP040692_3643125_3642187_-1_ATG_312
CP040692	-3643136	TGA	FF956_17855	-3644764	1629	CDS		ATG	FF956_17855|CP040692_3644764_3643136_-3_ATG_542
CP040692	-3644824	TGA	FF956_17860	-3645666	843	CDS		ATG	FF956_17860|CP040692_3645666_3644824_-1_ATG_280
CP040692	-3645698	TGA	FF956_17865	-3646456	759	CDS		GTG	FF956_17865|CP040692_3646456_3645698_-3_GTG_252
CP040692	-3648928	TAG	FF956_17880	-3652878	3951	CDS		GTG	FF956_17880|CP040692_3652878_3648928_-1_GTG_1316
CP040692	-3652923	TAA	FF956_17885	-3656441	3519	CDS		TTG	FF956_17885|CP040692_3656441_3652923_-2_TTG_1172
CP040692	-3656724	TAG	FF956_17890	-3656954	231	CDS		TTG	FF956_17890|CP040692_3656954_3656724_-2_TTG_76
CP040692	-3656939	TGA	FF956_17895	-3657112	174	CDS		GTG	FF956_17895|CP040692_3657112_3656939_-3_GTG_57
CP040692	-3657109	TGA	FF956_17900	-3657447	339	CDS		GTG	FF956_17900|CP040692_3657447_3657109_-1_GTG_112
CP040692	-3657444	TGA	FF956_17905	-3657716	273	CDS		ATG	FF956_17905|CP040692_3657716_3657444_-2_ATG_90
CP040692	-3657748	TAG	FF956_17910	-3660111	2364	CDS		ATG	FF956_17910|CP040692_3660111_3657748_-1_ATG_787
CP040692	-3663652	TAA	FF956_17950	-3664731	1080	CDS		GTG	FF956_17950|CP040692_3664731_3663652_-1_GTG_359
CP040692	-3664743	TGA	FF956_17955	-3666248	1506	CDS		ATG	FF956_17955|CP040692_3666248_3664743_-2_ATG_501
CP040692	-3667007	TAG	FF956_17965	-3667399	393	CDS		ATG	FF956_17965|CP040692_3667399_3667007_-3_ATG_130
CP040692	-3667436	TAG	FF956_17970	-3667972	537	CDS		ATG	FF956_17970|CP040692_3667972_3667436_-3_ATG_178
CP040692	-3668303	TAA	FF956_17975	-3669211	909	CDS		ATG	FF956_17975|CP040692_3669211_3668303_-3_ATG_302
CP040692	-3669211	TGA	FF956_17980	-3669885	675	CDS		ATG	FF956_17980|CP040692_3669885_3669211_-1_ATG_224
CP040692	-3669882	TGA	FF956_17985	-3673787	3906	CDS		ATG	FF956_17985|CP040692_3673787_3669882_-2_ATG_1301
CP040692	-3680557	TAG	FF956_18020	-3681264	708	CDS		ATG	FF956_18020|CP040692_3681264_3680557_-1_ATG_235
CP040692	-3681331	TAG	FF956_18025	-3681759	429	CDS		ATG	FF956_18025|CP040692_3681759_3681331_-1_ATG_142
CP040692	-3681811	TAG	FF956_18030	-3682527	717	CDS		GTG	FF956_18030|CP040692_3682527_3681811_-1_GTG_238
CP040692	-3682559	TGA	FF956_18035	-3683044	486	CDS		GTG	FF956_18035|CP040692_3683044_3682559_-3_GTG_161
CP040692	-3683456	TAA	FF956_18045	-3683956	501	CDS		ATG	FF956_18045|CP040692_3683956_3683456_-3_ATG_166
CP040692	-3683960	TAG	FF956_18050	-3684388	429	CDS		ATG	FF956_18050|CP040692_3684388_3683960_-3_ATG_142
CP040692	-3684375	TGA	FF956_18055	-3684851	477	CDS		GTG	FF956_18055|CP040692_3684851_3684375_-2_GTG_158
CP040692	-3684902	TAA	FF956_18060	-3685069	168	CDS		ATG	FF956_18060|CP040692_3685069_3684902_-3_ATG_55
CP040692	-3685417	TGA	FF956_18075	-3685668	252	CDS		TTG	FF956_18075|CP040692_3685668_3685417_-1_TTG_83
CP040692	-3698092	TGA	FF956_18115	-3698499	408	CDS		GTG	FF956_18115|CP040692_3698499_3698092_-1_GTG_135
CP040692	-3698496	TGA	FF956_18120	-3698756	261	CDS		ATG	FF956_18120|CP040692_3698756_3698496_-2_ATG_86
CP040692	-3699722	TAA	FF956_18130	-3700117	396	CDS		ATG	FF956_18130|CP040692_3700117_3699722_-3_ATG_131
CP040692	-3700117	TGA	FF956_18135	-3700371	255	CDS		ATG	FF956_18135|CP040692_3700371_3700117_-1_ATG_84
CP040692	-3700464	TGA	FF956_18140	-3701411	948	CDS		ATG	FF956_18140|CP040692_3701411_3700464_-2_ATG_315
CP040692	-3701422	TGA	FF956_18145	-3702579	1158	CDS		ATG	FF956_18145|CP040692_3702579_3701422_-1_ATG_385
CP040692	-3702974	TGA	FF956_18155	-3704065	1092	CDS		ATG	FF956_18155|CP040692_3704065_3702974_-3_ATG_363
CP040692	-3704062	TGA	FF956_18160	-3705246	1185	CDS		ATG	FF956_18160|CP040692_3705246_3704062_-1_ATG_394
CP040692	-3705375	TGA	FF956_18165	-3705776	402	CDS		GTG	FF956_18165|CP040692_3705776_3705375_-2_GTG_133
CP040692	-3705773	TGA	FF956_18170	-3706000	228	CDS		GTG	FF956_18170|CP040692_3706000_3705773_-3_GTG_75
CP040692	-3706195	TAG	FF956_18180	-3706437	243	CDS		GTG	FF956_18180|CP040692_3706437_3706195_-1_GTG_80
CP040692	-3706434	TGA	FF956_18185	-3707183	750	CDS		GTG	FF956_18185|CP040692_3707183_3706434_-2_GTG_249
CP040692	-3709853	TGA	FF956_18195	-3710458	606	CDS		GTG	FF956_18195|CP040692_3710458_3709853_-3_GTG_201
CP040692	-3712570	TAG	FF956_18220	-3712797	228	CDS		GTG	FF956_18220|CP040692_3712797_3712570_-1_GTG_75
CP040692	-3712725	TGA	FF956_18225	-3712952	228	CDS		GTG	FF956_18225|CP040692_3712952_3712725_-2_GTG_75
CP040692	-3712895	TGA	FF956_18230	-3713296	402	CDS		GTG	FF956_18230|CP040692_3713296_3712895_-3_GTG_133
CP040692	-3713293	TGA	FF956_18235	-3713538	246	CDS		ATG	FF956_18235|CP040692_3713538_3713293_-1_ATG_81
CP040692	-3713583	TGA	FF956_18240	-3713969	387	CDS		GTG	FF956_18240|CP040692_3713969_3713583_-2_GTG_128
CP040692	-3714023	TAA	FF956_18245	-3714766	744	CDS		ATG	FF956_18245|CP040692_3714766_3714023_-3_ATG_247
CP040692	-3714768	TGA	FF956_18250	-3715352	585	CDS		ATG	FF956_18250|CP040692_3715352_3714768_-2_ATG_194
CP040692	-3715593	TGA	FF956_18255	-3716543	951	CDS		ATG	FF956_18255|CP040692_3716543_3715593_-2_ATG_316
CP040692	-3716615	TAG	FF956_18260	-3716926	312	CDS		ATG	FF956_18260|CP040692_3716926_3716615_-3_ATG_103
CP040692	-3721995	TGA	FF956_18305	-3723545	1551	CDS		ATG	FF956_18305|CP040692_3723545_3721995_-2_ATG_516
CP040692	-3723550	TGA	FF956_18310	-3724758	1209	CDS		GTG	FF956_18310|CP040692_3724758_3723550_-1_GTG_402
CP040692	-3724755	TGA	FF956_18315	-3726281	1527	CDS		ATG	FF956_18315|CP040692_3726281_3724755_-2_ATG_508
CP040692	-3726278	TGA	FF956_18320	-3727723	1446	CDS		ATG	FF956_18320|CP040692_3727723_3726278_-3_ATG_481
CP040692	-3727720	TGA	FF956_18325	-3728751	1032	CDS		ATG	FF956_18325|CP040692_3728751_3727720_-1_ATG_343
CP040692	-3728748	TGA	FF956_18330	-3729962	1215	CDS		GTG	FF956_18330|CP040692_3729962_3728748_-2_GTG_404
CP040692	-3729968	TAG	FF956_18335	-3730855	888	CDS		ATG	FF956_18335|CP040692_3730855_3729968_-3_ATG_295
CP040692	-3730857	TAG	FF956_18340	-3731654	798	CDS		ATG	FF956_18340|CP040692_3731654_3730857_-2_ATG_265
CP040692	-3731651	TGA	FF956_18345	-3732373	723	CDS		ATG	FF956_18345|CP040692_3732373_3731651_-3_ATG_240
CP040692	-3734920	TGA	FF956_18355	-3737553	2634	CDS		ATG	FF956_18355|CP040692_3737553_3734920_-1_ATG_877
CP040692	-3738453	TAA	FF956_18365	-3738860	408	CDS		GTG	FF956_18365|CP040692_3738860_3738453_-2_GTG_135
CP040692	-3738857	TGA	FF956_18370	-3739072	216	CDS		GTG	FF956_18370|CP040692_3739072_3738857_-3_GTG_71
CP040692	-3739786	TGA	FF956_18380	-3740544	759	CDS		ATG	FF956_18380|CP040692_3740544_3739786_-1_ATG_252
CP040692	-3740472	TGA	FF956_18385	-3740951	480	CDS		TTG	FF956_18385|CP040692_3740951_3740472_-2_TTG_159
CP040692	-3744858	TAG	FF956_18395	-3745643	786	CDS		ATG	FF956_18395|CP040692_3745643_3744858_-2_ATG_261
CP040692	-3745657	TAA	FF956_18400	-3746961	1305	CDS		ATG	FF956_18400|CP040692_3746961_3745657_-1_ATG_434
CP040692	-3750990	GAG	FF956_18420	-3752792	1803	CDS	true	GTG	FF956_18420_p|CP040692_3752792_3750990_-2_GTG_601
CP040692	-3752818	TAG	FF956_18425	-3753084	267	CDS		ATG	FF956_18425|CP040692_3753084_3752818_-1_ATG_88
CP040692	-3753219	TGA	FF956_18430	-3754637	1419	CDS		ATG	FF956_18430|CP040692_3754637_3753219_-2_ATG_472
CP040692	-3754747	TAG	FF956_18435	-3755766	1020	CDS		GTG	FF956_18435|CP040692_3755766_3754747_-1_GTG_339
CP040692	-3759348	TGA	FF956_18460	-3760208	861	CDS		ATG	FF956_18460|CP040692_3760208_3759348_-2_ATG_286
CP040692	-3760309	TAG	FF956_18465	-3761316	1008	CDS		GTG	FF956_18465|CP040692_3761316_3760309_-1_GTG_335
CP040692	-3763694	TGA	FF956_18485	-3764398	705	CDS		ATG	FF956_18485|CP040692_3764398_3763694_-3_ATG_234
CP040692	-3764415	TAA	FF956_18490	-3765551	1137	CDS		GTG	FF956_18490|CP040692_3765551_3764415_-2_GTG_378
CP040692	-3765613	TGA	FF956_18495	-3766128	516	CDS		GTG	FF956_18495|CP040692_3766128_3765613_-1_GTG_171
CP040692	-3766125	TGA	FF956_18500	-3767789	1665	CDS		GTG	FF956_18500|CP040692_3767789_3766125_-2_GTG_554
CP040692	-3767832	TGA	FF956_18505	-3768620	789	CDS		GTG	FF956_18505|CP040692_3768620_3767832_-2_GTG_262
CP040692	-3768617	TGA	FF956_18510	-3769597	981	CDS		GTG	FF956_18510|CP040692_3769597_3768617_-3_GTG_326
CP040692	-3769594	TGA	FF956_18515	-3771198	1605	CDS		ATG	FF956_18515|CP040692_3771198_3769594_-1_ATG_534
CP040692	-3781053	TGA	FF956_18575	-3781715	663	CDS		GTG	FF956_18575|CP040692_3781715_3781053_-2_GTG_220
CP040692	-3781712	TGA	FF956_18580	-3782344	633	CDS		GTG	FF956_18580|CP040692_3782344_3781712_-3_GTG_210
CP040692	-3782401	TGA	FF956_18585	-3784047	1647	CDS		ATG	FF956_18585|CP040692_3784047_3782401_-1_ATG_548
CP040692	-3785799	TGA	FF956_18595	-3786839	1041	CDS		ATG	FF956_18595|CP040692_3786839_3785799_-2_ATG_346
CP040692	-3786836	TGA	FF956_18600	-3787630	795	CDS		ATG	FF956_18600|CP040692_3787630_3786836_-3_ATG_264
CP040692	-3789510	TAA	FF956_18615	-3789737	228	CDS		TTG	FF956_18615|CP040692_3789737_3789510_-2_TTG_75
CP040692	-3789643	TGA	FF956_18620	-3791388	1746	CDS		ATG	FF956_18620|CP040692_3791388_3789643_-1_ATG_581
CP040692	-3791381	TAA	FF956_18625	-3791563	183	CDS		GTG	FF956_18625|CP040692_3791563_3791381_-3_GTG_60
CP040692	-3791535	TGA	FF956_18630	-3791852	318	CDS		GTG	FF956_18630|CP040692_3791852_3791535_-2_GTG_105
CP040692	-3792057	TAG	FF956_18640	-3793274	1218	CDS		GTG	FF956_18640|CP040692_3793274_3792057_-2_GTG_405
CP040692	-3793316	TGA	FF956_18645	-3794290	975	CDS		TTG	FF956_18645|CP040692_3794290_3793316_-3_TTG_324
CP040692	-3794287	TGA	FF956_18650	-3795876	1590	CDS		ATG	FF956_18650|CP040692_3795876_3794287_-1_ATG_529
CP040692	-3795909	TGA	FF956_18655	-3796688	780	CDS		ATG	FF956_18655|CP040692_3796688_3795909_-2_ATG_259
CP040692	-3796685	TGA	FF956_18660	-3797335	651	CDS		ATG	FF956_18660|CP040692_3797335_3796685_-3_ATG_216
CP040692	-3797350	TGA	FF956_18665	-3797958	609	CDS		ATG	FF956_18665|CP040692_3797958_3797350_-1_ATG_202
CP040692	-3797958	TGA	FF956_18670	-3799346	1389	CDS		ATG	FF956_18670|CP040692_3799346_3797958_-2_ATG_462
CP040692	-3799839	TGA	FF956_18680	-3801224	1386	CDS		CTG	FF956_18680|CP040692_3801224_3799839_-2_CTG_461
CP040692	-3801278	TGA	FF956_18685	-3801583	306	CDS		ATG	FF956_18685|CP040692_3801583_3801278_-3_ATG_101
CP040692	-3801576	TGA	FF956_18690	-3801926	351	CDS		ATG	FF956_18690|CP040692_3801926_3801576_-2_ATG_116
CP040692	-3801865	TAA	FF956_18695	-3802065	201	CDS		GTG	FF956_18695|CP040692_3802065_3801865_-1_GTG_66
CP040692	-3803298	TGA	FF956_18705	-3803993	696	CDS		GTG	FF956_18705|CP040692_3803993_3803298_-2_GTG_231
CP040692	-3804125	TGA	FF956_18710	-3805435	1311	CDS		ATG	FF956_18710|CP040692_3805435_3804125_-3_ATG_436
CP040692	-3806119	TAG	FF956_18720	-3807654	1536	CDS		ATG	FF956_18720|CP040692_3807654_3806119_-1_ATG_511
CP040692	-3807733	TGA	FF956_18725	-3808032	300	CDS		GTG	FF956_18725|CP040692_3808032_3807733_-1_GTG_99
CP040692	-3808029	TGA	FF956_18730	-3808577	549	CDS		ATG	FF956_18730|CP040692_3808577_3808029_-2_ATG_182
CP040692	-3808590	TGA	FF956_18735	-3809579	990	CDS		ATG	FF956_18735|CP040692_3809579_3808590_-2_ATG_329
CP040692	-3809665	TAG	FF956_18740	-3811362	1698	CDS		ATG	FF956_18740|CP040692_3811362_3809665_-1_ATG_565
CP040692	-3811395	TAG	FF956_18745	-3812324	930	CDS		GTG	FF956_18745|CP040692_3812324_3811395_-2_GTG_309
CP040692	-3812334	TGA	FF956_18750	-3813740	1407	CDS		GTG	FF956_18750|CP040692_3813740_3812334_-2_GTG_468
CP040692	-3813790	TAG	FF956_18755	-3814083	294	CDS		ATG	FF956_18755|CP040692_3814083_3813790_-1_ATG_97
CP040692	-3814076	TAG	FF956_18760	-3816982	2907	CDS		ATG	FF956_18760|CP040692_3816982_3814076_-3_ATG_968
CP040692	-3816979	TGA	FF956_18765	-3817422	444	CDS		GTG	FF956_18765|CP040692_3817422_3816979_-1_GTG_147
CP040692	-3820488	TGA	FF956_18790	-3821564	1077	CDS		ATG	FF956_18790|CP040692_3821564_3820488_-2_ATG_358
CP040692	-3821571	TAG	FF956_18795	-3822701	1131	CDS		GTG	FF956_18795|CP040692_3822701_3821571_-2_GTG_376
CP040692	-3822779	TAG	FF956_18800	-3822880	102	CDS		ATG	FF956_18800|CP040692_3822880_3822779_-3_ATG_33
CP040692	-3823008	TAG	FF956_18805	-3823244	237	CDS		ATG	FF956_18805|CP040692_3823244_3823008_-2_ATG_78
CP040692	-3823385	TGA	FF956_18810	-3824272	888	CDS		ATG	FF956_18810|CP040692_3824272_3823385_-3_ATG_295
CP040692	-3824297	TAG	FF956_18815	-3825172	876	CDS		ATG	FF956_18815|CP040692_3825172_3824297_-3_ATG_291
CP040692	-3825188	TGA	FF956_18820	-3826030	843	CDS		GTG	FF956_18820|CP040692_3826030_3825188_-3_GTG_280
CP040692	-3826046	TAG	FF956_18825	-3826978	933	CDS		ATG	FF956_18825|CP040692_3826978_3826046_-3_ATG_310
CP040692	-3826975	TGA	FF956_18830	-3827961	987	CDS		GTG	FF956_18830|CP040692_3827961_3826975_-1_GTG_328
CP040692	-3828932	TAG	FF956_18840	-3829660	729	CDS		TTG	FF956_18840|CP040692_3829660_3828932_-3_TTG_242
CP040692	-3832863	TAG	FF956_18860	-3833546	684	CDS		ATG	FF956_18860|CP040692_3833546_3832863_-2_ATG_227
CP040692	-3833981	TGA	FF956_18870	-3835213	1233	CDS		GTG	FF956_18870|CP040692_3835213_3833981_-3_GTG_410
CP040692	-3835387	TAA	FF956_18875	-3836136	750	CDS		ATG	FF956_18875|CP040692_3836136_3835387_-1_ATG_249
CP040692	-3836293	TGA	FF956_18880	-3836898	606	CDS		ATG	FF956_18880|CP040692_3836898_3836293_-1_ATG_201
CP040692	-3837224	TAG	FF956_18885	-3837775	552	CDS		GTG	FF956_18885|CP040692_3837775_3837224_-3_GTG_183
CP040692	-3837772	TGA	FF956_18890	-3839214	1443	CDS		ATG	FF956_18890|CP040692_3839214_3837772_-1_ATG_480
CP040692	-3839262	TGA	FF956_18895	-3840578	1317	CDS		GTG	FF956_18895|CP040692_3840578_3839262_-2_GTG_438
CP040692	-3841497	TAG	FF956_18905	-3842852	1356	CDS		GTG	FF956_18905|CP040692_3842852_3841497_-2_GTG_451
CP040692	-3842914	TAG	FF956_18910	-3844023	1110	CDS		ATG	FF956_18910|CP040692_3844023_3842914_-1_ATG_369
CP040692	-3846778	TGA	FF956_18930	-3847452	675	CDS		GTG	FF956_18930|CP040692_3847452_3846778_-1_GTG_224
CP040692	-3847452	TAG	FF956_18935	-3847898	447	CDS		ATG	FF956_18935|CP040692_3847898_3847452_-2_ATG_148
CP040692	-3847903	TAA	FF956_18940	-3848166	264	CDS		ATG	FF956_18940|CP040692_3848166_3847903_-1_ATG_87
CP040692	-3848278	TAG	FF956_18945	-3848877	600	CDS		ATG	FF956_18945|CP040692_3848877_3848278_-1_ATG_199
CP040692	-3849231	TAG	FF956_18950	-3849653	423	CDS		ATG	FF956_18950|CP040692_3849653_3849231_-2_ATG_140
CP040692	-3849740	TGA	FF956_18955	-3851110	1371	CDS		GTG	FF956_18955|CP040692_3851110_3849740_-3_GTG_456
CP040692	-3853926	TAG	FF956_18980	-3854786	861	CDS		ATG	FF956_18980|CP040692_3854786_3853926_-2_ATG_286
CP040692	-3854919	TGA	FF956_18985	-3855779	861	CDS		GTG	FF956_18985|CP040692_3855779_3854919_-2_GTG_286
CP040692	-3855861	TAG	FF956_18990	-3857147	1287	CDS		ATG	FF956_18990|CP040692_3857147_3855861_-2_ATG_428
CP040692	-3857422	TGA	FF956_18995	-3858216	795	CDS		GTG	FF956_18995|CP040692_3858216_3857422_-1_GTG_264
CP040692	-3860365	TGA	FF956_19010	-3860658	294	CDS		ATG	FF956_19010|CP040692_3860658_3860365_-1_ATG_97
CP040692	-3860666	TGA	FF956_19015	-3862060	1395	CDS		GTG	FF956_19015|CP040692_3862060_3860666_-3_GTG_464
CP040692	-3862124	TAG	FF956_19020	-3862648	525	CDS		GTG	FF956_19020|CP040692_3862648_3862124_-3_GTG_174
CP040692	-3862686	TGA	FF956_19025	-3862925	240	CDS		ATG	FF956_19025|CP040692_3862925_3862686_-2_ATG_79
CP040692	-3862985	TAG	FF956_19030	-3863476	492	CDS		ATG	FF956_19030|CP040692_3863476_3862985_-3_ATG_163
CP040692	-3863476	TGA	FF956_19035	-3864999	1524	CDS		ATG	FF956_19035|CP040692_3864999_3863476_-1_ATG_507
CP040692	-3869489	TAG	FF956_19070	-3869839	351	CDS		TTG	FF956_19070|CP040692_3869839_3869489_-3_TTG_116
CP040692	-3869944	TGA	FF956_19075	-3871500	1557	CDS		ATG	FF956_19075|CP040692_3871500_3869944_-1_ATG_518
CP040692	-3871497	TGA	FF956_19080	-3871688	192	CDS		TTG	FF956_19080|CP040692_3871688_3871497_-2_TTG_63
CP040692	-3871822	TGA	FF956_19085	-3872532	711	CDS		GTG	FF956_19085|CP040692_3872532_3871822_-1_GTG_236
CP040692	-3881763	TAA	FF956_19130	-3882278	516	CDS		ATG	FF956_19130|CP040692_3882278_3881763_-2_ATG_171
CP040692	-3884444	TGA	FF956_19145	-3886066	1623	CDS		ATG	FF956_19145|CP040692_3886066_3884444_-3_ATG_540
CP040692	-3892507	TAA	FF956_19175	-3893160	654	CDS		ATG	FF956_19175|CP040692_3893160_3892507_-1_ATG_217
CP040692	-3893220	TAG	FF956_19180	-3894350	1131	CDS		TTG	FF956_19180|CP040692_3894350_3893220_-2_TTG_376
CP040692	-3894352	TAG	FF956_19185	-3895074	723	CDS		ATG	FF956_19185|CP040692_3895074_3894352_-1_ATG_240
CP040692	-3895107	TGA	FF956_19190	-3895601	495	CDS		GTG	FF956_19190|CP040692_3895601_3895107_-2_GTG_164
CP040692	-3895633	TGA	FF956_19195	-3895941	309	CDS		ATG	FF956_19195|CP040692_3895941_3895633_-1_ATG_102
CP040692	-3908092	TAG	FF956_19250	-3909588	1497	CDS		ATG	FF956_19250|CP040692_3909588_3908092_-1_ATG_498
CP040692	-3909676	TGA	FF956_19255	-3911178	1503	CDS		ATG	FF956_19255|CP040692_3911178_3909676_-1_ATG_500
CP040692	-3911376	TAG	FF956_19260	-3911528	153	CDS		GTG	FF956_19260|CP040692_3911528_3911376_-2_GTG_50
CP040692	-3911550	TAA	FF956_19265	-3912308	759	CDS		GTG	FF956_19265|CP040692_3912308_3911550_-2_GTG_252
CP040692	-3912301	TGA	FF956_19270	-3912507	207	CDS		ATG	FF956_19270|CP040692_3912507_3912301_-1_ATG_68
CP040692	-3912504	TGA	FF956_19275	-3913526	1023	CDS		ATG	FF956_19275|CP040692_3913526_3912504_-2_ATG_340
CP040692	-3914308	TAA	FF956_19285	-3914961	654	CDS		TTG	FF956_19285|CP040692_3914961_3914308_-1_TTG_217
CP040692	-3919666	TGA	FF956_19305	-3920823	1158	CDS		ATG	FF956_19305|CP040692_3920823_3919666_-1_ATG_385
CP040692	-3920816	TAG	FF956_19310	-3922888	2073	CDS		TTG	FF956_19310|CP040692_3922888_3920816_-3_TTG_690
CP040692	-3922881	TGA	FF956_19315	-3923891	1011	CDS		GTG	FF956_19315|CP040692_3923891_3922881_-2_GTG_336
CP040692	-3927682	TGA	FF956_19330	-3928053	372	CDS		ATG	FF956_19330|CP040692_3928053_3927682_-1_ATG_123
CP040692	-3931200	TAG	FF956_19350	-3931448	249	CDS		ATG	FF956_19350|CP040692_3931448_3931200_-2_ATG_82
CP040692	-3931658	TAA	FF956_19360	-3932026	369	CDS		TTG	FF956_19360|CP040692_3932026_3931658_-3_TTG_122
CP040692	-3932100	TAG	FF956_19365	-3932492	393	CDS		GTG	FF956_19365|CP040692_3932492_3932100_-2_GTG_130
CP040692	-3932498	TAG	FF956_19370	-3932902	405	CDS		ATG	FF956_19370|CP040692_3932902_3932498_-3_ATG_134
CP040692	-3933736	TGA	FF956_19380	-3935061	1326	CDS		ATG	FF956_19380|CP040692_3935061_3933736_-1_ATG_441
CP040692	-3936612	TAA	FF956_19390	-3937832	1221	CDS		ATG	FF956_19390|CP040692_3937832_3936612_-2_ATG_406
CP040692	-3937829	TGA	FF956_19395	-3938251	423	CDS		GTG	FF956_19395|CP040692_3938251_3937829_-3_GTG_140
CP040692	-3938248	TGA	FF956_19400	-3939507	1260	CDS		GTG	FF956_19400|CP040692_3939507_3938248_-1_GTG_419
CP040692	-3941167	TGA	FF956_19415	-3944424	3258	CDS		ATG	FF956_19415|CP040692_3944424_3941167_-1_ATG_1085
CP040692	-3944528	TAG	FF956_19420	-3945700	1173	CDS		GTG	FF956_19420|CP040692_3945700_3944528_-3_GTG_390
CP040692	-3951643	TAG	FF956_19450	-3951858	216	CDS		ATG	FF956_19450|CP040692_3951858_3951643_-1_ATG_71
CP040692	-3951977	TGA	FF956_19455	-3952198	222	CDS		GTG	FF956_19455|CP040692_3952198_3951977_-3_GTG_73
CP040692	-3952449	TAG	FF956_19460	-3953414	966	CDS		ATG	FF956_19460|CP040692_3953414_3952449_-2_ATG_321
CP040692	-3964757	TGA	FF956_19525	-3965440	684	CDS		ATG	FF956_19525|CP040692_3965440_3964757_-3_ATG_227
CP040692	-3966582	TGA	FF956_19535	-3967964	1383	CDS		GTG	FF956_19535|CP040692_3967964_3966582_-2_GTG_460
CP040692	-3968186	TGA	FF956_19540	-3969013	828	CDS		ATG	FF956_19540|CP040692_3969013_3968186_-3_ATG_275
CP040692	-3969538	TGA	FF956_19550	-3970317	780	CDS		GTG	FF956_19550|CP040692_3970317_3969538_-1_GTG_259
CP040692	-3970328	TAG	FF956_19555	-3970975	648	CDS		ATG	FF956_19555|CP040692_3970975_3970328_-3_ATG_215
CP040692	-3983693	TGA	FF956_19575	-3984073	381	CDS		ATG	FF956_19575|CP040692_3984073_3983693_-3_ATG_126
CP040692	-3984073	TGA	FF956_19580	-3985260	1188	CDS		ATG	FF956_19580|CP040692_3985260_3984073_-1_ATG_395
CP040692	-3985296	TAA	FF956_19585	-3986003	708	CDS		GTG	FF956_19585|CP040692_3986003_3985296_-2_GTG_235
CP040692	-3986000	TGA	FF956_19590	-3987877	1878	CDS		ATG	FF956_19590|CP040692_3987877_3986000_-3_ATG_625
CP040692	-3988104	TGA	FF956_19595	-3988763	660	CDS		GTG	FF956_19595|CP040692_3988763_3988104_-2_GTG_219
CP040692	-3988766	TAA	FF956_19600	-3989419	654	CDS		ATG	FF956_19600|CP040692_3989419_3988766_-3_ATG_217
CP040692	-3989422	TGA	FF956_19605	-3990408	987	CDS		GTG	FF956_19605|CP040692_3990408_3989422_-1_GTG_328
CP040692	-3992252	TGA	FF956_19615	-3992662	411	CDS		TTG	FF956_19615|CP040692_3992662_3992252_-3_TTG_136
CP040692	-3993474	TGA	FF956_19625	-3994955	1482	CDS		GTG	FF956_19625|CP040692_3994955_3993474_-2_GTG_493
CP040692	-3994952	TGA	FF956_19630	-3996874	1923	CDS		ATG	FF956_19630|CP040692_3996874_3994952_-3_ATG_640
CP040692	-3996911	TGA	FF956_19635	-3998350	1440	CDS		ATG	FF956_19635|CP040692_3998350_3996911_-3_ATG_479
CP040692	-3998539	TAA	FF956_19640	-3999078	540	CDS		GTG	FF956_19640|CP040692_3999078_3998539_-1_GTG_179
CP040692	-4005896	CGC	FF956_19660	-4006087	192	CDS	true	GGT	FF956_19660_p|CP040692_4006087_4005896_-3_GGT_64
CP040692	-4006009	TGA	FF956_19665	-4007544	1536	CDS		ATG	FF956_19665|CP040692_4007544_4006009_-1_ATG_511
CP040692	-4008187	TGA	FF956_19675	-4009053	867	CDS		ATG	FF956_19675|CP040692_4009053_4008187_-1_ATG_288
CP040692	-4009083	TGA	FF956_19680	-4009457	375	CDS		ATG	FF956_19680|CP040692_4009457_4009083_-2_ATG_124
CP040692	-4009484	TAG	FF956_19685	-4010269	786	CDS		TTG	FF956_19685|CP040692_4010269_4009484_-3_TTG_261
CP040692	-4010344	TGA	FF956_19690	-4011510	1167	CDS		ATG	FF956_19690|CP040692_4011510_4010344_-1_ATG_388
CP040692	-4012998	TGA	FF956_19705	-4013600	603	CDS		GTG	FF956_19705|CP040692_4013600_4012998_-2_GTG_200
CP040692	-4014983	TAG	FF956_19715	-4015672	690	CDS		GTG	FF956_19715|CP040692_4015672_4014983_-3_GTG_229
CP040692	-4015679	TGA	FF956_19720	-4016359	681	CDS		ATG	FF956_19720|CP040692_4016359_4015679_-3_ATG_226
CP040692	-4017120	TGA	FF956_19730	-4018451	1332	CDS		GTG	FF956_19730|CP040692_4018451_4017120_-2_GTG_443
CP040692	-4018557	TAG	FF956_19735	-4019129	573	CDS		GTG	FF956_19735|CP040692_4019129_4018557_-2_GTG_190
CP040692	-4019161	TGA	FF956_19740	-4019823	663	CDS		GTG	FF956_19740|CP040692_4019823_4019161_-1_GTG_220
CP040692	-4019895	TAG	FF956_19745	-4020563	669	CDS		ATG	FF956_19745|CP040692_4020563_4019895_-2_ATG_222
CP040692	-4022562	TGA	FF956_19765	-4023176	615	CDS		ATG	FF956_19765|CP040692_4023176_4022562_-2_ATG_204
CP040692	-4023225	TAA	FF956_19770	-4024109	885	CDS		ATG	FF956_19770|CP040692_4024109_4023225_-2_ATG_294
CP040692	-4024835	TAA	FF956_19780	-4025221	387	CDS		GTG	FF956_19780|CP040692_4025221_4024835_-3_GTG_128
CP040692	-4025293	TGA	FF956_19785	-4027155	1863	CDS		ATG	FF956_19785|CP040692_4027155_4025293_-1_ATG_620
CP040692	-4027310	TGA	FF956_19790	-4028539	1230	CDS		ATG	FF956_19790|CP040692_4028539_4027310_-3_ATG_409
CP040692	-4029124	TAA	FF956_19800	-4029780	657	CDS		ATG	FF956_19800|CP040692_4029780_4029124_-1_ATG_218
CP040692	-4029882	TAA	FF956_19805	-4030598	717	CDS		ATG	FF956_19805|CP040692_4030598_4029882_-2_ATG_238
CP040692	-4031126	TAG	FF956_19815	-4031797	672	CDS		ATG	FF956_19815|CP040692_4031797_4031126_-3_ATG_223
CP040692	-4041553	TAG	FF956_19825	-4042461	909	CDS		ATG	FF956_19825|CP040692_4042461_4041553_-1_ATG_302
CP040692	-4042458	TGA	FF956_19830	-4043090	633	CDS		GTG	FF956_19830|CP040692_4043090_4042458_-2_GTG_210
CP040692	-4043226	TAA	FF956_19835	-4043651	426	CDS		GTG	FF956_19835|CP040692_4043651_4043226_-2_GTG_141
CP040692	-4043648	TGA	FF956_19840	-4043869	222	CDS		ATG	FF956_19840|CP040692_4043869_4043648_-3_ATG_73
CP040692	-4043917	TAG	FF956_19845	-4044219	303	CDS		TTG	FF956_19845|CP040692_4044219_4043917_-1_TTG_100
CP040692	-4044216	TGA	FF956_19850	-4044443	228	CDS		ATG	FF956_19850|CP040692_4044443_4044216_-2_ATG_75
CP040692	-4044586	TGA	FF956_19855	-4046232	1647	CDS		GTG	FF956_19855|CP040692_4046232_4044586_-1_GTG_548
CP040692	-4048610	TAG	FF956_19870	-4049395	786	CDS		ATG	FF956_19870|CP040692_4049395_4048610_-3_ATG_261
CP040692	-4050691	TGA	FF956_19880	-4051686	996	CDS		ATG	FF956_19880|CP040692_4051686_4050691_-1_ATG_331
CP040692	-4051683	TGA	FF956_19885	-4053068	1386	CDS		ATG	FF956_19885|CP040692_4053068_4051683_-2_ATG_461
CP040692	-4053065	TGA	FF956_19890	-4054483	1419	CDS		ATG	FF956_19890|CP040692_4054483_4053065_-3_ATG_472
CP040692	-4054530	TAA	FF956_19895	-4055417	888	CDS		ATG	FF956_19895|CP040692_4055417_4054530_-2_ATG_295
CP040692	-4055428	TAG	FF956_19900	-4055718	291	CDS		ATG	FF956_19900|CP040692_4055718_4055428_-1_ATG_96
CP040692	-4055748	TGA	FF956_19905	-4056041	294	CDS		ATG	FF956_19905|CP040692_4056041_4055748_-2_ATG_97
CP040692	-4056090	TAA	FF956_19910	-4057631	1542	CDS		ATG	FF956_19910|CP040692_4057631_4056090_-2_ATG_513
CP040692	-4057634	TGA	FF956_19915	-4057942	309	CDS		ATG	FF956_19915|CP040692_4057942_4057634_-3_ATG_102
CP040692	-4057939	TGA	FF956_19920	-4061931	3993	CDS		GTG	FF956_19920|CP040692_4061931_4057939_-1_GTG_1330
CP040692	-4061928	TGA	FF956_19925	-4063544	1617	CDS		ATG	FF956_19925|CP040692_4063544_4061928_-2_ATG_538
CP040692	-4063541	TGA	FF956_19930	-4065436	1896	CDS		ATG	FF956_19930|CP040692_4065436_4063541_-3_ATG_631
CP040692	-4065660	TGA	FF956_19935	-4066568	909	CDS		GTG	FF956_19935|CP040692_4066568_4065660_-2_GTG_302
CP040692	-4066592	TGA	FF956_19940	-4068202	1611	CDS		ATG	FF956_19940|CP040692_4068202_4066592_-3_ATG_536
CP040692	-4068199	TGA	FF956_19945	-4068459	261	CDS		ATG	FF956_19945|CP040692_4068459_4068199_-1_ATG_86
CP040692	-4078038	TAA	FF956_19975	-4078958	921	CDS		ATG	FF956_19975|CP040692_4078958_4078038_-2_ATG_306
CP040692	-4079703	TAG	FF956_19985	-4080284	582	CDS		ATG	FF956_19985|CP040692_4080284_4079703_-2_ATG_193
CP040692	-4084457	TAG	FF956_20005	-4086139	1683	CDS		ATG	FF956_20005|CP040692_4086139_4084457_-3_ATG_560
CP040692	-4087984	TAG	FF956_20020	-4089375	1392	CDS		ATG	FF956_20020|CP040692_4089375_4087984_-1_ATG_463
CP040692	-4104896	TAG	FF956_20085	-4105252	357	CDS		GTG	FF956_20085|CP040692_4105252_4104896_-3_GTG_118
CP040692	-4105278	TGA	FF956_20090	-4107839	2562	CDS		ATG	FF956_20090|CP040692_4107839_4105278_-2_ATG_853
CP040692	-4112586	TAG	FF956_20120	-4113896	1311	CDS		GTG	FF956_20120|CP040692_4113896_4112586_-2_GTG_436
CP040692	-4114212	TAA	FF956_20125	-4114700	489	CDS		GTG	FF956_20125|CP040692_4114700_4114212_-2_GTG_162
CP040692	-4117213	TGA	FF956_20135	-4118535	1323	CDS		GTG	FF956_20135|CP040692_4118535_4117213_-1_GTG_440
CP040692	-4120924	TGA	FF956_20150	-4121361	438	CDS		GTG	FF956_20150|CP040692_4121361_4120924_-1_GTG_145
CP040692	-4121369	TGA	FF956_20155	-4121602	234	CDS		ATG	FF956_20155|CP040692_4121602_4121369_-3_ATG_77
CP040692	-4121664	TGA	FF956_20160	-4122278	615	CDS		ATG	FF956_20160|CP040692_4122278_4121664_-2_ATG_204
CP040692	-4122354	TAG	FF956_20165	-4123520	1167	CDS		ATG	FF956_20165|CP040692_4123520_4122354_-2_ATG_388
CP040692	-4131177	TAG	FF956_20190	-4132121	945	CDS		ATG	FF956_20190|CP040692_4132121_4131177_-2_ATG_314
CP040692	-4132118	TGA	FF956_20195	-4132807	690	CDS		ATG	FF956_20195|CP040692_4132807_4132118_-3_ATG_229
CP040692	-4132942	TAG	FF956_20200	-4134648	1707	CDS		ATG	FF956_20200|CP040692_4134648_4132942_-1_ATG_568
CP040692	-4136428	TGA	FF956_20220	-4137651	1224	CDS		ATG	FF956_20220|CP040692_4137651_4136428_-1_ATG_407
CP040692	-4140889	TGA	FF956_20235	-4142043	1155	CDS		ATG	FF956_20235|CP040692_4142043_4140889_-1_ATG_384
CP040692	-4144411	TAG	FF956_20250	-4145199	789	CDS		ATG	FF956_20250|CP040692_4145199_4144411_-1_ATG_262
CP040692	-4145230	TGA	FF956_20255	-4146638	1409	CDS	true	GTG	FF956_20255_p|CP040692_4146638_4145230_-2_GTG_469
CP040692	-4146682	TAA	FF956_20260	-4147893	1212	CDS		ATG	FF956_20260|CP040692_4147893_4146682_-1_ATG_403
CP040692	-4147903	TAG	FF956_20265	-4148451	549	CDS		ATG	FF956_20265|CP040692_4148451_4147903_-1_ATG_182
CP040692	-4148453	TGA	FF956_20270	-4149781	1329	CDS		ATG	FF956_20270|CP040692_4149781_4148453_-3_ATG_442
CP040692	-4150779	TAG	FF956_20280	-4151792	1014	CDS		GTG	FF956_20280|CP040692_4151792_4150779_-2_GTG_337
CP040692	-4153057	TGA	FF956_20290	-4154661	1605	CDS		TTG	FF956_20290|CP040692_4154661_4153057_-1_TTG_534
CP040692	-4157123	TAG	FF956_20305	-4158943	1821	CDS		ATG	FF956_20305|CP040692_4158943_4157123_-3_ATG_606
CP040692	-4159127	TGA	FF956_20310	-4160605	1479	CDS		GTG	FF956_20310|CP040692_4160605_4159127_-3_GTG_492
CP040692	-4160602	TGA	FF956_20315	-4161582	981	CDS		ATG	FF956_20315|CP040692_4161582_4160602_-1_ATG_326
CP040692	-4166133	TAA	FF956_20335	-4167236	1104	CDS		ATG	FF956_20335|CP040692_4167236_4166133_-2_ATG_367
CP040692	-4168696	TAG	FF956_20345	-4169106	411	CDS		ATG	FF956_20345|CP040692_4169106_4168696_-1_ATG_136
CP040692	-4172725	TAA	FF956_20360	-4173414	690	CDS		ATG	FF956_20360|CP040692_4173414_4172725_-1_ATG_229
CP040692	-4173411	TGA	FF956_20365	-4174070	660	CDS		ATG	FF956_20365|CP040692_4174070_4173411_-2_ATG_219
CP040692	-4176145	TAG	FF956_20375	-4178391	2247	CDS		ATG	FF956_20375|CP040692_4178391_4176145_-1_ATG_748
CP040692	-4178391	TGA	FF956_20380	-4178975	585	CDS		ATG	FF956_20380|CP040692_4178975_4178391_-2_ATG_194
CP040692	-4179088	TGA	FF956_20385	-4179723	636	CDS		ATG	FF956_20385|CP040692_4179723_4179088_-1_ATG_211
CP040692	-4180161	TAG	FF956_20390	-4183745	3585	CDS		ATG	FF956_20390|CP040692_4183745_4180161_-2_ATG_1194
CP040692	-4185959	TAA	FF956_20400	-4187017	1059	CDS		ATG	FF956_20400|CP040692_4187017_4185959_-3_ATG_352
CP040692	-4187094	TAA	FF956_20405	-4188335	1242	CDS		ATG	FF956_20405|CP040692_4188335_4187094_-2_ATG_413
CP040692	-4188463	TGA	FF956_20410	-4188753	291	CDS		ATG	FF956_20410|CP040692_4188753_4188463_-1_ATG_96
CP040692	-4190707	TAG	FF956_20420	-4191138	432	CDS		ATG	FF956_20420|CP040692_4191138_4190707_-1_ATG_143
CP040692	-4191257	TAG	FF956_20425	-4191919	663	CDS		TTG	FF956_20425|CP040692_4191919_4191257_-3_TTG_220
CP040692	-4192280	TGA	FF956_20435	-4194355	2076	CDS		ATG	FF956_20435|CP040692_4194355_4192280_-3_ATG_691
CP040692	-4194400	TGA	FF956_20440	-4194909	510	CDS		GTG	FF956_20440|CP040692_4194909_4194400_-1_GTG_169
CP040692	-4194906	TGA	FF956_20445	-4195655	750	CDS		ATG	FF956_20445|CP040692_4195655_4194906_-2_ATG_249
CP040692	-4195697	TAG	FF956_20450	-4196536	840	CDS		ATG	FF956_20450|CP040692_4196536_4195697_-3_ATG_279
CP040692	-4200952	TAG	FF956_20475	-4201686	735	CDS		GTG	FF956_20475|CP040692_4201686_4200952_-1_GTG_244
CP040692	-4201653	TGA	FF956_20480	-4202207	555	CDS		ATG	FF956_20480|CP040692_4202207_4201653_-2_ATG_184
CP040692	-4202204	TGA	FF956_20485	-4203172	969	CDS		GTG	FF956_20485|CP040692_4203172_4202204_-3_GTG_322
CP040692	-4203169	TGA	FF956_20490	-4203810	642	CDS		GTG	FF956_20490|CP040692_4203810_4203169_-1_GTG_213
CP040692	-4203846	TGA	FF956_20495	-4205393	1548	CDS		GTG	FF956_20495|CP040692_4205393_4203846_-2_GTG_515
CP040692	-4205387	TGA	FF956_20500	-4206559	1173	CDS		ATG	FF956_20500|CP040692_4206559_4205387_-3_ATG_390
CP040692	-4206556	TGA	FF956_20505	-4208148	1593	CDS		TTG	FF956_20505|CP040692_4208148_4206556_-1_TTG_530
CP040692	-4208145	TGA	FF956_20510	-4209692	1548	CDS		ATG	FF956_20510|CP040692_4209692_4208145_-2_ATG_515
CP040692	-4209689	TGA	FF956_20515	-4210729	1041	CDS		ATG	FF956_20515|CP040692_4210729_4209689_-3_ATG_346
CP040692	-4210726	TGA	FF956_20520	-4212090	1365	CDS		ATG	FF956_20520|CP040692_4212090_4210726_-1_ATG_454
CP040692	-4212095	TAG	FF956_20525	-4212964	870	CDS		ATG	FF956_20525|CP040692_4212964_4212095_-3_ATG_289
CP040692	-4212966	TGA	FF956_20530	-4213763	798	CDS		GTG	FF956_20530|CP040692_4213763_4212966_-2_GTG_265
CP040692	-4213967	TAA	FF956_20535	-4215631	1665	CDS		TTG	FF956_20535|CP040692_4215631_4213967_-3_TTG_554
CP040692	-4216515	TAA	FF956_20545	-4217000	486	CDS		ATG	FF956_20545|CP040692_4217000_4216515_-2_ATG_161
CP040692	-4217054	TAA	FF956_20555	-4217509	456	CDS		ATG	FF956_20555|CP040692_4217509_4217054_-3_ATG_151
CP040692	-4218670	TGA	FF956_20565	-4220019	1350	CDS		ATG	FF956_20565|CP040692_4220019_4218670_-1_ATG_449
CP040692	-4223197	TGA	FF956_20580	-4223841	645	CDS		ATG	FF956_20580|CP040692_4223841_4223197_-1_ATG_214
CP040692	-4224147	TAG	FF956_20590	-4225574	1428	CDS		ATG	FF956_20590|CP040692_4225574_4224147_-2_ATG_475
CP040692	-4225571	TGA	FF956_20595	-4225903	333	CDS		ATG	FF956_20595|CP040692_4225903_4225571_-3_ATG_110
CP040692	-4225904	TAG	FF956_20600	-4227004	1101	CDS		ATG	FF956_20600|CP040692_4227004_4225904_-3_ATG_366
CP040692	-4227057	TAG	FF956_20605	-4227311	255	CDS		CTG	FF956_20605|CP040692_4227311_4227057_-2_CTG_84
CP040692	-4233216	TCC	FF956_20635	-4233397	182	CDS	true	GGC	FF956_20635_p|CP040692_4233397_4233216_-3_GGC_60
CP040692	-4233958	TAA	FF956_20645	-4234926	969	CDS		ATG	FF956_20645|CP040692_4234926_4233958_-1_ATG_322
CP040692	-4234933	TAG	FF956_20650	-4235793	861	CDS		ATG	FF956_20650|CP040692_4235793_4234933_-1_ATG_286
CP040692	-4235868	TGA	FF956_20655	-4237388	1521	CDS		ATG	FF956_20655|CP040692_4237388_4235868_-2_ATG_506
CP040692	-4237483	TAG	FF956_20660	-4238415	933	CDS		ATG	FF956_20660|CP040692_4238415_4237483_-1_ATG_310
CP040692	-4238458	TGA	FF956_20665	-4239411	954	CDS		GTG	FF956_20665|CP040692_4239411_4238458_-1_GTG_317
CP040692	-4239500	TGA	FF956_20670	-4240341	842	CDS	true	GTG	FF956_20670_p|CP040692_4240341_4239500_-1_GTG_280
CP040692	-4241988	TAG	FF956_20680	-4242914	927	CDS		GTG	FF956_20680|CP040692_4242914_4241988_-2_GTG_308
CP040692	-4243335	TAG	FF956_20690	-4243715	381	CDS		ATG	FF956_20690|CP040692_4243715_4243335_-2_ATG_126
CP040692	-4243776	TGA	FF956_20695	-4244798	1023	CDS		ATG	FF956_20695|CP040692_4244798_4243776_-2_ATG_340
CP040692	-4244799	TAA	FF956_20700	-4245302	504	CDS		GTG	FF956_20700|CP040692_4245302_4244799_-2_GTG_167
CP040692	-4245934	TGA	FF956_20710	-4247259	1326	CDS		ATG	FF956_20710|CP040692_4247259_4245934_-1_ATG_441
CP040692	-4247952	TGA	FF956_20720	-4248854	903	CDS	true	ATG	FF956_20720_p|CP040692_4248854_4247952_-2_ATG_300
CP040692	-4249151	TAG	FF956_20725	-4249756	606	CDS		ATG	FF956_20725|CP040692_4249756_4249151_-3_ATG_201
CP040692	-4252323	TGA	FF956_20740	-4252778	456	CDS		ATG	FF956_20740|CP040692_4252778_4252323_-2_ATG_151
CP040692	-4254179	TAG	FF956_20750	-4254958	780	CDS		GTG	FF956_20750|CP040692_4254958_4254179_-3_GTG_259
CP040692	-4255026	TGA	FF956_20755	-4256393	1368	CDS		ATG	FF956_20755|CP040692_4256393_4255026_-2_ATG_455
CP040692	-4256389	GAC	FF956_20760	-4256499	111	CDS	true	ATG	FF956_20760_p|CP040692_4256499_4256389_-1_ATG_37
CP040692	-4256496	TGA	FF956_20765	-4258301	1806	CDS		ATG	FF956_20765|CP040692_4258301_4256496_-2_ATG_601
CP040692	-4258410	TGA	FF956_20770	-4259477	1068	CDS		ATG	FF956_20770|CP040692_4259477_4258410_-2_ATG_355
CP040692	-4259629	TAG	FF956_20775	-4261272	1644	CDS		ATG	FF956_20775|CP040692_4261272_4259629_-1_ATG_547
CP040692	-4261581	TAG	FF956_20780	-4261949	369	CDS		ATG	FF956_20780|CP040692_4261949_4261581_-2_ATG_122
CP040692	-4261946	TGA	FF956_20785	-4262314	369	CDS		TTG	FF956_20785|CP040692_4262314_4261946_-3_TTG_122
CP040692	-4265179	TAG	FF956_20800	-4266807	1629	CDS		GTG	FF956_20800|CP040692_4266807_4265179_-1_GTG_542
CP040692	-4268661	TGA	FF956_20810	-4269605	945	CDS		GTG	FF956_20810|CP040692_4269605_4268661_-2_GTG_314
CP040692	-4270661	TGA	FF956_20820	-4270849	189	CDS		ATG	FF956_20820|CP040692_4270849_4270661_-3_ATG_62
CP040692	-4271226	TGA	FF956_20825	-4272293	1068	CDS		ATG	FF956_20825|CP040692_4272293_4271226_-2_ATG_355
CP040692	-4272293	TAA	FF956_20830	-4272865	573	CDS		ATG	FF956_20830|CP040692_4272865_4272293_-3_ATG_190
CP040692	-4272897	TAG	FF956_20835	-4273487	591	CDS		GTG	FF956_20835|CP040692_4273487_4272897_-2_GTG_196
CP040692	-4273561	TGA	FF956_20840	-4274517	957	CDS		ATG	FF956_20840|CP040692_4274517_4273561_-1_ATG_318
CP040692	-4274799	TAA	FF956_20845	-4276856	2058	CDS		GTG	FF956_20845|CP040692_4276856_4274799_-2_GTG_685
CP040692	-4277037	TGA	FF956_20850	-4277786	750	CDS		ATG	FF956_20850|CP040692_4277786_4277037_-2_ATG_249
CP040692	-4277934	TAG	FF956_20855	-4279424	1491	CDS		ATG	FF956_20855|CP040692_4279424_4277934_-2_ATG_496
CP040692	-4285238	TGA	FF956_20870	-4286434	1197	CDS		ATG	FF956_20870|CP040692_4286434_4285238_-3_ATG_398
CP040692	-4286985	TGA	FF956_20885	-4288490	1506	CDS		GTG	FF956_20885|CP040692_4288490_4286985_-2_GTG_501
CP040692	-4291108	TGA	FF956_20895	-4293093	1986	CDS		ATG	FF956_20895|CP040692_4293093_4291108_-1_ATG_661
CP040692	-4293268	TAG	FF956_20900	-4300806	7539	CDS		GTG	FF956_20900|CP040692_4300806_4293268_-1_GTG_2512
CP040692	-4300788	TAA	FF956_20905	-4301024	237	CDS		GTG	FF956_20905|CP040692_4301024_4300788_-2_GTG_78
CP040692	-4301029	TGA	FF956_20910	-4302651	1623	CDS		ATG	FF956_20910|CP040692_4302651_4301029_-1_ATG_540
CP040692	-4302656	TAA	FF956_20915	-4303207	552	CDS		ATG	FF956_20915|CP040692_4303207_4302656_-3_ATG_183
CP040692	-4303204	TGA	FF956_20920	-4304073	870	CDS		ATG	FF956_20920|CP040692_4304073_4303204_-1_ATG_289
CP040692	-4304092	TGA	FF956_20925	-4305483	1392	CDS		ATG	FF956_20925|CP040692_4305483_4304092_-1_ATG_463
CP040692	-4307939	TGA	FF956_20945	-4310224	2286	CDS		ATG	FF956_20945|CP040692_4310224_4307939_-3_ATG_761
CP040692	-4310356	TGA	FF956_20950	-4311124	769	CDS	true	ATG	FF956_20950_p|CP040692_4311124_4310356_-3_ATG_256
CP040692	-4311235	TGA	FF956_20955	-4311429	195	CDS		ATG	FF956_20955|CP040692_4311429_4311235_-1_ATG_64
CP040692	-4311558	TGA	FF956_20960	-4312328	771	CDS		GTG	FF956_20960|CP040692_4312328_4311558_-2_GTG_256
CP040692	-4312457	TAA	FF956_20965	-4313050	594	CDS		GTG	FF956_20965|CP040692_4313050_4312457_-3_GTG_197
CP040692	-4313207	TGA	FF956_20970	-4313881	675	CDS		GTG	FF956_20970|CP040692_4313881_4313207_-3_GTG_224
CP040692	-4313916	TAA	FF956_20975	-4315394	1479	CDS		GTG	FF956_20975|CP040692_4315394_4313916_-2_GTG_492
CP040692	-4315391	TGA	FF956_20980	-4316857	1467	CDS		ATG	FF956_20980|CP040692_4316857_4315391_-3_ATG_488
CP040692	-4316857	TGA	FF956_20985	-4317519	663	CDS		ATG	FF956_20985|CP040692_4317519_4316857_-1_ATG_220
CP040692	-4317530	TGA	FF956_20990	-4318480	951	CDS		ATG	FF956_20990|CP040692_4318480_4317530_-3_ATG_316
CP040692	-4318486	TGA	FF956_20995	-4320408	1923	CDS		ATG	FF956_20995|CP040692_4320408_4318486_-1_ATG_640
CP040692	-4320405	TGA	FF956_21000	-4320884	480	CDS		ATG	FF956_21000|CP040692_4320884_4320405_-2_ATG_159
CP040692	-4320889	TAA	FF956_21005	-4321233	345	CDS		GTG	FF956_21005|CP040692_4321233_4320889_-1_GTG_114
CP040692	-4321328	TAG	FF956_21010	-4321786	459	CDS		ATG	FF956_21010|CP040692_4321786_4321328_-3_ATG_152
CP040692	-4321783	TGA	FF956_21015	-4322604	822	CDS		GTG	FF956_21015|CP040692_4322604_4321783_-1_GTG_273
CP040692	-4323675	TAG	FF956_21030	-4324280	606	CDS		ATG	FF956_21030|CP040692_4324280_4323675_-2_ATG_201
CP040692	-4325640	TAA	FF956_21045	-4326812	1173	CDS		ATG	FF956_21045|CP040692_4326812_4325640_-2_ATG_390
CP040692	-4326825	TAA	FF956_21050	-4327961	1137	CDS		GTG	FF956_21050|CP040692_4327961_4326825_-2_GTG_378
CP040692	-4328139	TAA	FF956_21055	-4329131	993	CDS		GTG	FF956_21055|CP040692_4329131_4328139_-2_GTG_330
CP040692	-4329134	TAG	FF956_21060	-4330183	1050	CDS		ATG	FF956_21060|CP040692_4330183_4329134_-3_ATG_349
CP040692	-4330254	TAG	FF956_21065	-4330481	228	CDS	true	CCC	FF956_21065_p|CP040692_4330481_4330254_-2_CCC_75
CP040692	-4330614	TGA	FF956_21070	-4331339	726	CDS		ATG	FF956_21070|CP040692_4331339_4330614_-2_ATG_241
CP040692	-4334619	TGA	FF956_21085	-4335530	912	CDS		ATG	FF956_21085|CP040692_4335530_4334619_-2_ATG_303
CP040692	-4338609	TGA	FF956_21100	-4339010	402	CDS		GTG	FF956_21100|CP040692_4339010_4338609_-2_GTG_133
CP040692	-4339003	TGA	FF956_21105	-4339242	240	CDS		ATG	FF956_21105|CP040692_4339242_4339003_-1_ATG_79
CP040692	-4339309	TAA	FF956_21110	-4342248	2940	CDS		ATG	FF956_21110|CP040692_4342248_4339309_-1_ATG_979
CP040692	-4342289	TAG	FF956_21115	-4342450	162	CDS		GTG	FF956_21115|CP040692_4342450_4342289_-3_GTG_53
CP040692	-4342506	TAG	FF956_21120	-4343945	1440	CDS		TTG	FF956_21120|CP040692_4343945_4342506_-2_TTG_479
CP040692	-4344174	TAG	FF956_21125	-4345316	1143	CDS		ATG	FF956_21125|CP040692_4345316_4344174_-2_ATG_380
CP040692	-4345901	TGA	FF956_21140	-4346959	1059	CDS		ATG	FF956_21140|CP040692_4346959_4345901_-3_ATG_352
CP040692	-4346976	TAA	FF956_21145	-4347668	693	CDS		ATG	FF956_21145|CP040692_4347668_4346976_-2_ATG_230
CP040692	-4347848	TGA	FF956_21150	-4350472	2625	CDS		ATG	FF956_21150|CP040692_4350472_4347848_-3_ATG_874
CP040692	-4350451	TAG	FF956_21155	-4350930	480	CDS		ATG	FF956_21155|CP040692_4350930_4350451_-1_ATG_159
CP040692	-4351000	TAA	FF956_21160	-4351458	459	CDS		ATG	FF956_21160|CP040692_4351458_4351000_-1_ATG_152
CP040692	-4351491	TAG	FF956_21165	-4351745	255	CDS		ATG	FF956_21165|CP040692_4351745_4351491_-2_ATG_84
CP040692	-4351787	TGA	FF956_21170	-4352281	495	CDS		GTG	FF956_21170|CP040692_4352281_4351787_-3_GTG_164
CP040692	-4352385	TAA	FF956_21175	-4352675	291	CDS		ATG	FF956_21175|CP040692_4352675_4352385_-2_ATG_96
CP040692	-4352894	TGA	FF956_21180	-4353532	639	CDS		ATG	FF956_21180|CP040692_4353532_4352894_-3_ATG_212
CP040692	-4353489	TGA	FF956_21185	-4355171	1683	CDS		GTG	FF956_21185|CP040692_4355171_4353489_-2_GTG_560
CP040692	-4355168	TGA	FF956_21190	-4357639	2472	CDS		GTG	FF956_21190|CP040692_4357639_4355168_-3_GTG_823
CP040692	-4357632	TAG	FF956_21195	-4358045	414	CDS		GTG	FF956_21195|CP040692_4358045_4357632_-2_GTG_137
CP040692	-4364405	TAG	FF956_21235	-4367314	2910	CDS		GTG	FF956_21235|CP040692_4367314_4364405_-3_GTG_969
CP040692	-4368964	TAG	FF956_21250	-4369572	609	CDS		GTG	FF956_21250|CP040692_4369572_4368964_-1_GTG_202
CP040692	-4371929	TGA	FF956_21265	-4373617	1689	CDS		ATG	FF956_21265|CP040692_4373617_4371929_-3_ATG_562
CP040692	-4373614	TGA	FF956_21270	-4374009	396	CDS		ATG	FF956_21270|CP040692_4374009_4373614_-1_ATG_131
CP040692	-4374006	TGA	FF956_21275	-4374269	264	CDS		ATG	FF956_21275|CP040692_4374269_4374006_-2_ATG_87
CP040692	-4374266	TGA	FF956_21280	-4376589	2324	CDS	true	ATG	FF956_21280_p|CP040692_4376589_4374266_-1_ATG_774
CP040692	-4377090	TGA	FF956_21290	-4377302	213	CDS		TTG	FF956_21290|CP040692_4377302_4377090_-2_TTG_70
CP040692	-4377331	TGA	FF956_21295	-4377660	330	CDS		ATG	FF956_21295|CP040692_4377660_4377331_-1_ATG_109
CP040692	-4377730	TAG	FF956_21300	-4378827	1098	CDS		GTG	FF956_21300|CP040692_4378827_4377730_-1_GTG_365
CP040692	-4379065	TGA	FF956_21305	-4379370	306	CDS		ATG	FF956_21305|CP040692_4379370_4379065_-1_ATG_101
CP040692	-4379378	TGA	FF956_21310	-4379695	318	CDS		ATG	FF956_21310|CP040692_4379695_4379378_-3_ATG_105
CP040692	-4379733	TAG	FF956_21315	-4381166	1434	CDS		GTG	FF956_21315|CP040692_4381166_4379733_-2_GTG_477
CP040692	-4381281	TAG	FF956_21320	-4381643	363	CDS		ATG	FF956_21320|CP040692_4381643_4381281_-2_ATG_120
CP040692	-4381681	TAA	FF956_21325	-4382526	846	CDS		GTG	FF956_21325|CP040692_4382526_4381681_-1_GTG_281
CP040692	-4382523	TGA	FF956_21330	-4383293	771	CDS		GTG	FF956_21330|CP040692_4383293_4382523_-2_GTG_256
CP040692	-4395258	TGA	FF956_21385	-4395956	699	CDS		ATG	FF956_21385|CP040692_4395956_4395258_-2_ATG_232
CP040692	-4395993	TGA	FF956_21390	-4396781	789	CDS		ATG	FF956_21390|CP040692_4396781_4395993_-2_ATG_262
CP040692	-4397854	TGA	FF956_21410	-4398402	549	CDS		ATG	FF956_21410|CP040692_4398402_4397854_-1_ATG_182
CP040692	-4399454	TGA	FF956_21425	-4399645	192	CDS	true	TTG	FF956_21425_p|CP040692_4399645_4399454_-3_TTG_63
CP040692	-4400042	TAA	FF956_21440	-4400956	915	CDS		GTG	FF956_21440|CP040692_4400956_4400042_-3_GTG_304
CP040692	-4401052	TAA	FF956_21445	-4403568	2517	CDS		ATG	FF956_21445|CP040692_4403568_4401052_-1_ATG_838
CP040692	-4403603	TAA	FF956_21450	-4405630	2028	CDS		GTG	FF956_21450|CP040692_4405630_4403603_-3_GTG_675
CP040692	-4405873	TAA	FF956_21455	-4406436	564	CDS		ATG	FF956_21455|CP040692_4406436_4405873_-1_ATG_187
CP040692	-4406433	TGA	FF956_21460	-4407590	1158	CDS		GTG	FF956_21460|CP040692_4407590_4406433_-2_GTG_385
CP040692	-4407610	TGA	FF956_21465	-4408818	1209	CDS		ATG	FF956_21465|CP040692_4408818_4407610_-1_ATG_402
