chromosome	end	stopCodon	RefSeq ID	RefSeq start	RefSeq length (nt)	RefSeq type	RefSeq pseudo	RefSeq startCodon	mapped IDs
CP040689	1724	TAG	FF952_00005	201	1524	CDS		TTG	FF952_00005|CP040689_201_1724_+3_TTG_507
CP040689	3460	TGA	FF952_00010	2252	1209	CDS		ATG	FF952_00010|CP040689_2252_3460_+2_ATG_402
CP040689	4637	TGA	FF952_00015	3480	1158	CDS		GTG	FF952_00015|CP040689_3480_4637_+3_GTG_385
CP040689	5197	TAA	FF952_00020	4634	564	CDS		ATG	FF952_00020|CP040689_4634_5197_+2_ATG_187
CP040689	7467	TAA	FF952_00025	5440	2028	CDS		GTG	FF952_00025|CP040689_5440_7467_+1_GTG_675
CP040689	10018	TAA	FF952_00030	7502	2517	CDS		ATG	FF952_00030|CP040689_7502_10018_+2_ATG_838
CP040689	11028	TAA	FF952_00035	10114	915	CDS		GTG	FF952_00035|CP040689_10114_11028_+1_GTG_304
CP040689	11616	TGA	FF952_00050	11425	192	CDS		TTG	FF952_00050|CP040689_11425_11616_+1_TTG_63
CP040689	13216	TGA	FF952_00065	12668	549	CDS		ATG	FF952_00065|CP040689_12668_13216_+2_ATG_182
CP040689	15077	TGA	FF952_00080	14289	789	CDS		ATG	FF952_00080|CP040689_14289_15077_+3_ATG_262
CP040689	15812	TGA	FF952_00085	15114	699	CDS		ATG	FF952_00085|CP040689_15114_15812_+3_ATG_232
CP040689	28546	TGA	FF952_00140	27776	771	CDS		GTG	FF952_00140|CP040689_27776_28546_+2_GTG_256
CP040689	29388	TAA	FF952_00145	28543	846	CDS		GTG	FF952_00145|CP040689_28543_29388_+1_GTG_281
CP040689	29788	TAG	FF952_00150	29426	363	CDS		ATG	FF952_00150|CP040689_29426_29788_+2_ATG_120
CP040689	31336	TAG	FF952_00155	29903	1434	CDS		GTG	FF952_00155|CP040689_29903_31336_+2_GTG_477
CP040689	31691	TGA	FF952_00160	31374	318	CDS		ATG	FF952_00160|CP040689_31374_31691_+3_ATG_105
CP040689	32004	TGA	FF952_00165	31699	306	CDS		ATG	FF952_00165|CP040689_31699_32004_+1_ATG_101
CP040689	33339	TAG	FF952_00170	32242	1098	CDS		GTG	FF952_00170|CP040689_32242_33339_+1_GTG_365
CP040689	33738	TGA	FF952_00175	33409	330	CDS		ATG	FF952_00175|CP040689_33409_33738_+1_ATG_109
CP040689	33979	TGA	FF952_00180	33767	213	CDS		TTG	FF952_00180|CP040689_33767_33979_+2_TTG_70
CP040689	36795	TGA	FF952_00190	34480	2316	CDS		ATG	FF952_00190|CP040689_34480_36795_+1_ATG_771
CP040689	37055	TGA	FF952_00195	36792	264	CDS		ATG	FF952_00195|CP040689_36792_37055_+3_ATG_87
CP040689	37447	TGA	FF952_00200	37052	396	CDS		ATG	FF952_00200|CP040689_37052_37447_+2_ATG_131
CP040689	39132	TGA	FF952_00205	37444	1689	CDS		ATG	FF952_00205|CP040689_37444_39132_+1_ATG_562
CP040689	42097	TAG	FF952_00220	41489	609	CDS		GTG	FF952_00220|CP040689_41489_42097_+2_GTG_202
CP040689	46656	TAG	FF952_00235	43747	2910	CDS		GTG	FF952_00235|CP040689_43747_46656_+1_GTG_969
CP040689	53429	TAG	FF952_00275	53016	414	CDS		GTG	FF952_00275|CP040689_53016_53429_+3_GTG_137
CP040689	55893	TGA	FF952_00280	53422	2472	CDS		GTG	FF952_00280|CP040689_53422_55893_+1_GTG_823
CP040689	57572	TGA	FF952_00285	55890	1683	CDS		GTG	FF952_00285|CP040689_55890_57572_+3_GTG_560
CP040689	58167	TGA	FF952_00290	57529	639	CDS		ATG	FF952_00290|CP040689_57529_58167_+1_ATG_212
CP040689	58676	TAA	FF952_00295	58386	291	CDS		ATG	FF952_00295|CP040689_58386_58676_+3_ATG_96
CP040689	59274	TGA	FF952_00300	58780	495	CDS		GTG	FF952_00300|CP040689_58780_59274_+1_GTG_164
CP040689	59570	TAG	FF952_00305	59316	255	CDS		ATG	FF952_00305|CP040689_59316_59570_+3_ATG_84
CP040689	60061	TAA	FF952_00310	59603	459	CDS		ATG	FF952_00310|CP040689_59603_60061_+2_ATG_152
CP040689	60611	TAG	FF952_00315	60090	522	CDS		ATG	FF952_00315|CP040689_60090_60611_+3_ATG_173
CP040689	63214	TGA	FF952_00320	60590	2625	CDS		ATG	FF952_00320|CP040689_60590_63214_+2_ATG_874
CP040689	64086	TAA	FF952_00325	63394	693	CDS		ATG	FF952_00325|CP040689_63394_64086_+1_ATG_230
CP040689	65161	TGA	FF952_00330	64103	1059	CDS		ATG	FF952_00330|CP040689_64103_65161_+2_ATG_352
CP040689	66888	TAG	FF952_00345	65746	1143	CDS		ATG	FF952_00345|CP040689_65746_66888_+1_ATG_380
CP040689	68556	TAG	FF952_00350	67117	1440	CDS		TTG	FF952_00350|CP040689_67117_68556_+1_TTG_479
CP040689	68773	TAG	FF952_00355	68612	162	CDS		GTG	FF952_00355|CP040689_68612_68773_+2_GTG_53
CP040689	71753	TAA	FF952_00360	68814	2940	CDS		ATG	FF952_00360|CP040689_68814_71753_+3_ATG_979
CP040689	72059	TGA	FF952_00365	71820	240	CDS		ATG	FF952_00365|CP040689_71820_72059_+3_ATG_79
CP040689	72453	TGA	FF952_00370	72052	402	CDS		GTG	FF952_00370|CP040689_72052_72453_+1_GTG_133
CP040689	76443	TGA	FF952_00385	75532	912	CDS		ATG	FF952_00385|CP040689_75532_76443_+1_ATG_303
CP040689	80448	TGA	FF952_00400	79723	726	CDS		ATG	FF952_00400|CP040689_79723_80448_+1_ATG_241
CP040689	80808	TAG	FF952_00405	80581	228	CDS	true	CCC	FF952_00405_p|CP040689_80581_80808_+1_CCC_75
CP040689	81928	TAG	FF952_00410	80879	1050	CDS		ATG	FF952_00410|CP040689_80879_81928_+2_ATG_349
CP040689	82923	TAA	FF952_00415	81931	993	CDS		GTG	FF952_00415|CP040689_81931_82923_+1_GTG_330
CP040689	84237	TAA	FF952_00420	83101	1137	CDS		GTG	FF952_00420|CP040689_83101_84237_+1_GTG_378
CP040689	85422	TAA	FF952_00425	84250	1173	CDS		ATG	FF952_00425|CP040689_84250_85422_+1_ATG_390
CP040689	87387	TAG	FF952_00440	86782	606	CDS		ATG	FF952_00440|CP040689_86782_87387_+1_ATG_201
CP040689	89279	TGA	FF952_00455	88458	822	CDS		GTG	FF952_00455|CP040689_88458_89279_+3_GTG_273
CP040689	89734	TAG	FF952_00460	89276	459	CDS		ATG	FF952_00460|CP040689_89276_89734_+2_ATG_152
CP040689	90173	TAA	FF952_00465	89829	345	CDS		GTG	FF952_00465|CP040689_89829_90173_+3_GTG_114
CP040689	90657	TGA	FF952_00470	90178	480	CDS		ATG	FF952_00470|CP040689_90178_90657_+1_ATG_159
CP040689	92576	TGA	FF952_00475	90654	1923	CDS		ATG	FF952_00475|CP040689_90654_92576_+3_ATG_640
CP040689	93532	TGA	FF952_00480	92582	951	CDS		ATG	FF952_00480|CP040689_92582_93532_+2_ATG_316
CP040689	94205	TGA	FF952_00485	93543	663	CDS		ATG	FF952_00485|CP040689_93543_94205_+3_ATG_220
CP040689	95671	TGA	FF952_00490	94205	1467	CDS		ATG	FF952_00490|CP040689_94205_95671_+2_ATG_488
CP040689	97146	TAA	FF952_00495	95668	1479	CDS		GTG	FF952_00495|CP040689_95668_97146_+1_GTG_492
CP040689	97855	TGA	FF952_00500	97181	675	CDS		GTG	FF952_00500|CP040689_97181_97855_+2_GTG_224
CP040689	98605	TAA	FF952_00505	98012	594	CDS		GTG	FF952_00505|CP040689_98012_98605_+2_GTG_197
CP040689	99504	TGA	FF952_00510	98734	771	CDS		GTG	FF952_00510|CP040689_98734_99504_+1_GTG_256
CP040689	99827	TGA	FF952_00515	99633	195	CDS		ATG	FF952_00515|CP040689_99633_99827_+3_ATG_64
CP040689	100705	TGA	FF952_00520	99938	768	CDS		ATG	FF952_00520|CP040689_99938_100705_+2_ATG_255
CP040689	103122	TGA	FF952_00525	100837	2286	CDS		ATG	FF952_00525|CP040689_100837_103122_+1_ATG_761
CP040689	106969	TGA	FF952_00545	105578	1392	CDS		ATG	FF952_00545|CP040689_105578_106969_+2_ATG_463
CP040689	107857	TGA	FF952_00550	106988	870	CDS		ATG	FF952_00550|CP040689_106988_107857_+2_ATG_289
CP040689	108405	TAA	FF952_00555	107854	552	CDS		ATG	FF952_00555|CP040689_107854_108405_+1_ATG_183
CP040689	110032	TGA	FF952_00560	108410	1623	CDS		ATG	FF952_00560|CP040689_108410_110032_+2_ATG_540
CP040689	110273	TAA	FF952_00565	110037	237	CDS		GTG	FF952_00565|CP040689_110037_110273_+3_GTG_78
CP040689	117793	TAG	FF952_00570	110255	7539	CDS		GTG	FF952_00570|CP040689_110255_117793_+2_GTG_2512
CP040689	119953	TGA	FF952_00575	117968	1986	CDS		ATG	FF952_00575|CP040689_117968_119953_+2_ATG_661
CP040689	124076	TGA	FF952_00585	122571	1506	CDS		GTG	FF952_00585|CP040689_122571_124076_+3_GTG_501
CP040689	125823	TGA	FF952_00600	124627	1197	CDS		ATG	FF952_00600|CP040689_124627_125823_+1_ATG_398
CP040689	133127	TAG	FF952_00615	131637	1491	CDS		ATG	FF952_00615|CP040689_131637_133127_+3_ATG_496
CP040689	134024	TGA	FF952_00620	133275	750	CDS		ATG	FF952_00620|CP040689_133275_134024_+3_ATG_249
CP040689	136262	TAA	FF952_00625	134205	2058	CDS		GTG	FF952_00625|CP040689_134205_136262_+3_GTG_685
CP040689	137500	TGA	FF952_00630	136544	957	CDS		ATG	FF952_00630|CP040689_136544_137500_+2_ATG_318
CP040689	138164	TAG	FF952_00635	137574	591	CDS		GTG	FF952_00635|CP040689_137574_138164_+3_GTG_196
CP040689	138768	TAA	FF952_00640	138196	573	CDS		ATG	FF952_00640|CP040689_138196_138768_+1_ATG_190
CP040689	139835	TGA	FF952_00645	138768	1068	CDS		ATG	FF952_00645|CP040689_138768_139835_+3_ATG_355
CP040689	140400	TGA	FF952_00650	140212	189	CDS		ATG	FF952_00650|CP040689_140212_140400_+1_ATG_62
CP040689	142400	TGA	FF952_00660	141456	945	CDS		GTG	FF952_00660|CP040689_141456_142400_+3_GTG_314
CP040689	145882	TAG	FF952_00670	144254	1629	CDS		GTG	FF952_00670|CP040689_144254_145882_+2_GTG_542
CP040689	149115	TGA	FF952_00685	148747	369	CDS		TTG	FF952_00685|CP040689_148747_149115_+1_TTG_122
CP040689	149480	TAG	FF952_00690	149112	369	CDS		ATG	FF952_00690|CP040689_149112_149480_+3_ATG_122
CP040689	151432	TAG	FF952_00695	149789	1644	CDS		ATG	FF952_00695|CP040689_149789_151432_+2_ATG_547
CP040689	152651	TGA	FF952_00700	151584	1068	CDS		ATG	FF952_00700|CP040689_151584_152651_+3_ATG_355
CP040689	154565	TGA	FF952_00705	152760	1806	CDS		ATG	FF952_00705|CP040689_152760_154565_+3_ATG_601
CP040689	154672	GAC	FF952_00710	154562	111	CDS	true	ATG	FF952_00710_p|CP040689_154562_154672_+2_ATG_37
CP040689	156035	TGA	FF952_00715	154668	1368	CDS		ATG	FF952_00715|CP040689_154668_156035_+3_ATG_455
CP040689	156882	TAG	FF952_00720	156103	780	CDS		GTG	FF952_00720|CP040689_156103_156882_+1_GTG_259
CP040689	158738	TGA	FF952_00730	158283	456	CDS		ATG	FF952_00730|CP040689_158283_158738_+3_ATG_151
CP040689	161910	TAG	FF952_00745	161305	606	CDS		ATG	FF952_00745|CP040689_161305_161910_+1_ATG_201
CP040689	163109	TGA	FF952_00750	162207	903	CDS	true	ATG	FF952_00750_p|CP040689_162207_163109_+3_ATG_300
CP040689	165127	TGA	FF952_00760	163802	1326	CDS		ATG	FF952_00760|CP040689_163802_165127_+2_ATG_441
CP040689	166262	TAA	FF952_00770	165759	504	CDS		GTG	FF952_00770|CP040689_165759_166262_+3_GTG_167
CP040689	167285	TGA	FF952_00775	166263	1023	CDS		ATG	FF952_00775|CP040689_166263_167285_+3_ATG_340
CP040689	167726	TAG	FF952_00780	167346	381	CDS		ATG	FF952_00780|CP040689_167346_167726_+3_ATG_126
CP040689	169073	TAG	FF952_00790	168147	927	CDS		GTG	FF952_00790|CP040689_168147_169073_+3_GTG_308
CP040689	171562	TGA	FF952_00800	170720	843	CDS	true	GTG	FF952_00800_p|CP040689_170720_171562_+2_GTG_280
CP040689	172604	TGA	FF952_00805	171651	954	CDS		GTG	FF952_00805|CP040689_171651_172604_+3_GTG_317
CP040689	173579	TAG	FF952_00810	172647	933	CDS		ATG	FF952_00810|CP040689_172647_173579_+3_ATG_310
CP040689	175194	TGA	FF952_00815	173674	1521	CDS		ATG	FF952_00815|CP040689_173674_175194_+1_ATG_506
CP040689	176129	TAG	FF952_00820	175269	861	CDS		ATG	FF952_00820|CP040689_175269_176129_+3_ATG_286
CP040689	177104	TAA	FF952_00825	176136	969	CDS		ATG	FF952_00825|CP040689_176136_177104_+3_ATG_322
CP040689	177846	TCC	FF952_00835	177665	182	CDS	true	GGC	FF952_00835_p|CP040689_177665_177846_+2_GGC_60
CP040689	184005	TAG	FF952_00865	183751	255	CDS		CTG	FF952_00865|CP040689_183751_184005_+1_CTG_84
CP040689	185158	TAG	FF952_00870	184058	1101	CDS		ATG	FF952_00870|CP040689_184058_185158_+2_ATG_366
CP040689	185491	TGA	FF952_00875	185159	333	CDS		ATG	FF952_00875|CP040689_185159_185491_+2_ATG_110
CP040689	186915	TAG	FF952_00880	185488	1428	CDS		ATG	FF952_00880|CP040689_185488_186915_+1_ATG_475
CP040689	187865	TGA	FF952_00890	187221	645	CDS		ATG	FF952_00890|CP040689_187221_187865_+3_ATG_214
CP040689	192392	TGA	FF952_00905	191043	1350	CDS		ATG	FF952_00905|CP040689_191043_192392_+3_ATG_449
CP040689	194008	TAA	FF952_00915	193553	456	CDS		ATG	FF952_00915|CP040689_193553_194008_+2_ATG_151
CP040689	194547	TAA	FF952_00925	194062	486	CDS		ATG	FF952_00925|CP040689_194062_194547_+1_ATG_161
CP040689	197095	TAA	FF952_00935	195431	1665	CDS		TTG	FF952_00935|CP040689_195431_197095_+2_TTG_554
CP040689	198096	TGA	FF952_00940	197299	798	CDS		GTG	FF952_00940|CP040689_197299_198096_+1_GTG_265
CP040689	198967	TAG	FF952_00945	198098	870	CDS		ATG	FF952_00945|CP040689_198098_198967_+2_ATG_289
CP040689	200336	TGA	FF952_00950	198972	1365	CDS		ATG	FF952_00950|CP040689_198972_200336_+3_ATG_454
CP040689	201373	TGA	FF952_00955	200333	1041	CDS		ATG	FF952_00955|CP040689_200333_201373_+2_ATG_346
CP040689	202917	TGA	FF952_00960	201370	1548	CDS		ATG	FF952_00960|CP040689_201370_202917_+1_ATG_515
CP040689	204506	TGA	FF952_00965	202914	1593	CDS		TTG	FF952_00965|CP040689_202914_204506_+3_TTG_530
CP040689	205675	TGA	FF952_00970	204503	1173	CDS		ATG	FF952_00970|CP040689_204503_205675_+2_ATG_390
CP040689	207216	TGA	FF952_00975	205669	1548	CDS		GTG	FF952_00975|CP040689_205669_207216_+1_GTG_515
CP040689	207893	TGA	FF952_00980	207252	642	CDS		GTG	FF952_00980|CP040689_207252_207893_+3_GTG_213
CP040689	208858	TGA	FF952_00985	207890	969	CDS		GTG	FF952_00985|CP040689_207890_208858_+2_GTG_322
CP040689	209409	TGA	FF952_00990	208855	555	CDS		ATG	FF952_00990|CP040689_208855_209409_+1_ATG_184
CP040689	210110	TAG	FF952_00995	209376	735	CDS		GTG	FF952_00995|CP040689_209376_210110_+3_GTG_244
CP040689	215365	TAG	FF952_01020	214526	840	CDS		ATG	FF952_01020|CP040689_214526_215365_+2_ATG_279
CP040689	216156	TGA	FF952_01025	215407	750	CDS		ATG	FF952_01025|CP040689_215407_216156_+1_ATG_249
CP040689	216662	TGA	FF952_01030	216153	510	CDS		GTG	FF952_01030|CP040689_216153_216662_+3_GTG_169
CP040689	218782	TGA	FF952_01035	216707	2076	CDS		ATG	FF952_01035|CP040689_216707_218782_+2_ATG_691
CP040689	219805	TAG	FF952_01045	219143	663	CDS		TTG	FF952_01045|CP040689_219143_219805_+2_TTG_220
CP040689	220355	TAG	FF952_01050	219924	432	CDS		ATG	FF952_01050|CP040689_219924_220355_+3_ATG_143
CP040689	222599	TGA	FF952_01060	222309	291	CDS		ATG	FF952_01060|CP040689_222309_222599_+3_ATG_96
CP040689	223968	TAA	FF952_01065	222727	1242	CDS		ATG	FF952_01065|CP040689_222727_223968_+1_ATG_413
CP040689	225103	TAA	FF952_01070	224045	1059	CDS		ATG	FF952_01070|CP040689_224045_225103_+2_ATG_352
CP040689	230901	TAG	FF952_01080	227317	3585	CDS		ATG	FF952_01080|CP040689_227317_230901_+1_ATG_1194
CP040689	231974	TGA	FF952_01085	231339	636	CDS		ATG	FF952_01085|CP040689_231339_231974_+3_ATG_211
CP040689	232671	TGA	FF952_01090	232087	585	CDS		ATG	FF952_01090|CP040689_232087_232671_+1_ATG_194
CP040689	234917	TAG	FF952_01095	232671	2247	CDS		ATG	FF952_01095|CP040689_232671_234917_+3_ATG_748
CP040689	237651	TGA	FF952_01105	236992	660	CDS		ATG	FF952_01105|CP040689_236992_237651_+1_ATG_219
CP040689	238337	TAA	FF952_01110	237648	690	CDS		ATG	FF952_01110|CP040689_237648_238337_+3_ATG_229
CP040689	242377	TAG	FF952_01125	241967	411	CDS		ATG	FF952_01125|CP040689_241967_242377_+2_ATG_136
CP040689	244940	TAA	FF952_01135	243837	1104	CDS		ATG	FF952_01135|CP040689_243837_244940_+3_ATG_367
CP040689	250576	TGA	FF952_01155	249491	1086	CDS		ATG	FF952_01155|CP040689_249491_250576_+2_ATG_361
CP040689	252051	TGA	FF952_01160	250573	1479	CDS		GTG	FF952_01160|CP040689_250573_252051_+1_GTG_492
CP040689	254055	TAG	FF952_01165	252235	1821	CDS		ATG	FF952_01165|CP040689_252235_254055_+1_ATG_606
CP040689	258130	TGA	FF952_01180	256517	1614	CDS		TTG	FF952_01180|CP040689_256517_258130_+2_TTG_537
CP040689	260408	TAG	FF952_01190	259395	1014	CDS		GTG	FF952_01190|CP040689_259395_260408_+3_GTG_337
CP040689	262734	TGA	FF952_01200	261406	1329	CDS		ATG	FF952_01200|CP040689_261406_262734_+1_ATG_442
CP040689	263284	TAG	FF952_01205	262736	549	CDS		ATG	FF952_01205|CP040689_262736_263284_+2_ATG_182
CP040689	264505	TAA	FF952_01210	263294	1212	CDS		ATG	FF952_01210|CP040689_263294_264505_+2_ATG_403
CP040689	265957	TGA	FF952_01215	264549	1409	CDS	true	GTG	FF952_01215_p|CP040689_264549_265957_+3_GTG_469
CP040689	266776	TAG	FF952_01220	265988	789	CDS		ATG	FF952_01220|CP040689_265988_266776_+2_ATG_262
CP040689	270298	TGA	FF952_01235	269144	1155	CDS		ATG	FF952_01235|CP040689_269144_270298_+2_ATG_384
CP040689	274759	TGA	FF952_01250	273536	1224	CDS		ATG	FF952_01250|CP040689_273536_274759_+2_ATG_407
CP040689	278245	TAG	FF952_01270	276539	1707	CDS		ATG	FF952_01270|CP040689_276539_278245_+2_ATG_568
CP040689	279069	TGA	FF952_01275	278380	690	CDS		ATG	FF952_01275|CP040689_278380_279069_+1_ATG_229
CP040689	280010	TAG	FF952_01280	279066	945	CDS		ATG	FF952_01280|CP040689_279066_280010_+3_ATG_314
CP040689	288833	TAG	FF952_01305	287667	1167	CDS		ATG	FF952_01305|CP040689_287667_288833_+3_ATG_388
CP040689	289523	TGA	FF952_01310	288909	615	CDS		ATG	FF952_01310|CP040689_288909_289523_+3_ATG_204
CP040689	289818	TGA	FF952_01315	289585	234	CDS		ATG	FF952_01315|CP040689_289585_289818_+1_ATG_77
CP040689	290263	TGA	FF952_01320	289826	438	CDS		GTG	FF952_01320|CP040689_289826_290263_+2_GTG_145
CP040689	293974	TGA	FF952_01335	292652	1323	CDS		GTG	FF952_01335|CP040689_292652_293974_+2_GTG_440
CP040689	296975	TAA	FF952_01345	296487	489	CDS		GTG	FF952_01345|CP040689_296487_296975_+3_GTG_162
CP040689	298601	TAG	FF952_01350	297291	1311	CDS		GTG	FF952_01350|CP040689_297291_298601_+3_GTG_436
CP040689	305909	TGA	FF952_01380	303348	2562	CDS		ATG	FF952_01380|CP040689_303348_305909_+3_ATG_853
CP040689	306291	TAG	FF952_01385	305935	357	CDS		GTG	FF952_01385|CP040689_305935_306291_+1_GTG_118
CP040689	323204	TAG	FF952_01450	321813	1392	CDS		ATG	FF952_01450|CP040689_321813_323204_+3_ATG_463
CP040689	326731	TAG	FF952_01465	325049	1683	CDS		ATG	FF952_01465|CP040689_325049_326731_+2_ATG_560
CP040689	331485	TAG	FF952_01485	330904	582	CDS		ATG	FF952_01485|CP040689_330904_331485_+1_ATG_193
CP040689	333150	TAA	FF952_01495	332230	921	CDS		ATG	FF952_01495|CP040689_332230_333150_+1_ATG_306
CP040689	342983	TGA	FF952_01525	342723	261	CDS		ATG	FF952_01525|CP040689_342723_342983_+3_ATG_86
CP040689	344590	TGA	FF952_01530	342980	1611	CDS		ATG	FF952_01530|CP040689_342980_344590_+2_ATG_536
CP040689	345522	TGA	FF952_01535	344614	909	CDS		GTG	FF952_01535|CP040689_344614_345522_+1_GTG_302
CP040689	347641	TGA	FF952_01540	345746	1896	CDS		ATG	FF952_01540|CP040689_345746_347641_+2_ATG_631
CP040689	349254	TGA	FF952_01545	347638	1617	CDS		ATG	FF952_01545|CP040689_347638_349254_+1_ATG_538
CP040689	353243	TGA	FF952_01550	349251	3993	CDS		GTG	FF952_01550|CP040689_349251_353243_+3_GTG_1330
CP040689	353548	TGA	FF952_01555	353240	309	CDS		ATG	FF952_01555|CP040689_353240_353548_+2_ATG_102
CP040689	355092	TAA	FF952_01560	353551	1542	CDS		ATG	FF952_01560|CP040689_353551_355092_+1_ATG_513
CP040689	355434	TGA	FF952_01565	355141	294	CDS		ATG	FF952_01565|CP040689_355141_355434_+1_ATG_97
CP040689	355754	TAG	FF952_01570	355464	291	CDS		ATG	FF952_01570|CP040689_355464_355754_+3_ATG_96
CP040689	356652	TAA	FF952_01575	355765	888	CDS		ATG	FF952_01575|CP040689_355765_356652_+1_ATG_295
CP040689	358117	TGA	FF952_01580	356699	1419	CDS		ATG	FF952_01580|CP040689_356699_358117_+2_ATG_472
CP040689	359499	TGA	FF952_01585	358114	1386	CDS		ATG	FF952_01585|CP040689_358114_359499_+1_ATG_461
CP040689	360491	TGA	FF952_01590	359496	996	CDS		ATG	FF952_01590|CP040689_359496_360491_+3_ATG_331
CP040689	362572	TAG	FF952_01600	361787	786	CDS		ATG	FF952_01600|CP040689_361787_362572_+2_ATG_261
CP040689	366716	TGA	FF952_01615	364950	1767	CDS		GTG	FF952_01615|CP040689_364950_366716_+3_GTG_588
CP040689	367086	TGA	FF952_01620	366859	228	CDS		ATG	FF952_01620|CP040689_366859_367086_+1_ATG_75
CP040689	367385	TAG	FF952_01625	367083	303	CDS		TTG	FF952_01625|CP040689_367083_367385_+3_TTG_100
CP040689	367654	TGA	FF952_01630	367433	222	CDS		ATG	FF952_01630|CP040689_367433_367654_+2_ATG_73
CP040689	368076	TAA	FF952_01635	367651	426	CDS		GTG	FF952_01635|CP040689_367651_368076_+1_GTG_141
CP040689	368844	TGA	FF952_01640	368212	633	CDS		GTG	FF952_01640|CP040689_368212_368844_+1_GTG_210
CP040689	369749	TAG	FF952_01645	368841	909	CDS		ATG	FF952_01645|CP040689_368841_369749_+3_ATG_302
CP040689	380176	TAG	FF952_01655	379505	672	CDS		ATG	FF952_01655|CP040689_379505_380176_+2_ATG_223
CP040689	381420	TAA	FF952_01665	380704	717	CDS		ATG	FF952_01665|CP040689_380704_381420_+1_ATG_238
CP040689	382178	TAA	FF952_01670	381522	657	CDS		ATG	FF952_01670|CP040689_381522_382178_+3_ATG_218
CP040689	383992	TGA	FF952_01680	382763	1230	CDS		ATG	FF952_01680|CP040689_382763_383992_+2_ATG_409
CP040689	386009	TGA	FF952_01685	384147	1863	CDS		ATG	FF952_01685|CP040689_384147_386009_+3_ATG_620
CP040689	386467	TAA	FF952_01690	386081	387	CDS		GTG	FF952_01690|CP040689_386081_386467_+2_GTG_128
CP040689	388077	TAA	FF952_01700	387193	885	CDS		ATG	FF952_01700|CP040689_387193_388077_+1_ATG_294
CP040689	388740	TGA	FF952_01705	388126	615	CDS		ATG	FF952_01705|CP040689_388126_388740_+1_ATG_204
CP040689	391407	TAG	FF952_01725	390739	669	CDS		ATG	FF952_01725|CP040689_390739_391407_+1_ATG_222
CP040689	392141	TGA	FF952_01730	391479	663	CDS		GTG	FF952_01730|CP040689_391479_392141_+3_GTG_220
CP040689	392745	TAG	FF952_01735	392173	573	CDS		GTG	FF952_01735|CP040689_392173_392745_+1_GTG_190
CP040689	394182	TGA	FF952_01740	392851	1332	CDS		GTG	FF952_01740|CP040689_392851_394182_+1_GTG_443
CP040689	395623	TGA	FF952_01750	394943	681	CDS		ATG	FF952_01750|CP040689_394943_395623_+2_ATG_226
CP040689	396319	TAG	FF952_01755	395630	690	CDS		GTG	FF952_01755|CP040689_395630_396319_+2_GTG_229
CP040689	398304	TGA	FF952_01765	397702	603	CDS		GTG	FF952_01765|CP040689_397702_398304_+1_GTG_200
CP040689	400958	TGA	FF952_01780	399792	1167	CDS		ATG	FF952_01780|CP040689_399792_400958_+3_ATG_388
CP040689	401818	TAG	FF952_01785	401033	786	CDS		TTG	FF952_01785|CP040689_401033_401818_+2_TTG_261
CP040689	402219	TGA	FF952_01790	401845	375	CDS		ATG	FF952_01790|CP040689_401845_402219_+1_ATG_124
CP040689	403115	TGA	FF952_01795	402249	867	CDS		ATG	FF952_01795|CP040689_402249_403115_+3_ATG_288
CP040689	405293	TGA	FF952_01805	403758	1536	CDS		ATG	FF952_01805|CP040689_403758_405293_+3_ATG_511
CP040689	405406	CGC	FF952_01810	405215	192	CDS	true	GGT	FF952_01810_p|CP040689_405215_405406_+2_GGT_64
CP040689	412763	TAA	FF952_01830	412224	540	CDS		GTG	FF952_01830|CP040689_412224_412763_+3_GTG_179
CP040689	414391	TGA	FF952_01835	412952	1440	CDS		ATG	FF952_01835|CP040689_412952_414391_+2_ATG_479
CP040689	416350	TGA	FF952_01840	414428	1923	CDS		ATG	FF952_01840|CP040689_414428_416350_+2_ATG_640
CP040689	417828	TGA	FF952_01845	416347	1482	CDS		GTG	FF952_01845|CP040689_416347_417828_+1_GTG_493
CP040689	419050	TGA	FF952_01855	418640	411	CDS		TTG	FF952_01855|CP040689_418640_419050_+2_TTG_136
CP040689	421880	TGA	FF952_01865	420894	987	CDS		GTG	FF952_01865|CP040689_420894_421880_+3_GTG_328
CP040689	422536	TAA	FF952_01870	421883	654	CDS		ATG	FF952_01870|CP040689_421883_422536_+2_ATG_217
CP040689	423198	TGA	FF952_01875	422539	660	CDS		GTG	FF952_01875|CP040689_422539_423198_+1_GTG_219
CP040689	425302	TGA	FF952_01880	423425	1878	CDS		ATG	FF952_01880|CP040689_423425_425302_+2_ATG_625
CP040689	426006	TAA	FF952_01885	425299	708	CDS		GTG	FF952_01885|CP040689_425299_426006_+1_GTG_235
CP040689	427229	TGA	FF952_01890	426042	1188	CDS		ATG	FF952_01890|CP040689_426042_427229_+3_ATG_395
CP040689	427609	TGA	FF952_01895	427229	381	CDS		ATG	FF952_01895|CP040689_427229_427609_+2_ATG_126
CP040689	441025	TAG	FF952_01915	440378	648	CDS		ATG	FF952_01915|CP040689_440378_441025_+2_ATG_215
CP040689	441815	TGA	FF952_01920	441036	780	CDS		GTG	FF952_01920|CP040689_441036_441815_+3_GTG_259
CP040689	443167	TGA	FF952_01930	442340	828	CDS		ATG	FF952_01930|CP040689_442340_443167_+2_ATG_275
CP040689	444771	TGA	FF952_01935	443389	1383	CDS		GTG	FF952_01935|CP040689_443389_444771_+1_GTG_460
CP040689	446596	TGA	FF952_01945	445913	684	CDS		ATG	FF952_01945|CP040689_445913_446596_+2_ATG_227
CP040689	458904	TAG	FF952_02010	457939	966	CDS		ATG	FF952_02010|CP040689_457939_458904_+1_ATG_321
CP040689	459376	TGA	FF952_02015	459155	222	CDS		GTG	FF952_02015|CP040689_459155_459376_+2_GTG_73
CP040689	459710	TAG	FF952_02020	459495	216	CDS		ATG	FF952_02020|CP040689_459495_459710_+3_ATG_71
CP040689	466825	TAG	FF952_02050	465653	1173	CDS		GTG	FF952_02050|CP040689_465653_466825_+2_GTG_390
CP040689	470186	TGA	FF952_02055	466929	3258	CDS		ATG	FF952_02055|CP040689_466929_470186_+3_ATG_1085
CP040689	473114	TGA	FF952_02070	471855	1260	CDS		GTG	FF952_02070|CP040689_471855_473114_+3_GTG_419
CP040689	473533	TGA	FF952_02075	473111	423	CDS		GTG	FF952_02075|CP040689_473111_473533_+2_GTG_140
CP040689	474750	TAA	FF952_02080	473530	1221	CDS		ATG	FF952_02080|CP040689_473530_474750_+1_ATG_406
CP040689	477626	TGA	FF952_02090	476301	1326	CDS		ATG	FF952_02090|CP040689_476301_477626_+3_ATG_441
CP040689	478864	TAG	FF952_02100	478460	405	CDS		ATG	FF952_02100|CP040689_478460_478864_+2_ATG_134
CP040689	479262	TAG	FF952_02105	478870	393	CDS		GTG	FF952_02105|CP040689_478870_479262_+1_GTG_130
CP040689	479704	TAA	FF952_02110	479336	369	CDS		TTG	FF952_02110|CP040689_479336_479704_+2_TTG_122
CP040689	480162	TAG	FF952_02120	479914	249	CDS		ATG	FF952_02120|CP040689_479914_480162_+1_ATG_82
CP040689	483680	TGA	FF952_02140	483309	372	CDS		ATG	FF952_02140|CP040689_483309_483680_+3_ATG_123
CP040689	489254	TGA	FF952_02155	487497	1758	CDS		ATG	FF952_02155|CP040689_487497_489254_+3_ATG_585
CP040689	493459	TAG	FF952_02160	489251	4209	CDS		ATG	FF952_02160|CP040689_489251_493459_+2_ATG_1402
CP040689	495313	TGA	FF952_02170	494303	1011	CDS		GTG	FF952_02170|CP040689_494303_495313_+2_GTG_336
CP040689	497378	TAG	FF952_02175	495306	2073	CDS		TTG	FF952_02175|CP040689_495306_497378_+3_TTG_690
CP040689	498528	TGA	FF952_02180	497371	1158	CDS		ATG	FF952_02180|CP040689_497371_498528_+1_ATG_385
CP040689	503886	TAA	FF952_02200	503233	654	CDS		TTG	FF952_02200|CP040689_503233_503886_+1_TTG_217
CP040689	505690	TGA	FF952_02210	504668	1023	CDS		ATG	FF952_02210|CP040689_504668_505690_+2_ATG_340
CP040689	505893	TGA	FF952_02215	505687	207	CDS		ATG	FF952_02215|CP040689_505687_505893_+1_ATG_68
CP040689	506644	TAA	FF952_02220	505886	759	CDS		GTG	FF952_02220|CP040689_505886_506644_+2_GTG_252
CP040689	506818	TAG	FF952_02225	506666	153	CDS		GTG	FF952_02225|CP040689_506666_506818_+2_GTG_50
CP040689	508518	TGA	FF952_02230	507016	1503	CDS		ATG	FF952_02230|CP040689_507016_508518_+1_ATG_500
CP040689	510102	TAG	FF952_02235	508606	1497	CDS		ATG	FF952_02235|CP040689_508606_510102_+1_ATG_498
CP040689	522561	TGA	FF952_02290	522253	309	CDS		ATG	FF952_02290|CP040689_522253_522561_+1_ATG_102
CP040689	523087	TGA	FF952_02295	522593	495	CDS		GTG	FF952_02295|CP040689_522593_523087_+2_GTG_164
CP040689	523842	TAG	FF952_02300	523120	723	CDS		ATG	FF952_02300|CP040689_523120_523842_+1_ATG_240
CP040689	524974	TAG	FF952_02305	523844	1131	CDS		TTG	FF952_02305|CP040689_523844_524974_+2_TTG_376
CP040689	525687	TAA	FF952_02310	525034	654	CDS		ATG	FF952_02310|CP040689_525034_525687_+1_ATG_217
CP040689	533750	TGA	FF952_02340	532128	1623	CDS		ATG	FF952_02340|CP040689_532128_533750_+3_ATG_540
CP040689	536387	TAA	FF952_02355	535916	472	CDS	true	ATG	FF952_02355_p|CP040689_535916_536387_+2_ATG_157
CP040689	546328	TGA	FF952_02400	545618	711	CDS		GTG	FF952_02400|CP040689_545618_546328_+2_GTG_236
CP040689	546653	TGA	FF952_02405	546462	192	CDS		TTG	FF952_02405|CP040689_546462_546653_+3_TTG_63
CP040689	548206	TGA	FF952_02410	546650	1557	CDS		ATG	FF952_02410|CP040689_546650_548206_+2_ATG_518
CP040689	548661	TAG	FF952_02415	548311	351	CDS		TTG	FF952_02415|CP040689_548311_548661_+1_TTG_116
CP040689	554671	TGA	FF952_02445	553151	1521	CDS		ATG	FF952_02445|CP040689_553151_554671_+2_ATG_506
CP040689	555162	TAG	FF952_02450	554671	492	CDS		ATG	FF952_02450|CP040689_554671_555162_+1_ATG_163
CP040689	555461	TGA	FF952_02455	555222	240	CDS		ATG	FF952_02455|CP040689_555222_555461_+3_ATG_79
CP040689	556023	TAG	FF952_02460	555499	525	CDS		GTG	FF952_02460|CP040689_555499_556023_+1_GTG_174
CP040689	557481	TGA	FF952_02465	556087	1395	CDS		GTG	FF952_02465|CP040689_556087_557481_+1_GTG_464
CP040689	557782	TGA	FF952_02470	557489	294	CDS		ATG	FF952_02470|CP040689_557489_557782_+2_ATG_97
CP040689	560725	TGA	FF952_02485	559931	795	CDS		GTG	FF952_02485|CP040689_559931_560725_+2_GTG_264
CP040689	562286	TAG	FF952_02490	561000	1287	CDS		ATG	FF952_02490|CP040689_561000_562286_+3_ATG_428
CP040689	563228	TGA	FF952_02495	562368	861	CDS		GTG	FF952_02495|CP040689_562368_563228_+3_GTG_286
CP040689	564221	TAG	FF952_02500	563361	861	CDS		ATG	FF952_02500|CP040689_563361_564221_+3_ATG_286
CP040689	568407	TGA	FF952_02525	567037	1371	CDS		GTG	FF952_02525|CP040689_567037_568407_+1_GTG_456
CP040689	568916	TAG	FF952_02530	568494	423	CDS		ATG	FF952_02530|CP040689_568494_568916_+3_ATG_140
CP040689	569869	TAG	FF952_02535	569270	600	CDS		ATG	FF952_02535|CP040689_569270_569869_+2_ATG_199
CP040689	570244	TAA	FF952_02540	569981	264	CDS		ATG	FF952_02540|CP040689_569981_570244_+2_ATG_87
CP040689	570695	TAG	FF952_02545	570249	447	CDS		ATG	FF952_02545|CP040689_570249_570695_+3_ATG_148
CP040689	571369	TGA	FF952_02550	570695	675	CDS		GTG	FF952_02550|CP040689_570695_571369_+2_GTG_224
CP040689	575233	TAG	FF952_02570	574124	1110	CDS		ATG	FF952_02570|CP040689_574124_575233_+2_ATG_369
CP040689	576650	TAG	FF952_02575	575295	1356	CDS		GTG	FF952_02575|CP040689_575295_576650_+3_GTG_451
CP040689	578885	TGA	FF952_02585	577569	1317	CDS		GTG	FF952_02585|CP040689_577569_578885_+3_GTG_438
CP040689	580375	TGA	FF952_02590	578933	1443	CDS		ATG	FF952_02590|CP040689_578933_580375_+2_ATG_480
CP040689	580923	TAG	FF952_02595	580372	552	CDS		GTG	FF952_02595|CP040689_580372_580923_+1_GTG_183
CP040689	581854	TGA	FF952_02600	581249	606	CDS		ATG	FF952_02600|CP040689_581249_581854_+2_ATG_201
CP040689	582760	TAA	FF952_02605	582011	750	CDS		ATG	FF952_02605|CP040689_582011_582760_+2_ATG_249
CP040689	584166	TGA	FF952_02610	582934	1233	CDS		GTG	FF952_02610|CP040689_582934_584166_+1_GTG_410
CP040689	585284	TAG	FF952_02620	584601	684	CDS		ATG	FF952_02620|CP040689_584601_585284_+3_ATG_227
CP040689	589215	TAG	FF952_02640	588487	729	CDS		TTG	FF952_02640|CP040689_588487_589215_+1_TTG_242
CP040689	591172	TGA	FF952_02650	590186	987	CDS		GTG	FF952_02650|CP040689_590186_591172_+2_GTG_328
CP040689	592101	TAG	FF952_02655	591169	933	CDS		ATG	FF952_02655|CP040689_591169_592101_+1_ATG_310
CP040689	592959	TGA	FF952_02660	592117	843	CDS		GTG	FF952_02660|CP040689_592117_592959_+1_GTG_280
CP040689	593850	TAG	FF952_02665	592975	876	CDS		ATG	FF952_02665|CP040689_592975_593850_+1_ATG_291
CP040689	594762	TGA	FF952_02670	593875	888	CDS		ATG	FF952_02670|CP040689_593875_594762_+1_ATG_295
CP040689	595139	TAG	FF952_02675	594903	237	CDS		ATG	FF952_02675|CP040689_594903_595139_+3_ATG_78
CP040689	595368	TAG	FF952_02680	595267	102	CDS		ATG	FF952_02680|CP040689_595267_595368_+1_ATG_33
CP040689	596576	TAG	FF952_02685	595446	1131	CDS		GTG	FF952_02685|CP040689_595446_596576_+3_GTG_376
CP040689	597659	TGA	FF952_02690	596583	1077	CDS		ATG	FF952_02690|CP040689_596583_597659_+3_ATG_358
CP040689	601458	TGA	FF952_02710	601015	444	CDS		GTG	FF952_02710|CP040689_601015_601458_+1_GTG_147
CP040689	604361	TAG	FF952_02715	601455	2907	CDS		ATG	FF952_02715|CP040689_601455_604361_+3_ATG_968
CP040689	604647	TAG	FF952_02720	604354	294	CDS		ATG	FF952_02720|CP040689_604354_604647_+1_ATG_97
CP040689	606103	TGA	FF952_02725	604697	1407	CDS		GTG	FF952_02725|CP040689_604697_606103_+2_GTG_468
CP040689	607042	TAG	FF952_02730	606113	930	CDS		GTG	FF952_02730|CP040689_606113_607042_+2_GTG_309
CP040689	608772	TAG	FF952_02735	607075	1698	CDS		ATG	FF952_02735|CP040689_607075_608772_+1_ATG_565
CP040689	609847	TGA	FF952_02740	608858	990	CDS		ATG	FF952_02740|CP040689_608858_609847_+2_ATG_329
CP040689	610408	TGA	FF952_02745	609860	549	CDS		ATG	FF952_02745|CP040689_609860_610408_+2_ATG_182
CP040689	610704	TGA	FF952_02750	610405	300	CDS		GTG	FF952_02750|CP040689_610405_610704_+1_GTG_99
CP040689	612318	TAG	FF952_02755	610783	1536	CDS		ATG	FF952_02755|CP040689_610783_612318_+1_ATG_511
CP040689	614312	TGA	FF952_02765	613002	1311	CDS		ATG	FF952_02765|CP040689_613002_614312_+3_ATG_436
CP040689	615139	TGA	FF952_02770	614444	696	CDS		GTG	FF952_02770|CP040689_614444_615139_+2_GTG_231
CP040689	616572	TAA	FF952_02780	616372	201	CDS		GTG	FF952_02780|CP040689_616372_616572_+1_GTG_66
CP040689	616861	TGA	FF952_02785	616511	351	CDS		ATG	FF952_02785|CP040689_616511_616861_+2_ATG_116
CP040689	617159	TGA	FF952_02790	616854	306	CDS		ATG	FF952_02790|CP040689_616854_617159_+3_ATG_101
CP040689	618598	TGA	FF952_02795	617213	1386	CDS		CTG	FF952_02795|CP040689_617213_618598_+2_CTG_461
CP040689	620479	TGA	FF952_02805	619091	1389	CDS		ATG	FF952_02805|CP040689_619091_620479_+2_ATG_462
CP040689	621087	TGA	FF952_02810	620479	609	CDS		ATG	FF952_02810|CP040689_620479_621087_+1_ATG_202
CP040689	621752	TGA	FF952_02815	621102	651	CDS		ATG	FF952_02815|CP040689_621102_621752_+3_ATG_216
CP040689	622528	TGA	FF952_02820	621749	780	CDS		ATG	FF952_02820|CP040689_621749_622528_+2_ATG_259
CP040689	624150	TGA	FF952_02825	622561	1590	CDS		ATG	FF952_02825|CP040689_622561_624150_+1_ATG_529
CP040689	625121	TGA	FF952_02830	624147	975	CDS		TTG	FF952_02830|CP040689_624147_625121_+3_TTG_324
CP040689	626380	TAG	FF952_02835	625163	1218	CDS		GTG	FF952_02835|CP040689_625163_626380_+2_GTG_405
CP040689	626902	TGA	FF952_02845	626585	318	CDS		GTG	FF952_02845|CP040689_626585_626902_+2_GTG_105
CP040689	627056	TAA	FF952_02850	626874	183	CDS		GTG	FF952_02850|CP040689_626874_627056_+3_GTG_60
CP040689	628794	TGA	FF952_02855	627049	1746	CDS		ATG	FF952_02855|CP040689_627049_628794_+1_ATG_581
CP040689	628927	TAA	FF952_02860	628700	228	CDS		TTG	FF952_02860|CP040689_628700_628927_+2_TTG_75
CP040689	631601	TGA	FF952_02875	630807	795	CDS		ATG	FF952_02875|CP040689_630807_631601_+3_ATG_264
CP040689	632638	TGA	FF952_02880	631598	1041	CDS		ATG	FF952_02880|CP040689_631598_632638_+2_ATG_346
CP040689	636036	TGA	FF952_02890	634390	1647	CDS		ATG	FF952_02890|CP040689_634390_636036_+1_ATG_548
CP040689	636725	TGA	FF952_02895	636093	633	CDS		GTG	FF952_02895|CP040689_636093_636725_+3_GTG_210
CP040689	637384	TGA	FF952_02900	636722	663	CDS		GTG	FF952_02900|CP040689_636722_637384_+2_GTG_220
CP040689	648843	TGA	FF952_02960	647239	1605	CDS		ATG	FF952_02960|CP040689_647239_648843_+1_ATG_534
CP040689	649820	TGA	FF952_02965	648840	981	CDS		GTG	FF952_02965|CP040689_648840_649820_+3_GTG_326
CP040689	650605	TGA	FF952_02970	649817	789	CDS		GTG	FF952_02970|CP040689_649817_650605_+2_GTG_262
CP040689	652312	TGA	FF952_02975	650648	1665	CDS		GTG	FF952_02975|CP040689_650648_652312_+2_GTG_554
CP040689	652824	TGA	FF952_02980	652309	516	CDS		GTG	FF952_02980|CP040689_652309_652824_+1_GTG_171
CP040689	654022	TAA	FF952_02985	652886	1137	CDS		GTG	FF952_02985|CP040689_652886_654022_+2_GTG_378
CP040689	654743	TGA	FF952_02990	654039	705	CDS		ATG	FF952_02990|CP040689_654039_654743_+3_ATG_234
CP040689	658128	TAG	FF952_03010	657121	1008	CDS		GTG	FF952_03010|CP040689_657121_658128_+1_GTG_335
CP040689	659089	TGA	FF952_03015	658229	861	CDS		ATG	FF952_03015|CP040689_658229_659089_+2_ATG_286
CP040689	663690	TAG	FF952_03040	662671	1020	CDS		GTG	FF952_03040|CP040689_662671_663690_+1_GTG_339
CP040689	665218	TGA	FF952_03045	663800	1419	CDS		ATG	FF952_03045|CP040689_663800_665218_+2_ATG_472
CP040689	665619	TAG	FF952_03050	665353	267	CDS		ATG	FF952_03050|CP040689_665353_665619_+1_ATG_88
CP040689	667723	TGA	FF952_03055	665645	2079	CDS		GTG	FF952_03055|CP040689_665645_667723_+2_GTG_692
CP040689	667929	TAG	FF952_03060	667735	195	CDS		ATG	FF952_03060|CP040689_667735_667929_+1_ATG_64
CP040689	675502	TAA	FF952_03095	674198	1305	CDS		ATG	FF952_03095|CP040689_674198_675502_+2_ATG_434
CP040689	676301	TAG	FF952_03100	675516	786	CDS		ATG	FF952_03100|CP040689_675516_676301_+3_ATG_261
CP040689	680687	TGA	FF952_03110	680208	480	CDS		TTG	FF952_03110|CP040689_680208_680687_+3_TTG_159
CP040689	681373	TGA	FF952_03115	680615	759	CDS		ATG	FF952_03115|CP040689_680615_681373_+2_ATG_252
CP040689	682302	TGA	FF952_03125	682087	216	CDS		GTG	FF952_03125|CP040689_682087_682302_+1_GTG_71
CP040689	682706	TAA	FF952_03130	682299	408	CDS		GTG	FF952_03130|CP040689_682299_682706_+3_GTG_135
CP040689	686239	TGA	FF952_03140	683606	2634	CDS		ATG	FF952_03140|CP040689_683606_686239_+2_ATG_877
CP040689	689509	TGA	FF952_03150	688787	723	CDS		ATG	FF952_03150|CP040689_688787_689509_+2_ATG_240
CP040689	690303	TAG	FF952_03155	689506	798	CDS		ATG	FF952_03155|CP040689_689506_690303_+1_ATG_265
CP040689	691192	TAG	FF952_03160	690305	888	CDS		ATG	FF952_03160|CP040689_690305_691192_+2_ATG_295
CP040689	692412	TGA	FF952_03165	691198	1215	CDS		GTG	FF952_03165|CP040689_691198_692412_+1_GTG_404
CP040689	693440	TGA	FF952_03170	692409	1032	CDS		ATG	FF952_03170|CP040689_692409_693440_+3_ATG_343
CP040689	694882	TGA	FF952_03175	693437	1446	CDS		ATG	FF952_03175|CP040689_693437_694882_+2_ATG_481
CP040689	696405	TGA	FF952_03180	694879	1527	CDS		ATG	FF952_03180|CP040689_694879_696405_+1_ATG_508
CP040689	697610	TGA	FF952_03185	696402	1209	CDS		GTG	FF952_03185|CP040689_696402_697610_+3_GTG_402
CP040689	699165	TGA	FF952_03190	697615	1551	CDS		ATG	FF952_03190|CP040689_697615_699165_+1_ATG_516
CP040689	704545	TAG	FF952_03235	704234	312	CDS		ATG	FF952_03235|CP040689_704234_704545_+2_ATG_103
CP040689	705567	TGA	FF952_03240	704617	951	CDS		ATG	FF952_03240|CP040689_704617_705567_+1_ATG_316
CP040689	706392	TGA	FF952_03245	705808	585	CDS		ATG	FF952_03245|CP040689_705808_706392_+1_ATG_194
CP040689	707137	TAA	FF952_03250	706394	744	CDS		ATG	FF952_03250|CP040689_706394_707137_+2_ATG_247
CP040689	707577	TGA	FF952_03255	707191	387	CDS		GTG	FF952_03255|CP040689_707191_707577_+1_GTG_128
CP040689	707867	TGA	FF952_03260	707622	246	CDS		ATG	FF952_03260|CP040689_707622_707867_+3_ATG_81
CP040689	708265	TGA	FF952_03265	707864	402	CDS		GTG	FF952_03265|CP040689_707864_708265_+2_GTG_133
CP040689	708435	TGA	FF952_03270	708208	228	CDS		GTG	FF952_03270|CP040689_708208_708435_+1_GTG_75
CP040689	708590	TAG	FF952_03275	708363	228	CDS		GTG	FF952_03275|CP040689_708363_708590_+3_GTG_75
CP040689	711307	TGA	FF952_03300	710702	606	CDS		GTG	FF952_03300|CP040689_710702_711307_+2_GTG_201
CP040689	714726	TGA	FF952_03310	713977	750	CDS		GTG	FF952_03310|CP040689_713977_714726_+1_GTG_249
CP040689	714965	TAG	FF952_03315	714723	243	CDS		GTG	FF952_03315|CP040689_714723_714965_+3_GTG_80
CP040689	715387	TGA	FF952_03325	715160	228	CDS		GTG	FF952_03325|CP040689_715160_715387_+2_GTG_75
CP040689	715785	TGA	FF952_03330	715384	402	CDS		GTG	FF952_03330|CP040689_715384_715785_+1_GTG_133
CP040689	717098	TGA	FF952_03335	715914	1185	CDS		ATG	FF952_03335|CP040689_715914_717098_+3_ATG_394
CP040689	718186	TGA	FF952_03340	717095	1092	CDS		ATG	FF952_03340|CP040689_717095_718186_+2_ATG_363
CP040689	719738	TGA	FF952_03350	718581	1158	CDS		ATG	FF952_03350|CP040689_718581_719738_+3_ATG_385
CP040689	720696	TGA	FF952_03355	719749	948	CDS		ATG	FF952_03355|CP040689_719749_720696_+1_ATG_315
CP040689	721043	TGA	FF952_03360	720789	255	CDS		ATG	FF952_03360|CP040689_720789_721043_+3_ATG_84
CP040689	721438	TAA	FF952_03365	721043	396	CDS		ATG	FF952_03365|CP040689_721043_721438_+2_ATG_131
CP040689	722664	TGA	FF952_03375	722404	261	CDS		ATG	FF952_03375|CP040689_722404_722664_+1_ATG_86
CP040689	723068	TGA	FF952_03380	722661	408	CDS		GTG	FF952_03380|CP040689_722661_723068_+3_GTG_135
CP040689	735737	TGA	FF952_03420	735486	252	CDS		TTG	FF952_03420|CP040689_735486_735737_+3_TTG_83
CP040689	736252	TAA	FF952_03435	736085	168	CDS		ATG	FF952_03435|CP040689_736085_736252_+2_ATG_55
CP040689	736779	TGA	FF952_03440	736303	477	CDS		GTG	FF952_03440|CP040689_736303_736779_+1_GTG_158
CP040689	737194	TAG	FF952_03445	736766	429	CDS		ATG	FF952_03445|CP040689_736766_737194_+2_ATG_142
CP040689	737698	TAA	FF952_03450	737198	501	CDS		ATG	FF952_03450|CP040689_737198_737698_+2_ATG_166
CP040689	738595	TGA	FF952_03460	738110	486	CDS		GTG	FF952_03460|CP040689_738110_738595_+2_GTG_161
CP040689	739343	TAG	FF952_03465	738627	717	CDS		GTG	FF952_03465|CP040689_738627_739343_+3_GTG_238
CP040689	739823	TAG	FF952_03470	739395	429	CDS		ATG	FF952_03470|CP040689_739395_739823_+3_ATG_142
CP040689	740597	TAG	FF952_03475	739890	708	CDS		ATG	FF952_03475|CP040689_739890_740597_+3_ATG_235
CP040689	751272	TGA	FF952_03510	747367	3906	CDS		ATG	FF952_03510|CP040689_747367_751272_+1_ATG_1301
CP040689	751943	TGA	FF952_03515	751269	675	CDS		ATG	FF952_03515|CP040689_751269_751943_+3_ATG_224
CP040689	752851	TAA	FF952_03520	751943	909	CDS		ATG	FF952_03520|CP040689_751943_752851_+2_ATG_302
CP040689	753718	TAG	FF952_03525	753182	537	CDS		ATG	FF952_03525|CP040689_753182_753718_+2_ATG_178
CP040689	754147	TAG	FF952_03530	753755	393	CDS		ATG	FF952_03530|CP040689_753755_754147_+2_ATG_130
CP040689	756411	TGA	FF952_03540	754906	1506	CDS		ATG	FF952_03540|CP040689_754906_756411_+1_ATG_501
CP040689	757502	TAA	FF952_03545	756423	1080	CDS		GTG	FF952_03545|CP040689_756423_757502_+3_GTG_359
CP040689	763406	TAG	FF952_03585	761043	2364	CDS		ATG	FF952_03585|CP040689_761043_763406_+3_ATG_787
CP040689	763710	TGA	FF952_03590	763438	273	CDS		ATG	FF952_03590|CP040689_763438_763710_+1_ATG_90
CP040689	764045	TGA	FF952_03595	763707	339	CDS		GTG	FF952_03595|CP040689_763707_764045_+3_GTG_112
CP040689	764215	TGA	FF952_03600	764042	174	CDS		GTG	FF952_03600|CP040689_764042_764215_+2_GTG_57
CP040689	764430	TAG	FF952_03605	764200	231	CDS		TTG	FF952_03605|CP040689_764200_764430_+1_TTG_76
CP040689	768231	TAA	FF952_03610	764713	3519	CDS		TTG	FF952_03610|CP040689_764713_768231_+1_TTG_1172
CP040689	772226	TAG	FF952_03615	768276	3951	CDS		GTG	FF952_03615|CP040689_768276_772226_+3_GTG_1316
CP040689	775456	TGA	FF952_03630	774698	759	CDS		GTG	FF952_03630|CP040689_774698_775456_+2_GTG_252
CP040689	776330	TGA	FF952_03635	775488	843	CDS		ATG	FF952_03635|CP040689_775488_776330_+3_ATG_280
CP040689	778018	TGA	FF952_03640	776390	1629	CDS		ATG	FF952_03640|CP040689_776390_778018_+2_ATG_542
CP040689	778967	TAA	FF952_03645	778029	939	CDS		ATG	FF952_03645|CP040689_778029_778967_+3_ATG_312
CP040689	779692	TGA	FF952_03650	778970	723	CDS		ATG	FF952_03650|CP040689_778970_779692_+2_ATG_240
CP040689	780480	TAG	FF952_03655	779689	792	CDS		ATG	FF952_03655|CP040689_779689_780480_+1_ATG_263
CP040689	784393	TGA	FF952_03670	783896	498	CDS		GTG	FF952_03670|CP040689_783896_784393_+2_GTG_165
CP040689	786217	TAG	FF952_03685	785627	591	CDS		GTG	FF952_03685|CP040689_785627_786217_+2_GTG_196
CP040689	786840	TGA	FF952_03690	786466	375	CDS		ATG	FF952_03690|CP040689_786466_786840_+1_ATG_124
CP040689	787310	TGA	FF952_03695	786840	471	CDS		ATG	FF952_03695|CP040689_786840_787310_+3_ATG_156
CP040689	789496	TGA	FF952_03700	787391	2106	CDS		GTG	FF952_03700|CP040689_787391_789496_+2_GTG_701
CP040689	790917	TAG	FF952_03705	789727	1191	CDS		GTG	FF952_03705|CP040689_789727_790917_+1_GTG_396
CP040689	791852	TGA	FF952_03710	791055	798	CDS		GTG	FF952_03710|CP040689_791055_791852_+3_GTG_265
CP040689	792832	TGA	FF952_03715	792005	828	CDS		GTG	FF952_03715|CP040689_792005_792832_+2_GTG_275
CP040689	794066	TAG	FF952_03720	792846	1221	CDS		ATG	FF952_03720|CP040689_792846_794066_+3_ATG_406
CP040689	796752	TGA	FF952_03745	796663	90	CDS		ATG	FF952_03745|CP040689_796663_796752_+1_ATG_29
CP040689	797066	TGA	FF952_03750	796755	312	CDS		GTG	FF952_03750|CP040689_796755_797066_+3_GTG_103
CP040689	798238	TAG	FF952_03755	797063	1176	CDS		ATG	FF952_03755|CP040689_797063_798238_+2_ATG_391
CP040689	799431	TAG	FF952_03760	798241	1191	CDS		GTG	FF952_03760|CP040689_798241_799431_+1_GTG_396
CP040689	800376	TGA	FF952_03765	799621	756	CDS		GTG	FF952_03765|CP040689_799621_800376_+1_GTG_251
CP040689	801837	TAG	FF952_03770	800425	1413	CDS		ATG	FF952_03770|CP040689_800425_801837_+1_ATG_470
CP040689	803278	TGA	FF952_03775	801839	1440	CDS		GTG	FF952_03775|CP040689_801839_803278_+2_GTG_479
CP040689	803471	TGA	FF952_03780	803268	204	CDS		TTG	FF952_03780|CP040689_803268_803471_+3_TTG_67
CP040689	803700	GCC	FF952_03785	803554	147	CDS	true	GCG	FF952_03785_p|CP040689_803554_803700_+1_GCG_49
CP040689	804068	TAG	FF952_03790	803739	330	CDS		TTG	FF952_03790|CP040689_803739_804068_+3_TTG_109
CP040689	804349	TGA	FF952_03795	804116	234	CDS		GTG	FF952_03795|CP040689_804116_804349_+2_GTG_77
CP040689	804755	TAG	FF952_03800	804534	222	CDS		ATG	FF952_03800|CP040689_804534_804755_+3_ATG_73
CP040689	805697	TAG	FF952_03810	805392	306	CDS		GTG	FF952_03810|CP040689_805392_805697_+3_GTG_101
CP040689	806367	TGA	FF952_03815	805714	654	CDS		ATG	FF952_03815|CP040689_805714_806367_+1_ATG_217
CP040689	807038	TGA	FF952_03820	806367	672	CDS		ATG	FF952_03820|CP040689_806367_807038_+3_ATG_223
CP040689	807340	TAG	FF952_03825	807038	303	CDS		ATG	FF952_03825|CP040689_807038_807340_+2_ATG_100
CP040689	807575	TGA	FF952_03830	807351	225	CDS		ATG	FF952_03830|CP040689_807351_807575_+3_ATG_74
CP040689	808437	TAG	FF952_03835	807595	843	CDS		ATG	FF952_03835|CP040689_807595_808437_+1_ATG_280
CP040689	808759	TGA	FF952_03840	808478	282	CDS		ATG	FF952_03840|CP040689_808478_808759_+2_ATG_93
CP040689	809349	TAG	FF952_03845	808756	594	CDS		ATG	FF952_03845|CP040689_808756_809349_+1_ATG_197
CP040689	810173	TGA	FF952_03850	809349	825	CDS		GTG	FF952_03850|CP040689_809349_810173_+3_GTG_274
CP040689	810593	TGA	FF952_03855	810177	417	CDS		ATG	FF952_03855|CP040689_810177_810593_+3_ATG_138
CP040689	810826	TGA	FF952_03860	810593	234	CDS		ATG	FF952_03860|CP040689_810593_810826_+2_ATG_77
CP040689	811233	TAA	FF952_03865	810823	411	CDS		GTG	FF952_03865|CP040689_810823_811233_+1_GTG_136
CP040689	813765	TGA	FF952_03870	811402	2364	CDS		ATG	FF952_03870|CP040689_811402_813765_+1_ATG_787
CP040689	814712	TAG	FF952_03875	813813	900	CDS		GTG	FF952_03875|CP040689_813813_814712_+3_GTG_299
CP040689	815954	TAA	FF952_03880	815013	942	CDS		ATG	FF952_03880|CP040689_815013_815954_+3_ATG_313
CP040689	816808	TAG	FF952_03885	816440	369	CDS		GTG	FF952_03885|CP040689_816440_816808_+2_GTG_122
CP040689	817126	TGA	FF952_03890	816809	318	CDS		ATG	FF952_03890|CP040689_816809_817126_+2_ATG_105
CP040689	817689	TGA	FF952_03895	817126	564	CDS		ATG	FF952_03895|CP040689_817126_817689_+1_ATG_187
CP040689	817879	TAA	FF952_03900	817694	186	CDS		ATG	FF952_03900|CP040689_817694_817879_+2_ATG_61
CP040689	818441	TGA	FF952_03905	818043	399	CDS		ATG	FF952_03905|CP040689_818043_818441_+3_ATG_132
CP040689	819004	TAG	FF952_03910	818465	540	CDS		ATG	FF952_03910|CP040689_818465_819004_+2_ATG_179
CP040689	819375	TGA	FF952_03915	819007	369	CDS		ATG	FF952_03915|CP040689_819007_819375_+1_ATG_122
CP040689	820057	TAG	FF952_03920	819395	663	CDS		ATG	FF952_03920|CP040689_819395_820057_+2_ATG_220
CP040689	820257	TAG	FF952_03925	820060	198	CDS		ATG	FF952_03925|CP040689_820060_820257_+1_ATG_65
CP040689	820697	TAG	FF952_03930	820257	441	CDS		GTG	FF952_03930|CP040689_820257_820697_+3_GTG_146
CP040689	822601	TAG	FF952_03935	820730	1872	CDS		ATG	FF952_03935|CP040689_820730_822601_+2_ATG_623
CP040689	827920	TGA	FF952_03960	826574	1347	CDS		GTG	FF952_03960|CP040689_826574_827920_+2_GTG_448
CP040689	828661	TAG	FF952_03965	827933	729	CDS		ATG	FF952_03965|CP040689_827933_828661_+2_ATG_242
CP040689	831192	TGA	FF952_03975	829867	1326	CDS		GTG	FF952_03975|CP040689_829867_831192_+1_GTG_441
CP040689	831734	TAG	FF952_03980	831189	546	CDS		GTG	FF952_03980|CP040689_831189_831734_+3_GTG_181
CP040689	832537	TAG	FF952_03985	831737	801	CDS		ATG	FF952_03985|CP040689_831737_832537_+2_ATG_266
CP040689	833143	TGA	FF952_03990	832610	534	CDS		GTG	FF952_03990|CP040689_832610_833143_+2_GTG_177
CP040689	833959	TAA	FF952_03995	833207	753	CDS		ATG	FF952_03995|CP040689_833207_833959_+2_ATG_250
CP040689	834226	TGA	FF952_04000	834014	213	CDS		GTG	FF952_04000|CP040689_834014_834226_+2_GTG_70
CP040689	834771	TGA	FF952_04005	834274	498	CDS		GTG	FF952_04005|CP040689_834274_834771_+1_GTG_165
CP040689	834980	TAA	FF952_04010	834768	213	CDS		TTG	FF952_04010|CP040689_834768_834980_+3_TTG_70
CP040689	835677	TGA	FF952_04015	835129	549	CDS		GTG	FF952_04015|CP040689_835129_835677_+1_GTG_182
CP040689	836730	TGA	FF952_04025	835882	849	CDS		ATG	FF952_04025|CP040689_835882_836730_+1_ATG_282
CP040689	837372	TGA	FF952_04030	836845	528	CDS		ATG	FF952_04030|CP040689_836845_837372_+1_ATG_175
CP040689	837917	TAG	FF952_04035	837594	324	CDS	true	CTA	FF952_04035_p|CP040689_837594_837917_+3_CTA_107
CP040689	838520	TGA	FF952_04040	838059	462	CDS		GTG	FF952_04040|CP040689_838059_838520_+3_GTG_153
CP040689	840693	TGA	FF952_04060	840166	528	CDS		GTG	FF952_04060|CP040689_840166_840693_+1_GTG_175
CP040689	843067	TAG	FF952_04065	840713	2355	CDS		ATG	FF952_04065|CP040689_840713_843067_+2_ATG_784
CP040689	843386	TGA	FF952_04070	843144	243	CDS		ATG	FF952_04070|CP040689_843144_843386_+3_ATG_80
CP040689	846255	TAG	FF952_04075	843466	2790	CDS		ATG	FF952_04075|CP040689_843466_846255_+1_ATG_929
CP040689	846603	TAA	FF952_04080	846346	258	CDS		ATG	FF952_04080|CP040689_846346_846603_+1_ATG_85
CP040689	847055	TAG	FF952_04085	846627	429	CDS		ATG	FF952_04085|CP040689_846627_847055_+3_ATG_142
CP040689	847677	TGA	FF952_04095	847432	246	CDS		GTG	FF952_04095|CP040689_847432_847677_+1_GTG_81
CP040689	853312	TGA	FF952_04115	851558	1755	CDS		ATG	FF952_04115|CP040689_851558_853312_+2_ATG_584
CP040689	857749	TGA	FF952_04140	857006	744	CDS		ATG	FF952_04140|CP040689_857006_857749_+2_ATG_247
CP040689	859251	TGA	FF952_04145	857794	1458	CDS		ATG	FF952_04145|CP040689_857794_859251_+1_ATG_485
CP040689	867777	TAG	FF952_04195	866308	1470	CDS		ATG	FF952_04195|CP040689_866308_867777_+1_ATG_489
CP040689	868554	TGA	FF952_04200	867808	747	CDS		ATG	FF952_04200|CP040689_867808_868554_+1_ATG_248
CP040689	869539	TGA	FF952_04205	868652	888	CDS		ATG	FF952_04205|CP040689_868652_869539_+2_ATG_295
CP040689	869970	TAG	FF952_04210	869536	435	CDS		ATG	FF952_04210|CP040689_869536_869970_+1_ATG_144
CP040689	871250	TAG	FF952_04215	869982	1269	CDS		GTG	FF952_04215|CP040689_869982_871250_+3_GTG_422
CP040689	874426	TGA	FF952_04230	873803	624	CDS		ATG	FF952_04230|CP040689_873803_874426_+2_ATG_207
CP040689	876822	TAG	FF952_04240	875404	1419	CDS		GTG	FF952_04240|CP040689_875404_876822_+1_GTG_472
CP040689	878071	TAG	FF952_04245	876827	1245	CDS		ATG	FF952_04245|CP040689_876827_878071_+2_ATG_414
CP040689	879632	TGA	FF952_04255	878739	894	CDS		ATG	FF952_04255|CP040689_878739_879632_+3_ATG_297
CP040689	881788	TAG	FF952_04260	879629	2160	CDS		ATG	FF952_04260|CP040689_879629_881788_+2_ATG_719
CP040689	882227	TAG	FF952_04265	882042	186	CDS		CTG	FF952_04265|CP040689_882042_882227_+3_CTG_61
CP040689	884722	TGA	FF952_04275	884036	687	CDS		GTG	FF952_04275|CP040689_884036_884722_+2_GTG_228
CP040689	886438	TAG	FF952_04280	884738	1701	CDS		GTG	FF952_04280|CP040689_884738_886438_+2_GTG_566
CP040689	887816	TGA	FF952_04290	887097	720	CDS		ATG	FF952_04290|CP040689_887097_887816_+3_ATG_239
CP040689	888161	TGA	FF952_04295	887922	240	CDS		GTG	FF952_04295|CP040689_887922_888161_+3_GTG_79
CP040689	888832	TGA	FF952_04300	888158	675	CDS		GTG	FF952_04300|CP040689_888158_888832_+2_GTG_224
CP040689	892422	TAG	FF952_04325	892117	306	CDS		ATG	FF952_04325|CP040689_892117_892422_+1_ATG_101
CP040689	895521	TGA	FF952_04335	894370	1152	CDS		ATG	FF952_04335|CP040689_894370_895521_+1_ATG_383
CP040689	898658	TAG	FF952_04350	897357	1302	CDS		ATG	FF952_04350|CP040689_897357_898658_+3_ATG_433
CP040689	899017	TAA	FF952_04355	898670	348	CDS		ATG	FF952_04355|CP040689_898670_899017_+2_ATG_115
CP040689	902123	TGA	FF952_04365	899859	2265	CDS		GTG	FF952_04365|CP040689_899859_902123_+3_GTG_754
CP040689	902749	TGA	FF952_04370	902120	630	CDS		ATG	FF952_04370|CP040689_902120_902749_+2_ATG_209
CP040689	903826	TGA	FF952_04375	902870	957	CDS		GTG	FF952_04375|CP040689_902870_903826_+2_GTG_318
CP040689	906063	TGA	FF952_04385	905674	390	CDS		ATG	FF952_04385|CP040689_905674_906063_+1_ATG_129
CP040689	907733	TGA	FF952_04390	906150	1584	CDS		GTG	FF952_04390|CP040689_906150_907733_+3_GTG_527
CP040689	908858	TAA	FF952_04395	907764	1095	CDS		ATG	FF952_04395|CP040689_907764_908858_+3_ATG_364
CP040689	911331	TGA	FF952_04410	910462	870	CDS		GTG	FF952_04410|CP040689_910462_911331_+1_GTG_289
CP040689	915778	TGA	FF952_04440	915011	768	CDS		TTG	FF952_04440|CP040689_915011_915778_+2_TTG_255
CP040689	916722	TGA	FF952_04445	915775	948	CDS		GTG	FF952_04445|CP040689_915775_916722_+1_GTG_315
CP040689	917541	TAG	FF952_04450	916765	777	CDS		GTG	FF952_04450|CP040689_916765_917541_+1_GTG_258
CP040689	924670	TGA	FF952_04480	923615	1056	CDS		GTG	FF952_04480|CP040689_923615_924670_+2_GTG_351
CP040689	925846	TGA	FF952_04495	925556	291	CDS		TTG	FF952_04495|CP040689_925556_925846_+2_TTG_96
CP040689	926856	TAA	FF952_04500	925951	906	CDS		ATG	FF952_04500|CP040689_925951_926856_+1_ATG_301
CP040689	931676	TAG	FF952_04530	928932	2745	CDS		GTG	FF952_04530|CP040689_928932_931676_+3_GTG_914
CP040689	931874	TGA	FF952_04535	931695	180	CDS		GTG	FF952_04535|CP040689_931695_931874_+3_GTG_59
CP040689	935654	TAG	FF952_04545	935010	645	CDS		GTG	FF952_04545|CP040689_935010_935654_+3_GTG_214
CP040689	939546	TGA	FF952_04575	938776	771	CDS		GTG	FF952_04575|CP040689_938776_939546_+1_GTG_256
CP040689	940445	TAA	FF952_04580	939633	813	CDS		GTG	FF952_04580|CP040689_939633_940445_+3_GTG_270
CP040689	941724	TGA	FF952_04590	941461	264	CDS		ATG	FF952_04590|CP040689_941461_941724_+1_ATG_87
CP040689	941891	TGA	FF952_04595	941649	243	CDS		GTG	FF952_04595|CP040689_941649_941891_+3_GTG_80
CP040689	943460	TGA	FF952_04600	942168	1293	CDS		TTG	FF952_04600|CP040689_942168_943460_+3_TTG_430
CP040689	944448	TGA	FF952_04605	943444	1005	CDS		GTG	FF952_04605|CP040689_943444_944448_+1_GTG_334
CP040689	946523	TGA	FF952_04615	945246	1278	CDS		GTG	FF952_04615|CP040689_945246_946523_+3_GTG_425
CP040689	948791	TGA	FF952_04625	948399	393	CDS		GTG	FF952_04625|CP040689_948399_948791_+3_GTG_130
CP040689	950112	TAA	FF952_04630	948994	1119	CDS		GTG	FF952_04630|CP040689_948994_950112_+1_GTG_372
CP040689	951371	TGA	FF952_04635	950112	1260	CDS		ATG	FF952_04635|CP040689_950112_951371_+3_ATG_419
CP040689	951700	TAA	FF952_04640	951368	333	CDS		GTG	FF952_04640|CP040689_951368_951700_+2_GTG_110
CP040689	952758	GAT	FF952_04650	952663	96	CDS	true	TTG	FF952_04650_p|CP040689_952663_952758_+1_TTG_32
CP040689	953451	TGA	FF952_04655	952813	639	CDS		GTG	FF952_04655|CP040689_952813_953451_+1_GTG_212
CP040689	955682	TAG	FF952_04665	955239	444	CDS		ATG	FF952_04665|CP040689_955239_955682_+3_ATG_147
CP040689	956767	TAA	FF952_04670	955688	1080	CDS		GTG	FF952_04670|CP040689_955688_956767_+2_GTG_359
CP040689	957284	TGA	FF952_04675	956826	459	CDS		GTG	FF952_04675|CP040689_956826_957284_+3_GTG_152
CP040689	957785	TAG	FF952_04680	957312	474	CDS		GTG	FF952_04680|CP040689_957312_957785_+3_GTG_157
CP040689	960343	TAA	FF952_04690	959132	1212	CDS		ATG	FF952_04690|CP040689_959132_960343_+2_ATG_403
CP040689	962510	TGA	FF952_04695	960348	2163	CDS		ATG	FF952_04695|CP040689_960348_962510_+3_ATG_720
CP040689	966988	TAA	FF952_04715	966788	201	CDS		GTG	FF952_04715|CP040689_966788_966988_+2_GTG_66
CP040689	967501	TGA	FF952_04720	966998	504	CDS		ATG	FF952_04720|CP040689_966998_967501_+2_ATG_167
CP040689	967980	TGA	FF952_04725	967498	483	CDS		ATG	FF952_04725|CP040689_967498_967980_+1_ATG_160
CP040689	968402	TAA	FF952_04730	967977	426	CDS		ATG	FF952_04730|CP040689_967977_968402_+3_ATG_141
CP040689	972413	TAA	FF952_04755	972006	408	CDS		GTG	FF952_04755|CP040689_972006_972413_+3_GTG_135
CP040689	976574	TAG	FF952_04770	974622	1953	CDS		ATG	FF952_04770|CP040689_974622_976574_+3_ATG_650
CP040689	980980	TAG	FF952_04790	980192	789	CDS		GTG	FF952_04790|CP040689_980192_980980_+2_GTG_262
CP040689	983480	TGA	FF952_04805	983049	432	CDS		GTG	FF952_04805|CP040689_983049_983480_+3_GTG_143
CP040689	984343	TGA	FF952_04810	983477	867	CDS		GTG	FF952_04810|CP040689_983477_984343_+2_GTG_288
CP040689	984624	TAG	FF952_04815	984340	285	CDS		GTG	FF952_04815|CP040689_984340_984624_+1_GTG_94
CP040689	987899	TAG	FF952_04830	986877	1023	CDS		ATG	FF952_04830|CP040689_986877_987899_+3_ATG_340
CP040689	989645	TGA	FF952_04835	987918	1728	CDS		ATG	FF952_04835|CP040689_987918_989645_+3_ATG_575
CP040689	990650	TGA	FF952_04845	990384	267	CDS		ATG	FF952_04845|CP040689_990384_990650_+3_ATG_88
CP040689	992820	TGA	FF952_04850	991348	1473	CDS		ATG	FF952_04850|CP040689_991348_992820_+1_ATG_490
CP040689	997867	TAG	FF952_04870	997493	375	CDS		ATG	FF952_04870|CP040689_997493_997867_+2_ATG_124
CP040689	999455	TGA	FF952_04875	997968	1488	CDS		ATG	FF952_04875|CP040689_997968_999455_+3_ATG_495
CP040689	1001820	TGA	FF952_04885	1000639	1182	CDS		ATG	FF952_04885|CP040689_1000639_1001820_+1_ATG_393
CP040689	1003414	TAA	FF952_04890	1001897	1518	CDS		GTG	FF952_04890|CP040689_1001897_1003414_+2_GTG_505
CP040689	1004882	TAG	FF952_04895	1003587	1296	CDS		GTG	FF952_04895|CP040689_1003587_1004882_+3_GTG_431
CP040689	1007907	TAA	FF952_04910	1006927	981	CDS		GTG	FF952_04910|CP040689_1006927_1007907_+1_GTG_326
CP040689	1008072	TGA	FF952_04915	1007920	153	CDS		ATG	FF952_04915|CP040689_1007920_1008072_+1_ATG_50
CP040689	1008599	TGA	FF952_04920	1008072	528	CDS		ATG	FF952_04920|CP040689_1008072_1008599_+3_ATG_175
CP040689	1013053	TAA	FF952_04940	1012322	732	CDS		ATG	FF952_04940|CP040689_1012322_1013053_+2_ATG_243
CP040689	1014177	TAA	FF952_04945	1013059	1119	CDS	true	ATG	FF952_04945_p|CP040689_1013059_1014177_+1_ATG_372
CP040689	1015850	TGA	FF952_04950	1014300	1551	CDS		GTG	FF952_04950|CP040689_1014300_1015850_+3_GTG_516
CP040689	1018240	TAA	FF952_04955	1015847	2394	CDS		ATG	FF952_04955|CP040689_1015847_1018240_+2_ATG_797
CP040689	1018976	TAG	FF952_04960	1018797	180	CDS		ATG	FF952_04960|CP040689_1018797_1018976_+3_ATG_59
CP040689	1019416	TGA	FF952_04965	1018982	435	CDS		ATG	FF952_04965|CP040689_1018982_1019416_+2_ATG_144
CP040689	1020287	TAA	FF952_04970	1019514	774	CDS		GTG	FF952_04970|CP040689_1019514_1020287_+3_GTG_257
CP040689	1020801	TAG	FF952_04975	1020352	450	CDS		ATG	FF952_04975|CP040689_1020352_1020801_+1_ATG_149
CP040689	1027984	TGA	FF952_05005	1026203	1782	CDS		ATG	FF952_05005|CP040689_1026203_1027984_+2_ATG_593
CP040689	1028238	TGA	FF952_05010	1027981	258	CDS		ATG	FF952_05010|CP040689_1027981_1028238_+1_ATG_85
CP040689	1028803	TGA	FF952_05015	1028327	477	CDS		TTG	FF952_05015|CP040689_1028327_1028803_+2_TTG_158
CP040689	1029300	TGA	FF952_05020	1028800	501	CDS		GTG	FF952_05020|CP040689_1028800_1029300_+1_GTG_166
CP040689	1031801	TGA	FF952_05035	1031220	582	CDS		GTG	FF952_05035|CP040689_1031220_1031801_+3_GTG_193
CP040689	1033453	TGA	FF952_05040	1031801	1653	CDS		ATG	FF952_05040|CP040689_1031801_1033453_+2_ATG_550
CP040689	1040130	TGA	FF952_05070	1039018	1113	CDS		TTG	FF952_05070|CP040689_1039018_1040130_+1_TTG_370
CP040689	1041117	TGA	FF952_05075	1040143	975	CDS		GTG	FF952_05075|CP040689_1040143_1041117_+1_GTG_324
CP040689	1042028	TGA	FF952_05080	1041114	915	CDS		GTG	FF952_05080|CP040689_1041114_1042028_+3_GTG_304
CP040689	1046209	TGA	FF952_05095	1045379	831	CDS		ATG	FF952_05095|CP040689_1045379_1046209_+2_ATG_276
CP040689	1047354	TAG	FF952_05100	1046230	1125	CDS		GTG	FF952_05100|CP040689_1046230_1047354_+1_GTG_374
CP040689	1048430	TGA	FF952_05105	1047414	1017	CDS		ATG	FF952_05105|CP040689_1047414_1048430_+3_ATG_338
CP040689	1049337	TGA	FF952_05110	1048432	906	CDS	true	ATG	FF952_05110_p|CP040689_1048432_1049337_+1_ATG_301
CP040689	1052530	TGA	FF952_05120	1050251	2280	CDS		ATG	FF952_05120|CP040689_1050251_1052530_+2_ATG_759
CP040689	1054461	TAG	FF952_05125	1052527	1935	CDS		ATG	FF952_05125|CP040689_1052527_1054461_+1_ATG_644
CP040689	1056753	TAG	FF952_05140	1056475	279	CDS		TTG	FF952_05140|CP040689_1056475_1056753_+1_TTG_92
CP040689	1058356	TAG	FF952_05150	1057880	477	CDS		GTG	FF952_05150|CP040689_1057880_1058356_+2_GTG_158
CP040689	1059123	TAG	FF952_05155	1058362	762	CDS		ATG	FF952_05155|CP040689_1058362_1059123_+1_ATG_253
CP040689	1061756	TGA	FF952_05175	1061562	195	CDS		ATG	FF952_05175|CP040689_1061562_1061756_+3_ATG_64
CP040689	1064690	TGA	FF952_05185	1062375	2316	CDS		ATG	FF952_05185|CP040689_1062375_1064690_+3_ATG_771
CP040689	1067242	TGA	FF952_05195	1066079	1164	CDS		ATG	FF952_05195|CP040689_1066079_1067242_+2_ATG_387
CP040689	1068166	TAG	FF952_05200	1067264	903	CDS		ATG	FF952_05200|CP040689_1067264_1068166_+2_ATG_300
CP040689	1069261	TAA	FF952_05210	1069076	186	CDS		ATG	FF952_05210|CP040689_1069076_1069261_+2_ATG_61
CP040689	1070153	TAG	FF952_05215	1069242	912	CDS		ATG	FF952_05215|CP040689_1069242_1070153_+3_ATG_303
CP040689	1071560	TAA	FF952_05220	1070193	1368	CDS		GTG	FF952_05220|CP040689_1070193_1071560_+3_GTG_455
CP040689	1072323	TGA	FF952_05225	1071676	648	CDS		GTG	FF952_05225|CP040689_1071676_1072323_+1_GTG_215
CP040689	1073891	TGA	FF952_05230	1072320	1572	CDS		ATG	FF952_05230|CP040689_1072320_1073891_+3_ATG_523
CP040689	1075377	TAA	FF952_05235	1073998	1380	CDS		ATG	FF952_05235|CP040689_1073998_1075377_+1_ATG_459
CP040689	1077388	TAG	FF952_05240	1075370	2019	CDS		ATG	FF952_05240|CP040689_1075370_1077388_+2_ATG_672
CP040689	1077663	TGA	FF952_05245	1077442	222	CDS		ATG	FF952_05245|CP040689_1077442_1077663_+1_ATG_73
CP040689	1078043	TAG	FF952_05250	1077660	384	CDS		ATG	FF952_05250|CP040689_1077660_1078043_+3_ATG_127
CP040689	1078536	TGA	FF952_05255	1078189	348	CDS		GTG	FF952_05255|CP040689_1078189_1078536_+1_GTG_115
CP040689	1082445	TGA	FF952_05285	1082086	360	CDS		ATG	FF952_05285|CP040689_1082086_1082445_+1_ATG_119
CP040689	1082798	TGA	FF952_05290	1082502	297	CDS		ATG	FF952_05290|CP040689_1082502_1082798_+3_ATG_98
CP040689	1085166	TGA	FF952_05295	1082854	2313	CDS		ATG	FF952_05295|CP040689_1082854_1085166_+1_ATG_770
CP040689	1085795	TGA	FF952_05300	1085163	633	CDS		ATG	FF952_05300|CP040689_1085163_1085795_+3_ATG_210
CP040689	1097256	TGA	FF952_05335	1094485	2772	CDS		ATG	FF952_05335|CP040689_1094485_1097256_+1_ATG_923
CP040689	1098246	TAA	FF952_05340	1097365	882	CDS		ATG	FF952_05340|CP040689_1097365_1098246_+1_ATG_293
CP040689	1099183	TGA	FF952_05360	1099010	174	CDS		ATG	FF952_05360|CP040689_1099010_1099183_+2_ATG_57
CP040689	1101632	TGA	FF952_05375	1100946	687	CDS		GTG	FF952_05375|CP040689_1100946_1101632_+3_GTG_228
CP040689	1103146	TAG	FF952_05380	1101632	1515	CDS		ATG	FF952_05380|CP040689_1101632_1103146_+2_ATG_504
CP040689	1104584	TGA	FF952_05385	1103190	1395	CDS		ATG	FF952_05385|CP040689_1103190_1104584_+3_ATG_464
CP040689	1105129	TGA	FF952_05390	1104584	546	CDS		ATG	FF952_05390|CP040689_1104584_1105129_+2_ATG_181
CP040689	1106673	TGA	FF952_05400	1105927	747	CDS		ATG	FF952_05400|CP040689_1105927_1106673_+1_ATG_248
CP040689	1109233	TGA	FF952_05405	1106666	2568	CDS		ATG	FF952_05405|CP040689_1106666_1109233_+2_ATG_855
CP040689	1110400	TGA	FF952_05410	1109240	1161	CDS		ATG	FF952_05410|CP040689_1109240_1110400_+2_ATG_386
CP040689	1114316	TAG	FF952_05435	1113396	921	CDS		ATG	FF952_05435|CP040689_1113396_1114316_+3_ATG_306
CP040689	1115673	TGA	FF952_05440	1114393	1281	CDS		GTG	FF952_05440|CP040689_1114393_1115673_+1_GTG_426
CP040689	1116347	TAA	FF952_05445	1115736	612	CDS		ATG	FF952_05445|CP040689_1115736_1116347_+3_ATG_203
CP040689	1117584	TAG	FF952_05450	1116508	1077	CDS		ATG	FF952_05450|CP040689_1116508_1117584_+1_ATG_358
CP040689	1117988	TGA	FF952_05460	1117758	231	CDS		GTG	FF952_05460|CP040689_1117758_1117988_+3_GTG_76
CP040689	1118236	TAG	FF952_05465	1117985	252	CDS		ATG	FF952_05465|CP040689_1117985_1118236_+2_ATG_83
CP040689	1119873	TGA	FF952_05480	1118872	1002	CDS		TTG	FF952_05480|CP040689_1118872_1119873_+1_TTG_333
CP040689	1120649	TGA	FF952_05485	1119891	759	CDS		GTG	FF952_05485|CP040689_1119891_1120649_+3_GTG_252
CP040689	1122517	TAG	FF952_05495	1121309	1209	CDS		GTG	FF952_05495|CP040689_1121309_1122517_+2_GTG_402
CP040689	1125003	TAG	FF952_05505	1124146	858	CDS		ATG	FF952_05505|CP040689_1124146_1125003_+1_ATG_285
CP040689	1129541	TAG	FF952_05520	1127838	1704	CDS		ATG	FF952_05520|CP040689_1127838_1129541_+3_ATG_567
CP040689	1132007	TGA	FF952_05530	1131213	795	CDS		TTG	FF952_05530|CP040689_1131213_1132007_+3_TTG_264
CP040689	1133303	TGA	FF952_05535	1132215	1089	CDS		ATG	FF952_05535|CP040689_1132215_1133303_+3_ATG_362
CP040689	1134229	TGA	FF952_05540	1133276	954	CDS		ATG	FF952_05540|CP040689_1133276_1134229_+2_ATG_317
CP040689	1135235	TGA	FF952_05545	1134315	921	CDS		GTG	FF952_05545|CP040689_1134315_1135235_+3_GTG_306
CP040689	1135546	TGA	FF952_05550	1135232	315	CDS		GTG	FF952_05550|CP040689_1135232_1135546_+2_GTG_104
CP040689	1137384	TAA	FF952_05560	1135750	1635	CDS		TTG	FF952_05560|CP040689_1135750_1137384_+1_TTG_544
CP040689	1143033	TAG	FF952_05595	1142440	594	CDS		ATG	FF952_05595|CP040689_1142440_1143033_+1_ATG_197
CP040689	1146796	TGA	FF952_05600	1143092	3705	CDS		ATG	FF952_05600|CP040689_1143092_1146796_+2_ATG_1234
CP040689	1147773	TAA	FF952_05605	1146796	978	CDS		ATG	FF952_05605|CP040689_1146796_1147773_+1_ATG_325
CP040689	1148592	TAG	FF952_05610	1147861	732	CDS		GTG	FF952_05610|CP040689_1147861_1148592_+1_GTG_243
CP040689	1149978	TAG	FF952_05615	1148689	1290	CDS		GTG	FF952_05615|CP040689_1148689_1149978_+1_GTG_429
CP040689	1150669	TGA	FF952_05620	1149983	687	CDS		ATG	FF952_05620|CP040689_1149983_1150669_+2_ATG_228
CP040689	1151153	TAA	FF952_05625	1150686	468	CDS		GTG	FF952_05625|CP040689_1150686_1151153_+3_GTG_155
CP040689	1152103	TAA	FF952_05630	1151144	960	CDS		GTG	FF952_05630|CP040689_1151144_1152103_+2_GTG_319
CP040689	1152555	TAG	FF952_05635	1152343	213	CDS		GTG	FF952_05635|CP040689_1152343_1152555_+1_GTG_70
CP040689	1156046	TGA	FF952_05650	1155900	147	CDS		ATG	FF952_05650|CP040689_1155900_1156046_+3_ATG_48
CP040689	1156135	TGA	FF952_05655	1156043	93	CDS		ATG	FF952_05655|CP040689_1156043_1156135_+2_ATG_30
CP040689	1157850	TGA	FF952_05660	1156135	1716	CDS		ATG	FF952_05660|CP040689_1156135_1157850_+1_ATG_571
CP040689	1159976	TGA	FF952_05665	1157847	2130	CDS		GTG	FF952_05665|CP040689_1157847_1159976_+3_GTG_709
CP040689	1160545	TGA	FF952_05670	1159976	570	CDS		ATG	FF952_05670|CP040689_1159976_1160545_+2_ATG_189
CP040689	1168308	TGA	FF952_05710	1168060	249	CDS		GTG	FF952_05710|CP040689_1168060_1168308_+1_GTG_82
CP040689	1171800	TGA	FF952_05735	1171177	624	CDS		TTG	FF952_05735|CP040689_1171177_1171800_+1_TTG_207
CP040689	1172678	TGA	FF952_05740	1171797	882	CDS		GTG	FF952_05740|CP040689_1171797_1172678_+3_GTG_293
CP040689	1174795	TAG	FF952_05750	1173548	1248	CDS		ATG	FF952_05750|CP040689_1173548_1174795_+2_ATG_415
CP040689	1176957	TGA	FF952_05765	1176511	447	CDS		ATG	FF952_05765|CP040689_1176511_1176957_+1_ATG_148
CP040689	1177911	TGA	FF952_05770	1177006	906	CDS		ATG	FF952_05770|CP040689_1177006_1177911_+1_ATG_301
CP040689	1179995	TGA	FF952_05785	1179813	183	CDS		GTG	FF952_05785|CP040689_1179813_1179995_+3_GTG_60
CP040689	1180610	TAG	FF952_05790	1179986	625	CDS	true	ATG	FF952_05790_p|CP040689_1179986_1180610_+2_ATG_208
CP040689	1181029	TGA	FF952_05795	1180691	339	CDS		GTG	FF952_05795|CP040689_1180691_1181029_+2_GTG_112
CP040689	1181367	TGA	FF952_05800	1181053	315	CDS		GTG	FF952_05800|CP040689_1181053_1181367_+1_GTG_104
CP040689	1181498	TGA	FF952_05805	1181304	195	CDS		ATC	FF952_05805|CP040689_1181304_1181498_+3_ATC_64
CP040689	1182517	TAG	FF952_05815	1181753	765	CDS		ATG	FF952_05815|CP040689_1181753_1182517_+2_ATG_254
CP040689	1184702	TAG	FF952_05825	1183521	1182	CDS		ATG	FF952_05825|CP040689_1183521_1184702_+3_ATG_393
CP040689	1186440	TGA	FF952_05830	1184809	1632	CDS		ATG	FF952_05830|CP040689_1184809_1186440_+1_ATG_543
CP040689	1187580	TAG	FF952_05835	1186516	1065	CDS		GTG	FF952_05835|CP040689_1186516_1187580_+1_GTG_354
CP040689	1188106	TGA	FF952_05840	1187633	474	CDS		ATG	FF952_05840|CP040689_1187633_1188106_+2_ATG_157
CP040689	1189003	TGA	FF952_05845	1188140	864	CDS		ATG	FF952_05845|CP040689_1188140_1189003_+2_ATG_287
CP040689	1189865	TGA	FF952_05850	1189008	858	CDS		GTG	FF952_05850|CP040689_1189008_1189865_+3_GTG_285
CP040689	1192126	TGA	FF952_05865	1191560	567	CDS		GTG	FF952_05865|CP040689_1191560_1192126_+2_GTG_188
CP040689	1192518	TAG	FF952_05870	1192123	396	CDS		ATG	FF952_05870|CP040689_1192123_1192518_+1_ATG_131
CP040689	1199498	TAG	FF952_05895	1198662	837	CDS		GTG	FF952_05895|CP040689_1198662_1199498_+3_GTG_278
CP040689	1200465	TGA	FF952_05900	1199614	852	CDS		ATG	FF952_05900|CP040689_1199614_1200465_+1_ATG_283
CP040689	1204043	TAG	FF952_05915	1203150	894	CDS		GTG	FF952_05915|CP040689_1203150_1204043_+3_GTG_297
CP040689	1205494	TAG	FF952_05920	1204100	1395	CDS		ATG	FF952_05920|CP040689_1204100_1205494_+2_ATG_464
CP040689	1206418	TGA	FF952_05925	1205696	723	CDS		ATG	FF952_05925|CP040689_1205696_1206418_+2_ATG_240
CP040689	1207616	TAA	FF952_05930	1206450	1167	CDS		ATG	FF952_05930|CP040689_1206450_1207616_+3_ATG_388
CP040689	1209769	TGA	FF952_05945	1208903	867	CDS		GTG	FF952_05945|CP040689_1208903_1209769_+2_GTG_288
CP040689	1210032	TAA	FF952_05950	1209766	267	CDS		GTG	FF952_05950|CP040689_1209766_1210032_+1_GTG_88
CP040689	1212040	TAG	FF952_05955	1210019	2022	CDS		ATG	FF952_05955|CP040689_1210019_1212040_+2_ATG_673
CP040689	1213766	TGA	FF952_05965	1212978	789	CDS		GTG	FF952_05965|CP040689_1212978_1213766_+3_GTG_262
CP040689	1216411	TAG	FF952_05975	1213943	2469	CDS		ATG	FF952_05975|CP040689_1213943_1216411_+2_ATG_822
CP040689	1216908	TAA	FF952_05980	1216588	321	CDS		TTG	FF952_05980|CP040689_1216588_1216908_+1_TTG_106
CP040689	1217495	TAG	FF952_05985	1217061	435	CDS		ATG	FF952_05985|CP040689_1217061_1217495_+3_ATG_144
CP040689	1217761	TAA	FF952_05990	1217573	189	CDS		ATG	FF952_05990|CP040689_1217573_1217761_+2_ATG_62
CP040689	1217955	TAG	FF952_05995	1217773	183	CDS		GTG	FF952_05995|CP040689_1217773_1217955_+1_GTG_60
CP040689	1218169	TGA	FF952_06000	1218065	105	CDS		ATG	FF952_06000|CP040689_1218065_1218169_+2_ATG_34
CP040689	1218602	TAA	FF952_06005	1218147	456	CDS		GTG	FF952_06005|CP040689_1218147_1218602_+3_GTG_151
CP040689	1221587	TAG	FF952_06010	1219017	2571	CDS		ATG	FF952_06010|CP040689_1219017_1221587_+3_ATG_856
CP040689	1224411	TGA	FF952_06020	1223131	1281	CDS		ATG	FF952_06020|CP040689_1223131_1224411_+1_ATG_426
CP040689	1225343	TAG	FF952_06025	1224516	828	CDS		ATG	FF952_06025|CP040689_1224516_1225343_+3_ATG_275
CP040689	1226855	TGA	FF952_06030	1225554	1302	CDS		GTG	FF952_06030|CP040689_1225554_1226855_+3_GTG_433
CP040689	1227036	TAG	FF952_06035	1226791	246	CDS		GTG	FF952_06035|CP040689_1226791_1227036_+1_GTG_81
CP040689	1227817	TAA	FF952_06040	1226942	876	CDS		GTG	FF952_06040|CP040689_1226942_1227817_+2_GTG_291
CP040689	1231941	TAG	FF952_06060	1231240	702	CDS		ATG	FF952_06060|CP040689_1231240_1231941_+1_ATG_233
CP040689	1235383	TGA	FF952_06080	1233858	1526	CDS	true	ATG	FF952_06080_p|CP040689_1233858_1235383_+3_ATG_508
CP040689	1239749	TGA	FF952_06105	1238742	1008	CDS		ATG	FF952_06105|CP040689_1238742_1239749_+3_ATG_335
CP040689	1241885	TAG	FF952_06115	1240812	1074	CDS		GTG	FF952_06115|CP040689_1240812_1241885_+3_GTG_357
CP040689	1242170	TGA	FF952_06120	1241973	198	CDS		ATG	FF952_06120|CP040689_1241973_1242170_+3_ATG_65
CP040689	1242541	TGA	FF952_06125	1242167	375	CDS		GTG	FF952_06125|CP040689_1242167_1242541_+2_GTG_124
CP040689	1243442	TAG	FF952_06130	1242744	699	CDS		GTG	FF952_06130|CP040689_1242744_1243442_+3_GTG_232
CP040689	1243745	TGA	FF952_06135	1243560	186	CDS		ATG	FF952_06135|CP040689_1243560_1243745_+3_ATG_61
CP040689	1244513	TAA	FF952_06145	1244190	324	CDS		ATG	FF952_06145|CP040689_1244190_1244513_+3_ATG_107
CP040689	1247664	TGA	FF952_06160	1246264	1401	CDS		TTG	FF952_06160|CP040689_1246264_1247664_+1_TTG_466
CP040689	1248708	TAA	FF952_06165	1247686	1023	CDS		ATG	FF952_06165|CP040689_1247686_1248708_+1_ATG_340
CP040689	1250634	TGA	FF952_06175	1249684	951	CDS		ATG	FF952_06175|CP040689_1249684_1250634_+1_ATG_316
CP040689	1251883	TGA	FF952_06180	1250639	1245	CDS		GTG	FF952_06180|CP040689_1250639_1251883_+2_GTG_414
CP040689	1258692	TGA	FF952_06205	1257112	1581	CDS		GTG	FF952_06205|CP040689_1257112_1258692_+1_GTG_526
CP040689	1259870	TAG	FF952_06210	1258689	1182	CDS		ATG	FF952_06210|CP040689_1258689_1259870_+3_ATG_393
CP040689	1261612	TAG	FF952_06215	1259882	1731	CDS		ATG	FF952_06215|CP040689_1259882_1261612_+2_ATG_576
CP040689	1264715	TAA	FF952_06225	1264479	237	CDS		ATG	FF952_06225|CP040689_1264479_1264715_+3_ATG_78
CP040689	1267113	TGA	FF952_06235	1266871	243	CDS		ATG	FF952_06235|CP040689_1266871_1267113_+1_ATG_80
CP040689	1267504	TAA	FF952_06240	1267110	395	CDS	true	GTG	FF952_06240_p|CP040689_1267110_1267504_+3_GTG_131
CP040689	1267995	TGA	FF952_06245	1267654	342	CDS		GTG	FF952_06245|CP040689_1267654_1267995_+1_GTG_113
CP040689	1270752	TGA	FF952_06265	1269904	849	CDS		ATG	FF952_06265|CP040689_1269904_1270752_+1_ATG_282
CP040689	1273701	TAG	FF952_06280	1272619	1083	CDS		ATG	FF952_06280|CP040689_1272619_1273701_+1_ATG_360
CP040689	1274466	TAA	FF952_06285	1273714	753	CDS		ATG	FF952_06285|CP040689_1273714_1274466_+1_ATG_250
CP040689	1274921	TAA	FF952_06295	1274694	228	CDS		ATG	FF952_06295|CP040689_1274694_1274921_+3_ATG_75
CP040689	1277326	TGA	FF952_06300	1274981	2346	CDS		ATG	FF952_06300|CP040689_1274981_1277326_+2_ATG_781
CP040689	1278109	TAG	FF952_06305	1277459	651	CDS		ATG	FF952_06305|CP040689_1277459_1278109_+2_ATG_216
CP040689	1281380	TAG	FF952_06325	1280453	928	CDS	true	GTG	FF952_06325_p|CP040689_1280453_1281380_+2_GTG_309
CP040689	1282580	TGA	FF952_06335	1282215	366	CDS		GTG	FF952_06335|CP040689_1282215_1282580_+3_GTG_121
CP040689	1284432	TAA	FF952_06350	1283989	444	CDS		ATG	FF952_06350|CP040689_1283989_1284432_+1_ATG_147
CP040689	1284778	TAG	FF952_06355	1284590	189	CDS		ATG	FF952_06355|CP040689_1284590_1284778_+2_ATG_62
CP040689	1285453	TGA	FF952_06360	1284866	588	CDS		GTG	FF952_06360|CP040689_1284866_1285453_+2_GTG_195
CP040689	1285596	TGA	FF952_06365	1285450	147	CDS		GTG	FF952_06365|CP040689_1285450_1285596_+1_GTG_48
CP040689	1288847	TAG	FF952_06380	1287552	1296	CDS		ATG	FF952_06380|CP040689_1287552_1288847_+3_ATG_431
CP040689	1289580	TAG	FF952_06390	1289155	426	CDS		ATG	FF952_06390|CP040689_1289155_1289580_+1_ATG_141
CP040689	1293586	TGA	FF952_06395	1289888	3699	CDS		GTG	FF952_06395|CP040689_1289888_1293586_+2_GTG_1232
CP040689	1295301	TGA	FF952_06400	1293625	1677	CDS		ATG	FF952_06400|CP040689_1293625_1295301_+1_ATG_558
CP040689	1295963	TGA	FF952_06405	1295358	606	CDS		GTG	FF952_06405|CP040689_1295358_1295963_+3_GTG_201
CP040689	1296706	TAG	FF952_06410	1295966	741	CDS		TTG	FF952_06410|CP040689_1295966_1296706_+2_TTG_246
CP040689	1298614	TAG	FF952_06415	1296728	1887	CDS		GTG	FF952_06415|CP040689_1296728_1298614_+2_GTG_628
CP040689	1300619	TAG	FF952_06420	1298712	1908	CDS		ATG	FF952_06420|CP040689_1298712_1300619_+3_ATG_635
CP040689	1303775	TAG	FF952_06440	1302864	912	CDS		ATG	FF952_06440|CP040689_1302864_1303775_+3_ATG_303
CP040689	1304307	TAG	FF952_06445	1303867	441	CDS		GTG	FF952_06445|CP040689_1303867_1304307_+1_GTG_146
CP040689	1308061	TAG	FF952_06455	1305491	2571	CDS		GTG	FF952_06455|CP040689_1305491_1308061_+2_GTG_856
CP040689	1311891	TGA	FF952_06475	1311565	327	CDS		GTG	FF952_06475|CP040689_1311565_1311891_+1_GTG_108
CP040689	1313012	TAG	FF952_06480	1311924	1089	CDS		GTG	FF952_06480|CP040689_1311924_1313012_+3_GTG_362
CP040689	1322543	TGA	FF952_06490	1316286	6258	CDS		GTG	FF952_06490|CP040689_1316286_1322543_+3_GTG_2085
CP040689	1324014	TGA	FF952_06495	1322596	1419	CDS		ATG	FF952_06495|CP040689_1322596_1324014_+1_ATG_472
CP040689	1327089	TAG	FF952_06500	1324081	3009	CDS		GTG	FF952_06500|CP040689_1324081_1327089_+1_GTG_1002
CP040689	1333582	TGA	FF952_06520	1331951	1632	CDS		ATG	FF952_06520|CP040689_1331951_1333582_+2_ATG_543
CP040689	1334571	TGA	FF952_06525	1333582	990	CDS	true	ATG	FF952_06525_p|CP040689_1333582_1334571_+1_ATG_329
CP040689	1335525	TAG	FF952_06530	1334653	873	CDS		ATG	FF952_06530|CP040689_1334653_1335525_+1_ATG_290
CP040689	1336419	TGA	FF952_06535	1335541	879	CDS		ATG	FF952_06535|CP040689_1335541_1336419_+1_ATG_292
CP040689	1337406	TGA	FF952_06540	1336492	915	CDS		ATG	FF952_06540|CP040689_1336492_1337406_+1_ATG_304
CP040689	1338315	TGA	FF952_06545	1337488	828	CDS		ATG	FF952_06545|CP040689_1337488_1338315_+1_ATG_275
CP040689	1339776	TGA	FF952_06550	1338355	1422	CDS		GTG	FF952_06550|CP040689_1338355_1339776_+1_GTG_473
CP040689	1341863	TAA	FF952_06565	1341564	300	CDS		GTG	FF952_06565|CP040689_1341564_1341863_+3_GTG_99
CP040689	1343085	TAG	FF952_06570	1341910	1176	CDS		ATG	FF952_06570|CP040689_1341910_1343085_+1_ATG_391
CP040689	1343516	TAA	FF952_06575	1343220	297	CDS		ATG	FF952_06575|CP040689_1343220_1343516_+3_ATG_98
CP040689	1343851	TGA	FF952_06580	1343567	285	CDS		ATG	FF952_06580|CP040689_1343567_1343851_+2_ATG_94
CP040689	1345294	TGA	FF952_06590	1345166	129	CDS		TTG	FF952_06590|CP040689_1345166_1345294_+2_TTG_42
CP040689	1346780	TAG	FF952_06595	1345503	1278	CDS		ATG	FF952_06595|CP040689_1345503_1346780_+3_ATG_425
CP040689	1348885	TAG	FF952_06605	1347821	1065	CDS		GTG	FF952_06605|CP040689_1347821_1348885_+2_GTG_354
CP040689	1351840	TGA	FF952_06620	1351277	564	CDS		ATG	FF952_06620|CP040689_1351277_1351840_+2_ATG_187
CP040689	1353683	TAG	FF952_06625	1351890	1794	CDS		GTG	FF952_06625|CP040689_1351890_1353683_+3_GTG_597
CP040689	1354705	TGA	FF952_06630	1353749	957	CDS		GTG	FF952_06630|CP040689_1353749_1354705_+2_GTG_318
CP040689	1355676	TGA	FF952_06635	1354702	975	CDS		ATG	FF952_06635|CP040689_1354702_1355676_+1_ATG_324
CP040689	1356083	TGA	FF952_06640	1355715	369	CDS		GTG	FF952_06640|CP040689_1355715_1356083_+3_GTG_122
CP040689	1356694	TGA	FF952_06645	1356080	615	CDS		GTG	FF952_06645|CP040689_1356080_1356694_+2_GTG_204
CP040689	1357028	TAA	FF952_06650	1356801	228	CDS		ATG	FF952_06650|CP040689_1356801_1357028_+3_ATG_75
CP040689	1359608	TAG	FF952_06660	1358394	1215	CDS		ATG	FF952_06660|CP040689_1358394_1359608_+3_ATG_404
CP040689	1367744	TGA	FF952_06700	1366971	774	CDS		ATG	FF952_06700|CP040689_1366971_1367744_+3_ATG_257
CP040689	1367902	TGA	FF952_06705	1367714	189	CDS		GTG	FF952_06705|CP040689_1367714_1367902_+2_GTG_62
CP040689	1368366	TAG	FF952_06710	1367902	465	CDS		ATG	FF952_06710|CP040689_1367902_1368366_+1_ATG_154
CP040689	1370021	TAG	FF952_06715	1368435	1587	CDS		GTG	FF952_06715|CP040689_1368435_1370021_+3_GTG_528
CP040689	1370418	TAG	FF952_06720	1370023	396	CDS		GTG	FF952_06720|CP040689_1370023_1370418_+1_GTG_131
CP040689	1374037	TGA	FF952_06740	1373480	558	CDS		ATG	FF952_06740|CP040689_1373480_1374037_+2_ATG_185
CP040689	1374262	TAG	FF952_06745	1374089	174	CDS		TTG	FF952_06745|CP040689_1374089_1374262_+2_TTG_57
CP040689	1380063	TGA	FF952_06775	1379536	528	CDS		ATG	FF952_06775|CP040689_1379536_1380063_+1_ATG_175
CP040689	1381490	TGA	FF952_06780	1380084	1407	CDS		GTG	FF952_06780|CP040689_1380084_1381490_+3_GTG_468
CP040689	1382410	TGA	FF952_06785	1381487	924	CDS		GTG	FF952_06785|CP040689_1381487_1382410_+2_GTG_307
CP040689	1383239	TAG	FF952_06790	1382415	825	CDS		GTG	FF952_06790|CP040689_1382415_1383239_+3_GTG_274
CP040689	1384425	TAA	FF952_06795	1383244	1182	CDS		ATG	FF952_06795|CP040689_1383244_1384425_+1_ATG_393
CP040689	1386762	TGA	FF952_06805	1385773	990	CDS		GTG	FF952_06805|CP040689_1385773_1386762_+1_GTG_329
CP040689	1387098	TGA	FF952_06810	1386838	261	CDS		ATG	FF952_06810|CP040689_1386838_1387098_+1_ATG_86
CP040689	1387526	TAA	FF952_06815	1387095	432	CDS		GTG	FF952_06815|CP040689_1387095_1387526_+3_GTG_143
CP040689	1390277	TGA	FF952_06830	1389417	861	CDS		GTG	FF952_06830|CP040689_1389417_1390277_+3_GTG_286
CP040689	1398478	TAA	FF952_06860	1396739	1740	CDS		ATG	FF952_06860|CP040689_1396739_1398478_+2_ATG_579
CP040689	1404221	TGA	FF952_06875	1402530	1692	CDS		ATG	FF952_06875|CP040689_1402530_1404221_+3_ATG_563
CP040689	1405369	TAG	FF952_06880	1404218	1152	CDS		ATG	FF952_06880|CP040689_1404218_1405369_+2_ATG_383
CP040689	1410700	TGA	FF952_06900	1409801	900	CDS		ATG	FF952_06900|CP040689_1409801_1410700_+2_ATG_299
CP040689	1411652	TGA	FF952_06905	1410669	984	CDS		GTG	FF952_06905|CP040689_1410669_1411652_+3_GTG_327
CP040689	1411809	TGA	FF952_06910	1411516	294	CDS		ATG	FF952_06910|CP040689_1411516_1411809_+1_ATG_97
CP040689	1414270	TGA	FF952_06925	1412882	1389	CDS		GTG	FF952_06925|CP040689_1412882_1414270_+2_GTG_462
CP040689	1415538	TAG	FF952_06930	1414345	1194	CDS		GTG	FF952_06930|CP040689_1414345_1415538_+1_GTG_397
CP040689	1416391	TAA	FF952_06935	1415711	681	CDS		ATG	FF952_06935|CP040689_1415711_1416391_+2_ATG_226
CP040689	1431586	TGA	FF952_06995	1431029	558	CDS		GTG	FF952_06995|CP040689_1431029_1431586_+2_GTG_185
CP040689	1432125	TAG	FF952_07000	1431583	543	CDS		ATG	FF952_07000|CP040689_1431583_1432125_+1_ATG_180
CP040689	1432344	TAG	FF952_07005	1432165	180	CDS		TTG	FF952_07005|CP040689_1432165_1432344_+1_TTG_59
CP040689	1434249	TGA	FF952_07015	1432996	1254	CDS		GTG	FF952_07015|CP040689_1432996_1434249_+1_GTG_417
CP040689	1436873	TGA	FF952_07020	1434246	2628	CDS		GTG	FF952_07020|CP040689_1434246_1436873_+3_GTG_875
CP040689	1438480	TGA	FF952_07025	1436894	1587	CDS		ATG	FF952_07025|CP040689_1436894_1438480_+2_ATG_528
CP040689	1444647	TAG	FF952_07050	1444156	492	CDS		GTG	FF952_07050|CP040689_1444156_1444647_+1_GTG_163
CP040689	1445739	TGA	FF952_07055	1444741	999	CDS		ATG	FF952_07055|CP040689_1444741_1445739_+1_ATG_332
CP040689	1447583	TAG	FF952_07060	1445739	1845	CDS		ATG	FF952_07060|CP040689_1445739_1447583_+3_ATG_614
CP040689	1448122	TAG	FF952_07065	1447637	486	CDS		ATG	FF952_07065|CP040689_1447637_1448122_+2_ATG_161
CP040689	1449550	TAG	FF952_07070	1448180	1371	CDS		ATG	FF952_07070|CP040689_1448180_1449550_+2_ATG_456
CP040689	1450231	TAA	FF952_07075	1449599	633	CDS		ATG	FF952_07075|CP040689_1449599_1450231_+2_ATG_210
CP040689	1452260	TGA	FF952_07085	1451946	315	CDS		GTG	FF952_07085|CP040689_1451946_1452260_+3_GTG_104
CP040689	1454919	TGA	FF952_07100	1453267	1653	CDS		GTG	FF952_07100|CP040689_1453267_1454919_+1_GTG_550
CP040689	1456259	TGA	FF952_07105	1454916	1344	CDS		GTG	FF952_07105|CP040689_1454916_1456259_+3_GTG_447
CP040689	1457588	TGA	FF952_07110	1456263	1326	CDS		GTG	FF952_07110|CP040689_1456263_1457588_+3_GTG_441
CP040689	1458667	TAG	FF952_07115	1457585	1083	CDS		ATG	FF952_07115|CP040689_1457585_1458667_+2_ATG_360
CP040689	1458891	TGA	FF952_07120	1458667	225	CDS		GTG	FF952_07120|CP040689_1458667_1458891_+1_GTG_74
CP040689	1459835	TAA	FF952_07125	1458885	951	CDS		ATG	FF952_07125|CP040689_1458885_1459835_+3_ATG_316
CP040689	1460095	TGA	FF952_07130	1459988	108	CDS		ATG	FF952_07130|CP040689_1459988_1460095_+2_ATG_35
CP040689	1461900	TGA	FF952_07135	1460092	1809	CDS		GTG	FF952_07135|CP040689_1460092_1461900_+1_GTG_602
CP040689	1462293	TAG	FF952_07145	1462051	243	CDS		ATG	FF952_07145|CP040689_1462051_1462293_+1_ATG_80
CP040689	1463456	TGA	FF952_07150	1462383	1074	CDS		ATG	FF952_07150|CP040689_1462383_1463456_+3_ATG_357
CP040689	1464430	TGA	FF952_07155	1463453	978	CDS		ATG	FF952_07155|CP040689_1463453_1464430_+2_ATG_325
CP040689	1465099	TAG	FF952_07160	1464446	654	CDS		TTG	FF952_07160|CP040689_1464446_1465099_+2_TTG_217
CP040689	1466397	TAG	FF952_07165	1465183	1215	CDS		GTG	FF952_07165|CP040689_1465183_1466397_+1_GTG_404
CP040689	1467139	TGA	FF952_07170	1466654	486	CDS		GTG	FF952_07170|CP040689_1466654_1467139_+2_GTG_161
CP040689	1467884	TAG	FF952_07175	1467132	753	CDS		ATG	FF952_07175|CP040689_1467132_1467884_+3_ATG_250
CP040689	1468178	TAA	FF952_07180	1467933	246	CDS		ATG	FF952_07180|CP040689_1467933_1468178_+3_ATG_81
CP040689	1468724	TAA	FF952_07185	1468209	516	CDS		ATG	FF952_07185|CP040689_1468209_1468724_+3_ATG_171
CP040689	1470071	TGA	FF952_07190	1468731	1341	CDS		ATG	FF952_07190|CP040689_1468731_1470071_+3_ATG_446
CP040689	1471765	TAG	FF952_07195	1470116	1650	CDS		ATG	FF952_07195|CP040689_1470116_1471765_+2_ATG_549
CP040689	1472689	TAG	FF952_07200	1471772	918	CDS		ATG	FF952_07200|CP040689_1471772_1472689_+2_ATG_305
CP040689	1474189	TGA	FF952_07205	1472729	1461	CDS		ATG	FF952_07205|CP040689_1472729_1474189_+2_ATG_486
CP040689	1474568	TAA	FF952_07210	1474203	366	CDS		ATG	FF952_07210|CP040689_1474203_1474568_+3_ATG_121
CP040689	1475019	TGA	FF952_07215	1474576	444	CDS		ATG	FF952_07215|CP040689_1474576_1475019_+1_ATG_147
CP040689	1478464	TAG	FF952_07230	1477208	1257	CDS		GTG	FF952_07230|CP040689_1477208_1478464_+2_GTG_418
CP040689	1491846	TGA	FF952_07275	1491175	672	CDS		GTG	FF952_07275|CP040689_1491175_1491846_+1_GTG_223
CP040689	1492165	TAG	FF952_07280	1491869	297	CDS		ATG	FF952_07280|CP040689_1491869_1492165_+2_ATG_98
CP040689	1493918	TAG	FF952_07290	1492737	1182	CDS		ATA	FF952_07290|CP040689_1492737_1493918_+3_ATA_393
CP040689	1494962	TGA	FF952_07295	1494048	915	CDS		GTG	FF952_07295|CP040689_1494048_1494962_+3_GTG_304
CP040689	1504042	TGA	FF952_07315	1501451	2592	CDS		GTG	FF952_07315|CP040689_1501451_1504042_+2_GTG_863
CP040689	1507853	TGA	FF952_07330	1507548	306	CDS		ATG	FF952_07330|CP040689_1507548_1507853_+3_ATG_101
CP040689	1508469	TGA	FF952_07335	1507813	657	CDS		ATG	FF952_07335|CP040689_1507813_1508469_+1_ATG_218
CP040689	1509520	TGA	FF952_07340	1508486	1035	CDS		ATG	FF952_07340|CP040689_1508486_1509520_+2_ATG_344
CP040689	1509968	TGA	FF952_07345	1509528	441	CDS		GTG	FF952_07345|CP040689_1509528_1509968_+3_GTG_146
CP040689	1510271	TGA	FF952_07350	1509990	282	CDS		ATG	FF952_07350|CP040689_1509990_1510271_+3_ATG_93
CP040689	1511252	TGA	FF952_07355	1510281	972	CDS		ATG	FF952_07355|CP040689_1510281_1511252_+3_ATG_323
CP040689	1511965	TGA	FF952_07360	1511243	723	CDS		ATG	FF952_07360|CP040689_1511243_1511965_+2_ATG_240
CP040689	1512777	TAG	FF952_07365	1511962	816	CDS		ATG	FF952_07365|CP040689_1511962_1512777_+1_ATG_271
CP040689	1513625	TAG	FF952_07370	1512804	822	CDS		ATG	FF952_07370|CP040689_1512804_1513625_+3_ATG_273
CP040689	1514421	TGA	FF952_07375	1513642	780	CDS		GTG	FF952_07375|CP040689_1513642_1514421_+1_GTG_259
CP040689	1515074	TAA	FF952_07380	1514460	615	CDS		GTG	FF952_07380|CP040689_1514460_1515074_+3_GTG_204
CP040689	1516175	TGA	FF952_07395	1515855	321	CDS		ATG	FF952_07395|CP040689_1515855_1516175_+3_ATG_106
CP040689	1517733	TGA	FF952_07400	1516168	1566	CDS		ATG	FF952_07400|CP040689_1516168_1517733_+1_ATG_521
CP040689	1518893	TAG	FF952_07405	1517733	1161	CDS		ATG	FF952_07405|CP040689_1517733_1518893_+3_ATG_386
CP040689	1522513	TGA	FF952_07420	1519934	2580	CDS		ATG	FF952_07420|CP040689_1519934_1522513_+2_ATG_859
CP040689	1524249	TAA	FF952_07425	1522510	1740	CDS		ATG	FF952_07425|CP040689_1522510_1524249_+1_ATG_579
CP040689	1525121	TGA	FF952_07435	1524378	744	CDS		ATG	FF952_07435|CP040689_1524378_1525121_+3_ATG_247
CP040689	1525447	TGA	FF952_07440	1525118	330	CDS		ATG	FF952_07440|CP040689_1525118_1525447_+2_ATG_109
CP040689	1526021	TAG	FF952_07450	1525650	372	CDS		ATG	FF952_07450|CP040689_1525650_1526021_+3_ATG_123
CP040689	1536978	TAG	FF952_07480	1533499	3480	CDS		ATG	FF952_07480|CP040689_1533499_1536978_+1_ATG_1159
CP040689	1537812	TGA	FF952_07485	1537060	753	CDS		ATG	FF952_07485|CP040689_1537060_1537812_+1_ATG_250
CP040689	1539257	TGA	FF952_07495	1538235	1023	CDS		ATG	FF952_07495|CP040689_1538235_1539257_+3_ATG_340
CP040689	1546098	TGA	FF952_07525	1545277	822	CDS		GTG	FF952_07525|CP040689_1545277_1546098_+1_GTG_273
CP040689	1546327	TAG	FF952_07530	1546067	261	CDS		ATG	FF952_07530|CP040689_1546067_1546327_+2_ATG_86
CP040689	1548692	TAA	FF952_07540	1547907	786	CDS		ATG	FF952_07540|CP040689_1547907_1548692_+3_ATG_261
CP040689	1550357	TGA	FF952_07545	1548888	1470	CDS		GTG	FF952_07545|CP040689_1548888_1550357_+3_GTG_489
CP040689	1551535	TGA	FF952_07550	1550354	1182	CDS		ATG	FF952_07550|CP040689_1550354_1551535_+2_ATG_393
CP040689	1552521	TGA	FF952_07555	1551541	981	CDS		ATG	FF952_07555|CP040689_1551541_1552521_+1_ATG_326
CP040689	1554680	TGA	FF952_07565	1553361	1320	CDS		ATG	FF952_07565|CP040689_1553361_1554680_+3_ATG_439
CP040689	1556170	TAA	FF952_07570	1554677	1494	CDS		ATG	FF952_07570|CP040689_1554677_1556170_+2_ATG_497
CP040689	1558764	TGA	FF952_07585	1558183	582	CDS		ATG	FF952_07585|CP040689_1558183_1558764_+1_ATG_193
CP040689	1559720	TGA	FF952_07590	1558761	960	CDS		ATG	FF952_07590|CP040689_1558761_1559720_+3_ATG_319
CP040689	1561009	TGA	FF952_07595	1559717	1293	CDS		GTG	FF952_07595|CP040689_1559717_1561009_+2_GTG_430
CP040689	1561503	TGA	FF952_07600	1561006	498	CDS		ATG	FF952_07600|CP040689_1561006_1561503_+1_ATG_165
CP040689	1562630	TAG	FF952_07605	1561500	1131	CDS		TTG	FF952_07605|CP040689_1561500_1562630_+3_TTG_376
CP040689	1565977	TGA	FF952_07610	1562630	3348	CDS		GTG	FF952_07610|CP040689_1562630_1565977_+2_GTG_1115
CP040689	1566798	TAG	FF952_07615	1565974	825	CDS		GTG	FF952_07615|CP040689_1565974_1566798_+1_GTG_274
CP040689	1567301	TGA	FF952_07620	1566993	309	CDS		GTG	FF952_07620|CP040689_1566993_1567301_+3_GTG_102
CP040689	1568917	TGA	FF952_07625	1567298	1620	CDS		ATG	FF952_07625|CP040689_1567298_1568917_+2_ATG_539
CP040689	1569795	TAA	FF952_07635	1569478	318	CDS		GTG	FF952_07635|CP040689_1569478_1569795_+1_GTG_105
CP040689	1570556	TGA	FF952_07640	1569930	627	CDS		GTG	FF952_07640|CP040689_1569930_1570556_+3_GTG_208
CP040689	1570954	TAG	FF952_07645	1570622	333	CDS		GTG	FF952_07645|CP040689_1570622_1570954_+2_GTG_110
CP040689	1572226	TAA	FF952_07650	1570970	1257	CDS		GTG	FF952_07650|CP040689_1570970_1572226_+2_GTG_418
CP040689	1573565	TAG	FF952_07655	1572354	1212	CDS		GTG	FF952_07655|CP040689_1572354_1573565_+3_GTG_403
CP040689	1577610	TAG	FF952_07670	1576576	1035	CDS		GTG	FF952_07670|CP040689_1576576_1577610_+1_GTG_344
CP040689	1583061	TAG	FF952_07700	1582459	603	CDS		ATG	FF952_07700|CP040689_1582459_1583061_+1_ATG_200
CP040689	1585109	TAA	FF952_07705	1583142	1968	CDS		ATG	FF952_07705|CP040689_1583142_1585109_+3_ATG_655
CP040689	1586602	TAG	FF952_07715	1586120	483	CDS		ATG	FF952_07715|CP040689_1586120_1586602_+2_ATG_160
CP040689	1588633	TGA	FF952_07725	1587695	939	CDS		GTG	FF952_07725|CP040689_1587695_1588633_+2_GTG_312
CP040689	1590003	TGA	FF952_07730	1588630	1374	CDS		ATG	FF952_07730|CP040689_1588630_1590003_+1_ATG_457
CP040689	1590727	TGA	FF952_07735	1590026	702	CDS		ATG	FF952_07735|CP040689_1590026_1590727_+2_ATG_233
CP040689	1591743	TAG	FF952_07740	1590724	1020	CDS		ATG	FF952_07740|CP040689_1590724_1591743_+1_ATG_339
CP040689	1594702	TGA	FF952_07755	1594097	606	CDS		ATG	FF952_07755|CP040689_1594097_1594702_+2_ATG_201
CP040689	1595431	TGA	FF952_07760	1594910	522	CDS		CTG	FF952_07760|CP040689_1594910_1595431_+2_CTG_173
CP040689	1595822	TGA	FF952_07765	1595421	402	CDS		GTG	FF952_07765|CP040689_1595421_1595822_+3_GTG_133
CP040689	1597204	TGA	FF952_07770	1595927	1278	CDS		ATG	FF952_07770|CP040689_1595927_1597204_+2_ATG_425
CP040689	1597683	TGA	FF952_07775	1597201	483	CDS		GTG	FF952_07775|CP040689_1597201_1597683_+1_GTG_160
CP040689	1598144	TGA	FF952_07780	1597680	465	CDS		GTG	FF952_07780|CP040689_1597680_1598144_+3_GTG_154
CP040689	1598855	TAA	FF952_07785	1598169	687	CDS		ATG	FF952_07785|CP040689_1598169_1598855_+3_ATG_228
CP040689	1599508	TAA	FF952_07790	1599035	474	CDS		ATG	FF952_07790|CP040689_1599035_1599508_+2_ATG_157
CP040689	1601512	TGA	FF952_07795	1599572	1941	CDS		GTG	FF952_07795|CP040689_1599572_1601512_+2_GTG_646
CP040689	1602414	TGA	FF952_07800	1601509	906	CDS		ATG	FF952_07800|CP040689_1601509_1602414_+1_ATG_301
CP040689	1603439	TGA	FF952_07805	1602411	1029	CDS		ATG	FF952_07805|CP040689_1602411_1603439_+3_ATG_342
CP040689	1604413	TAG	FF952_07810	1603436	978	CDS		ATG	FF952_07810|CP040689_1603436_1604413_+2_ATG_325
CP040689	1606567	TAG	FF952_07820	1605188	1380	CDS		ATG	FF952_07820|CP040689_1605188_1606567_+2_ATG_459
CP040689	1611675	TAG	FF952_07840	1610407	1269	CDS		GTG	FF952_07840|CP040689_1610407_1611675_+1_GTG_422
CP040689	1613501	TAG	FF952_07845	1611915	1587	CDS		ATG	FF952_07845|CP040689_1611915_1613501_+3_ATG_528
CP040689	1615381	TGA	FF952_07850	1613612	1770	CDS		ATG	FF952_07850|CP040689_1613612_1615381_+2_ATG_589
CP040689	1616799	TGA	FF952_07855	1615378	1422	CDS		ATG	FF952_07855|CP040689_1615378_1616799_+1_ATG_473
CP040689	1617778	TAG	FF952_07860	1616963	816	CDS		ATG	FF952_07860|CP040689_1616963_1617778_+2_ATG_271
CP040689	1617922	TGA	FF952_07865	1617785	138	CDS		ATG	FF952_07865|CP040689_1617785_1617922_+2_ATG_45
CP040689	1618693	TAG	FF952_07875	1618478	216	CDS		TTG	FF952_07875|CP040689_1618478_1618693_+2_TTG_71
CP040689	1619876	TAG	FF952_07880	1618857	1020	CDS		GTG	FF952_07880|CP040689_1618857_1619876_+3_GTG_339
CP040689	1621117	TGA	FF952_07885	1619879	1239	CDS		ATG	FF952_07885|CP040689_1619879_1621117_+2_ATG_412
CP040689	1621899	TAG	FF952_07890	1621114	786	CDS		GTG	FF952_07890|CP040689_1621114_1621899_+1_GTG_261
CP040689	1623620	TAG	FF952_07910	1623387	234	CDS		ATG	FF952_07910|CP040689_1623387_1623620_+3_ATG_77
CP040689	1627641	TAG	FF952_07920	1625341	2301	CDS		ATG	FF952_07920|CP040689_1625341_1627641_+1_ATG_766
CP040689	1628557	TGA	FF952_07930	1628318	240	CDS		ATG	FF952_07930|CP040689_1628318_1628557_+2_ATG_79
CP040689	1641739	TGA	FF952_07980	1640813	927	CDS		GTG	FF952_07980|CP040689_1640813_1641739_+2_GTG_308
CP040689	1645571	TAG	FF952_07990	1644306	1266	CDS		GTG	FF952_07990|CP040689_1644306_1645571_+3_GTG_421
CP040689	1647468	TAG	FF952_08000	1646605	864	CDS		ATG	FF952_08000|CP040689_1646605_1647468_+1_ATG_287
CP040689	1650423	TGA	FF952_08020	1650166	258	CDS		GTG	FF952_08020|CP040689_1650166_1650423_+1_GTG_85
CP040689	1652970	TGA	FF952_08030	1652164	807	CDS		GTG	FF952_08030|CP040689_1652164_1652970_+1_GTG_268
CP040689	1655507	TGA	FF952_08035	1652967	2541	CDS		ATG	FF952_08035|CP040689_1652967_1655507_+3_ATG_846
CP040689	1656697	TGA	FF952_08040	1655504	1194	CDS		ATG	FF952_08040|CP040689_1655504_1656697_+2_ATG_397
CP040689	1657494	TGA	FF952_08045	1656694	801	CDS		ATG	FF952_08045|CP040689_1656694_1657494_+1_ATG_266
CP040689	1658749	TGA	FF952_08050	1657496	1254	CDS		ATG	FF952_08050|CP040689_1657496_1658749_+2_ATG_417
CP040689	1659234	TGA	FF952_08055	1658746	489	CDS		GTG	FF952_08055|CP040689_1658746_1659234_+1_GTG_162
CP040689	1659556	TGA	FF952_08060	1659209	348	CDS		ATG	FF952_08060|CP040689_1659209_1659556_+2_ATG_115
CP040689	1664914	TAG	FF952_08075	1662941	1974	CDS		ATG	FF952_08075|CP040689_1662941_1664914_+2_ATG_657
CP040689	1665332	TGA	FF952_08080	1664958	375	CDS		GTG	FF952_08080|CP040689_1664958_1665332_+3_GTG_124
CP040689	1665719	TGA	FF952_08085	1665348	372	CDS		GTG	FF952_08085|CP040689_1665348_1665719_+3_GTG_123
CP040689	1666598	TAA	FF952_08090	1665741	858	CDS		GTG	FF952_08090|CP040689_1665741_1666598_+3_GTG_285
CP040689	1668262	TGA	FF952_08095	1666634	1629	CDS		GTG	FF952_08095|CP040689_1666634_1668262_+2_GTG_542
CP040689	1668550	TGA	FF952_08100	1668359	192	CDS		ATG	FF952_08100|CP040689_1668359_1668550_+2_ATG_63
CP040689	1672742	TAG	FF952_08115	1672182	561	CDS		ATG	FF952_08115|CP040689_1672182_1672742_+3_ATG_186
CP040689	1674386	TAG	FF952_08120	1672968	1419	CDS		ATG	FF952_08120|CP040689_1672968_1674386_+3_ATG_472
CP040689	1675122	TGA	FF952_08125	1674397	726	CDS		ATG	FF952_08125|CP040689_1674397_1675122_+1_ATG_241
CP040689	1676394	TGA	FF952_08130	1675261	1134	CDS		ATG	FF952_08130|CP040689_1675261_1676394_+1_ATG_377
CP040689	1677344	TGA	FF952_08135	1676391	954	CDS		GTG	FF952_08135|CP040689_1676391_1677344_+3_GTG_317
CP040689	1678362	TAG	FF952_08140	1677355	1008	CDS		ATG	FF952_08140|CP040689_1677355_1678362_+1_ATG_335
CP040689	1680161	TGA	FF952_08150	1679418	744	CDS		GTG	FF952_08150|CP040689_1679418_1680161_+3_GTG_247
CP040689	1680989	TAG	FF952_08155	1680180	810	CDS		ATG	FF952_08155|CP040689_1680180_1680989_+3_ATG_269
CP040689	1682029	TGA	FF952_08160	1680995	1035	CDS		ATG	FF952_08160|CP040689_1680995_1682029_+2_ATG_344
CP040689	1683353	TAG	FF952_08170	1682919	435	CDS		ATG	FF952_08170|CP040689_1682919_1683353_+3_ATG_144
CP040689	1684520	TAG	FF952_08175	1683375	1146	CDS		GTG	FF952_08175|CP040689_1683375_1684520_+3_GTG_381
CP040689	1684886	TAA	FF952_08180	1684530	357	CDS		ATG	FF952_08180|CP040689_1684530_1684886_+3_ATG_118
CP040689	1685150	TGA	FF952_08185	1684920	231	CDS		GTG	FF952_08185|CP040689_1684920_1685150_+3_GTG_76
CP040689	1686607	TGA	FF952_08190	1685300	1308	CDS		GTG	FF952_08190|CP040689_1685300_1686607_+2_GTG_435
CP040689	1686968	TAG	FF952_08195	1686705	264	CDS		TTG	FF952_08195|CP040689_1686705_1686968_+3_TTG_87
CP040689	1689982	TAG	FF952_08205	1688135	1848	CDS		GTG	FF952_08205|CP040689_1688135_1689982_+2_GTG_615
CP040689	1692235	TAG	FF952_08210	1689983	2253	CDS		ATG	FF952_08210|CP040689_1689983_1692235_+2_ATG_750
CP040689	1692551	TGA	FF952_08215	1692249	303	CDS		GTG	FF952_08215|CP040689_1692249_1692551_+3_GTG_100
CP040689	1692865	TGA	FF952_08220	1692548	318	CDS		GTG	FF952_08220|CP040689_1692548_1692865_+2_GTG_105
CP040689	1693866	TAA	FF952_08225	1692862	1005	CDS		ATG	FF952_08225|CP040689_1692862_1693866_+1_ATG_334
CP040689	1695208	TAA	FF952_08230	1693919	1290	CDS		GTG	FF952_08230|CP040689_1693919_1695208_+2_GTG_429
CP040689	1696783	TGA	FF952_08245	1696385	399	CDS		GTG	FF952_08245|CP040689_1696385_1696783_+2_GTG_132
CP040689	1697856	TGA	FF952_08250	1696828	1029	CDS		ATG	FF952_08250|CP040689_1696828_1697856_+1_ATG_342
CP040689	1698689	TAG	FF952_08255	1697868	822	CDS		ATG	FF952_08255|CP040689_1697868_1698689_+3_ATG_273
CP040689	1699801	TGA	FF952_08260	1698902	900	CDS		ATG	FF952_08260|CP040689_1698902_1699801_+2_ATG_299
CP040689	1703841	TGA	FF952_08285	1703338	504	CDS		ATG	FF952_08285|CP040689_1703338_1703841_+1_ATG_167
CP040689	1706210	TAA	FF952_08295	1705848	363	CDS		GTG	FF952_08295|CP040689_1705848_1706210_+3_GTG_120
CP040689	1707077	TAA	FF952_08300	1706194	884	CDS	true	GTG	FF952_08300_p|CP040689_1706194_1707077_+1_GTG_294
CP040689	1708577	TGA	FF952_08305	1707279	1299	CDS		ATG	FF952_08305|CP040689_1707279_1708577_+3_ATG_432
CP040689	1710080	TGA	FF952_08315	1709058	1023	CDS		GTG	FF952_08315|CP040689_1709058_1710080_+3_GTG_340
CP040689	1711045	TGA	FF952_08320	1710077	969	CDS		ATG	FF952_08320|CP040689_1710077_1711045_+2_ATG_322
CP040689	1711773	TGA	FF952_08325	1711042	732	CDS		ATG	FF952_08325|CP040689_1711042_1711773_+1_ATG_243
CP040689	1715619	TGA	FF952_08345	1714855	765	CDS		ATG	FF952_08345|CP040689_1714855_1715619_+1_ATG_254
CP040689	1716587	TAG	FF952_08350	1715628	960	CDS		GTG	FF952_08350|CP040689_1715628_1716587_+3_GTG_319
CP040689	1716986	TGA	FF952_08355	1716717	270	CDS		TTG	FF952_08355|CP040689_1716717_1716986_+3_TTG_89
CP040689	1718052	TAG	FF952_08360	1717012	1041	CDS		GTG	FF952_08360|CP040689_1717012_1718052_+1_GTG_346
CP040689	1720037	TAG	FF952_08370	1718286	1752	CDS		ATG	FF952_08370|CP040689_1718286_1720037_+3_ATG_583
CP040689	1724680	TGA	FF952_08380	1723637	1044	CDS		ATG	FF952_08380|CP040689_1723637_1724680_+2_ATG_347
CP040689	1724988	TAG	FF952_08385	1724710	279	CDS		ATG	FF952_08385|CP040689_1724710_1724988_+1_ATG_92
CP040689	1734936	TGA	FF952_08405	1733182	1755	CDS		GTG	FF952_08405|CP040689_1733182_1734936_+1_GTG_584
CP040689	1736156	TGA	FF952_08410	1735053	1104	CDS		ATG	FF952_08410|CP040689_1735053_1736156_+3_ATG_367
CP040689	1736719	TGA	FF952_08415	1736153	567	CDS		ATG	FF952_08415|CP040689_1736153_1736719_+2_ATG_188
CP040689	1738417	TGA	FF952_08425	1737290	1128	CDS		ATG	FF952_08425|CP040689_1737290_1738417_+2_ATG_375
CP040689	1739091	TGA	FF952_08430	1738414	678	CDS		GTG	FF952_08430|CP040689_1738414_1739091_+1_GTG_225
CP040689	1739892	TAG	FF952_08435	1739656	237	CDS		ATG	FF952_08435|CP040689_1739656_1739892_+1_ATG_78
CP040689	1743324	TGA	FF952_08440	1740199	3126	CDS		GTG	FF952_08440|CP040689_1740199_1743324_+1_GTG_1041
CP040689	1744927	TGA	FF952_08445	1743536	1392	CDS		GTG	FF952_08445|CP040689_1743536_1744927_+2_GTG_463
CP040689	1746532	TGA	FF952_08455	1745924	609	CDS		GTG	FF952_08455|CP040689_1745924_1746532_+2_GTG_202
CP040689	1747451	TGA	FF952_08460	1746525	927	CDS		ATG	FF952_08460|CP040689_1746525_1747451_+3_ATG_308
CP040689	1749769	TGA	FF952_08475	1748744	1026	CDS		ATG	FF952_08475|CP040689_1748744_1749769_+2_ATG_341
CP040689	1750577	TGA	FF952_08480	1749774	804	CDS		ATG	FF952_08480|CP040689_1749774_1750577_+3_ATG_267
CP040689	1750826	TAG	FF952_08485	1750599	228	CDS		GTG	FF952_08485|CP040689_1750599_1750826_+3_GTG_75
CP040689	1751306	TAG	FF952_08490	1750875	432	CDS		ATG	FF952_08490|CP040689_1750875_1751306_+3_ATG_143
CP040689	1754928	TAG	FF952_08495	1751374	3555	CDS		ATG	FF952_08495|CP040689_1751374_1754928_+1_ATG_1184
CP040689	1759113	TGA	FF952_08505	1757170	1944	CDS		ATG	FF952_08505|CP040689_1757170_1759113_+1_ATG_647
CP040689	1760992	TGA	FF952_08510	1759127	1866	CDS		GTG	FF952_08510|CP040689_1759127_1760992_+2_GTG_621
CP040689	1761353	TGA	FF952_08515	1761171	183	CDS		ATG	FF952_08515|CP040689_1761171_1761353_+3_ATG_60
CP040689	1763114	TAA	FF952_08520	1761363	1752	CDS		ATG	FF952_08520|CP040689_1761363_1763114_+3_ATG_583
CP040689	1763860	TGA	FF952_08525	1763117	744	CDS		ATG	FF952_08525|CP040689_1763117_1763860_+2_ATG_247
CP040689	1764237	TGA	FF952_08530	1763857	381	CDS		ATG	FF952_08530|CP040689_1763857_1764237_+1_ATG_126
CP040689	1764611	TAA	FF952_08535	1764234	378	CDS		ATG	FF952_08535|CP040689_1764234_1764611_+3_ATG_125
CP040689	1765287	TGA	FF952_08540	1764679	609	CDS		ATG	FF952_08540|CP040689_1764679_1765287_+1_ATG_202
CP040689	1765872	TGA	FF952_08545	1765426	447	CDS		GTG	FF952_08545|CP040689_1765426_1765872_+1_GTG_148
CP040689	1768772	TAA	FF952_08550	1765869	2904	CDS		ATG	FF952_08550|CP040689_1765869_1768772_+3_ATG_967
CP040689	1769228	TAG	FF952_08555	1768782	447	CDS		ATG	FF952_08555|CP040689_1768782_1769228_+3_ATG_148
CP040689	1770552	TAG	FF952_08560	1769263	1290	CDS		GTG	FF952_08560|CP040689_1769263_1770552_+1_GTG_429
CP040689	1770808	TGA	FF952_08565	1770590	219	CDS		GTG	FF952_08565|CP040689_1770590_1770808_+2_GTG_72
CP040689	1771218	TGA	FF952_08570	1770814	405	CDS		ATG	FF952_08570|CP040689_1770814_1771218_+1_ATG_134
CP040689	1782538	TGA	FF952_08605	1781225	1314	CDS		ATG	FF952_08605|CP040689_1781225_1782538_+2_ATG_437
CP040689	1783695	TGA	FF952_08610	1782535	1161	CDS		ATG	FF952_08610|CP040689_1782535_1783695_+1_ATG_386
CP040689	1784372	TGA	FF952_08615	1783692	681	CDS		TTG	FF952_08615|CP040689_1783692_1784372_+3_TTG_226
CP040689	1784881	TGA	FF952_08620	1784372	510	CDS		ATG	FF952_08620|CP040689_1784372_1784881_+2_ATG_169
CP040689	1785065	TAG	FF952_08625	1784859	207	CDS		GTG	FF952_08625|CP040689_1784859_1785065_+3_GTG_68
CP040689	1785557	TGA	FF952_08635	1785147	411	CDS		ATG	FF952_08635|CP040689_1785147_1785557_+3_ATG_136
CP040689	1786063	TGA	FF952_08640	1785763	301	CDS	true	ATG	FF952_08640_p|CP040689_1785763_1786063_+1_ATG_100
CP040689	1786533	TGA	FF952_08645	1786032	502	CDS	true	ATG	FF952_08645_p|CP040689_1786032_1786533_+3_ATG_167
CP040689	1797167	TAA	FF952_08710	1796118	1050	CDS		GTG	FF952_08710|CP040689_1796118_1797167_+3_GTG_349
CP040689	1797407	TGA	FF952_08715	1797168	240	CDS		ATG	FF952_08715|CP040689_1797168_1797407_+3_ATG_79
CP040689	1798069	TAG	FF952_08720	1797404	666	CDS		GTG	FF952_08720|CP040689_1797404_1798069_+2_GTG_221
CP040689	1801639	TGA	FF952_08735	1800590	1050	CDS		ATG	FF952_08735|CP040689_1800590_1801639_+2_ATG_349
CP040689	1803222	TGA	FF952_08740	1801639	1584	CDS		ATG	FF952_08740|CP040689_1801639_1803222_+1_ATG_527
CP040689	1804079	TAG	FF952_08745	1803222	858	CDS		ATG	FF952_08745|CP040689_1803222_1804079_+3_ATG_285
CP040689	1804886	TGA	FF952_08750	1804128	759	CDS		GTG	FF952_08750|CP040689_1804128_1804886_+3_GTG_252
CP040689	1806733	TGA	FF952_08760	1805417	1317	CDS		GTG	FF952_08760|CP040689_1805417_1806733_+2_GTG_438
CP040689	1807872	TGA	FF952_08765	1806730	1143	CDS		ATG	FF952_08765|CP040689_1806730_1807872_+1_ATG_380
CP040689	1808501	TGA	FF952_08770	1807869	633	CDS		ATG	FF952_08770|CP040689_1807869_1808501_+3_ATG_210
CP040689	1809118	TAA	FF952_08775	1808498	621	CDS		GTG	FF952_08775|CP040689_1808498_1809118_+2_GTG_206
CP040689	1809865	TAG	FF952_08780	1809128	738	CDS		GTG	FF952_08780|CP040689_1809128_1809865_+2_GTG_245
CP040689	1810685	TGA	FF952_08785	1809873	813	CDS		ATG	FF952_08785|CP040689_1809873_1810685_+3_ATG_270
CP040689	1811490	TGA	FF952_08790	1810687	804	CDS		ATG	FF952_08790|CP040689_1810687_1811490_+1_ATG_267
CP040689	1811834	TAA	FF952_08795	1811487	348	CDS		ATG	FF952_08795|CP040689_1811487_1811834_+3_ATG_115
CP040689	1813097	TGA	FF952_08800	1812015	1083	CDS		ATG	FF952_08800|CP040689_1812015_1813097_+3_ATG_360
CP040689	1815287	TAA	FF952_08810	1813737	1551	CDS		GTG	FF952_08810|CP040689_1813737_1815287_+3_GTG_516
CP040689	1815984	TGA	FF952_08815	1815277	708	CDS		GTG	FF952_08815|CP040689_1815277_1815984_+1_GTG_235
CP040689	1816892	TAG	FF952_08820	1816074	819	CDS		ATG	FF952_08820|CP040689_1816074_1816892_+3_ATG_272
CP040689	1818193	TGA	FF952_08825	1816961	1233	CDS		ATG	FF952_08825|CP040689_1816961_1818193_+2_ATG_410
CP040689	1819005	TGA	FF952_08830	1818193	813	CDS		ATG	FF952_08830|CP040689_1818193_1819005_+1_ATG_270
CP040689	1820411	TGA	FF952_08835	1819005	1407	CDS		ATG	FF952_08835|CP040689_1819005_1820411_+3_ATG_468
CP040689	1820961	CAG	FF952_08840	1820740	222	CDS	true	ATG	FF952_08840_p|CP040689_1820740_1820961_+1_ATG_74
CP040689	1821527	TAG	FF952_08845	1821087	441	CDS		ATG	FF952_08845|CP040689_1821087_1821527_+3_ATG_146
CP040689	1821915	TAG	FF952_08850	1821517	399	CDS		ATG	FF952_08850|CP040689_1821517_1821915_+1_ATG_132
CP040689	1823441	TAG	FF952_08855	1822023	1419	CDS		GTG	FF952_08855|CP040689_1822023_1823441_+3_GTG_472
CP040689	1824351	TAG	FF952_08860	1823449	903	CDS		GTG	FF952_08860|CP040689_1823449_1824351_+1_GTG_300
CP040689	1825863	TGA	FF952_08865	1824409	1455	CDS		ATG	FF952_08865|CP040689_1824409_1825863_+1_ATG_484
CP040689	1834631	TGA	FF952_08905	1834014	618	CDS		ATG	FF952_08905|CP040689_1834014_1834631_+3_ATG_205
CP040689	1839213	TGA	FF952_08920	1836499	2715	CDS		GTG	FF952_08920|CP040689_1836499_1839213_+1_GTG_904
CP040689	1840821	TGA	FF952_08925	1839376	1446	CDS		ATG	FF952_08925|CP040689_1839376_1840821_+1_ATG_481
CP040689	1842070	TGA	FF952_08930	1840847	1224	CDS		ATG	FF952_08930|CP040689_1840847_1842070_+2_ATG_407
CP040689	1842225	ATG	FF952_08935	1842106	120	CDS	true	ATC	FF952_08935_p|CP040689_1842106_1842225_+1_ATC_40
CP040689	1842835	TAG	FF952_08945	1842635	201	CDS		ATG	FF952_08945|CP040689_1842635_1842835_+2_ATG_66
CP040689	1845005	TGA	FF952_08950	1842909	2097	CDS		GTG	FF952_08950|CP040689_1842909_1845005_+3_GTG_698
CP040689	1846417	TGA	FF952_08955	1845002	1416	CDS		GTG	FF952_08955|CP040689_1845002_1846417_+2_GTG_471
CP040689	1848262	TAG	FF952_08965	1848002	261	CDS		ATG	FF952_08965|CP040689_1848002_1848262_+2_ATG_86
CP040689	1848725	TAG	FF952_08970	1848285	441	CDS		ATG	FF952_08970|CP040689_1848285_1848725_+3_ATG_146
CP040689	1852664	TGA	FF952_08985	1849746	2919	CDS		GTG	FF952_08985|CP040689_1849746_1852664_+3_GTG_972
CP040689	1858883	TAG	FF952_09005	1858278	606	CDS		ATC	FF952_09005|CP040689_1858278_1858883_+3_ATC_201
CP040689	1859127	TGA	FF952_09010	1858933	195	CDS		ATG	FF952_09010|CP040689_1858933_1859127_+1_ATG_64
CP040689	1859578	TGA	FF952_09015	1859189	390	CDS		ATG	FF952_09015|CP040689_1859189_1859578_+2_ATG_129
CP040689	1860393	TGA	FF952_09020	1859611	783	CDS		GTG	FF952_09020|CP040689_1859611_1860393_+1_GTG_260
CP040689	1862701	TAA	FF952_09030	1861769	933	CDS		ATG	FF952_09030|CP040689_1861769_1862701_+2_ATG_310
CP040689	1863729	TAG	FF952_09035	1862779	951	CDS		TTG	FF952_09035|CP040689_1862779_1863729_+1_TTG_316
CP040689	1864542	TGA	FF952_09040	1863736	807	CDS		ATG	FF952_09040|CP040689_1863736_1864542_+1_ATG_268
CP040689	1865763	TGA	FF952_09045	1864738	1026	CDS		ATG	FF952_09045|CP040689_1864738_1865763_+1_ATG_341
CP040689	1868258	TGA	FF952_09050	1865763	2496	CDS		ATG	FF952_09050|CP040689_1865763_1868258_+3_ATG_831
CP040689	1872651	TGA	FF952_09060	1871593	1059	CDS		ATG	FF952_09060|CP040689_1871593_1872651_+1_ATG_352
CP040689	1873862	TGA	FF952_09065	1872648	1215	CDS		GTG	FF952_09065|CP040689_1872648_1873862_+3_GTG_404
CP040689	1874743	TGA	FF952_09070	1873859	885	CDS		ATG	FF952_09070|CP040689_1873859_1874743_+2_ATG_294
CP040689	1875942	TGA	FF952_09075	1874740	1203	CDS		ATG	FF952_09075|CP040689_1874740_1875942_+1_ATG_400
CP040689	1876862	TGA	FF952_09080	1875939	924	CDS		GTG	FF952_09080|CP040689_1875939_1876862_+3_GTG_307
CP040689	1877371	TAA	FF952_09085	1876859	513	CDS		ATG	FF952_09085|CP040689_1876859_1877371_+2_ATG_170
CP040689	1878576	TGA	FF952_09090	1877380	1197	CDS		ATG	FF952_09090|CP040689_1877380_1878576_+1_ATG_398
CP040689	1880068	TGA	FF952_09095	1878656	1413	CDS		GTG	FF952_09095|CP040689_1878656_1880068_+2_GTG_470
CP040689	1881237	TGA	FF952_09100	1880177	1061	CDS	true	GTG	FF952_09100_p|CP040689_1880177_1881237_+2_GTG_353
CP040689	1887700	TAA	FF952_09105	1881320	6381	CDS		ATG	FF952_09105|CP040689_1881320_1887700_+2_ATG_2126
CP040689	1892528	TGA	FF952_09110	1887720	4809	CDS		ATG	FF952_09110|CP040689_1887720_1892528_+3_ATG_1602
CP040689	1894036	TAG	FF952_09115	1892528	1509	CDS		ATG	FF952_09115|CP040689_1892528_1894036_+2_ATG_502
CP040689	1897095	TGA	FF952_09120	1894042	3054	CDS		GTG	FF952_09120|CP040689_1894042_1897095_+1_GTG_1017
CP040689	1898303	TGA	FF952_09125	1897242	1062	CDS		ATG	FF952_09125|CP040689_1897242_1898303_+3_ATG_353
CP040689	1902113	TGA	FF952_09140	1901751	363	CDS		ATG	FF952_09140|CP040689_1901751_1902113_+3_ATG_120
CP040689	1902493	TAG	FF952_09145	1902146	348	CDS		ATG	FF952_09145|CP040689_1902146_1902493_+2_ATG_115
CP040689	1902893	TAG	FF952_09150	1902501	393	CDS		ATG	FF952_09150|CP040689_1902501_1902893_+3_ATG_130
CP040689	1907777	TGA	FF952_09175	1907073	705	CDS		TTG	FF952_09175|CP040689_1907073_1907777_+3_TTG_234
CP040689	1908322	TGA	FF952_09180	1907774	549	CDS		GTG	FF952_09180|CP040689_1907774_1908322_+2_GTG_182
CP040689	1909325	TGA	FF952_09185	1908423	903	CDS		ATG	FF952_09185|CP040689_1908423_1909325_+3_ATG_300
CP040689	1910446	TAG	FF952_09190	1909325	1122	CDS		ATG	FF952_09190|CP040689_1909325_1910446_+2_ATG_373
CP040689	1911279	TGA	FF952_09195	1910455	825	CDS		ATG	FF952_09195|CP040689_1910455_1911279_+1_ATG_274
CP040689	1912268	TAG	FF952_09200	1911276	993	CDS		GTG	FF952_09200|CP040689_1911276_1912268_+3_GTG_330
CP040689	1913346	TAG	FF952_09205	1912429	918	CDS		GTG	FF952_09205|CP040689_1912429_1913346_+1_GTG_305
CP040689	1916619	TGA	FF952_09210	1913620	3000	CDS		GTG	FF952_09210|CP040689_1913620_1916619_+1_GTG_999
CP040689	1916836	TGA	FF952_09215	1916612	225	CDS		ATG	FF952_09215|CP040689_1916612_1916836_+2_ATG_74
CP040689	1919616	TAG	FF952_09235	1919005	612	CDS		ATG	FF952_09235|CP040689_1919005_1919616_+1_ATG_203
CP040689	1920902	TGA	FF952_09240	1919628	1275	CDS		ATG	FF952_09240|CP040689_1919628_1920902_+3_ATG_424
CP040689	1921936	TGA	FF952_09245	1921553	384	CDS		ATG	FF952_09245|CP040689_1921553_1921936_+2_ATG_127
CP040689	1922727	TGA	FF952_09250	1921975	753	CDS		GTG	FF952_09250|CP040689_1921975_1922727_+1_GTG_250
CP040689	1923785	TGA	FF952_09255	1922724	1062	CDS		ATG	FF952_09255|CP040689_1922724_1923785_+3_ATG_353
CP040689	1923958	TGA	FF952_09260	1923782	177	CDS		ATG	FF952_09260|CP040689_1923782_1923958_+2_ATG_58
CP040689	1924772	TAG	FF952_09265	1923966	807	CDS		GTG	FF952_09265|CP040689_1923966_1924772_+3_GTG_268
CP040689	1925695	TAG	FF952_09270	1924772	924	CDS		GTG	FF952_09270|CP040689_1924772_1925695_+2_GTG_307
CP040689	1927472	TAG	FF952_09275	1925709	1764	CDS		GTG	FF952_09275|CP040689_1925709_1927472_+3_GTG_587
CP040689	1928749	TAG	FF952_09280	1927568	1182	CDS		ATG	FF952_09280|CP040689_1927568_1928749_+2_ATG_393
CP040689	1929715	TAG	FF952_09285	1928771	945	CDS		ATG	FF952_09285|CP040689_1928771_1929715_+2_ATG_314
CP040689	1931615	TGA	FF952_09290	1929855	1761	CDS		GTG	FF952_09290|CP040689_1929855_1931615_+3_GTG_586
CP040689	1932231	TGA	FF952_09295	1931608	624	CDS		GTG	FF952_09295|CP040689_1931608_1932231_+1_GTG_207
CP040689	1933163	TAA	FF952_09300	1932228	936	CDS		ATG	FF952_09300|CP040689_1932228_1933163_+3_ATG_311
CP040689	1942368	TGA	FF952_09335	1940908	1461	CDS		GTG	FF952_09335|CP040689_1940908_1942368_+1_GTG_486
CP040689	1943342	TGA	FF952_09340	1942386	957	CDS		TTG	FF952_09340|CP040689_1942386_1943342_+3_TTG_318
CP040689	1944175	TGA	FF952_09345	1943339	837	CDS		GTG	FF952_09345|CP040689_1943339_1944175_+2_GTG_278
CP040689	1944867	TGA	FF952_09350	1944172	696	CDS		GTG	FF952_09350|CP040689_1944172_1944867_+1_GTG_231
CP040689	1945628	TGA	FF952_09355	1944864	765	CDS		TTG	FF952_09355|CP040689_1944864_1945628_+3_TTG_254
CP040689	1946317	TGA	FF952_09360	1945625	693	CDS		GTG	FF952_09360|CP040689_1945625_1946317_+2_GTG_230
CP040689	1947705	TGA	FF952_09365	1946314	1392	CDS		GTG	FF952_09365|CP040689_1946314_1947705_+1_GTG_463
CP040689	1948691	TGA	FF952_09370	1947879	813	CDS		GTG	FF952_09370|CP040689_1947879_1948691_+3_GTG_270
CP040689	1949599	TAG	FF952_09375	1948685	915	CDS		ATG	FF952_09375|CP040689_1948685_1949599_+2_ATG_304
CP040689	1950432	TGA	FF952_09380	1949602	831	CDS		ATG	FF952_09380|CP040689_1949602_1950432_+1_ATG_276
CP040689	1950782	TGA	FF952_09385	1950432	351	CDS		ATG	FF952_09385|CP040689_1950432_1950782_+3_ATG_116
CP040689	1951653	TGA	FF952_09390	1950835	819	CDS		ATG	FF952_09390|CP040689_1950835_1951653_+1_ATG_272
CP040689	1952446	TGA	FF952_09395	1951667	780	CDS		GTG	FF952_09395|CP040689_1951667_1952446_+2_GTG_259
CP040689	1955371	TGA	FF952_09415	1953887	1485	CDS		GTG	FF952_09415|CP040689_1953887_1955371_+2_GTG_494
CP040689	1956615	TAA	FF952_09420	1955368	1248	CDS		GTG	FF952_09420|CP040689_1955368_1956615_+1_GTG_415
CP040689	1959263	TGA	FF952_09435	1957878	1386	CDS		ATG	FF952_09435|CP040689_1957878_1959263_+3_ATG_461
CP040689	1959865	TGA	FF952_09440	1959296	570	CDS		ATG	FF952_09440|CP040689_1959296_1959865_+2_ATG_189
CP040689	1965487	TGA	FF952_09465	1963931	1557	CDS		ATG	FF952_09465|CP040689_1963931_1965487_+2_ATG_518
CP040689	1967612	TGA	FF952_09485	1967412	201	CDS		GTG	FF952_09485|CP040689_1967412_1967612_+3_GTG_66
CP040689	1972195	TGA	FF952_09510	1971911	285	CDS		ATG	FF952_09510|CP040689_1971911_1972195_+2_ATG_94
CP040689	1974171	TGA	FF952_09520	1973959	213	CDS		ATG	FF952_09520|CP040689_1973959_1974171_+1_ATG_70
CP040689	1974419	TGA	FF952_09525	1974171	249	CDS		ATG	FF952_09525|CP040689_1974171_1974419_+3_ATG_82
CP040689	1975164	TAG	FF952_09530	1974427	738	CDS		ATG	FF952_09530|CP040689_1974427_1975164_+1_ATG_245
CP040689	1976958	TAG	FF952_09535	1975258	1701	CDS		ATG	FF952_09535|CP040689_1975258_1976958_+1_ATG_566
CP040689	1979822	TGA	FF952_09550	1978392	1431	CDS		ATG	FF952_09550|CP040689_1978392_1979822_+3_ATG_476
CP040689	1982481	TAG	FF952_09555	1979884	2598	CDS		GTG	FF952_09555|CP040689_1979884_1982481_+1_GTG_865
CP040689	1983586	TAA	FF952_09560	1982854	733	CDS	true	TTG	FF952_09560_p|CP040689_1982854_1983586_+1_TTG_244
CP040689	1987258	TGA	FF952_09575	1985876	1383	CDS		ATG	FF952_09575|CP040689_1985876_1987258_+2_ATG_460
CP040689	1987834	TGA	FF952_09580	1987385	450	CDS		ATG	FF952_09580|CP040689_1987385_1987834_+2_ATG_149
CP040689	1997784	TAG	FF952_09605	1996645	1140	CDS		TTG	FF952_09605|CP040689_1996645_1997784_+1_TTG_379
CP040689	2000822	TAA	FF952_09610	1997985	2838	CDS		GTG	FF952_09610|CP040689_1997985_2000822_+3_GTG_945
CP040689	2001799	TAA	FF952_09615	2001143	657	CDS		ATG	FF952_09615|CP040689_2001143_2001799_+2_ATG_218
CP040689	2006895	TGA	FF952_09625	2005387	1509	CDS		ATG	FF952_09625|CP040689_2005387_2006895_+1_ATG_502
CP040689	2011841	TGA	FF952_09665	2011572	270	CDS		GTG	FF952_09665|CP040689_2011572_2011841_+3_GTG_89
CP040689	2012268	TAG	FF952_09670	2011909	360	CDS		ATG	FF952_09670|CP040689_2011909_2012268_+1_ATG_119
CP040689	2014323	TGA	FF952_09675	2012449	1875	CDS		ATG	FF952_09675|CP040689_2012449_2014323_+1_ATG_624
CP040689	2015723	TAA	FF952_09680	2014479	1245	CDS		GTG	FF952_09680|CP040689_2014479_2015723_+3_GTG_414
CP040689	2017017	TGA	FF952_09685	2015731	1287	CDS		ATG	FF952_09685|CP040689_2015731_2017017_+1_ATG_428
CP040689	2018300	TGA	FF952_09690	2017014	1287	CDS		ATG	FF952_09690|CP040689_2017014_2018300_+3_ATG_428
CP040689	2018800	TAA	FF952_09695	2018489	312	CDS		TTG	FF952_09695|CP040689_2018489_2018800_+2_TTG_103
CP040689	2021025	TGA	FF952_09705	2019685	1341	CDS		ATG	FF952_09705|CP040689_2019685_2021025_+1_ATG_446
CP040689	2021843	TGA	FF952_09710	2021025	819	CDS		ATG	FF952_09710|CP040689_2021025_2021843_+3_ATG_272
CP040689	2023813	TAG	FF952_09720	2022509	1305	CDS		GTG	FF952_09720|CP040689_2022509_2023813_+2_GTG_434
CP040689	2027115	TAG	FF952_09735	2026552	564	CDS		ATG	FF952_09735|CP040689_2026552_2027115_+1_ATG_187
CP040689	2031113	TGA	FF952_09745	2029593	1521	CDS		GTG	FF952_09745|CP040689_2029593_2031113_+3_GTG_506
CP040689	2035285	TAG	FF952_09750	2031110	4176	CDS		ATG	FF952_09750|CP040689_2031110_2035285_+2_ATG_1391
CP040689	2036884	TGA	FF952_09760	2036681	204	CDS		GTG	FF952_09760|CP040689_2036681_2036884_+2_GTG_67
CP040689	2038251	TAA	FF952_09765	2037154	1098	CDS		TTG	FF952_09765|CP040689_2037154_2038251_+1_TTG_365
CP040689	2038629	TAG	FF952_09770	2038330	300	CDS		ATG	FF952_09770|CP040689_2038330_2038629_+1_ATG_99
CP040689	2039824	TAG	FF952_09775	2038643	1182	CDS		ATG	FF952_09775|CP040689_2038643_2039824_+2_ATG_393
CP040689	2040166	TAG	FF952_09780	2039864	303	CDS		GTG	FF952_09780|CP040689_2039864_2040166_+2_GTG_100
CP040689	2041330	TAG	FF952_09785	2040278	1053	CDS		ATG	FF952_09785|CP040689_2040278_2041330_+2_ATG_350
CP040689	2042056	TGA	FF952_09790	2041757	300	CDS		ATG	FF952_09790|CP040689_2041757_2042056_+2_ATG_99
CP040689	2042496	TAG	FF952_09795	2042200	297	CDS		ATG	FF952_09795|CP040689_2042200_2042496_+1_ATG_98
CP040689	2042831	TAA	FF952_09800	2042547	285	CDS		ATG	FF952_09800|CP040689_2042547_2042831_+3_ATG_94
CP040689	2043821	TGA	FF952_09805	2042919	903	CDS		ATG	FF952_09805|CP040689_2042919_2043821_+3_ATG_300
CP040689	2045604	TAG	FF952_09810	2044093	1512	CDS		ATG	FF952_09810|CP040689_2044093_2045604_+1_ATG_503
CP040689	2047339	TGA	FF952_09815	2045582	1758	CDS		ATG	FF952_09815|CP040689_2045582_2047339_+2_ATG_585
CP040689	2048556	TGA	FF952_09820	2047336	1221	CDS		ATG	FF952_09820|CP040689_2047336_2048556_+1_ATG_406
CP040689	2050385	TAG	FF952_09825	2048553	1833	CDS		ATG	FF952_09825|CP040689_2048553_2050385_+3_ATG_610
CP040689	2051203	TGA	FF952_09830	2051012	192	CDS		ATG	FF952_09830|CP040689_2051012_2051203_+2_ATG_63
CP040689	2053273	TGA	FF952_09835	2051306	1968	CDS		ATG	FF952_09835|CP040689_2051306_2053273_+2_ATG_655
CP040689	2055125	TAG	FF952_09845	2053854	1272	CDS		ATG	FF952_09845|CP040689_2053854_2055125_+3_ATG_423
CP040689	2056628	TAG	FF952_09850	2055237	1392	CDS		ATG	FF952_09850|CP040689_2055237_2056628_+3_ATG_463
CP040689	2060208	TAA	FF952_09870	2059909	300	CDS		ATG	FF952_09870|CP040689_2059909_2060208_+1_ATG_99
CP040689	2061434	TGA	FF952_09875	2060223	1212	CDS		ATG	FF952_09875|CP040689_2060223_2061434_+3_ATG_403
CP040689	2062987	TGA	FF952_09880	2061758	1230	CDS		TTG	FF952_09880|CP040689_2061758_2062987_+2_TTG_409
CP040689	2064531	TGA	FF952_09885	2063119	1413	CDS		ATG	FF952_09885|CP040689_2063119_2064531_+1_ATG_470
CP040689	2065138	TAG	FF952_09890	2064770	369	CDS		ATG	FF952_09890|CP040689_2064770_2065138_+2_ATG_122
CP040689	2065996	TGA	FF952_09895	2065292	705	CDS		ATG	FF952_09895|CP040689_2065292_2065996_+2_ATG_234
CP040689	2069272	TAA	FF952_09910	2068370	903	CDS		ATG	FF952_09910|CP040689_2068370_2069272_+2_ATG_300
CP040689	2070042	TAG	FF952_09915	2069377	666	CDS		GTG	FF952_09915|CP040689_2069377_2070042_+1_GTG_221
CP040689	2070809	TGA	FF952_09920	2070105	705	CDS		TTG	FF952_09920|CP040689_2070105_2070809_+3_TTG_234
CP040689	2071199	TTT	FF952_09925	2070948	252	CDS	true	ATC	FF952_09925_p|CP040689_2070948_2071199_+3_ATC_84
CP040689	2071370	TGA	FF952_09930	2071296	75	CDS	true	CGC	FF952_09930_p|CP040689_2071296_2071370_+3_CGC_24
CP040689	2072907	TAA	FF952_09935	2071444	1464	CDS		ATG	FF952_09935|CP040689_2071444_2072907_+1_ATG_487
CP040689	2078299	TGA	FF952_09950	2076656	1644	CDS		ATG	FF952_09950|CP040689_2076656_2078299_+2_ATG_547
CP040689	2080740	TGA	FF952_09955	2078314	2427	CDS		GTG	FF952_09955|CP040689_2078314_2080740_+1_GTG_808
CP040689	2081566	TGA	FF952_09960	2080937	630	CDS		ATG	FF952_09960|CP040689_2080937_2081566_+2_ATG_209
CP040689	2082482	TAG	FF952_09965	2081559	924	CDS		GTG	FF952_09965|CP040689_2081559_2082482_+3_GTG_307
CP040689	2082876	TGA	FF952_09970	2082544	333	CDS		ATG	FF952_09970|CP040689_2082544_2082876_+1_ATG_110
CP040689	2083771	TGA	FF952_09975	2082893	879	CDS		GTG	FF952_09975|CP040689_2082893_2083771_+2_GTG_292
CP040689	2084213	TGA	FF952_09980	2083809	405	CDS		GTG	FF952_09980|CP040689_2083809_2084213_+3_GTG_134
CP040689	2084941	TGA	FF952_09985	2084453	489	CDS		GTG	FF952_09985|CP040689_2084453_2084941_+2_GTG_162
CP040689	2085681	TGA	FF952_09990	2084938	744	CDS		GTG	FF952_09990|CP040689_2084938_2085681_+1_GTG_247
CP040689	2086294	TAG	FF952_09995	2085800	495	CDS		ATG	FF952_09995|CP040689_2085800_2086294_+2_ATG_164
CP040689	2087319	TAG	FF952_10000	2086642	678	CDS		GTG	FF952_10000|CP040689_2086642_2087319_+1_GTG_225
CP040689	2090503	TAA	FF952_10005	2087678	2826	CDS		GTG	FF952_10005|CP040689_2087678_2090503_+2_GTG_941
CP040689	2092497	TAG	FF952_10015	2091631	867	CDS		GTG	FF952_10015|CP040689_2091631_2092497_+1_GTG_288
CP040689	2096560	TAG	FF952_10030	2096360	201	CDS		GTG	FF952_10030|CP040689_2096360_2096560_+2_GTG_66
CP040689	2109106	TAA	FF952_10085	2108684	423	CDS		GTG	FF952_10085|CP040689_2108684_2109106_+2_GTG_140
CP040689	2109457	TGA	FF952_10090	2109155	303	CDS		ATG	FF952_10090|CP040689_2109155_2109457_+2_ATG_100
CP040689	2109768	TGA	FF952_10095	2109454	315	CDS		ATG	FF952_10095|CP040689_2109454_2109768_+1_ATG_104
CP040689	2111501	TAA	FF952_10100	2109768	1734	CDS		ATG	FF952_10100|CP040689_2109768_2111501_+3_ATG_577
CP040689	2112136	TGA	FF952_10105	2111501	636	CDS		ATG	FF952_10105|CP040689_2111501_2112136_+2_ATG_211
CP040689	2112821	TAG	FF952_10110	2112147	675	CDS		ATG	FF952_10110|CP040689_2112147_2112821_+3_ATG_224
CP040689	2113455	TAA	FF952_10115	2112829	627	CDS		GTG	FF952_10115|CP040689_2112829_2113455_+1_GTG_208
CP040689	2117577	TGA	FF952_10135	2116792	786	CDS		GTG	FF952_10135|CP040689_2116792_2117577_+1_GTG_261
CP040689	2118374	TAG	FF952_10140	2117580	795	CDS		ATG	FF952_10140|CP040689_2117580_2118374_+3_ATG_264
CP040689	2119490	TGA	FF952_10145	2118381	1110	CDS		ATG	FF952_10145|CP040689_2118381_2119490_+3_ATG_369
CP040689	2120520	TGA	FF952_10150	2119543	978	CDS		ATG	FF952_10150|CP040689_2119543_2120520_+1_ATG_325
CP040689	2121277	TAG	FF952_10155	2120972	306	CDS		ATG	FF952_10155|CP040689_2120972_2121277_+2_ATG_101
CP040689	2122392	TGA	FF952_10160	2121352	1041	CDS		ATG	FF952_10160|CP040689_2121352_2122392_+1_ATG_346
CP040689	2127284	TAA	FF952_10180	2124870	2415	CDS		GTG	FF952_10180|CP040689_2124870_2127284_+3_GTG_804
CP040689	2129056	TAG	FF952_10190	2127572	1485	CDS		ATG	FF952_10190|CP040689_2127572_2129056_+2_ATG_494
CP040689	2131254	TAG	FF952_10195	2129155	2100	CDS		GTG	FF952_10195|CP040689_2129155_2131254_+1_GTG_699
CP040689	2135419	TAG	FF952_10220	2134982	438	CDS		ATG	FF952_10220|CP040689_2134982_2135419_+2_ATG_145
CP040689	2136178	TGA	FF952_10225	2135492	687	CDS		GTG	FF952_10225|CP040689_2135492_2136178_+2_GTG_228
CP040689	2136632	TGA	FF952_10230	2136189	444	CDS		ATG	FF952_10230|CP040689_2136189_2136632_+3_ATG_147
CP040689	2137627	TGA	FF952_10245	2137148	480	CDS		ATG	FF952_10245|CP040689_2137148_2137627_+2_ATG_159
CP040689	2139775	TAG	FF952_10250	2137712	2064	CDS		ATG	FF952_10250|CP040689_2137712_2139775_+2_ATG_687
CP040689	2141182	TAA	FF952_10255	2139830	1353	CDS		ATG	FF952_10255|CP040689_2139830_2141182_+2_ATG_450
CP040689	2142321	TAG	FF952_10260	2141185	1137	CDS		ATG	FF952_10260|CP040689_2141185_2142321_+1_ATG_378
CP040689	2147940	TAG	FF952_10300	2147758	183	CDS		ATG	FF952_10300|CP040689_2147758_2147940_+1_ATG_60
CP040689	2149223	TAG	FF952_10305	2148081	1143	CDS		TTG	FF952_10305|CP040689_2148081_2149223_+3_TTG_380
CP040689	2150331	TGA	FF952_10315	2150152	180	CDS		GTG	FF952_10315|CP040689_2150152_2150331_+1_GTG_59
CP040689	2151981	TAA	FF952_10335	2151574	408	CDS		ATG	FF952_10335|CP040689_2151574_2151981_+1_ATG_135
CP040689	2152309	TAG	FF952_10340	2151998	312	CDS		ATG	FF952_10340|CP040689_2151998_2152309_+2_ATG_103
CP040689	2152537	TAG	FF952_10345	2152319	219	CDS		ATG	FF952_10345|CP040689_2152319_2152537_+2_ATG_72
CP040689	2154366	TAG	FF952_10355	2154061	306	CDS		GTG	FF952_10355|CP040689_2154061_2154366_+1_GTG_101
CP040689	2155379	TGA	FF952_10360	2154354	1026	CDS		ATG	FF952_10360|CP040689_2154354_2155379_+3_ATG_341
CP040689	2157082	TAG	FF952_10375	2156774	309	CDS		GTG	FF952_10375|CP040689_2156774_2157082_+2_GTG_102
CP040689	2160848	TAG	FF952_10390	2159556	1293	CDS		ATG	FF952_10390|CP040689_2159556_2160848_+3_ATG_430
CP040689	2162662	TAG	FF952_10400	2162258	405	CDS		ATG	FF952_10400|CP040689_2162258_2162662_+2_ATG_134
CP040689	2163279	TGA	FF952_10405	2162848	432	CDS		ATG	FF952_10405|CP040689_2162848_2163279_+1_ATG_143
CP040689	2171836	TGA	FF952_10450	2171084	753	CDS		GTG	FF952_10450|CP040689_2171084_2171836_+2_GTG_250
CP040689	2174656	TAG	FF952_10460	2172356	2301	CDS		ATG	FF952_10460|CP040689_2172356_2174656_+2_ATG_766
CP040689	2185229	TAA	FF952_10480	2184366	864	CDS		GTG	FF952_10480|CP040689_2184366_2185229_+3_GTG_287
CP040689	2187925	TAG	FF952_10490	2186810	1116	CDS		ATG	FF952_10490|CP040689_2186810_2187925_+2_ATG_371
CP040689	2189256	TAA	FF952_10495	2187916	1341	CDS		TTG	FF952_10495|CP040689_2187916_2189256_+1_TTG_446
CP040689	2191692	TAG	FF952_10505	2189830	1863	CDS		ATG	FF952_10505|CP040689_2189830_2191692_+1_ATG_620
CP040689	2193189	TGA	FF952_10515	2192416	774	CDS		GTG	FF952_10515|CP040689_2192416_2193189_+1_GTG_257
CP040689	2196612	TAG	FF952_10540	2196115	498	CDS		ATG	FF952_10540|CP040689_2196115_2196612_+1_ATG_165
CP040689	2201236	TAG	FF952_10565	2200127	1110	CDS		ATG	FF952_10565|CP040689_2200127_2201236_+2_ATG_369
CP040689	2203758	TAG	FF952_10570	2201239	2520	CDS		ATG	FF952_10570|CP040689_2201239_2203758_+1_ATG_839
CP040689	2204840	TGA	FF952_10575	2203770	1071	CDS		GTG	FF952_10575|CP040689_2203770_2204840_+3_GTG_356
CP040689	2205352	TGA	FF952_10580	2204837	516	CDS		GTG	FF952_10580|CP040689_2204837_2205352_+2_GTG_171
CP040689	2206410	TGA	FF952_10585	2205349	1062	CDS		ATG	FF952_10585|CP040689_2205349_2206410_+1_ATG_353
CP040689	2207177	TGA	FF952_10590	2206407	771	CDS		TTG	FF952_10590|CP040689_2206407_2207177_+3_TTG_256
CP040689	2210096	TGA	FF952_10610	2208732	1365	CDS		ATG	FF952_10610|CP040689_2208732_2210096_+3_ATG_454
CP040689	2211168	TAG	FF952_10620	2210767	402	CDS		GTG	FF952_10620|CP040689_2210767_2211168_+1_GTG_133
CP040689	2213684	TGA	FF952_10650	2213469	216	CDS		GTG	FF952_10650|CP040689_2213469_2213684_+3_GTG_71
CP040689	2213992	TAG	FF952_10655	2213681	312	CDS		GTG	FF952_10655|CP040689_2213681_2213992_+2_GTG_103
CP040689	2214322	TGA	FF952_10660	2214020	303	CDS		ATG	FF952_10660|CP040689_2214020_2214322_+2_ATG_100
CP040689	2214839	TGA	FF952_10665	2214327	513	CDS		GTG	FF952_10665|CP040689_2214327_2214839_+3_GTG_170
CP040689	2215330	TGA	FF952_10670	2214881	450	CDS		ATG	FF952_10670|CP040689_2214881_2215330_+2_ATG_149
CP040689	2215872	TGA	FF952_10675	2215327	546	CDS		ATG	FF952_10675|CP040689_2215327_2215872_+1_ATG_181
CP040689	2217449	TGA	FF952_10695	2216955	495	CDS		GTG	FF952_10695|CP040689_2216955_2217449_+3_GTG_164
CP040689	2219950	TGA	FF952_10715	2219693	258	CDS		GTG	FF952_10715|CP040689_2219693_2219950_+2_GTG_85
CP040689	2220450	TAA	FF952_10720	2220181	270	CDS		GTG	FF952_10720|CP040689_2220181_2220450_+1_GTG_89
CP040689	2221241	TGA	FF952_10725	2220444	798	CDS		ATG	FF952_10725|CP040689_2220444_2221241_+3_ATG_265
CP040689	2222066	TAG	FF952_10730	2221251	816	CDS		ATG	FF952_10730|CP040689_2221251_2222066_+3_ATG_271
CP040689	2223348	TGA	FF952_10735	2222071	1278	CDS		ATG	FF952_10735|CP040689_2222071_2223348_+1_ATG_425
CP040689	2224373	TGA	FF952_10740	2223345	1029	CDS		ATG	FF952_10740|CP040689_2223345_2224373_+3_ATG_342
CP040689	2225602	TGA	FF952_10745	2224370	1233	CDS		ATG	FF952_10745|CP040689_2224370_2225602_+2_ATG_410
CP040689	2226870	TGA	FF952_10750	2225599	1272	CDS		GTG	FF952_10750|CP040689_2225599_2226870_+1_GTG_423
CP040689	2228000	TAG	FF952_10755	2226867	1134	CDS		GTG	FF952_10755|CP040689_2226867_2228000_+3_GTG_377
CP040689	2229314	TGA	FF952_10760	2228001	1314	CDS		ATG	FF952_10760|CP040689_2228001_2229314_+3_ATG_437
CP040689	2229911	TGA	FF952_10765	2229336	576	CDS		ATG	FF952_10765|CP040689_2229336_2229911_+3_ATG_191
CP040689	2230390	TGA	FF952_10770	2229908	483	CDS		GTG	FF952_10770|CP040689_2229908_2230390_+2_GTG_160
CP040689	2230780	TGA	FF952_10775	2230403	378	CDS		GTG	FF952_10775|CP040689_2230403_2230780_+2_GTG_125
CP040689	2231461	TAG	FF952_10780	2230796	666	CDS		ATG	FF952_10780|CP040689_2230796_2231461_+2_ATG_221
CP040689	2234642	TGA	FF952_10805	2233893	750	CDS		GTG	FF952_10805|CP040689_2233893_2234642_+3_GTG_249
CP040689	2235385	TGA	FF952_10810	2234639	747	CDS		ATG	FF952_10810|CP040689_2234639_2235385_+2_ATG_248
CP040689	2236591	TGA	FF952_10825	2236385	207	CDS		GTG	FF952_10825|CP040689_2236385_2236591_+2_GTG_68
CP040689	2238039	TGA	FF952_10830	2237233	807	CDS		GTG	FF952_10830|CP040689_2237233_2238039_+1_GTG_268
CP040689	2238995	TGA	FF952_10835	2238147	849	CDS		ATG	FF952_10835|CP040689_2238147_2238995_+3_ATG_282
CP040689	2245159	TGA	FF952_10865	2243483	1677	CDS		GTG	FF952_10865|CP040689_2243483_2245159_+2_GTG_558
CP040689	2246145	TAA	FF952_10875	2245915	231	CDS		ATG	FF952_10875|CP040689_2245915_2246145_+1_ATG_76
CP040689	2247849	TAG	FF952_10885	2247250	600	CDS		GTG	FF952_10885|CP040689_2247250_2247849_+1_GTG_199
CP040689	2248693	TAG	FF952_10890	2248265	429	CDS		ATG	FF952_10890|CP040689_2248265_2248693_+2_ATG_142
CP040689	2249458	TAA	FF952_10895	2248919	540	CDS		GTG	FF952_10895|CP040689_2248919_2249458_+2_GTG_179
CP040689	2249910	TAA	FF952_10900	2249638	273	CDS		ATG	FF952_10900|CP040689_2249638_2249910_+1_ATG_90
CP040689	2251219	TGA	FF952_10915	2250962	258	CDS		ATG	FF952_10915|CP040689_2250962_2251219_+2_ATG_85
CP040689	2256147	TAA	FF952_10950	2255380	768	CDS		GTG	FF952_10950|CP040689_2255380_2256147_+1_GTG_255
CP040689	2257196	TGA	FF952_10955	2256243	954	CDS		ATG	FF952_10955|CP040689_2256243_2257196_+3_ATG_317
CP040689	2260115	TGA	FF952_10960	2257398	2718	CDS		TTG	FF952_10960|CP040689_2257398_2260115_+3_TTG_905
CP040689	2264061	TAA	FF952_10975	2262448	1614	CDS		ATG	FF952_10975|CP040689_2262448_2264061_+1_ATG_537
CP040689	2264823	TAA	FF952_10980	2264071	753	CDS		GTG	FF952_10980|CP040689_2264071_2264823_+1_GTG_250
CP040689	2265681	TAA	FF952_10985	2264899	783	CDS		ATG	FF952_10985|CP040689_2264899_2265681_+1_ATG_260
CP040689	2273224	TGA	FF952_11005	2269241	3984	CDS		GTG	FF952_11005|CP040689_2269241_2273224_+2_GTG_1327
CP040689	2275511	TAG	FF952_11020	2275269	243	CDS		GTG	FF952_11020|CP040689_2275269_2275511_+3_GTG_80
CP040689	2275910	TGA	FF952_11025	2275512	399	CDS		ATG	FF952_11025|CP040689_2275512_2275910_+3_ATG_132
CP040689	2277059	TGA	FF952_11035	2276565	495	CDS		ATG	FF952_11035|CP040689_2276565_2277059_+3_ATG_164
CP040689	2277304	TGA	FF952_11040	2277056	249	CDS		TTG	FF952_11040|CP040689_2277056_2277304_+2_TTG_82
CP040689	2278383	TGA	FF952_11055	2277736	648	CDS		ATC	FF952_11055|CP040689_2277736_2278383_+1_ATC_215
CP040689	2278927	TGA	FF952_11060	2278337	591	CDS		GTG	FF952_11060|CP040689_2278337_2278927_+2_GTG_196
CP040689	2280668	TGA	FF952_11070	2280396	273	CDS		ATG	FF952_11070|CP040689_2280396_2280668_+3_ATG_90
CP040689	2281240	TGA	FF952_11075	2280665	576	CDS		ATG	FF952_11075|CP040689_2280665_2281240_+2_ATG_191
CP040689	2282277	TGA	FF952_11080	2281237	1041	CDS		ATG	FF952_11080|CP040689_2281237_2282277_+1_ATG_346
CP040689	2283238	TGA	FF952_11085	2282519	720	CDS		ATG	FF952_11085|CP040689_2282519_2283238_+2_ATG_239
CP040689	2283644	TAG	FF952_11090	2283228	417	CDS		TTG	FF952_11090|CP040689_2283228_2283644_+3_TTG_138
CP040689	2302363	TAG	FF952_11170	2301368	996	CDS		ATG	FF952_11170|CP040689_2301368_2302363_+2_ATG_331
CP040689	2303856	TGA	FF952_11180	2303533	324	CDS		GTG	FF952_11180|CP040689_2303533_2303856_+1_GTG_107
CP040689	2304341	TGA	FF952_11185	2303853	489	CDS		ATG	FF952_11185|CP040689_2303853_2304341_+3_ATG_162
CP040689	2304979	TAA	FF952_11190	2304338	642	CDS		ATG	FF952_11190|CP040689_2304338_2304979_+2_ATG_213
CP040689	2314164	TGA	FF952_11240	2313508	657	CDS		ATG	FF952_11240|CP040689_2313508_2314164_+1_ATG_218
CP040689	2330395	TGA	FF952_11260	2330060	336	CDS		ATG	FF952_11260|CP040689_2330060_2330395_+2_ATG_111
CP040689	2336077	TAG	FF952_11280	2335364	714	CDS		ATG	FF952_11280|CP040689_2335364_2336077_+2_ATG_237
CP040689	2338948	TGA	FF952_11305	2337413	1536	CDS		GTG	FF952_11305|CP040689_2337413_2338948_+2_GTG_511
CP040689	2343303	TGA	FF952_11320	2343070	234	CDS		ATG	FF952_11320|CP040689_2343070_2343303_+1_ATG_77
CP040689	2343706	TGA	FF952_11325	2343296	411	CDS		TTG	FF952_11325|CP040689_2343296_2343706_+2_TTG_136
CP040689	2344781	TAG	FF952_11330	2343690	1092	CDS		GTG	FF952_11330|CP040689_2343690_2344781_+3_GTG_363
CP040689	2345417	TGA	FF952_11335	2344791	627	CDS		GTG	FF952_11335|CP040689_2344791_2345417_+3_GTG_208
CP040689	2346940	TGA	FF952_11340	2345414	1527	CDS		ATG	FF952_11340|CP040689_2345414_2346940_+2_ATG_508
CP040689	2349740	TAG	FF952_11355	2349183	558	CDS		ATG	FF952_11355|CP040689_2349183_2349740_+3_ATG_185
CP040689	2353641	TGA	FF952_11380	2353228	414	CDS		GTG	FF952_11380|CP040689_2353228_2353641_+1_GTG_137
CP040689	2357608	TAA	FF952_11405	2357294	315	CDS		GTG	FF952_11405|CP040689_2357294_2357608_+2_GTG_104
CP040689	2359560	TGA	FF952_11410	2357590	1971	CDS		ATG	FF952_11410|CP040689_2357590_2359560_+1_ATG_656
CP040689	2360104	TGA	FF952_11415	2359541	564	CDS		ATG	FF952_11415|CP040689_2359541_2360104_+2_ATG_187
CP040689	2360953	TGA	FF952_11425	2360762	192	CDS		ATG	FF952_11425|CP040689_2360762_2360953_+2_ATG_63
CP040689	2363108	TGA	FF952_11430	2360943	2166	CDS		GTG	FF952_11430|CP040689_2360943_2363108_+3_GTG_721
CP040689	2364049	TGA	FF952_11435	2363105	945	CDS		ATG	FF952_11435|CP040689_2363105_2364049_+2_ATG_314
CP040689	2365037	TAG	FF952_11440	2364042	996	CDS		GTG	FF952_11440|CP040689_2364042_2365037_+3_GTG_331
CP040689	2365189	TGA	FF952_11445	2365082	108	CDS		TTG	FF952_11445|CP040689_2365082_2365189_+2_TTG_35
CP040689	2366469	TAG	FF952_11450	2365392	1078	CDS	true	CTG	FF952_11450_p|CP040689_2365392_2366469_+3_CTG_359
CP040689	2368425	TGA	FF952_11455	2366656	1770	CDS		GTG	FF952_11455|CP040689_2366656_2368425_+1_GTG_589
CP040689	2370742	TGA	FF952_11465	2369618	1125	CDS		ATG	FF952_11465|CP040689_2369618_2370742_+2_ATG_374
CP040689	2382295	TGA	FF952_11510	2380643	1653	CDS		ATG	FF952_11510|CP040689_2380643_2382295_+2_ATG_550
CP040689	2385535	TAG	FF952_11515	2382494	3042	CDS		ATG	FF952_11515|CP040689_2382494_2385535_+2_ATG_1013
CP040689	2386361	TGA	FF952_11520	2385528	834	CDS		GTG	FF952_11520|CP040689_2385528_2386361_+3_GTG_277
CP040689	2387634	TAG	FF952_11540	2387444	191	CDS	true	TTG	FF952_11540_p|CP040689_2387444_2387634_+2_TTG_63
CP040689	2388550	TAA	FF952_11545	2388254	297	CDS		ATG	FF952_11545|CP040689_2388254_2388550_+2_ATG_98
CP040689	2389337	TGA	FF952_11550	2388606	732	CDS	true	ATG	FF952_11550_p|CP040689_2388606_2389337_+3_ATG_243
CP040689	2394717	TAG	FF952_11575	2393524	1194	CDS		ATG	FF952_11575|CP040689_2393524_2394717_+1_ATG_397
CP040689	2395351	TGA	FF952_11580	2394728	624	CDS		ATG	FF952_11580|CP040689_2394728_2395351_+2_ATG_207
CP040689	2398034	TGA	FF952_11590	2397465	570	CDS		ATG	FF952_11590|CP040689_2397465_2398034_+3_ATG_189
CP040689	2398335	TAA	FF952_11595	2398042	294	CDS		ATG	FF952_11595|CP040689_2398042_2398335_+1_ATG_97
CP040689	2400116	TAA	FF952_11605	2399280	837	CDS		ATG	FF952_11605|CP040689_2399280_2400116_+3_ATG_278
CP040689	2403386	TAA	FF952_11625	2401965	1422	CDS		GTG	FF952_11625|CP040689_2401965_2403386_+3_GTG_473
CP040689	2408065	TAG	FF952_11635	2407187	879	CDS		GTG	FF952_11635|CP040689_2407187_2408065_+2_GTG_292
CP040689	2410979	TGA	FF952_11645	2409510	1470	CDS		TTG	FF952_11645|CP040689_2409510_2410979_+3_TTG_489
CP040689	2411182	TGA	FF952_11650	2410979	204	CDS		ATG	FF952_11650|CP040689_2410979_2411182_+2_ATG_67
CP040689	2414535	TAA	FF952_11670	2414305	231	CDS		ATG	FF952_11670|CP040689_2414305_2414535_+1_ATG_76
CP040689	2419300	TGA	FF952_11700	2418224	1077	CDS		TTG	FF952_11700|CP040689_2418224_2419300_+2_TTG_358
CP040689	2419578	TGA	FF952_11705	2419297	282	CDS		ATG	FF952_11705|CP040689_2419297_2419578_+1_ATG_93
CP040689	2420687	TAA	FF952_11710	2419614	1074	CDS		ATG	FF952_11710|CP040689_2419614_2420687_+3_ATG_357
CP040689	2424871	TAA	FF952_11740	2423813	1059	CDS		ATG	FF952_11740|CP040689_2423813_2424871_+2_ATG_352
CP040689	2452319	TAA	FF952_11865	2451699	621	CDS		TTG	FF952_11865|CP040689_2451699_2452319_+3_TTG_206
CP040689	2453098	TAG	FF952_11870	2452415	684	CDS		GTG	FF952_11870|CP040689_2452415_2453098_+2_GTG_227
CP040689	2455369	TAA	FF952_11880	2454311	1059	CDS		TTG	FF952_11880|CP040689_2454311_2455369_+2_TTG_352
CP040689	2456923	TAG	FF952_11885	2455373	1551	CDS		ATG	FF952_11885|CP040689_2455373_2456923_+2_ATG_516
CP040689	2458604	TAA	FF952_11895	2457405	1200	CDS		GTG	FF952_11895|CP040689_2457405_2458604_+3_GTG_399
CP040689	2464049	TGA	FF952_11925	2462766	1284	CDS		ATG	FF952_11925|CP040689_2462766_2464049_+3_ATG_427
CP040689	2469426	TAG	FF952_11955	2467624	1803	CDS	true	GTG	FF952_11955_p|CP040689_2467624_2469426_+1_GTG_600
CP040689	2475224	TAA	FF952_11980	2473287	1938	CDS		GTG	FF952_11980|CP040689_2473287_2475224_+3_GTG_645
CP040689	2476980	TGA	FF952_11990	2476369	612	CDS		GTG	FF952_11990|CP040689_2476369_2476980_+1_GTG_203
CP040689	2477863	TGA	FF952_11995	2477021	843	CDS		TTG	FF952_11995|CP040689_2477021_2477863_+2_TTG_280
CP040689	2479149	TGA	FF952_12000	2477860	1290	CDS		ATG	FF952_12000|CP040689_2477860_2479149_+1_ATG_429
CP040689	2480795	TAG	FF952_12005	2479146	1650	CDS		ATG	FF952_12005|CP040689_2479146_2480795_+3_ATG_549
CP040689	2486309	TAA	FF952_12030	2484351	1959	CDS		GTG	FF952_12030|CP040689_2484351_2486309_+3_GTG_652
CP040689	2488277	TAG	FF952_12040	2487585	693	CDS		ATG	FF952_12040|CP040689_2487585_2488277_+3_ATG_230
CP040689	2490686	TAA	FF952_12055	2489976	711	CDS		GTG	FF952_12055|CP040689_2489976_2490686_+3_GTG_236
CP040689	2491850	TGA	FF952_12060	2490765	1086	CDS		ATG	FF952_12060|CP040689_2490765_2491850_+3_ATG_361
CP040689	2492596	TAG	FF952_12065	2491847	750	CDS		GTG	FF952_12065|CP040689_2491847_2492596_+2_GTG_249
CP040689	2494292	TAG	FF952_12070	2492754	1539	CDS		ATG	FF952_12070|CP040689_2492754_2494292_+3_ATG_512
CP040689	2497680	TAG	FF952_12085	2496544	1137	CDS		GTG	FF952_12085|CP040689_2496544_2497680_+1_GTG_378
CP040689	2499239	TAG	FF952_12090	2497692	1548	CDS		GTG	FF952_12090|CP040689_2497692_2499239_+3_GTG_515
CP040689	2502980	TGA	FF952_12100	2501319	1662	CDS		ATG	FF952_12100|CP040689_2501319_2502980_+3_ATG_553
CP040689	2503885	TAG	FF952_12105	2502980	906	CDS		ATG	FF952_12105|CP040689_2502980_2503885_+2_ATG_301
CP040689	2504630	TGA	FF952_12110	2503938	693	CDS		GTG	FF952_12110|CP040689_2503938_2504630_+3_GTG_230
CP040689	2505562	TAG	FF952_12115	2504627	936	CDS		ATG	FF952_12115|CP040689_2504627_2505562_+2_ATG_311
CP040689	2506341	TAA	FF952_12120	2505589	753	CDS		ATG	FF952_12120|CP040689_2505589_2506341_+1_ATG_250
CP040689	2508405	TAA	FF952_12130	2506969	1437	CDS		GTG	FF952_12130|CP040689_2506969_2508405_+1_GTG_478
CP040689	2517941	TGA	FF952_12160	2517096	846	CDS		ATG	FF952_12160|CP040689_2517096_2517941_+3_ATG_281
CP040689	2519727	TGA	FF952_12165	2518186	1542	CDS		ATG	FF952_12165|CP040689_2518186_2519727_+1_ATG_513
CP040689	2520987	TGA	FF952_12175	2520277	711	CDS		GTG	FF952_12175|CP040689_2520277_2520987_+1_GTG_236
CP040689	2526508	TGA	FF952_12210	2525633	876	CDS		GTG	FF952_12210|CP040689_2525633_2526508_+2_GTG_291
CP040689	2526992	TGA	FF952_12215	2526501	492	CDS		GTG	FF952_12215|CP040689_2526501_2526992_+3_GTG_163
CP040689	2527807	TAA	FF952_12220	2526992	816	CDS		ATG	FF952_12220|CP040689_2526992_2527807_+2_ATG_271
CP040689	2529611	TGA	FF952_12230	2528844	768	CDS		ATG	FF952_12230|CP040689_2528844_2529611_+3_ATG_255
CP040689	2534599	TAA	FF952_12260	2531807	2793	CDS		TTG	FF952_12260|CP040689_2531807_2534599_+2_TTG_930
CP040689	2535903	TGA	FF952_12265	2534659	1245	CDS		GTG	FF952_12265|CP040689_2534659_2535903_+1_GTG_414
CP040689	2537050	TAA	FF952_12270	2536142	909	CDS		GTG	FF952_12270|CP040689_2536142_2537050_+2_GTG_302
CP040689	2537473	TGA	FF952_12275	2537126	348	CDS		GTG	FF952_12275|CP040689_2537126_2537473_+2_GTG_115
CP040689	2538720	TGA	FF952_12280	2537470	1251	CDS		GTG	FF952_12280|CP040689_2537470_2538720_+1_GTG_416
CP040689	2540067	TAA	FF952_12285	2538751	1317	CDS		GTG	FF952_12285|CP040689_2538751_2540067_+1_GTG_438
CP040689	2541519	TAG	FF952_12290	2540098	1422	CDS		ATG	FF952_12290|CP040689_2540098_2541519_+1_ATG_473
CP040689	2542530	TGA	FF952_12295	2541715	816	CDS		ATG	FF952_12295|CP040689_2541715_2542530_+1_ATG_271
CP040689	2546349	TGA	FF952_12310	2544760	1590	CDS		ATG	FF952_12310|CP040689_2544760_2546349_+1_ATG_529
CP040689	2547275	TAA	FF952_12315	2546346	930	CDS		ATG	FF952_12315|CP040689_2546346_2547275_+3_ATG_309
CP040689	2547844	TGA	FF952_12320	2547341	504	CDS		ATG	FF952_12320|CP040689_2547341_2547844_+2_ATG_167
CP040689	2548669	TGA	FF952_12335	2548451	219	CDS		GTG	FF952_12335|CP040689_2548451_2548669_+2_GTG_72
CP040689	2551591	TAG	FF952_12355	2551412	180	CDS		ATC	FF952_12355|CP040689_2551412_2551591_+2_ATC_59
CP040689	2552687	TGA	FF952_12360	2551602	1086	CDS		ATG	FF952_12360|CP040689_2551602_2552687_+3_ATG_361
CP040689	2553322	TGA	FF952_12365	2552687	636	CDS		ATG	FF952_12365|CP040689_2552687_2553322_+2_ATG_211
CP040689	2555949	TGA	FF952_12375	2554996	954	CDS		ATG	FF952_12375|CP040689_2554996_2555949_+1_ATG_317
CP040689	2559284	TAA	FF952_12385	2558055	1230	CDS		GTG	FF952_12385|CP040689_2558055_2559284_+3_GTG_409
CP040689	2560745	TGA	FF952_12390	2559459	1287	CDS		ATG	FF952_12390|CP040689_2559459_2560745_+3_ATG_428
CP040689	2564580	TGA	FF952_12410	2564053	528	CDS		ATG	FF952_12410|CP040689_2564053_2564580_+1_ATG_175
CP040689	2564986	TAG	FF952_12415	2564687	300	CDS		ATG	FF952_12415|CP040689_2564687_2564986_+2_ATG_99
CP040689	2565460	TGA	FF952_12420	2565092	369	CDS		GTG	FF952_12420|CP040689_2565092_2565460_+2_GTG_122
CP040689	2565786	TAG	FF952_12425	2565457	330	CDS		GTG	FF952_12425|CP040689_2565457_2565786_+1_GTG_109
CP040689	2567108	TGA	FF952_12435	2566238	871	CDS	true	ATG	FF952_12435_p|CP040689_2566238_2567108_+2_ATG_290
CP040689	2568295	TAG	FF952_12440	2567105	1191	CDS		ATG	FF952_12440|CP040689_2567105_2568295_+2_ATG_396
CP040689	2570937	TGA	FF952_12450	2569558	1380	CDS		ATG	FF952_12450|CP040689_2569558_2570937_+1_ATG_459
CP040689	2572829	TGA	FF952_12455	2571171	1659	CDS		ATG	FF952_12455|CP040689_2571171_2572829_+3_ATG_552
CP040689	2574133	TAA	FF952_12465	2573939	195	CDS		ATG	FF952_12465|CP040689_2573939_2574133_+2_ATG_64
CP040689	2575438	TAG	FF952_12470	2574143	1296	CDS		ATG	FF952_12470|CP040689_2574143_2575438_+2_ATG_431
CP040689	2576808	TAG	FF952_12475	2575471	1338	CDS		GTG	FF952_12475|CP040689_2575471_2576808_+1_GTG_445
CP040689	2579329	TGA	FF952_12485	2577701	1629	CDS		ATG	FF952_12485|CP040689_2577701_2579329_+2_ATG_542
CP040689	2579703	TAA	FF952_12490	2579326	378	CDS		GTG	FF952_12490|CP040689_2579326_2579703_+1_GTG_125
CP040689	2580455	TGA	FF952_12495	2579673	783	CDS		GTG	FF952_12495|CP040689_2579673_2580455_+3_GTG_260
CP040689	2581112	TAA	FF952_12500	2580597	516	CDS		TTG	FF952_12500|CP040689_2580597_2581112_+3_TTG_171
CP040689	2582026	TAG	FF952_12505	2581172	855	CDS		GTG	FF952_12505|CP040689_2581172_2582026_+2_GTG_284
CP040689	2583316	TAG	FF952_12515	2583215	102	CDS	true	TAT	FF952_12515_p|CP040689_2583215_2583316_+2_TAT_33
CP040689	2584549	TAG	FF952_12520	2583326	1224	CDS		GTG	FF952_12520|CP040689_2583326_2584549_+2_GTG_407
CP040689	2585410	TAA	FF952_12525	2584772	639	CDS		ATG	FF952_12525|CP040689_2584772_2585410_+2_ATG_212
CP040689	2586406	TAA	FF952_12530	2585504	903	CDS		ATG	FF952_12530|CP040689_2585504_2586406_+2_ATG_300
CP040689	2586890	TGA	FF952_12535	2586438	453	CDS		ATG	FF952_12535|CP040689_2586438_2586890_+3_ATG_150
CP040689	2588053	TGA	FF952_12540	2587082	972	CDS		ATG	FF952_12540|CP040689_2587082_2588053_+2_ATG_323
CP040689	2591707	TAG	FF952_12555	2591015	693	CDS		GTG	FF952_12555|CP040689_2591015_2591707_+2_GTG_230
CP040689	2592055	TAG	FF952_12560	2591813	243	CDS		ATG	FF952_12560|CP040689_2591813_2592055_+2_ATG_80
CP040689	2595098	TGA	FF952_12580	2593809	1290	CDS		ATG	FF952_12580|CP040689_2593809_2595098_+3_ATG_429
CP040689	2595922	TAG	FF952_12585	2595434	489	CDS		CTG	FF952_12585|CP040689_2595434_2595922_+2_CTG_162
CP040689	2599135	TAA	FF952_12615	2598419	717	CDS		ATG	FF952_12615|CP040689_2598419_2599135_+2_ATG_238
CP040689	2599477	TGA	FF952_12620	2599145	333	CDS		ATG	FF952_12620|CP040689_2599145_2599477_+2_ATG_110
CP040689	2601332	TGA	FF952_12645	2601045	288	CDS		TTG	FF952_12645|CP040689_2601045_2601332_+3_TTG_95
CP040689	2601779	TGA	FF952_12650	2601435	345	CDS		GTG	FF952_12650|CP040689_2601435_2601779_+3_GTG_114
CP040689	2602408	TGA	FF952_12655	2601884	525	CDS		GTG	FF952_12655|CP040689_2601884_2602408_+2_GTG_174
CP040689	2602755	TGA	FF952_12660	2602486	270	CDS		ATG	FF952_12660|CP040689_2602486_2602755_+1_ATG_89
CP040689	2607710	TAG	FF952_12680	2606838	873	CDS		ATG	FF952_12680|CP040689_2606838_2607710_+3_ATG_290
CP040689	2608521	TGA	FF952_12685	2607697	825	CDS		ATG	FF952_12685|CP040689_2607697_2608521_+1_ATG_274
CP040689	2609840	TAG	FF952_12690	2608518	1323	CDS		GTG	FF952_12690|CP040689_2608518_2609840_+3_GTG_440
CP040689	2614779	TAG	FF952_12720	2614333	447	CDS		ATG	FF952_12720|CP040689_2614333_2614779_+1_ATG_148
CP040689	2618478	TAG	FF952_12735	2617987	492	CDS		ATG	FF952_12735|CP040689_2617987_2618478_+1_ATG_163
CP040689	2618701	TAA	FF952_12740	2618513	189	CDS		GTG	FF952_12740|CP040689_2618513_2618701_+2_GTG_62
CP040689	2619878	TAG	FF952_12745	2618730	1149	CDS		ATG	FF952_12745|CP040689_2618730_2619878_+3_ATG_382
CP040689	2622673	TAG	FF952_12760	2622287	387	CDS		GTG	FF952_12760|CP040689_2622287_2622673_+2_GTG_128
CP040689	2623068	TAA	FF952_12765	2622730	339	CDS		ATG	FF952_12765|CP040689_2622730_2623068_+1_ATG_112
CP040689	2624744	TAA	FF952_12770	2623098	1647	CDS		ATG	FF952_12770|CP040689_2623098_2624744_+3_ATG_548
CP040689	2627719	TAA	FF952_12780	2626787	933	CDS		ATG	FF952_12780|CP040689_2626787_2627719_+2_ATG_310
CP040689	2628412	TGA	FF952_12785	2627723	690	CDS		ATG	FF952_12785|CP040689_2627723_2628412_+2_ATG_229
CP040689	2629796	TGA	FF952_12790	2628828	969	CDS		ATG	FF952_12790|CP040689_2628828_2629796_+3_ATG_322
CP040689	2633287	TAG	FF952_12810	2632040	1248	CDS		ATG	FF952_12810|CP040689_2632040_2633287_+2_ATG_415
CP040689	2634090	TGA	FF952_12820	2633614	477	CDS		GTG	FF952_12820|CP040689_2633614_2634090_+1_GTG_158
CP040689	2637015	TGA	FF952_12825	2634127	2889	CDS		ATG	FF952_12825|CP040689_2634127_2637015_+1_ATG_962
CP040689	2637071	GGC	FF952_12830	2636972	100	CDS	true	GCC	FF952_12830_p|CP040689_2636972_2637071_+2_GCC_33
CP040689	2639450	TGA	FF952_12845	2639031	420	CDS		ATG	FF952_12845|CP040689_2639031_2639450_+3_ATG_139
CP040689	2639963	TGA	FF952_12850	2639706	258	CDS		TTG	FF952_12850|CP040689_2639706_2639963_+3_TTG_85
CP040689	2645237	TAA	FF952_12865	2643255	1983	CDS		ATG	FF952_12865|CP040689_2643255_2645237_+3_ATG_660
CP040689	2656413	GTC	FF952_12910	2656189	225	CDS	true	ATG	FF952_12910_p|CP040689_2656189_2656413_+1_ATG_75
CP040689	2660113	TGA	FF952_12925	2659934	180	CDS		GTG	FF952_12925|CP040689_2659934_2660113_+2_GTG_59
CP040689	2660531	TGA	FF952_12930	2660124	408	CDS		ATG	FF952_12930|CP040689_2660124_2660531_+3_ATG_135
CP040689	2660920	TAG	FF952_12935	2660528	393	CDS		ATG	FF952_12935|CP040689_2660528_2660920_+2_ATG_130
CP040689	2664652	TAA	FF952_12955	2663198	1455	CDS		GTG	FF952_12955|CP040689_2663198_2664652_+2_GTG_484
CP040689	2670816	TGA	FF952_12995	2670529	288	CDS		GTG	FF952_12995|CP040689_2670529_2670816_+1_GTG_95
CP040689	2674460	TGA	FF952_13015	2674143	318	CDS		ATG	FF952_13015|CP040689_2674143_2674460_+3_ATG_105
CP040689	2696511	TGA	FF952_13060	2694814	1698	CDS		ATG	FF952_13060|CP040689_2694814_2696511_+1_ATG_565
CP040689	2697527	TGA	FF952_13065	2696607	921	CDS		ATG	FF952_13065|CP040689_2696607_2697527_+3_ATG_306
CP040689	2699545	TAA	FF952_13075	2699336	210	CDS		ATG	FF952_13075|CP040689_2699336_2699545_+2_ATG_69
CP040689	2700896	TAG	FF952_13080	2699643	1254	CDS		ATG	FF952_13080|CP040689_2699643_2700896_+3_ATG_417
CP040689	2705248	TGA	FF952_13100	2703557	1692	CDS		ATG	FF952_13100|CP040689_2703557_2705248_+2_ATG_563
CP040689	2706009	TGA	FF952_13105	2705245	765	CDS		ATG	FF952_13105|CP040689_2705245_2706009_+1_ATG_254
CP040689	2706905	TAG	FF952_13110	2706039	867	CDS		ATG	FF952_13110|CP040689_2706039_2706905_+3_ATG_288
CP040689	2708873	TGA	FF952_13115	2706942	1932	CDS		GTG	FF952_13115|CP040689_2706942_2708873_+3_GTG_643
CP040689	2711007	TAA	FF952_13120	2709004	2004	CDS		ATG	FF952_13120|CP040689_2709004_2711007_+1_ATG_667
CP040689	2711371	TGA	FF952_13125	2711156	216	CDS		TTG	FF952_13125|CP040689_2711156_2711371_+2_TTG_71
CP040689	2711647	TAG	FF952_13130	2711483	165	CDS		GTG	FF952_13130|CP040689_2711483_2711647_+2_GTG_54
CP040689	2712816	TAG	FF952_13135	2711731	1086	CDS		ATG	FF952_13135|CP040689_2711731_2712816_+1_ATG_361
CP040689	2716989	TGA	FF952_13160	2716660	330	CDS		GTG	FF952_13160|CP040689_2716660_2716989_+1_GTG_109
CP040689	2719389	TAG	FF952_13170	2717461	1929	CDS		ATG	FF952_13170|CP040689_2717461_2719389_+1_ATG_642
CP040689	2722770	TAA	FF952_13185	2722201	570	CDS		TTG	FF952_13185|CP040689_2722201_2722770_+1_TTG_189
CP040689	2724471	TAG	FF952_13195	2723629	843	CDS		ATG	FF952_13195|CP040689_2723629_2724471_+1_ATG_280
CP040689	2724832	TGA	FF952_13205	2724554	279	CDS		GTG	FF952_13205|CP040689_2724554_2724832_+2_GTG_92
CP040689	2725272	AGC	FF952_13210	2725018	255	CDS	true	ATG	FF952_13210_p|CP040689_2725018_2725272_+1_ATG_85
CP040689	2729288	TGA	FF952_13230	2729028	261	CDS		GTG	FF952_13230|CP040689_2729028_2729288_+3_GTG_86
CP040689	2738308	TAG	FF952_13285	2738036	273	CDS		ATG	FF952_13285|CP040689_2738036_2738308_+2_ATG_90
CP040689	2739596	TGA	FF952_13290	2738550	1047	CDS		GTG	FF952_13290|CP040689_2738550_2739596_+3_GTG_348
CP040689	2745713	TAA	FF952_13325	2745126	588	CDS		ATG	FF952_13325|CP040689_2745126_2745713_+3_ATG_195
CP040689	2746272	TAA	FF952_13330	2745739	534	CDS		ATG	FF952_13330|CP040689_2745739_2746272_+1_ATG_177
CP040689	2753077	TGA	FF952_13370	2752163	915	CDS		ATG	FF952_13370|CP040689_2752163_2753077_+2_ATG_304
CP040689	2753728	TAG	FF952_13380	2753291	438	CDS		GTG	FF952_13380|CP040689_2753291_2753728_+2_GTG_145
CP040689	2761117	TAG	FF952_13415	2759642	1476	CDS		ATG	FF952_13415|CP040689_2759642_2761117_+2_ATG_491
CP040689	2771593	TGA	FF952_13455	2771195	399	CDS		GTG	FF952_13455|CP040689_2771195_2771593_+2_GTG_132
CP040689	2779620	TGA	FF952_13490	2778712	909	CDS		GTG	FF952_13490|CP040689_2778712_2779620_+1_GTG_302
CP040689	2781313	TAA	FF952_13495	2779787	1527	CDS		ATG	FF952_13495|CP040689_2779787_2781313_+2_ATG_508
CP040689	2785772	TAG	FF952_13525	2784588	1185	CDS		ATG	FF952_13525|CP040689_2784588_2785772_+3_ATG_394
CP040689	2790504	TAG	FF952_13545	2787919	2586	CDS		GTG	FF952_13545|CP040689_2787919_2790504_+1_GTG_861
CP040689	2792497	TGA	FF952_13565	2792111	387	CDS		ATG	FF952_13565|CP040689_2792111_2792497_+2_ATG_128
CP040689	2794137	TAG	FF952_13570	2792497	1641	CDS		ATG	FF952_13570|CP040689_2792497_2794137_+1_ATG_546
CP040689	2794498	TAA	FF952_13575	2794205	294	CDS		ATG	FF952_13575|CP040689_2794205_2794498_+2_ATG_97
CP040689	2795217	TGA	FF952_13580	2794501	717	CDS		GTG	FF952_13580|CP040689_2794501_2795217_+1_GTG_238
CP040689	2804094	TAG	FF952_13610	2803837	258	CDS		ATG	FF952_13610|CP040689_2803837_2804094_+1_ATG_85
CP040689	2812695	TAG	FF952_13645	2811925	771	CDS		ATG	FF952_13645|CP040689_2811925_2812695_+1_ATG_256
CP040689	2824858	TAG	FF952_13675	2824235	624	CDS		ATG	FF952_13675|CP040689_2824235_2824858_+2_ATG_207
CP040689	2825600	TAG	FF952_13680	2824848	753	CDS		ATG	FF952_13680|CP040689_2824848_2825600_+3_ATG_250
CP040689	2825874	TGA	FF952_13685	2825653	222	CDS		GTG	FF952_13685|CP040689_2825653_2825874_+1_GTG_73
CP040689	2826305	TAA	FF952_13690	2825880	426	CDS		GTG	FF952_13690|CP040689_2825880_2826305_+3_GTG_141
CP040689	2839929	TAG	FF952_13750	2839282	648	CDS		GTG	FF952_13750|CP040689_2839282_2839929_+1_GTG_215
CP040689	2840829	TAG	FF952_13755	2840008	822	CDS		ATG	FF952_13755|CP040689_2840008_2840829_+1_ATG_273
CP040689	2843054	TAG	FF952_13765	2842248	807	CDS		ATG	FF952_13765|CP040689_2842248_2843054_+3_ATG_268
CP040689	2845374	TAA	FF952_13775	2844727	648	CDS		GTG	FF952_13775|CP040689_2844727_2845374_+1_GTG_215
CP040689	2846062	GCC	FF952_13785	2845829	234	CDS	true	ATG	FF952_13785_p|CP040689_2845829_2846062_+2_ATG_78
CP040689	2847510	TGA	FF952_13795	2847373	138	CDS		TTG	FF952_13795|CP040689_2847373_2847510_+1_TTG_45
CP040689	2847709	TAA	FF952_13800	2847524	186	CDS		ATG	FF952_13800|CP040689_2847524_2847709_+2_ATG_61
CP040689	2848153	TAA	FF952_13805	2847731	423	CDS		GTG	FF952_13805|CP040689_2847731_2848153_+2_GTG_140
CP040689	2848406	TGA	FF952_13810	2848161	246	CDS		ATG	FF952_13810|CP040689_2848161_2848406_+3_ATG_81
CP040689	2854833	TAG	FF952_13850	2853355	1479	CDS		GTG	FF952_13850|CP040689_2853355_2854833_+1_GTG_492
CP040689	2855727	TAG	FF952_13860	2855254	474	CDS		GTG	FF952_13860|CP040689_2855254_2855727_+1_GTG_157
CP040689	2867391	TAG	FF952_13880	2867146	246	CDS		GTG	FF952_13880|CP040689_2867146_2867391_+1_GTG_81
CP040689	2868480	TGA	FF952_13890	2868145	336	CDS		ATG	FF952_13890|CP040689_2868145_2868480_+1_ATG_111
CP040689	2868888	TGA	FF952_13895	2868661	228	CDS		ATG	FF952_13895|CP040689_2868661_2868888_+1_ATG_75
CP040689	2869286	TAG	FF952_13900	2868885	402	CDS		ATG	FF952_13900|CP040689_2868885_2869286_+3_ATG_133
CP040689	2871836	TGA	FF952_13910	2870445	1392	CDS		GTG	FF952_13910|CP040689_2870445_2871836_+3_GTG_463
CP040689	2878715	TAA	FF952_13950	2878023	693	CDS		ATG	FF952_13950|CP040689_2878023_2878715_+3_ATG_230
CP040689	2882405	TGA	FF952_13975	2881998	408	CDS		ATG	FF952_13975|CP040689_2881998_2882405_+3_ATG_135
CP040689	2883912	TGA	FF952_13980	2882701	1212	CDS		GTG	FF952_13980|CP040689_2882701_2883912_+1_GTG_403
CP040689	2884698	TGA	FF952_13990	2884039	660	CDS		GTG	FF952_13990|CP040689_2884039_2884698_+1_GTG_219
CP040689	2885357	TGA	FF952_13995	2884695	663	CDS		TTG	FF952_13995|CP040689_2884695_2885357_+3_TTG_220
CP040689	2885632	TAG	FF952_14000	2885354	279	CDS		GTG	FF952_14000|CP040689_2885354_2885632_+2_GTG_92
CP040689	2886138	TAA	FF952_14005	2885725	414	CDS		ATG	FF952_14005|CP040689_2885725_2886138_+1_ATG_137
CP040689	2886434	TGA	FF952_14010	2886177	258	CDS		ATG	FF952_14010|CP040689_2886177_2886434_+3_ATG_85
CP040689	2886808	TGA	FF952_14015	2886431	378	CDS		GTG	FF952_14015|CP040689_2886431_2886808_+2_GTG_125
CP040689	2895317	TGA	FF952_14070	2894643	675	CDS		TTG	FF952_14070|CP040689_2894643_2895317_+3_TTG_224
CP040689	2896112	TGA	FF952_14075	2895402	711	CDS		TTG	FF952_14075|CP040689_2895402_2896112_+3_TTG_236
CP040689	2898623	TAG	FF952_14085	2897646	978	CDS		ATG	FF952_14085|CP040689_2897646_2898623_+3_ATG_325
CP040689	2899717	TAA	FF952_14100	2898980	738	CDS		ATG	FF952_14100|CP040689_2898980_2899717_+2_ATG_245
CP040689	2900909	TAG	FF952_14105	2899860	1050	CDS		ATG	FF952_14105|CP040689_2899860_2900909_+3_ATG_349
CP040689	2901904	TAG	FF952_14110	2900912	993	CDS		ATG	FF952_14110|CP040689_2900912_2901904_+2_ATG_330
CP040689	2903932	TGA	FF952_14115	2902181	1752	CDS		ATG	FF952_14115|CP040689_2902181_2903932_+2_ATG_583
CP040689	2907365	TAA	FF952_14120	2903943	3423	CDS		GTG	FF952_14120|CP040689_2903943_2907365_+3_GTG_1140
CP040689	2910019	TAA	FF952_14125	2907365	2655	CDS		ATG	FF952_14125|CP040689_2907365_2910019_+2_ATG_884
CP040689	2912471	TGA	FF952_14140	2912082	390	CDS		GTG	FF952_14140|CP040689_2912082_2912471_+3_GTG_129
CP040689	2916353	TAG	FF952_14155	2915478	876	CDS		ATT	FF952_14155|CP040689_2915478_2916353_+3_ATT_291
CP040689	2916879	TAG	FF952_14160	2916376	504	CDS		ATG	FF952_14160|CP040689_2916376_2916879_+1_ATG_167
CP040689	2917790	TAG	FF952_14165	2916909	882	CDS		ATG	FF952_14165|CP040689_2916909_2917790_+3_ATG_293
CP040689	2920077	TAG	FF952_14175	2918488	1590	CDS		GTG	FF952_14175|CP040689_2918488_2920077_+1_GTG_529
CP040689	2922111	TGA	FF952_14185	2921209	903	CDS		ATG	FF952_14185|CP040689_2921209_2922111_+1_ATG_300
CP040689	2925310	TAG	FF952_14200	2924384	927	CDS		ATG	FF952_14200|CP040689_2924384_2925310_+2_ATG_308
CP040689	2935279	TGA	FF952_14240	2933930	1350	CDS		GTG	FF952_14240|CP040689_2933930_2935279_+2_GTG_449
CP040689	2938947	TGA	FF952_14245	2935441	3507	CDS		ATG	FF952_14245|CP040689_2935441_2938947_+1_ATG_1168
CP040689	2940761	TAG	FF952_14250	2939121	1641	CDS		ATG	FF952_14250|CP040689_2939121_2940761_+3_ATG_546
CP040689	2943316	TGA	FF952_14270	2943071	246	CDS		ATG	FF952_14270|CP040689_2943071_2943316_+2_ATG_81
CP040689	2943717	TGA	FF952_14275	2943313	405	CDS		GTG	FF952_14275|CP040689_2943313_2943717_+1_GTG_134
CP040689	2944554	TAG	FF952_14280	2943934	621	CDS		GTG	FF952_14280|CP040689_2943934_2944554_+1_GTG_206
CP040689	2945059	TGA	FF952_14285	2944565	495	CDS		GTG	FF952_14285|CP040689_2944565_2945059_+2_GTG_164
CP040689	2945487	TAA	FF952_14290	2945056	432	CDS		ATG	FF952_14290|CP040689_2945056_2945487_+1_ATG_143
CP040689	2945970	TGA	FF952_14295	2945569	402	CDS		GTG	FF952_14295|CP040689_2945569_2945970_+1_GTG_133
CP040689	2947538	TAG	FF952_14300	2945967	1572	CDS		ATG	FF952_14300|CP040689_2945967_2947538_+3_ATG_523
CP040689	2947936	TGA	FF952_14305	2947649	288	CDS		ATG	FF952_14305|CP040689_2947649_2947936_+2_ATG_95
CP040689	2948363	TGA	FF952_14310	2947923	441	CDS		ATG	FF952_14310|CP040689_2947923_2948363_+3_ATG_146
CP040689	2952451	TGA	FF952_14335	2951777	675	CDS		ATG	FF952_14335|CP040689_2951777_2952451_+2_ATG_224
CP040689	2954367	TAA	FF952_14340	2952625	1743	CDS		ATG	FF952_14340|CP040689_2952625_2954367_+1_ATG_580
CP040689	2961182	TAG	FF952_14375	2960955	228	CDS		GTG	FF952_14375|CP040689_2960955_2961182_+3_GTG_75
CP040689	2963418	TGA	FF952_14385	2962918	501	CDS		GTG	FF952_14385|CP040689_2962918_2963418_+1_GTG_166
CP040689	2964699	TGA	FF952_14395	2964022	678	CDS		GTG	FF952_14395|CP040689_2964022_2964699_+1_GTG_225
CP040689	2967045	TGA	FF952_14415	2966224	822	CDS		ATG	FF952_14415|CP040689_2966224_2967045_+1_ATG_273
CP040689	2968074	TAG	FF952_14420	2967181	894	CDS		ATG	FF952_14420|CP040689_2967181_2968074_+1_ATG_297
CP040689	2973008	TAA	FF952_14445	2972646	363	CDS		ATG	FF952_14445|CP040689_2972646_2973008_+3_ATG_120
CP040689	2974479	TAG	FF952_14450	2973355	1125	CDS		ATG	FF952_14450|CP040689_2973355_2974479_+1_ATG_374
CP040689	2975020	TGA	FF952_14455	2974481	540	CDS		ATG	FF952_14455|CP040689_2974481_2975020_+2_ATG_179
CP040689	2976457	TGA	FF952_14460	2975159	1299	CDS		ATG	FF952_14460|CP040689_2975159_2976457_+2_ATG_432
CP040689	2980299	TGA	FF952_14485	2980057	243	CDS		ATG	FF952_14485|CP040689_2980057_2980299_+1_ATG_80
CP040689	2980977	TGA	FF952_14490	2980300	678	CDS		GTG	FF952_14490|CP040689_2980300_2980977_+1_GTG_225
CP040689	2981829	TGA	FF952_14495	2981173	657	CDS		ATG	FF952_14495|CP040689_2981173_2981829_+1_ATG_218
CP040689	2982438	TGA	FF952_14500	2981992	447	CDS		ATG	FF952_14500|CP040689_2981992_2982438_+1_ATG_148
CP040689	2983984	TAA	FF952_14515	2983526	459	CDS		ATG	FF952_14515|CP040689_2983526_2983984_+2_ATG_152
CP040689	2984500	TGA	FF952_14520	2984120	381	CDS		ATG	FF952_14520|CP040689_2984120_2984500_+2_ATG_126
CP040689	2985993	TAG	FF952_14525	2984497	1497	CDS		ATG	FF952_14525|CP040689_2984497_2985993_+1_ATG_498
CP040689	2986419	TGA	FF952_14530	2986183	237	CDS		ATC	FF952_14530|CP040689_2986183_2986419_+1_ATC_78
CP040689	2986665	TGA	FF952_14535	2986492	174	CDS		ATC	FF952_14535|CP040689_2986492_2986665_+1_ATC_57
CP040689	2988359	TAG	FF952_14570	2988087	273	CDS		ATG	FF952_14570|CP040689_2988087_2988359_+3_ATG_90
CP040689	2988691	TGA	FF952_14575	2988458	234	CDS		GTG	FF952_14575|CP040689_2988458_2988691_+2_GTG_77
CP040689	2988956	TAA	FF952_14580	2988702	255	CDS		GTG	FF952_14580|CP040689_2988702_2988956_+3_GTG_84
CP040689	2989585	TAA	FF952_14590	2989304	282	CDS		ATG	FF952_14590|CP040689_2989304_2989585_+2_ATG_93
CP040689	2990458	AAT	FF952_14600	2989676	783	CDS	true	ATG	FF952_14600_p|CP040689_2989676_2990458_+2_ATG_261
CP040689	2991259	TGA	FF952_14605	2990501	759	CDS		ATG	FF952_14605|CP040689_2990501_2991259_+2_ATG_252
CP040689	2991859	TGA	FF952_14610	2991338	522	CDS		ATG	FF952_14610|CP040689_2991338_2991859_+2_ATG_173
CP040689	2992358	TGA	FF952_14615	2991888	471	CDS		GTG	FF952_14615|CP040689_2991888_2992358_+3_GTG_156
CP040689	2994220	TGA	FF952_14625	2993444	777	CDS		ATG	FF952_14625|CP040689_2993444_2994220_+2_ATG_258
CP040689	2995873	TGA	FF952_14630	2994287	1587	CDS		ATG	FF952_14630|CP040689_2994287_2995873_+2_ATG_528
CP040689	2997197	TGA	FF952_14635	2995896	1302	CDS		GTG	FF952_14635|CP040689_2995896_2997197_+3_GTG_433
CP040689	2997776	TAG	FF952_14645	2997366	411	CDS		ATG	FF952_14645|CP040689_2997366_2997776_+3_ATG_136
CP040689	3002605	TGA	FF952_14670	3001775	831	CDS		ATG	FF952_14670|CP040689_3001775_3002605_+2_ATG_276
CP040689	3003346	TGA	FF952_14675	3002714	633	CDS		TTG	FF952_14675|CP040689_3002714_3003346_+2_TTG_210
CP040689	3004664	TAG	FF952_14680	3003348	1317	CDS		ATG	FF952_14680|CP040689_3003348_3004664_+3_ATG_438
CP040689	3006689	GGC	FF952_14690	3006482	208	CDS	true	GTG	FF952_14690_p|CP040689_3006482_3006689_+2_GTG_69
CP040689	3007218	TGA	FF952_14695	3006721	498	CDS		ATG	FF952_14695|CP040689_3006721_3007218_+1_ATG_165
CP040689	3008512	TGA	FF952_14700	3007223	1290	CDS		GTG	FF952_14700|CP040689_3007223_3008512_+2_GTG_429
CP040689	3009878	TAA	FF952_14705	3008592	1287	CDS		ATG	FF952_14705|CP040689_3008592_3009878_+3_ATG_428
CP040689	3013885	TGA	FF952_14730	3013628	258	CDS		GTG	FF952_14730|CP040689_3013628_3013885_+2_GTG_85
CP040689	3016636	TGA	FF952_14740	3015953	684	CDS		ATG	FF952_14740|CP040689_3015953_3016636_+2_ATG_227
CP040689	3017295	TAA	FF952_14745	3016633	663	CDS		ATG	FF952_14745|CP040689_3016633_3017295_+1_ATG_220
CP040689	3019232	TGA	FF952_14760	3018525	708	CDS		ATG	FF952_14760|CP040689_3018525_3019232_+3_ATG_235
CP040689	3021267	TGA	FF952_14775	3020782	486	CDS		GTG	FF952_14775|CP040689_3020782_3021267_+1_GTG_161
CP040689	3022461	TGA	FF952_14785	3021811	651	CDS		GTG	FF952_14785|CP040689_3021811_3022461_+1_GTG_216
CP040689	3024263	TGA	FF952_14795	3023466	798	CDS		ATG	FF952_14795|CP040689_3023466_3024263_+3_ATG_265
CP040689	3026029	TGA	FF952_14800	3024443	1587	CDS		GTG	FF952_14800|CP040689_3024443_3026029_+2_GTG_528
CP040689	3026494	TAG	FF952_14805	3026066	429	CDS		ATG	FF952_14805|CP040689_3026066_3026494_+2_ATG_142
CP040689	3028155	TAG	FF952_14820	3027181	975	CDS		ATG	FF952_14820|CP040689_3027181_3028155_+1_ATG_324
CP040689	3028893	TAG	FF952_14830	3028447	447	CDS		ATG	FF952_14830|CP040689_3028447_3028893_+1_ATG_148
CP040689	3030040	TGA	FF952_14835	3029069	972	CDS		ATG	FF952_14835|CP040689_3029069_3030040_+2_ATG_323
CP040689	3030865	TGA	FF952_14840	3030173	693	CDS		ATG	FF952_14840|CP040689_3030173_3030865_+2_ATG_230
CP040689	3033455	TGA	FF952_14850	3032049	1407	CDS		ATG	FF952_14850|CP040689_3032049_3033455_+3_ATG_468
CP040689	3034647	TAA	FF952_14855	3033673	975	CDS		ATG	FF952_14855|CP040689_3033673_3034647_+1_ATG_324
CP040689	3035731	TGA	FF952_14860	3034706	1026	CDS		ATG	FF952_14860|CP040689_3034706_3035731_+2_ATG_341
CP040689	3036466	TGA	FF952_14865	3035780	687	CDS		ATG	FF952_14865|CP040689_3035780_3036466_+2_ATG_228
CP040689	3039106	TGA	FF952_14885	3038396	711	CDS		ATG	FF952_14885|CP040689_3038396_3039106_+2_ATG_236
CP040689	3041491	TGA	FF952_14895	3041243	249	CDS		ATG	FF952_14895|CP040689_3041243_3041491_+2_ATG_82
CP040689	3042710	TGA	FF952_14900	3041517	1194	CDS		ATG	FF952_14900|CP040689_3041517_3042710_+3_ATG_397
CP040689	3049626	TGA	FF952_14935	3049150	477	CDS		ATG	FF952_14935|CP040689_3049150_3049626_+1_ATG_158
CP040689	3050986	TAA	FF952_14940	3049634	1353	CDS		ATG	FF952_14940|CP040689_3049634_3050986_+2_ATG_450
CP040689	3053331	TAA	FF952_14955	3053056	276	CDS		GTG	FF952_14955|CP040689_3053056_3053331_+1_GTG_91
CP040689	3054283	TGA	FF952_14960	3053429	855	CDS		ATG	FF952_14960|CP040689_3053429_3054283_+2_ATG_284
CP040689	3058400	TGA	FF952_14980	3058227	174	CDS		GTG	FF952_14980|CP040689_3058227_3058400_+3_GTG_57
CP040689	3060290	TAG	FF952_14995	3059841	450	CDS		ATG	FF952_14995|CP040689_3059841_3060290_+3_ATG_149
CP040689	3060463	TGA	FF952_15000	3060197	267	CDS		GTG	FF952_15000|CP040689_3060197_3060463_+2_GTG_88
CP040689	3062099	TGA	FF952_15005	3060522	1578	CDS		ATG	FF952_15005|CP040689_3060522_3062099_+3_ATG_525
CP040689	3066394	TAG	FF952_15035	3065870	525	CDS		GTG	FF952_15035|CP040689_3065870_3066394_+2_GTG_174
CP040689	3069427	TGA	FF952_15045	3069113	315	CDS		ATG	FF952_15045|CP040689_3069113_3069427_+2_ATG_104
CP040689	3070242	TAG	FF952_15050	3069424	819	CDS		GTG	FF952_15050|CP040689_3069424_3070242_+1_GTG_272
CP040689	3071136	TGA	FF952_15055	3070246	891	CDS		ATG	FF952_15055|CP040689_3070246_3071136_+1_ATG_296
CP040689	3081981	TAG	FF952_15125	3081244	738	CDS		ATG	FF952_15125|CP040689_3081244_3081981_+1_ATG_245
CP040689	3089978	TAA	FF952_15180	3089517	462	CDS		ATG	FF952_15180|CP040689_3089517_3089978_+3_ATG_153
CP040689	3094544	TGA	FF952_15205	3093429	1116	CDS		ATG	FF952_15205|CP040689_3093429_3094544_+3_ATG_371
CP040689	3103483	TGA	FF952_15240	3101720	1764	CDS		ATG	FF952_15240|CP040689_3101720_3103483_+2_ATG_587
CP040689	3104254	TGA	FF952_15245	3103568	687	CDS	true	GTG	FF952_15245_p|CP040689_3103568_3104254_+2_GTG_228
CP040689	3115006	TAG	FF952_15300	3114377	630	CDS		TTG	FF952_15300|CP040689_3114377_3115006_+2_TTG_209
CP040689	3116674	TAA	FF952_15305	3115025	1650	CDS		GTG	FF952_15305|CP040689_3115025_3116674_+2_GTG_549
CP040689	3118898	TGA	FF952_15325	3118623	276	CDS		ATG	FF952_15325|CP040689_3118623_3118898_+3_ATG_91
CP040689	3119403	TGA	FF952_15330	3119038	366	CDS		GTG	FF952_15330|CP040689_3119038_3119403_+1_GTG_121
CP040689	3119880	TGA	FF952_15335	3119476	405	CDS		ATG	FF952_15335|CP040689_3119476_3119880_+1_ATG_134
CP040689	3120068	TAG	FF952_15340	3119877	192	CDS		GTG	FF952_15340|CP040689_3119877_3120068_+3_GTG_63
CP040689	3121421	TAA	FF952_15345	3120267	1155	CDS		GTG	FF952_15345|CP040689_3120267_3121421_+3_GTG_384
CP040689	3121912	TAA	FF952_15350	3121655	258	CDS		GTG	FF952_15350|CP040689_3121655_3121912_+2_GTG_85
CP040689	3122328	TGA	FF952_15355	3122017	312	CDS		ATG	FF952_15355|CP040689_3122017_3122328_+1_ATG_103
CP040689	3123356	TAG	FF952_15365	3122748	609	CDS		GTG	FF952_15365|CP040689_3122748_3123356_+3_GTG_202
CP040689	3124836	TGA	FF952_15370	3123427	1410	CDS		GTG	FF952_15370|CP040689_3123427_3124836_+1_GTG_469
CP040689	3125645	TGA	FF952_15375	3124833	813	CDS		ATG	FF952_15375|CP040689_3124833_3125645_+3_ATG_270
CP040689	3145697	TAG	FF952_15465	3144948	750	CDS		ATG	FF952_15465|CP040689_3144948_3145697_+3_ATG_249
CP040689	3158393	TGA	FF952_15525	3157848	546	CDS		GTG	FF952_15525|CP040689_3157848_3158393_+3_GTG_181
CP040689	3158878	TAG	FF952_15530	3158390	489	CDS		ATG	FF952_15530|CP040689_3158390_3158878_+2_ATG_162
CP040689	3171792	TGA	FF952_15575	3169945	1848	CDS		ATG	FF952_15575|CP040689_3169945_3171792_+1_ATG_615
CP040689	3172869	TGA	FF952_15580	3171829	1041	CDS		GTG	FF952_15580|CP040689_3171829_3172869_+1_GTG_346
CP040689	3174261	TGA	FF952_15585	3172882	1380	CDS		ATG	FF952_15585|CP040689_3172882_3174261_+1_ATG_459
CP040689	3175479	TGA	FF952_15590	3174361	1119	CDS		ATG	FF952_15590|CP040689_3174361_3175479_+1_ATG_372
CP040689	3175877	TAA	FF952_15595	3175545	333	CDS		GTG	FF952_15595|CP040689_3175545_3175877_+3_GTG_110
CP040689	3176104	TGA	FF952_15600	3175889	216	CDS		ATG	FF952_15600|CP040689_3175889_3176104_+2_ATG_71
CP040689	3176207	TGA	FF952_15605	3176025	183	CDS		ATG	FF952_15605|CP040689_3176025_3176207_+3_ATG_60
CP040689	3182672	TGA	FF952_15640	3182478	195	CDS		ATG	FF952_15640|CP040689_3182478_3182672_+3_ATG_64
CP040689	3183049	TGA	FF952_15645	3182669	381	CDS		ATG	FF952_15645|CP040689_3182669_3183049_+2_ATG_126
CP040689	3185495	TGA	FF952_15655	3185214	282	CDS		ATG	FF952_15655|CP040689_3185214_3185495_+3_ATG_93
CP040689	3185762	TAG	FF952_15660	3185499	264	CDS		GTG	FF952_15660|CP040689_3185499_3185762_+3_GTG_87
CP040689	3191072	TGA	FF952_15685	3190815	258	CDS		GTG	FF952_15685|CP040689_3190815_3191072_+3_GTG_85
CP040689	3191502	TAA	FF952_15690	3191059	444	CDS		ATG	FF952_15690|CP040689_3191059_3191502_+1_ATG_147
CP040689	3192244	TAA	FF952_15695	3191582	663	CDS		ATG	FF952_15695|CP040689_3191582_3192244_+2_ATG_220
CP040689	3192531	TGA	FF952_15700	3192340	192	CDS		ATG	FF952_15700|CP040689_3192340_3192531_+1_ATG_63
CP040689	3194611	TGA	FF952_15705	3192524	2088	CDS		ATG	FF952_15705|CP040689_3192524_3194611_+2_ATG_695
CP040689	3195288	TAA	FF952_15710	3194707	582	CDS		ATG	FF952_15710|CP040689_3194707_3195288_+1_ATG_193
CP040689	3195654	TAG	FF952_15715	3195340	315	CDS		ATG	FF952_15715|CP040689_3195340_3195654_+1_ATG_104
CP040689	3201937	TGA	FF952_15755	3201179	759	CDS		ATG	FF952_15755|CP040689_3201179_3201937_+2_ATG_252
CP040689	3204637	TAG	FF952_15770	3204218	420	CDS		ATG	FF952_15770|CP040689_3204218_3204637_+2_ATG_139
CP040689	3208802	TGA	FF952_15790	3208053	750	CDS		TTG	FF952_15790|CP040689_3208053_3208802_+3_TTG_249
CP040689	3211184	TAG	FF952_15800	3210207	978	CDS		ATG	FF952_15800|CP040689_3210207_3211184_+3_ATG_325
CP040689	3223359	TGA	FF952_15860	3222415	945	CDS		ATG	FF952_15860|CP040689_3222415_3223359_+1_ATG_314
CP040689	3227001	TAG	FF952_15890	3226126	876	CDS		ATG	FF952_15890|CP040689_3226126_3227001_+1_ATG_291
CP040689	3236030	TGA	FF952_15920	3234150	1881	CDS		GTG	FF952_15920|CP040689_3234150_3236030_+3_GTG_626
CP040689	3250602	TAG	FF952_15985	3249817	786	CDS		ATG	FF952_15985|CP040689_3249817_3250602_+1_ATG_261
CP040689	3250900	TGA	FF952_15990	3250589	312	CDS		ATG	FF952_15990|CP040689_3250589_3250900_+2_ATG_103
CP040689	3253067	TGA	FF952_15995	3251316	1752	CDS		ATG	FF952_15995|CP040689_3251316_3253067_+3_ATG_583
CP040689	3258694	TGA	FF952_16000	3253064	5631	CDS		ATG	FF952_16000|CP040689_3253064_3258694_+2_ATG_1876
CP040689	3263307	TGA	FF952_16005	3258691	4617	CDS		GTG	FF952_16005|CP040689_3258691_3263307_+1_GTG_1538
CP040689	3269870	TGA	FF952_16010	3263304	6567	CDS		ATG	FF952_16010|CP040689_3263304_3269870_+3_ATG_2188
CP040689	3275350	TAA	FF952_16015	3269867	5484	CDS		ATG	FF952_16015|CP040689_3269867_3275350_+2_ATG_1827
CP040689	3279822	TGA	FF952_16020	3275356	4467	CDS		GTG	FF952_16020|CP040689_3275356_3279822_+1_GTG_1488
CP040689	3280828	TGA	FF952_16025	3279833	996	CDS		ATG	FF952_16025|CP040689_3279833_3280828_+2_ATG_331
CP040689	3281694	TGA	FF952_16030	3280825	870	CDS		ATG	FF952_16030|CP040689_3280825_3281694_+1_ATG_289
CP040689	3282521	TGA	FF952_16035	3281691	831	CDS		ATG	FF952_16035|CP040689_3281691_3282521_+3_ATG_276
CP040689	3283836	TGA	FF952_16040	3282568	1269	CDS		ATG	FF952_16040|CP040689_3282568_3283836_+1_ATG_422
CP040689	3292696	TAG	FF952_16050	3290954	1743	CDS		ATG	FF952_16050|CP040689_3290954_3292696_+2_ATG_580
CP040689	3295451	TGA	FF952_16055	3292689	2763	CDS		ATG	FF952_16055|CP040689_3292689_3295451_+3_ATG_920
CP040689	3297324	TGA	FF952_16065	3296083	1242	CDS		ATG	FF952_16065|CP040689_3296083_3297324_+1_ATG_413
CP040689	3298125	TAA	FF952_16070	3297324	802	CDS	true	ATG	FF952_16070_p|CP040689_3297324_3298125_+3_ATG_267
CP040689	3310729	TGA	FF952_16105	3310412	318	CDS		ATG	FF952_16105|CP040689_3310412_3310729_+2_ATG_105
CP040689	3313050	TGA	FF952_16115	3312238	813	CDS		ATG	FF952_16115|CP040689_3312238_3313050_+1_ATG_270
CP040689	3314320	TAA	FF952_16120	3313076	1245	CDS		ATG	FF952_16120|CP040689_3313076_3314320_+2_ATG_414
CP040689	3317184	TGA	FF952_16135	3316453	732	CDS		GTG	FF952_16135|CP040689_3316453_3317184_+1_GTG_243
CP040689	3318082	TAG	FF952_16140	3317255	828	CDS		ATG	FF952_16140|CP040689_3317255_3318082_+2_ATG_275
CP040689	3321457	TGA	FF952_16165	3321002	456	CDS	true	CCG	FF952_16165_p|CP040689_3321002_3321457_+2_CCG_151
CP040689	3324241	TAG	FF952_16175	3323021	1221	CDS		GTG	FF952_16175|CP040689_3323021_3324241_+2_GTG_406
CP040689	3325246	TGA	FF952_16180	3324314	933	CDS		ATG	FF952_16180|CP040689_3324314_3325246_+2_ATG_310
CP040689	3326070	TAG	FF952_16190	3325885	186	CDS		ATG	FF952_16190|CP040689_3325885_3326070_+1_ATG_61
CP040689	3333878	TGA	FF952_16225	3333685	194	CDS	true	GTC	FF952_16225_p|CP040689_3333685_3333878_+1_GTC_64
CP040689	3334733	TGA	FF952_16230	3333885	849	CDS		GTG	FF952_16230|CP040689_3333885_3334733_+3_GTG_282
CP040689	3339830	TGA	FF952_16255	3339636	195	CDS		ATG	FF952_16255|CP040689_3339636_3339830_+3_ATG_64
CP040689	3344287	TAG	FF952_16280	3343742	546	CDS		GTG	FF952_16280|CP040689_3343742_3344287_+2_GTG_181
CP040689	3347601	TGA	FF952_16295	3346957	645	CDS		ATG	FF952_16295|CP040689_3346957_3347601_+1_ATG_214
CP040689	3349921	TGA	FF952_16300	3347693	2229	CDS		ATG	FF952_16300|CP040689_3347693_3349921_+2_ATG_742
CP040689	3350957	TAA	FF952_16305	3350004	954	CDS		GTG	FF952_16305|CP040689_3350004_3350957_+3_GTG_317
CP040689	3354687	TAG	FF952_16325	3353986	702	CDS		GTG	FF952_16325|CP040689_3353986_3354687_+1_GTG_233
CP040689	3356312	TAG	FF952_16335	3355821	492	CDS		ATG	FF952_16335|CP040689_3355821_3356312_+3_ATG_163
CP040689	3360450	GGG	FF952_16360	3359164	1287	CDS	true	ATG	FF952_16360_p|CP040689_3359164_3360450_+1_ATG_429
CP040689	3364436	TAA	FF952_16375	3362994	1443	CDS		GTG	FF952_16375|CP040689_3362994_3364436_+3_GTG_480
CP040689	3366462	TAA	FF952_16390	3365497	966	CDS		ATG	FF952_16390|CP040689_3365497_3366462_+1_ATG_321
CP040689	3367166	TGA	FF952_16395	3366507	660	CDS		ATG	FF952_16395|CP040689_3366507_3367166_+3_ATG_219
CP040689	3371581	TGA	FF952_16415	3371243	339	CDS		ATG	FF952_16415|CP040689_3371243_3371581_+2_ATG_112
CP040689	3373725	TGA	FF952_16425	3372604	1122	CDS		ATG	FF952_16425|CP040689_3372604_3373725_+1_ATG_373
CP040689	3375151	TAA	FF952_16435	3374528	624	CDS		ATG	FF952_16435|CP040689_3374528_3375151_+2_ATG_207
CP040689	3380355	TGA	FF952_16460	3379699	657	CDS		GTG	FF952_16460|CP040689_3379699_3380355_+1_GTG_218
CP040689	3384271	TAG	FF952_16475	3383642	630	CDS		ATG	FF952_16475|CP040689_3383642_3384271_+2_ATG_209
CP040689	3388195	CCA	FF952_16500	3388067	129	CDS	true	TTG	FF952_16500_p|CP040689_3388067_3388195_+2_TTG_43
CP040689	3395370	TGA	FF952_16535	3394546	825	CDS		ATG	FF952_16535|CP040689_3394546_3395370_+1_ATG_274
CP040689	3396947	TGA	FF952_16540	3395367	1581	CDS		TTG	FF952_16540|CP040689_3395367_3396947_+3_TTG_526
CP040689	3398223	TAG	FF952_16545	3396979	1245	CDS		ATG	FF952_16545|CP040689_3396979_3398223_+1_ATG_414
CP040689	3398646	TAG	FF952_16550	3398257	390	CDS		GTG	FF952_16550|CP040689_3398257_3398646_+1_GTG_129
CP040689	3399373	TAG	FF952_16555	3398825	549	CDS		ATG	FF952_16555|CP040689_3398825_3399373_+2_ATG_182
CP040689	3401906	TAG	FF952_16565	3400824	1083	CDS		TTG	FF952_16565|CP040689_3400824_3401906_+3_TTG_360
CP040689	3411660	TAG	FF952_16615	3410581	1080	CDS		ATG	FF952_16615|CP040689_3410581_3411660_+1_ATG_359
CP040689	3412770	TGA	FF952_16620	3411730	1041	CDS		ATG	FF952_16620|CP040689_3411730_3412770_+1_ATG_346
CP040689	3422126	TGA	FF952_16675	3421512	615	CDS		GTG	FF952_16675|CP040689_3421512_3422126_+3_GTG_204
CP040689	3423176	TAG	FF952_16680	3422136	1041	CDS		ATG	FF952_16680|CP040689_3422136_3423176_+3_ATG_346
CP040689	3426401	TAG	FF952_16695	3424923	1479	CDS		ATG	FF952_16695|CP040689_3424923_3426401_+3_ATG_492
CP040689	3426861	TAG	FF952_16700	3426676	186	CDS		ATG	FF952_16700|CP040689_3426676_3426861_+1_ATG_61
CP040689	3432606	TGA	FF952_16715	3431083	1524	CDS		GTG	FF952_16715|CP040689_3431083_3432606_+1_GTG_507
CP040689	3435018	TAG	FF952_16720	3432742	2277	CDS		GTG	FF952_16720|CP040689_3432742_3435018_+1_GTG_758
CP040689	3436209	TGA	FF952_16730	3435886	324	CDS		TTG	FF952_16730|CP040689_3435886_3436209_+1_TTG_107
CP040689	3436814	TGA	FF952_16735	3436206	609	CDS		TTG	FF952_16735|CP040689_3436206_3436814_+3_TTG_202
CP040689	3437337	TGA	FF952_16740	3436927	411	CDS		TTG	FF952_16740|CP040689_3436927_3437337_+1_TTG_136
CP040689	3439589	TGA	FF952_16755	3439191	399	CDS		GTG	FF952_16755|CP040689_3439191_3439589_+3_GTG_132
CP040689	3439966	TGA	FF952_16760	3439586	381	CDS		ATG	FF952_16760|CP040689_3439586_3439966_+2_ATG_126
CP040689	3441072	TGA	FF952_16765	3439963	1110	CDS		ATG	FF952_16765|CP040689_3439963_3441072_+1_ATG_369
CP040689	3443552	TAG	FF952_16780	3442278	1275	CDS		ATG	FF952_16780|CP040689_3442278_3443552_+3_ATG_424
CP040689	3445047	TAA	FF952_16790	3444571	477	CDS		ATG	FF952_16790|CP040689_3444571_3445047_+1_ATG_158
CP040689	3446851	TAA	FF952_16795	3445040	1812	CDS		ATG	FF952_16795|CP040689_3445040_3446851_+2_ATG_603
CP040689	3447253	TGA	FF952_16800	3446852	402	CDS		TTG	FF952_16800|CP040689_3446852_3447253_+2_TTG_133
CP040689	3452777	TAG	FF952_16815	3451539	1239	CDS		GTG	FF952_16815|CP040689_3451539_3452777_+3_GTG_412
CP040689	3455490	TGA	FF952_16825	3454003	1488	CDS		ATG	FF952_16825|CP040689_3454003_3455490_+1_ATG_495
CP040689	3456422	TGA	FF952_16830	3455496	927	CDS		ATG	FF952_16830|CP040689_3455496_3456422_+3_ATG_308
CP040689	3457249	TAG	FF952_16835	3456419	831	CDS		ATG	FF952_16835|CP040689_3456419_3457249_+2_ATG_276
CP040689	3458386	TGA	FF952_16840	3457280	1107	CDS		ATG	FF952_16840|CP040689_3457280_3458386_+2_ATG_368
CP040689	3459842	TGA	FF952_16845	3458424	1419	CDS		ATG	FF952_16845|CP040689_3458424_3459842_+3_ATG_472
CP040689	3461263	TGA	FF952_16850	3459839	1425	CDS		ATG	FF952_16850|CP040689_3459839_3461263_+2_ATG_474
CP040689	3462771	TGA	FF952_16855	3461260	1512	CDS		ATG	FF952_16855|CP040689_3461260_3462771_+1_ATG_503
CP040689	3463263	TAG	FF952_16860	3463051	213	CDS		TTG	FF952_16860|CP040689_3463051_3463263_+1_TTG_70
CP040689	3464597	TAA	FF952_16870	3463710	888	CDS		ATG	FF952_16870|CP040689_3463710_3464597_+3_ATG_295
CP040689	3466306	TAG	FF952_16875	3464615	1692	CDS		ATG	FF952_16875|CP040689_3464615_3466306_+2_ATG_563
CP040689	3469948	TAA	FF952_16895	3469472	477	CDS		ATG	FF952_16895|CP040689_3469472_3469948_+2_ATG_158
CP040689	3471185	TAG	FF952_16900	3470046	1140	CDS		GTG	FF952_16900|CP040689_3470046_3471185_+3_GTG_379
CP040689	3473425	TGA	FF952_16915	3473105	321	CDS		GTG	FF952_16915|CP040689_3473105_3473425_+2_GTG_106
CP040689	3480877	TGA	FF952_16960	3479507	1371	CDS		ATG	FF952_16960|CP040689_3479507_3480877_+2_ATG_456
CP040689	3483000	TAA	FF952_16970	3482560	441	CDS		ATG	FF952_16970|CP040689_3482560_3483000_+1_ATG_146
CP040689	3484228	TAA	FF952_16975	3483149	1080	CDS		ATG	FF952_16975|CP040689_3483149_3484228_+2_ATG_359
CP040689	3484674	TGA	FF952_16980	3484279	396	CDS		ATG	FF952_16980|CP040689_3484279_3484674_+1_ATG_131
CP040689	3485183	TAA	FF952_16985	3484671	513	CDS		ATG	FF952_16985|CP040689_3484671_3485183_+3_ATG_170
CP040689	3485451	TGA	FF952_16990	3485200	252	CDS		ATG	FF952_16990|CP040689_3485200_3485451_+1_ATG_83
CP040689	3486242	TGA	FF952_16995	3485574	669	CDS		ATG	FF952_16995|CP040689_3485574_3486242_+3_ATG_222
CP040689	3486789	TGA	FF952_17000	3486259	531	CDS		GTG	FF952_17000|CP040689_3486259_3486789_+1_GTG_176
CP040689	3488198	TAG	FF952_17010	3486951	1248	CDS		ATG	FF952_17010|CP040689_3486951_3488198_+3_ATG_415
CP040689	3489445	TAG	FF952_17015	3488276	1170	CDS		ATG	FF952_17015|CP040689_3488276_3489445_+2_ATG_389
CP040689	3490307	TGA	FF952_17020	3489474	834	CDS		ATG	FF952_17020|CP040689_3489474_3490307_+3_ATG_277
CP040689	3490611	TGA	FF952_17025	3490309	303	CDS		ATG	FF952_17025|CP040689_3490309_3490611_+1_ATG_100
CP040689	3491075	TGA	FF952_17030	3490632	444	CDS		ATG	FF952_17030|CP040689_3490632_3491075_+3_ATG_147
CP040689	3491674	TGA	FF952_17035	3491072	603	CDS		ATG	FF952_17035|CP040689_3491072_3491674_+2_ATG_200
CP040689	3493211	TGA	FF952_17040	3492009	1203	CDS		ATG	FF952_17040|CP040689_3492009_3493211_+3_ATG_400
CP040689	3494059	TAG	FF952_17050	3493634	426	CDS		GTG	FF952_17050|CP040689_3493634_3494059_+2_GTG_141
CP040689	3494563	TAA	FF952_17055	3494069	495	CDS		TTG	FF952_17055|CP040689_3494069_3494563_+2_TTG_164
CP040689	3495875	TAA	FF952_17060	3495006	870	CDS		GTG	FF952_17060|CP040689_3495006_3495875_+3_GTG_289
CP040689	3498681	TGA	FF952_17075	3497647	1035	CDS		GTG	FF952_17075|CP040689_3497647_3498681_+1_GTG_344
CP040689	3500489	TAG	FF952_17090	3500158	332	CDS	true	GTG	FF952_17090_p|CP040689_3500158_3500489_+1_GTG_110
CP040689	3503046	TGA	FF952_17100	3502048	999	CDS		ATG	FF952_17100|CP040689_3502048_3503046_+1_ATG_332
CP040689	3507933	TAA	FF952_17125	3506791	1143	CDS		ATG	FF952_17125|CP040689_3506791_3507933_+1_ATG_380
CP040689	3509172	TAA	FF952_17135	3508390	783	CDS		GTG	FF952_17135|CP040689_3508390_3509172_+1_GTG_260
CP040689	3510280	TGA	FF952_17140	3509192	1089	CDS		ATG	FF952_17140|CP040689_3509192_3510280_+2_ATG_362
CP040689	3511766	TAG	FF952_17145	3510360	1407	CDS		ATG	FF952_17145|CP040689_3510360_3511766_+3_ATG_468
CP040689	3512992	TAG	FF952_17150	3511787	1206	CDS		ATG	FF952_17150|CP040689_3511787_3512992_+2_ATG_401
CP040689	3514063	TAA	FF952_17155	3513092	972	CDS		ATG	FF952_17155|CP040689_3513092_3514063_+2_ATG_323
CP040689	3515052	TAA	FF952_17165	3514651	402	CDS		GTG	FF952_17165|CP040689_3514651_3515052_+1_GTG_133
CP040689	3517065	TGA	FF952_17175	3516679	387	CDS		TTG	FF952_17175|CP040689_3516679_3517065_+1_TTG_128
CP040689	3517628	TGA	FF952_17180	3517074	555	CDS		GTG	FF952_17180|CP040689_3517074_3517628_+3_GTG_184
CP040689	3518335	TGA	FF952_17185	3517625	711	CDS		ATG	FF952_17185|CP040689_3517625_3518335_+2_ATG_236
CP040689	3519657	TGA	FF952_17190	3518335	1323	CDS		ATG	FF952_17190|CP040689_3518335_3519657_+1_ATG_440
CP040689	3520412	TGA	FF952_17195	3519654	759	CDS		GTG	FF952_17195|CP040689_3519654_3520412_+3_GTG_252
CP040689	3521746	TGA	FF952_17200	3520409	1338	CDS		ATG	FF952_17200|CP040689_3520409_3521746_+2_ATG_445
CP040689	3524163	TGA	FF952_17205	3521743	2421	CDS		GTG	FF952_17205|CP040689_3521743_3524163_+1_GTG_806
CP040689	3525511	TAA	FF952_17210	3524279	1233	CDS		ATG	FF952_17210|CP040689_3524279_3525511_+2_ATG_410
CP040689	3526139	TGA	FF952_17215	3525504	636	CDS		GTG	FF952_17215|CP040689_3525504_3526139_+3_GTG_211
CP040689	3526924	TGA	FF952_17220	3526136	789	CDS		ATG	FF952_17220|CP040689_3526136_3526924_+2_ATG_262
CP040689	3527220	TGA	FF952_17225	3526921	300	CDS		ATG	FF952_17225|CP040689_3526921_3527220_+1_ATG_99
CP040689	3529132	TGA	FF952_17230	3527231	1902	CDS		GTG	FF952_17230|CP040689_3527231_3529132_+2_GTG_633
CP040689	3530790	TGA	FF952_17235	3529129	1662	CDS		GTG	FF952_17235|CP040689_3529129_3530790_+1_GTG_553
CP040689	3532382	TGA	FF952_17240	3530787	1596	CDS		ATG	FF952_17240|CP040689_3530787_3532382_+3_ATG_531
CP040689	3544351	TAA	FF952_17295	3543215	1137	CDS		GTG	FF952_17295|CP040689_3543215_3544351_+2_GTG_378
CP040689	3545475	TAG	FF952_17300	3544351	1125	CDS		ATG	FF952_17300|CP040689_3544351_3545475_+1_ATG_374
CP040689	3546963	TGA	FF952_17305	3545618	1346	CDS	true	GTG	FF952_17305_p|CP040689_3545618_3546963_+2_GTG_448
CP040689	3549957	TGA	FF952_17325	3549250	708	CDS		ATG	FF952_17325|CP040689_3549250_3549957_+1_ATG_235
CP040689	3551459	TAG	FF952_17330	3549972	1488	CDS		ATG	FF952_17330|CP040689_3549972_3551459_+3_ATG_495
CP040689	3553419	TGA	FF952_17340	3552559	861	CDS		GTG	FF952_17340|CP040689_3552559_3553419_+1_GTG_286
CP040689	3553909	TAA	FF952_17345	3553514	396	CDS		ATC	FF952_17345|CP040689_3553514_3553909_+2_ATC_131
CP040689	3554136	TGA	FF952_17350	3553925	212	CDS	true	TCC	FF952_17350_p|CP040689_3553925_3554136_+2_TCC_70
CP040689	3554442	TGA	FF952_17355	3554149	294	CDS		GTG	FF952_17355|CP040689_3554149_3554442_+1_GTG_97
CP040689	3556019	TAG	FF952_17360	3554730	1290	CDS		GTG	FF952_17360|CP040689_3554730_3556019_+3_GTG_429
CP040689	3557830	TGA	FF952_17375	3557486	345	CDS		TTG	FF952_17375|CP040689_3557486_3557830_+2_TTG_114
CP040689	3558156	TGA	FF952_17380	3557827	330	CDS		ATG	FF952_17380|CP040689_3557827_3558156_+1_ATG_109
CP040689	3559041	TGA	FF952_17385	3558694	348	CDS		ATG	FF952_17385|CP040689_3558694_3559041_+1_ATG_115
CP040689	3559658	TAA	FF952_17390	3559038	621	CDS		GTG	FF952_17390|CP040689_3559038_3559658_+3_GTG_206
CP040689	3561460	TGA	FF952_17400	3561251	210	CDS		ATG	FF952_17400|CP040689_3561251_3561460_+2_ATG_69
CP040689	3561680	TGA	FF952_17405	3561495	186	CDS		ATG	FF952_17405|CP040689_3561495_3561680_+3_ATG_61
CP040689	3564420	TGA	FF952_17430	3563803	618	CDS		ATG	FF952_17430|CP040689_3563803_3564420_+1_ATG_205
CP040689	3570178	TGA	FF952_17445	3568760	1419	CDS		GTG	FF952_17445|CP040689_3568760_3570178_+2_GTG_472
CP040689	3571083	TGA	FF952_17450	3570184	900	CDS		GTG	FF952_17450|CP040689_3570184_3571083_+1_GTG_299
CP040689	3572773	TGA	FF952_17460	3571430	1344	CDS		ATG	FF952_17460|CP040689_3571430_3572773_+2_ATG_447
CP040689	3575995	TAA	FF952_17475	3575741	255	CDS		ATG	FF952_17475|CP040689_3575741_3575995_+2_ATG_84
CP040689	3584901	TAG	FF952_17500	3584692	210	CDS		ATG	FF952_17500|CP040689_3584692_3584901_+1_ATG_69
CP040689	3585717	TAG	FF952_17505	3584932	786	CDS		GTG	FF952_17505|CP040689_3584932_3585717_+1_GTG_261
CP040689	3586025	TGA	FF952_17510	3585720	306	CDS		ATG	FF952_17510|CP040689_3585720_3586025_+3_ATG_101
CP040689	3590095	TAG	FF952_17530	3589409	687	CDS		ATG	FF952_17530|CP040689_3589409_3590095_+2_ATG_228
CP040689	3591239	TAG	FF952_17540	3590679	561	CDS		GTG	FF952_17540|CP040689_3590679_3591239_+3_GTG_186
CP040689	3593786	TGA	FF952_17550	3592203	1584	CDS		ATG	FF952_17550|CP040689_3592203_3593786_+3_ATG_527
CP040689	3595022	TGA	FF952_17555	3593799	1224	CDS		ATG	FF952_17555|CP040689_3593799_3595022_+3_ATG_407
CP040689	3596663	TGA	FF952_17565	3596052	612	CDS		ATG	FF952_17565|CP040689_3596052_3596663_+3_ATG_203
CP040689	3597778	TGA	FF952_17570	3596660	1119	CDS		GTG	FF952_17570|CP040689_3596660_3597778_+2_GTG_372
CP040689	3598258	TGA	FF952_17575	3597926	333	CDS		ATG	FF952_17575|CP040689_3597926_3598258_+2_ATG_110
CP040689	3599839	TGA	FF952_17585	3598874	966	CDS		ATG	FF952_17585|CP040689_3598874_3599839_+2_ATG_321
CP040689	3600373	TGA	FF952_17590	3600119	255	CDS		ATG	FF952_17590|CP040689_3600119_3600373_+2_ATG_84
CP040689	3602447	TAA	FF952_17605	3602373	75	CDS		ATG	FF952_17605|CP040689_3602373_3602447_+3_ATG_24
CP040689	3605105	TAG	FF952_17625	3604257	849	CDS		ATG	FF952_17625|CP040689_3604257_3605105_+3_ATG_282
CP040689	3605229	TAA	FF952_17630	3605119	111	CDS		CTG	FF952_17630|CP040689_3605119_3605229_+1_CTG_36
CP040689	3605425	TAA	FF952_17635	3605207	219	CDS		GTG	FF952_17635|CP040689_3605207_3605425_+2_GTG_72
CP040689	3609135	TGA	FF952_17650	3607783	1353	CDS		GTG	FF952_17650|CP040689_3607783_3609135_+1_GTG_450
CP040689	3610124	TGA	FF952_17655	3609132	993	CDS		TTG	FF952_17655|CP040689_3609132_3610124_+3_TTG_330
CP040689	3616343	TGA	FF952_17685	3615702	642	CDS		ATG	FF952_17685|CP040689_3615702_3616343_+3_ATG_213
CP040689	3639465	TGA	FF952_17780	3638077	1389	CDS		GTG	FF952_17780|CP040689_3638077_3639465_+1_GTG_462
CP040689	3644246	TAG	FF952_17805	3643827	420	CDS		ATG	FF952_17805|CP040689_3643827_3644246_+3_ATG_139
CP040689	3644895	TGA	FF952_17815	3644696	200	CDS	true	ATG	FF952_17815_p|CP040689_3644696_3644895_+2_ATG_66
CP040689	3645940	TGA	FF952_17820	3644945	996	CDS		GTG	FF952_17820|CP040689_3644945_3645940_+2_GTG_331
CP040689	3647283	TGA	FF952_17825	3645937	1347	CDS		TTG	FF952_17825|CP040689_3645937_3647283_+1_TTG_448
CP040689	3647515	CTG	FF952_17830	3647325	191	CDS	true	CTG	FF952_17830_p|CP040689_3647325_3647515_+3_CTG_63
CP040689	3649240	TAA	FF952_17835	3647579	1662	CDS		ATG	FF952_17835|CP040689_3647579_3649240_+2_ATG_553
CP040689	3653783	TGA	FF952_17855	3652287	1497	CDS		GTG	FF952_17855|CP040689_3652287_3653783_+3_GTG_498
CP040689	3654511	TGA	FF952_17860	3653822	690	CDS		ATG	FF952_17860|CP040689_3653822_3654511_+2_ATG_229
CP040689	3654917	TGA	FF952_17865	3654636	282	CDS		ATG	FF952_17865|CP040689_3654636_3654917_+3_ATG_93
CP040689	3657084	TAG	FF952_17870	3654928	2157	CDS		ATG	FF952_17870|CP040689_3654928_3657084_+1_ATG_718
CP040689	3659034	TGA	FF952_17880	3657850	1185	CDS		ATG	FF952_17880|CP040689_3657850_3659034_+1_ATG_394
CP040689	3661333	TAG	FF952_17885	3659039	2295	CDS		GTG	FF952_17885|CP040689_3659039_3661333_+2_GTG_764
CP040689	3665098	TGA	FF952_17905	3664280	819	CDS		ATG	FF952_17905|CP040689_3664280_3665098_+2_ATG_272
CP040689	3668110	TGA	FF952_17920	3666464	1647	CDS		ATG	FF952_17920|CP040689_3666464_3668110_+2_ATG_548
CP040689	3668561	TGA	FF952_17925	3668091	471	CDS		ATG	FF952_17925|CP040689_3668091_3668561_+3_ATG_156
CP040689	3669226	TAG	FF952_17930	3668558	669	CDS		ATG	FF952_17930|CP040689_3668558_3669226_+2_ATG_222
CP040689	3670160	TGA	FF952_17935	3669267	894	CDS		GTG	FF952_17935|CP040689_3669267_3670160_+3_GTG_297
CP040689	3670588	TGA	FF952_17940	3670157	432	CDS		ATG	FF952_17940|CP040689_3670157_3670588_+2_ATG_143
CP040689	3672498	TAA	FF952_17945	3670696	1803	CDS		GTG	FF952_17945|CP040689_3670696_3672498_+1_GTG_600
CP040689	3677914	TGA	FF952_17980	3676667	1248	CDS		ATG	FF952_17980|CP040689_3676667_3677914_+2_ATG_415
CP040689	3679425	TAA	FF952_17985	3677941	1485	CDS		GTG	FF952_17985|CP040689_3677941_3679425_+1_GTG_494
CP040689	3681070	TGA	FF952_17995	3680405	666	CDS		ATG	FF952_17995|CP040689_3680405_3681070_+2_ATG_221
CP040689	3685655	TAA	FF952_18000	3681114	4542	CDS		GTG	FF952_18000|CP040689_3681114_3685655_+3_GTG_1513
CP040689	3686426	TGA	FF952_18005	3685659	768	CDS		ATG	FF952_18005|CP040689_3685659_3686426_+3_ATG_255
CP040689	3695398	AGT	FF952_18040	3695321	78	CDS	true	GTG	FF952_18040_p|CP040689_3695321_3695398_+2_GTG_26
CP040689	3696075	TAA	FF952_18045	3695596	480	CDS		GTG	FF952_18045|CP040689_3695596_3696075_+1_GTG_159
CP040689	3699315	TAA	FF952_18060	3698509	807	CDS		GTG	FF952_18060|CP040689_3698509_3699315_+1_GTG_268
CP040689	3700923	TGA	FF952_18065	3699319	1605	CDS		GTG	FF952_18065|CP040689_3699319_3700923_+1_GTG_534
CP040689	3702552	TAG	FF952_18075	3701653	900	CDS		ATG	FF952_18075|CP040689_3701653_3702552_+1_ATG_299
CP040689	3703838	TAG	FF952_18080	3702576	1263	CDS		ATG	FF952_18080|CP040689_3702576_3703838_+3_ATG_420
CP040689	3708895	TGA	FF952_18115	3708461	435	CDS		GTG	FF952_18115|CP040689_3708461_3708895_+2_GTG_144
CP040689	3709326	TGA	FF952_18120	3708892	435	CDS		ATG	FF952_18120|CP040689_3708892_3709326_+1_ATG_144
CP040689	3711227	TAA	FF952_18125	3709455	1773	CDS		TTG	FF952_18125|CP040689_3709455_3711227_+3_TTG_590
CP040689	3712018	TGA	FF952_18130	3711227	792	CDS		ATG	FF952_18130|CP040689_3711227_3712018_+2_ATG_263
CP040689	3716640	TGA	FF952_18170	3716290	351	CDS		ATG	FF952_18170|CP040689_3716290_3716640_+1_ATG_116
CP040689	3717004	TAA	FF952_18175	3716618	387	CDS		GTG	FF952_18175|CP040689_3716618_3717004_+2_GTG_128
CP040689	3718025	TAG	FF952_18180	3716952	1074	CDS		TTG	FF952_18180|CP040689_3716952_3718025_+3_TTG_357
CP040689	3720643	TGA	FF952_18190	3718931	1713	CDS		ATG	FF952_18190|CP040689_3718931_3720643_+2_ATG_570
CP040689	3722890	TAA	FF952_18200	3721523	1368	CDS		TTG	FF952_18200|CP040689_3721523_3722890_+2_TTG_455
CP040689	3724176	TAG	FF952_18205	3722959	1218	CDS		ATG	FF952_18205|CP040689_3722959_3724176_+1_ATG_405
CP040689	3725780	TGA	FF952_18210	3724272	1509	CDS		GTG	FF952_18210|CP040689_3724272_3725780_+3_GTG_502
CP040689	3726928	TGA	FF952_18215	3725777	1152	CDS		GTG	FF952_18215|CP040689_3725777_3726928_+2_GTG_383
CP040689	3728420	TAG	FF952_18225	3727941	480	CDS		ATG	FF952_18225|CP040689_3727941_3728420_+3_ATG_159
CP040689	3728879	TAG	FF952_18230	3728439	441	CDS		ATG	FF952_18230|CP040689_3728439_3728879_+3_ATG_146
CP040689	3731731	TAG	FF952_18245	3730838	894	CDS		GTG	FF952_18245|CP040689_3730838_3731731_+2_GTG_297
CP040689	3734659	TGA	FF952_18255	3733310	1350	CDS		ATG	FF952_18255|CP040689_3733310_3734659_+2_ATG_449
CP040689	3735810	TGA	FF952_18260	3734671	1140	CDS		ATG	FF952_18260|CP040689_3734671_3735810_+1_ATG_379
CP040689	3736538	TGA	FF952_18265	3735807	732	CDS		GTG	FF952_18265|CP040689_3735807_3736538_+3_GTG_243
CP040689	3763212	TAG	FF952_18295	3762766	447	CDS		ATC	FF952_18295|CP040689_3762766_3763212_+1_ATC_148
CP040689	3763313	GAC	FF952_18300	3763227	87	CDS	true	GTG	FF952_18300_p|CP040689_3763227_3763313_+3_GTG_29
CP040689	3779265	TAG	FF952_18345	3778876	390	CDS		ATG	FF952_18345|CP040689_3778876_3779265_+1_ATG_129
CP040689	3780813	TGA	FF952_18360	3780538	276	CDS		ATG	FF952_18360|CP040689_3780538_3780813_+1_ATG_91
CP040689	3781067	TGA	FF952_18365	3780810	258	CDS		GTG	FF952_18365|CP040689_3780810_3781067_+3_GTG_85
CP040689	3782299	TAG	FF952_18370	3781109	1191	CDS		GTG	FF952_18370|CP040689_3781109_3782299_+2_GTG_396
CP040689	3782784	TAG	FF952_18375	3782416	369	CDS		ATG	FF952_18375|CP040689_3782416_3782784_+1_ATG_122
CP040689	3787966	TAG	FF952_18405	3787502	465	CDS		ATG	FF952_18405|CP040689_3787502_3787966_+2_ATG_154
CP040689	3790108	TAA	FF952_18415	3788333	1776	CDS		ATG	FF952_18415|CP040689_3788333_3790108_+2_ATG_591
CP040689	3791186	TGA	FF952_18425	3790752	435	CDS		ATG	FF952_18425|CP040689_3790752_3791186_+3_ATG_144
CP040689	3796046	TGA	FF952_18435	3794706	1341	CDS		ATG	FF952_18435|CP040689_3794706_3796046_+3_ATG_446
CP040689	3797263	TGA	FF952_18440	3796088	1176	CDS		GTG	FF952_18440|CP040689_3796088_3797263_+2_GTG_391
CP040689	3797421	TGA	FF952_18445	3797317	105	CDS		ATG	FF952_18445|CP040689_3797317_3797421_+1_ATG_34
CP040689	3798390	TAG	FF952_18450	3797500	891	CDS		ATG	FF952_18450|CP040689_3797500_3798390_+1_ATG_296
CP040689	3799822	TGA	FF952_18455	3798395	1428	CDS		ATG	FF952_18455|CP040689_3798395_3799822_+2_ATG_475
CP040689	3800583	TGA	FF952_18460	3799930	654	CDS		TTG	FF952_18460|CP040689_3799930_3800583_+1_TTG_217
CP040689	3809881	TGA	FF952_18500	3808540	1342	CDS	true	TTG	FF952_18500_p|CP040689_3808540_3809881_+1_TTG_447
CP040689	3812341	TAA	FF952_18505	3810071	2271	CDS		ATG	FF952_18505|CP040689_3810071_3812341_+2_ATG_756
CP040689	3814068	TGA	FF952_18515	3813358	711	CDS		ATG	FF952_18515|CP040689_3813358_3814068_+1_ATG_236
CP040689	3816066	TAG	FF952_18520	3814114	1953	CDS		ATG	FF952_18520|CP040689_3814114_3816066_+1_ATG_650
CP040689	3817880	TGA	FF952_18530	3816954	927	CDS		GTG	FF952_18530|CP040689_3816954_3817880_+3_GTG_308
CP040689	3820838	TAG	FF952_18545	3820212	627	CDS		GTG	FF952_18545|CP040689_3820212_3820838_+3_GTG_208
CP040689	3825668	TAG	FF952_18565	3824622	1047	CDS		ATG	FF952_18565|CP040689_3824622_3825668_+3_ATG_348
CP040689	3826520	TAG	FF952_18570	3825732	789	CDS		ATG	FF952_18570|CP040689_3825732_3826520_+3_ATG_262
CP040689	3828895	TGA	FF952_18575	3826535	2361	CDS		ATG	FF952_18575|CP040689_3826535_3828895_+2_ATG_786
CP040689	3834999	TGA	FF952_18610	3834112	888	CDS		ATG	FF952_18610|CP040689_3834112_3834999_+1_ATG_295
CP040689	3835333	TGA	FF952_18615	3835034	300	CDS		ATG	FF952_18615|CP040689_3835034_3835333_+2_ATG_99
CP040689	3835740	TGA	FF952_18620	3835330	411	CDS		GTG	FF952_18620|CP040689_3835330_3835740_+1_GTG_136
CP040689	3840918	TGA	FF952_18640	3840508	411	CDS		GTG	FF952_18640|CP040689_3840508_3840918_+1_GTG_136
CP040689	3843982	TAA	FF952_18660	3843674	309	CDS		ATG	FF952_18660|CP040689_3843674_3843982_+2_ATG_102
CP040689	3850391	TAG	FF952_18700	3850161	231	CDS		GTG	FF952_18700|CP040689_3850161_3850391_+3_GTG_76
CP040689	3851550	TAG	FF952_18710	3851020	531	CDS		ATG	FF952_18710|CP040689_3851020_3851550_+1_ATG_176
CP040689	3852347	TAG	FF952_18715	3851817	531	CDS		ATG	FF952_18715|CP040689_3851817_3852347_+3_ATG_176
CP040689	3855844	TGA	FF952_18735	3855545	300	CDS		GTG	FF952_18735|CP040689_3855545_3855844_+2_GTG_99
CP040689	3856472	TAG	FF952_18740	3855930	543	CDS		ATG	FF952_18740|CP040689_3855930_3856472_+3_ATG_180
CP040689	3856958	TAG	FF952_18750	3856563	396	CDS		ATG	FF952_18750|CP040689_3856563_3856958_+3_ATG_131
CP040689	3858902	TAG	FF952_18765	3858366	537	CDS		ATG	FF952_18765|CP040689_3858366_3858902_+3_ATG_178
CP040689	3868588	TAA	FF952_18810	3868112	477	CDS		ATG	FF952_18810|CP040689_3868112_3868588_+2_ATG_158
CP040689	3869440	TAG	FF952_18815	3868598	843	CDS		GTG	FF952_18815|CP040689_3868598_3869440_+2_GTG_280
CP040689	3880955	TGA	FF952_18865	3879552	1404	CDS		ATG	FF952_18865|CP040689_3879552_3880955_+3_ATG_467
CP040689	3882319	TGA	FF952_18870	3880952	1368	CDS		ATG	FF952_18870|CP040689_3880952_3882319_+2_ATG_455
CP040689	3884605	TGA	FF952_18880	3883817	789	CDS		GTG	FF952_18880|CP040689_3883817_3884605_+2_GTG_262
CP040689	3885332	TAA	FF952_18885	3884652	681	CDS		GTG	FF952_18885|CP040689_3884652_3885332_+3_GTG_226
CP040689	3885629	TGA	FF952_18890	3885390	240	CDS		GTG	FF952_18890|CP040689_3885390_3885629_+3_GTG_79
CP040689	3887289	TGA	FF952_18895	3885604	1686	CDS		ATG	FF952_18895|CP040689_3885604_3887289_+1_ATG_561
CP040689	3891588	TAA	FF952_18930	3891391	198	CDS		ATG	FF952_18930|CP040689_3891391_3891588_+1_ATG_65
CP040689	3893020	TGA	FF952_18945	3892163	858	CDS		ATG	FF952_18945|CP040689_3892163_3893020_+2_ATG_285
CP040689	3894088	TGA	FF952_18950	3893093	996	CDS		ATG	FF952_18950|CP040689_3893093_3894088_+2_ATG_331
CP040689	3894698	TAG	FF952_18955	3894090	609	CDS		ATG	FF952_18955|CP040689_3894090_3894698_+3_ATG_202
CP040689	3895068	GCC	FF952_18960	3894781	288	CDS	true	ATG	FF952_18960_p|CP040689_3894781_3895068_+1_ATG_96
CP040689	3896173	TGA	FF952_18965	3895220	954	CDS		GTG	FF952_18965|CP040689_3895220_3896173_+2_GTG_317
CP040689	3901124	TAG	FF952_18990	3900618	507	CDS		ATG	FF952_18990|CP040689_3900618_3901124_+3_ATG_168
CP040689	3904287	TAG	FF952_19005	3903991	297	CDS		GTG	FF952_19005|CP040689_3903991_3904287_+1_GTG_98
CP040689	3905496	TAG	FF952_19010	3904324	1173	CDS		GTG	FF952_19010|CP040689_3904324_3905496_+1_GTG_390
CP040689	3908774	TGA	FF952_19015	3905526	3249	CDS		TTG	FF952_19015|CP040689_3905526_3908774_+3_TTG_1082
CP040689	3914505	TAG	FF952_19040	3912967	1539	CDS		ATG	FF952_19040|CP040689_3912967_3914505_+1_ATG_512
CP040689	3915728	TGA	FF952_19050	3915480	249	CDS		GTG	FF952_19050|CP040689_3915480_3915728_+3_GTG_82
CP040689	3916110	TGA	FF952_19055	3915661	450	CDS		TTG	FF952_19055|CP040689_3915661_3916110_+1_TTG_149
CP040689	3917879	TGA	FF952_19065	3917556	324	CDS		ATG	FF952_19065|CP040689_3917556_3917879_+3_ATG_107
CP040689	3918125	TAA	FF952_19070	3917961	165	CDS		ATG	FF952_19070|CP040689_3917961_3918125_+3_ATG_54
CP040689	3919627	TAA	FF952_19075	3918125	1503	CDS		ATG	FF952_19075|CP040689_3918125_3919627_+2_ATG_500
CP040689	3920357	TAA	FF952_19080	3919779	579	CDS		GTG	FF952_19080|CP040689_3919779_3920357_+3_GTG_192
CP040689	3933562	TGA	FF952_19145	3932360	1203	CDS		ATG	FF952_19145|CP040689_3932360_3933562_+2_ATG_400
CP040689	3934708	TAG	FF952_19150	3933587	1122	CDS		ATG	FF952_19150|CP040689_3933587_3934708_+2_ATG_373
CP040689	3936287	TAG	FF952_19155	3934779	1509	CDS		ATG	FF952_19155|CP040689_3934779_3936287_+3_ATG_502
CP040689	3940705	TGA	FF952_19160	3936458	4248	CDS		ATG	FF952_19160|CP040689_3936458_3940705_+2_ATG_1415
CP040689	3947376	TAA	FF952_19165	3940996	6381	CDS		ATG	FF952_19165|CP040689_3940996_3947376_+1_ATG_2126
CP040689	3956003	TAG	FF952_19180	3950283	5721	CDS		GTG	FF952_19180|CP040689_3950283_3956003_+3_GTG_1906
CP040689	3959794	TGA	FF952_19190	3956834	2961	CDS		ATG	FF952_19190|CP040689_3956834_3959794_+2_ATG_986
CP040689	3962866	TAG	FF952_19205	3962075	792	CDS		GTG	FF952_19205|CP040689_3962075_3962866_+2_GTG_263
CP040689	3963801	TGA	FF952_19210	3962962	840	CDS		GTG	FF952_19210|CP040689_3962962_3963801_+1_GTG_279
CP040689	3965791	TGA	FF952_19220	3965081	711	CDS		ATG	FF952_19220|CP040689_3965081_3965791_+2_ATG_236
CP040689	3967963	TAA	FF952_19230	3967052	912	CDS		GTG	FF952_19230|CP040689_3967052_3967963_+2_GTG_303
CP040689	3969043	TAG	FF952_19235	3967979	1065	CDS		ATG	FF952_19235|CP040689_3967979_3969043_+2_ATG_354
CP040689	3970244	TAA	FF952_19240	3969060	1185	CDS		ATG	FF952_19240|CP040689_3969060_3970244_+3_ATG_394
CP040689	3971317	TAA	FF952_19245	3970286	1032	CDS		ATG	FF952_19245|CP040689_3970286_3971317_+2_ATG_343
CP040689	3973130	TGA	FF952_19255	3971970	1161	CDS		GTG	FF952_19255|CP040689_3971970_3973130_+3_GTG_386
CP040689	3973585	TAA	FF952_19260	3973136	450	CDS		ATG	FF952_19260|CP040689_3973136_3973585_+2_ATG_149
CP040689	3975151	TGA	FF952_19270	3974954	198	CDS		ATG	FF952_19270|CP040689_3974954_3975151_+2_ATG_65
CP040689	3975353	TGA	FF952_19275	3975156	198	CDS		TTG	FF952_19275|CP040689_3975156_3975353_+3_TTG_65
CP040689	3980091	TGA	FF952_19295	3978874	1218	CDS		ATG	FF952_19295|CP040689_3978874_3980091_+1_ATG_405
CP040689	3986588	TGA	FF952_19320	3984897	1692	CDS		ATG	FF952_19320|CP040689_3984897_3986588_+3_ATG_563
CP040689	3987450	TAG	FF952_19325	3986590	861	CDS		ATG	FF952_19325|CP040689_3986590_3987450_+1_ATG_286
CP040689	3989026	TAG	FF952_19330	3987587	1440	CDS		ATG	FF952_19330|CP040689_3987587_3989026_+2_ATG_479
CP040689	3996260	TAA	FF952_19365	3995085	1176	CDS		ATG	FF952_19365|CP040689_3995085_3996260_+3_ATG_391
CP040689	3996827	TGA	FF952_19370	3996372	456	CDS		ATG	FF952_19370|CP040689_3996372_3996827_+3_ATG_151
CP040689	3999424	TAG	FF952_19390	3998681	744	CDS		ATG	FF952_19390|CP040689_3998681_3999424_+2_ATG_247
CP040689	4000302	TGA	FF952_19395	3999424	879	CDS		GTG	FF952_19395|CP040689_3999424_4000302_+1_GTG_292
CP040689	4001051	TGA	FF952_19400	4000299	753	CDS		GTG	FF952_19400|CP040689_4000299_4001051_+3_GTG_250
CP040689	4002216	TGA	FF952_19405	4001149	1068	CDS		ATG	FF952_19405|CP040689_4001149_4002216_+1_ATG_355
CP040689	4004270	TAG	FF952_19410	4002213	2058	CDS		GTG	FF952_19410|CP040689_4002213_4004270_+3_GTG_685
CP040689	4009166	TAG	FF952_19430	4007508	1659	CDS		ATG	FF952_19430|CP040689_4007508_4009166_+3_ATG_552
CP040689	4012688	TAG	FF952_19445	4011165	1524	CDS		TTG	FF952_19445|CP040689_4011165_4012688_+3_TTG_507
CP040689	4013822	TGA	FF952_19450	4012689	1134	CDS		ATG	FF952_19450|CP040689_4012689_4013822_+3_ATG_377
CP040689	4014778	TGA	FF952_19455	4013819	960	CDS		GTG	FF952_19455|CP040689_4013819_4014778_+2_GTG_319
CP040689	4015731	TGA	FF952_19460	4014775	957	CDS		ATG	FF952_19460|CP040689_4014775_4015731_+1_ATG_318
CP040689	4016894	TAG	FF952_19465	4015728	1167	CDS		GTG	FF952_19465|CP040689_4015728_4016894_+3_GTG_388
CP040689	4018181	GAC	FF952_19480	4018077	105	CDS	true	ATG	FF952_19480_p|CP040689_4018077_4018181_+3_ATG_35
CP040689	4023021	TAG	FF952_19505	4021945	1077	CDS		TTG	FF952_19505|CP040689_4021945_4023021_+1_TTG_358
CP040689	4023569	TAG	FF952_19510	4023039	531	CDS		ATG	FF952_19510|CP040689_4023039_4023569_+3_ATG_176
CP040689	4026611	TAG	FF952_19520	4026012	600	CDS		GTG	FF952_19520|CP040689_4026012_4026611_+3_GTG_199
CP040689	4028599	TAG	FF952_19530	4027886	714	CDS		GTG	FF952_19530|CP040689_4027886_4028599_+2_GTG_237
CP040689	4029656	TGA	FF952_19535	4028790	867	CDS		GTG	FF952_19535|CP040689_4028790_4029656_+3_GTG_288
CP040689	4030911	TAG	FF952_19540	4029670	1242	CDS		TTG	FF952_19540|CP040689_4029670_4030911_+1_TTG_413
CP040689	4035906	TAG	FF952_19570	4035358	549	CDS		GTG	FF952_19570|CP040689_4035358_4035906_+1_GTG_182
CP040689	4037414	TAG	FF952_19575	4035972	1443	CDS		GTG	FF952_19575|CP040689_4035972_4037414_+3_GTG_480
CP040689	4038495	TAA	FF952_19580	4037419	1077	CDS		ATG	FF952_19580|CP040689_4037419_4038495_+1_ATG_358
CP040689	4040935	TAG	FF952_19595	4040021	915	CDS		ATG	FF952_19595|CP040689_4040021_4040935_+2_ATG_304
CP040689	4043902	TAA	FF952_19610	4043585	318	CDS		ATG	FF952_19610|CP040689_4043585_4043902_+2_ATG_105
CP040689	4045238	TAG	FF952_19615	4043880	1359	CDS		GTG	FF952_19615|CP040689_4043880_4045238_+3_GTG_452
CP040689	4046212	TAG	FF952_19620	4045385	828	CDS		GTG	FF952_19620|CP040689_4045385_4046212_+2_GTG_275
CP040689	4063269	TGA	FF952_19705	4062739	531	CDS		ATC	FF952_19705|CP040689_4062739_4063269_+1_ATC_176
CP040689	4066330	CTT	FF952_19735	4066121	210	CDS	true	CTG	FF952_19735_p|CP040689_4066121_4066330_+2_CTG_70
CP040689	4068367	TGA	FF952_19740	4067399	969	CDS		ATG	FF952_19740|CP040689_4067399_4068367_+2_ATG_322
CP040689	4069551	TGA	FF952_19745	4068364	1188	CDS		ATG	FF952_19745|CP040689_4068364_4069551_+1_ATG_395
CP040689	4072915	TAG	FF952_19770	4072193	723	CDS		ATG	FF952_19770|CP040689_4072193_4072915_+2_ATG_240
CP040689	4077577	TGA	FF952_19795	4077089	489	CDS		GTG	FF952_19795|CP040689_4077089_4077577_+2_GTG_162
CP040689	4080136	TAA	FF952_19805	4078841	1296	CDS		TTG	FF952_19805|CP040689_4078841_4080136_+2_TTG_431
CP040689	4080905	TGA	FF952_19810	4080180	726	CDS		ATG	FF952_19810|CP040689_4080180_4080905_+3_ATG_241
CP040689	4081246	TAA	FF952_19815	4080902	345	CDS		ATG	FF952_19815|CP040689_4080902_4081246_+2_ATG_114
CP040689	4082332	TGA	FF952_19820	4081457	876	CDS		ATG	FF952_19820|CP040689_4081457_4082332_+2_ATG_291
CP040689	4085075	TGA	FF952_19830	4083300	1776	CDS		ATG	FF952_19830|CP040689_4083300_4085075_+3_ATG_591
CP040689	4086650	TGA	FF952_19835	4085418	1233	CDS	true	GTG	FF952_19835_p|CP040689_4085418_4086650_+3_GTG_410
CP040689	4087396	TGA	FF952_19840	4086650	747	CDS		ATG	FF952_19840|CP040689_4086650_4087396_+2_ATG_248
CP040689	4091017	TGA	FF952_19865	4090826	192	CDS		GTG	FF952_19865|CP040689_4090826_4091017_+2_GTG_63
CP040689	4094122	TAG	FF952_19880	4092473	1650	CDS		ATG	FF952_19880|CP040689_4092473_4094122_+2_ATG_549
CP040689	4100762	TGA	FF952_19900	4098447	2316	CDS		ATG	FF952_19900|CP040689_4098447_4100762_+3_ATG_771
CP040689	4101183	TAG	FF952_19905	4100899	285	CDS		GTG	FF952_19905|CP040689_4100899_4101183_+1_GTG_94
CP040689	4101857	TGA	FF952_19910	4101507	351	CDS		ATG	FF952_19910|CP040689_4101507_4101857_+3_ATG_116
CP040689	4102770	TGA	FF952_19920	4102456	315	CDS		ATG	FF952_19920|CP040689_4102456_4102770_+1_ATG_104
CP040689	4103477	TAG	FF952_19925	4102764	714	CDS		TTG	FF952_19925|CP040689_4102764_4103477_+3_TTG_237
CP040689	4108513	TGA	FF952_19965	4108319	195	CDS		TTG	FF952_19965|CP040689_4108319_4108513_+2_TTG_64
CP040689	4109459	TAG	FF952_19970	4108596	864	CDS		GTG	FF952_19970|CP040689_4108596_4109459_+3_GTG_287
CP040689	4116475	TAA	FF952_20005	4116119	357	CDS		GTG	FF952_20005|CP040689_4116119_4116475_+2_GTG_118
CP040689	4118696	TAG	FF952_20010	4116741	1956	CDS		GTG	FF952_20010|CP040689_4116741_4118696_+3_GTG_651
CP040689	4120294	TAG	FF952_20020	4119776	519	CDS		GTG	FF952_20020|CP040689_4119776_4120294_+2_GTG_172
CP040689	4121278	TGA	FF952_20025	4120295	984	CDS		ATG	FF952_20025|CP040689_4120295_4121278_+2_ATG_327
CP040689	4125328	TAG	FF952_20050	4124951	378	CDS		ATG	FF952_20050|CP040689_4124951_4125328_+2_ATG_125
CP040689	4126101	TAA	FF952_20055	4125427	675	CDS		GTG	FF952_20055|CP040689_4125427_4126101_+1_GTG_224
CP040689	4128747	TGA	FF952_20075	4127725	1023	CDS		ATG	FF952_20075|CP040689_4127725_4128747_+1_ATG_340
CP040689	4129904	TGA	FF952_20080	4128744	1161	CDS		ATG	FF952_20080|CP040689_4128744_4129904_+3_ATG_386
CP040689	4133411	TAG	FF952_20095	4130979	2433	CDS		ATG	FF952_20095|CP040689_4130979_4133411_+3_ATG_810
CP040689	4134439	TGA	FF952_20100	4133480	960	CDS		ATG	FF952_20100|CP040689_4133480_4134439_+2_ATG_319
CP040689	4135542	TGA	FF952_20105	4134502	1041	CDS		TTG	FF952_20105|CP040689_4134502_4135542_+1_TTG_346
CP040689	4136339	GTT	FF952_20115	4136115	225	CDS	true	ATT	FF952_20115_p|CP040689_4136115_4136339_+3_ATT_75
CP040689	4140775	TAA	FF952_20140	4139420	1356	CDS		TTG	FF952_20140|CP040689_4139420_4140775_+2_TTG_451
CP040689	4141455	TGA	FF952_20145	4140802	654	CDS		GTG	FF952_20145|CP040689_4140802_4141455_+1_GTG_217
CP040689	4142582	TGA	FF952_20150	4141581	1002	CDS		ATG	FF952_20150|CP040689_4141581_4142582_+3_ATG_333
CP040689	4143655	TAG	FF952_20155	4142579	1077	CDS		GTG	FF952_20155|CP040689_4142579_4143655_+2_GTG_358
CP040689	4143792	TGA	FF952_20160	4143673	120	CDS	true	GCC	FF952_20160_p|CP040689_4143673_4143792_+1_GCC_39
CP040689	4145111	TAA	FF952_20165	4143789	1323	CDS		ATG	FF952_20165|CP040689_4143789_4145111_+3_ATG_440
CP040689	4147201	TAG	FF952_20175	4146269	933	CDS		ATG	FF952_20175|CP040689_4146269_4147201_+2_ATG_310
CP040689	4151086	TAG	FF952_20195	4149557	1530	CDS		ATG	FF952_20195|CP040689_4149557_4151086_+2_ATG_509
CP040689	4151809	TGA	FF952_20200	4151108	702	CDS		ATG	FF952_20200|CP040689_4151108_4151809_+2_ATG_233
CP040689	4164816	ACG	FF952_20260	4162804	2013	CDS	true	GTG	FF952_20260_p|CP040689_4162804_4164816_+1_GTG_671
CP040689	4165764	TAG	FF952_20265	4165381	384	CDS	true	GTG	FF952_20265_p|CP040689_4165381_4165764_+1_GTG_127
CP040689	4168253	TGA	FF952_20280	4167012	1242	CDS		GTG	FF952_20280|CP040689_4167012_4168253_+3_GTG_413
CP040689	4168953	TAG	FF952_20285	4168258	696	CDS		GTG	FF952_20285|CP040689_4168258_4168953_+1_GTG_231
CP040689	4171795	TAG	FF952_20305	4171070	726	CDS		ATG	FF952_20305|CP040689_4171070_4171795_+2_ATG_241
CP040689	4173740	TGA	FF952_20315	4172328	1413	CDS		ATG	FF952_20315|CP040689_4172328_4173740_+3_ATG_470
CP040689	4175020	TAG	FF952_20320	4173758	1263	CDS		ATG	FF952_20320|CP040689_4173758_4175020_+2_ATG_420
CP040689	4179310	TAG	FF952_20345	4178546	765	CDS		ATG	FF952_20345|CP040689_4178546_4179310_+2_ATG_254
CP040689	4180178	TAG	FF952_20350	4179477	702	CDS		ATG	FF952_20350|CP040689_4179477_4180178_+3_ATG_233
CP040689	4181224	TAA	FF952_20355	4180223	1002	CDS		ATG	FF952_20355|CP040689_4180223_4181224_+2_ATG_333
CP040689	4182624	TGA	FF952_20360	4181431	1194	CDS		ATG	FF952_20360|CP040689_4181431_4182624_+1_ATG_397
CP040689	4184773	TAG	FF952_20365	4182965	1809	CDS		ATG	FF952_20365|CP040689_4182965_4184773_+2_ATG_602
CP040689	4188080	TGA	FF952_20370	4184883	3198	CDS		GTG	FF952_20370|CP040689_4184883_4188080_+3_GTG_1065
CP040689	4190625	TGA	FF952_20375	4188295	2331	CDS		ATG	FF952_20375|CP040689_4188295_4190625_+1_ATG_776
CP040689	4192844	TAA	FF952_20385	4191768	1077	CDS		ATG	FF952_20385|CP040689_4191768_4192844_+3_ATG_358
CP040689	4194002	TAG	FF952_20390	4192944	1059	CDS		ATG	FF952_20390|CP040689_4192944_4194002_+3_ATG_352
CP040689	4196587	TGA	FF952_20405	4196099	489	CDS		ATG	FF952_20405|CP040689_4196099_4196587_+2_ATG_162
CP040689	4197705	TGA	FF952_20410	4196644	1062	CDS		ATG	FF952_20410|CP040689_4196644_4197705_+1_ATG_353
CP040689	4199298	TAG	FF952_20415	4197709	1590	CDS		ATG	FF952_20415|CP040689_4197709_4199298_+1_ATG_529
CP040689	4205812	TAA	FF952_20445	4205450	363	CDS		ATG	FF952_20445|CP040689_4205450_4205812_+2_ATG_120
CP040689	4207117	TGA	FF952_20460	4206734	384	CDS		GTG	FF952_20460|CP040689_4206734_4207117_+2_GTG_127
CP040689	4207606	TGA	FF952_20465	4207247	360	CDS		GTG	FF952_20465|CP040689_4207247_4207606_+2_GTG_119
CP040689	4209099	TGA	FF952_20485	4208872	228	CDS		ATC	FF952_20485|CP040689_4208872_4209099_+1_ATC_75
CP040689	4211336	TGA	FF952_20505	4210365	972	CDS		GTG	FF952_20505|CP040689_4210365_4211336_+3_GTG_323
CP040689	4215850	TAA	FF952_20535	4215548	303	CDS		GTG	FF952_20535|CP040689_4215548_4215850_+2_GTG_100
CP040689	4219536	TAA	FF952_20550	4219057	480	CDS		GTG	FF952_20550|CP040689_4219057_4219536_+1_GTG_159
CP040689	4222992	TAG	FF952_20565	4222303	690	CDS		ATG	FF952_20565|CP040689_4222303_4222992_+1_ATG_229
CP040689	4224439	TGA	FF952_20575	4224080	360	CDS		ATG	FF952_20575|CP040689_4224080_4224439_+2_ATG_119
CP040689	4224897	TGA	FF952_20580	4224625	273	CDS		GTG	FF952_20580|CP040689_4224625_4224897_+1_GTG_90
CP040689	4228205	TGA	FF952_20610	4227144	1062	CDS		GTG	FF952_20610|CP040689_4227144_4228205_+3_GTG_353
CP040689	4229684	TAG	FF952_20620	4228860	825	CDS		ATG	FF952_20620|CP040689_4228860_4229684_+3_ATG_274
CP040689	4230943	TGA	FF952_20625	4229696	1248	CDS		ATG	FF952_20625|CP040689_4229696_4230943_+2_ATG_415
CP040689	4232572	CCC	FF952_20630	4231031	1542	CDS	true	ATG	FF952_20630_p|CP040689_4231031_4232572_+2_ATG_514
CP040689	4233691	TAG	FF952_20640	4232705	987	CDS		GTG	FF952_20640|CP040689_4232705_4233691_+2_GTG_328
CP040689	4236996	TAG	FF952_20650	4234996	2001	CDS		GTG	FF952_20650|CP040689_4234996_4236996_+1_GTG_666
CP040689	4237536	TAA	FF952_20655	4237000	537	CDS		GTG	FF952_20655|CP040689_4237000_4237536_+1_GTG_178
CP040689	4238361	TGA	FF952_20660	4237540	822	CDS		GTG	FF952_20660|CP040689_4237540_4238361_+1_GTG_273
CP040689	4239272	TGA	FF952_20665	4238358	915	CDS		ATG	FF952_20665|CP040689_4238358_4239272_+3_ATG_304
CP040689	4240111	TAG	FF952_20670	4239269	843	CDS		ATG	FF952_20670|CP040689_4239269_4240111_+2_ATG_280
CP040689	4241246	TAA	FF952_20675	4240267	980	CDS	true	ATG	FF952_20675_p|CP040689_4240267_4241246_+1_ATG_326
CP040689	4242403	TGA	FF952_20680	4241330	1074	CDS		ATG	FF952_20680|CP040689_4241330_4242403_+2_ATG_357
CP040689	4245275	TAA	FF952_20695	4244790	486	CDS		GTG	FF952_20695|CP040689_4244790_4245275_+3_GTG_161
CP040689	4245749	TGA	FF952_20700	4245384	366	CDS		ATG	FF952_20700|CP040689_4245384_4245749_+3_ATG_121
CP040689	4247174	TAG	FF952_20705	4245789	1386	CDS		ATG	FF952_20705|CP040689_4245789_4247174_+3_ATG_461
CP040689	4247939	TGA	FF952_20710	4247175	765	CDS		ATG	FF952_20710|CP040689_4247175_4247939_+3_ATG_254
CP040689	4249873	TGA	FF952_20715	4247942	1932	CDS		ATG	FF952_20715|CP040689_4247942_4249873_+2_ATG_643
CP040689	4253157	TAG	FF952_20720	4249873	3285	CDS		ATG	FF952_20720|CP040689_4249873_4253157_+1_ATG_1094
CP040689	4256527	TGA	FF952_20725	4253243	3285	CDS		GTG	FF952_20725|CP040689_4253243_4256527_+2_GTG_1094
CP040689	4259820	TAG	FF952_20730	4256524	3297	CDS		ATG	FF952_20730|CP040689_4256524_4259820_+1_ATG_1098
CP040689	4261015	TGA	FF952_20735	4259888	1128	CDS		ATG	FF952_20735|CP040689_4259888_4261015_+2_ATG_375
CP040689	4262876	TAA	FF952_20740	4261095	1782	CDS		ATG	FF952_20740|CP040689_4261095_4262876_+3_ATG_593
CP040689	4264336	TAG	FF952_20745	4263003	1334	CDS	true	GTG	FF952_20745_p|CP040689_4263003_4264336_+3_GTG_444
CP040689	4284591	TAA	FF952_20805	4283737	855	CDS		GTG	FF952_20805|CP040689_4283737_4284591_+1_GTG_284
CP040689	4286414	TGA	FF952_20810	4284796	1619	CDS	true	ATG	FF952_20810_p|CP040689_4284796_4286414_+1_ATG_539
CP040689	4288082	TAG	FF952_20815	4286568	1515	CDS		GTG	FF952_20815|CP040689_4286568_4288082_+3_GTG_504
CP040689	4292399	TAA	FF952_20850	4291644	756	CDS		GTG	FF952_20850|CP040689_4291644_4292399_+3_GTG_251
CP040689	4293996	TGA	FF952_20855	4292446	1551	CDS		GTG	FF952_20855|CP040689_4292446_4293996_+1_GTG_516
CP040689	4294328	TGA	FF952_20860	4293993	336	CDS		ATG	FF952_20860|CP040689_4293993_4294328_+3_ATG_111
CP040689	4296683	TAG	FF952_20870	4295970	714	CDS		ATG	FF952_20870|CP040689_4295970_4296683_+3_ATG_237
CP040689	4297932	TAG	FF952_20875	4296718	1215	CDS		ATG	FF952_20875|CP040689_4296718_4297932_+1_ATG_404
CP040689	4311563	TAG	FF952_20900	4309809	1755	CDS		ATG	FF952_20900|CP040689_4309809_4311563_+3_ATG_584
CP040689	4316236	TAG	FF952_20925	4315754	483	CDS		ATG	FF952_20925|CP040689_4315754_4316236_+2_ATG_160
CP040689	4317655	TAA	FF952_20935	4316864	792	CDS		ATG	FF952_20935|CP040689_4316864_4317655_+2_ATG_263
CP040689	4320393	TAG	FF952_20945	4319044	1350	CDS		ATG	FF952_20945|CP040689_4319044_4320393_+1_ATG_449
CP040689	4320748	TGA	FF952_20950	4320398	351	CDS		GTG	FF952_20950|CP040689_4320398_4320748_+2_GTG_116
CP040689	4321030	TGA	FF952_20955	4320809	222	CDS		ATG	FF952_20955|CP040689_4320809_4321030_+2_ATG_73
CP040689	4323539	TAG	FF952_20970	4322763	777	CDS		ATG	FF952_20970|CP040689_4322763_4323539_+3_ATG_258
CP040689	4323978	TAA	FF952_20975	4323565	414	CDS		TTG	FF952_20975|CP040689_4323565_4323978_+1_TTG_137
CP040689	4324721	TAG	FF952_20980	4324176	546	CDS		ATG	FF952_20980|CP040689_4324176_4324721_+3_ATG_181
CP040689	4329263	TAG	FF952_21010	4328817	447	CDS		ATC	FF952_21010|CP040689_4328817_4329263_+3_ATC_148
CP040689	4329637	TGA	FF952_21015	4329278	360	CDS		GTG	FF952_21015|CP040689_4329278_4329637_+2_GTG_119
CP040689	4330037	TGA	FF952_21020	4329822	216	CDS		ATG	FF952_21020|CP040689_4329822_4330037_+3_ATG_71
CP040689	4331324	TGA	FF952_21030	4330701	624	CDS		GTG	FF952_21030|CP040689_4330701_4331324_+3_GTG_207
CP040689	4332068	TAA	FF952_21035	4331535	534	CDS		ATG	FF952_21035|CP040689_4331535_4332068_+3_ATG_177
CP040689	4333231	TGA	FF952_21045	4332323	909	CDS		ATG	FF952_21045|CP040689_4332323_4333231_+2_ATG_302
CP040689	4333894	TAG	FF952_21050	4333496	399	CDS		ATG	FF952_21050|CP040689_4333496_4333894_+2_ATG_132
CP040689	4334668	TAA	FF952_21055	4334012	657	CDS		ATG	FF952_21055|CP040689_4334012_4334668_+2_ATG_218
CP040689	4334964	TAA	FF952_21060	4334680	285	CDS		ATG	FF952_21060|CP040689_4334680_4334964_+1_ATG_94
CP040689	4335475	TGA	FF952_21065	4335071	405	CDS		ATG	FF952_21065|CP040689_4335071_4335475_+2_ATG_134
CP040689	4335965	TGA	FF952_21070	4335492	474	CDS		GTG	FF952_21070|CP040689_4335492_4335965_+3_GTG_157
CP040689	4338196	TAA	FF952_21080	4337546	651	CDS		GTG	FF952_21080|CP040689_4337546_4338196_+2_GTG_216
CP040689	4347946	TGA	FF952_21110	4346774	1173	CDS		ATG	FF952_21110|CP040689_4346774_4347946_+2_ATG_390
CP040689	4348269	TGA	FF952_21115	4347943	327	CDS		GTG	FF952_21115|CP040689_4347943_4348269_+1_GTG_108
CP040689	4350023	TGA	FF952_21125	4348845	1179	CDS		ATG	FF952_21125|CP040689_4348845_4350023_+3_ATG_392
CP040689	4351522	TGA	FF952_21130	4350266	1257	CDS		ATG	FF952_21130|CP040689_4350266_4351522_+2_ATG_418
CP040689	4351921	TGA	FF952_21135	4351610	312	CDS		ATG	FF952_21135|CP040689_4351610_4351921_+2_ATG_103
CP040689	4352775	TGA	FF952_21140	4351924	852	CDS		ATG	FF952_21140|CP040689_4351924_4352775_+1_ATG_283
CP040689	4353365	TGA	FF952_21145	4352814	552	CDS		ATG	FF952_21145|CP040689_4352814_4353365_+3_ATG_183
CP040689	4355079	TGA	FF952_21150	4353358	1722	CDS		ATG	FF952_21150|CP040689_4353358_4355079_+1_ATG_573
CP040689	4356525	TGA	FF952_21155	4355083	1443	CDS		ATG	FF952_21155|CP040689_4355083_4356525_+1_ATG_480
CP040689	4358768	TGA	FF952_21160	4356525	2244	CDS		ATG	FF952_21160|CP040689_4356525_4358768_+3_ATG_747
CP040689	4358908	TGA	FF952_21165	4358765	144	CDS		GTG	FF952_21165|CP040689_4358765_4358908_+2_GTG_47
CP040689	4360699	TAA	FF952_21170	4358924	1776	CDS		ATG	FF952_21170|CP040689_4358924_4360699_+2_ATG_591
CP040689	4361138	TAA	FF952_21175	4360842	297	CDS		ATG	FF952_21175|CP040689_4360842_4361138_+3_ATG_98
CP040689	4362278	TGA	FF952_21180	4361172	1107	CDS		ATG	FF952_21180|CP040689_4361172_4362278_+3_ATG_368
CP040689	4362673	TGA	FF952_21185	4362371	303	CDS		ATG	FF952_21185|CP040689_4362371_4362673_+2_ATG_100
CP040689	4362993	TAG	FF952_21190	4362706	288	CDS		ATG	FF952_21190|CP040689_4362706_4362993_+1_ATG_95
CP040689	4365056	TGA	FF952_21195	4363107	1950	CDS		ATG	FF952_21195|CP040689_4363107_4365056_+3_ATG_649
CP040689	4366588	TGA	FF952_21200	4365053	1536	CDS		TTG	FF952_21200|CP040689_4365053_4366588_+2_TTG_511
CP040689	4367583	TAG	FF952_21205	4366739	845	CDS	true	ATG	FF952_21205_p|CP040689_4366739_4367583_+2_ATG_281
CP040689	4403372	TGA	FF952_21355	4403160	213	CDS		ATG	FF952_21355|CP040689_4403160_4403372_+3_ATG_70
CP040689	4404267	TGA	FF952_21360	4403521	747	CDS		GTG	FF952_21360|CP040689_4403521_4404267_+1_GTG_248
CP040689	4406672	TGA	FF952_21365	4404264	2409	CDS		GTG	FF952_21365|CP040689_4404264_4406672_+3_GTG_802
CP040689	4410223	TGA	FF952_21370	4406669	3555	CDS		ATG	FF952_21370|CP040689_4406669_4410223_+2_ATG_1184
CP040689	4410848	TGA	FF952_21375	4410258	591	CDS		ATG	FF952_21375|CP040689_4410258_4410848_+3_ATG_196
CP040689	4411705	TGA	FF952_21380	4410941	765	CDS		ATG	FF952_21380|CP040689_4410941_4411705_+2_ATG_254
CP040689	4412806	TGA	FF952_21385	4411799	1008	CDS		ATG	FF952_21385|CP040689_4411799_4412806_+2_ATG_335
CP040689	4413153	TAG	FF952_21390	4412803	351	CDS		ATG	FF952_21390|CP040689_4412803_4413153_+1_ATG_116
CP040689	4414483	TAA	FF952_21395	4413263	1221	CDS		ATG	FF952_21395|CP040689_4413263_4414483_+2_ATG_406
CP040689	4421237	TAA	FF952_21450	4421016	222	CDS		ATG	FF952_21450|CP040689_4421016_4421237_+3_ATG_73
CP040689	-11755	TAG	FF952_00055	-11892	138	CDS		GTG	FF952_00055|CP040689_11892_11755_-1_GTG_45
CP040689	-12074	TGA	FF952_00060	-12511	438	CDS		ATG	FF952_00060|CP040689_12511_12074_-3_ATG_145
CP040689	-13333	TGA	FF952_00070	-13758	426	CDS		ATG	FF952_00070|CP040689_13758_13333_-1_ATG_141
CP040689	-13914	TGA	FF952_00075	-14195	282	CDS		ATG	FF952_00075|CP040689_14195_13914_-2_ATG_93
CP040689	-15790	TAG	FF952_00090	-17670	1881	CDS		ATG	FF952_00090|CP040689_17670_15790_-1_ATG_626
CP040689	-17667	TGA	FF952_00095	-18962	1296	CDS		ATG	FF952_00095|CP040689_18962_17667_-2_ATG_431
CP040689	-18959	TGA	FF952_00100	-20434	1476	CDS		ATG	FF952_00100|CP040689_20434_18959_-3_ATG_491
CP040689	-20431	TGA	FF952_00105	-21840	1410	CDS		ATG	FF952_00105|CP040689_21840_20431_-1_ATG_469
CP040689	-21837	TGA	FF952_00110	-23381	1545	CDS		GTG	FF952_00110|CP040689_23381_21837_-2_GTG_514
CP040689	-23470	TGA	FF952_00115	-23937	468	CDS		ATG	FF952_00115|CP040689_23937_23470_-1_ATG_155
CP040689	-24061	TGA	FF952_00120	-25626	1566	CDS		ATG	FF952_00120|CP040689_25626_24061_-1_ATG_521
CP040689	-26095	TAA	FF952_00130	-27063	969	CDS		GTG	FF952_00130|CP040689_27063_26095_-1_GTG_322
CP040689	-27205	TGA	FF952_00135	-27624	420	CDS		ATG	FF952_00135|CP040689_27624_27205_-1_ATG_139
CP040689	-34085	TAG	FF952_00185	-34342	258	CDS		TTG	FF952_00185|CP040689_34342_34085_-3_TTG_85
CP040689	-39241	TGA	FF952_00210	-40014	774	CDS		ATG	FF952_00210|CP040689_40014_39241_-1_ATG_257
CP040689	-40062	TAG	FF952_00215	-41387	1326	CDS		GTG	FF952_00215|CP040689_41387_40062_-2_GTG_441
CP040689	-42189	TGA	FF952_00225	-42536	348	CDS		ATG	FF952_00225|CP040689_42536_42189_-2_ATG_115
CP040689	-42618	TAG	FF952_00230	-43550	933	CDS		ATG	FF952_00230|CP040689_43550_42618_-2_ATG_310
CP040689	-46766	TGA	FF952_00240	-47392	627	CDS		ATG	FF952_00240|CP040689_47392_46766_-3_ATG_208
CP040689	-47551	TAA	FF952_00245	-48285	735	CDS		ATG	FF952_00245|CP040689_48285_47551_-1_ATG_244
CP040689	-48418	TGA	FF952_00250	-49212	795	CDS		ATG	FF952_00250|CP040689_49212_48418_-1_ATG_264
CP040689	-49228	TGA	FF952_00255	-50124	897	CDS		GTG	FF952_00255|CP040689_50124_49228_-1_GTG_298
CP040689	-50206	TAG	FF952_00260	-51309	1104	CDS		ATG	FF952_00260|CP040689_51309_50206_-1_ATG_367
CP040689	-51370	TAA	FF952_00265	-51912	543	CDS		ATG	FF952_00265|CP040689_51912_51370_-1_ATG_180
CP040689	-52013	TGA	FF952_00270	-52882	870	CDS		GTG	FF952_00270|CP040689_52882_52013_-3_GTG_289
CP040689	-65206	TGA	FF952_00335	-65544	339	CDS		ATG	FF952_00335|CP040689_65544_65206_-1_ATG_112
CP040689	-65594	TGA	FF952_00340	-65806	213	CDS		GTG	FF952_00340|CP040689_65806_65594_-3_GTG_70
CP040689	-72505	TGA	FF952_00375	-74742	2238	CDS		ATG	FF952_00375|CP040689_74742_72505_-1_ATG_745
CP040689	-74860	TGA	FF952_00380	-75429	570	CDS		TTG	FF952_00380|CP040689_75429_74860_-1_TTG_189
CP040689	-76468	TGA	FF952_00390	-77853	1386	CDS		ATG	FF952_00390|CP040689_77853_76468_-1_ATG_461
CP040689	-77850	TGA	FF952_00395	-79127	1278	CDS		ATG	FF952_00395|CP040689_79127_77850_-2_ATG_425
CP040689	-85437	TGA	FF952_00430	-85826	390	CDS		ATG	FF952_00430|CP040689_85826_85437_-2_ATG_129
CP040689	-85890	TAG	FF952_00435	-86720	831	CDS		ATG	FF952_00435|CP040689_86720_85890_-2_ATG_276
CP040689	-87462	TGA	FF952_00445	-88055	594	CDS		ATG	FF952_00445|CP040689_88055_87462_-2_ATG_197
CP040689	-88052	TGA	FF952_00450	-88258	207	CDS		GTG	FF952_00450|CP040689_88258_88052_-3_GTG_68
CP040689	-103069	TAG	FF952_00530	-103917	849	CDS		GTG	FF952_00530|CP040689_103917_103069_-1_GTG_282
CP040689	-103964	TGA	FF952_00535	-104917	954	CDS		GTG	FF952_00535|CP040689_104917_103964_-3_GTG_317
CP040689	-105059	TAG	FF952_00540	-105469	411	CDS		GTG	FF952_00540|CP040689_105469_105059_-3_GTG_136
CP040689	-120169	TAG	FF952_00580	-122427	2259	CDS		GTG	FF952_00580|CP040689_122427_120169_-1_GTG_752
CP040689	-124106	CGA	FF952_00590	-124223	118	CDS	true	ATG	FF952_00590_p|CP040689_124223_124106_-2_ATG_39
CP040689	-124233	TGA	FF952_00595	-124517	285	CDS		ATG	FF952_00595|CP040689_124517_124233_-2_ATG_94
CP040689	-125918	TAG	FF952_00605	-130795	4878	CDS		GTG	FF952_00605|CP040689_130795_125918_-3_GTG_1625
CP040689	-131149	TGA	FF952_00610	-131358	210	CDS		TTG	FF952_00610|CP040689_131358_131149_-1_TTG_69
CP040689	-140523	TAG	FF952_00655	-141278	756	CDS		ATG	FF952_00655|CP040689_141278_140523_-2_ATG_251
CP040689	-142384	TGA	FF952_00665	-144132	1749	CDS		ATG	FF952_00665|CP040689_144132_142384_-1_ATG_582
CP040689	-145883	TAG	FF952_00675	-148027	2145	CDS		ATG	FF952_00675|CP040689_148027_145883_-3_ATG_714
CP040689	-148164	TGA	FF952_00680	-148598	435	CDS		GTG	FF952_00680|CP040689_148598_148164_-2_GTG_144
CP040689	-157014	TGA	FF952_00725	-158036	1023	CDS		ATG	FF952_00725|CP040689_158036_157014_-2_ATG_340
CP040689	-158751	TGA	FF952_00735	-160094	1344	CDS		ATG	FF952_00735|CP040689_160094_158751_-2_ATG_447
CP040689	-160136	TGA	FF952_00740	-161218	1083	CDS		ATG	FF952_00740|CP040689_161218_160136_-3_ATG_360
CP040689	-163080	TAG	FF952_00755	-163685	606	CDS		GTG	FF952_00755|CP040689_163685_163080_-2_GTG_201
CP040689	-165148	TGA	FF952_00765	-165696	549	CDS		ATG	FF952_00765|CP040689_165696_165148_-1_ATG_182
CP040689	-167707	TGA	FF952_00785	-168117	411	CDS		ATG	FF952_00785|CP040689_168117_167707_-1_ATG_136
CP040689	-169140	TAG	FF952_00795	-170618	1479	CDS		ATG	FF952_00795|CP040689_170618_169140_-2_ATG_492
CP040689	-177101	TAG	FF952_00830	-177388	288	CDS		ATG	FF952_00830|CP040689_177388_177101_-3_ATG_95
CP040689	-177979	TGA	FF952_00840	-179745	1767	CDS		ATG	FF952_00840|CP040689_179745_177979_-1_ATG_588
CP040689	-179755	TGA	FF952_00845	-181332	1578	CDS		ATG	FF952_00845|CP040689_181332_179755_-1_ATG_525
CP040689	-181241	TAG	FF952_00850	-181465	225	CDS		ATG	FF952_00850|CP040689_181465_181241_-3_ATG_74
CP040689	-181591	TGA	FF952_00855	-182421	831	CDS		ATG	FF952_00855|CP040689_182421_181591_-1_ATG_276
CP040689	-182423	TGA	FF952_00860	-183634	1212	CDS		ATG	FF952_00860|CP040689_183634_182423_-3_ATG_403
CP040689	-186931	TGA	FF952_00885	-187056	126	CDS		ATG	FF952_00885|CP040689_187056_186931_-1_ATG_41
CP040689	-187869	TGA	FF952_00895	-189275	1407	CDS		ATG	FF952_00895|CP040689_189275_187869_-2_ATG_468
CP040689	-189367	TGA	FF952_00900	-190875	1509	CDS		ATG	FF952_00900|CP040689_190875_189367_-1_ATG_502
CP040689	-192420	TAA	FF952_00910	-193571	1152	CDS		GTG	FF952_00910|CP040689_193571_192420_-2_GTG_383
CP040689	-193938	TAG	FF952_00920	-194123	186	CDS		TTG	FF952_00920|CP040689_194123_193938_-2_TTG_61
CP040689	-194561	TGA	FF952_00930	-195253	693	CDS		GTG	FF952_00930|CP040689_195253_194561_-3_GTG_230
CP040689	-210141	TAA	FF952_01000	-211250	1110	CDS		ATG	FF952_01000|CP040689_211250_210141_-2_ATG_369
CP040689	-211330	TAA	FF952_01005	-212688	1359	CDS		ATG	FF952_01005|CP040689_212688_211330_-1_ATG_452
CP040689	-212715	TAG	FF952_01010	-213449	735	CDS		ATG	FF952_01010|CP040689_213449_212715_-2_ATG_244
CP040689	-213466	TGA	FF952_01015	-214578	1113	CDS		ATG	FF952_01015|CP040689_214578_213466_-1_ATG_370
CP040689	-218828	TAG	FF952_01040	-218989	162	CDS		ATG	FF952_01040|CP040689_218989_218828_-3_ATG_53
CP040689	-220434	TAG	FF952_01055	-222161	1728	CDS		ATG	FF952_01055|CP040689_222161_220434_-2_ATG_575
CP040689	-225163	TAA	FF952_01075	-227010	1848	CDS		GTG	FF952_01075|CP040689_227010_225163_-1_GTG_615
CP040689	-234958	TAG	FF952_01100	-236949	1992	CDS		GTG	FF952_01100|CP040689_236949_234958_-1_GTG_663
CP040689	-238334	TAG	FF952_01115	-238837	504	CDS		GTG	FF952_01115|CP040689_238837_238334_-3_GTG_167
CP040689	-238834	TGA	FF952_01120	-241734	2901	CDS		ATG	FF952_01120|CP040689_241734_238834_-1_ATG_966
CP040689	-242429	TAG	FF952_01130	-243712	1284	CDS		ATG	FF952_01130|CP040689_243712_242429_-3_ATG_427
CP040689	-244937	TAA	FF952_01140	-247771	2835	CDS		GTG	FF952_01140|CP040689_247771_244937_-3_GTG_944
CP040689	-247837	TGA	FF952_01145	-248565	729	CDS		ATG	FF952_01145|CP040689_248565_247837_-1_ATG_242
CP040689	-248568	TGA	FF952_01150	-249359	792	CDS		ATG	FF952_01150|CP040689_249359_248568_-2_ATG_263
CP040689	-254122	TAA	FF952_01170	-255093	972	CDS		GTG	FF952_01170|CP040689_255093_254122_-1_GTG_323
CP040689	-255090	TGA	FF952_01175	-256421	1332	CDS		ATG	FF952_01175|CP040689_256421_255090_-2_ATG_443
CP040689	-258172	TAG	FF952_01185	-259338	1167	CDS		GTG	FF952_01185|CP040689_259338_258172_-1_GTG_388
CP040689	-260405	TAG	FF952_01195	-261313	909	CDS		GTG	FF952_01195|CP040689_261313_260405_-3_GTG_302
CP040689	-266782	TAG	FF952_01225	-268245	1464	CDS		ATG	FF952_01225|CP040689_268245_266782_-1_ATG_487
CP040689	-268344	TAA	FF952_01230	-269108	765	CDS		GTG	FF952_01230|CP040689_269108_268344_-2_GTG_254
CP040689	-270315	TAA	FF952_01240	-272045	1731	CDS		GTG	FF952_01240|CP040689_272045_270315_-2_GTG_576
CP040689	-272055	TAA	FF952_01245	-273320	1266	CDS		ATG	FF952_01245|CP040689_273320_272055_-2_ATG_421
CP040689	-274787	TAG	FF952_01255	-275200	414	CDS		ATG	FF952_01255|CP040689_275200_274787_-3_ATG_137
CP040689	-275191	TGA	FF952_01260	-275385	195	CDS		ATG	FF952_01260|CP040689_275385_275191_-1_ATG_64
CP040689	-275464	TGA	FF952_01265	-276444	981	CDS		GTG	FF952_01265|CP040689_276444_275464_-1_GTG_326
CP040689	-280086	TAG	FF952_01285	-281621	1536	CDS		ATG	FF952_01285|CP040689_281621_280086_-2_ATG_511
CP040689	-281647	TGA	FF952_01290	-283095	1449	CDS		ATG	FF952_01290|CP040689_283095_281647_-1_ATG_482
CP040689	-283130	TAG	FF952_01295	-287332	4203	CDS		GTG	FF952_01295|CP040689_287332_283130_-3_GTG_1400
CP040689	-287379	TAG	FF952_01300	-287552	174	CDS		ATG	FF952_01300|CP040689_287552_287379_-2_ATG_57
CP040689	-290293	TAG	FF952_01325	-291135	843	CDS		GTG	FF952_01325|CP040689_291135_290293_-1_GTG_280
CP040689	-291146	TGA	FF952_01330	-292510	1365	CDS		GTG	FF952_01330|CP040689_292510_291146_-3_GTG_454
CP040689	-294280	TGA	FF952_01340	-296115	1836	CDS		GTG	FF952_01340|CP040689_296115_294280_-1_GTG_611
CP040689	-298598	TAA	FF952_01355	-299344	747	CDS		ATG	FF952_01355|CP040689_299344_298598_-3_ATG_248
CP040689	-299345	TAA	FF952_01360	-301285	1941	CDS		ATG	FF952_01360|CP040689_301285_299345_-3_ATG_646
CP040689	-301316	TGA	FF952_01365	-302137	822	CDS		ATG	FF952_01365|CP040689_302137_301316_-3_ATG_273
CP040689	-302217	TGA	FF952_01370	-302510	294	CDS		TTG	FF952_01370|CP040689_302510_302217_-2_TTG_97
CP040689	-302655	TAG	FF952_01375	-303134	480	CDS		ATG	FF952_01375|CP040689_303134_302655_-2_ATG_159
CP040689	-306307	TGA	FF952_01390	-306831	525	CDS		GTG	FF952_01390|CP040689_306831_306307_-1_GTG_174
CP040689	-306856	TGA	FF952_01395	-308340	1485	CDS		ATG	FF952_01395|CP040689_308340_306856_-1_ATG_494
CP040689	-308359	TGA	FF952_01400	-310029	1671	CDS		ATG	FF952_01400|CP040689_310029_308359_-1_ATG_556
CP040689	-310776	TAG	FF952_01405	-311231	456	CDS		ATG	FF952_01405|CP040689_311231_310776_-2_ATG_151
CP040689	-311256	TGA	FF952_01410	-311999	744	CDS		ATG	FF952_01410|CP040689_311999_311256_-2_ATG_247
CP040689	-311996	TGA	FF952_01415	-313141	1146	CDS		ATG	FF952_01415|CP040689_313141_311996_-3_ATG_381
CP040689	-313241	TAG	FF952_01420	-314650	1410	CDS		ATG	FF952_01420|CP040689_314650_313241_-3_ATG_469
CP040689	-314791	TAA	FF952_01425	-315336	546	CDS		GTG	FF952_01425|CP040689_315336_314791_-1_GTG_181
CP040689	-315346	TAG	FF952_01430	-316248	903	CDS		ATG	FF952_01430|CP040689_316248_315346_-1_ATG_300
CP040689	-316265	TGA	FF952_01435	-316897	633	CDS		ATG	FF952_01435|CP040689_316897_316265_-3_ATG_210
CP040689	-316993	TGA	FF952_01440	-317985	993	CDS		GTG	FF952_01440|CP040689_317985_316993_-1_GTG_330
CP040689	-318007	TAA	FF952_01445	-321636	3630	CDS		GTG	FF952_01445|CP040689_321636_318007_-1_GTG_1209
CP040689	-323246	TGA	FF952_01455	-323755	510	CDS		GTG	FF952_01455|CP040689_323755_323246_-3_GTG_169
CP040689	-323820	TGA	FF952_01460	-325013	1194	CDS		ATG	FF952_01460|CP040689_325013_323820_-2_ATG_397
CP040689	-326748	TAA	FF952_01470	-328943	2196	CDS		ATG	FF952_01470|CP040689_328943_326748_-2_ATG_731
CP040689	-329057	TGA	FF952_01475	-330190	1134	CDS		TTG	FF952_01475|CP040689_330190_329057_-3_TTG_377
CP040689	-330187	TGA	FF952_01480	-330807	621	CDS		GTG	FF952_01480|CP040689_330807_330187_-1_GTG_206
CP040689	-331415	TAG	FF952_01490	-332140	726	CDS		ATG	FF952_01490|CP040689_332140_331415_-3_ATG_241
CP040689	-333190	TAG	FF952_01500	-333618	429	CDS		ATG	FF952_01500|CP040689_333618_333190_-1_ATG_142
CP040689	-333642	TGA	FF952_01505	-333824	183	CDS		CTG	FF952_01505|CP040689_333824_333642_-2_CTG_60
CP040689	-333919	TAG	FF952_01510	-336735	2817	CDS		ATG	FF952_01510|CP040689_336735_333919_-1_ATG_938
CP040689	-336999	TAG	FF952_01515	-339662	2664	CDS		ATG	FF952_01515|CP040689_339662_336999_-2_ATG_887
CP040689	-339912	TAA	FF952_01520	-342689	2778	CDS		ATG	FF952_01520|CP040689_342689_339912_-2_ATG_925
CP040689	-360478	TGA	FF952_01595	-361680	1203	CDS		ATG	FF952_01595|CP040689_361680_360478_-1_ATG_400
CP040689	-362561	TGA	FF952_01605	-363364	804	CDS		ATG	FF952_01605|CP040689_363364_362561_-3_ATG_267
CP040689	-363374	TAG	FF952_01610	-364771	1398	CDS		GTG	FF952_01610|CP040689_364771_363374_-3_GTG_465
CP040689	-369757	TAA	FF952_01650	-379302	9546	CDS		ATG	FF952_01650|CP040689_379302_369757_-1_ATG_3181
CP040689	-380164	TGA	FF952_01660	-380646	483	CDS		ATG	FF952_01660|CP040689_380646_380164_-1_ATG_160
CP040689	-382248	TGA	FF952_01675	-382739	492	CDS		GTG	FF952_01675|CP040689_382739_382248_-2_GTG_163
CP040689	-386470	TGA	FF952_01695	-387132	663	CDS		ATG	FF952_01695|CP040689_387132_386470_-1_ATG_220
CP040689	-388764	TAA	FF952_01710	-389534	771	CDS		GTG	FF952_01710|CP040689_389534_388764_-2_GTG_256
CP040689	-389896	TGA	FF952_01720	-390690	795	CDS		TTG	FF952_01720|CP040689_390690_389896_-1_TTG_264
CP040689	-394171	TAA	FF952_01745	-394842	672	CDS		ATG	FF952_01745|CP040689_394842_394171_-1_ATG_223
CP040689	-396287	TAG	FF952_01760	-397636	1350	CDS		ATG	FF952_01760|CP040689_397636_396287_-3_ATG_449
CP040689	-398285	TGA	FF952_01770	-398911	627	CDS		ATG	FF952_01770|CP040689_398911_398285_-3_ATG_208
CP040689	-398938	TAA	FF952_01775	-399678	741	CDS		ATG	FF952_01775|CP040689_399678_398938_-1_ATG_246
CP040689	-403126	TAA	FF952_01800	-403428	303	CDS		GTG	FF952_01800|CP040689_403428_403126_-1_GTG_100
CP040689	-405463	TAG	FF952_01815	-406752	1290	CDS		GTG	FF952_01815|CP040689_406752_405463_-1_GTG_429
CP040689	-406783	TGA	FF952_01820	-409431	2649	CDS		GTG	FF952_01820|CP040689_409431_406783_-1_GTG_882
CP040689	-409540	TGA	FF952_01825	-412038	2499	CDS		GTG	FF952_01825|CP040689_412038_409540_-1_GTG_832
CP040689	-417971	TGA	FF952_01850	-418531	561	CDS		GTG	FF952_01850|CP040689_418531_417971_-3_GTG_186
CP040689	-419092	TGA	FF952_01860	-420555	1464	CDS		ATG	FF952_01860|CP040689_420555_419092_-1_ATG_487
CP040689	-427734	TAA	FF952_01900	-438197	10464	CDS		ATG	FF952_01900|CP040689_438197_427734_-2_ATG_3487
CP040689	-438348	TAG	FF952_01905	-438992	645	CDS		GTG	FF952_01905|CP040689_438992_438348_-2_GTG_214
CP040689	-438989	TGA	FF952_01910	-440287	1299	CDS		ATG	FF952_01910|CP040689_440287_438989_-3_ATG_432
CP040689	-441820	TGA	FF952_01925	-442257	438	CDS		GTG	FF952_01925|CP040689_442257_441820_-1_GTG_145
CP040689	-444783	TAA	FF952_01940	-445817	1035	CDS		ATG	FF952_01940|CP040689_445817_444783_-2_ATG_344
CP040689	-446585	TAA	FF952_01950	-447715	1131	CDS		ATG	FF952_01950|CP040689_447715_446585_-3_ATG_376
CP040689	-447740	TAA	FF952_01955	-448333	594	CDS		GTG	FF952_01955|CP040689_448333_447740_-3_GTG_197
CP040689	-448362	TGA	FF952_01960	-448751	390	CDS		GTG	FF952_01960|CP040689_448751_448362_-2_GTG_129
CP040689	-448832	TAG	FF952_01965	-450043	1212	CDS		ATG	FF952_01965|CP040689_450043_448832_-3_ATG_403
CP040689	-450049	TGA	FF952_01970	-450651	603	CDS		ATG	FF952_01970|CP040689_450651_450049_-1_ATG_200
CP040689	-450665	TGA	FF952_01975	-451561	897	CDS		GTG	FF952_01975|CP040689_451561_450665_-3_GTG_298
CP040689	-451558	TGA	FF952_01980	-452151	594	CDS		ATG	FF952_01980|CP040689_452151_451558_-1_ATG_197
CP040689	-452148	TGA	FF952_01985	-452903	756	CDS		ATG	FF952_01985|CP040689_452903_452148_-2_ATG_251
CP040689	-452922	TAG	FF952_01990	-455321	2400	CDS		ATG	FF952_01990|CP040689_455321_452922_-2_ATG_799
CP040689	-455318	TGA	FF952_01995	-455797	480	CDS		ATG	FF952_01995|CP040689_455797_455318_-3_ATG_159
CP040689	-455812	TGA	FF952_02000	-456714	903	CDS		ATG	FF952_02000|CP040689_456714_455812_-1_ATG_300
CP040689	-456748	TGA	FF952_02005	-457890	1143	CDS		ATG	FF952_02005|CP040689_457890_456748_-1_ATG_380
CP040689	-459786	TAG	FF952_02025	-460337	552	CDS		GTG	FF952_02025|CP040689_460337_459786_-2_GTG_183
CP040689	-460433	TGA	FF952_02030	-461341	909	CDS		GTG	FF952_02030|CP040689_461341_460433_-3_GTG_302
CP040689	-461359	TAG	FF952_02035	-461898	540	CDS		GTG	FF952_02035|CP040689_461898_461359_-1_GTG_179
CP040689	-461979	TGA	FF952_02040	-462833	855	CDS		ATG	FF952_02040|CP040689_462833_461979_-2_ATG_284
CP040689	-462974	TGA	FF952_02045	-465520	2547	CDS		GTG	FF952_02045|CP040689_465520_462974_-3_GTG_848
CP040689	-470190	TAG	FF952_02060	-471521	1332	CDS		ATG	FF952_02060|CP040689_471521_470190_-2_ATG_443
CP040689	-471714	TGA	FF952_02065	-471923	210	CDS		TTG	FF952_02065|CP040689_471923_471714_-2_TTG_69
CP040689	-474747	TAG	FF952_02085	-476159	1413	CDS		ATG	FF952_02085|CP040689_476159_474747_-2_ATG_470
CP040689	-477642	TGA	FF952_02095	-478361	720	CDS		ATG	FF952_02095|CP040689_478361_477642_-2_ATG_239
CP040689	-479784	TAG	FF952_02115	-479978	195	CDS		ATG	FF952_02115|CP040689_479978_479784_-2_ATG_64
CP040689	-480199	TAG	FF952_02125	-480840	642	CDS		ATG	FF952_02125|CP040689_480840_480199_-1_ATG_213
CP040689	-480847	TAG	FF952_02130	-482076	1230	CDS		ATG	FF952_02130|CP040689_482076_480847_-1_ATG_409
CP040689	-482086	TAG	FF952_02135	-483273	1188	CDS		ATG	FF952_02135|CP040689_483273_482086_-1_ATG_395
CP040689	-483875	TAG	FF952_02145	-486751	2877	CDS		GTG	FF952_02145|CP040689_486751_483875_-3_GTG_958
CP040689	-486748	TGA	FF952_02150	-487176	429	CDS		ATG	FF952_02150|CP040689_487176_486748_-1_ATG_142
CP040689	-493407	TAG	FF952_02165	-494225	819	CDS		ATG	FF952_02165|CP040689_494225_493407_-2_ATG_272
CP040689	-498582	TAA	FF952_02185	-500834	2253	CDS		ATG	FF952_02185|CP040689_500834_498582_-2_ATG_750
CP040689	-500834	TGA	FF952_02190	-501820	987	CDS		ATG	FF952_02190|CP040689_501820_500834_-3_ATG_328
CP040689	-501820	TGA	FF952_02195	-503139	1320	CDS		GTG	FF952_02195|CP040689_503139_501820_-1_GTG_439
CP040689	-503870	TGA	FF952_02205	-504538	669	CDS		GTG	FF952_02205|CP040689_504538_503870_-3_GTG_222
CP040689	-510081	TAG	FF952_02240	-510491	411	CDS		TTG	FF952_02240|CP040689_510491_510081_-2_TTG_136
CP040689	-510652	TGA	FF952_02245	-511281	630	CDS		ATG	FF952_02245|CP040689_511281_510652_-1_ATG_209
CP040689	-511278	TGA	FF952_02250	-512075	798	CDS		ATG	FF952_02250|CP040689_512075_511278_-2_ATG_265
CP040689	-512102	TGA	FF952_02255	-513745	1644	CDS		ATG	FF952_02255|CP040689_513745_512102_-3_ATG_547
CP040689	-513897	TAA	FF952_02260	-514172	276	CDS		ATG	FF952_02260|CP040689_514172_513897_-2_ATG_91
CP040689	-514222	TGA	FF952_02265	-518841	4620	CDS		ATG	FF952_02265|CP040689_518841_514222_-1_ATG_1539
CP040689	-518893	TAG	FF952_02270	-519336	444	CDS		ATG	FF952_02270|CP040689_519336_518893_-1_ATG_147
CP040689	-519537	TAG	FF952_02275	-520412	876	CDS		ATG	FF952_02275|CP040689_520412_519537_-2_ATG_291
CP040689	-520415	TAG	FF952_02280	-521323	909	CDS		ATG	FF952_02280|CP040689_521323_520415_-3_ATG_302
CP040689	-521323	TAA	FF952_02285	-521916	594	CDS		ATG	FF952_02285|CP040689_521916_521323_-1_ATG_197
CP040689	-525867	TAG	FF952_02315	-528053	2187	CDS		GTG	FF952_02315|CP040689_528053_525867_-2_GTG_728
CP040689	-528050	TGA	FF952_02320	-528910	861	CDS		ATG	FF952_02320|CP040689_528910_528050_-3_ATG_286
CP040689	-528907	TGA	FF952_02325	-529602	696	CDS		GTG	FF952_02325|CP040689_529602_528907_-1_GTG_231
CP040689	-529663	TAA	FF952_02330	-530880	1218	CDS		GTG	FF952_02330|CP040689_530880_529663_-1_GTG_405
CP040689	-530899	TGA	FF952_02335	-531834	936	CDS		ATG	FF952_02335|CP040689_531834_530899_-1_ATG_311
CP040689	-533816	TAG	FF952_02345	-534244	429	CDS		GTG	FF952_02345|CP040689_534244_533816_-3_GTG_142
CP040689	-534271	TAA	FF952_02350	-535734	1464	CDS		GTG	FF952_02350|CP040689_535734_534271_-1_GTG_487
CP040689	-536567	TGA	FF952_02360	-537265	699	CDS		ATG	FF952_02360|CP040689_537265_536567_-3_ATG_232
CP040689	-537309	TGA	FF952_02365	-537872	564	CDS		ATG	FF952_02365|CP040689_537872_537309_-2_ATG_187
CP040689	-537921	TGA	FF952_02370	-538691	771	CDS		GTG	FF952_02370|CP040689_538691_537921_-2_GTG_256
CP040689	-538700	TGA	FF952_02375	-539983	1284	CDS		ATG	FF952_02375|CP040689_539983_538700_-3_ATG_427
CP040689	-539980	TGA	FF952_02380	-540669	690	CDS		ATC	FF952_02380|CP040689_540669_539980_-1_ATC_229
CP040689	-540705	TGA	FF952_02385	-542024	1320	CDS		GTG	FF952_02385|CP040689_542024_540705_-2_GTG_439
CP040689	-542064	TGA	FF952_02390	-544967	2904	CDS		GTG	FF952_02390|CP040689_544967_542064_-2_GTG_967
CP040689	-544964	TGA	FF952_02395	-545386	423	CDS		GTG	FF952_02395|CP040689_545386_544964_-3_GTG_140
CP040689	-548851	TAA	FF952_02420	-549297	447	CDS		ATG	FF952_02420|CP040689_549297_548851_-1_ATG_148
CP040689	-549365	TAG	FF952_02425	-550279	915	CDS		ATG	FF952_02425|CP040689_550279_549365_-3_ATG_304
CP040689	-550552	TGA	FF952_02430	-550833	282	CDS		ATG	FF952_02430|CP040689_550833_550552_-1_ATG_93
CP040689	-550820	TGA	FF952_02435	-550993	174	CDS		ATT	FF952_02435|CP040689_550993_550820_-3_ATT_57
CP040689	-551062	TAA	FF952_02440	-553092	2031	CDS	true	ATG	FF952_02440_p|CP040689_553092_551062_-1_ATG_676
CP040689	-557786	TAG	FF952_02475	-558358	573	CDS		ATG	FF952_02475|CP040689_558358_557786_-3_ATG_190
CP040689	-558355	TGA	FF952_02480	-559779	1425	CDS		GTG	FF952_02480|CP040689_559779_558355_-1_GTG_474
CP040689	-564321	TAA	FF952_02505	-565184	864	CDS		ATG	FF952_02505|CP040689_565184_564321_-2_ATG_287
CP040689	-565327	TGA	FF952_02510	-565767	441	CDS		GTG	FF952_02510|CP040689_565767_565327_-1_GTG_146
CP040689	-565698	TGA	FF952_02515	-566186	489	CDS		ATG	FF952_02515|CP040689_566186_565698_-2_ATG_162
CP040689	-566196	TAG	FF952_02520	-566900	705	CDS		GTG	FF952_02520|CP040689_566900_566196_-2_GTG_234
CP040689	-571394	TGA	FF952_02555	-572440	1047	CDS		GTG	FF952_02555|CP040689_572440_571394_-3_GTG_348
CP040689	-572437	TGA	FF952_02560	-573279	843	CDS		ATG	FF952_02560|CP040689_573279_572437_-1_ATG_280
CP040689	-573573	TGA	FF952_02565	-574097	525	CDS		ATG	FF952_02565|CP040689_574097_573573_-2_ATG_174
CP040689	-576631	TAG	FF952_02580	-577386	756	CDS		ATG	FF952_02580|CP040689_577386_576631_-1_ATG_251
CP040689	-584082	TGA	FF952_02615	-584288	207	CDS		GTG	FF952_02615|CP040689_584288_584082_-2_GTG_68
CP040689	-585281	TAG	FF952_02625	-587170	1890	CDS		ATG	FF952_02625|CP040689_587170_585281_-3_ATG_629
CP040689	-587167	TGA	FF952_02630	-587496	330	CDS		ATG	FF952_02630|CP040689_587496_587167_-1_ATG_109
CP040689	-587493	TGA	FF952_02635	-588482	990	CDS		GTG	FF952_02635|CP040689_588482_587493_-2_GTG_329
CP040689	-589216	TAG	FF952_02645	-590106	891	CDS		GTG	FF952_02645|CP040689_590106_589216_-1_GTG_296
CP040689	-597663	TAA	FF952_02695	-598571	909	CDS		ATG	FF952_02695|CP040689_598571_597663_-2_ATG_302
CP040689	-598594	TAG	FF952_02700	-599094	501	CDS		ATG	FF952_02700|CP040689_599094_598594_-1_ATG_166
CP040689	-599720	TGA	FF952_02705	-600841	1122	CDS		ATG	FF952_02705|CP040689_600841_599720_-3_ATG_373
CP040689	-612315	TAA	FF952_02760	-612791	477	CDS		ATG	FF952_02760|CP040689_612791_612315_-2_ATG_158
CP040689	-615428	TAG	FF952_02775	-616330	903	CDS		GTG	FF952_02775|CP040689_616330_615428_-3_GTG_300
CP040689	-618582	TAA	FF952_02800	-618977	396	CDS		ATG	FF952_02800|CP040689_618977_618582_-2_ATG_131
CP040689	-626377	TAG	FF952_02840	-626538	162	CDS		GTG	FF952_02840|CP040689_626538_626377_-1_GTG_53
CP040689	-628823	TGA	FF952_02865	-629830	1008	CDS		ATG	FF952_02865|CP040689_629830_628823_-3_ATG_335
CP040689	-629912	TAA	FF952_02870	-630790	879	CDS		GTG	FF952_02870|CP040689_630790_629912_-3_GTG_292
CP040689	-632648	TAG	FF952_02885	-634081	1434	CDS		GTG	FF952_02885|CP040689_634081_632648_-3_GTG_477
CP040689	-637405	TAA	FF952_02905	-638754	1350	CDS		GTG	FF952_02905|CP040689_638754_637405_-1_GTG_449
CP040689	-638766	TAG	FF952_02910	-639908	1143	CDS		CTG	FF952_02910|CP040689_639908_638766_-2_CTG_380
CP040689	-639923	TAG	FF952_02915	-640225	303	CDS		GTG	FF952_02915|CP040689_640225_639923_-3_GTG_100
CP040689	-640285	TAG	FF952_02920	-640563	279	CDS		GTG	FF952_02920|CP040689_640563_640285_-1_GTG_92
CP040689	-640560	TGA	FF952_02925	-641813	1254	CDS		GTG	FF952_02925|CP040689_641813_640560_-2_GTG_417
CP040689	-641933	TGA	FF952_02930	-642319	387	CDS		ATG	FF952_02930|CP040689_642319_641933_-3_ATG_128
CP040689	-642382	TGA	FF952_02935	-643266	885	CDS		GTG	FF952_02935|CP040689_643266_642382_-1_GTG_294
CP040689	-643362	TAA	FF952_02940	-644264	903	CDS		TTG	FF952_02940|CP040689_644264_643362_-2_TTG_300
CP040689	-644578	TGA	FF952_02945	-644991	414	CDS		GTG	FF952_02945|CP040689_644991_644578_-1_GTG_137
CP040689	-644988	TGA	FF952_02950	-645254	267	CDS		TTG	FF952_02950|CP040689_645254_644988_-2_TTG_88
CP040689	-645446	TAG	FF952_02955	-647161	1716	CDS		ATG	FF952_02955|CP040689_647161_645446_-3_ATG_571
CP040689	-654757	TAA	FF952_02995	-655095	339	CDS		ATG	FF952_02995|CP040689_655095_654757_-1_ATG_112
CP040689	-655129	TGA	FF952_03000	-655854	726	CDS		ATG	FF952_03000|CP040689_655854_655129_-1_ATG_241
CP040689	-655879	TGA	FF952_03005	-657213	1335	CDS	true	TTG	FF952_03005_p|CP040689_657213_655879_-1_TTG_444
CP040689	-659274	TAG	FF952_03020	-660299	1026	CDS		ATG	FF952_03020|CP040689_660299_659274_-2_ATG_341
CP040689	-660360	TGA	FF952_03025	-661820	1461	CDS		ATG	FF952_03025|CP040689_661820_660360_-2_ATG_486
CP040689	-661898	TAG	FF952_03030	-662389	492	CDS		ATG	FF952_03030|CP040689_662389_661898_-3_ATG_163
CP040689	-667837	TAA	FF952_03065	-669168	1332	CDS		ATG	FF952_03065|CP040689_669168_667837_-1_ATG_443
CP040689	-669392	TGA	FF952_03070	-669733	342	CDS		ATG	FF952_03070|CP040689_669733_669392_-3_ATG_113
CP040689	-669784	TAG	FF952_03075	-669951	168	CDS		ATG	FF952_03075|CP040689_669951_669784_-1_ATG_55
CP040689	-670201	TAG	FF952_03080	-671592	1392	CDS		ATG	FF952_03080|CP040689_671592_670201_-1_ATG_463
CP040689	-671602	TAA	FF952_03085	-672744	1143	CDS		GTG	FF952_03085|CP040689_672744_671602_-1_GTG_380
CP040689	-672929	TGA	FF952_03090	-674095	1167	CDS		GTG	FF952_03090|CP040689_674095_672929_-3_GTG_388
CP040689	-676346	TAG	FF952_03105	-680293	3948	CDS		ATG	FF952_03105|CP040689_680293_676346_-3_ATG_1315
CP040689	-681502	TAG	FF952_03120	-681993	492	CDS		ATG	FF952_03120|CP040689_681993_681502_-1_ATG_163
CP040689	-682766	TAA	FF952_03135	-683452	687	CDS		ATG	FF952_03135|CP040689_683452_682766_-3_ATG_228
CP040689	-686262	TAA	FF952_03145	-688649	2388	CDS		ATG	FF952_03145|CP040689_688649_686262_-2_ATG_795
CP040689	-699217	TGA	FF952_03195	-699609	393	CDS		GTG	FF952_03195|CP040689_699609_699217_-1_GTG_130
CP040689	-699606	TGA	FF952_03200	-699863	258	CDS		ATG	FF952_03200|CP040689_699863_699606_-2_ATG_85
CP040689	-700046	TAA	FF952_03205	-701281	1236	CDS		ATG	FF952_03205|CP040689_701281_700046_-3_ATG_411
CP040689	-701532	TGA	FF952_03210	-701945	414	CDS		GTG	FF952_03210|CP040689_701945_701532_-2_GTG_137
CP040689	-701942	TGA	FF952_03215	-702178	237	CDS		ATG	FF952_03215|CP040689_702178_701942_-3_ATG_78
CP040689	-702282	TAG	FF952_03220	-702788	507	CDS		GTG	FF952_03220|CP040689_702788_702282_-2_GTG_168
CP040689	-702902	TGA	FF952_03225	-703372	471	CDS		ATG	FF952_03225|CP040689_703372_702902_-3_ATG_156
CP040689	-703416	TGA	FF952_03230	-704177	762	CDS		GTG	FF952_03230|CP040689_704177_703416_-2_GTG_253
CP040689	-708653	TGA	FF952_03280	-708820	168	CDS		ATA	FF952_03280|CP040689_708820_708653_-3_ATA_55
CP040689	-708853	TGA	FF952_03285	-709050	198	CDS		GTG	FF952_03285|CP040689_709050_708853_-1_GTG_65
CP040689	-709373	TAA	FF952_03290	-710287	915	CDS		ATG	FF952_03290|CP040689_710287_709373_-3_ATG_304
CP040689	-710339	TAG	FF952_03295	-710560	222	CDS		ATG	FF952_03295|CP040689_710560_710339_-3_ATG_73
CP040689	-711326	TAG	FF952_03305	-713893	2568	CDS		GTG	FF952_03305|CP040689_713893_711326_-3_GTG_855
CP040689	-714962	TAA	FF952_03320	-715228	267	CDS		GTG	FF952_03320|CP040689_715228_714962_-3_GTG_88
CP040689	-718308	TAA	FF952_03345	-718652	345	CDS		ATG	FF952_03345|CP040689_718652_718308_-2_ATG_114
CP040689	-721532	TGA	FF952_03370	-722272	741	CDS		ATG	FF952_03370|CP040689_722272_721532_-3_ATG_246
CP040689	-723140	TGA	FF952_03385	-724291	1152	CDS		GTG	FF952_03385|CP040689_724291_723140_-3_GTG_383
CP040689	-724384	TGA	FF952_03390	-726105	1722	CDS		GTG	FF952_03390|CP040689_726105_724384_-1_GTG_573
CP040689	-726102	TGA	FF952_03395	-729386	3285	CDS		ATG	FF952_03395|CP040689_729386_726102_-2_ATG_1094
CP040689	-729386	TGA	FF952_03400	-732679	3294	CDS		ATG	FF952_03400|CP040689_732679_729386_-3_ATG_1097
CP040689	-732956	TAA	FF952_03405	-733651	696	CDS		ATG	FF952_03405|CP040689_733651_732956_-3_ATG_231
CP040689	-733700	TAA	FF952_03410	-734539	840	CDS		ATG	FF952_03410|CP040689_734539_733700_-3_ATG_279
CP040689	-734693	TGA	FF952_03415	-735406	714	CDS		GTG	FF952_03415|CP040689_735406_734693_-3_GTG_237
CP040689	-740671	TAA	FF952_03480	-741576	906	CDS		ATG	FF952_03480|CP040689_741576_740671_-1_ATG_301
CP040689	-741641	TAG	FF952_03485	-742522	882	CDS		ATG	FF952_03485|CP040689_742522_741641_-3_ATG_293
CP040689	-742670	TAG	FF952_03490	-743533	864	CDS		ATG	FF952_03490|CP040689_743533_742670_-3_ATG_287
CP040689	-743700	TAG	FF952_03495	-744560	861	CDS		ATG	FF952_03495|CP040689_744560_743700_-2_ATG_286
CP040689	-744607	TGA	FF952_03500	-745512	906	CDS		GTG	FF952_03500|CP040689_745512_744607_-1_GTG_301
CP040689	-745524	TAG	FF952_03505	-746990	1467	CDS		ATG	FF952_03505|CP040689_746990_745524_-2_ATG_488
CP040689	-754140	TGA	FF952_03535	-754835	696	CDS		ATG	FF952_03535|CP040689_754835_754140_-2_ATG_231
CP040689	-757890	TAG	FF952_03550	-758273	384	CDS		TTG	FF952_03550|CP040689_758273_757890_-2_TTG_127
CP040689	-758368	TAG	FF952_03555	-758523	156	CDS		GTG	FF952_03555|CP040689_758523_758368_-1_GTG_51
CP040689	-758599	TGA	FF952_03560	-759315	717	CDS		GTG	FF952_03560|CP040689_759315_758599_-1_GTG_238
CP040689	-759591	TGA	FF952_03565	-759899	309	CDS		ATG	FF952_03565|CP040689_759899_759591_-2_ATG_102
CP040689	-759886	TGA	FF952_03570	-760131	246	CDS		ATG	FF952_03570|CP040689_760131_759886_-1_ATG_81
CP040689	-760241	TGA	FF952_03575	-760678	438	CDS		ATG	FF952_03575|CP040689_760678_760241_-3_ATG_145
CP040689	-760675	TGA	FF952_03580	-761043	369	CDS		TTG	FF952_03580|CP040689_761043_760675_-1_TTG_122
CP040689	-772223	TAG	FF952_03620	-772543	321	CDS		ATG	FF952_03620|CP040689_772543_772223_-3_ATG_106
CP040689	-772590	TGA	FF952_03625	-774503	1914	CDS		ATG	FF952_03625|CP040689_774503_772590_-2_ATG_637
CP040689	-780492	TGA	FF952_03660	-783386	2895	CDS		ATG	FF952_03660|CP040689_783386_780492_-2_ATG_964
CP040689	-783383	TGA	FF952_03665	-783811	429	CDS		ATG	FF952_03665|CP040689_783811_783383_-3_ATG_142
CP040689	-784449	TGA	FF952_03675	-784946	498	CDS		GTG	FF952_03675|CP040689_784946_784449_-2_GTG_165
CP040689	-784948	TGA	FF952_03680	-785322	375	CDS		GTG	FF952_03680|CP040689_785322_784948_-1_GTG_124
CP040689	-794063	TAG	FF952_03725	-794317	255	CDS		GTG	FF952_03725|CP040689_794317_794063_-3_GTG_84
CP040689	-794671	CAC	FF952_03730	-794809	139	CDS	true	CGG	FF952_03730_p|CP040689_794809_794671_-3_CGG_46
CP040689	-794930	TGA	FF952_03735	-795979	1050	CDS		GTG	FF952_03735|CP040689_795979_794930_-3_GTG_349
CP040689	-795976	TGA	FF952_03740	-796572	597	CDS		ATG	FF952_03740|CP040689_796572_795976_-1_ATG_198
CP040689	-805009	TGA	FF952_03805	-805239	231	CDS		GTG	FF952_03805|CP040689_805239_805009_-1_GTG_76
CP040689	-822606	TGA	FF952_03940	-823511	906	CDS		ATG	FF952_03940|CP040689_823511_822606_-2_ATG_301
CP040689	-823604	TGA	FF952_03945	-824707	1104	CDS		ATG	FF952_03945|CP040689_824707_823604_-3_ATG_367
CP040689	-824910	TAG	FF952_03950	-825566	657	CDS		ATG	FF952_03950|CP040689_825566_824910_-2_ATG_218
CP040689	-825563	TGA	FF952_03955	-826543	981	CDS		GTG	FF952_03955|CP040689_826543_825563_-3_GTG_326
CP040689	-828750	TGA	FF952_03970	-829706	957	CDS		ATG	FF952_03970|CP040689_829706_828750_-2_ATG_318
CP040689	-835691	AGC	FF952_04020	-835819	129	CDS	true	ATG	FF952_04020_p|CP040689_835819_835691_-3_ATG_43
CP040689	-838898	TAG	FF952_04045	-839455	558	CDS		ATG	FF952_04045|CP040689_839455_838898_-3_ATG_185
CP040689	-839452	TGA	FF952_04050	-839958	507	CDS		ATG	FF952_04050|CP040689_839958_839452_-1_ATG_168
CP040689	-840071	TAG	FF952_04055	-840217	147	CDS		ATG	FF952_04055|CP040689_840217_840071_-3_ATG_48
CP040689	-847136	TAG	FF952_04090	-847273	138	CDS		GTG	FF952_04090|CP040689_847273_847136_-3_GTG_45
CP040689	-847746	TAA	FF952_04100	-848630	885	CDS		ATG	FF952_04100|CP040689_848630_847746_-2_ATG_294
CP040689	-848641	TAG	FF952_04105	-849813	1173	CDS		ATG	FF952_04105|CP040689_849813_848641_-1_ATG_390
CP040689	-849820	TAG	FF952_04110	-851352	1533	CDS		ATG	FF952_04110|CP040689_851352_849820_-1_ATG_510
CP040689	-853502	TAG	FF952_04120	-855438	1937	CDS	true	ATG	FF952_04120_p|CP040689_855438_853502_-1_ATG_645
CP040689	-855767	TTA	FF952_04125	-855925	159	CDS	true	ATG	FF952_04125_p|CP040689_855925_855767_-3_ATG_53
CP040689	-856139	TGA	FF952_04135	-856864	726	CDS		ATG	FF952_04135|CP040689_856864_856139_-3_ATG_241
CP040689	-859223	TGA	FF952_04150	-859666	444	CDS		ATG	FF952_04150|CP040689_859666_859223_-3_ATG_147
CP040689	-859663	TGA	FF952_04155	-860082	420	CDS		ATG	FF952_04155|CP040689_860082_859663_-1_ATG_139
CP040689	-860095	TAG	FF952_04160	-861222	1128	CDS		GTG	FF952_04160|CP040689_861222_860095_-1_GTG_375
CP040689	-861321	TAA	FF952_04165	-861866	546	CDS		GTG	FF952_04165|CP040689_861866_861321_-2_GTG_181
CP040689	-861869	TAA	FF952_04170	-862075	207	CDS		ATG	FF952_04170|CP040689_862075_861869_-3_ATG_68
CP040689	-862078	TAA	FF952_04175	-863433	1356	CDS		ATG	FF952_04175|CP040689_863433_862078_-1_ATG_451
CP040689	-863433	TAA	FF952_04180	-864260	828	CDS		ATG	FF952_04180|CP040689_864260_863433_-2_ATG_275
CP040689	-864260	TAA	FF952_04185	-865468	1209	CDS		ATG	FF952_04185|CP040689_865468_864260_-3_ATG_402
CP040689	-865465	TGA	FF952_04190	-866106	642	CDS		GTG	FF952_04190|CP040689_866106_865465_-1_GTG_213
CP040689	-871247	TAG	FF952_04220	-872785	1539	CDS		ATG	FF952_04220|CP040689_872785_871247_-3_ATG_512
CP040689	-872836	TAA	FF952_04225	-873747	912	CDS		ATG	FF952_04225|CP040689_873747_872836_-1_ATG_303
CP040689	-874380	TGA	FF952_04235	-875159	780	CDS		ATG	FF952_04235|CP040689_875159_874380_-2_ATG_259
CP040689	-878068	TAG	FF952_04250	-878688	621	CDS		ATG	FF952_04250|CP040689_878688_878068_-1_ATG_206
CP040689	-882216	TGA	FF952_04270	-883838	1623	CDS		ATG	FF952_04270|CP040689_883838_882216_-2_ATG_540
CP040689	-886473	TAG	FF952_04285	-887111	639	CDS		ATG	FF952_04285|CP040689_887111_886473_-2_ATG_212
CP040689	-888849	TGA	FF952_04305	-889448	600	CDS		GTG	FF952_04305|CP040689_889448_888849_-2_GTG_199
CP040689	-889470	TGA	FF952_04310	-890198	729	CDS		ATG	FF952_04310|CP040689_890198_889470_-2_ATG_242
CP040689	-890195	TGA	FF952_04315	-891238	1044	CDS		ATG	FF952_04315|CP040689_891238_890195_-3_ATG_347
CP040689	-891235	TGA	FF952_04320	-892044	810	CDS		ATG	FF952_04320|CP040689_892044_891235_-1_ATG_269
CP040689	-892535	TAG	FF952_04330	-894034	1500	CDS		ATG	FF952_04330|CP040689_894034_892535_-3_ATG_499
CP040689	-895511	TAA	FF952_04340	-896308	798	CDS		ATG	FF952_04340|CP040689_896308_895511_-3_ATG_265
CP040689	-896305	TGA	FF952_04345	-897312	1008	CDS		GTG	FF952_04345|CP040689_897312_896305_-1_GTG_335
CP040689	-899011	TGA	FF952_04360	-899667	657	CDS		ATG	FF952_04360|CP040689_899667_899011_-1_ATG_218
CP040689	-903771	TGA	FF952_04380	-905369	1599	CDS		ATG	FF952_04380|CP040689_905369_903771_-2_ATG_532
CP040689	-908944	TAG	FF952_04400	-909126	183	CDS		ATG	FF952_04400|CP040689_909126_908944_-1_ATG_60
CP040689	-909273	TGA	FF952_04405	-910379	1107	CDS		GTG	FF952_04405|CP040689_910379_909273_-2_GTG_368
CP040689	-911377	TAA	FF952_04415	-912057	681	CDS		GTG	FF952_04415|CP040689_912057_911377_-1_GTG_226
CP040689	-912220	TGA	FF952_04420	-912522	303	CDS		ATG	FF952_04420|CP040689_912522_912220_-1_ATG_100
CP040689	-912524	TGA	FF952_04425	-913357	834	CDS		ATG	FF952_04425|CP040689_913357_912524_-3_ATG_277
CP040689	-913650	TGA	FF952_04430	-914072	423	CDS		ATG	FF952_04430|CP040689_914072_913650_-2_ATG_140
CP040689	-914069	TGA	FF952_04435	-914881	813	CDS		ATG	FF952_04435|CP040689_914881_914069_-3_ATG_270
CP040689	-917597	TAG	FF952_04455	-918238	642	CDS		ATG	FF952_04455|CP040689_918238_917597_-3_ATG_213
CP040689	-918296	TAG	FF952_04460	-920350	2055	CDS		ATG	FF952_04460|CP040689_920350_918296_-3_ATG_684
CP040689	-920516	TGA	FF952_04465	-921685	1170	CDS		ATG	FF952_04465|CP040689_921685_920516_-3_ATG_389
CP040689	-921715	TAG	FF952_04470	-922731	1017	CDS		ATG	FF952_04470|CP040689_922731_921715_-1_ATG_338
CP040689	-922893	TGA	FF952_04475	-923534	642	CDS		GTG	FF952_04475|CP040689_923534_922893_-2_GTG_213
CP040689	-924722	TAA	FF952_04485	-925114	393	CDS		ATG	FF952_04485|CP040689_925114_924722_-3_ATG_130
CP040689	-925172	TGA	FF952_04490	-925594	423	CDS		ATG	FF952_04490|CP040689_925594_925172_-3_ATG_140
CP040689	-926875	TAA	FF952_04505	-927690	816	CDS		ATG	FF952_04505|CP040689_927690_926875_-1_ATG_271
CP040689	-931903	TAA	FF952_04540	-934542	2640	CDS		ATG	FF952_04540|CP040689_934542_931903_-1_ATG_879
CP040689	-935635	TGA	FF952_04550	-936186	552	CDS		ATG	FF952_04550|CP040689_936186_935635_-1_ATG_183
CP040689	-936267	TAA	FF952_04555	-936989	723	CDS		ATG	FF952_04555|CP040689_936989_936267_-2_ATG_240
CP040689	-937060	TGA	FF952_04560	-938087	1028	CDS	true	ATG	FF952_04560_p|CP040689_938087_937060_-2_ATG_342
CP040689	-938349	TAG	FF952_04565	-938537	189	CDS		ATG	FF952_04565|CP040689_938537_938349_-2_ATG_62
CP040689	-938556	TGA	FF952_04570	-938825	270	CDS		ATG	FF952_04570|CP040689_938825_938556_-2_ATG_89
CP040689	-940513	TGA	FF952_04585	-941373	861	CDS		GTG	FF952_04585|CP040689_941373_940513_-1_GTG_286
CP040689	-944512	TAG	FF952_04610	-945162	651	CDS		ATG	FF952_04610|CP040689_945162_944512_-1_ATG_216
CP040689	-946736	TGA	FF952_04620	-948250	1515	CDS		ATG	FF952_04620|CP040689_948250_946736_-3_ATG_504
CP040689	-951697	TAG	FF952_04645	-952524	828	CDS		GTG	FF952_04645|CP040689_952524_951697_-1_GTG_275
CP040689	-953492	TGA	FF952_04660	-955174	1683	CDS		GTG	FF952_04660|CP040689_955174_953492_-3_GTG_560
CP040689	-957782	TAG	FF952_04685	-958975	1194	CDS		ATG	FF952_04685|CP040689_958975_957782_-3_ATG_397
CP040689	-962578	TAG	FF952_04700	-964206	1629	CDS		GTG	FF952_04700|CP040689_964206_962578_-1_GTG_542
CP040689	-964230	CGC	FF952_04705	-964333	104	CDS	true	TTG	FF952_04705_p|CP040689_964333_964230_-3_TTG_34
CP040689	-964450	TAA	FF952_04710	-966720	2271	CDS		ATG	FF952_04710|CP040689_966720_964450_-1_ATG_756
CP040689	-968420	TGA	FF952_04735	-969643	1224	CDS		ATG	FF952_04735|CP040689_969643_968420_-3_ATG_407
CP040689	-970091	TAA	FF952_04740	-970369	279	CDS		GTG	FF952_04740|CP040689_970369_970091_-3_GTG_92
CP040689	-970373	TAA	FF952_04745	-971455	1083	CDS		ATG	FF952_04745|CP040689_971455_970373_-3_ATG_360
CP040689	-971452	TGA	FF952_04750	-971841	390	CDS		ATG	FF952_04750|CP040689_971841_971452_-1_ATG_129
CP040689	-972532	TAA	FF952_04760	-974361	1830	CDS		ATG	FF952_04760|CP040689_974361_972532_-1_ATG_609
CP040689	-974442	TAG	FF952_04765	-974633	192	CDS		TTG	FF952_04765|CP040689_974633_974442_-2_TTG_63
CP040689	-976663	TAG	FF952_04775	-977823	1161	CDS		GTG	FF952_04775|CP040689_977823_976663_-1_GTG_386
CP040689	-977923	TGA	FF952_04780	-978411	489	CDS		GTG	FF952_04780|CP040689_978411_977923_-1_GTG_162
CP040689	-978408	TGA	FF952_04785	-980054	1647	CDS		ATG	FF952_04785|CP040689_980054_978408_-2_ATG_548
CP040689	-980975	TGA	FF952_04795	-982318	1344	CDS		ATG	FF952_04795|CP040689_982318_980975_-3_ATG_447
CP040689	-982596	TAG	FF952_04800	-982871	276	CDS		ATG	FF952_04800|CP040689_982871_982596_-2_ATG_91
CP040689	-984621	TAG	FF952_04820	-985382	762	CDS		ATG	FF952_04820|CP040689_985382_984621_-2_ATG_253
CP040689	-985539	TAG	FF952_04825	-986669	1131	CDS		ATG	FF952_04825|CP040689_986669_985539_-2_ATG_376
CP040689	-989628	TAG	FF952_04840	-990086	459	CDS		ATG	FF952_04840|CP040689_990086_989628_-2_ATG_152
CP040689	-992855	TGA	FF952_04855	-993976	1122	CDS		ATG	FF952_04855|CP040689_993976_992855_-3_ATG_373
CP040689	-994063	TGA	FF952_04860	-996711	2649	CDS		GTG	FF952_04860|CP040689_996711_994063_-1_GTG_882
CP040689	-996713	TGA	FF952_04865	-997570	858	CDS		GTG	FF952_04865|CP040689_997570_996713_-3_GTG_285
CP040689	-999433	TAG	FF952_04880	-1000410	978	CDS		ATG	FF952_04880|CP040689_1000410_999433_-1_ATG_325
CP040689	-1004923	TAA	FF952_04900	-1006530	1608	CDS		ATG	FF952_04900|CP040689_1006530_1004923_-1_ATG_535
CP040689	-1006556	TAG	FF952_04905	-1006819	264	CDS		ATG	FF952_04905|CP040689_1006819_1006556_-3_ATG_87
CP040689	-1008616	TAG	FF952_04925	-1009956	1341	CDS		ATG	FF952_04925|CP040689_1009956_1008616_-1_ATG_446
CP040689	-1009967	TGA	FF952_04930	-1010677	711	CDS		ATG	FF952_04930|CP040689_1010677_1009967_-3_ATG_236
CP040689	-1010808	TAA	FF952_04935	-1012295	1488	CDS		GTG	FF952_04935|CP040689_1012295_1010808_-2_GTG_495
CP040689	-1020936	TGA	FF952_04980	-1021166	231	CDS		GTG	FF952_04980|CP040689_1021166_1020936_-2_GTG_76
CP040689	-1021333	TGA	FF952_04985	-1022841	1509	CDS		ATG	FF952_04985|CP040689_1022841_1021333_-1_ATG_502
CP040689	-1022843	TGA	FF952_04990	-1024081	1239	CDS		ATG	FF952_04990|CP040689_1024081_1022843_-3_ATG_412
CP040689	-1024174	TAA	FF952_04995	-1025445	1272	CDS		ATG	FF952_04995|CP040689_1025445_1024174_-1_ATG_423
CP040689	-1025460	TAA	FF952_05000	-1025759	300	CDS		ATG	FF952_05000|CP040689_1025759_1025460_-2_ATG_99
CP040689	-1029613	TGA	FF952_05030	-1030932	1320	CDS		ATG	FF952_05030|CP040689_1030932_1029613_-1_ATG_439
CP040689	-1033629	TAG	FF952_05045	-1034693	1065	CDS		ATG	FF952_05045|CP040689_1034693_1033629_-2_ATG_354
CP040689	-1034694	TGA	FF952_05050	-1035980	1287	CDS		GTG	FF952_05050|CP040689_1035980_1034694_-2_GTG_428
CP040689	-1036012	TAG	FF952_05055	-1036749	738	CDS		ATG	FF952_05055|CP040689_1036749_1036012_-1_ATG_245
CP040689	-1036826	TGA	FF952_05060	-1037902	1077	CDS		ATG	FF952_05060|CP040689_1037902_1036826_-3_ATG_358
CP040689	-1037956	TGA	FF952_05065	-1038747	792	CDS		ATG	FF952_05065|CP040689_1038747_1037956_-1_ATG_263
CP040689	-1042035	TAA	FF952_05085	-1044029	1995	CDS		GTG	FF952_05085|CP040689_1044029_1042035_-2_GTG_664
CP040689	-1044051	TGA	FF952_05090	-1045163	1113	CDS		GTG	FF952_05090|CP040689_1045163_1044051_-2_GTG_370
CP040689	-1049314	TGA	FF952_05115	-1050135	822	CDS		ATG	FF952_05115|CP040689_1050135_1049314_-1_ATG_273
CP040689	-1054708	TAA	FF952_05130	-1055574	867	CDS		GTG	FF952_05130|CP040689_1055574_1054708_-1_GTG_288
CP040689	-1055659	TGA	FF952_05135	-1056432	774	CDS		GTG	FF952_05135|CP040689_1056432_1055659_-1_GTG_257
CP040689	-1056811	TGA	FF952_05145	-1057851	1041	CDS		GTG	FF952_05145|CP040689_1057851_1056811_-1_GTG_346
CP040689	-1059139	TAG	FF952_05160	-1060800	1662	CDS		ATG	FF952_05160|CP040689_1060800_1059139_-1_ATG_553
CP040689	-1060901	TAG	FF952_05165	-1061185	285	CDS		ATG	FF952_05165|CP040689_1061185_1060901_-3_ATG_94
CP040689	-1061415	TGA	FF952_05170	-1061645	231	CDS		ATG	FF952_05170|CP040689_1061645_1061415_-2_ATG_76
CP040689	-1061761	TAA	FF952_05180	-1062078	318	CDS		ATG	FF952_05180|CP040689_1062078_1061761_-1_ATG_105
CP040689	-1064771	TGA	FF952_05190	-1065769	999	CDS		ATG	FF952_05190|CP040689_1065769_1064771_-3_ATG_332
CP040689	-1068229	TAG	FF952_05205	-1069077	849	CDS		ATG	FF952_05205|CP040689_1069077_1068229_-1_ATG_282
CP040689	-1078555	TGA	FF952_05260	-1079229	675	CDS		ATG	FF952_05260|CP040689_1079229_1078555_-1_ATG_224
CP040689	-1079409	TAA	FF952_05265	-1080209	801	CDS		GTG	FF952_05265|CP040689_1080209_1079409_-2_GTG_266
CP040689	-1080308	TGA	FF952_05270	-1080790	483	CDS		ATG	FF952_05270|CP040689_1080790_1080308_-3_ATG_160
CP040689	-1080890	TGA	FF952_05275	-1081309	420	CDS		ATG	FF952_05275|CP040689_1081309_1080890_-3_ATG_139
CP040689	-1081345	TAG	FF952_05280	-1081946	602	CDS	true	ATG	FF952_05280_p|CP040689_1081946_1081345_-2_ATG_200
CP040689	-1085886	TAG	FF952_05305	-1086695	810	CDS		ATG	FF952_05305|CP040689_1086695_1085886_-2_ATG_269
CP040689	-1086695	TGA	FF952_05310	-1087861	1167	CDS		GTG	FF952_05310|CP040689_1087861_1086695_-3_GTG_388
CP040689	-1087858	TGA	FF952_05315	-1089861	2004	CDS		ATG	FF952_05315|CP040689_1089861_1087858_-1_ATG_667
CP040689	-1089867	TGA	FF952_05320	-1091456	1590	CDS		GTG	FF952_05320|CP040689_1091456_1089867_-2_GTG_529
CP040689	-1091459	TGA	FF952_05325	-1092607	1149	CDS		GTG	FF952_05325|CP040689_1092607_1091459_-3_GTG_382
CP040689	-1092604	TGA	FF952_05330	-1094286	1683	CDS		GTG	FF952_05330|CP040689_1094286_1092604_-1_GTG_560
CP040689	-1098199	GCA	FF952_05345	-1098480	282	CDS	true	ATG	FF952_05345_p|CP040689_1098480_1098199_-1_ATG_94
CP040689	-1098532	TAA	FF952_05350	-1098618	87	CDS	true	CCA	FF952_05350_p|CP040689_1098618_1098532_-1_CCA_28
CP040689	-1098794	TGA	FF952_05355	-1098988	195	CDS		ATG	FF952_05355|CP040689_1098988_1098794_-3_ATG_64
CP040689	-1099202	TGA	FF952_05365	-1100575	1374	CDS		ATG	FF952_05365|CP040689_1100575_1099202_-3_ATG_457
CP040689	-1100758	CTG	FF952_05370	-1100844	87	CDS	true	ATG	FF952_05370_p|CP040689_1100844_1100758_-1_ATG_29
CP040689	-1105149	TAG	FF952_05395	-1105604	456	CDS		ATG	FF952_05395|CP040689_1105604_1105149_-2_ATG_151
CP040689	-1110529	TAG	FF952_05415	-1111506	978	CDS		ATG	FF952_05415|CP040689_1111506_1110529_-1_ATG_325
CP040689	-1111567	TGA	FF952_05420	-1112223	657	CDS		GTG	FF952_05420|CP040689_1112223_1111567_-1_GTG_218
CP040689	-1112296	TGA	FF952_05425	-1112628	333	CDS		GTG	FF952_05425|CP040689_1112628_1112296_-1_GTG_110
CP040689	-1112702	TGA	FF952_05430	-1113295	594	CDS		ATG	FF952_05430|CP040689_1113295_1112702_-3_ATG_197
CP040689	-1118297	TAG	FF952_05470	-1118506	210	CDS		ATG	FF952_05470|CP040689_1118506_1118297_-3_ATG_69
CP040689	-1118510	TAG	FF952_05475	-1118965	456	CDS		ATG	FF952_05475|CP040689_1118965_1118510_-3_ATG_151
CP040689	-1120655	TAA	FF952_05490	-1121272	618	CDS		ATG	FF952_05490|CP040689_1121272_1120655_-3_ATG_205
CP040689	-1122552	TGA	FF952_05500	-1124063	1512	CDS		GTG	FF952_05500|CP040689_1124063_1122552_-2_GTG_503
CP040689	-1125013	TAA	FF952_05510	-1126272	1260	CDS		GTG	FF952_05510|CP040689_1126272_1125013_-1_GTG_419
CP040689	-1126346	TAG	FF952_05515	-1127782	1437	CDS		TTG	FF952_05515|CP040689_1127782_1126346_-3_TTG_478
CP040689	-1129568	TGA	FF952_05525	-1131127	1560	CDS		ATG	FF952_05525|CP040689_1131127_1129568_-3_ATG_519
CP040689	-1135506	TGA	FF952_05555	-1135805	300	CDS		ATG	FF952_05555|CP040689_1135805_1135506_-2_ATG_99
CP040689	-1137458	TAA	FF952_05565	-1138033	576	CDS		ATG	FF952_05565|CP040689_1138033_1137458_-3_ATG_191
CP040689	-1138046	TAG	FF952_05570	-1138693	648	CDS		ATG	FF952_05570|CP040689_1138693_1138046_-3_ATG_215
CP040689	-1138910	TAA	FF952_05575	-1139590	681	CDS		TTG	FF952_05575|CP040689_1139590_1138910_-3_TTG_226
CP040689	-1139626	TAG	FF952_05580	-1140606	981	CDS		TTG	FF952_05580|CP040689_1140606_1139626_-1_TTG_326
CP040689	-1140698	TGA	FF952_05585	-1142185	1488	CDS		ATG	FF952_05585|CP040689_1142185_1140698_-3_ATG_495
CP040689	-1152552	TAA	FF952_05640	-1153232	681	CDS		ATG	FF952_05640|CP040689_1153232_1152552_-2_ATG_226
CP040689	-1153229	TGA	FF952_05645	-1155809	2581	CDS	true	GTG	FF952_05645_p|CP040689_1155809_1153229_-2_GTG_860
CP040689	-1160549	TGA	FF952_05675	-1162078	1530	CDS		ATG	FF952_05675|CP040689_1162078_1160549_-3_ATG_509
CP040689	-1162086	TGA	FF952_05680	-1162859	774	CDS		ATG	FF952_05680|CP040689_1162859_1162086_-2_ATG_257
CP040689	-1163041	TAA	FF952_05685	-1164481	1441	CDS	true	GTG	FF952_05685_p|CP040689_1164481_1163041_-3_GTG_480
CP040689	-1164667	TAA	FF952_05690	-1164951	285	CDS		ATG	FF952_05690|CP040689_1164951_1164667_-1_ATG_94
CP040689	-1164978	TGA	FF952_05695	-1165274	297	CDS		ATG	FF952_05695|CP040689_1165274_1164978_-2_ATG_98
CP040689	-1165420	TGA	FF952_05700	-1166595	1176	CDS		ATG	FF952_05700|CP040689_1166595_1165420_-1_ATG_391
CP040689	-1166672	TAG	FF952_05705	-1167499	828	CDS		ATG	FF952_05705|CP040689_1167499_1166672_-3_ATG_275
CP040689	-1168287	TGA	FF952_05715	-1168526	240	CDS		TTG	FF952_05715|CP040689_1168526_1168287_-2_TTG_79
CP040689	-1168432	TGA	FF952_05720	-1168650	219	CDS		GTG	FF952_05720|CP040689_1168650_1168432_-1_GTG_72
CP040689	-1168695	TAG	FF952_05725	-1169622	928	CDS	true	GTG	FF952_05725_p|CP040689_1169622_1168695_-1_GTG_309
CP040689	-1169905	TAG	FF952_05730	-1170930	1026	CDS		ATG	FF952_05730|CP040689_1170930_1169905_-1_ATG_341
CP040689	-1172760	TGA	FF952_05745	-1173548	789	CDS		TTG	FF952_05745|CP040689_1173548_1172760_-2_TTG_262
CP040689	-1175163	TGA	FF952_05755	-1176278	1116	CDS		GTG	FF952_05755|CP040689_1176278_1175163_-2_GTG_371
CP040689	-1176235	TAG	FF952_05760	-1176438	204	CDS		GTG	FF952_05760|CP040689_1176438_1176235_-1_GTG_67
CP040689	-1178070	TGA	FF952_05775	-1178825	756	CDS		ATG	FF952_05775|CP040689_1178825_1178070_-2_ATG_251
CP040689	-1179120	TGA	FF952_05780	-1179746	627	CDS		ATG	FF952_05780|CP040689_1179746_1179120_-2_ATG_208
CP040689	-1182729	TGA	FF952_05820	-1182893	165	CDS		ATG	FF952_05820|CP040689_1182893_1182729_-2_ATG_54
CP040689	-1189866	TGA	FF952_05855	-1190948	1083	CDS		ATG	FF952_05855|CP040689_1190948_1189866_-2_ATG_360
CP040689	-1191029	TAA	FF952_05860	-1191448	420	CDS		GTG	FF952_05860|CP040689_1191448_1191029_-3_GTG_139
CP040689	-1192546	TAA	FF952_05875	-1194531	1986	CDS		ATG	FF952_05875|CP040689_1194531_1192546_-1_ATG_661
CP040689	-1194893	TAG	FF952_05880	-1196656	1764	CDS		ATG	FF952_05880|CP040689_1196656_1194893_-3_ATG_587
CP040689	-1196653	TGA	FF952_05885	-1197426	774	CDS		ATG	FF952_05885|CP040689_1197426_1196653_-1_ATG_257
CP040689	-1197438	TAG	FF952_05890	-1198475	1038	CDS		GTG	FF952_05890|CP040689_1198475_1197438_-2_GTG_345
CP040689	-1200539	TGA	FF952_05905	-1201756	1218	CDS		ATG	FF952_05905|CP040689_1201756_1200539_-3_ATG_405
CP040689	-1201809	TAG	FF952_05910	-1202753	945	CDS		GTG	FF952_05910|CP040689_1202753_1201809_-2_GTG_314
CP040689	-1207687	TAG	FF952_05935	-1208181	495	CDS		ATG	FF952_05935|CP040689_1208181_1207687_-1_ATG_164
CP040689	-1208367	TGA	FF952_05940	-1208801	435	CDS		ATG	FF952_05940|CP040689_1208801_1208367_-2_ATG_144
CP040689	-1212139	TGA	FF952_05960	-1212867	729	CDS		ATG	FF952_05960|CP040689_1212867_1212139_-1_ATG_242
CP040689	-1213783	TAG	FF952_05970	-1214052	270	CDS		GTG	FF952_05970|CP040689_1214052_1213783_-1_GTG_89
CP040689	-1221805	TAA	FF952_06015	-1222743	939	CDS		ATG	FF952_06015|CP040689_1222743_1221805_-1_ATG_312
CP040689	-1227820	TGA	FF952_06045	-1228701	882	CDS		ATG	FF952_06045|CP040689_1228701_1227820_-1_ATG_293
CP040689	-1228698	TGA	FF952_06050	-1230122	1425	CDS		ATG	FF952_06050|CP040689_1230122_1228698_-2_ATG_474
CP040689	-1230153	TAA	FF952_06055	-1231241	1089	CDS		ATG	FF952_06055|CP040689_1231241_1230153_-2_ATG_362
CP040689	-1231948	TGA	FF952_06065	-1233105	1158	CDS		TTG	FF952_06065|CP040689_1233105_1231948_-1_TTG_385
CP040689	-1233217	TAG	FF952_06070	-1233528	312	CDS		ATG	FF952_06070|CP040689_1233528_1233217_-1_ATG_103
CP040689	-1233528	TGA	FF952_06075	-1233848	321	CDS		ATG	FF952_06075|CP040689_1233848_1233528_-2_ATG_106
CP040689	-1235401	TAG	FF952_06085	-1236513	1113	CDS		ATG	FF952_06085|CP040689_1236513_1235401_-1_ATG_370
CP040689	-1236523	TAA	FF952_06090	-1236780	258	CDS		ATG	FF952_06090|CP040689_1236780_1236523_-1_ATG_85
CP040689	-1236770	TGA	FF952_06095	-1238017	1248	CDS		GTG	FF952_06095|CP040689_1238017_1236770_-3_GTG_415
CP040689	-1238014	TGA	FF952_06100	-1238652	639	CDS		ATG	FF952_06100|CP040689_1238652_1238014_-1_ATG_212
CP040689	-1239766	TAA	FF952_06110	-1240749	984	CDS		GTG	FF952_06110|CP040689_1240749_1239766_-1_GTG_327
CP040689	-1243672	TGA	FF952_06140	-1243947	276	CDS		ATG	FF952_06140|CP040689_1243947_1243672_-1_ATG_91
CP040689	-1244528	TGA	FF952_06150	-1245388	861	CDS		GTG	FF952_06150|CP040689_1245388_1244528_-3_GTG_286
CP040689	-1245421	TGA	FF952_06155	-1246191	771	CDS	true	CTG	FF952_06155_p|CP040689_1246191_1245421_-1_CTG_256
CP040689	-1248701	TAG	FF952_06170	-1249609	909	CDS		ATG	FF952_06170|CP040689_1249609_1248701_-3_ATG_302
CP040689	-1251887	TAG	FF952_06185	-1252492	606	CDS		ATG	FF952_06185|CP040689_1252492_1251887_-3_ATG_201
CP040689	-1252489	TGA	FF952_06190	-1253961	1473	CDS		ATG	FF952_06190|CP040689_1253961_1252489_-1_ATG_490
CP040689	-1254174	TAG	FF952_06195	-1255529	1356	CDS		ATG	FF952_06195|CP040689_1255529_1254174_-2_ATG_451
CP040689	-1255631	TGA	FF952_06200	-1257091	1461	CDS		ATG	FF952_06200|CP040689_1257091_1255631_-3_ATG_486
CP040689	-1261624	TAG	FF952_06220	-1263903	2280	CDS		GTG	FF952_06220|CP040689_1263903_1261624_-1_GTG_759
CP040689	-1264829	TAG	FF952_06230	-1266685	1857	CDS		ATG	FF952_06230|CP040689_1266685_1264829_-3_ATG_618
CP040689	-1268029	TGA	FF952_06250	-1269045	1017	CDS		ATG	FF952_06250|CP040689_1269045_1268029_-1_ATG_338
CP040689	-1269042	TGA	FF952_06255	-1269542	501	CDS		GTG	FF952_06255|CP040689_1269542_1269042_-2_GTG_166
CP040689	-1269547	TAG	FF952_06260	-1269996	450	CDS		ATG	FF952_06260|CP040689_1269996_1269547_-1_ATG_149
CP040689	-1270760	TGA	FF952_06270	-1271566	807	CDS		ATG	FF952_06270|CP040689_1271566_1270760_-3_ATG_268
CP040689	-1271709	TGA	FF952_06275	-1272515	807	CDS		ATG	FF952_06275|CP040689_1272515_1271709_-2_ATG_268
CP040689	-1274594	TGA	FF952_06290	-1274725	132	CDS		ATG	FF952_06290|CP040689_1274725_1274594_-3_ATG_43
CP040689	-1278236	TGA	FF952_06310	-1278493	258	CDS		ATG	FF952_06310|CP040689_1278493_1278236_-3_ATG_85
CP040689	-1278587	TAA	FF952_06315	-1278862	276	CDS		TTG	FF952_06315|CP040689_1278862_1278587_-3_TTG_91
CP040689	-1278859	TGA	FF952_06320	-1280307	1449	CDS		GTG	FF952_06320|CP040689_1280307_1278859_-1_GTG_482
CP040689	-1281464	TAG	FF952_06330	-1282177	714	CDS		ATG	FF952_06330|CP040689_1282177_1281464_-3_ATG_237
CP040689	-1282558	TGA	FF952_06340	-1283406	849	CDS		GTG	FF952_06340|CP040689_1283406_1282558_-1_GTG_282
CP040689	-1283403	TGA	FF952_06345	-1284044	642	CDS		ATG	FF952_06345|CP040689_1284044_1283403_-2_ATG_213
CP040689	-1285616	TAG	FF952_06370	-1286731	1116	CDS		GTG	FF952_06370|CP040689_1286731_1285616_-3_GTG_371
CP040689	-1286739	TGA	FF952_06375	-1287422	684	CDS		ATG	FF952_06375|CP040689_1287422_1286739_-2_ATG_227
CP040689	-1288844	TAA	FF952_06385	-1289128	285	CDS		ATG	FF952_06385|CP040689_1289128_1288844_-3_ATG_94
CP040689	-1300647	TAG	FF952_06425	-1301252	606	CDS		ATG	FF952_06425|CP040689_1301252_1300647_-2_ATG_201
CP040689	-1301324	TAG	FF952_06430	-1302364	1041	CDS		ATG	FF952_06430|CP040689_1302364_1301324_-3_ATG_346
CP040689	-1302382	TAG	FF952_06435	-1302684	303	CDS		GTG	FF952_06435|CP040689_1302684_1302382_-1_GTG_100
CP040689	-1304315	TAA	FF952_06450	-1305241	927	CDS		ATG	FF952_06450|CP040689_1305241_1304315_-3_ATG_308
CP040689	-1308229	TAA	FF952_06460	-1308561	333	CDS		ATG	FF952_06460|CP040689_1308561_1308229_-1_ATG_110
CP040689	-1308762	TAA	FF952_06465	-1310786	2025	CDS		ATG	FF952_06465|CP040689_1310786_1308762_-2_ATG_674
CP040689	-1310783	TGA	FF952_06470	-1311352	570	CDS		ATG	FF952_06470|CP040689_1311352_1310783_-3_ATG_189
CP040689	-1313040	TGA	FF952_06485	-1315859	2820	CDS		GTG	FF952_06485|CP040689_1315859_1313040_-2_GTG_939
CP040689	-1327093	TAA	FF952_06505	-1328172	1080	CDS		ATG	FF952_06505|CP040689_1328172_1327093_-1_ATG_359
CP040689	-1328337	TGA	FF952_06510	-1330073	1737	CDS		ATG	FF952_06510|CP040689_1330073_1328337_-2_ATG_578
CP040689	-1330250	TAG	FF952_06515	-1331866	1617	CDS		ATG	FF952_06515|CP040689_1331866_1330250_-3_ATG_538
CP040689	-1339809	TAA	FF952_06555	-1341074	1266	CDS		GTG	FF952_06555|CP040689_1341074_1339809_-2_GTG_421
CP040689	-1341166	TGA	FF952_06560	-1341393	228	CDS		ATG	FF952_06560|CP040689_1341393_1341166_-1_ATG_75
CP040689	-1343919	TAG	FF952_06585	-1345166	1248	CDS		ATG	FF952_06585|CP040689_1345166_1343919_-2_ATG_415
CP040689	-1346777	TAG	FF952_06600	-1347730	954	CDS		GTG	FF952_06600|CP040689_1347730_1346777_-3_GTG_317
CP040689	-1348882	TAG	FF952_06610	-1349466	585	CDS		GTG	FF952_06610|CP040689_1349466_1348882_-1_GTG_194
CP040689	-1349497	TAG	FF952_06615	-1351182	1686	CDS		ATG	FF952_06615|CP040689_1351182_1349497_-1_ATG_561
CP040689	-1357056	TAA	FF952_06655	-1358219	1164	CDS		ATG	FF952_06655|CP040689_1358219_1357056_-2_ATG_387
CP040689	-1359851	TGA	FF952_06665	-1360183	333	CDS		GTG	FF952_06665|CP040689_1360183_1359851_-3_GTG_110
CP040689	-1360317	TAG	FF952_06670	-1362002	1686	CDS		GTG	FF952_06670|CP040689_1362002_1360317_-2_GTG_561
CP040689	-1362030	TAG	FF952_06675	-1362704	675	CDS		ATG	FF952_06675|CP040689_1362704_1362030_-2_ATG_224
CP040689	-1362713	TAG	FF952_06680	-1364359	1647	CDS		GTG	FF952_06680|CP040689_1364359_1362713_-3_GTG_548
CP040689	-1364356	TGA	FF952_06685	-1365291	936	CDS		ATG	FF952_06685|CP040689_1365291_1364356_-1_ATG_311
CP040689	-1365281	TGA	FF952_06690	-1365919	639	CDS		ATG	FF952_06690|CP040689_1365919_1365281_-3_ATG_212
CP040689	-1366061	TAA	FF952_06695	-1366735	675	CDS		ATG	FF952_06695|CP040689_1366735_1366061_-3_ATG_224
CP040689	-1370451	TAG	FF952_06725	-1371281	831	CDS		GTG	FF952_06725|CP040689_1371281_1370451_-2_GTG_276
CP040689	-1371392	TGA	FF952_06730	-1372855	1464	CDS		ATG	FF952_06730|CP040689_1372855_1371392_-3_ATG_487
CP040689	-1372852	TGA	FF952_06735	-1373385	534	CDS		TTG	FF952_06735|CP040689_1373385_1372852_-1_TTG_177
CP040689	-1374337	TAG	FF952_06750	-1375509	1173	CDS		ATG	FF952_06750|CP040689_1375509_1374337_-1_ATG_390
CP040689	-1375522	TGA	FF952_06755	-1376757	1236	CDS		GTG	FF952_06755|CP040689_1376757_1375522_-1_GTG_411
CP040689	-1376882	TGA	FF952_06760	-1377424	543	CDS		GTG	FF952_06760|CP040689_1377424_1376882_-3_GTG_180
CP040689	-1377421	TGA	FF952_06765	-1378728	1308	CDS		ATG	FF952_06765|CP040689_1378728_1377421_-1_ATG_435
CP040689	-1378790	TAG	FF952_06770	-1379386	597	CDS		ATG	FF952_06770|CP040689_1379386_1378790_-3_ATG_198
CP040689	-1384502	TAG	FF952_06800	-1385602	1101	CDS		GTG	FF952_06800|CP040689_1385602_1384502_-3_GTG_366
CP040689	-1387549	TGA	FF952_06820	-1389237	1689	CDS		ATG	FF952_06820|CP040689_1389237_1387549_-1_ATG_562
CP040689	-1389225	TGA	FF952_06825	-1389410	186	CDS		GTG	FF952_06825|CP040689_1389410_1389225_-2_GTG_61
CP040689	-1390358	TGA	FF952_06835	-1391188	831	CDS		ATG	FF952_06835|CP040689_1391188_1390358_-3_ATG_276
CP040689	-1391245	TAA	FF952_06840	-1391538	294	CDS		GTG	FF952_06840|CP040689_1391538_1391245_-1_GTG_97
CP040689	-1391535	TGA	FF952_06845	-1391804	270	CDS		ATG	FF952_06845|CP040689_1391804_1391535_-2_ATG_89
CP040689	-1391917	TGA	FF952_06850	-1395612	3696	CDS		GTG	FF952_06850|CP040689_1395612_1391917_-1_GTG_1231
CP040689	-1395754	TAG	FF952_06855	-1396542	789	CDS		ATG	FF952_06855|CP040689_1396542_1395754_-1_ATG_262
CP040689	-1398381	TGA	FF952_06865	-1401800	3420	CDS		GTG	FF952_06865|CP040689_1401800_1398381_-2_GTG_1139
CP040689	-1401856	TAA	FF952_06870	-1402464	609	CDS		GTG	FF952_06870|CP040689_1402464_1401856_-1_GTG_202
CP040689	-1405932	TTC	FF952_06885	-1407065	1134	CDS	true	ATG	FF952_06885_p|CP040689_1407065_1405932_-2_ATG_378
CP040689	-1407179	TGA	FF952_06890	-1408546	1368	CDS		GTG	FF952_06890|CP040689_1408546_1407179_-3_GTG_455
CP040689	-1408543	TGA	FF952_06895	-1409802	1260	CDS		ATG	FF952_06895|CP040689_1409802_1408543_-1_ATG_419
CP040689	-1411935	TAA	FF952_06915	-1412384	450	CDS		ATG	FF952_06915|CP040689_1412384_1411935_-2_ATG_149
CP040689	-1412389	TGA	FF952_06920	-1412823	435	CDS		ATG	FF952_06920|CP040689_1412823_1412389_-1_ATG_144
CP040689	-1416411	TGA	FF952_06940	-1418291	1881	CDS		ATG	FF952_06940|CP040689_1418291_1416411_-2_ATG_626
CP040689	-1418535	TGA	FF952_06945	-1420931	2397	CDS		ATG	FF952_06945|CP040689_1420931_1418535_-2_ATG_798
CP040689	-1420942	TAA	FF952_06950	-1422672	1731	CDS		ATG	FF952_06950|CP040689_1422672_1420942_-1_ATG_576
CP040689	-1423013	TAG	FF952_06955	-1424179	1167	CDS		ATG	FF952_06955|CP040689_1424179_1423013_-3_ATG_388
CP040689	-1424227	TAG	FF952_06960	-1424478	252	CDS		ATG	FF952_06960|CP040689_1424478_1424227_-1_ATG_83
CP040689	-1424490	TGA	FF952_06965	-1425188	699	CDS		ATG	FF952_06965|CP040689_1425188_1424490_-2_ATG_232
CP040689	-1425411	TAA	FF952_06970	-1425785	375	CDS		ATG	FF952_06970|CP040689_1425785_1425411_-2_ATG_124
CP040689	-1425846	TAG	FF952_06975	-1426580	735	CDS		ATG	FF952_06975|CP040689_1426580_1425846_-2_ATG_244
CP040689	-1426793	TAG	FF952_06980	-1427134	342	CDS		ATG	FF952_06980|CP040689_1427134_1426793_-3_ATG_113
CP040689	-1427242	TAG	FF952_06985	-1429137	1896	CDS		GTG	FF952_06985|CP040689_1429137_1427242_-1_GTG_631
CP040689	-1429134	TGA	FF952_06990	-1430882	1749	CDS		ATG	FF952_06990|CP040689_1430882_1429134_-2_ATG_582
CP040689	-1432270	TAG	FF952_07010	-1432746	477	CDS		ATG	FF952_07010|CP040689_1432746_1432270_-1_ATG_158
CP040689	-1438497	TGA	FF952_07030	-1440272	1776	CDS		GTG	FF952_07030|CP040689_1440272_1438497_-2_GTG_591
CP040689	-1440265	TGA	FF952_07035	-1442103	1839	CDS		ATG	FF952_07035|CP040689_1442103_1440265_-1_ATG_612
CP040689	-1442100	TGA	FF952_07040	-1442975	876	CDS		ATG	FF952_07040|CP040689_1442975_1442100_-2_ATG_291
CP040689	-1442972	TGA	FF952_07045	-1443949	978	CDS		ATG	FF952_07045|CP040689_1443949_1442972_-3_ATG_325
CP040689	-1450370	TAG	FF952_07080	-1451935	1566	CDS		GTG	FF952_07080|CP040689_1451935_1450370_-3_GTG_521
CP040689	-1452387	TAA	FF952_07090	-1452722	336	CDS		ATG	FF952_07090|CP040689_1452722_1452387_-2_ATG_111
CP040689	-1461858	TGA	FF952_07140	-1462052	195	CDS		ATG	FF952_07140|CP040689_1462052_1461858_-2_ATG_64
CP040689	-1475059	TAG	FF952_07220	-1476392	1334	CDS	true	GTG	FF952_07220_p|CP040689_1476392_1475059_-2_GTG_444
CP040689	-1476558	TAG	FF952_07225	-1477139	582	CDS		ATG	FF952_07225|CP040689_1477139_1476558_-2_ATG_193
CP040689	-1484021	TGA	FF952_07250	-1484518	498	CDS		ATG	FF952_07250|CP040689_1484518_1484021_-3_ATG_165
CP040689	-1484515	TGA	FF952_07255	-1486005	1491	CDS		GTG	FF952_07255|CP040689_1486005_1484515_-1_GTG_496
CP040689	-1486086	TAA	FF952_07260	-1487711	1626	CDS		ATG	FF952_07260|CP040689_1487711_1486086_-2_ATG_541
CP040689	-1487781	TAA	FF952_07265	-1489388	1608	CDS		ATG	FF952_07265|CP040689_1489388_1487781_-2_ATG_535
CP040689	-1489401	TAG	FF952_07270	-1491104	1704	CDS		ATG	FF952_07270|CP040689_1491104_1489401_-2_ATG_567
CP040689	-1492200	TAA	FF952_07285	-1492658	459	CDS		GTG	FF952_07285|CP040689_1492658_1492200_-2_GTG_152
CP040689	-1495041	TAG	FF952_07300	-1496852	1812	CDS		ATG	FF952_07300|CP040689_1496852_1495041_-2_ATG_603
CP040689	-1497004	TAG	FF952_07305	-1499199	2196	CDS		ATG	FF952_07305|CP040689_1499199_1497004_-1_ATG_731
CP040689	-1499207	TGA	FF952_07310	-1501312	2106	CDS		GTG	FF952_07310|CP040689_1501312_1499207_-3_GTG_701
CP040689	-1504082	TAA	FF952_07320	-1506076	1995	CDS		GTG	FF952_07320|CP040689_1506076_1504082_-3_GTG_664
CP040689	-1506100	TGA	FF952_07325	-1507446	1347	CDS		GTG	FF952_07325|CP040689_1507446_1506100_-1_GTG_448
CP040689	-1515071	TAG	FF952_07385	-1515433	363	CDS		ATG	FF952_07385|CP040689_1515433_1515071_-3_ATG_120
CP040689	-1515430	TGA	FF952_07390	-1515810	381	CDS		GTG	FF952_07390|CP040689_1515810_1515430_-1_GTG_126
CP040689	-1518860	TAA	FF952_07410	-1519492	633	CDS		ATG	FF952_07410|CP040689_1519492_1518860_-3_ATG_210
CP040689	-1524191	TGA	FF952_07430	-1524361	171	CDS	true	GCA	FF952_07430_p|CP040689_1524361_1524191_-3_GCA_56
CP040689	-1525339	TGA	FF952_07445	-1525611	273	CDS		ATG	FF952_07445|CP040689_1525611_1525339_-1_ATG_90
CP040689	-1526087	TGA	FF952_07455	-1526872	786	CDS		ATG	FF952_07455|CP040689_1526872_1526087_-3_ATG_261
CP040689	-1526892	TGA	FF952_07460	-1528763	1872	CDS		ATG	FF952_07460|CP040689_1528763_1526892_-2_ATG_623
CP040689	-1528772	TAG	FF952_07465	-1530919	2148	CDS		GTG	FF952_07465|CP040689_1530919_1528772_-3_GTG_715
CP040689	-1530916	TGA	FF952_07470	-1531707	792	CDS		GTG	FF952_07470|CP040689_1531707_1530916_-1_GTG_263
CP040689	-1532180	TAG	FF952_07475	-1533103	924	CDS		ATG	FF952_07475|CP040689_1533103_1532180_-3_ATG_307
CP040689	-1537860	TGA	FF952_07490	-1538096	237	CDS		ATG	FF952_07490|CP040689_1538096_1537860_-2_ATG_78
CP040689	-1539330	TAA	FF952_07500	-1540520	1191	CDS		GTG	FF952_07500|CP040689_1540520_1539330_-2_GTG_396
CP040689	-1540835	TAG	FF952_07505	-1541497	663	CDS		GTG	FF952_07505|CP040689_1541497_1540835_-3_GTG_220
CP040689	-1541494	TGA	FF952_07510	-1542279	786	CDS		ATG	FF952_07510|CP040689_1542279_1541494_-1_ATG_261
CP040689	-1542570	TAG	FF952_07515	-1544531	1962	CDS		ATG	FF952_07515|CP040689_1544531_1542570_-2_ATG_653
CP040689	-1544670	TAA	FF952_07520	-1545056	387	CDS		ATG	FF952_07520|CP040689_1545056_1544670_-2_ATG_128
CP040689	-1546399	TAG	FF952_07535	-1547604	1206	CDS		GTG	FF952_07535|CP040689_1547604_1546399_-1_GTG_401
CP040689	-1552601	TGA	FF952_07560	-1553059	459	CDS		GTG	FF952_07560|CP040689_1553059_1552601_-3_GTG_152
CP040689	-1556108	TAA	FF952_07575	-1556746	639	CDS		ATG	FF952_07575|CP040689_1556746_1556108_-3_ATG_212
CP040689	-1556757	TAA	FF952_07580	-1558184	1428	CDS		ATG	FF952_07580|CP040689_1558184_1556757_-2_ATG_475
CP040689	-1569015	TAG	FF952_07630	-1569236	222	CDS		GTG	FF952_07630|CP040689_1569236_1569015_-2_GTG_73
CP040689	-1573638	TAG	FF952_07660	-1575116	1479	CDS		ATG	FF952_07660|CP040689_1575116_1573638_-2_ATG_492
CP040689	-1575113	TGA	FF952_07665	-1576498	1386	CDS		ATG	FF952_07665|CP040689_1576498_1575113_-3_ATG_461
CP040689	-1577656	TAA	FF952_07675	-1579386	1731	CDS		ATG	FF952_07675|CP040689_1579386_1577656_-1_ATG_576
CP040689	-1579641	TGA	FF952_07680	-1580042	402	CDS		ATG	FF952_07680|CP040689_1580042_1579641_-2_ATG_133
CP040689	-1580039	TGA	FF952_07685	-1580296	258	CDS		ATG	FF952_07685|CP040689_1580296_1580039_-3_ATG_85
CP040689	-1580379	TAA	FF952_07690	-1581338	960	CDS		ATG	FF952_07690|CP040689_1581338_1580379_-2_ATG_319
CP040689	-1581363	TAG	FF952_07695	-1582325	963	CDS		ATG	FF952_07695|CP040689_1582325_1581363_-2_ATG_320
CP040689	-1585127	TGA	FF952_07710	-1585951	825	CDS		ATG	FF952_07710|CP040689_1585951_1585127_-3_ATG_274
CP040689	-1586674	TGA	FF952_07720	-1587498	825	CDS		ATG	FF952_07720|CP040689_1587498_1586674_-1_ATG_274
CP040689	-1591740	TAA	FF952_07745	-1593296	1557	CDS		ATG	FF952_07745|CP040689_1593296_1591740_-2_ATG_518
CP040689	-1593302	TGA	FF952_07750	-1594012	711	CDS		ATG	FF952_07750|CP040689_1594012_1593302_-3_ATG_236
CP040689	-1604423	TAA	FF952_07815	-1605184	762	CDS		ATG	FF952_07815|CP040689_1605184_1604423_-3_ATG_253
CP040689	-1606589	TAG	FF952_07825	-1607851	1263	CDS		ATG	FF952_07825|CP040689_1607851_1606589_-3_ATG_420
CP040689	-1607851	TAA	FF952_07830	-1609457	1607	CDS	true	ATG	FF952_07830_p|CP040689_1609457_1607851_-2_ATG_535
CP040689	-1609461	TAA	FF952_07835	-1610288	828	CDS		TTG	FF952_07835|CP040689_1610288_1609461_-2_TTG_275
CP040689	-1617871	TGA	FF952_07870	-1618500	630	CDS		TTG	FF952_07870|CP040689_1618500_1617871_-1_TTG_209
CP040689	-1621915	TAG	FF952_07895	-1622142	228	CDS		ATG	FF952_07895|CP040689_1622142_1621915_-1_ATG_75
CP040689	-1622321	CAG	FF952_07900	-1622503	183	CDS	true	ATG	FF952_07900_p|CP040689_1622503_1622321_-3_ATG_61
CP040689	-1622511	TGA	FF952_07905	-1622936	426	CDS		ATG	FF952_07905|CP040689_1622936_1622511_-2_ATG_141
CP040689	-1623759	TGA	FF952_07915	-1625234	1476	CDS		ATG	FF952_07915|CP040689_1625234_1623759_-2_ATG_491
CP040689	-1627757	TAG	FF952_07925	-1628242	486	CDS		GTG	FF952_07925|CP040689_1628242_1627757_-3_GTG_161
CP040689	-1628674	TAA	FF952_07935	-1628787	114	CDS		ATG	FF952_07935|CP040689_1628787_1628674_-1_ATG_37
CP040689	-1628837	TGA	FF952_07940	-1629247	411	CDS		ATG	FF952_07940|CP040689_1629247_1628837_-3_ATG_136
CP040689	-1629264	TAA	FF952_07945	-1630007	744	CDS		GTG	FF952_07945|CP040689_1630007_1629264_-2_GTG_247
CP040689	-1630004	TGA	FF952_07950	-1630915	912	CDS		ATG	FF952_07950|CP040689_1630915_1630004_-3_ATG_303
CP040689	-1630968	TAG	FF952_07955	-1632512	1545	CDS	true	ATG	FF952_07955_p|CP040689_1632512_1630968_-2_ATG_514
CP040689	-1632509	TGA	FF952_07960	-1633630	1122	CDS		ATG	FF952_07960|CP040689_1633630_1632509_-3_ATG_373
CP040689	-1633647	TGA	FF952_07965	-1635749	2103	CDS		GTG	FF952_07965|CP040689_1635749_1633647_-2_GTG_700
CP040689	-1635941	TAG	FF952_07970	-1636156	216	CDS		ATG	FF952_07970|CP040689_1636156_1635941_-3_ATG_71
CP040689	-1636188	TAG	FF952_07975	-1640411	4224	CDS		ATG	FF952_07975|CP040689_1640411_1636188_-2_ATG_1407
CP040689	-1641788	TGA	FF952_07985	-1644154	2367	CDS		ATG	FF952_07985|CP040689_1644154_1641788_-3_ATG_788
CP040689	-1645599	TAG	FF952_07995	-1646585	987	CDS		ATG	FF952_07995|CP040689_1646585_1645599_-2_ATG_328
CP040689	-1647418	TGA	FF952_08005	-1648350	933	CDS		GTG	FF952_08005|CP040689_1648350_1647418_-1_GTG_310
CP040689	-1648462	TGA	FF952_08010	-1649247	786	CDS		GTG	FF952_08010|CP040689_1649247_1648462_-1_GTG_261
CP040689	-1649244	TGA	FF952_08015	-1650185	942	CDS		GTG	FF952_08015|CP040689_1650185_1649244_-2_GTG_313
CP040689	-1650341	TGA	FF952_08025	-1652116	1776	CDS		ATG	FF952_08025|CP040689_1652116_1650341_-3_ATG_591
CP040689	-1659651	TGA	FF952_08065	-1661480	1830	CDS		TTG	FF952_08065|CP040689_1661480_1659651_-2_TTG_609
CP040689	-1661587	TAG	FF952_08070	-1662699	1113	CDS		ATG	FF952_08070|CP040689_1662699_1661587_-1_ATG_370
CP040689	-1668619	TGA	FF952_08105	-1669182	564	CDS		GTG	FF952_08105|CP040689_1669182_1668619_-1_GTG_187
CP040689	-1669193	TGA	FF952_08110	-1672024	2832	CDS		GTG	FF952_08110|CP040689_1672024_1669193_-3_GTG_943
CP040689	-1678435	TAA	FF952_08145	-1679277	843	CDS		ATG	FF952_08145|CP040689_1679277_1678435_-1_ATG_280
CP040689	-1681995	TGA	FF952_08165	-1682861	867	CDS		ATG	FF952_08165|CP040689_1682861_1681995_-2_ATG_288
CP040689	-1687186	TGA	FF952_08200	-1687944	759	CDS		GTG	FF952_08200|CP040689_1687944_1687186_-1_GTG_252
CP040689	-1695281	TAG	FF952_08235	-1696054	774	CDS		CTG	FF952_08235|CP040689_1696054_1695281_-3_CTG_257
CP040689	-1696112	TGA	FF952_08240	-1696324	213	CDS		ATG	FF952_08240|CP040689_1696324_1696112_-3_ATG_70
CP040689	-1699974	TGA	FF952_08265	-1701122	1149	CDS		GTG	FF952_08265|CP040689_1701122_1699974_-2_GTG_382
CP040689	-1701259	TGA	FF952_08270	-1701924	666	CDS		ATG	FF952_08270|CP040689_1701924_1701259_-1_ATG_221
CP040689	-1701921	TGA	FF952_08275	-1702421	501	CDS		GTG	FF952_08275|CP040689_1702421_1701921_-2_GTG_166
CP040689	-1702709	TGA	FF952_08280	-1703404	696	CDS		TTG	FF952_08280|CP040689_1703404_1702709_-3_TTG_231
CP040689	-1704077	TAG	FF952_08290	-1705876	1800	CDS		GTG	FF952_08290|CP040689_1705876_1704077_-3_GTG_599
CP040689	-1708599	TGA	FF952_08310	-1708893	295	CDS	true	ATT	FF952_08310_p|CP040689_1708893_1708599_-1_ATT_98
CP040689	-1711791	TAG	FF952_08330	-1712579	789	CDS		GTG	FF952_08330|CP040689_1712579_1711791_-2_GTG_262
CP040689	-1712614	TGA	FF952_08335	-1713510	897	CDS		ATG	FF952_08335|CP040689_1713510_1712614_-1_ATG_298
CP040689	-1713513	TGA	FF952_08340	-1714523	1011	CDS		GTG	FF952_08340|CP040689_1714523_1713513_-2_GTG_336
CP040689	-1718041	TGA	FF952_08365	-1718241	201	CDS		ATG	FF952_08365|CP040689_1718241_1718041_-1_ATG_66
CP040689	-1720156	TGA	FF952_08375	-1723596	3441	CDS		GTG	FF952_08375|CP040689_1723596_1720156_-1_GTG_1146
CP040689	-1724895	CTG	FF952_08390	-1725740	846	CDS	true	ATG	FF952_08390_p|CP040689_1725740_1724895_-2_ATG_282
CP040689	-1725763	TGA	FF952_08395	-1732089	6327	CDS	true	GTG	FF952_08395_p|CP040689_1732089_1725763_-1_GTG_2108
CP040689	-1732633	TGA	FF952_08400	-1733130	498	CDS		GTG	FF952_08400|CP040689_1733130_1732633_-1_GTG_165
CP040689	-1736796	TAG	FF952_08420	-1737230	435	CDS		ATG	FF952_08420|CP040689_1737230_1736796_-2_ATG_144
CP040689	-1744892	TGA	FF952_08450	-1745872	981	CDS		ATG	FF952_08450|CP040689_1745872_1744892_-3_ATG_326
CP040689	-1747458	TGA	FF952_08465	-1748051	594	CDS		ATG	FF952_08465|CP040689_1748051_1747458_-2_ATG_197
CP040689	-1748106	TGA	FF952_08470	-1748516	411	CDS		ATG	FF952_08470|CP040689_1748516_1748106_-2_ATG_136
CP040689	-1754977	TAG	FF952_08500	-1757013	2037	CDS		ATG	FF952_08500|CP040689_1757013_1754977_-1_ATG_678
CP040689	-1771235	TGA	FF952_08575	-1772975	1741	CDS	true	ATG	FF952_08575_p|CP040689_1772975_1771235_-2_ATG_580
CP040689	-1772968	TGA	FF952_08580	-1775265	2298	CDS		ATG	FF952_08580|CP040689_1775265_1772968_-1_ATG_765
CP040689	-1775269	TGA	FF952_08585	-1777434	2166	CDS		ATG	FF952_08585|CP040689_1777434_1775269_-1_ATG_721
CP040689	-1777473	TGA	FF952_08590	-1779662	2190	CDS		ATG	FF952_08590|CP040689_1779662_1777473_-2_ATG_729
CP040689	-1779761	TAA	FF952_08595	-1780453	693	CDS		ATG	FF952_08595|CP040689_1780453_1779761_-3_ATG_230
CP040689	-1780693	TAA	FF952_08600	-1780977	285	CDS		ATG	FF952_08600|CP040689_1780977_1780693_-1_ATG_94
CP040689	-1785027	TGA	FF952_08630	-1785131	105	CDS		GTG	FF952_08630|CP040689_1785131_1785027_-2_GTG_34
CP040689	-1786477	TAG	FF952_08650	-1787898	1422	CDS		ATG	FF952_08650|CP040689_1787898_1786477_-1_ATG_473
CP040689	-1787906	TGA	FF952_08655	-1788418	513	CDS		ATG	FF952_08655|CP040689_1788418_1787906_-3_ATG_170
CP040689	-1788592	TGA	FF952_08660	-1789062	471	CDS		ATG	FF952_08660|CP040689_1789062_1788592_-1_ATG_156
CP040689	-1789143	TGA	FF952_08665	-1789457	315	CDS		GTG	FF952_08665|CP040689_1789457_1789143_-2_GTG_104
CP040689	-1789454	TGA	FF952_08670	-1789726	273	CDS		ATG	FF952_08670|CP040689_1789726_1789454_-3_ATG_90
CP040689	-1789740	TGA	FF952_08675	-1790135	396	CDS		ATG	FF952_08675|CP040689_1790135_1789740_-2_ATG_131
CP040689	-1790331	TAG	FF952_08680	-1791746	1416	CDS		ATG	FF952_08680|CP040689_1791746_1790331_-2_ATG_471
CP040689	-1791746	TGA	FF952_08685	-1792144	399	CDS		ATG	FF952_08685|CP040689_1792144_1791746_-3_ATG_132
CP040689	-1792141	TGA	FF952_08690	-1792362	222	CDS		GTG	FF952_08690|CP040689_1792362_1792141_-1_GTG_73
CP040689	-1792418	TAG	FF952_08695	-1792933	516	CDS		ATG	FF952_08695|CP040689_1792933_1792418_-3_ATG_171
CP040689	-1792930	TGA	FF952_08700	-1794339	1410	CDS		GTG	FF952_08700|CP040689_1794339_1792930_-1_GTG_469
CP040689	-1794341	ACC	FF952_08705	-1795715	1375	CDS	true	CTG	FF952_08705_p|CP040689_1795715_1794341_-2_CTG_458
CP040689	-1798234	TGA	FF952_08725	-1799574	1341	CDS		ATG	FF952_08725|CP040689_1799574_1798234_-1_ATG_446
CP040689	-1799831	TGA	FF952_08730	-1800541	711	CDS		ATG	FF952_08730|CP040689_1800541_1799831_-3_ATG_236
CP040689	-1804907	TGA	FF952_08755	-1805317	411	CDS		ATG	FF952_08755|CP040689_1805317_1804907_-3_ATG_136
CP040689	-1813132	TAG	FF952_08805	-1813596	465	CDS		ATG	FF952_08805|CP040689_1813596_1813132_-1_ATG_154
CP040689	-1825797	TGA	FF952_08870	-1827527	1731	CDS		ATG	FF952_08870|CP040689_1827527_1825797_-2_ATG_576
CP040689	-1827524	TGA	FF952_08875	-1829131	1608	CDS		CTG	FF952_08875|CP040689_1829131_1827524_-3_CTG_535
CP040689	-1829194	TGA	FF952_08880	-1830234	1041	CDS		GTG	FF952_08880|CP040689_1830234_1829194_-1_GTG_346
CP040689	-1830264	TGA	FF952_08885	-1831721	1458	CDS		ATG	FF952_08885|CP040689_1831721_1830264_-2_ATG_485
CP040689	-1831832	TGA	FF952_08890	-1832419	588	CDS		ATG	FF952_08890|CP040689_1832419_1831832_-3_ATG_195
CP040689	-1832448	TGA	FF952_08895	-1833779	1332	CDS		GTG	FF952_08895|CP040689_1833779_1832448_-2_GTG_443
CP040689	-1834699	TAG	FF952_08910	-1835907	1209	CDS		ATG	FF952_08910|CP040689_1835907_1834699_-1_ATG_402
CP040689	-1835904	TGA	FF952_08915	-1836395	492	CDS		GTG	FF952_08915|CP040689_1836395_1835904_-2_GTG_163
CP040689	-1842221	TGA	FF952_08940	-1842664	444	CDS		GTG	FF952_08940|CP040689_1842664_1842221_-3_GTG_147
CP040689	-1846406	TAA	FF952_08960	-1848076	1671	CDS		ATG	FF952_08960|CP040689_1848076_1846406_-3_ATG_556
CP040689	-1848732	TAA	FF952_08975	-1849523	792	CDS		ATG	FF952_08975|CP040689_1849523_1848732_-2_ATG_263
CP040689	-1849560	GAT	FF952_08980	-1849697	138	CDS	true	ATG	FF952_08980_p|CP040689_1849697_1849560_-2_ATG_46
CP040689	-1852721	TGA	FF952_08990	-1852978	258	CDS		ATG	FF952_08990|CP040689_1852978_1852721_-3_ATG_85
CP040689	-1852994	TAG	FF952_08995	-1854463	1470	CDS		ATG	FF952_08995|CP040689_1854463_1852994_-3_ATG_489
CP040689	-1854522	TAG	FF952_09000	-1858040	3519	CDS		GTG	FF952_09000|CP040689_1858040_1854522_-2_GTG_1172
CP040689	-1860404	TAG	FF952_09025	-1861459	1056	CDS		ATG	FF952_09025|CP040689_1861459_1860404_-3_ATG_351
CP040689	-1868352	TAG	FF952_09055	-1871399	3048	CDS		ATG	FF952_09055|CP040689_1871399_1868352_-2_ATG_1015
CP040689	-1898286	TAA	FF952_09130	-1899578	1293	CDS		GTG	FF952_09130|CP040689_1899578_1898286_-2_GTG_430
CP040689	-1899593	TGA	FF952_09135	-1901368	1776	CDS		ATG	FF952_09135|CP040689_1901368_1899593_-3_ATG_591
CP040689	-1902902	TAA	FF952_09155	-1904233	1332	CDS		GTG	FF952_09155|CP040689_1904233_1902902_-3_GTG_443
CP040689	-1904326	TAA	FF952_09160	-1905258	933	CDS		ATG	FF952_09160|CP040689_1905258_1904326_-1_ATG_310
CP040689	-1905286	TAA	FF952_09165	-1905942	657	CDS		ATG	FF952_09165|CP040689_1905942_1905286_-1_ATG_218
CP040689	-1906267	TGA	FF952_09170	-1907001	735	CDS		ATG	FF952_09170|CP040689_1907001_1906267_-1_ATG_244
CP040689	-1916802	TGA	FF952_09220	-1917425	624	CDS		GTG	FF952_09220|CP040689_1917425_1916802_-2_GTG_207
CP040689	-1917427	TAG	FF952_09225	-1918146	720	CDS		ATT	FF952_09225|CP040689_1918146_1917427_-1_ATT_239
CP040689	-1918179	TAA	FF952_09230	-1918946	768	CDS		ATG	FF952_09230|CP040689_1918946_1918179_-2_ATG_255
CP040689	-1933237	TGA	FF952_09305	-1934601	1365	CDS		ATG	FF952_09305|CP040689_1934601_1933237_-1_ATG_454
CP040689	-1935157	TAG	FF952_09310	-1935906	750	CDS		ATG	FF952_09310|CP040689_1935906_1935157_-1_ATG_249
CP040689	-1935812	TGA	FF952_09315	-1937482	1671	CDS		ATG	FF952_09315|CP040689_1937482_1935812_-3_ATG_556
CP040689	-1937523	TAA	FF952_09320	-1938680	1158	CDS		ATG	FF952_09320|CP040689_1938680_1937523_-2_ATG_385
CP040689	-1938720	TAG	FF952_09325	-1939904	1185	CDS		ATG	FF952_09325|CP040689_1939904_1938720_-2_ATG_394
CP040689	-1940508	TGA	FF952_09330	-1940675	168	CDS		ATG	FF952_09330|CP040689_1940675_1940508_-2_ATG_55
CP040689	-1953056	TGA	FF952_09405	-1953445	390	CDS		GTG	FF952_09405|CP040689_1953445_1953056_-3_GTG_129
CP040689	-1953442	TGA	FF952_09410	-1953669	228	CDS		ATG	FF952_09410|CP040689_1953669_1953442_-1_ATG_75
CP040689	-1956658	TAA	FF952_09425	-1957077	420	CDS		ATG	FF952_09425|CP040689_1957077_1956658_-1_ATG_139
CP040689	-1957067	TAA	FF952_09430	-1957777	711	CDS		GTG	FF952_09430|CP040689_1957777_1957067_-3_GTG_236
CP040689	-1959890	TGA	FF952_09445	-1960660	771	CDS		ATG	FF952_09445|CP040689_1960660_1959890_-3_ATG_256
CP040689	-1960657	TGA	FF952_09450	-1961595	939	CDS		GTG	FF952_09450|CP040689_1961595_1960657_-1_GTG_312
CP040689	-1961562	TGA	FF952_09455	-1961810	249	CDS		TTG	FF952_09455|CP040689_1961810_1961562_-2_TTG_82
CP040689	-1961946	TAG	FF952_09460	-1963499	1554	CDS		TTG	FF952_09460|CP040689_1963499_1961946_-2_TTG_517
CP040689	-1965497	TAG	FF952_09470	-1966045	549	CDS		ATG	FF952_09470|CP040689_1966045_1965497_-3_ATG_182
CP040689	-1966109	TGA	FF952_09475	-1966741	633	CDS		ATG	FF952_09475|CP040689_1966741_1966109_-3_ATG_210
CP040689	-1967028	TGA	FF952_09480	-1967270	243	CDS		ATG	FF952_09480|CP040689_1967270_1967028_-2_ATG_80
CP040689	-1967545	TAG	FF952_09490	-1968081	537	CDS		CTG	FF952_09490|CP040689_1968081_1967545_-1_CTG_178
CP040689	-1968141	TAG	FF952_09495	-1968383	243	CDS		ATG	FF952_09495|CP040689_1968383_1968141_-2_ATG_80
CP040689	-1968482	TGA	FF952_09500	-1970440	1959	CDS		GTG	FF952_09500|CP040689_1970440_1968482_-3_GTG_652
CP040689	-1970437	TGA	FF952_09505	-1971624	1188	CDS		ATG	FF952_09505|CP040689_1971624_1970437_-1_ATG_395
CP040689	-1972209	TAA	FF952_09515	-1973891	1683	CDS		ATG	FF952_09515|CP040689_1973891_1972209_-2_ATG_560
CP040689	-1977243	TAA	FF952_09540	-1977644	402	CDS		ATG	FF952_09540|CP040689_1977644_1977243_-2_ATG_133
CP040689	-1977634	TAA	FF952_09545	-1978245	612	CDS		ATG	FF952_09545|CP040689_1978245_1977634_-1_ATG_203
CP040689	-1983583	TAG	FF952_09565	-1984140	558	CDS		GTG	FF952_09565|CP040689_1984140_1983583_-1_GTG_185
CP040689	-1984224	TGA	FF952_09570	-1985822	1599	CDS		ATG	FF952_09570|CP040689_1985822_1984224_-2_ATG_532
CP040689	-1987869	TAA	FF952_09585	-1991558	3690	CDS		ATG	FF952_09585|CP040689_1991558_1987869_-2_ATG_1229
CP040689	-1991762	TAG	FF952_09590	-1993453	1692	CDS		ATG	FF952_09590|CP040689_1993453_1991762_-3_ATG_563
CP040689	-1993637	TAA	FF952_09595	-1995181	1545	CDS		GTG	FF952_09595|CP040689_1995181_1993637_-3_GTG_514
CP040689	-1995310	TAG	FF952_09600	-1996495	1186	CDS	true	ATG	FF952_09600_p|CP040689_1996495_1995310_-3_ATG_395
CP040689	-2002066	TAG	FF952_09620	-2004811	2746	CDS	true	ATG	FF952_09620_p|CP040689_2004811_2002066_-3_ATG_915
CP040689	-2006905	TGA	FF952_09630	-2007288	384	CDS		ATG	FF952_09630|CP040689_2007288_2006905_-1_ATG_127
CP040689	-2007288	TGA	FF952_09635	-2008076	789	CDS		ATG	FF952_09635|CP040689_2008076_2007288_-2_ATG_262
CP040689	-2008216	TAG	FF952_09640	-2008683	468	CDS		GTG	FF952_09640|CP040689_2008683_2008216_-1_GTG_155
CP040689	-2009094	TAG	FF952_09645	-2010350	1257	CDS		ATG	FF952_09645|CP040689_2010350_2009094_-2_ATG_418
CP040689	-2010977	TAA	FF952_09650	-2011216	240	CDS		ATT	FF952_09650|CP040689_2011216_2010977_-3_ATT_79
CP040689	-2011250	TAG	FF952_09655	-2011378	129	CDS		ATT	FF952_09655|CP040689_2011378_2011250_-3_ATT_42
CP040689	-2011354	TGA	FF952_09660	-2011554	201	CDS		TTG	FF952_09660|CP040689_2011554_2011354_-1_TTG_66
CP040689	-2018873	TGA	FF952_09700	-2019619	747	CDS		GTG	FF952_09700|CP040689_2019619_2018873_-3_GTG_248
CP040689	-2021848	TGA	FF952_09715	-2022408	561	CDS		GTG	FF952_09715|CP040689_2022408_2021848_-1_GTG_186
CP040689	-2023934	TAG	FF952_09725	-2024383	450	CDS		ATG	FF952_09725|CP040689_2024383_2023934_-3_ATG_149
CP040689	-2024539	TAG	FF952_09730	-2026332	1794	CDS		ATG	FF952_09730|CP040689_2026332_2024539_-1_ATG_597
CP040689	-2027155	TGA	FF952_09740	-2029329	2175	CDS		ATG	FF952_09740|CP040689_2029329_2027155_-1_ATG_724
CP040689	-2035300	TGA	FF952_09755	-2036481	1182	CDS		ATG	FF952_09755|CP040689_2036481_2035300_-1_ATG_393
CP040689	-2053224	TGA	FF952_09840	-2053610	387	CDS		ATG	FF952_09840|CP040689_2053610_2053224_-2_ATG_128
CP040689	-2056776	TAG	FF952_09855	-2058695	1920	CDS		GTG	FF952_09855|CP040689_2058695_2056776_-2_GTG_639
CP040689	-2058876	TAG	FF952_09860	-2059202	327	CDS		ATG	FF952_09860|CP040689_2059202_2058876_-2_ATG_108
CP040689	-2059524	TAA	FF952_09865	-2059871	348	CDS		ATG	FF952_09865|CP040689_2059871_2059524_-2_ATG_115
CP040689	-2066006	TAG	FF952_09900	-2067208	1203	CDS		TTG	FF952_09900|CP040689_2067208_2066006_-3_TTG_400
CP040689	-2067530	TAA	FF952_09905	-2067961	432	CDS		ATG	FF952_09905|CP040689_2067961_2067530_-3_ATG_143
CP040689	-2073027	TAG	FF952_09940	-2074531	1505	CDS	true	ATG	FF952_09940_p|CP040689_2074531_2073027_-3_ATG_501
CP040689	-2074666	TAA	FF952_09945	-2076585	1920	CDS		TTG	FF952_09945|CP040689_2076585_2074666_-1_TTG_639
CP040689	-2090730	TGA	FF952_10010	-2091590	861	CDS		ATG	FF952_10010|CP040689_2091590_2090730_-2_ATG_286
CP040689	-2092502	TAG	FF952_10020	-2094388	1887	CDS		ATG	FF952_10020|CP040689_2094388_2092502_-3_ATG_628
CP040689	-2094404	TGA	FF952_10025	-2096437	2034	CDS		ATG	FF952_10025|CP040689_2096437_2094404_-3_ATG_677
CP040689	-2096557	TAG	FF952_10035	-2098782	2226	CDS		ATG	FF952_10035|CP040689_2098782_2096557_-1_ATG_741
CP040689	-2099058	TGA	FF952_10040	-2099453	396	CDS		GTG	FF952_10040|CP040689_2099453_2099058_-2_GTG_131
CP040689	-2099450	TGA	FF952_10045	-2099713	264	CDS		ATG	FF952_10045|CP040689_2099713_2099450_-3_ATG_87
CP040689	-2099772	TAG	FF952_10050	-2101319	1548	CDS		ATG	FF952_10050|CP040689_2101319_2099772_-2_ATG_515
CP040689	-2101482	TGA	FF952_10055	-2102531	1050	CDS		ATG	FF952_10055|CP040689_2102531_2101482_-2_ATG_349
CP040689	-2102531	TGA	FF952_10060	-2103898	1368	CDS		GTG	FF952_10060|CP040689_2103898_2102531_-3_GTG_455
CP040689	-2104072	TGA	FF952_10065	-2105508	1437	CDS		ATG	FF952_10065|CP040689_2105508_2104072_-1_ATG_478
CP040689	-2105544	TAG	FF952_10070	-2106995	1452	CDS		ATG	FF952_10070|CP040689_2106995_2105544_-2_ATG_483
CP040689	-2107025	TAG	FF952_10075	-2107975	951	CDS		GTG	FF952_10075|CP040689_2107975_2107025_-3_GTG_316
CP040689	-2107990	TGA	FF952_10080	-2108406	417	CDS		ATG	FF952_10080|CP040689_2108406_2107990_-1_ATG_138
CP040689	-2113458	TAG	FF952_10120	-2114849	1392	CDS		ATG	FF952_10120|CP040689_2114849_2113458_-2_ATG_463
CP040689	-2114991	TAG	FF952_10125	-2115914	924	CDS		GTG	FF952_10125|CP040689_2115914_2114991_-2_GTG_307
CP040689	-2115953	TGA	FF952_10130	-2116630	678	CDS		ATG	FF952_10130|CP040689_2116630_2115953_-3_ATG_225
CP040689	-2122399	TGA	FF952_10165	-2123169	771	CDS		ATG	FF952_10165|CP040689_2123169_2122399_-1_ATG_256
CP040689	-2123162	TGA	FF952_10170	-2123917	756	CDS		GTG	FF952_10170|CP040689_2123917_2123162_-3_GTG_251
CP040689	-2123914	TGA	FF952_10175	-2124774	861	CDS		GTG	FF952_10175|CP040689_2124774_2123914_-1_GTG_286
CP040689	-2127419	TAG	FF952_10185	-2127625	207	CDS		GTG	FF952_10185|CP040689_2127625_2127419_-3_GTG_68
CP040689	-2131268	TGA	FF952_10200	-2132503	1236	CDS		ATG	FF952_10200|CP040689_2132503_2131268_-3_ATG_411
CP040689	-2132570	TGA	FF952_10205	-2133238	669	CDS		TTG	FF952_10205|CP040689_2133238_2132570_-3_TTG_222
CP040689	-2133303	TGA	FF952_10210	-2133692	390	CDS		TTG	FF952_10210|CP040689_2133692_2133303_-2_TTG_129
CP040689	-2133715	TGA	FF952_10215	-2134959	1245	CDS		ATG	FF952_10215|CP040689_2134959_2133715_-1_ATG_414
CP040689	-2136638	TGA	FF952_10235	-2136850	213	CDS		ATG	FF952_10235|CP040689_2136850_2136638_-3_ATG_70
CP040689	-2136850	TGA	FF952_10240	-2137041	192	CDS		GTG	FF952_10240|CP040689_2137041_2136850_-1_GTG_63
CP040689	-2142349	TGA	FF952_10265	-2143665	1317	CDS		GTG	FF952_10265|CP040689_2143665_2142349_-1_GTG_438
CP040689	-2143715	TGA	FF952_10270	-2144137	423	CDS		GTG	FF952_10270|CP040689_2144137_2143715_-3_GTG_140
CP040689	-2144178	TAA	FF952_10275	-2145011	834	CDS		ATG	FF952_10275|CP040689_2145011_2144178_-2_ATG_277
CP040689	-2145039	TGA	FF952_10280	-2145515	477	CDS		ATG	FF952_10280|CP040689_2145515_2145039_-2_ATG_158
CP040689	-2145554	TGA	FF952_10285	-2146084	531	CDS		GTG	FF952_10285|CP040689_2146084_2145554_-3_GTG_176
CP040689	-2146096	TGA	FF952_10290	-2146695	600	CDS		TTG	FF952_10290|CP040689_2146695_2146096_-1_TTG_199
CP040689	-2146713	TGA	FF952_10295	-2147690	978	CDS		ATG	FF952_10295|CP040689_2147690_2146713_-2_ATG_325
CP040689	-2149193	TAA	FF952_10310	-2149912	720	CDS		ATG	FF952_10310|CP040689_2149912_2149193_-3_ATG_239
CP040689	-2150277	TAG	FF952_10320	-2150450	174	CDS		GTG	FF952_10320|CP040689_2150450_2150277_-2_GTG_57
CP040689	-2150494	TGA	FF952_10325	-2150850	357	CDS		ATG	FF952_10325|CP040689_2150850_2150494_-1_ATG_118
CP040689	-2150909	TGA	FF952_10330	-2151520	612	CDS		GTG	FF952_10330|CP040689_2151520_2150909_-3_GTG_203
CP040689	-2152572	TGA	FF952_10350	-2153702	1131	CDS		ATG	FF952_10350|CP040689_2153702_2152572_-2_ATG_376
CP040689	-2155369	TAA	FF952_10365	-2156280	912	CDS		ATG	FF952_10365|CP040689_2156280_2155369_-1_ATG_303
CP040689	-2156285	TGA	FF952_10370	-2156716	432	CDS		GTG	FF952_10370|CP040689_2156716_2156285_-3_GTG_143
CP040689	-2157048	TAG	FF952_10380	-2158124	1077	CDS		ATG	FF952_10380|CP040689_2158124_2157048_-2_ATG_358
CP040689	-2158124	TAA	FF952_10385	-2159512	1389	CDS		GTG	FF952_10385|CP040689_2159512_2158124_-3_GTG_462
CP040689	-2160900	TAG	FF952_10395	-2162168	1269	CDS		GTG	FF952_10395|CP040689_2162168_2160900_-2_GTG_422
CP040689	-2163327	TAA	FF952_10410	-2164289	963	CDS		GTG	FF952_10410|CP040689_2164289_2163327_-2_GTG_320
CP040689	-2164319	TAA	FF952_10415	-2164789	471	CDS		ATG	FF952_10415|CP040689_2164789_2164319_-3_ATG_156
CP040689	-2165129	TGA	FF952_10420	-2165776	648	CDS		TTG	FF952_10420|CP040689_2165776_2165129_-3_TTG_215
CP040689	-2165783	TGA	FF952_10425	-2168005	2223	CDS		GTG	FF952_10425|CP040689_2168005_2165783_-3_GTG_740
CP040689	-2168043	TGA	FF952_10430	-2168486	444	CDS		GTG	FF952_10430|CP040689_2168486_2168043_-2_GTG_147
CP040689	-2168600	TGA	FF952_10435	-2169193	594	CDS		GTG	FF952_10435|CP040689_2169193_2168600_-3_GTG_197
CP040689	-2169276	TGA	FF952_10440	-2169881	606	CDS		ATG	FF952_10440|CP040689_2169881_2169276_-2_ATG_201
CP040689	-2169981	TGA	FF952_10445	-2170984	1004	CDS	true	ATG	FF952_10445_p|CP040689_2170984_2169981_-3_ATG_334
CP040689	-2171814	TAG	FF952_10455	-2172221	408	CDS		ATG	FF952_10455|CP040689_2172221_2171814_-2_ATG_135
CP040689	-2174826	TAA	FF952_10465	-2180054	5229	CDS		ATG	FF952_10465|CP040689_2180054_2174826_-2_ATG_1742
CP040689	-2180392	TAA	FF952_10470	-2183355	2964	CDS		ATG	FF952_10470|CP040689_2183355_2180392_-1_ATG_987
CP040689	-2183804	TGA	FF952_10475	-2184268	465	CDS		ATG	FF952_10475|CP040689_2184268_2183804_-3_ATG_154
CP040689	-2185267	TGA	FF952_10485	-2186538	1272	CDS		ATG	FF952_10485|CP040689_2186538_2185267_-1_ATG_423
CP040689	-2189293	TAG	FF952_10500	-2189673	381	CDS		ATG	FF952_10500|CP040689_2189673_2189293_-1_ATG_126
CP040689	-2191700	TAG	FF952_10510	-2192179	480	CDS		ATG	FF952_10510|CP040689_2192179_2191700_-3_ATG_159
CP040689	-2193193	TAA	FF952_10520	-2193960	768	CDS		ATG	FF952_10520|CP040689_2193960_2193193_-1_ATG_255
CP040689	-2194005	TGA	FF952_10525	-2194649	645	CDS		GTG	FF952_10525|CP040689_2194649_2194005_-2_GTG_214
CP040689	-2194661	TAG	FF952_10530	-2195185	525	CDS		ATG	FF952_10530|CP040689_2195185_2194661_-3_ATG_174
CP040689	-2195203	TGA	FF952_10535	-2195982	780	CDS		GTG	FF952_10535|CP040689_2195982_2195203_-1_GTG_259
CP040689	-2196609	TAG	FF952_10545	-2197700	1092	CDS		GTG	FF952_10545|CP040689_2197700_2196609_-2_GTG_363
CP040689	-2197702	TGA	FF952_10550	-2198931	1230	CDS		GTG	FF952_10550|CP040689_2198931_2197702_-1_GTG_409
CP040689	-2198946	TGA	FF952_10555	-2199902	957	CDS		ATG	FF952_10555|CP040689_2199902_2198946_-2_ATG_318
CP040689	-2199944	TAA	FF952_10560	-2200159	216	CDS		ATG	FF952_10560|CP040689_2200159_2199944_-3_ATG_71
CP040689	-2207387	TGA	FF952_10595	-2207716	330	CDS		GTG	FF952_10595|CP040689_2207716_2207387_-3_GTG_109
CP040689	-2207713	TGA	FF952_10600	-2208090	378	CDS		GTG	FF952_10600|CP040689_2208090_2207713_-1_GTG_125
CP040689	-2208087	TGA	FF952_10605	-2208677	591	CDS		ATG	FF952_10605|CP040689_2208677_2208087_-2_ATG_196
CP040689	-2210251	TGA	FF952_10615	-2210703	453	CDS		ATG	FF952_10615|CP040689_2210703_2210251_-1_ATG_150
CP040689	-2211161	TAA	FF952_10625	-2211343	183	CDS		GTG	FF952_10625|CP040689_2211343_2211161_-3_GTG_60
CP040689	-2211457	TGA	FF952_10630	-2211807	351	CDS		ATG	FF952_10630|CP040689_2211807_2211457_-1_ATG_116
CP040689	-2211818	TGA	FF952_10635	-2212720	903	CDS		TTG	FF952_10635|CP040689_2212720_2211818_-3_TTG_300
CP040689	-2212741	TAG	FF952_10640	-2212932	192	CDS		TTG	FF952_10640|CP040689_2212932_2212741_-1_TTG_63
CP040689	-2212933	TAA	FF952_10645	-2213229	297	CDS		ATG	FF952_10645|CP040689_2213229_2212933_-1_ATG_98
CP040689	-2215761	TAG	FF952_10680	-2216375	615	CDS		ATG	FF952_10680|CP040689_2216375_2215761_-2_ATG_204
CP040689	-2216424	TGA	FF952_10685	-2216720	297	CDS		GTG	FF952_10685|CP040689_2216720_2216424_-2_GTG_98
CP040689	-2216717	TGA	FF952_10690	-2216968	252	CDS		GTG	FF952_10690|CP040689_2216968_2216717_-3_GTG_83
CP040689	-2217609	TGA	FF952_10700	-2218016	408	CDS		GTG	FF952_10700|CP040689_2218016_2217609_-2_GTG_135
CP040689	-2218020	TAG	FF952_10705	-2218292	273	CDS		GTG	FF952_10705|CP040689_2218292_2218020_-2_GTG_90
CP040689	-2218325	TAG	FF952_10710	-2219545	1221	CDS		ATG	FF952_10710|CP040689_2219545_2218325_-3_ATG_406
CP040689	-2231588	TGA	FF952_10785	-2231995	408	CDS		GTG	FF952_10785|CP040689_2231995_2231588_-3_GTG_135
CP040689	-2232058	TAG	FF952_10790	-2232336	279	CDS		GTG	FF952_10790|CP040689_2232336_2232058_-1_GTG_92
CP040689	-2232466	TAG	FF952_10795	-2233113	648	CDS		ATG	FF952_10795|CP040689_2233113_2232466_-1_ATG_215
CP040689	-2233612	TGA	FF952_10800	-2233821	210	CDS		GTG	FF952_10800|CP040689_2233821_2233612_-1_GTG_69
CP040689	-2235438	TAA	FF952_10815	-2235707	270	CDS		ATG	FF952_10815|CP040689_2235707_2235438_-2_ATG_89
CP040689	-2235785	TAG	FF952_10820	-2235964	180	CDS		GTG	FF952_10820|CP040689_2235964_2235785_-3_GTG_59
CP040689	-2238958	TAG	FF952_10840	-2240403	1446	CDS		GTG	FF952_10840|CP040689_2240403_2238958_-1_GTG_481
CP040689	-2240582	TAG	FF952_10845	-2241268	687	CDS		GTG	FF952_10845|CP040689_2241268_2240582_-3_GTG_228
CP040689	-2241459	TAA	FF952_10850	-2242427	969	CDS		ATG	FF952_10850|CP040689_2242427_2241459_-2_ATG_322
CP040689	-2242652	TAA	FF952_10855	-2243071	420	CDS		ATG	FF952_10855|CP040689_2243071_2242652_-3_ATG_139
CP040689	-2243080	TGA	FF952_10860	-2243340	261	CDS		GTG	FF952_10860|CP040689_2243340_2243080_-1_GTG_86
CP040689	-2245147	TGA	FF952_10870	-2245800	654	CDS		ATG	FF952_10870|CP040689_2245800_2245147_-1_ATG_217
CP040689	-2246230	TGA	FF952_10880	-2247141	912	CDS		ATG	FF952_10880|CP040689_2247141_2246230_-1_ATG_303
CP040689	-2249978	TAG	FF952_10905	-2250538	561	CDS		GTG	FF952_10905|CP040689_2250538_2249978_-3_GTG_186
CP040689	-2250535	TGA	FF952_10910	-2250876	342	CDS		ATG	FF952_10910|CP040689_2250876_2250535_-1_ATG_113
CP040689	-2251120	TAG	FF952_10920	-2251455	336	CDS		GTG	FF952_10920|CP040689_2251455_2251120_-1_GTG_111
CP040689	-2251544	TGA	FF952_10925	-2251888	345	CDS		GTG	FF952_10925|CP040689_2251888_2251544_-3_GTG_114
CP040689	-2251882	TGA	FF952_10930	-2252130	249	CDS		ATG	FF952_10930|CP040689_2252130_2251882_-1_ATG_82
CP040689	-2252230	TAG	FF952_10935	-2254545	2316	CDS		GTG	FF952_10935|CP040689_2254545_2252230_-1_GTG_771
CP040689	-2254542	TGA	FF952_10940	-2254814	273	CDS		GTG	FF952_10940|CP040689_2254814_2254542_-2_GTG_90
CP040689	-2254867	TGA	FF952_10945	-2255223	357	CDS		ATG	FF952_10945|CP040689_2255223_2254867_-1_ATG_118
CP040689	-2260184	TAA	FF952_10965	-2260960	777	CDS		ATG	FF952_10965|CP040689_2260960_2260184_-3_ATG_258
CP040689	-2261055	TAG	FF952_10970	-2262377	1323	CDS		ATG	FF952_10970|CP040689_2262377_2261055_-2_ATG_440
CP040689	-2265802	TAG	FF952_10990	-2266659	858	CDS		GTG	FF952_10990|CP040689_2266659_2265802_-1_GTG_285
CP040689	-2266717	TGA	FF952_10995	-2268213	1497	CDS		ATG	FF952_10995|CP040689_2268213_2266717_-1_ATG_498
CP040689	-2268235	TGA	FF952_11000	-2269122	888	CDS		ATG	FF952_11000|CP040689_2269122_2268235_-1_ATG_295
CP040689	-2273323	TAG	FF952_11010	-2273667	345	CDS		GTG	FF952_11010|CP040689_2273667_2273323_-1_GTG_114
CP040689	-2273856	TGA	FF952_11015	-2275181	1326	CDS		ATG	FF952_11015|CP040689_2275181_2273856_-2_ATG_441
CP040689	-2276093	TGA	FF952_11030	-2276524	432	CDS		ATG	FF952_11030|CP040689_2276524_2276093_-3_ATG_143
CP040689	-2277260	TAA	FF952_11045	-2277499	240	CDS		GTG	FF952_11045|CP040689_2277499_2277260_-3_GTG_79
CP040689	-2277496	TGA	FF952_11050	-2277675	180	CDS	true	TTC	FF952_11050_p|CP040689_2277675_2277496_-1_TTC_59
CP040689	-2279055	TAG	FF952_11065	-2280311	1257	CDS		ATG	FF952_11065|CP040689_2280311_2279055_-2_ATG_418
CP040689	-2283660	TAA	FF952_11095	-2283959	300	CDS		GTG	FF952_11095|CP040689_2283959_2283660_-2_GTG_99
CP040689	-2284044	TAG	FF952_11100	-2284349	306	CDS		ATG	FF952_11100|CP040689_2284349_2284044_-2_ATG_101
CP040689	-2284358	TAA	FF952_11105	-2284963	606	CDS		GTG	FF952_11105|CP040689_2284963_2284358_-3_GTG_201
CP040689	-2284988	TGA	FF952_11110	-2285347	360	CDS		GTG	FF952_11110|CP040689_2285347_2284988_-3_GTG_119
CP040689	-2285507	TAG	FF952_11115	-2286184	678	CDS		ATG	FF952_11115|CP040689_2286184_2285507_-3_ATG_225
CP040689	-2286136	TGA	FF952_11120	-2286372	237	CDS		ATG	FF952_11120|CP040689_2286372_2286136_-1_ATG_78
CP040689	-2286579	TGA	FF952_11125	-2287475	897	CDS		ATG	FF952_11125|CP040689_2287475_2286579_-2_ATG_298
CP040689	-2287659	TGA	FF952_11130	-2292479	4821	CDS		ATG	FF952_11130|CP040689_2292479_2287659_-2_ATG_1606
CP040689	-2292989	TGA	FF952_11135	-2293987	999	CDS		ATG	FF952_11135|CP040689_2293987_2292989_-3_ATG_332
CP040689	-2294102	TAG	FF952_11140	-2294986	885	CDS		ATG	FF952_11140|CP040689_2294986_2294102_-3_ATG_294
CP040689	-2295026	TGA	FF952_11145	-2296747	1722	CDS		GTG	FF952_11145|CP040689_2296747_2295026_-3_GTG_573
CP040689	-2296808	TGA	FF952_11150	-2297647	840	CDS		ATG	FF952_11150|CP040689_2297647_2296808_-3_ATG_279
CP040689	-2297644	TGA	FF952_11155	-2298663	1020	CDS		ATG	FF952_11155|CP040689_2298663_2297644_-1_ATG_339
CP040689	-2298680	TAG	FF952_11160	-2300725	2046	CDS		GTG	FF952_11160|CP040689_2300725_2298680_-3_GTG_681
CP040689	-2300737	TGA	FF952_11165	-2301171	435	CDS		ATG	FF952_11165|CP040689_2301171_2300737_-1_ATG_144
CP040689	-2302479	TAG	FF952_11175	-2303321	843	CDS		GTG	FF952_11175|CP040689_2303321_2302479_-2_GTG_280
CP040689	-2304986	TAG	FF952_11195	-2305960	975	CDS		GTG	FF952_11195|CP040689_2305960_2304986_-3_GTG_324
CP040689	-2305962	TAA	FF952_11200	-2307035	1074	CDS		ATG	FF952_11200|CP040689_2307035_2305962_-2_ATG_357
CP040689	-2307038	TAA	FF952_11205	-2307880	843	CDS		GTG	FF952_11205|CP040689_2307880_2307038_-3_GTG_280
CP040689	-2307867	TGA	FF952_11210	-2308769	903	CDS		ATG	FF952_11210|CP040689_2308769_2307867_-2_ATG_300
CP040689	-2308766	TGA	FF952_11215	-2310085	1320	CDS		ATG	FF952_11215|CP040689_2310085_2308766_-3_ATG_439
CP040689	-2310123	TGA	FF952_11220	-2310920	798	CDS		ATG	FF952_11220|CP040689_2310920_2310123_-2_ATG_265
CP040689	-2310920	TGA	FF952_11225	-2311480	561	CDS		ATG	FF952_11225|CP040689_2311480_2310920_-3_ATG_186
CP040689	-2311521	TAG	FF952_11230	-2311838	318	CDS		ATG	FF952_11230|CP040689_2311838_2311521_-2_ATG_105
CP040689	-2311924	TGA	FF952_11235	-2313459	1536	CDS		GTG	FF952_11235|CP040689_2313459_2311924_-1_GTG_511
CP040689	-2314201	TGA	FF952_11245	-2316765	2565	CDS		GTG	FF952_11245|CP040689_2316765_2314201_-1_GTG_854
CP040689	-2316770	TAG	FF952_11250	-2329225	12456	CDS		ATG	FF952_11250|CP040689_2329225_2316770_-3_ATG_4151
CP040689	-2329532	TAG	FF952_11255	-2329756	225	CDS		ATG	FF952_11255|CP040689_2329756_2329532_-3_ATG_74
CP040689	-2330370	TGA	FF952_11265	-2332994	2625	CDS		GTG	FF952_11265|CP040689_2332994_2330370_-2_GTG_874
CP040689	-2333152	TAG	FF952_11270	-2334756	1605	CDS		GTG	FF952_11270|CP040689_2334756_2333152_-1_GTG_534
CP040689	-2334761	TAG	FF952_11275	-2335288	528	CDS		GTG	FF952_11275|CP040689_2335288_2334761_-3_GTG_175
CP040689	-2336326	TGA	FF952_11285	-2336592	267	CDS		ATG	FF952_11285|CP040689_2336592_2336326_-1_ATG_88
CP040689	-2336593	TAG	FF952_11290	-2336898	306	CDS		GTG	FF952_11290|CP040689_2336898_2336593_-1_GTG_101
CP040689	-2336900	TGA	FF952_11295	-2337064	165	CDS		ATG	FF952_11295|CP040689_2337064_2336900_-3_ATG_54
CP040689	-2337064	TGA	FF952_11300	-2337300	237	CDS		TTG	FF952_11300|CP040689_2337300_2337064_-1_TTG_78
CP040689	-2338920	TAG	FF952_11310	-2339324	405	CDS		GTG	FF952_11310|CP040689_2339324_2338920_-2_GTG_134
CP040689	-2339408	TGA	FF952_11315	-2342992	3585	CDS		GTG	FF952_11315|CP040689_2342992_2339408_-3_GTG_1194
CP040689	-2346886	TAG	FF952_11345	-2348109	1224	CDS		GTG	FF952_11345|CP040689_2348109_2346886_-1_GTG_407
CP040689	-2348125	TAG	FF952_11350	-2349048	924	CDS		ATG	FF952_11350|CP040689_2349048_2348125_-1_ATG_307
CP040689	-2349730	TGA	FF952_11360	-2350460	731	CDS	true	GTG	FF952_11360_p|CP040689_2350460_2349730_-2_GTG_243
CP040689	-2350457	TGA	FF952_11365	-2351212	756	CDS		ATG	FF952_11365|CP040689_2351212_2350457_-3_ATG_251
CP040689	-2351209	TGA	FF952_11370	-2352381	1173	CDS		ATG	FF952_11370|CP040689_2352381_2351209_-1_ATG_390
CP040689	-2352449	TGA	FF952_11375	-2353198	750	CDS		GTG	FF952_11375|CP040689_2353198_2352449_-3_GTG_249
CP040689	-2353651	TGA	FF952_11385	-2355114	1464	CDS		ATG	FF952_11385|CP040689_2355114_2353651_-1_ATG_487
CP040689	-2355272	TGA	FF952_11390	-2355523	252	CDS		GTG	FF952_11390|CP040689_2355523_2355272_-3_GTG_83
CP040689	-2355558	TAG	FF952_11395	-2356529	972	CDS		ATG	FF952_11395|CP040689_2356529_2355558_-2_ATG_323
CP040689	-2356530	TAG	FF952_11400	-2356829	300	CDS		GTG	FF952_11400|CP040689_2356829_2356530_-2_GTG_99
CP040689	-2360300	TAG	FF952_11420	-2360739	440	CDS	true	ATG	FF952_11420_p|CP040689_2360739_2360300_-1_ATG_146
CP040689	-2368442	TAG	FF952_11460	-2369569	1128	CDS		ATG	FF952_11460|CP040689_2369569_2368442_-3_ATG_375
CP040689	-2370746	TAA	FF952_11470	-2371480	735	CDS		ATG	FF952_11470|CP040689_2371480_2370746_-3_ATG_244
CP040689	-2371522	TAG	FF952_11475	-2374242	2721	CDS		GTG	FF952_11475|CP040689_2374242_2371522_-1_GTG_906
CP040689	-2374359	TAG	FF952_11480	-2375285	927	CDS		GTG	FF952_11480|CP040689_2375285_2374359_-2_GTG_308
CP040689	-2375302	TAG	FF952_11485	-2375553	252	CDS		GTG	FF952_11485|CP040689_2375553_2375302_-1_GTG_83
CP040689	-2375621	TGA	FF952_11490	-2376571	951	CDS		ATG	FF952_11490|CP040689_2376571_2375621_-3_ATG_316
CP040689	-2376568	TGA	FF952_11495	-2377566	999	CDS		ATG	FF952_11495|CP040689_2377566_2376568_-1_ATG_332
CP040689	-2377575	TAG	FF952_11500	-2378933	1359	CDS		GTG	FF952_11500|CP040689_2378933_2377575_-2_GTG_452
CP040689	-2378985	TAA	FF952_11505	-2380460	1476	CDS		ATG	FF952_11505|CP040689_2380460_2378985_-2_ATG_491
CP040689	-2386340	TGA	FF952_11525	-2386774	435	CDS		ATG	FF952_11525|CP040689_2386774_2386340_-3_ATG_144
CP040689	-2386781	TAG	FF952_11530	-2387035	255	CDS		ATG	FF952_11530|CP040689_2387035_2386781_-3_ATG_84
CP040689	-2387051	TGA	FF952_11535	-2387308	258	CDS		ATG	FF952_11535|CP040689_2387308_2387051_-3_ATG_85
CP040689	-2389877	TGA	FF952_11555	-2390623	747	CDS		GTG	FF952_11555|CP040689_2390623_2389877_-3_GTG_248
CP040689	-2390620	TGA	FF952_11560	-2391495	876	CDS		GTG	FF952_11560|CP040689_2391495_2390620_-1_GTG_291
CP040689	-2391492	TGA	FF952_11565	-2391686	195	CDS		ATG	FF952_11565|CP040689_2391686_2391492_-2_ATG_64
CP040689	-2391799	TAA	FF952_11570	-2393463	1665	CDS		ATG	FF952_11570|CP040689_2393463_2391799_-1_ATG_554
CP040689	-2395355	TAG	FF952_11585	-2397184	1830	CDS		ATG	FF952_11585|CP040689_2397184_2395355_-3_ATG_609
CP040689	-2398364	TAG	FF952_11600	-2399206	843	CDS		GTG	FF952_11600|CP040689_2399206_2398364_-3_GTG_280
CP040689	-2400139	TGA	FF952_11610	-2400621	483	CDS		GTG	FF952_11610|CP040689_2400621_2400139_-1_GTG_160
CP040689	-2400700	TGA	FF952_11615	-2401554	855	CDS		ATG	FF952_11615|CP040689_2401554_2400700_-1_ATG_284
CP040689	-2401557	TGA	FF952_11620	-2401838	282	CDS		GTG	FF952_11620|CP040689_2401838_2401557_-2_GTG_93
CP040689	-2403383	TAA	FF952_11630	-2406961	3579	CDS		GTG	FF952_11630|CP040689_2406961_2403383_-3_GTG_1192
CP040689	-2408096	TGA	FF952_11640	-2409184	1089	CDS		CTG	FF952_11640|CP040689_2409184_2408096_-3_CTG_362
CP040689	-2411202	TAG	FF952_11655	-2412083	882	CDS		ATG	FF952_11655|CP040689_2412083_2411202_-2_ATG_293
CP040689	-2412109	TAG	FF952_11660	-2413353	1245	CDS		ATG	FF952_11660|CP040689_2413353_2412109_-1_ATG_414
CP040689	-2413411	TGA	FF952_11665	-2414214	804	CDS		GTG	FF952_11665|CP040689_2414214_2413411_-1_GTG_267
CP040689	-2414745	TAG	FF952_11675	-2415533	789	CDS		GTG	FF952_11675|CP040689_2415533_2414745_-2_GTG_262
CP040689	-2415544	TGA	FF952_11680	-2416131	588	CDS		ATG	FF952_11680|CP040689_2416131_2415544_-1_ATG_195
CP040689	-2416195	TAG	FF952_11685	-2416905	711	CDS		ATG	FF952_11685|CP040689_2416905_2416195_-1_ATG_236
CP040689	-2416902	TGA	FF952_11690	-2417732	831	CDS		ATG	FF952_11690|CP040689_2417732_2416902_-2_ATG_276
CP040689	-2417796	TAG	FF952_11695	-2418209	414	CDS		ATG	FF952_11695|CP040689_2418209_2417796_-2_ATG_137
CP040689	-2420692	TAG	FF952_11715	-2421222	531	CDS		ATG	FF952_11715|CP040689_2421222_2420692_-1_ATG_176
CP040689	-2421270	TAG	FF952_11720	-2422616	1347	CDS		GTG	FF952_11720|CP040689_2422616_2421270_-2_GTG_448
CP040689	-2423029	TGA	FF952_11730	-2423346	318	CDS		ATG	FF952_11730|CP040689_2423346_2423029_-1_ATG_105
CP040689	-2423343	TGA	FF952_11735	-2423558	216	CDS		GTG	FF952_11735|CP040689_2423558_2423343_-2_GTG_71
CP040689	-2425001	TAG	FF952_11745	-2425357	357	CDS		ATG	FF952_11745|CP040689_2425357_2425001_-3_ATG_118
CP040689	-2425452	TAG	FF952_11750	-2426234	783	CDS		ATG	FF952_11750|CP040689_2426234_2425452_-2_ATG_260
CP040689	-2426502	TGA	FF952_11755	-2426792	291	CDS		TTG	FF952_11755|CP040689_2426792_2426502_-2_TTG_96
CP040689	-2426954	TAG	FF952_11760	-2427610	657	CDS		ATG	FF952_11760|CP040689_2427610_2426954_-3_ATG_218
CP040689	-2427676	TGA	FF952_11765	-2428452	777	CDS		ATG	FF952_11765|CP040689_2428452_2427676_-1_ATG_258
CP040689	-2428458	TGA	FF952_11770	-2429210	753	CDS		TTG	FF952_11770|CP040689_2429210_2428458_-2_TTG_250
CP040689	-2429221	TGA	FF952_11775	-2430360	1140	CDS		ATG	FF952_11775|CP040689_2430360_2429221_-1_ATG_379
CP040689	-2430533	TAG	FF952_11780	-2431477	945	CDS		ATG	FF952_11780|CP040689_2431477_2430533_-3_ATG_314
CP040689	-2431474	TGA	FF952_11785	-2432958	1485	CDS		GTG	FF952_11785|CP040689_2432958_2431474_-1_GTG_494
CP040689	-2432955	TGA	FF952_11790	-2434187	1233	CDS		GTG	FF952_11790|CP040689_2434187_2432955_-2_GTG_410
CP040689	-2434184	TGA	FF952_11795	-2435758	1575	CDS		GTG	FF952_11795|CP040689_2435758_2434184_-3_GTG_524
CP040689	-2435770	TAG	FF952_11800	-2437230	1461	CDS		GTG	FF952_11800|CP040689_2437230_2435770_-1_GTG_486
CP040689	-2437232	TGA	FF952_11805	-2438311	1080	CDS		ATG	FF952_11805|CP040689_2438311_2437232_-3_ATG_359
CP040689	-2438308	TGA	FF952_11810	-2439840	1533	CDS		ATG	FF952_11810|CP040689_2439840_2438308_-1_ATG_510
CP040689	-2439837	TGA	FF952_11815	-2441444	1608	CDS		GTG	FF952_11815|CP040689_2441444_2439837_-2_GTG_535
CP040689	-2441467	TGA	FF952_11820	-2442501	1035	CDS		ATG	FF952_11820|CP040689_2442501_2441467_-1_ATG_344
CP040689	-2442498	TGA	FF952_11825	-2443118	621	CDS		ATG	FF952_11825|CP040689_2443118_2442498_-2_ATG_206
CP040689	-2443111	TAG	FF952_11830	-2443977	867	CDS		ATG	FF952_11830|CP040689_2443977_2443111_-1_ATG_288
CP040689	-2444080	TGA	FF952_11835	-2445660	1581	CDS		ATG	FF952_11835|CP040689_2445660_2444080_-1_ATG_526
CP040689	-2445870	TAG	FF952_11840	-2447909	2040	CDS		GTG	FF952_11840|CP040689_2447909_2445870_-2_GTG_679
CP040689	-2447906	TGA	FF952_11845	-2449060	1155	CDS		ATG	FF952_11845|CP040689_2449060_2447906_-3_ATG_384
CP040689	-2449057	TGA	FF952_11850	-2450247	1191	CDS		GTG	FF952_11850|CP040689_2450247_2449057_-1_GTG_396
CP040689	-2450249	TGA	FF952_11855	-2450680	432	CDS		ATG	FF952_11855|CP040689_2450680_2450249_-3_ATG_143
CP040689	-2451029	TAA	FF952_11860	-2451433	405	CDS		ATG	FF952_11860|CP040689_2451433_2451029_-3_ATG_134
CP040689	-2453095	TAG	FF952_11875	-2454000	906	CDS		GTG	FF952_11875|CP040689_2454000_2453095_-1_GTG_301
CP040689	-2456910	TGA	FF952_11890	-2457350	441	CDS		ATG	FF952_11890|CP040689_2457350_2456910_-2_ATG_146
CP040689	-2458746	TGA	FF952_11900	-2459411	666	CDS		ATG	FF952_11900|CP040689_2459411_2458746_-2_ATG_221
CP040689	-2459345	TGA	FF952_11905	-2459527	183	CDS		ATG	FF952_11905|CP040689_2459527_2459345_-3_ATG_60
CP040689	-2459796	TAG	FF952_11910	-2461184	1389	CDS		ATG	FF952_11910|CP040689_2461184_2459796_-2_ATG_462
CP040689	-2461275	TGA	FF952_11915	-2461781	507	CDS		GTG	FF952_11915|CP040689_2461781_2461275_-2_GTG_168
CP040689	-2461791	TAG	FF952_11920	-2462678	888	CDS		TTG	FF952_11920|CP040689_2462678_2461791_-2_TTG_295
CP040689	-2464050	TAG	FF952_11930	-2464793	744	CDS		ATG	FF952_11930|CP040689_2464793_2464050_-2_ATG_247
CP040689	-2464879	TGA	FF952_11935	-2465274	396	CDS		GTG	FF952_11935|CP040689_2465274_2464879_-1_GTG_131
CP040689	-2465271	TGA	FF952_11940	-2466500	1230	CDS		ATC	FF952_11940|CP040689_2466500_2465271_-2_ATC_409
CP040689	-2466530	TGA	FF952_11945	-2466964	435	CDS		GTG	FF952_11945|CP040689_2466964_2466530_-3_GTG_144
CP040689	-2467069	TAA	FF952_11950	-2467458	390	CDS		ATG	FF952_11950|CP040689_2467458_2467069_-1_ATG_129
CP040689	-2469457	TGA	FF952_11960	-2470614	1158	CDS		GTG	FF952_11960|CP040689_2470614_2469457_-1_GTG_385
CP040689	-2470711	TAG	FF952_11965	-2471488	778	CDS	true	GTG	FF952_11965_p|CP040689_2471488_2470711_-3_GTG_259
CP040689	-2471583	TGA	FF952_11970	-2472740	1158	CDS		TTG	FF952_11970|CP040689_2472740_2471583_-2_TTG_385
CP040689	-2472926	TAA	FF952_11975	-2473177	252	CDS		ATG	FF952_11975|CP040689_2473177_2472926_-3_ATG_83
CP040689	-2475099	TGA	FF952_11985	-2476211	1113	CDS		GTG	FF952_11985|CP040689_2476211_2475099_-2_GTG_370
CP040689	-2480858	TAG	FF952_12010	-2481502	645	CDS		ATG	FF952_12010|CP040689_2481502_2480858_-3_ATG_214
CP040689	-2481502	TGA	FF952_12015	-2482401	900	CDS		ATG	FF952_12015|CP040689_2482401_2481502_-1_ATG_299
CP040689	-2482587	TGA	FF952_12020	-2483006	420	CDS		ATG	FF952_12020|CP040689_2483006_2482587_-2_ATG_139
CP040689	-2483014	TAG	FF952_12025	-2484105	1092	CDS		GTG	FF952_12025|CP040689_2484105_2483014_-1_GTG_363
CP040689	-2486407	TAG	FF952_12035	-2487381	975	CDS		GTG	FF952_12035|CP040689_2487381_2486407_-1_GTG_324
CP040689	-2488285	TGA	FF952_12045	-2488641	357	CDS		ATG	FF952_12045|CP040689_2488641_2488285_-1_ATG_118
CP040689	-2488741	TGA	FF952_12050	-2489817	1077	CDS		ATG	FF952_12050|CP040689_2489817_2488741_-1_ATG_358
CP040689	-2494218	TAG	FF952_12075	-2495324	1107	CDS		ATG	FF952_12075|CP040689_2495324_2494218_-2_ATG_368
CP040689	-2495396	TGA	FF952_12080	-2496535	1140	CDS		GTG	FF952_12080|CP040689_2496535_2495396_-3_GTG_379
CP040689	-2499277	TAA	FF952_12095	-2501055	1779	CDS		ATG	FF952_12095|CP040689_2501055_2499277_-1_ATG_592
CP040689	-2506348	TGA	FF952_12125	-2506770	423	CDS		ATG	FF952_12125|CP040689_2506770_2506348_-1_ATG_140
CP040689	-2508723	TGA	FF952_12135	-2511707	2985	CDS		GTG	FF952_12135|CP040689_2511707_2508723_-2_GTG_994
CP040689	-2511756	TAG	FF952_12140	-2513096	1341	CDS		ATG	FF952_12140|CP040689_2513096_2511756_-2_ATG_446
CP040689	-2513191	TGA	FF952_12145	-2514753	1563	CDS		ATG	FF952_12145|CP040689_2514753_2513191_-1_ATG_520
CP040689	-2514815	TAG	FF952_12150	-2516377	1563	CDS		GTG	FF952_12150|CP040689_2516377_2514815_-3_GTG_520
CP040689	-2516579	TGA	FF952_12155	-2516800	222	CDS		CTG	FF952_12155|CP040689_2516800_2516579_-3_CTG_73
CP040689	-2520999	TAG	FF952_12180	-2522093	1095	CDS		GTG	FF952_12180|CP040689_2522093_2520999_-2_GTG_364
CP040689	-2522090	TGA	FF952_12185	-2522827	738	CDS		ATG	FF952_12185|CP040689_2522827_2522090_-3_ATG_245
CP040689	-2522824	TGA	FF952_12190	-2523963	1140	CDS		ATG	FF952_12190|CP040689_2523963_2522824_-1_ATG_379
CP040689	-2523960	TGA	FF952_12195	-2525054	1095	CDS		GTG	FF952_12195|CP040689_2525054_2523960_-2_GTG_364
CP040689	-2525091	TGA	FF952_12200	-2525516	426	CDS		TTG	FF952_12200|CP040689_2525516_2525091_-2_TTG_141
CP040689	-2525437	TGA	FF952_12205	-2525717	281	CDS	true	ATG	FF952_12205_p|CP040689_2525717_2525437_-2_ATG_93
CP040689	-2527789	TAG	FF952_12225	-2528730	942	CDS		GTG	FF952_12225|CP040689_2528730_2527789_-1_GTG_313
CP040689	-2529706	TAG	FF952_12235	-2529942	237	CDS		GTG	FF952_12235|CP040689_2529942_2529706_-1_GTG_78
CP040689	-2530070	TAA	FF952_12245	-2530531	462	CDS		ATG	FF952_12245|CP040689_2530531_2530070_-3_ATG_153
CP040689	-2530531	TGA	FF952_12250	-2531007	477	CDS		ATG	FF952_12250|CP040689_2531007_2530531_-1_ATG_158
CP040689	-2531045	TGA	FF952_12255	-2531635	591	CDS		GTG	FF952_12255|CP040689_2531635_2531045_-3_GTG_196
CP040689	-2542599	TGA	FF952_12300	-2544149	1551	CDS		GTG	FF952_12300|CP040689_2544149_2542599_-2_GTG_516
CP040689	-2544143	TGA	FF952_12305	-2544712	570	CDS		ATG	FF952_12305|CP040689_2544712_2544143_-3_ATG_189
CP040689	-2547877	TGA	FF952_12325	-2548332	456	CDS		TTG	FF952_12325|CP040689_2548332_2547877_-1_TTG_151
CP040689	-2548337	TAG	FF952_12330	-2548531	195	CDS		GTG	FF952_12330|CP040689_2548531_2548337_-3_GTG_64
CP040689	-2548698	TAA	FF952_12340	-2549210	513	CDS		ATG	FF952_12340|CP040689_2549210_2548698_-2_ATG_170
CP040689	-2549361	TAG	FF952_12345	-2550179	819	CDS		ATG	FF952_12345|CP040689_2550179_2549361_-2_ATG_272
CP040689	-2550193	TGA	FF952_12350	-2551254	1062	CDS		ATG	FF952_12350|CP040689_2551254_2550193_-1_ATG_353
CP040689	-2553399	TAG	FF952_12370	-2554907	1509	CDS		ATG	FF952_12370|CP040689_2554907_2553399_-2_ATG_502
CP040689	-2555927	TGA	FF952_12380	-2557705	1779	CDS		ATG	FF952_12380|CP040689_2557705_2555927_-3_ATG_592
CP040689	-2560999	TGA	FF952_12395	-2562165	1167	CDS		ATG	FF952_12395|CP040689_2562165_2560999_-1_ATG_388
CP040689	-2562162	TGA	FF952_12400	-2563631	1470	CDS		ATG	FF952_12400|CP040689_2563631_2562162_-2_ATG_489
CP040689	-2563644	TGA	FF952_12405	-2563976	333	CDS		GTG	FF952_12405|CP040689_2563976_2563644_-2_GTG_110
CP040689	-2565843	TAG	FF952_12430	-2566160	318	CDS		ATG	FF952_12430|CP040689_2566160_2565843_-2_ATG_105
CP040689	-2568480	TAA	FF952_12445	-2569379	900	CDS		ATG	FF952_12445|CP040689_2569379_2568480_-2_ATG_299
CP040689	-2572936	TAG	FF952_12460	-2573874	939	CDS		ATG	FF952_12460|CP040689_2573874_2572936_-1_ATG_312
CP040689	-2576875	TGA	FF952_12480	-2577567	693	CDS		ATG	FF952_12480|CP040689_2577567_2576875_-1_ATG_230
CP040689	-2582027	TGA	FF952_12510	-2583031	1005	CDS		GTG	FF952_12510|CP040689_2583031_2582027_-3_GTG_334
CP040689	-2588059	TAG	FF952_12545	-2590002	1944	CDS		ATG	FF952_12545|CP040689_2590002_2588059_-1_ATG_647
CP040689	-2590076	TAG	FF952_12550	-2591008	933	CDS		ATG	FF952_12550|CP040689_2591008_2590076_-3_ATG_310
CP040689	-2592096	TGA	FF952_12565	-2593019	924	CDS		ATG	FF952_12565|CP040689_2593019_2592096_-2_ATG_307
CP040689	-2593016	TGA	FF952_12570	-2593225	210	CDS		ATG	FF952_12570|CP040689_2593225_2593016_-3_ATG_69
CP040689	-2593608	TAA	FF952_12575	-2593787	180	CDS		GTG	FF952_12575|CP040689_2593787_2593608_-2_GTG_59
CP040689	-2595851	TGA	FF952_12590	-2596696	846	CDS		ATG	FF952_12590|CP040689_2596696_2595851_-3_ATG_281
CP040689	-2596853	TGA	FF952_12595	-2597197	345	CDS		ATG	FF952_12595|CP040689_2597197_2596853_-3_ATG_114
CP040689	-2597228	TAG	FF952_12600	-2597419	192	CDS		GTG	FF952_12600|CP040689_2597419_2597228_-3_GTG_63
CP040689	-2597504	TGA	FF952_12605	-2597935	432	CDS		GTG	FF952_12605|CP040689_2597935_2597504_-3_GTG_143
CP040689	-2598028	TAG	FF952_12610	-2598210	183	CDS		ATG	FF952_12610|CP040689_2598210_2598028_-1_ATG_60
CP040689	-2599843	TAG	FF952_12630	-2600298	456	CDS		GTG	FF952_12630|CP040689_2600298_2599843_-1_GTG_151
CP040689	-2600315	TGA	FF952_12635	-2600440	126	CDS		GTG	FF952_12635|CP040689_2600440_2600315_-3_GTG_41
CP040689	-2600827	TGA	FF952_12640	-2600991	165	CDS		GTG	FF952_12640|CP040689_2600991_2600827_-1_GTG_54
CP040689	-2603052	TGA	FF952_12665	-2603906	855	CDS		GTG	FF952_12665|CP040689_2603906_2603052_-2_GTG_284
CP040689	-2603917	TAG	FF952_12670	-2605290	1374	CDS		ATG	FF952_12670|CP040689_2605290_2603917_-1_ATG_457
CP040689	-2605287	TGA	FF952_12675	-2606804	1518	CDS		GTG	FF952_12675|CP040689_2606804_2605287_-2_GTG_505
CP040689	-2609848	TAG	FF952_12695	-2610725	878	CDS	true	GTG	FF952_12695_p|CP040689_2610725_2609848_-2_GTG_292
CP040689	-2610722	TGA	FF952_12700	-2612152	1431	CDS		TTG	FF952_12700|CP040689_2612152_2610722_-3_TTG_476
CP040689	-2612153	TAA	FF952_12705	-2612698	546	CDS		ATG	FF952_12705|CP040689_2612698_2612153_-3_ATG_181
CP040689	-2612698	TGA	FF952_12710	-2613363	666	CDS		ATG	FF952_12710|CP040689_2613363_2612698_-1_ATG_221
CP040689	-2613360	TGA	FF952_12715	-2614268	909	CDS		ATG	FF952_12715|CP040689_2614268_2613360_-2_ATG_302
CP040689	-2615008	TAG	FF952_12725	-2615856	849	CDS		ATG	FF952_12725|CP040689_2615856_2615008_-1_ATG_282
CP040689	-2615853	TGA	FF952_12730	-2617946	2094	CDS		ATG	FF952_12730|CP040689_2617946_2615853_-2_ATG_697
CP040689	-2619913	TAA	FF952_12750	-2621460	1548	CDS		ATG	FF952_12750|CP040689_2621460_2619913_-1_ATG_515
CP040689	-2621694	TAG	FF952_12755	-2622212	519	CDS		GTG	FF952_12755|CP040689_2622212_2621694_-2_GTG_172
CP040689	-2624741	TAG	FF952_12775	-2626312	1572	CDS		ATG	FF952_12775|CP040689_2626312_2624741_-3_ATG_523
CP040689	-2629860	TAA	FF952_12795	-2630978	1119	CDS		ATG	FF952_12795|CP040689_2630978_2629860_-2_ATG_372
CP040689	-2631098	TAG	FF952_12800	-2631907	810	CDS		ATG	FF952_12800|CP040689_2631907_2631098_-3_ATG_269
CP040689	-2631885	TGA	FF952_12805	-2632040	156	CDS		TTG	FF952_12805|CP040689_2632040_2631885_-2_TTG_51
CP040689	-2633351	GGG	FF952_12815	-2633497	147	CDS	true	ATG	FF952_12815_p|CP040689_2633497_2633351_-3_ATG_49
CP040689	-2637101	TGA	FF952_12835	-2638342	1242	CDS		ATG	FF952_12835|CP040689_2638342_2637101_-3_ATG_413
CP040689	-2639967	TGA	FF952_12855	-2641886	1920	CDS		ATG	FF952_12855|CP040689_2641886_2639967_-2_ATG_639
CP040689	-2641891	TGA	FF952_12860	-2643186	1296	CDS		GTG	FF952_12860|CP040689_2643186_2641891_-1_GTG_431
CP040689	-2645322	TGA	FF952_12870	-2645606	285	CDS		ATG	FF952_12870|CP040689_2645606_2645322_-2_ATG_94
CP040689	-2645657	TAA	FF952_12875	-2645953	297	CDS		ATG	FF952_12875|CP040689_2645953_2645657_-3_ATG_98
CP040689	-2646088	TAG	FF952_12880	-2646414	327	CDS		GTG	FF952_12880|CP040689_2646414_2646088_-1_GTG_108
CP040689	-2646606	TAG	FF952_12885	-2648132	1527	CDS		ATG	FF952_12885|CP040689_2648132_2646606_-2_ATG_508
CP040689	-2648215	TGA	FF952_12890	-2649753	1539	CDS		ATG	FF952_12890|CP040689_2649753_2648215_-1_ATG_512
CP040689	-2649971	TGA	FF952_12895	-2651509	1539	CDS		ATG	FF952_12895|CP040689_2651509_2649971_-3_ATG_512
CP040689	-2652358	TAG	FF952_12900	-2653533	1176	CDS		ATG	FF952_12900|CP040689_2653533_2652358_-1_ATG_391
CP040689	-2653963	TAG	FF952_12905	-2655828	1866	CDS		GTG	FF952_12905|CP040689_2655828_2653963_-1_GTG_621
CP040689	-2656566	TAG	FF952_12915	-2658413	1848	CDS		GTG	FF952_12915|CP040689_2658413_2656566_-2_GTG_615
CP040689	-2658551	TAG	FF952_12920	-2659942	1392	CDS		GTG	FF952_12920|CP040689_2659942_2658551_-3_GTG_463
CP040689	-2661028	TAG	FF952_12940	-2661456	429	CDS		GTG	FF952_12940|CP040689_2661456_2661028_-1_GTG_142
CP040689	-2661456	TAG	FF952_12945	-2662346	891	CDS		GTG	FF952_12945|CP040689_2662346_2661456_-2_GTG_296
CP040689	-2662339	TAG	FF952_12950	-2663136	798	CDS		ATG	FF952_12950|CP040689_2663136_2662339_-1_ATG_265
CP040689	-2664649	TAG	FF952_12960	-2665551	903	CDS		ATG	FF952_12960|CP040689_2665551_2664649_-1_ATG_300
CP040689	-2665625	TGA	FF952_12965	-2665966	342	CDS		ATG	FF952_12965|CP040689_2665966_2665625_-3_ATG_113
CP040689	-2665938	TGA	FF952_12970	-2667245	1308	CDS		TTG	FF952_12970|CP040689_2667245_2665938_-2_TTG_435
CP040689	-2667242	TGA	FF952_12975	-2667775	534	CDS		ATG	FF952_12975|CP040689_2667775_2667242_-3_ATG_177
CP040689	-2667794	TGA	FF952_12980	-2668852	1059	CDS		GTG	FF952_12980|CP040689_2668852_2667794_-3_GTG_352
CP040689	-2668824	TGA	FF952_12985	-2669126	303	CDS		GTG	FF952_12985|CP040689_2669126_2668824_-2_GTG_100
CP040689	-2669123	TGA	FF952_12990	-2670436	1314	CDS		GTG	FF952_12990|CP040689_2670436_2669123_-3_GTG_437
CP040689	-2670915	TAG	FF952_13000	-2671703	789	CDS		ATG	FF952_13000|CP040689_2671703_2670915_-2_ATG_262
CP040689	-2671717	TAA	FF952_13005	-2672865	1149	CDS		GTG	FF952_13005|CP040689_2672865_2671717_-1_GTG_382
CP040689	-2672940	TGA	FF952_13010	-2673971	1032	CDS		ATG	FF952_13010|CP040689_2673971_2672940_-2_ATG_343
CP040689	-2674487	TGA	FF952_13020	-2674993	507	CDS		ATG	FF952_13020|CP040689_2674993_2674487_-3_ATG_168
CP040689	-2675093	TGA	FF952_13025	-2675308	216	CDS		GTG	FF952_13025|CP040689_2675308_2675093_-3_GTG_71
CP040689	-2675286	TGA	FF952_13030	-2676581	1296	CDS		ATG	FF952_13030|CP040689_2676581_2675286_-2_ATG_431
CP040689	-2676578	TGA	FF952_13035	-2680963	4386	CDS		ATG	FF952_13035|CP040689_2680963_2676578_-3_ATG_1461
CP040689	-2680945	TGA	FF952_13040	-2686140	5196	CDS		GTG	FF952_13040|CP040689_2686140_2680945_-1_GTG_1731
CP040689	-2686133	TAA	FF952_13045	-2689147	3015	CDS		ATG	FF952_13045|CP040689_2689147_2686133_-3_ATG_1004
CP040689	-2689147	TGA	FF952_13050	-2690481	1335	CDS		ATG	FF952_13050|CP040689_2690481_2689147_-1_ATG_444
CP040689	-2690471	TAA	FF952_13055	-2694715	4245	CDS		GTG	FF952_13055|CP040689_2694715_2690471_-3_GTG_1414
CP040689	-2697531	TAA	FF952_13070	-2698883	1353	CDS		GTG	FF952_13070|CP040689_2698883_2697531_-2_GTG_450
CP040689	-2700893	TAA	FF952_13085	-2702065	1173	CDS		ATG	FF952_13085|CP040689_2702065_2700893_-3_ATG_390
CP040689	-2702126	TGA	FF952_13090	-2702590	465	CDS		ATG	FF952_13090|CP040689_2702590_2702126_-3_ATG_154
CP040689	-2702587	TGA	FF952_13095	-2703144	558	CDS		ATG	FF952_13095|CP040689_2703144_2702587_-1_ATG_185
CP040689	-2712841	TGA	FF952_13140	-2713896	1056	CDS		ATG	FF952_13140|CP040689_2713896_2712841_-1_ATG_351
CP040689	-2713913	TGA	FF952_13145	-2714731	819	CDS		ATG	FF952_13145|CP040689_2714731_2713913_-3_ATG_272
CP040689	-2714728	TGA	FF952_13150	-2715579	852	CDS		ATG	FF952_13150|CP040689_2715579_2714728_-1_ATG_283
CP040689	-2715576	TGA	FF952_13155	-2716646	1071	CDS		ATG	FF952_13155|CP040689_2716646_2715576_-2_ATG_356
CP040689	-2716974	TAG	FF952_13165	-2717177	204	CDS		GTG	FF952_13165|CP040689_2717177_2716974_-2_GTG_67
CP040689	-2719467	TGA	FF952_13175	-2720222	756	CDS		GTG	FF952_13175|CP040689_2720222_2719467_-2_GTG_251
CP040689	-2720219	TGA	FF952_13180	-2722180	1962	CDS		GTG	FF952_13180|CP040689_2722180_2720219_-3_GTG_653
CP040689	-2722941	TGA	FF952_13190	-2723369	429	CDS		ATG	FF952_13190|CP040689_2723369_2722941_-2_ATG_142
CP040689	-2724439	TAG	FF952_13200	-2724657	219	CDS		GTG	FF952_13200|CP040689_2724657_2724439_-1_GTG_72
CP040689	-2725447	TAG	FF952_13215	-2726286	840	CDS		ATG	FF952_13215|CP040689_2726286_2725447_-1_ATG_279
CP040689	-2726286	TGA	FF952_13220	-2727263	978	CDS		ATG	FF952_13220|CP040689_2727263_2726286_-2_ATG_325
CP040689	-2727263	TGA	FF952_13225	-2728918	1656	CDS		ATG	FF952_13225|CP040689_2728918_2727263_-3_ATG_551
CP040689	-2729304	TGA	FF952_13235	-2730254	951	CDS		TTG	FF952_13235|CP040689_2730254_2729304_-2_TTG_316
CP040689	-2730285	TGA	FF952_13240	-2731829	1545	CDS		ATG	FF952_13240|CP040689_2731829_2730285_-2_ATG_514
CP040689	-2731844	TGA	FF952_13245	-2732737	894	CDS		ATG	FF952_13245|CP040689_2732737_2731844_-3_ATG_297
CP040689	-2733077	TGA	FF952_13250	-2734303	1227	CDS		ATG	FF952_13250|CP040689_2734303_2733077_-3_ATG_408
CP040689	-2734425	TAA	FF952_13255	-2735267	843	CDS		GTG	FF952_13255|CP040689_2735267_2734425_-2_GTG_280
CP040689	-2735348	TGA	FF952_13260	-2736091	744	CDS		ATG	FF952_13260|CP040689_2736091_2735348_-3_ATG_247
CP040689	-2736081	TAG	FF952_13265	-2736752	672	CDS		ATG	FF952_13265|CP040689_2736752_2736081_-2_ATG_223
CP040689	-2736749	TGA	FF952_13270	-2737129	381	CDS		ATG	FF952_13270|CP040689_2737129_2736749_-3_ATG_126
CP040689	-2737126	TGA	FF952_13275	-2737761	636	CDS		ATG	FF952_13275|CP040689_2737761_2737126_-1_ATG_211
CP040689	-2737797	TAA	FF952_13280	-2738000	204	CDS		ATG	FF952_13280|CP040689_2738000_2737797_-2_ATG_67
CP040689	-2739729	TGA	FF952_13295	-2740730	1002	CDS		GTG	FF952_13295|CP040689_2740730_2739729_-2_GTG_333
CP040689	-2740819	TAG	FF952_13300	-2742261	1443	CDS		GTG	FF952_13300|CP040689_2742261_2740819_-1_GTG_480
CP040689	-2742261	TAG	FF952_13305	-2743136	876	CDS		GTG	FF952_13305|CP040689_2743136_2742261_-2_GTG_291
CP040689	-2743163	TGA	FF952_13310	-2744410	1248	CDS		ATG	FF952_13310|CP040689_2744410_2743163_-3_ATG_415
CP040689	-2744493	TAG	FF952_13315	-2744798	306	CDS		CTG	FF952_13315|CP040689_2744798_2744493_-2_CTG_101
CP040689	-2744799	TGA	FF952_13320	-2744993	195	CDS		GTG	FF952_13320|CP040689_2744993_2744799_-2_GTG_64
CP040689	-2746269	TAG	FF952_13335	-2746853	585	CDS		ATG	FF952_13335|CP040689_2746853_2746269_-2_ATG_194
CP040689	-2746900	TAA	FF952_13340	-2747199	300	CDS		ATG	FF952_13340|CP040689_2747199_2746900_-1_ATG_99
CP040689	-2747370	TGA	FF952_13345	-2747780	411	CDS		ATG	FF952_13345|CP040689_2747780_2747370_-2_ATG_136
CP040689	-2747777	TGA	FF952_13350	-2748067	291	CDS		GTG	FF952_13350|CP040689_2748067_2747777_-3_GTG_96
CP040689	-2748048	TGA	FF952_13355	-2749493	1446	CDS		ATG	FF952_13355|CP040689_2749493_2748048_-2_ATG_481
CP040689	-2749490	TGA	FF952_13360	-2751682	2193	CDS		TTG	FF952_13360|CP040689_2751682_2749490_-3_TTG_730
CP040689	-2751826	TGA	FF952_13365	-2752029	204	CDS		ATG	FF952_13365|CP040689_2752029_2751826_-1_ATG_67
CP040689	-2753132	TAA	FF952_13375	-2753335	204	CDS		TTG	FF952_13375|CP040689_2753335_2753132_-3_TTG_67
CP040689	-2753725	TAG	FF952_13385	-2755764	2040	CDS		ATG	FF952_13385|CP040689_2755764_2753725_-1_ATG_679
CP040689	-2756050	TAG	FF952_13390	-2757180	1131	CDS		ATG	FF952_13390|CP040689_2757180_2756050_-1_ATG_376
CP040689	-2757180	TGA	FF952_13395	-2758619	1440	CDS		GTG	FF952_13395|CP040689_2758619_2757180_-2_GTG_479
CP040689	-2758705	TGA	FF952_13400	-2758965	261	CDS		ATG	FF952_13400|CP040689_2758965_2758705_-1_ATG_86
CP040689	-2758980	TAA	FF952_13405	-2759291	312	CDS		ATG	FF952_13405|CP040689_2759291_2758980_-2_ATG_103
CP040689	-2759461	TGA	FF952_13410	-2759691	231	CDS		TTG	FF952_13410|CP040689_2759691_2759461_-1_TTG_76
CP040689	-2761056	TGA	FF952_13420	-2763917	2862	CDS		GTG	FF952_13420|CP040689_2763917_2761056_-2_GTG_953
CP040689	-2764247	TAG	FF952_13425	-2764657	411	CDS		GTG	FF952_13425|CP040689_2764657_2764247_-3_GTG_136
CP040689	-2764700	TGA	FF952_13430	-2765071	372	CDS		ATG	FF952_13430|CP040689_2765071_2764700_-3_ATG_123
CP040689	-2765068	TGA	FF952_13435	-2766531	1464	CDS		ATG	FF952_13435|CP040689_2766531_2765068_-1_ATG_487
CP040689	-2766528	TGA	FF952_13440	-2769158	2631	CDS		ATG	FF952_13440|CP040689_2769158_2766528_-2_ATG_876
CP040689	-2769246	TGA	FF952_13445	-2770505	1260	CDS		GTG	FF952_13445|CP040689_2770505_2769246_-2_GTG_419
CP040689	-2770595	TGA	FF952_13450	-2771113	519	CDS		TTG	FF952_13450|CP040689_2771113_2770595_-3_TTG_172
CP040689	-2771781	TGA	FF952_13460	-2771927	147	CDS		GTG	FF952_13460|CP040689_2771927_2771781_-2_GTG_48
CP040689	-2771951	TAA	FF952_13465	-2772556	606	CDS		GTG	FF952_13465|CP040689_2772556_2771951_-3_GTG_201
CP040689	-2772558	TGA	FF952_13470	-2773679	1122	CDS		ATG	FF952_13470|CP040689_2773679_2772558_-2_ATG_373
CP040689	-2773676	TGA	FF952_13475	-2775637	1962	CDS		GTG	FF952_13475|CP040689_2775637_2773676_-3_GTG_653
CP040689	-2775869	TGA	FF952_13480	-2777125	1257	CDS		ATG	FF952_13480|CP040689_2777125_2775869_-3_ATG_418
CP040689	-2777141	TAG	FF952_13485	-2778421	1281	CDS		ATG	FF952_13485|CP040689_2778421_2777141_-3_ATG_426
CP040689	-2781464	TGA	FF952_13500	-2782108	645	CDS		GTG	FF952_13500|CP040689_2782108_2781464_-3_GTG_214
CP040689	-2782105	TGA	FF952_13505	-2782707	603	CDS		GTG	FF952_13505|CP040689_2782707_2782105_-1_GTG_200
CP040689	-2782824	TGA	FF952_13510	-2784224	1401	CDS		GTG	FF952_13510|CP040689_2784224_2782824_-2_GTG_466
CP040689	-2785792	TGA	FF952_13530	-2786598	807	CDS		GTG	FF952_13530|CP040689_2786598_2785792_-1_GTG_268
CP040689	-2786604	TGA	FF952_13535	-2787092	489	CDS		ATG	FF952_13535|CP040689_2787092_2786604_-2_ATG_162
CP040689	-2787194	TAG	FF952_13540	-2787817	624	CDS		ATG	FF952_13540|CP040689_2787817_2787194_-3_ATG_207
CP040689	-2790577	TGA	FF952_13550	-2791080	504	CDS		ATG	FF952_13550|CP040689_2791080_2790577_-1_ATG_167
CP040689	-2791031	TGA	FF952_13555	-2791264	234	CDS		ATG	FF952_13555|CP040689_2791264_2791031_-3_ATG_77
CP040689	-2791300	TGA	FF952_13560	-2791968	669	CDS		ATG	FF952_13560|CP040689_2791968_2791300_-1_ATG_222
CP040689	-2795249	TGA	FF952_13585	-2795902	654	CDS		GTG	FF952_13585|CP040689_2795902_2795249_-3_GTG_217
CP040689	-2795908	TAG	FF952_13590	-2796324	417	CDS		GTG	FF952_13590|CP040689_2796324_2795908_-1_GTG_138
CP040689	-2796321	TGA	FF952_13595	-2801195	4875	CDS		ATG	FF952_13595|CP040689_2801195_2796321_-2_ATG_1624
CP040689	-2801299	TAA	FF952_13600	-2802975	1677	CDS		ATG	FF952_13600|CP040689_2802975_2801299_-1_ATG_558
CP040689	-2803056	TAG	FF952_13605	-2803562	507	CDS		ATG	FF952_13605|CP040689_2803562_2803056_-2_ATG_168
CP040689	-2804150	TAG	FF952_13615	-2804473	324	CDS		GTG	FF952_13615|CP040689_2804473_2804150_-3_GTG_107
CP040689	-2804489	TAA	FF952_13620	-2806858	2370	CDS		GTG	FF952_13620|CP040689_2806858_2804489_-3_GTG_789
CP040689	-2806855	TGA	FF952_13625	-2808597	1743	CDS		ATG	FF952_13625|CP040689_2808597_2806855_-1_ATG_580
CP040689	-2808594	TGA	FF952_13630	-2810069	1476	CDS		ATG	FF952_13630|CP040689_2810069_2808594_-2_ATG_491
CP040689	-2810298	TGA	FF952_13635	-2811563	1266	CDS		ATG	FF952_13635|CP040689_2811563_2810298_-2_ATG_421
CP040689	-2812876	TAG	FF952_13650	-2814960	2085	CDS		GTG	FF952_13650|CP040689_2814960_2812876_-1_GTG_694
CP040689	-2815042	TAG	FF952_13655	-2818450	3409	CDS	true	ATG	FF952_13655_p|CP040689_2818450_2815042_-3_ATG_1136
CP040689	-2818416	TAG	FF952_13660	-2818715	300	CDS		TTG	FF952_13660|CP040689_2818715_2818416_-2_TTG_99
CP040689	-2818824	TAG	FF952_13665	-2823806	4983	CDS		ATG	FF952_13665|CP040689_2823806_2818824_-2_ATG_1660
CP040689	-2823893	TAG	FF952_13670	-2824099	207	CDS		GTG	FF952_13670|CP040689_2824099_2823893_-3_GTG_68
CP040689	-2826328	TAG	FF952_13695	-2827509	1182	CDS		ATG	FF952_13695|CP040689_2827509_2826328_-1_ATG_393
CP040689	-2827506	TGA	FF952_13700	-2828552	1047	CDS		ATG	FF952_13700|CP040689_2828552_2827506_-2_ATG_348
CP040689	-2828563	TGA	FF952_13705	-2829666	1104	CDS		ATG	FF952_13705|CP040689_2829666_2828563_-1_ATG_367
CP040689	-2829925	TGA	FF952_13710	-2830746	822	CDS		ATG	FF952_13710|CP040689_2830746_2829925_-1_ATG_273
CP040689	-2830743	TGA	FF952_13715	-2831300	558	CDS		GTG	FF952_13715|CP040689_2831300_2830743_-2_GTG_185
CP040689	-2831297	TGA	FF952_13720	-2832481	1185	CDS		ATG	FF952_13720|CP040689_2832481_2831297_-3_ATG_394
CP040689	-2832486	TAG	FF952_13725	-2834450	1965	CDS		ATG	FF952_13725|CP040689_2834450_2832486_-2_ATG_654
CP040689	-2834455	TGA	FF952_13730	-2836044	1590	CDS		GTG	FF952_13730|CP040689_2836044_2834455_-1_GTG_529
CP040689	-2836041	TGA	FF952_13735	-2836697	657	CDS		ATG	FF952_13735|CP040689_2836697_2836041_-2_ATG_218
CP040689	-2836694	TGA	FF952_13740	-2837440	747	CDS		ATG	FF952_13740|CP040689_2837440_2836694_-3_ATG_248
CP040689	-2837523	TGA	FF952_13745	-2839166	1644	CDS		GTG	FF952_13745|CP040689_2839166_2837523_-2_GTG_547
CP040689	-2840826	TAG	FF952_13760	-2842163	1338	CDS		ATG	FF952_13760|CP040689_2842163_2840826_-2_ATG_445
CP040689	-2843058	TGA	FF952_13770	-2844659	1602	CDS		ATG	FF952_13770|CP040689_2844659_2843058_-2_ATG_533
CP040689	-2846126	TAG	FF952_13790	-2847373	1248	CDS		ATG	FF952_13790|CP040689_2847373_2846126_-3_ATG_415
CP040689	-2848447	TGA	FF952_13815	-2848908	462	CDS		GTG	FF952_13815|CP040689_2848908_2848447_-1_GTG_153
CP040689	-2848914	TAA	FF952_13820	-2850161	1248	CDS		GTG	FF952_13820|CP040689_2850161_2848914_-2_GTG_415
CP040689	-2850280	TAG	FF952_13825	-2851083	804	CDS		GTG	FF952_13825|CP040689_2851083_2850280_-1_GTG_267
CP040689	-2851080	TGA	FF952_13830	-2851331	252	CDS		GTG	FF952_13830|CP040689_2851331_2851080_-2_GTG_83
CP040689	-2851273	TGA	FF952_13835	-2851512	240	CDS		GTG	FF952_13835|CP040689_2851512_2851273_-1_GTG_79
CP040689	-2851679	TAA	FF952_13840	-2852905	1227	CDS		ATG	FF952_13840|CP040689_2852905_2851679_-3_ATG_408
CP040689	-2854958	TGA	FF952_13855	-2855185	228	CDS		GTG	FF952_13855|CP040689_2855185_2854958_-3_GTG_75
CP040689	-2855699	TAG	FF952_13865	-2857111	1413	CDS		GTG	FF952_13865|CP040689_2857111_2855699_-3_GTG_470
CP040689	-2857108	TGA	FF952_13870	-2857500	393	CDS		ATG	FF952_13870|CP040689_2857500_2857108_-1_ATG_130
CP040689	-2857693	TGA	FF952_13875	-2866902	9210	CDS		GTG	FF952_13875|CP040689_2866902_2857693_-1_GTG_3069
CP040689	-2867422	TAG	FF952_13885	-2868144	723	CDS		ATG	FF952_13885|CP040689_2868144_2867422_-1_ATG_240
CP040689	-2869321	TAA	FF952_13905	-2870241	921	CDS		ATG	FF952_13905|CP040689_2870241_2869321_-1_ATG_306
CP040689	-2871837	TAG	FF952_13915	-2872256	420	CDS		GTG	FF952_13915|CP040689_2872256_2871837_-2_GTG_139
CP040689	-2872253	TGA	FF952_13920	-2872477	225	CDS		ATG	FF952_13920|CP040689_2872477_2872253_-3_ATG_74
CP040689	-2872509	TGA	FF952_13925	-2875352	2844	CDS		ATG	FF952_13925|CP040689_2875352_2872509_-2_ATG_947
CP040689	-2875424	TGA	FF952_13930	-2875825	402	CDS		ATG	FF952_13930|CP040689_2875825_2875424_-3_ATG_133
CP040689	-2875825	TGA	FF952_13935	-2876295	471	CDS		ATG	FF952_13935|CP040689_2876295_2875825_-1_ATG_156
CP040689	-2876298	TGA	FF952_13940	-2876861	564	CDS		GTG	FF952_13940|CP040689_2876861_2876298_-2_GTG_187
CP040689	-2876871	TAG	FF952_13945	-2877989	1119	CDS		GTG	FF952_13945|CP040689_2877989_2876871_-2_GTG_372
CP040689	-2878719	TGA	FF952_13955	-2879162	444	CDS		ATG	FF952_13955|CP040689_2879162_2878719_-2_ATG_147
CP040689	-2879159	TGA	FF952_13960	-2880247	1089	CDS		ATG	FF952_13960|CP040689_2880247_2879159_-3_ATG_362
CP040689	-2880244	TGA	FF952_13965	-2880774	531	CDS		ATG	FF952_13965|CP040689_2880774_2880244_-1_ATG_176
CP040689	-2880778	TAA	FF952_13970	-2881983	1206	CDS		GTG	FF952_13970|CP040689_2881983_2880778_-1_GTG_401
CP040689	-2883824	TGA	FF952_13985	-2884051	228	CDS		GTG	FF952_13985|CP040689_2884051_2883824_-3_GTG_75
CP040689	-2886824	TGA	FF952_14020	-2887198	375	CDS		GTG	FF952_14020|CP040689_2887198_2886824_-3_GTG_124
CP040689	-2887298	TAG	FF952_14025	-2887693	396	CDS		ATG	FF952_14025|CP040689_2887693_2887298_-3_ATG_131
CP040689	-2887690	TGA	FF952_14030	-2887935	246	CDS		ATG	FF952_14030|CP040689_2887935_2887690_-1_ATG_81
CP040689	-2888053	TAG	FF952_14035	-2888262	210	CDS		TTG	FF952_14035|CP040689_2888262_2888053_-1_TTG_69
CP040689	-2888346	TGA	FF952_14040	-2888765	420	CDS		ATG	FF952_14040|CP040689_2888765_2888346_-2_ATG_139
CP040689	-2888777	TAG	FF952_14045	-2889586	810	CDS		ATG	FF952_14045|CP040689_2889586_2888777_-3_ATG_269
CP040689	-2889583	TGA	FF952_14050	-2890836	1254	CDS		ATG	FF952_14050|CP040689_2890836_2889583_-1_ATG_417
CP040689	-2890829	TGA	FF952_14055	-2891341	513	CDS		GTG	FF952_14055|CP040689_2891341_2890829_-3_GTG_170
CP040689	-2891342	TGA	FF952_14060	-2894056	2715	CDS		GTG	FF952_14060|CP040689_2894056_2891342_-3_GTG_904
CP040689	-2894147	TGA	FF952_14065	-2894536	390	CDS		GTG	FF952_14065|CP040689_2894536_2894147_-3_GTG_129
CP040689	-2896142	TGA	FF952_14080	-2897500	1359	CDS		ATG	FF952_14080|CP040689_2897500_2896142_-3_ATG_452
CP040689	-2898536	TAG	FF952_14090	-2898859	324	CDS		GTG	FF952_14090|CP040689_2898859_2898536_-3_GTG_107
CP040689	-2898878	TAA	FF952_14095	-2899066	189	CDS		GTG	FF952_14095|CP040689_2899066_2898878_-3_GTG_62
CP040689	-2910016	TAG	FF952_14130	-2911041	1026	CDS		ATG	FF952_14130|CP040689_2911041_2910016_-1_ATG_341
CP040689	-2911034	TGA	FF952_14135	-2911978	945	CDS		TTG	FF952_14135|CP040689_2911978_2911034_-3_TTG_314
CP040689	-2912463	TGA	FF952_14145	-2913530	1068	CDS		ATG	FF952_14145|CP040689_2913530_2912463_-2_ATG_355
CP040689	-2913583	TGA	FF952_14150	-2915373	1791	CDS		GTG	FF952_14150|CP040689_2915373_2913583_-1_GTG_596
CP040689	-2917796	TAA	FF952_14170	-2918260	465	CDS		GTG	FF952_14170|CP040689_2918260_2917796_-3_GTG_154
CP040689	-2920079	TGA	FF952_14180	-2921101	1023	CDS		ATG	FF952_14180|CP040689_2921101_2920079_-3_ATG_340
CP040689	-2922391	TAG	FF952_14190	-2923662	1272	CDS		GTG	FF952_14190|CP040689_2923662_2922391_-1_GTG_423
CP040689	-2923659	TGA	FF952_14195	-2924333	675	CDS		GTG	FF952_14195|CP040689_2924333_2923659_-2_GTG_224
CP040689	-2925396	TAG	FF952_14205	-2927768	2373	CDS		GTG	FF952_14205|CP040689_2927768_2925396_-2_GTG_790
CP040689	-2927799	TGA	FF952_14210	-2928470	672	CDS		GTG	FF952_14210|CP040689_2928470_2927799_-2_GTG_223
CP040689	-2928574	TGA	FF952_14215	-2930247	1674	CDS		GTG	FF952_14215|CP040689_2930247_2928574_-1_GTG_557
CP040689	-2930253	TAG	FF952_14220	-2931581	1329	CDS		ATG	FF952_14220|CP040689_2931581_2930253_-2_ATG_442
CP040689	-2931585	TAG	FF952_14225	-2933306	1722	CDS		GTG	FF952_14225|CP040689_2933306_2931585_-2_GTG_573
CP040689	-2933416	TGA	FF952_14230	-2933763	348	CDS		ATG	FF952_14230|CP040689_2933763_2933416_-1_ATG_115
CP040689	-2933792	TGA	FF952_14235	-2934001	210	CDS		GTG	FF952_14235|CP040689_2934001_2933792_-3_GTG_69
CP040689	-2940778	TAG	FF952_14255	-2941812	1035	CDS		ATG	FF952_14255|CP040689_2941812_2940778_-1_ATG_344
CP040689	-2941809	TGA	FF952_14260	-2942399	591	CDS		ATG	FF952_14260|CP040689_2942399_2941809_-2_ATG_196
CP040689	-2942396	TGA	FF952_14265	-2942962	567	CDS		GTG	FF952_14265|CP040689_2942962_2942396_-3_GTG_188
CP040689	-2948384	TGA	FF952_14315	-2949139	756	CDS		ATG	FF952_14315|CP040689_2949139_2948384_-3_ATG_251
CP040689	-2949272	TGA	FF952_14320	-2949868	597	CDS		GTG	FF952_14320|CP040689_2949868_2949272_-3_GTG_198
CP040689	-2949876	TGA	FF952_14325	-2950721	846	CDS		GTG	FF952_14325|CP040689_2950721_2949876_-2_GTG_281
CP040689	-2950750	TGA	FF952_14330	-2951649	900	CDS		ATG	FF952_14330|CP040689_2951649_2950750_-1_ATG_299
CP040689	-2954389	TGA	FF952_14345	-2955444	1056	CDS		ATG	FF952_14345|CP040689_2955444_2954389_-1_ATG_351
CP040689	-2955444	TGA	FF952_14350	-2956580	1137	CDS		ATG	FF952_14350|CP040689_2956580_2955444_-2_ATG_378
CP040689	-2956591	TGA	FF952_14355	-2957541	951	CDS		GTG	FF952_14355|CP040689_2957541_2956591_-1_GTG_316
CP040689	-2957538	TGA	FF952_14360	-2958191	654	CDS		ATG	FF952_14360|CP040689_2958191_2957538_-2_ATG_217
CP040689	-2958188	TGA	FF952_14365	-2958775	588	CDS		GTG	FF952_14365|CP040689_2958775_2958188_-3_GTG_195
CP040689	-2958768	TGA	FF952_14370	-2960846	2079	CDS		ATG	FF952_14370|CP040689_2960846_2958768_-2_ATG_692
CP040689	-2961179	TAA	FF952_14380	-2962573	1395	CDS		ATG	FF952_14380|CP040689_2962573_2961179_-3_ATG_464
CP040689	-2963435	TAA	FF952_14390	-2963875	441	CDS		ATG	FF952_14390|CP040689_2963875_2963435_-3_ATG_146
CP040689	-2964684	TGA	FF952_14400	-2965037	354	CDS		ATG	FF952_14400|CP040689_2965037_2964684_-2_ATG_117
CP040689	-2965050	TGA	FF952_14405	-2965475	426	CDS		GTG	FF952_14405|CP040689_2965475_2965050_-2_GTG_141
CP040689	-2965472	TGA	FF952_14410	-2966146	675	CDS		ATG	FF952_14410|CP040689_2966146_2965472_-3_ATG_224
CP040689	-2968077	TGA	FF952_14425	-2968895	819	CDS		ATG	FF952_14425|CP040689_2968895_2968077_-2_ATG_272
CP040689	-2968910	TGA	FF952_14430	-2970091	1182	CDS		ATG	FF952_14430|CP040689_2970091_2968910_-3_ATG_393
CP040689	-2970150	TAG	FF952_14435	-2970581	432	CDS		ATG	FF952_14435|CP040689_2970581_2970150_-2_ATG_143
CP040689	-2971095	TAA	FF952_14440	-2972336	1242	CDS		ATG	FF952_14440|CP040689_2972336_2971095_-2_ATG_413
CP040689	-2976496	TGA	FF952_14465	-2976777	282	CDS		ATG	FF952_14465|CP040689_2976777_2976496_-1_ATG_93
CP040689	-2976922	TAG	FF952_14470	-2977407	486	CDS		GTG	FF952_14470|CP040689_2977407_2976922_-1_GTG_161
CP040689	-2977434	TGA	FF952_14475	-2977691	258	CDS		TTG	FF952_14475|CP040689_2977691_2977434_-2_TTG_85
CP040689	-2977692	TAG	FF952_14480	-2980028	2337	CDS		ATG	FF952_14480|CP040689_2980028_2977692_-2_ATG_778
CP040689	-2982613	TGA	FF952_14505	-2982945	333	CDS		ATG	FF952_14505|CP040689_2982945_2982613_-1_ATG_110
CP040689	-2983065	TGA	FF952_14510	-2983424	360	CDS		ATG	FF952_14510|CP040689_2983424_2983065_-2_ATG_119
CP040689	-2987574	TGA	FF952_14560	-2987795	222	CDS		GTG	FF952_14560|CP040689_2987795_2987574_-2_GTG_73
CP040689	-2987792	TGA	FF952_14565	-2988181	390	CDS		ATG	FF952_14565|CP040689_2988181_2987792_-3_ATG_129
CP040689	-2988953	TAG	FF952_14585	-2989126	174	CDS		GTG	FF952_14585|CP040689_2989126_2988953_-3_GTG_57
CP040689	-2989542	CGC	FF952_14595	-2989676	135	CDS	true	TTG	FF952_14595_p|CP040689_2989676_2989542_-2_TTG_45
CP040689	-2992336	TGA	FF952_14620	-2993445	1110	CDS		ATG	FF952_14620|CP040689_2993445_2992336_-1_ATG_369
CP040689	-2997113	TAG	FF952_14640	-2997292	180	CDS		ATG	FF952_14640|CP040689_2997292_2997113_-3_ATG_59
CP040689	-2997844	TGA	FF952_14650	-2998596	753	CDS		ATG	FF952_14650|CP040689_2998596_2997844_-1_ATG_250
CP040689	-2998593	TGA	FF952_14655	-2999288	696	CDS		ATG	FF952_14655|CP040689_2999288_2998593_-2_ATG_231
CP040689	-2999294	TAG	FF952_14660	-3000652	1359	CDS		ATG	FF952_14660|CP040689_3000652_2999294_-3_ATG_452
CP040689	-3000649	TGA	FF952_14665	-3001722	1074	CDS		ATG	FF952_14665|CP040689_3001722_3000649_-1_ATG_357
CP040689	-3004661	TAA	FF952_14685	-3006577	1917	CDS		ATG	FF952_14685|CP040689_3006577_3004661_-3_ATG_638
CP040689	-3009889	TGA	FF952_14710	-3010647	759	CDS		GTG	FF952_14710|CP040689_3010647_3009889_-1_GTG_252
CP040689	-3010644	TGA	FF952_14715	-3011357	714	CDS		ATG	FF952_14715|CP040689_3011357_3010644_-2_ATG_237
CP040689	-3011354	TGA	FF952_14720	-3012259	906	CDS		ATG	FF952_14720|CP040689_3012259_3011354_-3_ATG_301
CP040689	-3012454	TAG	FF952_14725	-3013671	1218	CDS		GTG	FF952_14725|CP040689_3013671_3012454_-1_GTG_405
CP040689	-3013827	TGA	FF952_14735	-3015818	1992	CDS		GTG	FF952_14735|CP040689_3015818_3013827_-2_GTG_663
CP040689	-3017306	TAG	FF952_14750	-3017977	672	CDS		GTG	FF952_14750|CP040689_3017977_3017306_-3_GTG_223
CP040689	-3018008	TGA	FF952_14755	-3018376	369	CDS		ATG	FF952_14755|CP040689_3018376_3018008_-3_ATG_122
CP040689	-3019438	TAG	FF952_14765	-3020217	780	CDS		ATG	FF952_14765|CP040689_3020217_3019438_-1_ATG_259
CP040689	-3020292	TGA	FF952_14770	-3020756	465	CDS		GTG	FF952_14770|CP040689_3020756_3020292_-2_GTG_154
CP040689	-3021272	TGA	FF952_14780	-3021574	303	CDS		ATG	FF952_14780|CP040689_3021574_3021272_-3_ATG_100
CP040689	-3022471	TGA	FF952_14790	-3023343	873	CDS		GTG	FF952_14790|CP040689_3023343_3022471_-1_GTG_290
CP040689	-3026422	TAG	FF952_14810	-3026811	390	CDS		GTG	FF952_14810|CP040689_3026811_3026422_-1_GTG_129
CP040689	-3026808	TGA	FF952_14815	-3027065	258	CDS		GTG	FF952_14815|CP040689_3027065_3026808_-2_GTG_85
CP040689	-3028156	TGA	FF952_14825	-3028404	249	CDS		ATG	FF952_14825|CP040689_3028404_3028156_-1_ATG_82
CP040689	-3030878	TAG	FF952_14845	-3031936	1059	CDS		ATG	FF952_14845|CP040689_3031936_3030878_-3_ATG_352
CP040689	-3036475	TGA	FF952_14870	-3036969	495	CDS		ATG	FF952_14870|CP040689_3036969_3036475_-1_ATG_164
CP040689	-3037021	TGA	FF952_14875	-3037485	465	CDS		ATG	FF952_14875|CP040689_3037485_3037021_-1_ATG_154
CP040689	-3037648	TGA	FF952_14880	-3038145	498	CDS		ATG	FF952_14880|CP040689_3038145_3037648_-1_ATG_165
CP040689	-3039128	TGA	FF952_14890	-3041227	2100	CDS		GTG	FF952_14890|CP040689_3041227_3039128_-3_GTG_699
CP040689	-3042739	TAG	FF952_14905	-3043899	1161	CDS		ATG	FF952_14905|CP040689_3043899_3042739_-1_ATG_386
CP040689	-3044035	TAA	FF952_14910	-3045522	1488	CDS		ATG	FF952_14910|CP040689_3045522_3044035_-1_ATG_495
CP040689	-3045539	TGA	FF952_14915	-3046408	870	CDS		ATG	FF952_14915|CP040689_3046408_3045539_-3_ATG_289
CP040689	-3046433	TGA	FF952_14920	-3047377	945	CDS		GTG	FF952_14920|CP040689_3047377_3046433_-3_GTG_314
CP040689	-3047374	TGA	FF952_14925	-3048069	696	CDS		GTG	FF952_14925|CP040689_3048069_3047374_-1_GTG_231
CP040689	-3048178	TGA	FF952_14930	-3049083	906	CDS		ATG	FF952_14930|CP040689_3049083_3048178_-1_ATG_301
CP040689	-3050983	TAG	FF952_14945	-3051597	615	CDS		ATG	FF952_14945|CP040689_3051597_3050983_-1_ATG_204
CP040689	-3051594	TGA	FF952_14950	-3053132	1539	CDS		ATG	FF952_14950|CP040689_3053132_3051594_-2_ATG_512
CP040689	-3054168	TAA	FF952_14965	-3055160	993	CDS		ATG	FF952_14965|CP040689_3055160_3054168_-2_ATG_330
CP040689	-3055170	TAA	FF952_14970	-3055694	525	CDS		ATG	FF952_14970|CP040689_3055694_3055170_-2_ATG_174
CP040689	-3055660	TGA	FF952_14975	-3058032	2373	CDS		ATG	FF952_14975|CP040689_3058032_3055660_-1_ATG_790
CP040689	-3058414	TGA	FF952_14985	-3058620	207	CDS		ATG	FF952_14985|CP040689_3058620_3058414_-1_ATG_68
CP040689	-3058631	TAG	FF952_14990	-3059797	1167	CDS		ATG	FF952_14990|CP040689_3059797_3058631_-3_ATG_388
CP040689	-3062123	TGA	FF952_15010	-3062956	834	CDS		GTG	FF952_15010|CP040689_3062956_3062123_-3_GTG_277
CP040689	-3063028	TAG	FF952_15015	-3063840	813	CDS		ATG	FF952_15015|CP040689_3063840_3063028_-1_ATG_270
CP040689	-3063859	TAG	FF952_15020	-3064671	813	CDS		ATG	FF952_15020|CP040689_3064671_3063859_-1_ATG_270
CP040689	-3064801	TAA	FF952_15025	-3065139	339	CDS		ATG	FF952_15025|CP040689_3065139_3064801_-1_ATG_112
CP040689	-3065210	TGA	FF952_15030	-3065839	630	CDS		ATG	FF952_15030|CP040689_3065839_3065210_-3_ATG_209
CP040689	-3066463	TAG	FF952_15040	-3069114	2652	CDS		ATG	FF952_15040|CP040689_3069114_3066463_-1_ATG_883
CP040689	-3071123	TAA	FF952_15060	-3072799	1677	CDS		GTG	FF952_15060|CP040689_3072799_3071123_-3_GTG_558
CP040689	-3072830	TGA	FF952_15065	-3073732	903	CDS		GTG	FF952_15065|CP040689_3073732_3072830_-3_GTG_300
CP040689	-3073801	TGA	FF952_15070	-3074553	753	CDS		GTG	FF952_15070|CP040689_3074553_3073801_-1_GTG_250
CP040689	-3074797	TAG	FF952_15075	-3075072	276	CDS		ATG	FF952_15075|CP040689_3075072_3074797_-1_ATG_91
CP040689	-3075069	TGA	FF952_15080	-3076691	1623	CDS		ATG	FF952_15080|CP040689_3076691_3075069_-2_ATG_540
CP040689	-3076778	TGA	FF952_15085	-3077194	417	CDS		ATG	FF952_15085|CP040689_3077194_3076778_-3_ATG_138
CP040689	-3077191	TGA	FF952_15090	-3077457	267	CDS		ATG	FF952_15090|CP040689_3077457_3077191_-1_ATG_88
CP040689	-3077483	TGA	FF952_15095	-3077878	396	CDS		GTG	FF952_15095|CP040689_3077878_3077483_-3_GTG_131
CP040689	-3077875	TGA	FF952_15100	-3078144	270	CDS		ATG	FF952_15100|CP040689_3078144_3077875_-1_ATG_89
CP040689	-3078154	TAG	FF952_15105	-3079248	1095	CDS		ATG	FF952_15105|CP040689_3079248_3078154_-1_ATG_364
CP040689	-3079245	TGA	FF952_15110	-3079664	420	CDS		ATG	FF952_15110|CP040689_3079664_3079245_-2_ATG_139
CP040689	-3079738	TGA	FF952_15115	-3080217	480	CDS		ATG	FF952_15115|CP040689_3080217_3079738_-1_ATG_159
CP040689	-3080288	TGA	FF952_15120	-3081088	801	CDS		GTG	FF952_15120|CP040689_3081088_3080288_-3_GTG_266
CP040689	-3082196	TGA	FF952_15130	-3082978	783	CDS		ATG	FF952_15130|CP040689_3082978_3082196_-3_ATG_260
CP040689	-3082975	TGA	FF952_15135	-3083328	354	CDS		ATG	FF952_15135|CP040689_3083328_3082975_-1_ATG_117
CP040689	-3083211	TAA	FF952_15140	-3083501	291	CDS		TTG	FF952_15140|CP040689_3083501_3083211_-2_TTG_96
CP040689	-3083502	TGA	FF952_15145	-3084686	1185	CDS		ATG	FF952_15145|CP040689_3084686_3083502_-2_ATG_394
CP040689	-3084766	TAG	FF952_15150	-3085593	828	CDS		ATG	FF952_15150|CP040689_3085593_3084766_-1_ATG_275
CP040689	-3085917	TGA	FF952_15155	-3087065	1149	CDS		GTG	FF952_15155|CP040689_3087065_3085917_-2_GTG_382
CP040689	-3087189	TGA	FF952_15160	-3087641	453	CDS		GTG	FF952_15160|CP040689_3087641_3087189_-2_GTG_150
CP040689	-3087727	TGA	FF952_15165	-3088200	474	CDS		ATG	FF952_15165|CP040689_3088200_3087727_-1_ATG_157
CP040689	-3088212	TGA	FF952_15170	-3088949	738	CDS		ATG	FF952_15170|CP040689_3088949_3088212_-2_ATG_245
CP040689	-3088960	TAG	FF952_15175	-3089364	405	CDS		GTG	FF952_15175|CP040689_3089364_3088960_-1_GTG_134
CP040689	-3089982	TGA	FF952_15185	-3090911	930	CDS		GTG	FF952_15185|CP040689_3090911_3089982_-2_GTG_309
CP040689	-3091093	TGA	FF952_15190	-3092164	1072	CDS	true	GTG	FF952_15190_p|CP040689_3092164_3091093_-3_GTG_357
CP040689	-3092322	TAG	FF952_15195	-3092792	471	CDS		ATG	FF952_15195|CP040689_3092792_3092322_-2_ATG_156
CP040689	-3092824	TAG	FF952_15200	-3093363	540	CDS		ATG	FF952_15200|CP040689_3093363_3092824_-1_ATG_179
CP040689	-3094559	TAA	FF952_15210	-3095593	1035	CDS		ATG	FF952_15210|CP040689_3095593_3094559_-3_ATG_344
CP040689	-3095654	TAG	FF952_15215	-3096970	1317	CDS		ATG	FF952_15215|CP040689_3096970_3095654_-3_ATG_438
CP040689	-3096948	TGA	FF952_15220	-3099206	2259	CDS		ATG	FF952_15220|CP040689_3099206_3096948_-2_ATG_752
CP040689	-3099560	TGA	FF952_15225	-3100075	516	CDS		ATG	FF952_15225|CP040689_3100075_3099560_-3_ATG_171
CP040689	-3100088	TGA	FF952_15230	-3100357	270	CDS		GTG	FF952_15230|CP040689_3100357_3100088_-3_GTG_89
CP040689	-3100514	TGA	FF952_15235	-3101509	996	CDS		GTG	FF952_15235|CP040689_3101509_3100514_-3_GTG_331
CP040689	-3104315	TAA	FF952_15250	-3105547	1233	CDS		ATG	FF952_15250|CP040689_3105547_3104315_-3_ATG_410
CP040689	-3105573	TGA	FF952_15255	-3106778	1206	CDS		ATG	FF952_15255|CP040689_3106778_3105573_-2_ATG_401
CP040689	-3106811	TGA	FF952_15260	-3108190	1380	CDS		ATG	FF952_15260|CP040689_3108190_3106811_-3_ATG_459
CP040689	-3108190	TGA	FF952_15265	-3108771	582	CDS		ATG	FF952_15265|CP040689_3108771_3108190_-1_ATG_193
CP040689	-3108973	TAG	FF952_15270	-3109869	897	CDS		ATG	FF952_15270|CP040689_3109869_3108973_-1_ATG_298
CP040689	-3109866	TGA	FF952_15275	-3110549	684	CDS		ATG	FF952_15275|CP040689_3110549_3109866_-2_ATG_227
CP040689	-3110546	TGA	FF952_15280	-3111520	975	CDS		GTG	FF952_15280|CP040689_3111520_3110546_-3_GTG_324
CP040689	-3111665	TAG	FF952_15285	-3112228	564	CDS		ATG	FF952_15285|CP040689_3112228_3111665_-3_ATG_187
CP040689	-3112228	TGA	FF952_15290	-3113916	1689	CDS		GTG	FF952_15290|CP040689_3113916_3112228_-1_GTG_562
CP040689	-3113920	TGA	FF952_15295	-3114246	327	CDS		GTG	FF952_15295|CP040689_3114246_3113920_-1_GTG_108
CP040689	-3116776	TAG	FF952_15310	-3117132	357	CDS		GTG	FF952_15310|CP040689_3117132_3116776_-1_GTG_118
CP040689	-3117116	TGA	FF952_15315	-3117346	231	CDS		GTG	FF952_15315|CP040689_3117346_3117116_-3_GTG_76
CP040689	-3117389	TGA	FF952_15320	-3118432	1044	CDS		ATG	FF952_15320|CP040689_3118432_3117389_-3_ATG_347
CP040689	-3122350	TGA	FF952_15360	-3122622	273	CDS	true	CGG	FF952_15360_p|CP040689_3122622_3122350_-1_CGG_90
CP040689	-3127559	TGA	FF952_15380	-3128820	1263	fCDS		ATG	FF952_15380_fCDS|CP040689_3128820_3127559_-1_ATG_420
CP040689	-3131293	TGA	FF952_15385	-3131634	342	CDS		ATG	FF952_15385|CP040689_3131634_3131293_-1_ATG_113
CP040689	-3131635	TAA	FF952_15390	-3132651	1017	CDS		ATG	FF952_15390|CP040689_3132651_3131635_-1_ATG_338
CP040689	-3132664	TAA	FF952_15395	-3133812	1149	CDS		GTG	FF952_15395|CP040689_3133812_3132664_-1_GTG_382
CP040689	-3133908	TGA	FF952_15400	-3135035	1128	CDS		ATG	FF952_15400|CP040689_3135035_3133908_-2_ATG_375
CP040689	-3135032	TGA	FF952_15405	-3135940	909	CDS		ATG	FF952_15405|CP040689_3135940_3135032_-3_ATG_302
CP040689	-3135921	TAG	FF952_15410	-3136631	711	CDS		ATG	FF952_15410|CP040689_3136631_3135921_-2_ATG_236
CP040689	-3136641	TGA	FF952_15415	-3137015	375	CDS		ATG	FF952_15415|CP040689_3137015_3136641_-2_ATG_124
CP040689	-3137012	TGA	FF952_15420	-3139450	2439	CDS		ATG	FF952_15420|CP040689_3139450_3137012_-3_ATG_812
CP040689	-3139447	TGA	FF952_15425	-3140391	945	CDS		TTG	FF952_15425|CP040689_3140391_3139447_-1_TTG_314
CP040689	-3140569	TGA	FF952_15430	-3141216	648	CDS		ATG	FF952_15430|CP040689_3141216_3140569_-1_ATG_215
CP040689	-3141386	TGA	FF952_15435	-3142270	885	CDS		GTG	FF952_15435|CP040689_3142270_3141386_-3_GTG_294
CP040689	-3142273	TGA	FF952_15440	-3143160	888	CDS		GTG	FF952_15440|CP040689_3143160_3142273_-1_GTG_295
CP040689	-3143465	TGA	FF952_15445	-3144010	546	CDS		GTG	FF952_15445|CP040689_3144010_3143465_-3_GTG_181
CP040689	-3144007	TGA	FF952_15450	-3144276	270	CDS		ATG	FF952_15450|CP040689_3144276_3144007_-1_ATG_89
CP040689	-3144297	TAG	FF952_15455	-3144689	393	CDS		ATG	FF952_15455|CP040689_3144689_3144297_-2_ATG_130
CP040689	-3144686	TGA	FF952_15460	-3144901	216	CDS		ATG	FF952_15460|CP040689_3144901_3144686_-3_ATG_71
CP040689	-3145776	TGA	FF952_15470	-3146858	1083	CDS		ATG	FF952_15470|CP040689_3146858_3145776_-2_ATG_360
CP040689	-3146851	TAA	FF952_15475	-3148161	1311	CDS		ATG	FF952_15475|CP040689_3148161_3146851_-1_ATG_436
CP040689	-3148164	TAG	FF952_15480	-3148991	828	CDS		GTG	FF952_15480|CP040689_3148991_3148164_-2_GTG_275
CP040689	-3148988	TGA	FF952_15485	-3149899	912	CDS		ATG	FF952_15485|CP040689_3149899_3148988_-3_ATG_303
CP040689	-3149986	TAG	FF952_15490	-3151305	1320	CDS		TTG	FF952_15490|CP040689_3151305_3149986_-1_TTG_439
CP040689	-3151312	TAG	FF952_15495	-3152322	1011	CDS		GTG	FF952_15495|CP040689_3152322_3151312_-1_GTG_336
CP040689	-3152297	TGA	FF952_15500	-3152848	552	CDS		ATG	FF952_15500|CP040689_3152848_3152297_-3_ATG_183
CP040689	-3152848	TGA	FF952_15505	-3155550	2703	CDS		GTG	FF952_15505|CP040689_3155550_3152848_-1_GTG_900
CP040689	-3155636	TGA	FF952_15510	-3155935	300	CDS		GTG	FF952_15510|CP040689_3155935_3155636_-3_GTG_99
CP040689	-3156062	TAG	FF952_15515	-3157105	1044	CDS		ATG	FF952_15515|CP040689_3157105_3156062_-3_ATG_347
CP040689	-3157102	TGA	FF952_15520	-3157653	552	CDS		GTG	FF952_15520|CP040689_3157653_3157102_-1_GTG_183
CP040689	-3158879	TAG	FF952_15535	-3160627	1749	CDS		GTG	FF952_15535|CP040689_3160627_3158879_-3_GTG_582
CP040689	-3160716	TAA	FF952_15540	-3162308	1593	CDS		ATG	FF952_15540|CP040689_3162308_3160716_-2_ATG_530
CP040689	-3162331	TAA	FF952_15545	-3163548	1218	CDS		GTG	FF952_15545|CP040689_3163548_3162331_-1_GTG_405
CP040689	-3163825	TAA	FF952_15550	-3165198	1374	CDS		ATG	FF952_15550|CP040689_3165198_3163825_-1_ATG_457
CP040689	-3165198	TGA	FF952_15555	-3165821	624	CDS		ATG	FF952_15555|CP040689_3165821_3165198_-2_ATG_207
CP040689	-3165842	TGA	FF952_15560	-3167731	1890	CDS		GTG	FF952_15560|CP040689_3167731_3165842_-3_GTG_629
CP040689	-3167728	TGA	FF952_15565	-3168198	471	CDS		ATG	FF952_15565|CP040689_3168198_3167728_-1_ATG_156
CP040689	-3168257	TGA	FF952_15570	-3169738	1482	CDS		GTG	FF952_15570|CP040689_3169738_3168257_-3_GTG_493
CP040689	-3176260	TGA	FF952_15610	-3177036	777	CDS		GTG	FF952_15610|CP040689_3177036_3176260_-1_GTG_258
CP040689	-3177033	TGA	FF952_15615	-3178400	1368	CDS		ATG	FF952_15615|CP040689_3178400_3177033_-2_ATG_455
CP040689	-3178397	TGA	FF952_15620	-3179323	927	CDS		GTG	FF952_15620|CP040689_3179323_3178397_-3_GTG_308
CP040689	-3179304	TAG	FF952_15625	-3180677	1374	CDS		GTG	FF952_15625|CP040689_3180677_3179304_-2_GTG_457
CP040689	-3180837	TAG	FF952_15630	-3181694	858	CDS		ATG	FF952_15630|CP040689_3181694_3180837_-2_ATG_285
CP040689	-3181736	TGA	FF952_15635	-3182320	585	CDS		ATG	FF952_15635|CP040689_3182320_3181736_-3_ATG_194
CP040689	-3183131	TAG	FF952_15650	-3184942	1812	CDS		ATG	FF952_15650|CP040689_3184942_3183131_-3_ATG_603
CP040689	-3186135	TGA	FF952_15665	-3186989	855	CDS		ATG	FF952_15665|CP040689_3186989_3186135_-2_ATG_284
CP040689	-3187045	TGA	FF952_15670	-3188208	1164	CDS		GTG	FF952_15670|CP040689_3188208_3187045_-1_GTG_387
CP040689	-3188225	TAG	FF952_15675	-3189439	1215	CDS		ATG	FF952_15675|CP040689_3189439_3188225_-3_ATG_404
CP040689	-3189447	TGA	FF952_15680	-3190688	1242	CDS		GTG	FF952_15680|CP040689_3190688_3189447_-2_GTG_413
CP040689	-3195685	TGA	FF952_15720	-3196548	864	CDS		GTG	FF952_15720|CP040689_3196548_3195685_-1_GTG_287
CP040689	-3196553	TGA	FF952_15725	-3197074	522	CDS		ATG	FF952_15725|CP040689_3197074_3196553_-3_ATG_173
CP040689	-3197317	TAG	FF952_15730	-3198411	1095	CDS		ATG	FF952_15730|CP040689_3198411_3197317_-1_ATG_364
CP040689	-3198434	TGA	FF952_15735	-3199354	921	CDS		GTG	FF952_15735|CP040689_3199354_3198434_-3_GTG_306
CP040689	-3199377	TAG	FF952_15740	-3199934	558	CDS		ATG	FF952_15740|CP040689_3199934_3199377_-2_ATG_185
CP040689	-3199927	TGA	FF952_15745	-3200040	114	CDS		ATG	FF952_15745|CP040689_3200040_3199927_-1_ATG_37
CP040689	-3200159	TAA	FF952_15750	-3200944	786	CDS		ATG	FF952_15750|CP040689_3200944_3200159_-3_ATG_261
CP040689	-3202016	TGA	FF952_15760	-3203332	1317	CDS		ATG	FF952_15760|CP040689_3203332_3202016_-3_ATG_438
CP040689	-3203332	TGA	FF952_15765	-3204219	888	CDS		ATG	FF952_15765|CP040689_3204219_3203332_-1_ATG_295
CP040689	-3204651	TAG	FF952_15775	-3206072	1422	CDS		ATG	FF952_15775|CP040689_3206072_3204651_-2_ATG_473
CP040689	-3206079	TAG	FF952_15780	-3206894	816	CDS		ATG	FF952_15780|CP040689_3206894_3206079_-2_ATG_271
CP040689	-3206906	TAG	FF952_15785	-3207769	864	CDS		ATG	FF952_15785|CP040689_3207769_3206906_-3_ATG_287
CP040689	-3208581	TAG	FF952_15795	-3209807	1227	CDS		TTG	FF952_15795|CP040689_3209807_3208581_-2_TTG_408
CP040689	-3211181	TAG	FF952_15805	-3212077	897	CDS		GTG	FF952_15805|CP040689_3212077_3211181_-3_GTG_298
CP040689	-3212168	TAG	FF952_15810	-3213019	852	CDS		GTG	FF952_15810|CP040689_3213019_3212168_-3_GTG_283
CP040689	-3213052	TAG	FF952_15815	-3214221	1170	CDS		ATG	FF952_15815|CP040689_3214221_3213052_-1_ATG_389
CP040689	-3214218	TGA	FF952_15820	-3215729	1512	CDS		ATG	FF952_15820|CP040689_3215729_3214218_-2_ATG_503
CP040689	-3215729	TGA	FF952_15825	-3216115	387	CDS		ATG	FF952_15825|CP040689_3216115_3215729_-3_ATG_128
CP040689	-3216363	TAA	FF952_15830	-3217193	831	CDS		GTG	FF952_15830|CP040689_3217193_3216363_-2_GTG_276
CP040689	-3217193	TAG	FF952_15835	-3219532	2340	CDS		ATG	FF952_15835|CP040689_3219532_3217193_-3_ATG_779
CP040689	-3219590	TAG	FF952_15840	-3219895	306	CDS		ATG	FF952_15840|CP040689_3219895_3219590_-3_ATG_101
CP040689	-3219949	TAG	FF952_15845	-3220743	795	CDS		ATG	FF952_15845|CP040689_3220743_3219949_-1_ATG_264
CP040689	-3220757	TAG	FF952_15850	-3221641	885	CDS		GTG	FF952_15850|CP040689_3221641_3220757_-3_GTG_294
CP040689	-3221699	TGA	FF952_15855	-3222040	342	CDS		ATG	FF952_15855|CP040689_3222040_3221699_-3_ATG_113
CP040689	-3223452	TAG	FF952_15865	-3224144	693	CDS		GTG	FF952_15865|CP040689_3224144_3223452_-2_GTG_230
CP040689	-3224148	TAA	FF952_15870	-3224678	531	CDS		ATG	FF952_15870|CP040689_3224678_3224148_-2_ATG_176
CP040689	-3224692	TAG	FF952_15875	-3224934	243	CDS		ATG	FF952_15875|CP040689_3224934_3224692_-1_ATG_80
CP040689	-3224942	TGA	FF952_15880	-3225430	489	CDS		ATG	FF952_15880|CP040689_3225430_3224942_-3_ATG_162
CP040689	-3225614	TGA	FF952_15885	-3226057	444	CDS		ATG	FF952_15885|CP040689_3226057_3225614_-3_ATG_147
CP040689	-3227061	TGA	FF952_15895	-3227648	588	CDS		ATG	FF952_15895|CP040689_3227648_3227061_-2_ATG_195
CP040689	-3227650	TGA	FF952_15900	-3229485	1836	CDS		ATG	FF952_15900|CP040689_3229485_3227650_-1_ATG_611
CP040689	-3229554	TGA	FF952_15905	-3231311	1758	CDS		ATG	FF952_15905|CP040689_3231311_3229554_-2_ATG_585
CP040689	-3231355	TAG	FF952_15910	-3232467	1113	CDS		GTG	FF952_15910|CP040689_3232467_3231355_-1_GTG_370
CP040689	-3232495	TAG	FF952_15915	-3234072	1578	CDS		GTG	FF952_15915|CP040689_3234072_3232495_-1_GTG_525
CP040689	-3236041	TAG	FF952_15925	-3238467	2427	CDS		ATG	FF952_15925|CP040689_3238467_3236041_-1_ATG_808
CP040689	-3238525	TGA	FF952_15930	-3238863	339	CDS		ATG	FF952_15930|CP040689_3238863_3238525_-1_ATG_112
CP040689	-3238860	TGA	FF952_15935	-3240293	1434	CDS		GTG	FF952_15935|CP040689_3240293_3238860_-2_GTG_477
CP040689	-3240490	TAG	FF952_15940	-3241758	1269	CDS		GTG	FF952_15940|CP040689_3241758_3240490_-1_GTG_422
CP040689	-3241808	TAG	FF952_15945	-3245425	3618	CDS		GTG	FF952_15945|CP040689_3245425_3241808_-3_GTG_1205
CP040689	-3245437	TAA	FF952_15950	-3245718	282	CDS		ATG	FF952_15950|CP040689_3245718_3245437_-1_ATG_93
CP040689	-3245705	TGA	FF952_15955	-3246118	414	CDS		ATG	FF952_15955|CP040689_3246118_3245705_-3_ATG_137
CP040689	-3246220	TAG	FF952_15960	-3247089	870	CDS		ATG	FF952_15960|CP040689_3247089_3246220_-1_ATG_289
CP040689	-3247279	TGG	FF952_15965	-3247413	135	CDS	true	TTG	FF952_15965_p|CP040689_3247413_3247279_-1_TTG_45
CP040689	-3247448	TAA	FF952_15970	-3248170	723	CDS		ATG	FF952_15970|CP040689_3248170_3247448_-3_ATG_240
CP040689	-3248167	TGA	FF952_15975	-3248790	624	CDS		GTG	FF952_15975|CP040689_3248790_3248167_-1_GTG_207
CP040689	-3248841	TAA	FF952_15980	-3249578	738	CDS		GTG	FF952_15980|CP040689_3249578_3248841_-2_GTG_245
CP040689	-3283999	TAG	FF952_16045	-3290334	6336	CDS		ATG	FF952_16045|CP040689_3290334_3283999_-1_ATG_2111
CP040689	-3295405	TGA	FF952_16060	-3295620	216	CDS		TTG	FF952_16060|CP040689_3295620_3295405_-1_TTG_71
CP040689	-3298243	TAG	FF952_16075	-3298944	702	CDS		ATG	FF952_16075|CP040689_3298944_3298243_-1_ATG_233
CP040689	-3298966	TGA	FF952_16080	-3299187	222	CDS		TTG	FF952_16080|CP040689_3299187_3298966_-1_TTG_73
CP040689	-3299293	TAG	FF952_16085	-3305637	6345	CDS		GTG	FF952_16085|CP040689_3305637_3299293_-1_GTG_2114
CP040689	-3305634	TGA	FF952_16090	-3307751	2118	CDS		ATG	FF952_16090|CP040689_3307751_3305634_-2_ATG_705
CP040689	-3307768	TAG	FF952_16095	-3308367	600	CDS		ATG	FF952_16095|CP040689_3308367_3307768_-1_ATG_199
CP040689	-3308393	TAA	FF952_16100	-3310252	1860	CDS		ATG	FF952_16100|CP040689_3310252_3308393_-3_ATG_619
CP040689	-3310900	TGA	FF952_16110	-3312045	1146	CDS		GTG	FF952_16110|CP040689_3312045_3310900_-1_GTG_381
CP040689	-3314451	TGA	FF952_16125	-3315176	726	CDS		ATG	FF952_16125|CP040689_3315176_3314451_-2_ATG_241
CP040689	-3315365	TAG	FF952_16130	-3316330	966	CDS		GTG	FF952_16130|CP040689_3316330_3315365_-3_GTG_321
CP040689	-3318230	TAG	FF952_16145	-3318436	207	CDS		GTG	FF952_16145|CP040689_3318436_3318230_-3_GTG_68
CP040689	-3318499	TAA	FF952_16150	-3319785	1287	CDS		ATG	FF952_16150|CP040689_3319785_3318499_-1_ATG_428
CP040689	-3319886	TAG	FF952_16155	-3320623	738	CDS		ATG	FF952_16155|CP040689_3320623_3319886_-3_ATG_245
CP040689	-3320738	TAA	FF952_16160	-3320986	249	CDS		GTG	FF952_16160|CP040689_3320986_3320738_-3_GTG_82
CP040689	-3321558	TAG	FF952_16170	-3322907	1350	CDS	true	GTG	FF952_16170_p|CP040689_3322907_3321558_-2_GTG_449
CP040689	-3325318	GCC	FF952_16185	-3325524	207	CDS	true	CTT	FF952_16185_p|CP040689_3325524_3325318_-1_CTT_69
CP040689	-3326114	TAG	FF952_16195	-3326599	486	CDS		ATG	FF952_16195|CP040689_3326599_3326114_-3_ATG_161
CP040689	-3326685	TAG	FF952_16200	-3327251	567	CDS		TTG	FF952_16200|CP040689_3327251_3326685_-2_TTG_188
CP040689	-3327447	TGA	FF952_16205	-3330830	3384	CDS		GTG	FF952_16205|CP040689_3330830_3327447_-2_GTG_1127
CP040689	-3330855	TGA	FF952_16210	-3331487	633	CDS		GTG	FF952_16210|CP040689_3331487_3330855_-2_GTG_210
CP040689	-3331493	TGA	FF952_16215	-3332260	768	CDS		GTG	FF952_16215|CP040689_3332260_3331493_-3_GTG_255
CP040689	-3332357	TGA	FF952_16220	-3333487	1131	CDS		ATG	FF952_16220|CP040689_3333487_3332357_-3_ATG_376
CP040689	-3334807	TAG	FF952_16235	-3335520	714	CDS		ATG	FF952_16235|CP040689_3335520_3334807_-1_ATG_237
CP040689	-3335517	TGA	FF952_16240	-3337730	2214	CDS		GTG	FF952_16240|CP040689_3337730_3335517_-2_GTG_737
CP040689	-3337733	TAG	FF952_16245	-3339394	1662	CDS		GTG	FF952_16245|CP040689_3339394_3337733_-3_GTG_553
CP040689	-3339394	TAG	FF952_16250	-3339600	207	CDS		CTG	FF952_16250|CP040689_3339600_3339394_-1_CTG_68
CP040689	-3339853	TGA	FF952_16260	-3340536	684	CDS		GTG	FF952_16260|CP040689_3340536_3339853_-1_GTG_227
CP040689	-3340569	TGA	FF952_16265	-3341570	1002	CDS		GTG	FF952_16265|CP040689_3341570_3340569_-2_GTG_333
CP040689	-3341567	TGA	FF952_16270	-3342946	1380	CDS		ATG	FF952_16270|CP040689_3342946_3341567_-3_ATG_459
CP040689	-3342946	TGA	FF952_16275	-3343530	585	CDS		ATG	FF952_16275|CP040689_3343530_3342946_-1_ATG_194
CP040689	-3344635	TAG	FF952_16285	-3345756	1122	CDS		GTG	FF952_16285|CP040689_3345756_3344635_-1_GTG_373
CP040689	-3345834	TGA	FF952_16290	-3346838	1005	CDS		ATG	FF952_16290|CP040689_3346838_3345834_-2_ATG_334
CP040689	-3351015	TAG	FF952_16310	-3351659	645	CDS		ATG	FF952_16310|CP040689_3351659_3351015_-2_ATG_214
CP040689	-3351872	TGA	FF952_16315	-3352468	597	CDS		ATG	FF952_16315|CP040689_3352468_3351872_-3_ATG_198
CP040689	-3352493	TGA	FF952_16320	-3353914	1422	CDS		ATG	FF952_16320|CP040689_3353914_3352493_-3_ATG_473
CP040689	-3354698	TAG	FF952_16330	-3355558	861	CDS		ATG	FF952_16330|CP040689_3355558_3354698_-3_ATG_286
CP040689	-3356644	TGA	FF952_16350	-3358116	1473	CDS		GTG	FF952_16350|CP040689_3358116_3356644_-1_GTG_490
CP040689	-3358113	TGA	FF952_16355	-3358910	798	CDS		ATG	FF952_16355|CP040689_3358910_3358113_-2_ATG_265
CP040689	-3360353	TAG	FF952_16365	-3361363	1011	CDS		ATG	FF952_16365|CP040689_3361363_3360353_-3_ATG_336
CP040689	-3361378	TGA	FF952_16370	-3362964	1587	CDS		GTG	FF952_16370|CP040689_3362964_3361378_-1_GTG_528
CP040689	-3364628	TGA	FF952_16380	-3364828	201	CDS		ATG	FF952_16380|CP040689_3364828_3364628_-3_ATG_66
CP040689	-3364893	TGA	FF952_16385	-3365350	458	CDS	true	CTG	FF952_16385_p|CP040689_3365350_3364893_-3_CTG_152
CP040689	-3367480	TAG	FF952_16400	-3368481	1002	CDS		ATG	FF952_16400|CP040689_3368481_3367480_-1_ATG_333
CP040689	-3368519	TAG	FF952_16405	-3369025	507	CDS		ATG	FF952_16405|CP040689_3369025_3368519_-3_ATG_168
CP040689	-3369025	TGA	FF952_16410	-3370881	1857	CDS		GTG	FF952_16410|CP040689_3370881_3369025_-1_GTG_618
CP040689	-3371588	TGA	FF952_16420	-3372427	840	CDS		GTG	FF952_16420|CP040689_3372427_3371588_-3_GTG_279
CP040689	-3373731	TAA	FF952_16430	-3374285	555	CDS		TTG	FF952_16430|CP040689_3374285_3373731_-2_TTG_184
CP040689	-3375148	TAG	FF952_16440	-3376677	1530	CDS		ATG	FF952_16440|CP040689_3376677_3375148_-1_ATG_509
CP040689	-3376707	TGA	FF952_16445	-3377738	1032	CDS		ATG	FF952_16445|CP040689_3377738_3376707_-2_ATG_343
CP040689	-3377834	TAG	FF952_16450	-3379318	1485	CDS		GTG	FF952_16450|CP040689_3379318_3377834_-3_GTG_494
CP040689	-3379315	TGA	FF952_16455	-3379614	300	CDS		GTG	FF952_16455|CP040689_3379614_3379315_-1_GTG_99
CP040689	-3380429	TAA	FF952_16465	-3382504	2076	CDS		GTG	FF952_16465|CP040689_3382504_3380429_-3_GTG_691
CP040689	-3382535	TGA	FF952_16470	-3383548	1014	CDS		GTG	FF952_16470|CP040689_3383548_3382535_-3_GTG_337
CP040689	-3384374	TAA	FF952_16480	-3384736	363	CDS		GTG	FF952_16480|CP040689_3384736_3384374_-3_GTG_120
CP040689	-3384823	TGA	FF952_16485	-3386127	1305	CDS		GTG	FF952_16485|CP040689_3386127_3384823_-1_GTG_434
CP040689	-3386124	TGA	FF952_16490	-3386438	315	CDS		GTG	FF952_16490|CP040689_3386438_3386124_-2_GTG_104
CP040689	-3386820	TAG	FF952_16495	-3388067	1248	CDS		ATG	FF952_16495|CP040689_3388067_3386820_-2_ATG_415
CP040689	-3388230	TGA	FF952_16505	-3389333	1104	CDS		ATG	FF952_16505|CP040689_3389333_3388230_-2_ATG_367
CP040689	-3389330	TGA	FF952_16510	-3390511	1182	CDS		ATG	FF952_16510|CP040689_3390511_3389330_-3_ATG_393
CP040689	-3390608	TAA	FF952_16515	-3391522	915	CDS		ATG	FF952_16515|CP040689_3391522_3390608_-3_ATG_304
CP040689	-3391519	TGA	FF952_16520	-3392364	846	CDS		ATG	FF952_16520|CP040689_3392364_3391519_-1_ATG_281
CP040689	-3392520	TAG	FF952_16525	-3393476	957	CDS		ATG	FF952_16525|CP040689_3393476_3392520_-2_ATG_318
CP040689	-3393515	TAA	FF952_16530	-3394315	801	CDS		ATG	FF952_16530|CP040689_3394315_3393515_-3_ATG_266
CP040689	-3399464	TAG	FF952_16560	-3400366	903	CDS		GTG	FF952_16560|CP040689_3400366_3399464_-3_GTG_300
CP040689	-3401903	TAA	FF952_16570	-3402586	684	CDS		ATG	FF952_16570|CP040689_3402586_3401903_-3_ATG_227
CP040689	-3402659	TAG	FF952_16575	-3403735	1077	CDS		GTG	FF952_16575|CP040689_3403735_3402659_-3_GTG_358
CP040689	-3403870	TGA	FF952_16580	-3404853	984	CDS		ATG	FF952_16580|CP040689_3404853_3403870_-1_ATG_327
CP040689	-3404864	TAG	FF952_16585	-3405628	765	CDS		GTG	FF952_16585|CP040689_3405628_3404864_-3_GTG_254
CP040689	-3405637	TGA	FF952_16590	-3406503	867	CDS		ATG	FF952_16590|CP040689_3406503_3405637_-1_ATG_288
CP040689	-3406500	TGA	FF952_16595	-3407363	864	CDS		ATG	FF952_16595|CP040689_3407363_3406500_-2_ATG_287
CP040689	-3407378	TAG	FF952_16600	-3408607	1230	CDS		ATG	FF952_16600|CP040689_3408607_3407378_-3_ATG_409
CP040689	-3408645	TGA	FF952_16605	-3410366	1722	CDS		TTG	FF952_16605|CP040689_3410366_3408645_-2_TTG_573
CP040689	-3410458	TAG	FF952_16610	-3410661	204	CDS		ATG	FF952_16610|CP040689_3410661_3410458_-1_ATG_67
CP040689	-3412759	TGA	FF952_16625	-3413133	375	CDS		GTG	FF952_16625|CP040689_3413133_3412759_-1_GTG_124
CP040689	-3413467	TGA	FF952_16630	-3413751	285	CDS		ATG	FF952_16630|CP040689_3413751_3413467_-1_ATG_94
CP040689	-3413849	TAG	FF952_16635	-3414823	975	CDS		GTG	FF952_16635|CP040689_3414823_3413849_-3_GTG_324
CP040689	-3414954	TAG	FF952_16640	-3416528	1575	CDS		GTG	FF952_16640|CP040689_3416528_3414954_-2_GTG_524
CP040689	-3416662	TGA	FF952_16645	-3417402	741	CDS		GTG	FF952_16645|CP040689_3417402_3416662_-1_GTG_246
CP040689	-3417530	TAG	FF952_16650	-3419707	2178	CDS		GTG	FF952_16650|CP040689_3419707_3417530_-3_GTG_725
CP040689	-3419677	TAG	FF952_16655	-3420129	453	CDS		ATG	FF952_16655|CP040689_3420129_3419677_-1_ATG_150
CP040689	-3420164	TAG	FF952_16660	-3420403	240	CDS		ATG	FF952_16660|CP040689_3420403_3420164_-3_ATG_79
CP040689	-3420381	TAA	FF952_16665	-3420785	405	CDS		TTG	FF952_16665|CP040689_3420785_3420381_-2_TTG_134
CP040689	-3420866	TGA	FF952_16670	-3421420	555	CDS		GTG	FF952_16670|CP040689_3421420_3420866_-3_GTG_184
CP040689	-3423230	TAG	FF952_16685	-3424093	864	CDS		ATG	FF952_16685|CP040689_3424093_3423230_-3_ATG_287
CP040689	-3424157	TAG	FF952_16690	-3424807	651	CDS		GTG	FF952_16690|CP040689_3424807_3424157_-3_GTG_216
CP040689	-3427172	TAA	FF952_16705	-3428644	1473	CDS		ATG	FF952_16705|CP040689_3428644_3427172_-3_ATG_490
CP040689	-3428761	TAG	FF952_16710	-3430926	2166	CDS		ATG	FF952_16710|CP040689_3430926_3428761_-1_ATG_721
CP040689	-3435324	TAA	FF952_16725	-3435749	426	CDS		ATG	FF952_16725|CP040689_3435749_3435324_-2_ATG_141
CP040689	-3437478	TGA	FF952_16750	-3439121	1644	CDS		ATG	FF952_16750|CP040689_3439121_3437478_-2_ATG_547
CP040689	-3441297	TGA	FF952_16770	-3441821	525	CDS		TTG	FF952_16770|CP040689_3441821_3441297_-2_TTG_174
CP040689	-3441828	TAA	FF952_16775	-3442184	357	CDS		ATG	FF952_16775|CP040689_3442184_3441828_-2_ATG_118
CP040689	-3443549	TAG	FF952_16785	-3444472	924	CDS		ATG	FF952_16785|CP040689_3444472_3443549_-3_ATG_307
CP040689	-3447269	TAG	FF952_16805	-3448096	828	CDS	true	ATG	FF952_16805_p|CP040689_3448096_3447269_-3_ATG_275
CP040689	-3448155	TAA	FF952_16810	-3451487	3333	CDS		ATG	FF952_16810|CP040689_3451487_3448155_-2_ATG_1110
CP040689	-3452903	TGA	FF952_16820	-3453925	1023	CDS		ATG	FF952_16820|CP040689_3453925_3452903_-3_ATG_340
CP040689	-3463268	TGA	FF952_16865	-3463570	303	CDS		GTG	FF952_16865|CP040689_3463570_3463268_-3_GTG_100
CP040689	-3466313	TAG	FF952_16880	-3467233	921	CDS		ATG	FF952_16880|CP040689_3467233_3466313_-3_ATG_306
CP040689	-3467259	TAA	FF952_16885	-3468263	1005	CDS		ATG	FF952_16885|CP040689_3468263_3467259_-2_ATG_334
CP040689	-3468260	TGA	FF952_16890	-3469390	1131	CDS		GTG	FF952_16890|CP040689_3469390_3468260_-3_GTG_376
CP040689	-3471277	TGA	FF952_16905	-3472590	1314	CDS		GTG	FF952_16905|CP040689_3472590_3471277_-1_GTG_437
CP040689	-3472709	TAA	FF952_16910	-3473161	453	CDS		GTG	FF952_16910|CP040689_3473161_3472709_-3_GTG_150
CP040689	-3473912	TGA	FF952_16925	-3474763	852	CDS		GTG	FF952_16925|CP040689_3474763_3473912_-3_GTG_283
CP040689	-3474800	TGA	FF952_16930	-3475282	483	CDS		GTG	FF952_16930|CP040689_3475282_3474800_-3_GTG_160
CP040689	-3475285	TAG	FF952_16935	-3476178	894	CDS		GTG	FF952_16935|CP040689_3476178_3475285_-1_GTG_297
CP040689	-3476179	TAA	FF952_16940	-3476868	690	CDS		ATG	FF952_16940|CP040689_3476868_3476179_-1_ATG_229
CP040689	-3476912	TGA	FF952_16945	-3477349	438	CDS		GTG	FF952_16945|CP040689_3477349_3476912_-3_GTG_145
CP040689	-3477351	TAG	FF952_16950	-3478277	927	CDS		ATG	FF952_16950|CP040689_3478277_3477351_-2_ATG_308
CP040689	-3478267	TAG	FF952_16955	-3479382	1116	CDS		GTG	FF952_16955|CP040689_3479382_3478267_-1_GTG_371
CP040689	-3480878	TGA	FF952_16965	-3482461	1584	CDS		ATG	FF952_16965|CP040689_3482461_3480878_-3_ATG_527
CP040689	-3486808	TGA	FF952_17005	-3486951	144	CDS		TTG	FF952_17005|CP040689_3486951_3486808_-1_TTG_47
CP040689	-3493293	TGA	FF952_17045	-3493412	120	CDS	true	ATT	FF952_17045_p|CP040689_3493412_3493293_-2_ATT_39
CP040689	-3495976	TAG	FF952_17065	-3497151	1176	CDS		ATG	FF952_17065|CP040689_3497151_3495976_-1_ATG_391
CP040689	-3497308	TGA	FF952_17070	-3497622	315	CDS		ATG	FF952_17070|CP040689_3497622_3497308_-1_ATG_104
CP040689	-3498668	TGA	FF952_17080	-3499018	351	CDS		GTG	FF952_17080|CP040689_3499018_3498668_-3_GTG_116
CP040689	-3499100	TAG	FF952_17085	-3499681	582	CDS		GTG	FF952_17085|CP040689_3499681_3499100_-3_GTG_193
CP040689	-3500472	TGA	FF952_17095	-3501863	1392	CDS		ATG	FF952_17095|CP040689_3501863_3500472_-2_ATG_463
CP040689	-3503026	TAG	FF952_17105	-3504762	1737	CDS		ATG	FF952_17105|CP040689_3504762_3503026_-1_ATG_578
CP040689	-3504759	TGA	FF952_17110	-3505412	654	CDS		GTG	FF952_17110|CP040689_3505412_3504759_-2_GTG_217
CP040689	-3505440	TAG	FF952_17115	-3506246	807	CDS		ATG	FF952_17115|CP040689_3506246_3505440_-2_ATG_268
CP040689	-3506405	TAG	FF952_17120	-3506680	276	CDS		GTG	FF952_17120|CP040689_3506680_3506405_-3_GTG_91
CP040689	-3507942	TAG	FF952_17130	-3508274	333	CDS		GTG	FF952_17130|CP040689_3508274_3507942_-2_GTG_110
CP040689	-3514115	TGA	FF952_17160	-3514543	429	CDS		ATG	FF952_17160|CP040689_3514543_3514115_-3_ATG_142
CP040689	-3515085	TGA	FF952_17170	-3516314	1230	CDS		GTG	FF952_17170|CP040689_3516314_3515085_-2_GTG_409
CP040689	-3532388	TAA	FF952_17245	-3534127	1740	CDS		ATG	FF952_17245|CP040689_3534127_3532388_-3_ATG_579
CP040689	-3534375	TAA	FF952_17250	-3536276	1902	CDS		ATG	FF952_17250|CP040689_3536276_3534375_-2_ATG_633
CP040689	-3536451	TAG	FF952_17255	-3537092	642	CDS		ATG	FF952_17255|CP040689_3537092_3536451_-2_ATG_213
CP040689	-3537103	TAG	FF952_17260	-3538251	1149	CDS		ATG	FF952_17260|CP040689_3538251_3537103_-1_ATG_382
CP040689	-3538321	TGA	FF952_17265	-3538758	438	CDS		ATG	FF952_17265|CP040689_3538758_3538321_-1_ATG_145
CP040689	-3538755	TGA	FF952_17270	-3540026	1272	CDS		GTG	FF952_17270|CP040689_3540026_3538755_-2_GTG_423
CP040689	-3540056	TAG	FF952_17275	-3541018	963	CDS		ATG	FF952_17275|CP040689_3541018_3540056_-3_ATG_320
CP040689	-3541026	TGA	FF952_17280	-3541508	483	CDS		ATG	FF952_17280|CP040689_3541508_3541026_-2_ATG_160
CP040689	-3541505	TGA	FF952_17285	-3542464	960	CDS		ATG	FF952_17285|CP040689_3542464_3541505_-3_ATG_319
CP040689	-3542544	TGA	FF952_17290	-3543170	627	CDS		ATG	FF952_17290|CP040689_3543170_3542544_-2_ATG_208
CP040689	-3546958	TAG	FF952_17310	-3547857	900	CDS		TTG	FF952_17310|CP040689_3547857_3546958_-1_TTG_299
CP040689	-3547994	TAA	FF952_17315	-3548476	483	CDS		ATG	FF952_17315|CP040689_3548476_3547994_-3_ATG_160
CP040689	-3548555	TGA	FF952_17320	-3549157	603	CDS		ATG	FF952_17320|CP040689_3549157_3548555_-3_ATG_200
CP040689	-3551456	TAA	FF952_17335	-3552412	957	CDS		ATG	FF952_17335|CP040689_3552412_3551456_-3_ATG_318
CP040689	-3556366	TGA	FF952_17365	-3556800	435	CDS		GTG	FF952_17365|CP040689_3556800_3556366_-1_GTG_144
CP040689	-3556803	TGA	FF952_17370	-3557255	453	CDS		ATG	FF952_17370|CP040689_3557255_3556803_-2_ATG_150
CP040689	-3559818	TGA	FF952_17395	-3561083	1266	CDS		GTG	FF952_17395|CP040689_3561083_3559818_-2_GTG_421
CP040689	-3561707	TGA	FF952_17410	-3562741	1035	CDS		GTG	FF952_17410|CP040689_3562741_3561707_-3_GTG_344
CP040689	-3563025	TGA	FF952_17415	-3563249	225	CDS		GTG	FF952_17415|CP040689_3563249_3563025_-2_GTG_74
CP040689	-3563194	TGA	FF952_17420	-3563376	183	CDS		GTG	FF952_17420|CP040689_3563376_3563194_-1_GTG_60
CP040689	-3564590	TAG	FF952_17435	-3567568	2979	CDS		GTG	FF952_17435|CP040689_3567568_3564590_-3_GTG_992
CP040689	-3567660	TAG	FF952_17440	-3568682	1023	CDS		GTG	FF952_17440|CP040689_3568682_3567660_-2_GTG_340
CP040689	-3571092	TAG	FF952_17455	-3571292	201	CDS		GTG	FF952_17455|CP040689_3571292_3571092_-2_GTG_66
CP040689	-3572807	TAG	FF952_17465	-3573085	279	CDS		GTG	FF952_17465|CP040689_3573085_3572807_-3_GTG_92
CP040689	-3573515	TGA	FF952_17470	-3575617	2103	CDS		ATG	FF952_17470|CP040689_3575617_3573515_-3_ATG_700
CP040689	-3576008	TGA	FF952_17480	-3576949	942	CDS		GTG	FF952_17480|CP040689_3576949_3576008_-3_GTG_313
CP040689	-3577008	TAG	FF952_17485	-3578075	1068	CDS		GTG	FF952_17485|CP040689_3578075_3577008_-2_GTG_355
CP040689	-3578137	TGA	FF952_17490	-3581442	3306	CDS		ATG	FF952_17490|CP040689_3581442_3578137_-1_ATG_1101
CP040689	-3581439	TGA	FF952_17495	-3584606	3168	CDS		ATG	FF952_17495|CP040689_3584606_3581439_-2_ATG_1055
CP040689	-3586032	TAA	FF952_17515	-3586910	879	CDS		ATG	FF952_17515|CP040689_3586910_3586032_-2_ATG_292
CP040689	-3586937	TAG	FF952_17520	-3588115	1179	CDS		GTG	FF952_17520|CP040689_3588115_3586937_-3_GTG_392
CP040689	-3588206	TAA	FF952_17525	-3589063	858	CDS		GTG	FF952_17525|CP040689_3589063_3588206_-3_GTG_285
CP040689	-3590082	TAA	FF952_17535	-3590354	273	CDS		GTG	FF952_17535|CP040689_3590354_3590082_-2_GTG_90
CP040689	-3591249	TAG	FF952_17545	-3591944	696	CDS		ATG	FF952_17545|CP040689_3591944_3591249_-2_ATG_231
CP040689	-3595098	TAG	FF952_17560	-3595898	801	CDS		ATG	FF952_17560|CP040689_3595898_3595098_-2_ATG_266
CP040689	-3598210	TAG	FF952_17580	-3598641	432	CDS		GTG	FF952_17580|CP040689_3598641_3598210_-1_GTG_143
CP040689	-3600435	TAG	FF952_17595	-3601940	1506	CDS		ATG	FF952_17595|CP040689_3601940_3600435_-2_ATG_501
CP040689	-3601957	TAG	FF952_17600	-3602172	216	CDS		ATG	FF952_17600|CP040689_3602172_3601957_-1_ATG_71
CP040689	-3602457	TAG	FF952_17610	-3602762	306	CDS		GTG	FF952_17610|CP040689_3602762_3602457_-2_GTG_101
CP040689	-3602759	TGA	FF952_17615	-3603310	552	CDS		ATG	FF952_17615|CP040689_3603310_3602759_-3_ATG_183
CP040689	-3603307	TGA	FF952_17620	-3603957	651	CDS		ATG	FF952_17620|CP040689_3603957_3603307_-1_ATG_216
CP040689	-3605422	TAG	FF952_17640	-3606846	1425	CDS		GTG	FF952_17640|CP040689_3606846_3605422_-1_GTG_474
CP040689	-3606970	TGA	FF952_17645	-3607728	759	CDS		ATG	FF952_17645|CP040689_3607728_3606970_-1_ATG_252
CP040689	-3610157	TAA	FF952_17660	-3611440	1284	CDS		ATG	FF952_17660|CP040689_3611440_3610157_-3_ATG_427
CP040689	-3611518	TAG	FF952_17665	-3612660	1143	CDS		ATG	FF952_17665|CP040689_3612660_3611518_-1_ATG_380
CP040689	-3612770	TGA	FF952_17670	-3613279	510	CDS		GTG	FF952_17670|CP040689_3613279_3612770_-3_GTG_169
CP040689	-3613276	TGA	FF952_17675	-3614163	888	CDS		GTG	FF952_17675|CP040689_3614163_3613276_-1_GTG_295
CP040689	-3614187	TAG	FF952_17680	-3615591	1405	CDS	true	GTG	FF952_17680_p|CP040689_3615591_3614187_-1_GTG_468
CP040689	-3616361	TAG	FF952_17690	-3617518	1158	CDS		GTG	FF952_17690|CP040689_3617518_3616361_-3_GTG_385
CP040689	-3617523	TGA	FF952_17695	-3618005	483	CDS		ATG	FF952_17695|CP040689_3618005_3617523_-2_ATG_160
CP040689	-3618066	TGA	FF952_17700	-3618800	735	CDS		ATG	FF952_17700|CP040689_3618800_3618066_-2_ATG_244
CP040689	-3618859	TGA	FF952_17705	-3622005	3147	CDS		ATG	FF952_17705|CP040689_3622005_3618859_-1_ATG_1048
CP040689	-3622084	TAG	FF952_17710	-3624933	2850	CDS		GTG	FF952_17710|CP040689_3624933_3622084_-1_GTG_949
CP040689	-3625012	TGA	FF952_17715	-3625656	645	CDS		GTG	FF952_17715|CP040689_3625656_3625012_-1_GTG_214
CP040689	-3625972	TGA	FF952_17720	-3626613	642	CDS		GTG	FF952_17720|CP040689_3626613_3625972_-1_GTG_213
CP040689	-3626651	TGA	FF952_17725	-3627493	843	CDS		ATG	FF952_17725|CP040689_3627493_3626651_-3_ATG_280
CP040689	-3627561	TGA	FF952_17730	-3629312	1752	CDS		ATG	FF952_17730|CP040689_3629312_3627561_-2_ATG_583
CP040689	-3629312	TGA	FF952_17735	-3631015	1704	CDS		ATG	FF952_17735|CP040689_3631015_3629312_-3_ATG_567
CP040689	-3631065	TGA	FF952_17740	-3631751	687	CDS		ATG	FF952_17740|CP040689_3631751_3631065_-2_ATG_228
CP040689	-3631821	TGA	FF952_17745	-3632465	645	CDS		GTG	FF952_17745|CP040689_3632465_3631821_-2_GTG_214
CP040689	-3632562	TGA	FF952_17750	-3634049	1488	CDS		ATG	FF952_17750|CP040689_3634049_3632562_-2_ATG_495
CP040689	-3634154	TGA	FF952_17755	-3634789	636	CDS		GTG	FF952_17755|CP040689_3634789_3634154_-3_GTG_211
CP040689	-3634786	TGA	FF952_17760	-3634968	183	CDS		GTG	FF952_17760|CP040689_3634968_3634786_-1_GTG_60
CP040689	-3634973	TAA	FF952_17765	-3635140	168	CDS		ATG	FF952_17765|CP040689_3635140_3634973_-3_ATG_55
CP040689	-3635140	TGA	FF952_17770	-3636390	1251	CDS		ATG	FF952_17770|CP040689_3636390_3635140_-1_ATG_416
CP040689	-3636499	TGA	FF952_17775	-3637986	1488	CDS		ATG	FF952_17775|CP040689_3637986_3636499_-1_ATG_495
CP040689	-3639443	TGA	FF952_17785	-3640669	1227	CDS		GTG	FF952_17785|CP040689_3640669_3639443_-3_GTG_408
CP040689	-3640677	TAG	FF952_17790	-3641717	1041	CDS		GTG	FF952_17790|CP040689_3641717_3640677_-2_GTG_346
CP040689	-3641714	TGA	FF952_17795	-3643111	1398	CDS		ATG	FF952_17795|CP040689_3643111_3641714_-3_ATG_465
CP040689	-3643213	TAG	FF952_17800	-3643704	492	CDS		ATG	FF952_17800|CP040689_3643704_3643213_-1_ATG_163
CP040689	-3644274	TGA	FF952_17810	-3644543	270	CDS		TTG	FF952_17810|CP040689_3644543_3644274_-2_TTG_89
CP040689	-3649300	TGA	FF952_17840	-3650379	1080	CDS		TTG	FF952_17840|CP040689_3650379_3649300_-1_TTG_359
CP040689	-3650381	TGA	FF952_17845	-3651286	906	CDS		GTG	FF952_17845|CP040689_3651286_3650381_-3_GTG_301
CP040689	-3651297	TGA	FF952_17850	-3652211	915	CDS		ATG	FF952_17850|CP040689_3652211_3651297_-2_ATG_304
CP040689	-3657081	TAG	FF952_17875	-3657749	669	CDS		ATG	FF952_17875|CP040689_3657749_3657081_-2_ATG_222
CP040689	-3661322	TGA	FF952_17890	-3662491	1170	CDS		ATG	FF952_17890|CP040689_3662491_3661322_-3_ATG_389
CP040689	-3662516	TAG	FF952_17895	-3663040	525	CDS		ATG	FF952_17895|CP040689_3663040_3662516_-3_ATG_174
CP040689	-3663037	TGA	FF952_17900	-3664326	1290	CDS		ATG	FF952_17900|CP040689_3664326_3663037_-1_ATG_429
CP040689	-3665053	TGA	FF952_17910	-3665571	519	CDS		ATG	FF952_17910|CP040689_3665571_3665053_-1_ATG_172
CP040689	-3665614	TAA	FF952_17915	-3666414	801	CDS		GTG	FF952_17915|CP040689_3666414_3665614_-1_GTG_266
CP040689	-3672508	TAG	FF952_17950	-3673293	786	CDS		GTG	FF952_17950|CP040689_3673293_3672508_-1_GTG_261
CP040689	-3673290	TGA	FF952_17955	-3673727	438	CDS		ATG	FF952_17955|CP040689_3673727_3673290_-2_ATG_145
CP040689	-3673925	TAG	FF952_17960	-3674338	414	CDS		ATG	FF952_17960|CP040689_3674338_3673925_-3_ATG_137
CP040689	-3674373	TGA	FF952_17965	-3674750	378	CDS		ATG	FF952_17965|CP040689_3674750_3674373_-2_ATG_125
CP040689	-3674784	TAA	FF952_17970	-3676133	1350	CDS		ATG	FF952_17970|CP040689_3676133_3674784_-2_ATG_449
CP040689	-3676184	TAA	FF952_17975	-3676636	453	CDS		ATG	FF952_17975|CP040689_3676636_3676184_-3_ATG_150
CP040689	-3679525	TAG	FF952_17990	-3680334	810	CDS		GTG	FF952_17990|CP040689_3680334_3679525_-1_GTG_269
CP040689	-3686449	TAG	FF952_18010	-3687363	915	CDS		ATG	FF952_18010|CP040689_3687363_3686449_-1_ATG_304
CP040689	-3687390	TGA	FF952_18015	-3690302	2913	CDS		GTG	FF952_18015|CP040689_3690302_3687390_-2_GTG_970
CP040689	-3690322	TGA	FF952_18020	-3691239	918	CDS		GTG	FF952_18020|CP040689_3691239_3690322_-1_GTG_305
CP040689	-3691251	TGA	FF952_18025	-3691916	666	CDS		ATG	FF952_18025|CP040689_3691916_3691251_-2_ATG_221
CP040689	-3692024	TGA	FF952_18030	-3693781	1758	CDS		GTG	FF952_18030|CP040689_3693781_3692024_-3_GTG_585
CP040689	-3693862	TGA	FF952_18035	-3695277	1416	CDS		GTG	FF952_18035|CP040689_3695277_3693862_-1_GTG_471
CP040689	-3696094	TAG	FF952_18050	-3697263	1170	CDS		ATG	FF952_18050|CP040689_3697263_3696094_-1_ATG_389
CP040689	-3697260	TGA	FF952_18055	-3698444	1185	CDS		ATG	FF952_18055|CP040689_3698444_3697260_-2_ATG_394
CP040689	-3700925	TGA	FF952_18070	-3701548	624	CDS		GTG	FF952_18070|CP040689_3701548_3700925_-3_GTG_207
CP040689	-3703859	TAG	FF952_18085	-3704785	927	CDS		TTG	FF952_18085|CP040689_3704785_3703859_-3_TTG_308
CP040689	-3704811	TGA	FF952_18090	-3704981	171	CDS		ATG	FF952_18090|CP040689_3704981_3704811_-2_ATG_56
CP040689	-3705160	TAG	FF952_18095	-3705471	312	CDS		ATG	FF952_18095|CP040689_3705471_3705160_-1_ATG_103
CP040689	-3705542	TAA	FF952_18100	-3706639	1098	CDS		ATG	FF952_18100|CP040689_3706639_3705542_-3_ATG_365
CP040689	-3706639	TGA	FF952_18105	-3707922	1284	CDS		GTG	FF952_18105|CP040689_3707922_3706639_-1_GTG_427
CP040689	-3707919	TGA	FF952_18110	-3708320	402	CDS		ATG	FF952_18110|CP040689_3708320_3707919_-2_ATG_133
CP040689	-3712097	TAG	FF952_18135	-3712525	429	CDS		ATG	FF952_18135|CP040689_3712525_3712097_-3_ATG_142
CP040689	-3712529	TGA	FF952_18140	-3712771	243	CDS		ATG	FF952_18140|CP040689_3712771_3712529_-3_ATG_80
CP040689	-3712893	TAG	FF952_18145	-3713507	615	CDS		ATG	FF952_18145|CP040689_3713507_3712893_-2_ATG_204
CP040689	-3713504	TGA	FF952_18150	-3714169	666	CDS		ATG	FF952_18150|CP040689_3714169_3713504_-3_ATG_221
CP040689	-3714170	TGA	FF952_18155	-3714703	534	CDS		GTG	FF952_18155|CP040689_3714703_3714170_-3_GTG_177
CP040689	-3714700	TGA	FF952_18160	-3715074	375	CDS		ATG	FF952_18160|CP040689_3715074_3714700_-1_ATG_124
CP040689	-3715171	TAA	FF952_18165	-3716235	1065	CDS		GTG	FF952_18165|CP040689_3716235_3715171_-1_GTG_354
CP040689	-3718120	TAG	FF952_18185	-3718764	645	CDS		GTG	FF952_18185|CP040689_3718764_3718120_-1_GTG_214
CP040689	-3720576	TGA	FF952_18195	-3721514	939	CDS		ATG	FF952_18195|CP040689_3721514_3720576_-2_ATG_312
CP040689	-3727119	TGA	FF952_18220	-3727964	846	CDS		ATG	FF952_18220|CP040689_3727964_3727119_-2_ATG_281
CP040689	-3728913	TAA	FF952_18235	-3729782	870	CDS		ATG	FF952_18235|CP040689_3729782_3728913_-2_ATG_289
CP040689	-3729803	TAA	FF952_18240	-3730813	1011	CDS		ATG	FF952_18240|CP040689_3730813_3729803_-3_ATG_336
CP040689	-3731798	TAG	FF952_18250	-3733027	1230	CDS		ATG	FF952_18250|CP040689_3733027_3731798_-3_ATG_409
CP040689	-3736547	TAA	FF952_18270	-3744118	7572	CDS		ATG	FF952_18270|CP040689_3744118_3736547_-3_ATG_2523
CP040689	-3744167	TGA	FF952_18275	-3749964	5798	CDS	true	ATG	FF952_18275_p|CP040689_3749964_3744167_-1_ATG_1932
CP040689	-3750394	TAG	FF952_18280	-3750651	258	CDS		ATG	FF952_18280|CP040689_3750651_3750394_-1_ATG_85
CP040689	-3750907	TAA	FF952_18285	-3762141	11235	CDS		TTG	FF952_18285|CP040689_3762141_3750907_-1_TTG_3744
CP040689	-3762179	TGA	FF952_18290	-3762669	491	CDS	true	GTG	FF952_18290_p|CP040689_3762669_3762179_-1_GTG_163
CP040689	-3763249	TAA	FF952_18305	-3764067	819	CDS		ATG	FF952_18305|CP040689_3764067_3763249_-1_ATG_272
CP040689	-3764284	TGA	FF952_18310	-3764571	288	CDS		ATG	FF952_18310|CP040689_3764571_3764284_-1_ATG_95
CP040689	-3764908	TAA	FF952_18315	-3770850	5943	CDS	true	CCC	FF952_18315_p|CP040689_3770850_3764908_-1_CCC_1980
CP040689	-3770880	TTG	FF952_18320	-3776867	5988	CDS	true	ATG	FF952_18320_p|CP040689_3776867_3770880_-2_ATG_1996
CP040689	-3777111	TGA	FF952_18325	-3777905	795	CDS		GTG	FF952_18325|CP040689_3777905_3777111_-2_GTG_264
CP040689	-3777987	TGA	FF952_18330	-3778358	372	CDS		GTG	FF952_18330|CP040689_3778358_3777987_-2_GTG_123
CP040689	-3778256	TGA	FF952_18335	-3778666	411	CDS		GTG	FF952_18335|CP040689_3778666_3778256_-3_GTG_136
CP040689	-3778501	TAG	FF952_18340	-3778761	261	CDS		ATG	FF952_18340|CP040689_3778761_3778501_-1_ATG_86
CP040689	-3779279	TAG	FF952_18350	-3779572	294	CDS		ATG	FF952_18350|CP040689_3779572_3779279_-3_ATG_97
CP040689	-3779569	TGA	FF952_18355	-3780414	846	CDS		GTG	FF952_18355|CP040689_3780414_3779569_-1_GTG_281
CP040689	-3782781	TAG	FF952_18380	-3783332	552	CDS		TTG	FF952_18380|CP040689_3783332_3782781_-2_TTG_183
CP040689	-3783339	TGA	FF952_18385	-3783920	582	CDS		GTG	FF952_18385|CP040689_3783920_3783339_-2_GTG_193
CP040689	-3783901	TGA	FF952_18390	-3784269	369	CDS		TTG	FF952_18390|CP040689_3784269_3783901_-1_TTG_122
CP040689	-3784247	TAG	FF952_18395	-3784639	393	CDS		ATG	FF952_18395|CP040689_3784639_3784247_-3_ATG_130
CP040689	-3784636	TGA	FF952_18400	-3787266	2631	CDS		GTG	FF952_18400|CP040689_3787266_3784636_-1_GTG_876
CP040689	-3787848	TGA	FF952_18410	-3788279	432	CDS		ATG	FF952_18410|CP040689_3788279_3787848_-2_ATG_143
CP040689	-3790109	TAA	FF952_18420	-3790753	645	CDS		ATG	FF952_18420|CP040689_3790753_3790109_-3_ATG_214
CP040689	-3791275	TGA	FF952_18430	-3794514	3240	CDS		ATG	FF952_18430|CP040689_3794514_3791275_-1_ATG_1079
CP040689	-3800622	TGA	FF952_18465	-3802127	1506	CDS		ATG	FF952_18465|CP040689_3802127_3800622_-2_ATG_501
CP040689	-3802132	TGA	FF952_18470	-3803022	891	CDS		ATG	FF952_18470|CP040689_3803022_3802132_-1_ATG_296
CP040689	-3803031	TAA	FF952_18475	-3804869	1839	CDS		ATG	FF952_18475|CP040689_3804869_3803031_-2_ATG_612
CP040689	-3804866	TGA	FF952_18480	-3805855	990	CDS		ATG	FF952_18480|CP040689_3805855_3804866_-3_ATG_329
CP040689	-3805855	TGA	FF952_18485	-3806907	1053	CDS		ATG	FF952_18485|CP040689_3806907_3805855_-1_ATG_350
CP040689	-3807661	TGA	FF952_18490	-3808053	393	CDS		ATG	FF952_18490|CP040689_3808053_3807661_-1_ATG_130
CP040689	-3808053	TGA	FF952_18495	-3808361	309	CDS		ATG	FF952_18495|CP040689_3808361_3808053_-2_ATG_102
CP040689	-3812412	TAG	FF952_18510	-3813284	873	CDS		ATG	FF952_18510|CP040689_3813284_3812412_-2_ATG_290
CP040689	-3816067	TGA	FF952_18525	-3816930	864	CDS		ATG	FF952_18525|CP040689_3816930_3816067_-1_ATG_287
CP040689	-3817935	TGA	FF952_18535	-3819518	1584	CDS		GTG	FF952_18535|CP040689_3819518_3817935_-2_GTG_527
CP040689	-3819515	TGA	FF952_18540	-3820129	615	CDS		ATG	FF952_18540|CP040689_3820129_3819515_-3_ATG_204
CP040689	-3820994	TAG	FF952_18550	-3822571	1578	CDS		GTG	FF952_18550|CP040689_3822571_3820994_-3_GTG_525
CP040689	-3822583	TAG	FF952_18555	-3823491	909	CDS		ATG	FF952_18555|CP040689_3823491_3822583_-1_ATG_302
CP040689	-3823520	TGA	FF952_18560	-3824599	1080	CDS		ATG	FF952_18560|CP040689_3824599_3823520_-3_ATG_359
CP040689	-3828889	CGG	FF952_18580	-3829164	276	CDS	true	ATT	FF952_18580_p|CP040689_3829164_3828889_-1_ATT_92
CP040689	-3829233	GGC	FF952_18585	-3829442	210	CDS	true	GTG	FF952_18585_p|CP040689_3829442_3829233_-2_GTG_70
CP040689	-3829435	TGA	FF952_18590	-3830673	1239	CDS		ATG	FF952_18590|CP040689_3830673_3829435_-1_ATG_412
CP040689	-3831044	TGA	FF952_18595	-3832645	1602	CDS		ATG	FF952_18595|CP040689_3832645_3831044_-3_ATG_533
CP040689	-3832662	TAA	FF952_18600	-3833366	705	CDS		GTG	FF952_18600|CP040689_3833366_3832662_-2_GTG_234
CP040689	-3833484	TGA	FF952_18605	-3834050	567	CDS		ATG	FF952_18605|CP040689_3834050_3833484_-2_ATG_188
CP040689	-3835773	TGA	FF952_18625	-3837509	1737	CDS		ATG	FF952_18625|CP040689_3837509_3835773_-2_ATG_578
CP040689	-3837565	TGA	FF952_18630	-3838692	1128	CDS		ATG	FF952_18630|CP040689_3838692_3837565_-1_ATG_375
CP040689	-3838712	TAA	FF952_18635	-3840301	1590	CDS		ATG	FF952_18635|CP040689_3840301_3838712_-3_ATG_529
CP040689	-3840928	TAG	FF952_18645	-3841827	900	CDS		ATG	FF952_18645|CP040689_3841827_3840928_-1_ATG_299
CP040689	-3841820	TGA	FF952_18650	-3842458	639	CDS		ATG	FF952_18650|CP040689_3842458_3841820_-3_ATG_212
CP040689	-3842476	TAA	FF952_18655	-3843303	828	CDS		GTG	FF952_18655|CP040689_3843303_3842476_-1_GTG_275
CP040689	-3844054	TGA	FF952_18665	-3845673	1620	CDS		ATG	FF952_18665|CP040689_3845673_3844054_-1_ATG_539
CP040689	-3845768	TAG	FF952_18670	-3846070	303	CDS		GTG	FF952_18670|CP040689_3846070_3845768_-3_GTG_100
CP040689	-3846336	TGA	FF952_18675	-3847370	1035	CDS		ATG	FF952_18675|CP040689_3847370_3846336_-2_ATG_344
CP040689	-3847367	TGA	FF952_18680	-3847843	477	CDS		GTG	FF952_18680|CP040689_3847843_3847367_-3_GTG_158
CP040689	-3847840	TGA	FF952_18685	-3848475	636	CDS		ATG	FF952_18685|CP040689_3848475_3847840_-1_ATG_211
CP040689	-3848472	TGA	FF952_18690	-3848978	507	CDS		TTG	FF952_18690|CP040689_3848978_3848472_-2_TTG_168
CP040689	-3848975	TGA	FF952_18695	-3850201	1227	CDS		GTG	FF952_18695|CP040689_3850201_3848975_-3_GTG_408
CP040689	-3850495	TGA	FF952_18705	-3850857	363	CDS		ATG	FF952_18705|CP040689_3850857_3850495_-1_ATG_120
CP040689	-3852294	TAG	FF952_18720	-3852560	267	CDS		GTG	FF952_18720|CP040689_3852560_3852294_-2_GTG_88
CP040689	-3852665	TAG	FF952_18725	-3854839	2175	CDS		CTG	FF952_18725|CP040689_3854839_3852665_-3_CTG_724
CP040689	-3854832	TGA	FF952_18730	-3855050	219	CDS		ATG	FF952_18730|CP040689_3855050_3854832_-2_ATG_72
CP040689	-3856410	TAG	FF952_18745	-3856612	203	CDS	true	CTG	FF952_18745_p|CP040689_3856612_3856410_-3_CTG_67
CP040689	-3857107	TGA	FF952_18755	-3857373	267	CDS		GTG	FF952_18755|CP040689_3857373_3857107_-1_GTG_88
CP040689	-3857841	TGA	FF952_18760	-3858203	363	CDS		ATG	FF952_18760|CP040689_3858203_3857841_-2_ATG_120
CP040689	-3858959	TAA	FF952_18770	-3860006	1048	CDS	true	GTG	FF952_18770_p|CP040689_3860006_3858959_-2_GTG_349
CP040689	-3860045	TGA	FF952_18775	-3860200	156	CDS		TTG	FF952_18775|CP040689_3860200_3860045_-3_TTG_51
CP040689	-3860519	GTC	FF952_18780	-3861355	837	CDS	true	GCT	FF952_18780_p|CP040689_3861355_3860519_-3_GCT_279
CP040689	-3861573	TAG	FF952_18785	-3862955	1383	CDS		GTG	FF952_18785|CP040689_3862955_3861573_-2_GTG_460
CP040689	-3862993	TAG	FF952_18790	-3864414	1422	CDS		ATG	FF952_18790|CP040689_3864414_3862993_-1_ATG_473
CP040689	-3864416	TGA	FF952_18795	-3865129	714	CDS		GTG	FF952_18795|CP040689_3865129_3864416_-3_GTG_237
CP040689	-3865140	TAA	FF952_18800	-3865994	855	CDS		TTG	FF952_18800|CP040689_3865994_3865140_-2_TTG_284
CP040689	-3866216	TAG	FF952_18805	-3868090	1875	CDS		GTG	FF952_18805|CP040689_3868090_3866216_-3_GTG_624
CP040689	-3869460	TGA	FF952_18820	-3870863	1404	CDS		GTG	FF952_18820|CP040689_3870863_3869460_-2_GTG_467
CP040689	-3870866	TGA	FF952_18825	-3871177	312	CDS		ATG	FF952_18825|CP040689_3871177_3870866_-3_ATG_103
CP040689	-3871225	TGA	FF952_18830	-3872571	1347	CDS		ATG	FF952_18830|CP040689_3872571_3871225_-1_ATG_448
CP040689	-3872696	TGA	FF952_18835	-3873151	456	CDS		ATG	FF952_18835|CP040689_3873151_3872696_-3_ATG_151
CP040689	-3873148	TGA	FF952_18840	-3873591	444	CDS		GTG	FF952_18840|CP040689_3873591_3873148_-1_GTG_147
CP040689	-3873824	TAG	FF952_18845	-3874126	303	CDS		ATG	FF952_18845|CP040689_3874126_3873824_-3_ATG_100
CP040689	-3874147	TAG	FF952_18850	-3874464	318	CDS		GTG	FF952_18850|CP040689_3874464_3874147_-1_GTG_105
CP040689	-3874517	TGA	FF952_18855	-3875731	1215	CDS		GTG	FF952_18855|CP040689_3875731_3874517_-3_GTG_404
CP040689	-3875728	TGA	FF952_18860	-3879438	3711	CDS		ATG	FF952_18860|CP040689_3879438_3875728_-1_ATG_1236
CP040689	-3882284	TAG	FF952_18875	-3883696	1413	CDS		GTG	FF952_18875|CP040689_3883696_3882284_-3_GTG_470
CP040689	-3887251	TAA	FF952_18900	-3888144	894	CDS		GTG	FF952_18900|CP040689_3888144_3887251_-1_GTG_297
CP040689	-3888089	TAG	FF952_18905	-3888631	543	CDS		ATG	FF952_18905|CP040689_3888631_3888089_-3_ATG_180
CP040689	-3888663	TAG	FF952_18910	-3889706	1044	CDS		ATG	FF952_18910|CP040689_3889706_3888663_-2_ATG_347
CP040689	-3889858	TAA	FF952_18915	-3890463	606	CDS		ATG	FF952_18915|CP040689_3890463_3889858_-1_ATG_201
CP040689	-3890472	TAG	FF952_18920	-3890891	420	CDS		ATG	FF952_18920|CP040689_3890891_3890472_-2_ATG_139
CP040689	-3890895	TAA	FF952_18925	-3891269	375	CDS		ATG	FF952_18925|CP040689_3891269_3890895_-2_ATG_124
CP040689	-3891542	TAG	FF952_18935	-3891655	114	CDS		GTG	FF952_18935|CP040689_3891655_3891542_-3_GTG_37
CP040689	-3891688	TAG	FF952_18940	-3891909	222	CDS		ATG	FF952_18940|CP040689_3891909_3891688_-1_ATG_73
CP040689	-3896231	TGA	FF952_18970	-3897325	1095	CDS		GTG	FF952_18970|CP040689_3897325_3896231_-3_GTG_364
CP040689	-3897329	TGA	FF952_18975	-3898339	1011	CDS		ATG	FF952_18975|CP040689_3898339_3897329_-3_ATG_336
CP040689	-3898400	TAG	FF952_18980	-3900058	1659	CDS		GTG	FF952_18980|CP040689_3900058_3898400_-3_GTG_552
CP040689	-3900064	TGA	FF952_18985	-3900597	534	CDS		ATG	FF952_18985|CP040689_3900597_3900064_-1_ATG_177
CP040689	-3901204	TGA	FF952_18995	-3901989	786	CDS		GTG	FF952_18995|CP040689_3901989_3901204_-1_GTG_261
CP040689	-3902269	TAG	FF952_19000	-3903618	1350	CDS		ATG	FF952_19000|CP040689_3903618_3902269_-1_ATG_449
CP040689	-3908798	TGA	FF952_19020	-3910291	1494	CDS		GTG	FF952_19020|CP040689_3910291_3908798_-3_GTG_497
CP040689	-3910382	TGA	FF952_19025	-3911071	690	CDS		ATG	FF952_19025|CP040689_3911071_3910382_-3_ATG_229
CP040689	-3911213	TAA	FF952_19030	-3911995	783	CDS		ATG	FF952_19030|CP040689_3911995_3911213_-3_ATG_260
CP040689	-3912039	TAG	FF952_19035	-3912701	663	CDS		GTG	FF952_19035|CP040689_3912701_3912039_-2_GTG_220
CP040689	-3914511	TAA	FF952_19045	-3915455	945	CDS		ATG	FF952_19045|CP040689_3915455_3914511_-2_ATG_314
CP040689	-3916063	TAG	FF952_19060	-3916896	834	CDS		GTG	FF952_19060|CP040689_3916896_3916063_-1_GTG_277
CP040689	-3920354	TAA	FF952_19085	-3920836	483	CDS		ATG	FF952_19085|CP040689_3920836_3920354_-3_ATG_160
CP040689	-3920836	TGA	FF952_19090	-3921564	729	CDS		GTG	FF952_19090|CP040689_3921564_3920836_-1_GTG_242
CP040689	-3921564	TAG	FF952_19095	-3923258	1695	CDS		ATG	FF952_19095|CP040689_3923258_3921564_-2_ATG_564
CP040689	-3923269	TAG	FF952_19100	-3924423	1155	CDS		ATG	FF952_19100|CP040689_3924423_3923269_-1_ATG_384
CP040689	-3924420	TGA	FF952_19105	-3925775	1356	CDS		GTG	FF952_19105|CP040689_3925775_3924420_-2_GTG_451
CP040689	-3925772	TGA	FF952_19110	-3926845	1074	CDS		TTG	FF952_19110|CP040689_3926845_3925772_-3_TTG_357
CP040689	-3926835	TAG	FF952_19115	-3927887	1053	CDS		ATG	FF952_19115|CP040689_3927887_3926835_-2_ATG_350
CP040689	-3927887	TGA	FF952_19120	-3929089	1203	CDS		ATG	FF952_19120|CP040689_3929089_3927887_-3_ATG_400
CP040689	-3929109	TAA	FF952_19125	-3929951	843	CDS		ATG	FF952_19125|CP040689_3929951_3929109_-2_ATG_280
CP040689	-3929986	TAA	FF952_19130	-3930750	765	CDS		TTG	FF952_19130|CP040689_3930750_3929986_-1_TTG_254
CP040689	-3930976	TGA	FF952_19135	-3931929	954	CDS		TTG	FF952_19135|CP040689_3931929_3930976_-1_TTG_317
CP040689	-3931954	TAG	FF952_19140	-3932145	192	CDS		GTG	FF952_19140|CP040689_3932145_3931954_-1_GTG_63
CP040689	-3947543	TAG	FF952_19170	-3949090	1548	CDS		GTG	FF952_19170|CP040689_3949090_3947543_-3_GTG_515
CP040689	-3949087	TGA	FF952_19175	-3949923	837	CDS		ATG	FF952_19175|CP040689_3949923_3949087_-1_ATG_278
CP040689	-3956132	TGA	FF952_19185	-3956788	657	CDS		ATG	FF952_19185|CP040689_3956788_3956132_-3_ATG_218
CP040689	-3960140	TAG	FF952_19195	-3960358	219	CDS		GTG	FF952_19195|CP040689_3960358_3960140_-3_GTG_72
CP040689	-3960355	TGA	FF952_19200	-3962001	1647	CDS		GTG	FF952_19200|CP040689_3962001_3960355_-1_GTG_548
CP040689	-3963856	TGA	FF952_19215	-3965052	1197	CDS		ATG	FF952_19215|CP040689_3965052_3963856_-1_ATG_398
CP040689	-3965856	TGA	FF952_19225	-3966899	1044	CDS		GTG	FF952_19225|CP040689_3966899_3965856_-2_GTG_347
CP040689	-3971334	ATG	FF952_19250	-3971855	522	CDS	true	ATG	FF952_19250_p|CP040689_3971855_3971334_-2_ATG_174
CP040689	-3974010	TAA	FF952_19265	-3974723	714	CDS		ATG	FF952_19265|CP040689_3974723_3974010_-2_ATG_237
CP040689	-3975415	TGA	FF952_19280	-3976569	1155	CDS		ATG	FF952_19280|CP040689_3976569_3975415_-1_ATG_384
CP040689	-3976569	TAA	FF952_19285	-3977351	783	CDS		ATG	FF952_19285|CP040689_3977351_3976569_-2_ATG_260
CP040689	-3977348	TGA	FF952_19290	-3978475	1128	CDS		GTG	FF952_19290|CP040689_3978475_3977348_-3_GTG_375
CP040689	-3980233	TGA	FF952_19300	-3981981	1749	CDS		ATG	FF952_19300|CP040689_3981981_3980233_-1_ATG_582
CP040689	-3982080	TGA	FF952_19305	-3983120	1041	CDS		ATG	FF952_19305|CP040689_3983120_3982080_-2_ATG_346
CP040689	-3983117	TGA	FF952_19310	-3984028	912	CDS		ATG	FF952_19310|CP040689_3984028_3983117_-3_ATG_303
CP040689	-3984039	TAA	FF952_19315	-3984824	786	CDS		ATG	FF952_19315|CP040689_3984824_3984039_-2_ATG_261
CP040689	-3989027	TAA	FF952_19335	-3990187	1161	CDS		GTG	FF952_19335|CP040689_3990187_3989027_-3_GTG_386
CP040689	-3990187	TAG	FF952_19340	-3990576	390	CDS		ATG	FF952_19340|CP040689_3990576_3990187_-1_ATG_129
CP040689	-3990573	TGA	FF952_19345	-3991508	936	CDS		GTG	FF952_19345|CP040689_3991508_3990573_-2_GTG_311
CP040689	-3991505	TGA	FF952_19350	-3992668	1164	CDS		ATG	FF952_19350|CP040689_3992668_3991505_-3_ATG_387
CP040689	-3992653	TGA	FF952_19355	-3993672	1020	CDS		ATG	FF952_19355|CP040689_3993672_3992653_-1_ATG_339
CP040689	-3993672	TAA	FF952_19360	-3994973	1302	CDS		GTG	FF952_19360|CP040689_3994973_3993672_-2_GTG_433
CP040689	-3996910	TAG	FF952_19375	-3997824	915	CDS		ATG	FF952_19375|CP040689_3997824_3996910_-1_ATG_304
CP040689	-3997847	TGA	FF952_19380	-3998626	780	CDS		GTG	FF952_19380|CP040689_3998626_3997847_-3_GTG_259
CP040689	-3998623	TGA	FF952_19385	-3998727	105	CDS		GTG	FF952_19385|CP040689_3998727_3998623_-1_GTG_34
CP040689	-4004358	TGA	FF952_19415	-4005227	870	CDS		ATG	FF952_19415|CP040689_4005227_4004358_-2_ATG_289
CP040689	-4005332	TAG	FF952_19420	-4006492	1161	CDS		ATG	FF952_19420|CP040689_4006492_4005332_-3_ATG_386
CP040689	-4006557	TGA	FF952_19425	-4007159	603	CDS		ATG	FF952_19425|CP040689_4007159_4006557_-2_ATG_200
CP040689	-4009175	TGA	FF952_19435	-4009963	789	CDS		ATG	FF952_19435|CP040689_4009963_4009175_-3_ATG_262
CP040689	-4009960	TGA	FF952_19440	-4011117	1158	CDS		ATG	FF952_19440|CP040689_4011117_4009960_-1_ATG_385
CP040689	-4016859	TAA	FF952_19470	-4017710	852	CDS		ATG	FF952_19470|CP040689_4017710_4016859_-2_ATG_283
CP040689	-4017695	TGA	FF952_19475	-4017961	267	CDS		GTG	FF952_19475|CP040689_4017961_4017695_-3_GTG_88
CP040689	-4018247	TAG	FF952_19485	-4018810	564	CDS		ATG	FF952_19485|CP040689_4018810_4018247_-3_ATG_187
CP040689	-4018825	TAG	FF952_19490	-4019727	903	CDS		ATG	FF952_19490|CP040689_4019727_4018825_-1_ATG_300
CP040689	-4019724	TGA	FF952_19495	-4020599	876	CDS		ATG	FF952_19495|CP040689_4020599_4019724_-2_ATG_291
CP040689	-4020614	TAG	FF952_19500	-4021798	1185	CDS		GTG	FF952_19500|CP040689_4021798_4020614_-3_GTG_394
CP040689	-4023605	TGA	FF952_19515	-4025740	2136	CDS		GTG	FF952_19515|CP040689_4025740_4023605_-3_GTG_711
CP040689	-4026617	TAA	FF952_19525	-4027696	1080	CDS		GTG	FF952_19525|CP040689_4027696_4026617_-3_GTG_359
CP040689	-4030953	TGA	FF952_19545	-4031921	969	CDS		ATG	FF952_19545|CP040689_4031921_4030953_-2_ATG_322
CP040689	-4031922	TAG	FF952_19550	-4033331	1410	CDS		GTG	FF952_19550|CP040689_4033331_4031922_-2_GTG_469
CP040689	-4033396	TAG	FF952_19555	-4033875	480	CDS		GTG	FF952_19555|CP040689_4033875_4033396_-1_GTG_159
CP040689	-4033872	TGA	FF952_19560	-4034567	696	CDS		GTG	FF952_19560|CP040689_4034567_4033872_-2_GTG_231
CP040689	-4034584	TGA	FF952_19565	-4035072	489	CDS		ATG	FF952_19565|CP040689_4035072_4034584_-1_ATG_162
CP040689	-4038496	TAA	FF952_19585	-4039290	795	CDS		GTG	FF952_19585|CP040689_4039290_4038496_-1_GTG_264
CP040689	-4039399	TGA	FF952_19590	-4040022	624	CDS		ATG	FF952_19590|CP040689_4040022_4039399_-1_ATG_207
CP040689	-4040932	TAA	FF952_19600	-4042686	1755	CDS		ATG	FF952_19600|CP040689_4042686_4040932_-1_ATG_584
CP040689	-4042797	TGA	FF952_19605	-4043570	774	CDS		GTG	FF952_19605|CP040689_4043570_4042797_-2_GTG_257
CP040689	-4046259	TGA	FF952_19625	-4047605	1347	CDS		ATG	FF952_19625|CP040689_4047605_4046259_-2_ATG_448
CP040689	-4047713	TAG	FF952_19630	-4050259	2547	CDS		ATG	FF952_19630|CP040689_4050259_4047713_-3_ATG_848
CP040689	-4050536	TGA	FF952_19635	-4050874	339	CDS		ATG	FF952_19635|CP040689_4050874_4050536_-3_ATG_112
CP040689	-4050978	TGA	FF952_19640	-4052495	1518	CDS		GTG	FF952_19640|CP040689_4052495_4050978_-2_GTG_505
CP040689	-4052507	TAA	FF952_19645	-4052590	84	CDS		ATG	FF952_19645|CP040689_4052590_4052507_-3_ATG_27
CP040689	-4052596	TGA	FF952_19650	-4053414	819	CDS		GTG	FF952_19650|CP040689_4053414_4052596_-1_GTG_272
CP040689	-4053417	TAG	FF952_19655	-4053836	420	CDS		ATG	FF952_19655|CP040689_4053836_4053417_-2_ATG_139
CP040689	-4053836	TGA	FF952_19660	-4054765	930	CDS		ATG	FF952_19660|CP040689_4054765_4053836_-3_ATG_309
CP040689	-4054762	TGA	FF952_19665	-4055673	912	CDS		ATG	FF952_19665|CP040689_4055673_4054762_-1_ATG_303
CP040689	-4055858	TAG	FF952_19670	-4057051	1194	CDS		ATG	FF952_19670|CP040689_4057051_4055858_-3_ATG_397
CP040689	-4057260	TAG	FF952_19675	-4057736	477	CDS		ATG	FF952_19675|CP040689_4057736_4057260_-2_ATG_158
CP040689	-4057736	TGA	FF952_19680	-4058302	567	CDS		ATG	FF952_19680|CP040689_4058302_4057736_-3_ATG_188
CP040689	-4058299	TGA	FF952_19685	-4058700	402	CDS		ATG	FF952_19685|CP040689_4058700_4058299_-1_ATG_133
CP040689	-4058693	TGA	FF952_19690	-4059535	843	CDS		GTG	FF952_19690|CP040689_4059535_4058693_-3_GTG_280
CP040689	-4059532	TGA	FF952_19695	-4060140	609	CDS		ATG	FF952_19695|CP040689_4060140_4059532_-1_ATG_202
CP040689	-4060156	TGA	FF952_19700	-4062438	2283	CDS		ATG	FF952_19700|CP040689_4062438_4060156_-1_ATG_760
CP040689	-4063184	TGA	FF952_19710	-4063513	330	CDS		ATG	FF952_19710|CP040689_4063513_4063184_-3_ATG_109
CP040689	-4063547	TAG	FF952_19715	-4063708	162	CDS		ATG	FF952_19715|CP040689_4063708_4063547_-3_ATG_53
CP040689	-4063808	TGA	FF952_19720	-4064362	555	CDS		GTG	FF952_19720|CP040689_4064362_4063808_-3_GTG_184
CP040689	-4064478	TGA	FF952_19725	-4064789	312	CDS		ATG	FF952_19725|CP040689_4064789_4064478_-2_ATG_103
CP040689	-4064863	TAA	FF952_19730	-4066041	1179	CDS		ATG	FF952_19730|CP040689_4066041_4064863_-1_ATG_392
CP040689	-4069650	TAA	FF952_19750	-4069934	285	CDS		ATG	FF952_19750|CP040689_4069934_4069650_-2_ATG_94
CP040689	-4069961	TGA	FF952_19755	-4070257	297	CDS		ATG	FF952_19755|CP040689_4070257_4069961_-3_ATG_98
CP040689	-4070314	TGA	FF952_19760	-4071555	1242	CDS		ATG	FF952_19760|CP040689_4071555_4070314_-1_ATG_413
CP040689	-4071565	TAG	FF952_19765	-4071864	300	CDS		ATG	FF952_19765|CP040689_4071864_4071565_-1_ATG_99
CP040689	-4072920	TAG	FF952_19775	-4073570	651	CDS		TTG	FF952_19775|CP040689_4073570_4072920_-2_TTG_216
CP040689	-4073567	TGA	FF952_19780	-4074538	972	CDS		ATG	FF952_19780|CP040689_4074538_4073567_-3_ATG_323
CP040689	-4074517	TAG	FF952_19785	-4075569	1053	CDS		GTG	FF952_19785|CP040689_4075569_4074517_-1_GTG_350
CP040689	-4075566	TGA	FF952_19790	-4076951	1386	CDS		ATG	FF952_19790|CP040689_4076951_4075566_-2_ATG_461
CP040689	-4077623	TGA	FF952_19800	-4078720	1098	CDS		ATG	FF952_19800|CP040689_4078720_4077623_-3_ATG_365
CP040689	-4082333	TGA	FF952_19825	-4083277	945	CDS		GTG	FF952_19825|CP040689_4083277_4082333_-3_GTG_314
CP040689	-4087550	TGA	FF952_19845	-4088116	567	CDS		ATG	FF952_19845|CP040689_4088116_4087550_-3_ATG_188
CP040689	-4088186	TAG	FF952_19850	-4089415	1230	CDS		ATG	FF952_19850|CP040689_4089415_4088186_-3_ATG_409
CP040689	-4089591	TGA	FF952_19855	-4090226	636	CDS		GTG	FF952_19855|CP040689_4090226_4089591_-2_GTG_211
CP040689	-4090237	TAA	FF952_19860	-4090431	195	CDS		GTG	FF952_19860|CP040689_4090431_4090237_-1_GTG_64
CP040689	-4091182	TAG	FF952_19875	-4092387	1206	CDS		ATG	FF952_19875|CP040689_4092387_4091182_-1_ATG_401
CP040689	-4094119	TAG	FF952_19885	-4096923	2805	CDS		TTG	FF952_19885|CP040689_4096923_4094119_-1_TTG_934
CP040689	-4097276	TAG	FF952_19890	-4097854	579	CDS		GTG	FF952_19890|CP040689_4097854_4097276_-3_GTG_192
CP040689	-4097994	TGA	FF952_19895	-4098197	204	CDS		ATG	FF952_19895|CP040689_4098197_4097994_-2_ATG_67
CP040689	-4102217	TGA	FF952_19915	-4102462	246	CDS		ATG	FF952_19915|CP040689_4102462_4102217_-3_ATG_81
CP040689	-4103610	TGA	FF952_19930	-4103987	378	CDS		TTG	FF952_19930|CP040689_4103987_4103610_-2_TTG_125
CP040689	-4103950	TGA	FF952_19935	-4104249	300	CDS		GTG	FF952_19935|CP040689_4104249_4103950_-1_GTG_99
CP040689	-4104273	TAG	FF952_19940	-4104479	207	CDS		ATG	FF952_19940|CP040689_4104479_4104273_-2_ATG_68
CP040689	-4104489	TGA	FF952_19945	-4105064	576	CDS		ATG	FF952_19945|CP040689_4105064_4104489_-2_ATG_191
CP040689	-4105088	TGA	FF952_19950	-4105888	801	CDS		ATG	FF952_19950|CP040689_4105888_4105088_-3_ATG_266
CP040689	-4105885	TGA	FF952_19955	-4107048	1164	CDS		ATG	FF952_19955|CP040689_4107048_4105885_-1_ATG_387
CP040689	-4107045	TGA	FF952_19960	-4108097	1053	CDS		ATG	FF952_19960|CP040689_4108097_4107045_-2_ATG_350
CP040689	-4109634	CCG	FF952_19975	-4109901	268	CDS	true	ATC	FF952_19975_p|CP040689_4109901_4109634_-1_ATC_89
CP040689	-4110214	TGA	FF952_19980	-4110984	771	CDS		GTG	FF952_19980|CP040689_4110984_4110214_-1_GTG_256
CP040689	-4110981	TGA	FF952_19985	-4112627	1647	CDS		ATG	FF952_19985|CP040689_4112627_4110981_-2_ATG_548
CP040689	-4112624	TGA	FF952_19990	-4113487	864	CDS		ATG	FF952_19990|CP040689_4113487_4112624_-3_ATG_287
CP040689	-4113480	TGA	FF952_19995	-4114406	927	CDS		ATG	FF952_19995|CP040689_4114406_4113480_-2_ATG_308
CP040689	-4114408	TGA	FF952_20000	-4116033	1626	CDS		ATG	FF952_20000|CP040689_4116033_4114408_-1_ATG_541
CP040689	-4118732	TGA	FF952_20015	-4119430	699	CDS		TTG	FF952_20015|CP040689_4119430_4118732_-3_TTG_232
CP040689	-4121271	TGA	FF952_20030	-4122464	1194	CDS		ATG	FF952_20030|CP040689_4122464_4121271_-2_ATG_397
CP040689	-4122470	TGA	FF952_20035	-4123291	822	CDS		ATG	FF952_20035|CP040689_4123291_4122470_-3_ATG_273
CP040689	-4123423	TGA	FF952_20040	-4124106	684	CDS		ATG	FF952_20040|CP040689_4124106_4123423_-1_ATG_227
CP040689	-4124106	TAA	FF952_20045	-4124843	738	CDS		GTG	FF952_20045|CP040689_4124843_4124106_-2_GTG_245
CP040689	-4126207	TAG	FF952_20060	-4127001	795	CDS		ATG	FF952_20060|CP040689_4127001_4126207_-1_ATG_264
CP040689	-4127008	TAG	FF952_20065	-4127463	456	CDS		ATG	FF952_20065|CP040689_4127463_4127008_-1_ATG_151
CP040689	-4127479	TAG	FF952_20070	-4127640	162	CDS		ATG	FF952_20070|CP040689_4127640_4127479_-1_ATG_53
CP040689	-4129861	TGA	FF952_20085	-4130124	264	CDS		ATG	FF952_20085|CP040689_4130124_4129861_-1_ATG_87
CP040689	-4130261	TAG	FF952_20090	-4130617	357	CDS		GTG	FF952_20090|CP040689_4130617_4130261_-3_GTG_118
CP040689	-4136358	TAG	FF952_20120	-4137788	1431	CDS		ATG	FF952_20120|CP040689_4137788_4136358_-2_ATG_476
CP040689	-4137814	TAG	FF952_20125	-4138146	333	CDS		ATG	FF952_20125|CP040689_4138146_4137814_-1_ATG_110
CP040689	-4138386	TAA	FF952_20130	-4138754	369	CDS		TTG	FF952_20130|CP040689_4138754_4138386_-2_TTG_122
CP040689	-4138956	TAG	FF952_20135	-4139420	465	CDS		ATG	FF952_20135|CP040689_4139420_4138956_-2_ATG_154
CP040689	-4145185	TGA	FF952_20170	-4146177	993	CDS		GTG	FF952_20170|CP040689_4146177_4145185_-1_GTG_330
CP040689	-4147265	TAG	FF952_20180	-4148792	1528	CDS	true	TTG	FF952_20180_p|CP040689_4148792_4147265_-2_TTG_509
CP040689	-4148869	TGA	FF952_20185	-4149306	438	CDS		GTG	FF952_20185|CP040689_4149306_4148869_-1_GTG_145
CP040689	-4149303	TGA	FF952_20190	-4149527	225	CDS		ATG	FF952_20190|CP040689_4149527_4149303_-2_ATG_74
CP040689	-4151812	TAG	FF952_20205	-4152984	1173	CDS		ATG	FF952_20205|CP040689_4152984_4151812_-1_ATG_390
CP040689	-4153015	TGA	FF952_20210	-4153980	966	CDS		ATG	FF952_20210|CP040689_4153980_4153015_-1_ATG_321
CP040689	-4153977	TGA	FF952_20215	-4154678	702	CDS		ATG	FF952_20215|CP040689_4154678_4153977_-2_ATG_233
CP040689	-4154678	TGA	FF952_20220	-4155955	1278	CDS		GTG	FF952_20220|CP040689_4155955_4154678_-3_GTG_425
CP040689	-4155952	TGA	FF952_20225	-4157250	1299	CDS		ATG	FF952_20225|CP040689_4157250_4155952_-1_ATG_432
CP040689	-4157382	TGA	FF952_20230	-4158026	645	CDS		ATG	FF952_20230|CP040689_4158026_4157382_-2_ATG_214
CP040689	-4158155	TAG	FF952_20235	-4158544	390	CDS		ATG	FF952_20235|CP040689_4158544_4158155_-3_ATG_129
CP040689	-4158655	TAA	FF952_20240	-4158975	321	CDS		ATG	FF952_20240|CP040689_4158975_4158655_-1_ATG_106
CP040689	-4159094	TAG	FF952_20245	-4160104	1011	CDS		GTG	FF952_20245|CP040689_4160104_4159094_-3_GTG_336
CP040689	-4160244	TGA	FF952_20250	-4161281	1038	CDS		ATG	FF952_20250|CP040689_4161281_4160244_-2_ATG_345
CP040689	-4161282	TAG	FF952_20255	-4162547	1266	CDS		GTG	FF952_20255|CP040689_4162547_4161282_-2_GTG_421
CP040689	-4165830	TGA	FF952_20270	-4166819	990	CDS		GTG	FF952_20270|CP040689_4166819_4165830_-2_GTG_329
CP040689	-4166816	TGA	FF952_20275	-4167079	264	CDS		GTG	FF952_20275|CP040689_4167079_4166816_-3_GTG_87
CP040689	-4168962	TAA	FF952_20290	-4169852	891	CDS		ATG	FF952_20290|CP040689_4169852_4168962_-2_ATG_296
CP040689	-4169920	TGA	FF952_20295	-4170531	612	CDS		ATG	FF952_20295|CP040689_4170531_4169920_-1_ATG_203
CP040689	-4170543	TGA	FF952_20300	-4170935	393	CDS		ATG	FF952_20300|CP040689_4170935_4170543_-2_ATG_130
CP040689	-4171837	TGA	FF952_20310	-4172280	444	CDS		ATG	FF952_20310|CP040689_4172280_4171837_-1_ATG_147
CP040689	-4175017	TAG	FF952_20325	-4176753	1737	CDS		GTG	FF952_20325|CP040689_4176753_4175017_-1_GTG_578
CP040689	-4176843	TGA	FF952_20330	-4178150	1308	CDS		GTG	FF952_20330|CP040689_4178150_4176843_-2_GTG_435
CP040689	-4190690	TAA	FF952_20380	-4191730	1041	CDS		ATG	FF952_20380|CP040689_4191730_4190690_-3_ATG_346
CP040689	-4194022	TGA	FF952_20395	-4194522	501	CDS		ATG	FF952_20395|CP040689_4194522_4194022_-1_ATG_166
CP040689	-4194536	TAA	FF952_20400	-4195900	1365	CDS		ATG	FF952_20400|CP040689_4195900_4194536_-3_ATG_454
CP040689	-4199295	TAG	FF952_20420	-4200527	1233	CDS		ATG	FF952_20420|CP040689_4200527_4199295_-2_ATG_410
CP040689	-4200843	TGA	FF952_20425	-4202189	1347	CDS		ATG	FF952_20425|CP040689_4202189_4200843_-2_ATG_448
CP040689	-4202189	TGA	FF952_20430	-4202863	675	CDS		ATG	FF952_20430|CP040689_4202863_4202189_-3_ATG_224
CP040689	-4202860	TGA	FF952_20435	-4203255	396	CDS		GTG	FF952_20435|CP040689_4203255_4202860_-1_GTG_131
CP040689	-4203401	TGA	FF952_20440	-4205383	1983	CDS		GTG	FF952_20440|CP040689_4205383_4203401_-3_GTG_660
CP040689	-4205896	TGA	FF952_20450	-4206108	213	CDS		ATG	FF952_20450|CP040689_4206108_4205896_-1_ATG_70
CP040689	-4206181	TAG	FF952_20455	-4206516	336	CDS		ATG	FF952_20455|CP040689_4206516_4206181_-1_ATG_111
CP040689	-4207639	TAG	FF952_20470	-4208148	510	CDS		ATG	FF952_20470|CP040689_4208148_4207639_-1_ATG_169
CP040689	-4208216	TAG	FF952_20475	-4208608	393	CDS		ATG	FF952_20475|CP040689_4208608_4208216_-3_ATG_130
CP040689	-4208766	TGA	FF952_20480	-4208966	201	CDS		TTG	FF952_20480|CP040689_4208966_4208766_-2_TTG_66
CP040689	-4209257	TGA	FF952_20495	-4209715	459	CDS		GTG	FF952_20495|CP040689_4209715_4209257_-3_GTG_152
CP040689	-4209731	TGA	FF952_20500	-4210252	522	CDS		ATG	FF952_20500|CP040689_4210252_4209731_-3_ATG_173
CP040689	-4211299	TAA	FF952_20510	-4211898	600	CDS		GTG	FF952_20510|CP040689_4211898_4211299_-1_GTG_199
CP040689	-4211904	TAG	FF952_20515	-4212623	720	CDS		ATG	FF952_20515|CP040689_4212623_4211904_-2_ATG_239
CP040689	-4212620	TGA	FF952_20520	-4213309	690	CDS		ATG	FF952_20520|CP040689_4213309_4212620_-3_ATG_229
CP040689	-4213297	TGA	FF952_20525	-4214427	1131	CDS		TTG	FF952_20525|CP040689_4214427_4213297_-1_TTG_376
CP040689	-4214436	TAG	FF952_20530	-4215383	948	CDS		ATG	FF952_20530|CP040689_4215383_4214436_-2_ATG_315
CP040689	-4215872	TAA	FF952_20540	-4216927	1056	CDS		GTG	FF952_20540|CP040689_4216927_4215872_-3_GTG_351
CP040689	-4217006	TAG	FF952_20545	-4218886	1881	CDS		GTG	FF952_20545|CP040689_4218886_4217006_-3_GTG_626
CP040689	-4219592	TAG	FF952_20555	-4221019	1428	CDS		GTG	FF952_20555|CP040689_4221019_4219592_-3_GTG_475
CP040689	-4221090	TAG	FF952_20560	-4221794	705	CDS		ATG	FF952_20560|CP040689_4221794_4221090_-2_ATG_234
CP040689	-4223006	TGA	FF952_20570	-4223950	945	CDS		GTG	FF952_20570|CP040689_4223950_4223006_-3_GTG_314
CP040689	-4225210	TAA	FF952_20585	-4225785	576	CDS		ATG	FF952_20585|CP040689_4225785_4225210_-1_ATG_191
CP040689	-4225930	CTG	FF952_20590	-4226279	350	CDS	true	GTG	FF952_20590_p|CP040689_4226279_4225930_-2_GTG_116
CP040689	-4226414	TGA	FF952_20595	-4226740	327	CDS		GTG	FF952_20595|CP040689_4226740_4226414_-3_GTG_108
CP040689	-4228251	TAG	FF952_20615	-4228836	586	CDS	true	ATG	FF952_20615_p|CP040689_4228836_4228251_-1_ATG_195
CP040689	-4233710	TGA	FF952_20645	-4234906	1197	CDS		ATG	FF952_20645|CP040689_4234906_4233710_-3_ATG_398
CP040689	-4242384	TAG	FF952_20685	-4243607	1224	CDS		ATG	FF952_20685|CP040689_4243607_4242384_-2_ATG_407
CP040689	-4243620	TGA	FF952_20690	-4244546	927	CDS		GTG	FF952_20690|CP040689_4244546_4243620_-2_GTG_308
CP040689	-4264378	TAG	FF952_20750	-4265946	1569	CDS		GTG	FF952_20750|CP040689_4265946_4264378_-1_GTG_522
CP040689	-4265943	TGA	FF952_20755	-4271144	5202	CDS		ATG	FF952_20755|CP040689_4271144_4265943_-2_ATG_1733
CP040689	-4271151	TGA	FF952_20760	-4273064	1914	CDS		ATG	FF952_20760|CP040689_4273064_4271151_-2_ATG_637
CP040689	-4273353	TGA	FF952_20765	-4274363	1011	CDS		ATG	FF952_20765|CP040689_4274363_4273353_-2_ATG_336
CP040689	-4274561	TAA	FF952_20770	-4275460	900	CDS		ATG	FF952_20770|CP040689_4275460_4274561_-3_ATG_299
CP040689	-4275640	TAG	FF952_20775	-4276656	1017	CDS		ATG	FF952_20775|CP040689_4276656_4275640_-1_ATG_338
CP040689	-4276951	TGA	FF952_20780	-4278834	1884	CDS		ATG	FF952_20780|CP040689_4278834_4276951_-1_ATG_627
CP040689	-4278923	TAG	FF952_20785	-4279831	909	CDS		ATG	FF952_20785|CP040689_4279831_4278923_-3_ATG_302
CP040689	-4279838	TGA	FF952_20790	-4280335	498	CDS		ATG	FF952_20790|CP040689_4280335_4279838_-3_ATG_165
CP040689	-4280364	TGA	FF952_20795	-4282277	1914	CDS		ATG	FF952_20795|CP040689_4282277_4280364_-2_ATG_637
CP040689	-4282274	TGA	FF952_20800	-4283473	1200	CDS		ATG	FF952_20800|CP040689_4283473_4282274_-3_ATG_399
CP040689	-4288079	TAA	FF952_20820	-4288231	153	CDS		ATG	FF952_20820|CP040689_4288231_4288079_-3_ATG_50
CP040689	-4288182	TGA	FF952_20825	-4288298	117	CDS		ATG	FF952_20825|CP040689_4288298_4288182_-2_ATG_38
CP040689	-4288391	TAG	FF952_20830	-4289212	822	CDS		TTG	FF952_20830|CP040689_4289212_4288391_-3_TTG_273
CP040689	-4289227	TGA	FF952_20835	-4290012	786	CDS		ATG	FF952_20835|CP040689_4290012_4289227_-1_ATG_261
CP040689	-4290030	TAA	FF952_20840	-4290785	756	CDS		ATG	FF952_20840|CP040689_4290785_4290030_-2_ATG_251
CP040689	-4290789	TGA	FF952_20845	-4291568	780	CDS		GTG	FF952_20845|CP040689_4291568_4290789_-2_GTG_259
CP040689	-4294416	TGA	FF952_20865	-4295822	1407	CDS		GTG	FF952_20865|CP040689_4295822_4294416_-2_GTG_468
CP040689	-4298257	TAG	FF952_20880	-4301526	3270	CDS		ATG	FF952_20880|CP040689_4301526_4298257_-1_ATG_1089
CP040689	-4301636	TAG	FF952_20885	-4303171	1536	CDS		GTG	FF952_20885|CP040689_4303171_4301636_-3_GTG_511
CP040689	-4303222	TAA	FF952_20890	-4309602	6381	CDS		TTG	FF952_20890|CP040689_4309602_4303222_-1_TTG_2126
CP040689	-4309703	TAG	FF952_20895	-4309879	177	CDS		GTG	FF952_20895|CP040689_4309879_4309703_-3_GTG_58
CP040689	-4311560	TAA	FF952_20905	-4312783	1224	CDS		ATG	FF952_20905|CP040689_4312783_4311560_-3_ATG_407
CP040689	-4312783	TGA	FF952_20910	-4313364	582	CDS		ATG	FF952_20910|CP040689_4313364_4312783_-1_ATG_193
CP040689	-4313395	TAG	FF952_20915	-4315005	1611	CDS		ATG	FF952_20915|CP040689_4315005_4313395_-1_ATG_536
CP040689	-4315053	TAA	FF952_20920	-4315682	630	CDS		ATG	FF952_20920|CP040689_4315682_4315053_-2_ATG_209
CP040689	-4316233	TAG	FF952_20930	-4316808	576	CDS		ATG	FF952_20930|CP040689_4316808_4316233_-1_ATG_191
CP040689	-4317652	TAG	FF952_20940	-4318911	1260	CDS		GTG	FF952_20940|CP040689_4318911_4317652_-1_GTG_419
CP040689	-4321007	TGA	FF952_20960	-4321705	699	CDS		ATG	FF952_20960|CP040689_4321705_4321007_-3_ATG_232
CP040689	-4321702	TGA	FF952_20965	-4322667	966	CDS		GTG	FF952_20965|CP040689_4322667_4321702_-1_GTG_321
CP040689	-4324736	TGA	FF952_20985	-4325560	825	CDS		ATG	FF952_20985|CP040689_4325560_4324736_-3_ATG_274
CP040689	-4325566	TAG	FF952_20990	-4326594	1029	CDS		GTG	FF952_20990|CP040689_4326594_4325566_-1_GTG_342
CP040689	-4327683	TAA	FF952_20995	-4327895	213	CDS		TTG	FF952_20995|CP040689_4327895_4327683_-2_TTG_70
CP040689	-4327963	GGG	FF952_21000	-4328156	194	CDS	true	GTT	FF952_21000_p|CP040689_4328156_4327963_-2_GTT_64
CP040689	-4328245	TAG	FF952_21005	-4328843	599	CDS	true	GTG	FF952_21005_p|CP040689_4328843_4328245_-2_GTG_199
CP040689	-4330360	TAA	FF952_21025	-4330668	309	CDS		ATG	FF952_21025|CP040689_4330668_4330360_-1_ATG_102
CP040689	-4332159	TAG	FF952_21040	-4332338	180	CDS		GTG	FF952_21040|CP040689_4332338_4332159_-2_GTG_59
CP040689	-4336001	TAG	FF952_21075	-4337470	1470	CDS		ATG	FF952_21075|CP040689_4337470_4336001_-3_ATG_489
CP040689	-4338398	TAG	FF952_21085	-4339405	1008	CDS		ATG	FF952_21085|CP040689_4339405_4338398_-3_ATG_335
CP040689	-4339414	TGA	FF952_21090	-4339611	198	CDS		ATG	FF952_21090|CP040689_4339611_4339414_-1_ATG_65
CP040689	-4340036	TAA	FF952_21095	-4341502	1467	CDS		ATG	FF952_21095|CP040689_4341502_4340036_-3_ATG_488
CP040689	-4341495	TGA	FF952_21100	-4346078	4584	CDS		ATG	FF952_21100|CP040689_4346078_4341495_-2_ATG_1527
CP040689	-4346093	TGA	FF952_21105	-4346476	384	CDS		GTG	FF952_21105|CP040689_4346476_4346093_-3_GTG_127
CP040689	-4348168	TGA	FF952_21120	-4348518	351	CDS		ATG	FF952_21120|CP040689_4348518_4348168_-1_ATG_116
CP040689	-4367641	TGA	FF952_21210	-4369875	2235	CDS		ATG	FF952_21210|CP040689_4369875_4367641_-1_ATG_744
CP040689	-4370292	TAA	FF952_21215	-4370639	348	CDS		GTG	FF952_21215|CP040689_4370639_4370292_-2_GTG_115
CP040689	-4370636	TGA	FF952_21220	-4372018	1383	CDS		ATG	FF952_21220|CP040689_4372018_4370636_-3_ATG_460
CP040689	-4372125	TAG	FF952_21225	-4373513	1389	CDS		ATG	FF952_21225|CP040689_4373513_4372125_-2_ATG_462
CP040689	-4373510	TGA	FF952_21230	-4374850	1341	CDS		GTG	FF952_21230|CP040689_4374850_4373510_-3_GTG_446
CP040689	-4375072	TAG	FF952_21235	-4376931	1860	CDS		ATG	FF952_21235|CP040689_4376931_4375072_-1_ATG_619
CP040689	-4377001	TAG	FF952_21240	-4378614	1614	CDS		TTG	FF952_21240|CP040689_4378614_4377001_-1_TTG_537
CP040689	-4378611	TGA	FF952_21245	-4380263	1653	CDS		ATG	FF952_21245|CP040689_4380263_4378611_-2_ATG_550
CP040689	-4380248	TAA	FF952_21250	-4381777	1530	CDS		GTG	FF952_21250|CP040689_4381777_4380248_-3_GTG_509
CP040689	-4381774	TGA	FF952_21255	-4382799	1026	CDS		GTG	FF952_21255|CP040689_4382799_4381774_-1_GTG_341
CP040689	-4382893	TGA	FF952_21260	-4383723	831	CDS		ATG	FF952_21260|CP040689_4383723_4382893_-1_ATG_276
CP040689	-4383819	TAA	FF952_21265	-4384106	288	CDS		ATG	FF952_21265|CP040689_4384106_4383819_-2_ATG_95
CP040689	-4384142	TGA	FF952_21270	-4384465	324	CDS		GTG	FF952_21270|CP040689_4384465_4384142_-3_GTG_107
CP040689	-4384577	TAG	FF952_21275	-4385776	1200	CDS		ATG	FF952_21275|CP040689_4385776_4384577_-3_ATG_399
CP040689	-4385855	TAG	FF952_21280	-4386088	234	CDS		ATG	FF952_21280|CP040689_4386088_4385855_-3_ATG_77
CP040689	-4386355	TAG	FF952_21285	-4390545	4191	CDS		ATG	FF952_21285|CP040689_4390545_4386355_-1_ATG_1396
CP040689	-4390546	TAG	FF952_21290	-4392033	1488	CDS		ATG	FF952_21290|CP040689_4392033_4390546_-1_ATG_495
CP040689	-4392036	TGA	FF952_21295	-4392944	909	CDS		GTG	FF952_21295|CP040689_4392944_4392036_-2_GTG_302
CP040689	-4393094	TAG	FF952_21300	-4394083	990	CDS		ATG	FF952_21300|CP040689_4394083_4393094_-3_ATG_329
CP040689	-4394245	TGA	FF952_21305	-4394730	486	CDS		CTG	FF952_21305|CP040689_4394730_4394245_-1_CTG_161
CP040689	-4394733	TGA	FF952_21310	-4395476	744	CDS		ATG	FF952_21310|CP040689_4395476_4394733_-2_ATG_247
CP040689	-4395470	TGA	FF952_21315	-4396380	911	CDS	true	GTG	FF952_21315_p|CP040689_4396380_4395470_-1_GTG_303
CP040689	-4396437	TGA	FF952_21320	-4396886	450	CDS		GTG	FF952_21320|CP040689_4396886_4396437_-2_GTG_149
CP040689	-4397437	TAG	FF952_21325	-4397967	531	CDS		GTG	FF952_21325|CP040689_4397967_4397437_-1_GTG_176
CP040689	-4397964	TGA	FF952_21330	-4400504	2541	CDS		ATG	FF952_21330|CP040689_4400504_4397964_-2_ATG_846
CP040689	-4400509	TGA	FF952_21335	-4400781	273	CDS		GTG	FF952_21335|CP040689_4400781_4400509_-1_GTG_90
CP040689	-4400792	TGA	FF952_21340	-4401103	312	CDS		ATG	FF952_21340|CP040689_4401103_4400792_-3_ATG_103
CP040689	-4401169	TAG	FF952_21345	-4401678	510	CDS		GTG	FF952_21345|CP040689_4401678_4401169_-1_GTG_169
CP040689	-4401703	TAG	FF952_21350	-4403145	1443	CDS		GTG	FF952_21350|CP040689_4403145_4401703_-1_GTG_480
CP040689	-4414504	TAA	FF952_21400	-4415238	735	CDS		GTG	FF952_21400|CP040689_4415238_4414504_-1_GTG_244
CP040689	-4415278	TAG	FF952_21405	-4415565	288	CDS		ATG	FF952_21405|CP040689_4415565_4415278_-1_ATG_95
CP040689	-4415528	TAA	FF952_21410	-4416562	1035	CDS		ATG	FF952_21410|CP040689_4416562_4415528_-3_ATG_344
CP040689	-4416559	TGA	FF952_21415	-4417602	1044	CDS		GTG	FF952_21415|CP040689_4417602_4416559_-1_GTG_347
CP040689	-4417599	TGA	FF952_21420	-4418273	675	CDS		ATG	FF952_21420|CP040689_4418273_4417599_-2_ATG_224
CP040689	-4418405	TAG	FF952_21425	-4418968	564	CDS		ATG	FF952_21425|CP040689_4418968_4418405_-3_ATG_187
CP040689	-4419040	TGA	FF952_21430	-4420140	1101	CDS		GTG	FF952_21430|CP040689_4420140_4419040_-1_GTG_366
CP040689	-4420124	TGA	FF952_21435	-4420486	363	CDS		GTG	FF952_21435|CP040689_4420486_4420124_-3_GTG_120
CP040689	-4420483	TGA	FF952_21440	-4420860	378	CDS		TTG	FF952_21440|CP040689_4420860_4420483_-1_TTG_125
CP040689	-4420857	TGA	FF952_21445	-4421000	144	CDS		GTG	FF952_21445|CP040689_4421000_4420857_-2_GTG_47
