chromosome	end	stopCodon	RefSeq ID	RefSeq start	RefSeq length (nt)	RefSeq type	RefSeq pseudo	RefSeq startCodon	mapped IDs
CP040688	1724	TAG	FF951_00005	201	1524	CDS		TTG	FF951_00005|CP040688_201_1724_+3_TTG_507
CP040688	3107	TGA	FF951_00010	1846	1263	fCDS		ATG	FF951_00010_fCDS|CP040688_1846_3107_+1_ATG_420
CP040688	4818	TGA	FF951_00015	3610	1209	CDS		ATG	FF951_00015|CP040688_3610_4818_+1_ATG_402
CP040688	5995	TGA	FF951_00020	4838	1158	CDS		GTG	FF951_00020|CP040688_4838_5995_+2_GTG_385
CP040688	6555	TAA	FF951_00025	5992	564	CDS		ATG	FF951_00025|CP040688_5992_6555_+1_ATG_187
CP040688	8825	TAA	FF951_00030	6798	2028	CDS		GTG	FF951_00030|CP040688_6798_8825_+3_GTG_675
CP040688	11376	TAA	FF951_00035	8860	2517	CDS		ATG	FF951_00035|CP040688_8860_11376_+1_ATG_838
CP040688	12386	TAA	FF951_00040	11472	915	CDS		GTG	FF951_00040|CP040688_11472_12386_+3_GTG_304
CP040688	12974	TGA	FF951_00055	12783	192	CDS		TTG	FF951_00055|CP040688_12783_12974_+3_TTG_63
CP040688	14574	TGA	FF951_00070	14026	549	CDS		ATG	FF951_00070|CP040688_14026_14574_+1_ATG_182
CP040688	16435	TGA	FF951_00085	15647	789	CDS		ATG	FF951_00085|CP040688_15647_16435_+2_ATG_262
CP040688	17170	TGA	FF951_00090	16472	699	CDS		ATG	FF951_00090|CP040688_16472_17170_+2_ATG_232
CP040688	29905	TGA	FF951_00145	29135	771	CDS		GTG	FF951_00145|CP040688_29135_29905_+2_GTG_256
CP040688	30746	TAA	FF951_00150	29889	858	CDS		ATG	FF951_00150|CP040688_29889_30746_+3_ATG_285
CP040688	31146	TAG	FF951_00155	30784	363	CDS		ATG	FF951_00155|CP040688_30784_31146_+1_ATG_120
CP040688	32607	TAG	FF951_00160	31261	1347	CDS		GTG	FF951_00160|CP040688_31261_32607_+1_GTG_448
CP040688	33045	TGA	FF951_00165	32728	318	CDS		ATG	FF951_00165|CP040688_32728_33045_+1_ATG_105
CP040688	33358	TGA	FF951_00170	33053	306	CDS		ATG	FF951_00170|CP040688_33053_33358_+2_ATG_101
CP040688	34693	TAG	FF951_00175	33596	1098	CDS		GTG	FF951_00175|CP040688_33596_34693_+2_GTG_365
CP040688	35092	TGA	FF951_00180	34763	330	CDS		ATG	FF951_00180|CP040688_34763_35092_+2_ATG_109
CP040688	35333	TGA	FF951_00185	35121	213	CDS		TTG	FF951_00185|CP040688_35121_35333_+3_TTG_70
CP040688	38149	TGA	FF951_00195	35834	2316	CDS		ATG	FF951_00195|CP040688_35834_38149_+2_ATG_771
CP040688	38409	TGA	FF951_00200	38146	264	CDS		ATG	FF951_00200|CP040688_38146_38409_+1_ATG_87
CP040688	38801	TGA	FF951_00205	38406	396	CDS		ATG	FF951_00205|CP040688_38406_38801_+3_ATG_131
CP040688	40486	TGA	FF951_00210	38798	1689	CDS		ATG	FF951_00210|CP040688_38798_40486_+2_ATG_562
CP040688	43619	TAG	FF951_00225	43011	609	CDS		GTG	FF951_00225|CP040688_43011_43619_+3_GTG_202
CP040688	48178	TAG	FF951_00240	45269	2910	CDS		GTG	FF951_00240|CP040688_45269_48178_+2_GTG_969
CP040688	54949	TAG	FF951_00280	54536	414	CDS		GTG	FF951_00280|CP040688_54536_54949_+2_GTG_137
CP040688	57413	TGA	FF951_00285	54942	2472	CDS		GTG	FF951_00285|CP040688_54942_57413_+3_GTG_823
CP040688	59092	TGA	FF951_00290	57410	1683	CDS		GTG	FF951_00290|CP040688_57410_59092_+2_GTG_560
CP040688	59687	TGA	FF951_00295	59049	639	CDS		ATG	FF951_00295|CP040688_59049_59687_+3_ATG_212
CP040688	60196	TAA	FF951_00300	59906	291	CDS		ATG	FF951_00300|CP040688_59906_60196_+2_ATG_96
CP040688	60794	TGA	FF951_00305	60300	495	CDS		GTG	FF951_00305|CP040688_60300_60794_+3_GTG_164
CP040688	61090	TAG	FF951_00310	60836	255	CDS		ATG	FF951_00310|CP040688_60836_61090_+2_ATG_84
CP040688	61581	TAA	FF951_00315	61123	459	CDS		ATG	FF951_00315|CP040688_61123_61581_+1_ATG_152
CP040688	62131	TAG	FF951_00320	61610	522	CDS		ATG	FF951_00320|CP040688_61610_62131_+2_ATG_173
CP040688	64734	TGA	FF951_00325	62110	2625	CDS		ATG	FF951_00325|CP040688_62110_64734_+1_ATG_874
CP040688	65606	TAA	FF951_00330	64914	693	CDS		ATG	FF951_00330|CP040688_64914_65606_+3_ATG_230
CP040688	66681	TGA	FF951_00335	65623	1059	CDS		ATG	FF951_00335|CP040688_65623_66681_+1_ATG_352
CP040688	68408	TAG	FF951_00350	67266	1143	CDS		ATG	FF951_00350|CP040688_67266_68408_+3_ATG_380
CP040688	70097	TAG	FF951_00355	68637	1461	CDS		TTG	FF951_00355|CP040688_68637_70097_+3_TTG_486
CP040688	70294	TAG	FF951_00360	70133	162	CDS		GTG	FF951_00360|CP040688_70133_70294_+2_GTG_53
CP040688	73274	TAA	FF951_00365	70335	2940	CDS		ATG	FF951_00365|CP040688_70335_73274_+3_ATG_979
CP040688	73580	TGA	FF951_00370	73341	240	CDS		ATG	FF951_00370|CP040688_73341_73580_+3_ATG_79
CP040688	73974	TGA	FF951_00375	73573	402	CDS		GTG	FF951_00375|CP040688_73573_73974_+1_GTG_133
CP040688	77964	TGA	FF951_00390	77053	912	CDS		ATG	FF951_00390|CP040688_77053_77964_+1_ATG_303
CP040688	82287	TAA	FF951_00405	81238	1050	CDS		ATG	FF951_00405|CP040688_81238_82287_+1_ATG_349
CP040688	83472	TAA	FF951_00410	82300	1173	CDS		ATG	FF951_00410|CP040688_82300_83472_+1_ATG_390
CP040688	85437	TAG	FF951_00425	84832	606	CDS		ATG	FF951_00425|CP040688_84832_85437_+1_ATG_201
CP040688	87329	TGA	FF951_00440	86508	822	CDS		GTG	FF951_00440|CP040688_86508_87329_+3_GTG_273
CP040688	87784	TAG	FF951_00445	87326	459	CDS		ATG	FF951_00445|CP040688_87326_87784_+2_ATG_152
CP040688	88223	TAA	FF951_00450	87879	345	CDS		GTG	FF951_00450|CP040688_87879_88223_+3_GTG_114
CP040688	88707	TGA	FF951_00455	88228	480	CDS		ATG	FF951_00455|CP040688_88228_88707_+1_ATG_159
CP040688	90626	TGA	FF951_00460	88704	1923	CDS		ATG	FF951_00460|CP040688_88704_90626_+3_ATG_640
CP040688	91582	TGA	FF951_00465	90632	951	CDS		ATG	FF951_00465|CP040688_90632_91582_+2_ATG_316
CP040688	92255	TGA	FF951_00470	91593	663	CDS		ATG	FF951_00470|CP040688_91593_92255_+3_ATG_220
CP040688	93721	TGA	FF951_00475	92255	1467	CDS		ATG	FF951_00475|CP040688_92255_93721_+2_ATG_488
CP040688	94947	ATC	FF951_00480	93718	1230	CDS	true	GTG	FF951_00480_p|CP040688_93718_94947_+1_GTG_410
CP040688	95258	TGA	FF951_00485	95064	195	CDS		ATG	FF951_00485|CP040688_95064_95258_+3_ATG_64
CP040688	96136	TGA	FF951_00490	95369	768	CDS		ATG	FF951_00490|CP040688_95369_96136_+2_ATG_255
CP040688	98553	TGA	FF951_00495	96268	2286	CDS		ATG	FF951_00495|CP040688_96268_98553_+1_ATG_761
CP040688	102401	TGA	FF951_00515	101010	1392	CDS		ATG	FF951_00515|CP040688_101010_102401_+3_ATG_463
CP040688	103289	TGA	FF951_00520	102420	870	CDS		ATG	FF951_00520|CP040688_102420_103289_+3_ATG_289
CP040688	103837	TAA	FF951_00525	103286	552	CDS		ATG	FF951_00525|CP040688_103286_103837_+2_ATG_183
CP040688	105464	TGA	FF951_00530	103842	1623	CDS		ATG	FF951_00530|CP040688_103842_105464_+3_ATG_540
CP040688	105705	TAA	FF951_00535	105469	237	CDS		GTG	FF951_00535|CP040688_105469_105705_+1_GTG_78
CP040688	113225	TAG	FF951_00540	105687	7539	CDS		GTG	FF951_00540|CP040688_105687_113225_+3_GTG_2512
CP040688	115385	TGA	FF951_00545	113400	1986	CDS		ATG	FF951_00545|CP040688_113400_115385_+3_ATG_661
CP040688	119517	TAA	FF951_00555	118003	1515	CDS	true	GTG	FF951_00555_p|CP040688_118003_119517_+1_GTG_504
CP040688	121256	TGA	FF951_00570	120060	1197	CDS		ATG	FF951_00570|CP040688_120060_121256_+3_ATG_398
CP040688	128560	TAG	FF951_00585	127070	1491	CDS		ATG	FF951_00585|CP040688_127070_128560_+2_ATG_496
CP040688	129457	TGA	FF951_00590	128708	750	CDS		ATG	FF951_00590|CP040688_128708_129457_+2_ATG_249
CP040688	131695	TAA	FF951_00595	129638	2058	CDS		GTG	FF951_00595|CP040688_129638_131695_+2_GTG_685
CP040688	132933	TGA	FF951_00600	131977	957	CDS		ATG	FF951_00600|CP040688_131977_132933_+1_ATG_318
CP040688	133597	TAG	FF951_00605	133007	591	CDS		GTG	FF951_00605|CP040688_133007_133597_+2_GTG_196
CP040688	134201	TAA	FF951_00610	133629	573	CDS		ATG	FF951_00610|CP040688_133629_134201_+3_ATG_190
CP040688	135361	TGA	FF951_00615	134201	1161	CDS		ATG	FF951_00615|CP040688_134201_135361_+2_ATG_386
CP040688	135832	TGA	FF951_00620	135644	189	CDS		ATG	FF951_00620|CP040688_135644_135832_+2_ATG_62
CP040688	137832	TGA	FF951_00630	136888	945	CDS		GTG	FF951_00630|CP040688_136888_137832_+1_GTG_314
CP040688	141314	TAG	FF951_00640	139686	1629	CDS		GTG	FF951_00640|CP040688_139686_141314_+3_GTG_542
CP040688	144547	TGA	FF951_00655	144179	369	CDS		TTG	FF951_00655|CP040688_144179_144547_+2_TTG_122
CP040688	144912	TAG	FF951_00660	144544	369	CDS		ATG	FF951_00660|CP040688_144544_144912_+1_ATG_122
CP040688	146846	TAG	FF951_00665	145221	1626	CDS		ATG	FF951_00665|CP040688_145221_146846_+3_ATG_541
CP040688	148065	TGA	FF951_00670	146998	1068	CDS		ATG	FF951_00670|CP040688_146998_148065_+1_ATG_355
CP040688	149979	TGA	FF951_00675	148174	1806	CDS		ATG	FF951_00675|CP040688_148174_149979_+1_ATG_601
CP040688	150086	GAC	FF951_00680	149976	111	CDS	true	ATG	FF951_00680_p|CP040688_149976_150086_+3_ATG_37
CP040688	151449	TGA	FF951_00685	150082	1368	CDS		ATG	FF951_00685|CP040688_150082_151449_+1_ATG_455
CP040688	152296	TAG	FF951_00690	151517	780	CDS		GTG	FF951_00690|CP040688_151517_152296_+2_GTG_259
CP040688	154152	TGA	FF951_00700	153697	456	CDS		ATG	FF951_00700|CP040688_153697_154152_+1_ATG_151
CP040688	157324	TAG	FF951_00715	156719	606	CDS		ATG	FF951_00715|CP040688_156719_157324_+2_ATG_201
CP040688	158522	TGA	FF951_00720	157621	902	CDS	true	ATG	FF951_00720_p|CP040688_157621_158522_+1_ATG_300
CP040688	160540	TGA	FF951_00730	159215	1326	CDS		ATG	FF951_00730|CP040688_159215_160540_+2_ATG_441
CP040688	161675	TAA	FF951_00740	161172	504	CDS		GTG	FF951_00740|CP040688_161172_161675_+3_GTG_167
CP040688	162698	TGA	FF951_00745	161676	1023	CDS		ATG	FF951_00745|CP040688_161676_162698_+3_ATG_340
CP040688	163139	TAG	FF951_00750	162759	381	CDS		ATG	FF951_00750|CP040688_162759_163139_+3_ATG_126
CP040688	164486	TAG	FF951_00760	163560	927	CDS		GTG	FF951_00760|CP040688_163560_164486_+3_GTG_308
CP040688	166975	TGA	FF951_00770	166133	843	CDS		GTG	FF951_00770|CP040688_166133_166975_+2_GTG_280
CP040688	168017	TGA	FF951_00775	167064	954	CDS		GTG	FF951_00775|CP040688_167064_168017_+3_GTG_317
CP040688	168992	TAG	FF951_00780	168060	933	CDS		ATG	FF951_00780|CP040688_168060_168992_+3_ATG_310
CP040688	170607	TGA	FF951_00785	169087	1521	CDS		ATG	FF951_00785|CP040688_169087_170607_+1_ATG_506
CP040688	171542	TAG	FF951_00790	170682	861	CDS		ATG	FF951_00790|CP040688_170682_171542_+3_ATG_286
CP040688	172517	TAA	FF951_00795	171549	969	CDS		ATG	FF951_00795|CP040688_171549_172517_+3_ATG_322
CP040688	173259	TCC	FF951_00805	173078	182	CDS	true	GGC	FF951_00805_p|CP040688_173078_173259_+2_GGC_60
CP040688	179418	TAG	FF951_00835	179164	255	CDS		CTG	FF951_00835|CP040688_179164_179418_+1_CTG_84
CP040688	180571	TAG	FF951_00840	179471	1101	CDS		ATG	FF951_00840|CP040688_179471_180571_+2_ATG_366
CP040688	180904	TGA	FF951_00845	180572	333	CDS		ATG	FF951_00845|CP040688_180572_180904_+2_ATG_110
CP040688	182328	TAG	FF951_00850	180901	1428	CDS		ATG	FF951_00850|CP040688_180901_182328_+1_ATG_475
CP040688	183278	TGA	FF951_00860	182634	645	CDS		ATG	FF951_00860|CP040688_182634_183278_+3_ATG_214
CP040688	187805	TGA	FF951_00875	186456	1350	CDS		ATG	FF951_00875|CP040688_186456_187805_+3_ATG_449
CP040688	189421	TAA	FF951_00885	188966	456	CDS		ATG	FF951_00885|CP040688_188966_189421_+2_ATG_151
CP040688	189960	TAA	FF951_00895	189475	486	CDS		ATG	FF951_00895|CP040688_189475_189960_+1_ATG_161
CP040688	192508	TAA	FF951_00905	190844	1665	CDS		TTG	FF951_00905|CP040688_190844_192508_+2_TTG_554
CP040688	193509	TGA	FF951_00910	192712	798	CDS		GTG	FF951_00910|CP040688_192712_193509_+1_GTG_265
CP040688	194380	TAG	FF951_00915	193511	870	CDS		ATG	FF951_00915|CP040688_193511_194380_+2_ATG_289
CP040688	195749	TGA	FF951_00920	194385	1365	CDS		ATG	FF951_00920|CP040688_194385_195749_+3_ATG_454
CP040688	196786	TGA	FF951_00925	195746	1041	CDS		ATG	FF951_00925|CP040688_195746_196786_+2_ATG_346
CP040688	198330	TGA	FF951_00930	196783	1548	CDS		ATG	FF951_00930|CP040688_196783_198330_+1_ATG_515
CP040688	199919	TGA	FF951_00935	198327	1593	CDS		TTG	FF951_00935|CP040688_198327_199919_+3_TTG_530
CP040688	201088	TGA	FF951_00940	199916	1173	CDS		ATG	FF951_00940|CP040688_199916_201088_+2_ATG_390
CP040688	202629	TGA	FF951_00945	201082	1548	CDS		GTG	FF951_00945|CP040688_201082_202629_+1_GTG_515
CP040688	203306	TGA	FF951_00950	202665	642	CDS		GTG	FF951_00950|CP040688_202665_203306_+3_GTG_213
CP040688	204271	TGA	FF951_00955	203303	969	CDS		GTG	FF951_00955|CP040688_203303_204271_+2_GTG_322
CP040688	204822	TGA	FF951_00960	204268	555	CDS		ATG	FF951_00960|CP040688_204268_204822_+1_ATG_184
CP040688	205523	TAG	FF951_00965	204789	735	CDS		GTG	FF951_00965|CP040688_204789_205523_+3_GTG_244
CP040688	210778	TAG	FF951_00990	209939	840	CDS		ATG	FF951_00990|CP040688_209939_210778_+2_ATG_279
CP040688	211569	TGA	FF951_00995	210820	750	CDS		ATG	FF951_00995|CP040688_210820_211569_+1_ATG_249
CP040688	212075	TGA	FF951_01000	211566	510	CDS		GTG	FF951_01000|CP040688_211566_212075_+3_GTG_169
CP040688	214195	TGA	FF951_01005	212120	2076	CDS		ATG	FF951_01005|CP040688_212120_214195_+2_ATG_691
CP040688	215218	TAG	FF951_01015	214556	663	CDS		TTG	FF951_01015|CP040688_214556_215218_+2_TTG_220
CP040688	215768	TAG	FF951_01020	215337	432	CDS		ATG	FF951_01020|CP040688_215337_215768_+3_ATG_143
CP040688	218012	TGA	FF951_01030	217722	291	CDS		ATG	FF951_01030|CP040688_217722_218012_+3_ATG_96
CP040688	219381	TAA	FF951_01035	218140	1242	CDS		ATG	FF951_01035|CP040688_218140_219381_+1_ATG_413
CP040688	220515	TAA	FF951_01040	219415	1101	CDS		ATG	FF951_01040|CP040688_219415_220515_+1_ATG_366
CP040688	226313	TAG	FF951_01050	222729	3585	CDS		ATG	FF951_01050|CP040688_222729_226313_+3_ATG_1194
CP040688	227386	TGA	FF951_01055	226751	636	CDS		ATG	FF951_01055|CP040688_226751_227386_+2_ATG_211
CP040688	228083	TGA	FF951_01060	227499	585	CDS		ATG	FF951_01060|CP040688_227499_228083_+3_ATG_194
CP040688	230329	TAG	FF951_01065	228083	2247	CDS		ATG	FF951_01065|CP040688_228083_230329_+2_ATG_748
CP040688	233063	TGA	FF951_01075	232404	660	CDS		ATG	FF951_01075|CP040688_232404_233063_+3_ATG_219
CP040688	233749	TAA	FF951_01080	233060	690	CDS		ATG	FF951_01080|CP040688_233060_233749_+2_ATG_229
CP040688	237778	TAG	FF951_01095	237368	411	CDS		ATG	FF951_01095|CP040688_237368_237778_+2_ATG_136
CP040688	240341	TAA	FF951_01105	239238	1104	CDS		ATG	FF951_01105|CP040688_239238_240341_+3_ATG_367
CP040688	245977	TGA	FF951_01125	244892	1086	CDS		ATG	FF951_01125|CP040688_244892_245977_+2_ATG_361
CP040688	247452	TGA	FF951_01130	245974	1479	CDS		GTG	FF951_01130|CP040688_245974_247452_+1_GTG_492
CP040688	249456	TAG	FF951_01135	247636	1821	CDS		ATG	FF951_01135|CP040688_247636_249456_+1_ATG_606
CP040688	253531	TGA	FF951_01150	251918	1614	CDS		TTG	FF951_01150|CP040688_251918_253531_+2_TTG_537
CP040688	255780	TAG	FF951_01160	254767	1014	CDS		GTG	FF951_01160|CP040688_254767_255780_+1_GTG_337
CP040688	258106	TGA	FF951_01170	256778	1329	CDS		ATG	FF951_01170|CP040688_256778_258106_+2_ATG_442
CP040688	258656	TAG	FF951_01175	258108	549	CDS		ATG	FF951_01175|CP040688_258108_258656_+3_ATG_182
CP040688	259877	TAA	FF951_01180	258666	1212	CDS		ATG	FF951_01180|CP040688_258666_259877_+3_ATG_403
CP040688	261330	TGA	FF951_01185	259921	1410	CDS		GTG	FF951_01185|CP040688_259921_261330_+1_GTG_469
CP040688	262149	TAG	FF951_01190	261361	789	CDS		ATG	FF951_01190|CP040688_261361_262149_+1_ATG_262
CP040688	265671	TGA	FF951_01205	264517	1155	CDS		ATG	FF951_01205|CP040688_264517_265671_+1_ATG_384
CP040688	270132	TGA	FF951_01220	268909	1224	CDS		ATG	FF951_01220|CP040688_268909_270132_+1_ATG_407
CP040688	273618	TAG	FF951_01240	271912	1707	CDS		ATG	FF951_01240|CP040688_271912_273618_+1_ATG_568
CP040688	274442	TGA	FF951_01245	273753	690	CDS		ATG	FF951_01245|CP040688_273753_274442_+3_ATG_229
CP040688	275383	TAG	FF951_01250	274439	945	CDS		ATG	FF951_01250|CP040688_274439_275383_+2_ATG_314
CP040688	284206	TAG	FF951_01275	283040	1167	CDS		ATG	FF951_01275|CP040688_283040_284206_+2_ATG_388
CP040688	284896	TGA	FF951_01280	284282	615	CDS		ATG	FF951_01280|CP040688_284282_284896_+2_ATG_204
CP040688	285191	TGA	FF951_01285	284958	234	CDS		ATG	FF951_01285|CP040688_284958_285191_+3_ATG_77
CP040688	285636	TGA	FF951_01290	285199	438	CDS		GTG	FF951_01290|CP040688_285199_285636_+1_GTG_145
CP040688	289347	TGA	FF951_01305	288025	1323	CDS		GTG	FF951_01305|CP040688_288025_289347_+1_GTG_440
CP040688	292348	TAA	FF951_01315	291860	489	CDS		GTG	FF951_01315|CP040688_291860_292348_+2_GTG_162
CP040688	293974	TAG	FF951_01320	292664	1311	CDS		GTG	FF951_01320|CP040688_292664_293974_+2_GTG_436
CP040688	301282	TGA	FF951_01350	298721	2562	CDS		ATG	FF951_01350|CP040688_298721_301282_+2_ATG_853
CP040688	301664	TAG	FF951_01355	301308	357	CDS		GTG	FF951_01355|CP040688_301308_301664_+3_GTG_118
CP040688	318577	TAG	FF951_01420	317186	1392	CDS		ATG	FF951_01420|CP040688_317186_318577_+2_ATG_463
CP040688	322104	TAG	FF951_01435	320422	1683	CDS		ATG	FF951_01435|CP040688_320422_322104_+1_ATG_560
CP040688	326858	TAG	FF951_01455	326277	582	CDS		ATG	FF951_01455|CP040688_326277_326858_+3_ATG_193
CP040688	328523	TAA	FF951_01465	327603	921	CDS		ATG	FF951_01465|CP040688_327603_328523_+3_ATG_306
CP040688	336966	TGA	FF951_01490	335353	1614	CDS		ATG	FF951_01490|CP040688_335353_336966_+1_ATG_537
CP040688	337898	TGA	FF951_01495	336990	909	CDS		GTG	FF951_01495|CP040688_336990_337898_+3_GTG_302
CP040688	340017	TGA	FF951_01500	338122	1896	CDS		ATG	FF951_01500|CP040688_338122_340017_+1_ATG_631
CP040688	341630	TGA	FF951_01505	340014	1617	CDS		ATG	FF951_01505|CP040688_340014_341630_+3_ATG_538
CP040688	345619	TGA	FF951_01510	341627	3993	CDS		GTG	FF951_01510|CP040688_341627_345619_+2_GTG_1330
CP040688	345924	TGA	FF951_01515	345616	309	CDS		ATG	FF951_01515|CP040688_345616_345924_+1_ATG_102
CP040688	347468	TAA	FF951_01520	345927	1542	CDS		ATG	FF951_01520|CP040688_345927_347468_+3_ATG_513
CP040688	347810	TGA	FF951_01525	347517	294	CDS		ATG	FF951_01525|CP040688_347517_347810_+3_ATG_97
CP040688	348130	TAG	FF951_01530	347840	291	CDS		ATG	FF951_01530|CP040688_347840_348130_+2_ATG_96
CP040688	349028	TAA	FF951_01535	348141	888	CDS		ATG	FF951_01535|CP040688_348141_349028_+3_ATG_295
CP040688	350493	TGA	FF951_01540	349075	1419	CDS		ATG	FF951_01540|CP040688_349075_350493_+1_ATG_472
CP040688	351875	TGA	FF951_01545	350490	1386	CDS		ATG	FF951_01545|CP040688_350490_351875_+3_ATG_461
CP040688	352867	TGA	FF951_01550	351872	996	CDS		ATG	FF951_01550|CP040688_351872_352867_+2_ATG_331
CP040688	354948	TAG	FF951_01560	354163	786	CDS		ATG	FF951_01560|CP040688_354163_354948_+1_ATG_261
CP040688	359101	TGA	FF951_01575	357326	1776	CDS		GTG	FF951_01575|CP040688_357326_359101_+2_GTG_591
CP040688	359471	TGA	FF951_01580	359244	228	CDS		ATG	FF951_01580|CP040688_359244_359471_+3_ATG_75
CP040688	359770	TAG	FF951_01585	359468	303	CDS		TTG	FF951_01585|CP040688_359468_359770_+2_TTG_100
CP040688	360039	TGA	FF951_01590	359818	222	CDS		ATG	FF951_01590|CP040688_359818_360039_+1_ATG_73
CP040688	360461	TAA	FF951_01595	360036	426	CDS		GTG	FF951_01595|CP040688_360036_360461_+3_GTG_141
CP040688	361229	TGA	FF951_01600	360597	633	CDS		GTG	FF951_01600|CP040688_360597_361229_+3_GTG_210
CP040688	362134	TAG	FF951_01605	361226	909	CDS		ATG	FF951_01605|CP040688_361226_362134_+2_ATG_302
CP040688	372561	TAG	FF951_01615	371890	672	CDS		ATG	FF951_01615|CP040688_371890_372561_+1_ATG_223
CP040688	373805	TAA	FF951_01625	373089	717	CDS		ATG	FF951_01625|CP040688_373089_373805_+3_ATG_238
CP040688	374563	TAA	FF951_01630	373907	657	CDS		ATG	FF951_01630|CP040688_373907_374563_+2_ATG_218
CP040688	376377	TGA	FF951_01640	375148	1230	CDS		ATG	FF951_01640|CP040688_375148_376377_+1_ATG_409
CP040688	378394	TGA	FF951_01645	376532	1863	CDS		ATG	FF951_01645|CP040688_376532_378394_+2_ATG_620
CP040688	378852	TAA	FF951_01650	378466	387	CDS		GTG	FF951_01650|CP040688_378466_378852_+1_GTG_128
CP040688	380462	TAA	FF951_01660	379578	885	CDS		ATG	FF951_01660|CP040688_379578_380462_+3_ATG_294
CP040688	381125	TGA	FF951_01665	380511	615	CDS		ATG	FF951_01665|CP040688_380511_381125_+3_ATG_204
CP040688	383792	TAG	FF951_01685	383124	669	CDS		ATG	FF951_01685|CP040688_383124_383792_+3_ATG_222
CP040688	384526	TGA	FF951_01690	383864	663	CDS		GTG	FF951_01690|CP040688_383864_384526_+2_GTG_220
CP040688	385130	TAG	FF951_01695	384558	573	CDS		GTG	FF951_01695|CP040688_384558_385130_+3_GTG_190
CP040688	386567	TGA	FF951_01700	385236	1332	CDS		GTG	FF951_01700|CP040688_385236_386567_+3_GTG_443
CP040688	388008	TGA	FF951_01710	387328	681	CDS		ATG	FF951_01710|CP040688_387328_388008_+1_ATG_226
CP040688	388704	TAG	FF951_01715	388015	690	CDS		GTG	FF951_01715|CP040688_388015_388704_+1_GTG_229
CP040688	390689	TGA	FF951_01725	390087	603	CDS		GTG	FF951_01725|CP040688_390087_390689_+3_GTG_200
CP040688	393343	TGA	FF951_01740	392177	1167	CDS		ATG	FF951_01740|CP040688_392177_393343_+2_ATG_388
CP040688	394203	TAG	FF951_01745	393418	786	CDS		TTG	FF951_01745|CP040688_393418_394203_+1_TTG_261
CP040688	394604	TGA	FF951_01750	394230	375	CDS		ATG	FF951_01750|CP040688_394230_394604_+3_ATG_124
CP040688	395500	TGA	FF951_01755	394634	867	CDS		ATG	FF951_01755|CP040688_394634_395500_+2_ATG_288
CP040688	397678	TGA	FF951_01765	396144	1535	CDS	true	ATG	FF951_01765_p|CP040688_396144_397678_+3_ATG_511
CP040688	397791	CGC	FF951_01770	397600	192	CDS	true	GGT	FF951_01770_p|CP040688_397600_397791_+1_GGT_64
CP040688	405148	TAA	FF951_01790	404609	540	CDS		GTG	FF951_01790|CP040688_404609_405148_+2_GTG_179
CP040688	406776	TGA	FF951_01795	405337	1440	CDS		ATG	FF951_01795|CP040688_405337_406776_+1_ATG_479
CP040688	408735	TGA	FF951_01800	406813	1923	CDS		ATG	FF951_01800|CP040688_406813_408735_+1_ATG_640
CP040688	410213	TGA	FF951_01805	408732	1482	CDS		GTG	FF951_01805|CP040688_408732_410213_+3_GTG_493
CP040688	411435	TGA	FF951_01815	411025	411	CDS		TTG	FF951_01815|CP040688_411025_411435_+1_TTG_136
CP040688	414265	TGA	FF951_01825	413279	987	CDS		GTG	FF951_01825|CP040688_413279_414265_+2_GTG_328
CP040688	414921	TAA	FF951_01830	414268	654	CDS		ATG	FF951_01830|CP040688_414268_414921_+1_ATG_217
CP040688	415583	TGA	FF951_01835	414924	660	CDS		GTG	FF951_01835|CP040688_414924_415583_+3_GTG_219
CP040688	417687	TGA	FF951_01840	415810	1878	CDS		ATG	FF951_01840|CP040688_415810_417687_+1_ATG_625
CP040688	418391	TAA	FF951_01845	417684	708	CDS		GTG	FF951_01845|CP040688_417684_418391_+3_GTG_235
CP040688	419614	TGA	FF951_01850	418427	1188	CDS		ATG	FF951_01850|CP040688_418427_419614_+2_ATG_395
CP040688	419994	TGA	FF951_01855	419614	381	CDS		ATG	FF951_01855|CP040688_419614_419994_+1_ATG_126
CP040688	433414	TAG	FF951_01880	432767	648	CDS		ATG	FF951_01880|CP040688_432767_433414_+2_ATG_215
CP040688	434204	TGA	FF951_01885	433425	780	CDS		GTG	FF951_01885|CP040688_433425_434204_+3_GTG_259
CP040688	435556	TGA	FF951_01895	434729	828	CDS		ATG	FF951_01895|CP040688_434729_435556_+2_ATG_275
CP040688	437160	TGA	FF951_01900	435778	1383	CDS		GTG	FF951_01900|CP040688_435778_437160_+1_GTG_460
CP040688	438985	TGA	FF951_01910	438302	684	CDS		ATG	FF951_01910|CP040688_438302_438985_+2_ATG_227
CP040688	451293	TAG	FF951_01975	450328	966	CDS		ATG	FF951_01975|CP040688_450328_451293_+1_ATG_321
CP040688	451765	TGA	FF951_01980	451544	222	CDS		GTG	FF951_01980|CP040688_451544_451765_+2_GTG_73
CP040688	452099	TAG	FF951_01985	451884	216	CDS		ATG	FF951_01985|CP040688_451884_452099_+3_ATG_71
CP040688	459214	TAG	FF951_02015	458042	1173	CDS		GTG	FF951_02015|CP040688_458042_459214_+2_GTG_390
CP040688	462575	TGA	FF951_02020	459318	3258	CDS		ATG	FF951_02020|CP040688_459318_462575_+3_ATG_1085
CP040688	465503	TGA	FF951_02030	464244	1260	CDS		GTG	FF951_02030|CP040688_464244_465503_+3_GTG_419
CP040688	465922	TGA	FF951_02035	465500	423	CDS		GTG	FF951_02035|CP040688_465500_465922_+2_GTG_140
CP040688	467139	TAA	FF951_02040	465919	1221	CDS		ATG	FF951_02040|CP040688_465919_467139_+1_ATG_406
CP040688	470015	TGA	FF951_02050	468690	1326	CDS		ATG	FF951_02050|CP040688_468690_470015_+3_ATG_441
CP040688	471253	TAG	FF951_02060	470849	405	CDS		ATG	FF951_02060|CP040688_470849_471253_+2_ATG_134
CP040688	471651	TAG	FF951_02065	471259	393	CDS		GTG	FF951_02065|CP040688_471259_471651_+1_GTG_130
CP040688	472093	TAA	FF951_02070	471725	369	CDS		TTG	FF951_02070|CP040688_471725_472093_+2_TTG_122
CP040688	472551	TAG	FF951_02080	472303	249	CDS		ATG	FF951_02080|CP040688_472303_472551_+1_ATG_82
CP040688	476069	TGA	FF951_02100	475698	372	CDS		ATG	FF951_02100|CP040688_475698_476069_+3_ATG_123
CP040688	481643	TGA	FF951_02115	479886	1758	CDS		ATG	FF951_02115|CP040688_479886_481643_+3_ATG_585
CP040688	485847	TAG	FF951_02120	481678	4170	CDS		ATG	FF951_02120|CP040688_481678_485847_+1_ATG_1389
CP040688	487701	TGA	FF951_02130	486691	1011	CDS		GTG	FF951_02130|CP040688_486691_487701_+1_GTG_336
CP040688	489766	TAG	FF951_02135	487694	2073	CDS		TTG	FF951_02135|CP040688_487694_489766_+2_TTG_690
CP040688	490916	TGA	FF951_02140	489759	1158	CDS		ATG	FF951_02140|CP040688_489759_490916_+3_ATG_385
CP040688	496274	TAA	FF951_02160	495621	654	CDS		TTG	FF951_02160|CP040688_495621_496274_+3_TTG_217
CP040688	498078	TGA	FF951_02170	497056	1023	CDS		ATG	FF951_02170|CP040688_497056_498078_+1_ATG_340
CP040688	498281	TGA	FF951_02175	498075	207	CDS		ATG	FF951_02175|CP040688_498075_498281_+3_ATG_68
CP040688	499032	TAA	FF951_02180	498274	759	CDS		GTG	FF951_02180|CP040688_498274_499032_+1_GTG_252
CP040688	499206	TAG	FF951_02185	499054	153	CDS		GTG	FF951_02185|CP040688_499054_499206_+1_GTG_50
CP040688	500906	TGA	FF951_02190	499404	1503	CDS		ATG	FF951_02190|CP040688_499404_500906_+3_ATG_500
CP040688	502490	TAG	FF951_02195	500994	1497	CDS		ATG	FF951_02195|CP040688_500994_502490_+3_ATG_498
CP040688	514948	TGA	FF951_02250	514640	309	CDS		ATG	FF951_02250|CP040688_514640_514948_+2_ATG_102
CP040688	515474	TGA	FF951_02255	514980	495	CDS		GTG	FF951_02255|CP040688_514980_515474_+3_GTG_164
CP040688	516229	TAG	FF951_02260	515507	723	CDS		ATG	FF951_02260|CP040688_515507_516229_+2_ATG_240
CP040688	517361	TAG	FF951_02265	516231	1131	CDS		TTG	FF951_02265|CP040688_516231_517361_+3_TTG_376
CP040688	518074	TAA	FF951_02270	517421	654	CDS		ATG	FF951_02270|CP040688_517421_518074_+2_ATG_217
CP040688	526137	TGA	FF951_02300	524515	1623	CDS		ATG	FF951_02300|CP040688_524515_526137_+1_ATG_540
CP040688	528818	TAA	FF951_02315	528303	516	CDS		ATG	FF951_02315|CP040688_528303_528818_+3_ATG_171
CP040688	538759	TGA	FF951_02360	538049	711	CDS		GTG	FF951_02360|CP040688_538049_538759_+2_GTG_236
CP040688	539084	TGA	FF951_02365	538893	192	CDS		TTG	FF951_02365|CP040688_538893_539084_+3_TTG_63
CP040688	540637	TGA	FF951_02370	539081	1557	CDS		ATG	FF951_02370|CP040688_539081_540637_+2_ATG_518
CP040688	541092	TAG	FF951_02375	540742	351	CDS		TTG	FF951_02375|CP040688_540742_541092_+1_TTG_116
CP040688	547105	TGA	FF951_02405	545582	1524	CDS		ATG	FF951_02405|CP040688_545582_547105_+2_ATG_507
CP040688	547596	TAG	FF951_02410	547105	492	CDS		ATG	FF951_02410|CP040688_547105_547596_+1_ATG_163
CP040688	547895	TGA	FF951_02415	547656	240	CDS		ATG	FF951_02415|CP040688_547656_547895_+3_ATG_79
CP040688	548457	TAG	FF951_02420	547933	525	CDS		GTG	FF951_02420|CP040688_547933_548457_+1_GTG_174
CP040688	549915	TGA	FF951_02425	548521	1395	CDS		GTG	FF951_02425|CP040688_548521_549915_+1_GTG_464
CP040688	550216	TGA	FF951_02430	549923	294	CDS		ATG	FF951_02430|CP040688_549923_550216_+2_ATG_97
CP040688	553159	TGA	FF951_02445	552365	795	CDS		GTG	FF951_02445|CP040688_552365_553159_+2_GTG_264
CP040688	554720	TAG	FF951_02450	553434	1287	CDS		ATG	FF951_02450|CP040688_553434_554720_+3_ATG_428
CP040688	555662	TGA	FF951_02455	554802	861	CDS		GTG	FF951_02455|CP040688_554802_555662_+3_GTG_286
CP040688	556655	TAG	FF951_02460	555795	861	CDS		ATG	FF951_02460|CP040688_555795_556655_+3_ATG_286
CP040688	560841	TGA	FF951_02485	559471	1371	CDS		GTG	FF951_02485|CP040688_559471_560841_+1_GTG_456
CP040688	561350	TAG	FF951_02490	560928	423	CDS		ATG	FF951_02490|CP040688_560928_561350_+3_ATG_140
CP040688	562303	TAG	FF951_02495	561704	600	CDS		ATG	FF951_02495|CP040688_561704_562303_+2_ATG_199
CP040688	562678	TAA	FF951_02500	562415	264	CDS		ATG	FF951_02500|CP040688_562415_562678_+2_ATG_87
CP040688	563129	TAG	FF951_02505	562683	447	CDS		ATG	FF951_02505|CP040688_562683_563129_+3_ATG_148
CP040688	563803	TGA	FF951_02510	563129	675	CDS		GTG	FF951_02510|CP040688_563129_563803_+2_GTG_224
CP040688	567555	TAG	FF951_02530	566446	1110	CDS		ATG	FF951_02530|CP040688_566446_567555_+1_ATG_369
CP040688	568972	TAG	FF951_02535	567617	1356	CDS		GTG	FF951_02535|CP040688_567617_568972_+2_GTG_451
CP040688	571207	TGA	FF951_02545	569891	1317	CDS		GTG	FF951_02545|CP040688_569891_571207_+2_GTG_438
CP040688	572697	TGA	FF951_02550	571255	1443	CDS		ATG	FF951_02550|CP040688_571255_572697_+1_ATG_480
CP040688	573245	TAG	FF951_02555	572694	552	CDS		GTG	FF951_02555|CP040688_572694_573245_+3_GTG_183
CP040688	574176	TGA	FF951_02560	573571	606	CDS		ATG	FF951_02560|CP040688_573571_574176_+1_ATG_201
CP040688	575082	TAA	FF951_02565	574333	750	CDS		ATG	FF951_02565|CP040688_574333_575082_+1_ATG_249
CP040688	576488	TGA	FF951_02570	575256	1233	CDS		GTG	FF951_02570|CP040688_575256_576488_+3_GTG_410
CP040688	577375	TAG	FF951_02580	576692	684	CDS		ATG	FF951_02580|CP040688_576692_577375_+2_ATG_227
CP040688	581306	TAG	FF951_02600	580578	729	CDS		TTG	FF951_02600|CP040688_580578_581306_+3_TTG_242
CP040688	583263	TGA	FF951_02610	582277	987	CDS		GTG	FF951_02610|CP040688_582277_583263_+1_GTG_328
CP040688	584192	TAG	FF951_02615	583260	933	CDS		ATG	FF951_02615|CP040688_583260_584192_+3_ATG_310
CP040688	585050	TGA	FF951_02620	584208	843	CDS		GTG	FF951_02620|CP040688_584208_585050_+3_GTG_280
CP040688	585941	TAG	FF951_02625	585066	876	CDS		ATG	FF951_02625|CP040688_585066_585941_+3_ATG_291
CP040688	586853	TGA	FF951_02630	585966	888	CDS		ATG	FF951_02630|CP040688_585966_586853_+3_ATG_295
CP040688	587230	TAG	FF951_02635	586994	237	CDS		ATG	FF951_02635|CP040688_586994_587230_+2_ATG_78
CP040688	587459	TAG	FF951_02640	587358	102	CDS		ATG	FF951_02640|CP040688_587358_587459_+3_ATG_33
CP040688	588667	TAG	FF951_02645	587537	1131	CDS		GTG	FF951_02645|CP040688_587537_588667_+2_GTG_376
CP040688	589750	TGA	FF951_02650	588674	1077	CDS		ATG	FF951_02650|CP040688_588674_589750_+2_ATG_358
CP040688	593085	TGA	FF951_02670	592642	444	CDS		GTG	FF951_02670|CP040688_592642_593085_+1_GTG_147
CP040688	595988	TAG	FF951_02675	593082	2907	CDS		ATG	FF951_02675|CP040688_593082_595988_+3_ATG_968
CP040688	596274	TAG	FF951_02680	595981	294	CDS		ATG	FF951_02680|CP040688_595981_596274_+1_ATG_97
CP040688	597730	TGA	FF951_02685	596324	1407	CDS		GTG	FF951_02685|CP040688_596324_597730_+2_GTG_468
CP040688	598669	TAG	FF951_02690	597740	930	CDS		GTG	FF951_02690|CP040688_597740_598669_+2_GTG_309
CP040688	600399	TAG	FF951_02695	598702	1698	CDS		ATG	FF951_02695|CP040688_598702_600399_+1_ATG_565
CP040688	601474	TGA	FF951_02700	600485	990	CDS		ATG	FF951_02700|CP040688_600485_601474_+2_ATG_329
CP040688	602035	TGA	FF951_02705	601487	549	CDS		ATG	FF951_02705|CP040688_601487_602035_+2_ATG_182
CP040688	602331	TGA	FF951_02710	602032	300	CDS		GTG	FF951_02710|CP040688_602032_602331_+1_GTG_99
CP040688	603944	TAG	FF951_02715	602410	1535	CDS	true	ATG	FF951_02715_p|CP040688_602410_603944_+1_ATG_511
CP040688	605938	TGA	FF951_02725	604628	1311	CDS		ATG	FF951_02725|CP040688_604628_605938_+2_ATG_436
CP040688	606765	TGA	FF951_02730	606070	696	CDS		GTG	FF951_02730|CP040688_606070_606765_+1_GTG_231
CP040688	608198	TAA	FF951_02740	607998	201	CDS		GTG	FF951_02740|CP040688_607998_608198_+3_GTG_66
CP040688	608487	TGA	FF951_02745	608137	351	CDS		ATG	FF951_02745|CP040688_608137_608487_+1_ATG_116
CP040688	608785	TGA	FF951_02750	608480	306	CDS		ATG	FF951_02750|CP040688_608480_608785_+2_ATG_101
CP040688	610224	TGA	FF951_02755	608839	1386	CDS		CTG	FF951_02755|CP040688_608839_610224_+1_CTG_461
CP040688	612105	TGA	FF951_02765	610717	1389	CDS		ATG	FF951_02765|CP040688_610717_612105_+1_ATG_462
CP040688	612713	TGA	FF951_02770	612105	609	CDS		ATG	FF951_02770|CP040688_612105_612713_+3_ATG_202
CP040688	613378	TGA	FF951_02775	612728	651	CDS		ATG	FF951_02775|CP040688_612728_613378_+2_ATG_216
CP040688	614154	TGA	FF951_02780	613375	780	CDS		ATG	FF951_02780|CP040688_613375_614154_+1_ATG_259
CP040688	615776	TGA	FF951_02785	614187	1590	CDS		ATG	FF951_02785|CP040688_614187_615776_+3_ATG_529
CP040688	616747	TGA	FF951_02790	615773	975	CDS		TTG	FF951_02790|CP040688_615773_616747_+2_TTG_324
CP040688	618006	TAG	FF951_02795	616789	1218	CDS		GTG	FF951_02795|CP040688_616789_618006_+1_GTG_405
CP040688	618528	TGA	FF951_02805	618211	318	CDS		GTG	FF951_02805|CP040688_618211_618528_+1_GTG_105
CP040688	618682	TAA	FF951_02810	618500	183	CDS		GTG	FF951_02810|CP040688_618500_618682_+2_GTG_60
CP040688	620543	TAA	FF951_02815	618675	1869	CDS		ATG	FF951_02815|CP040688_618675_620543_+3_ATG_622
CP040688	623217	TGA	FF951_02830	622423	795	CDS		ATG	FF951_02830|CP040688_622423_623217_+1_ATG_264
CP040688	624254	TGA	FF951_02835	623214	1041	CDS		ATG	FF951_02835|CP040688_623214_624254_+3_ATG_346
CP040688	627652	TGA	FF951_02845	626006	1647	CDS		ATG	FF951_02845|CP040688_626006_627652_+2_ATG_548
CP040688	628341	TGA	FF951_02850	627709	633	CDS		GTG	FF951_02850|CP040688_627709_628341_+1_GTG_210
CP040688	629000	TGA	FF951_02855	628338	663	CDS		GTG	FF951_02855|CP040688_628338_629000_+3_GTG_220
CP040688	640459	TGA	FF951_02915	638855	1605	CDS		ATG	FF951_02915|CP040688_638855_640459_+2_ATG_534
CP040688	641436	TGA	FF951_02920	640456	981	CDS		GTG	FF951_02920|CP040688_640456_641436_+1_GTG_326
CP040688	642221	TGA	FF951_02925	641433	789	CDS		GTG	FF951_02925|CP040688_641433_642221_+3_GTG_262
CP040688	643928	TGA	FF951_02930	642264	1665	CDS		GTG	FF951_02930|CP040688_642264_643928_+3_GTG_554
CP040688	644440	TGA	FF951_02935	643925	516	CDS		GTG	FF951_02935|CP040688_643925_644440_+2_GTG_171
CP040688	645638	TAA	FF951_02940	644502	1137	CDS		GTG	FF951_02940|CP040688_644502_645638_+3_GTG_378
CP040688	646359	TGA	FF951_02945	645655	705	CDS		ATG	FF951_02945|CP040688_645655_646359_+1_ATG_234
CP040688	649744	TAG	FF951_02965	648737	1008	CDS		GTG	FF951_02965|CP040688_648737_649744_+2_GTG_335
CP040688	650705	TGA	FF951_02970	649845	861	CDS		ATG	FF951_02970|CP040688_649845_650705_+3_ATG_286
CP040688	655306	TAG	FF951_02995	654287	1020	CDS		GTG	FF951_02995|CP040688_654287_655306_+2_GTG_339
CP040688	656834	TGA	FF951_03000	655416	1419	CDS		ATG	FF951_03000|CP040688_655416_656834_+3_ATG_472
CP040688	657235	TAG	FF951_03005	656969	267	CDS		ATG	FF951_03005|CP040688_656969_657235_+2_ATG_88
CP040688	659339	TGA	FF951_03010	657261	2079	CDS		GTG	FF951_03010|CP040688_657261_659339_+3_GTG_692
CP040688	659545	TAG	FF951_03015	659351	195	CDS		ATG	FF951_03015|CP040688_659351_659545_+2_ATG_64
CP040688	667118	TAA	FF951_03050	665814	1305	CDS		ATG	FF951_03050|CP040688_665814_667118_+3_ATG_434
CP040688	667917	TAG	FF951_03055	667132	786	CDS		ATG	FF951_03055|CP040688_667132_667917_+1_ATG_261
CP040688	672267	TGA	FF951_03065	671788	480	CDS		TTG	FF951_03065|CP040688_671788_672267_+1_TTG_159
CP040688	672953	TGA	FF951_03070	672195	759	CDS		ATG	FF951_03070|CP040688_672195_672953_+3_ATG_252
CP040688	673882	TGA	FF951_03080	673667	216	CDS		GTG	FF951_03080|CP040688_673667_673882_+2_GTG_71
CP040688	674286	TAA	FF951_03085	673879	408	CDS		GTG	FF951_03085|CP040688_673879_674286_+1_GTG_135
CP040688	677819	TGA	FF951_03095	675186	2634	CDS		ATG	FF951_03095|CP040688_675186_677819_+3_ATG_877
CP040688	681089	TGA	FF951_03105	680367	723	CDS		ATG	FF951_03105|CP040688_680367_681089_+3_ATG_240
CP040688	681883	TAG	FF951_03110	681086	798	CDS		ATG	FF951_03110|CP040688_681086_681883_+2_ATG_265
CP040688	682772	TAG	FF951_03115	681885	888	CDS		ATG	FF951_03115|CP040688_681885_682772_+3_ATG_295
CP040688	683992	TGA	FF951_03120	682778	1215	CDS		GTG	FF951_03120|CP040688_682778_683992_+2_GTG_404
CP040688	685011	TGA	FF951_03125	683989	1023	CDS		ATG	FF951_03125|CP040688_683989_685011_+1_ATG_340
CP040688	686453	TGA	FF951_03130	685008	1446	CDS		ATG	FF951_03130|CP040688_685008_686453_+3_ATG_481
CP040688	687976	TGA	FF951_03135	686450	1527	CDS		ATG	FF951_03135|CP040688_686450_687976_+2_ATG_508
CP040688	689181	TGA	FF951_03140	687973	1209	CDS		GTG	FF951_03140|CP040688_687973_689181_+1_GTG_402
CP040688	690736	TGA	FF951_03145	689186	1551	CDS		ATG	FF951_03145|CP040688_689186_690736_+2_ATG_516
CP040688	696116	TAG	FF951_03190	695805	312	CDS		ATG	FF951_03190|CP040688_695805_696116_+3_ATG_103
CP040688	697138	TGA	FF951_03195	696188	951	CDS		ATG	FF951_03195|CP040688_696188_697138_+2_ATG_316
CP040688	697963	TGA	FF951_03200	697379	585	CDS		ATG	FF951_03200|CP040688_697379_697963_+2_ATG_194
CP040688	698708	TAA	FF951_03205	697965	744	CDS		ATG	FF951_03205|CP040688_697965_698708_+3_ATG_247
CP040688	699148	TGA	FF951_03210	698762	387	CDS		GTG	FF951_03210|CP040688_698762_699148_+2_GTG_128
CP040688	699438	TGA	FF951_03215	699193	246	CDS		ATG	FF951_03215|CP040688_699193_699438_+1_ATG_81
CP040688	699836	TGA	FF951_03220	699435	402	CDS		GTG	FF951_03220|CP040688_699435_699836_+3_GTG_133
CP040688	700006	TGA	FF951_03225	699779	228	CDS		GTG	FF951_03225|CP040688_699779_700006_+2_GTG_75
CP040688	700161	TAG	FF951_03230	699934	228	CDS		GTG	FF951_03230|CP040688_699934_700161_+1_GTG_75
CP040688	702878	TGA	FF951_03255	702273	606	CDS		GTG	FF951_03255|CP040688_702273_702878_+3_GTG_201
CP040688	706297	TGA	FF951_03265	705548	750	CDS		GTG	FF951_03265|CP040688_705548_706297_+2_GTG_249
CP040688	706536	TAG	FF951_03270	706294	243	CDS		GTG	FF951_03270|CP040688_706294_706536_+1_GTG_80
CP040688	706958	TGA	FF951_03280	706731	228	CDS		GTG	FF951_03280|CP040688_706731_706958_+3_GTG_75
CP040688	707356	TGA	FF951_03285	706955	402	CDS		GTG	FF951_03285|CP040688_706955_707356_+2_GTG_133
CP040688	708180	TGA	FF951_03290	707485	696	CDS		ATG	FF951_03290|CP040688_707485_708180_+1_ATG_231
CP040688	708668	TGA	FF951_03295	708177	492	CDS		CTG	FF951_03295|CP040688_708177_708668_+3_CTG_163
CP040688	709756	TGA	FF951_03300	708665	1092	CDS		ATG	FF951_03300|CP040688_708665_709756_+2_ATG_363
CP040688	711214	TGA	FF951_03310	710150	1065	CDS		ATG	FF951_03310|CP040688_710150_711214_+2_ATG_354
CP040688	712265	TGA	FF951_03315	711318	948	CDS		ATG	FF951_03315|CP040688_711318_712265_+3_ATG_315
CP040688	712612	TGA	FF951_03320	712358	255	CDS		ATG	FF951_03320|CP040688_712358_712612_+2_ATG_84
CP040688	713007	TAA	FF951_03325	712612	396	CDS		ATG	FF951_03325|CP040688_712612_713007_+1_ATG_131
CP040688	714233	TGA	FF951_03335	713973	261	CDS		ATG	FF951_03335|CP040688_713973_714233_+3_ATG_86
CP040688	714637	TGA	FF951_03340	714230	408	CDS		GTG	FF951_03340|CP040688_714230_714637_+2_GTG_135
CP040688	727312	TGA	FF951_03380	727061	252	CDS		TTG	FF951_03380|CP040688_727061_727312_+2_TTG_83
CP040688	727827	TAA	FF951_03395	727660	168	CDS		ATG	FF951_03395|CP040688_727660_727827_+1_ATG_55
CP040688	728354	TGA	FF951_03400	727878	477	CDS		GTG	FF951_03400|CP040688_727878_728354_+3_GTG_158
CP040688	728769	TAG	FF951_03405	728341	429	CDS		ATG	FF951_03405|CP040688_728341_728769_+1_ATG_142
CP040688	729273	TAA	FF951_03410	728773	501	CDS		ATG	FF951_03410|CP040688_728773_729273_+1_ATG_166
CP040688	730170	TGA	FF951_03420	729685	486	CDS		GTG	FF951_03420|CP040688_729685_730170_+1_GTG_161
CP040688	730918	TAG	FF951_03425	730202	717	CDS		GTG	FF951_03425|CP040688_730202_730918_+2_GTG_238
CP040688	731398	TAG	FF951_03430	730970	429	CDS		ATG	FF951_03430|CP040688_730970_731398_+2_ATG_142
CP040688	732172	TAG	FF951_03435	731465	708	CDS		ATG	FF951_03435|CP040688_731465_732172_+2_ATG_235
CP040688	742847	TGA	FF951_03470	738942	3906	CDS		ATG	FF951_03470|CP040688_738942_742847_+3_ATG_1301
CP040688	743518	TGA	FF951_03475	742844	675	CDS		ATG	FF951_03475|CP040688_742844_743518_+2_ATG_224
CP040688	744426	TAA	FF951_03480	743518	909	CDS		ATG	FF951_03480|CP040688_743518_744426_+1_ATG_302
CP040688	745293	TAG	FF951_03485	744757	537	CDS		ATG	FF951_03485|CP040688_744757_745293_+1_ATG_178
CP040688	745722	TAG	FF951_03490	745330	393	CDS		ATG	FF951_03490|CP040688_745330_745722_+1_ATG_130
CP040688	747986	TGA	FF951_03500	746481	1506	CDS		ATG	FF951_03500|CP040688_746481_747986_+3_ATG_501
CP040688	749077	TAA	FF951_03505	747998	1080	CDS		GTG	FF951_03505|CP040688_747998_749077_+2_GTG_359
CP040688	754981	TAG	FF951_03545	752618	2364	CDS		ATG	FF951_03545|CP040688_752618_754981_+2_ATG_787
CP040688	755285	TGA	FF951_03550	755013	273	CDS		ATG	FF951_03550|CP040688_755013_755285_+3_ATG_90
CP040688	755620	TGA	FF951_03555	755282	339	CDS		GTG	FF951_03555|CP040688_755282_755620_+2_GTG_112
CP040688	755790	TGA	FF951_03560	755617	174	CDS		GTG	FF951_03560|CP040688_755617_755790_+1_GTG_57
CP040688	756005	TAG	FF951_03565	755775	231	CDS		TTG	FF951_03565|CP040688_755775_756005_+3_TTG_76
CP040688	759806	TAA	FF951_03570	756288	3519	CDS		TTG	FF951_03570|CP040688_756288_759806_+3_TTG_1172
CP040688	763801	TAG	FF951_03575	759851	3951	CDS		GTG	FF951_03575|CP040688_759851_763801_+2_GTG_1316
CP040688	767031	TGA	FF951_03590	766273	759	CDS		GTG	FF951_03590|CP040688_766273_767031_+1_GTG_252
CP040688	767905	TGA	FF951_03595	767063	843	CDS		ATG	FF951_03595|CP040688_767063_767905_+2_ATG_280
CP040688	769586	TGA	FF951_03600	767965	1622	CDS	true	ATG	FF951_03600_p|CP040688_767965_769586_+1_ATG_540
CP040688	770535	TAA	FF951_03605	769597	939	CDS		ATG	FF951_03605|CP040688_769597_770535_+1_ATG_312
CP040688	771260	TGA	FF951_03610	770538	723	CDS		ATG	FF951_03610|CP040688_770538_771260_+3_ATG_240
CP040688	772048	TAG	FF951_03615	771257	792	CDS		ATG	FF951_03615|CP040688_771257_772048_+2_ATG_263
CP040688	775961	TGA	FF951_03630	775464	498	CDS		GTG	FF951_03630|CP040688_775464_775961_+3_GTG_165
CP040688	777785	TAG	FF951_03645	777195	591	CDS		GTG	FF951_03645|CP040688_777195_777785_+3_GTG_196
CP040688	778408	TGA	FF951_03650	778034	375	CDS		ATG	FF951_03650|CP040688_778034_778408_+2_ATG_124
CP040688	778878	TGA	FF951_03655	778408	471	CDS		ATG	FF951_03655|CP040688_778408_778878_+1_ATG_156
CP040688	781064	TGA	FF951_03660	778959	2106	CDS		GTG	FF951_03660|CP040688_778959_781064_+3_GTG_701
CP040688	782485	TAG	FF951_03665	781295	1191	CDS		GTG	FF951_03665|CP040688_781295_782485_+2_GTG_396
CP040688	783420	TGA	FF951_03670	782623	798	CDS		GTG	FF951_03670|CP040688_782623_783420_+1_GTG_265
CP040688	784400	TGA	FF951_03675	783573	828	CDS		GTG	FF951_03675|CP040688_783573_784400_+3_GTG_275
CP040688	785634	TAG	FF951_03680	784414	1221	CDS		ATG	FF951_03680|CP040688_784414_785634_+1_ATG_406
CP040688	788320	TGA	FF951_03705	788231	90	CDS		ATG	FF951_03705|CP040688_788231_788320_+2_ATG_29
CP040688	788634	TGA	FF951_03710	788323	312	CDS		GTG	FF951_03710|CP040688_788323_788634_+1_GTG_103
CP040688	789806	TAG	FF951_03715	788631	1176	CDS		ATG	FF951_03715|CP040688_788631_789806_+3_ATG_391
CP040688	790999	TAG	FF951_03720	789809	1191	CDS		GTG	FF951_03720|CP040688_789809_790999_+2_GTG_396
CP040688	791944	TGA	FF951_03725	791189	756	CDS		GTG	FF951_03725|CP040688_791189_791944_+2_GTG_251
CP040688	793405	TAG	FF951_03730	791993	1413	CDS		ATG	FF951_03730|CP040688_791993_793405_+2_ATG_470
CP040688	794846	TGA	FF951_03735	793407	1440	CDS		GTG	FF951_03735|CP040688_793407_794846_+3_GTG_479
CP040688	795039	TGA	FF951_03740	794836	204	CDS		TTG	FF951_03740|CP040688_794836_795039_+1_TTG_67
CP040688	795268	GCC	FF951_03745	795122	147	CDS	true	GCG	FF951_03745_p|CP040688_795122_795268_+2_GCG_49
CP040688	795918	TGA	FF951_03750	795307	612	CDS		TTG	FF951_03750|CP040688_795307_795918_+1_TTG_203
CP040688	796324	TAG	FF951_03755	796103	222	CDS		ATG	FF951_03755|CP040688_796103_796324_+2_ATG_73
CP040688	797266	TAG	FF951_03765	796961	306	CDS		GTG	FF951_03765|CP040688_796961_797266_+2_GTG_101
CP040688	797936	TGA	FF951_03770	797283	654	CDS		ATG	FF951_03770|CP040688_797283_797936_+3_ATG_217
CP040688	798607	TGA	FF951_03775	797936	672	CDS		ATG	FF951_03775|CP040688_797936_798607_+2_ATG_223
CP040688	798909	TAG	FF951_03780	798607	303	CDS		ATG	FF951_03780|CP040688_798607_798909_+1_ATG_100
CP040688	799950	TAG	FF951_03785	799108	843	CDS		ATG	FF951_03785|CP040688_799108_799950_+1_ATG_280
CP040688	800272	TGA	FF951_03790	799991	282	CDS		ATG	FF951_03790|CP040688_799991_800272_+2_ATG_93
CP040688	800862	TAG	FF951_03795	800269	594	CDS		ATG	FF951_03795|CP040688_800269_800862_+1_ATG_197
CP040688	801686	TGA	FF951_03800	800862	825	CDS		GTG	FF951_03800|CP040688_800862_801686_+3_GTG_274
CP040688	802106	TGA	FF951_03805	801690	417	CDS		ATG	FF951_03805|CP040688_801690_802106_+3_ATG_138
CP040688	802339	TGA	FF951_03810	802106	234	CDS		ATG	FF951_03810|CP040688_802106_802339_+2_ATG_77
CP040688	802746	TAA	FF951_03815	802336	411	CDS		GTG	FF951_03815|CP040688_802336_802746_+1_GTG_136
CP040688	805278	TGA	FF951_03820	802915	2364	CDS		ATG	FF951_03820|CP040688_802915_805278_+1_ATG_787
CP040688	806225	TAG	FF951_03825	805326	900	CDS		GTG	FF951_03825|CP040688_805326_806225_+3_GTG_299
CP040688	807468	TAA	FF951_03830	806527	942	CDS		ATG	FF951_03830|CP040688_806527_807468_+1_ATG_313
CP040688	808322	TAG	FF951_03835	807954	369	CDS		GTG	FF951_03835|CP040688_807954_808322_+3_GTG_122
CP040688	808640	TGA	FF951_03840	808323	318	CDS		ATG	FF951_03840|CP040688_808323_808640_+3_ATG_105
CP040688	809203	TGA	FF951_03845	808640	564	CDS		ATG	FF951_03845|CP040688_808640_809203_+2_ATG_187
CP040688	809393	TAA	FF951_03850	809208	186	CDS		ATG	FF951_03850|CP040688_809208_809393_+3_ATG_61
CP040688	809955	TGA	FF951_03855	809557	399	CDS		ATG	FF951_03855|CP040688_809557_809955_+1_ATG_132
CP040688	810518	TAG	FF951_03860	809979	540	CDS		ATG	FF951_03860|CP040688_809979_810518_+3_ATG_179
CP040688	810889	TGA	FF951_03865	810521	369	CDS		ATG	FF951_03865|CP040688_810521_810889_+2_ATG_122
CP040688	811571	TAG	FF951_03870	810909	663	CDS		ATG	FF951_03870|CP040688_810909_811571_+3_ATG_220
CP040688	811771	TAG	FF951_03875	811574	198	CDS		ATG	FF951_03875|CP040688_811574_811771_+2_ATG_65
CP040688	812211	TAG	FF951_03880	811771	441	CDS		GTG	FF951_03880|CP040688_811771_812211_+1_GTG_146
CP040688	814115	TAG	FF951_03885	812244	1872	CDS		ATG	FF951_03885|CP040688_812244_814115_+3_ATG_623
CP040688	819434	TGA	FF951_03910	818088	1347	CDS		GTG	FF951_03910|CP040688_818088_819434_+3_GTG_448
CP040688	820175	TAG	FF951_03915	819447	729	CDS		ATG	FF951_03915|CP040688_819447_820175_+3_ATG_242
CP040688	822706	TGA	FF951_03925	821381	1326	CDS		GTG	FF951_03925|CP040688_821381_822706_+2_GTG_441
CP040688	823248	TAG	FF951_03930	822703	546	CDS		GTG	FF951_03930|CP040688_822703_823248_+1_GTG_181
CP040688	824051	TAG	FF951_03935	823251	801	CDS		ATG	FF951_03935|CP040688_823251_824051_+3_ATG_266
CP040688	824657	TGA	FF951_03940	824124	534	CDS		GTG	FF951_03940|CP040688_824124_824657_+3_GTG_177
CP040688	825473	TAA	FF951_03945	824721	753	CDS		ATG	FF951_03945|CP040688_824721_825473_+3_ATG_250
CP040688	825740	TGA	FF951_03950	825528	213	CDS		GTG	FF951_03950|CP040688_825528_825740_+3_GTG_70
CP040688	826285	TGA	FF951_03955	825788	498	CDS		GTG	FF951_03955|CP040688_825788_826285_+2_GTG_165
CP040688	826494	TAA	FF951_03960	826282	213	CDS		TTG	FF951_03960|CP040688_826282_826494_+1_TTG_70
CP040688	827191	TGA	FF951_03965	826643	549	CDS		GTG	FF951_03965|CP040688_826643_827191_+2_GTG_182
CP040688	828244	TGA	FF951_03975	827396	849	CDS		ATG	FF951_03975|CP040688_827396_828244_+2_ATG_282
CP040688	828886	TGA	FF951_03980	828359	528	CDS		ATG	FF951_03980|CP040688_828359_828886_+2_ATG_175
CP040688	829431	TAG	FF951_03985	829108	324	CDS	true	CTA	FF951_03985_p|CP040688_829108_829431_+1_CTA_107
CP040688	830091	TGA	FF951_03990	829564	528	CDS		ATA	FF951_03990|CP040688_829564_830091_+1_ATA_175
CP040688	832264	TGA	FF951_04010	831737	528	CDS		GTG	FF951_04010|CP040688_831737_832264_+2_GTG_175
CP040688	834638	TAG	FF951_04015	832284	2355	CDS		ATG	FF951_04015|CP040688_832284_834638_+3_ATG_784
CP040688	834957	TGA	FF951_04020	834715	243	CDS		ATG	FF951_04020|CP040688_834715_834957_+1_ATG_80
CP040688	837310	TAG	FF951_04025	835037	2274	CDS		ATG	FF951_04025|CP040688_835037_837310_+2_ATG_757
CP040688	837658	TAA	FF951_04030	837401	258	CDS		ATG	FF951_04030|CP040688_837401_837658_+2_ATG_85
CP040688	838110	TAG	FF951_04035	837682	429	CDS		ATG	FF951_04035|CP040688_837682_838110_+1_ATG_142
CP040688	838732	TGA	FF951_04045	838487	246	CDS		GTG	FF951_04045|CP040688_838487_838732_+2_GTG_81
CP040688	844364	TGA	FF951_04065	842613	1752	CDS		ATG	FF951_04065|CP040688_842613_844364_+3_ATG_583
CP040688	848802	TGA	FF951_04090	848059	744	CDS		ATG	FF951_04090|CP040688_848059_848802_+1_ATG_247
CP040688	850304	TGA	FF951_04095	848847	1458	CDS		ATG	FF951_04095|CP040688_848847_850304_+3_ATG_485
CP040688	858830	TAG	FF951_04145	857361	1470	CDS		ATG	FF951_04145|CP040688_857361_858830_+3_ATG_489
CP040688	859607	TGA	FF951_04150	858861	747	CDS		ATG	FF951_04150|CP040688_858861_859607_+3_ATG_248
CP040688	860592	TGA	FF951_04155	859705	888	CDS		ATG	FF951_04155|CP040688_859705_860592_+1_ATG_295
CP040688	861023	TAG	FF951_04160	860589	435	CDS		ATG	FF951_04160|CP040688_860589_861023_+3_ATG_144
CP040688	862303	TAG	FF951_04165	861035	1269	CDS		GTG	FF951_04165|CP040688_861035_862303_+2_GTG_422
CP040688	865479	TGA	FF951_04180	864856	624	CDS		ATG	FF951_04180|CP040688_864856_865479_+1_ATG_207
CP040688	867875	TAG	FF951_04190	866457	1419	CDS		GTG	FF951_04190|CP040688_866457_867875_+3_GTG_472
CP040688	869124	TAG	FF951_04195	867880	1245	CDS		ATG	FF951_04195|CP040688_867880_869124_+1_ATG_414
CP040688	870685	TGA	FF951_04205	869792	894	CDS		ATG	FF951_04205|CP040688_869792_870685_+2_ATG_297
CP040688	872841	TAG	FF951_04210	870682	2160	CDS		ATG	FF951_04210|CP040688_870682_872841_+1_ATG_719
CP040688	873280	TAG	FF951_04215	873095	186	CDS		CTG	FF951_04215|CP040688_873095_873280_+2_CTG_61
CP040688	875775	TGA	FF951_04225	875089	687	CDS		GTG	FF951_04225|CP040688_875089_875775_+1_GTG_228
CP040688	877491	TAG	FF951_04230	875791	1701	CDS		GTG	FF951_04230|CP040688_875791_877491_+1_GTG_566
CP040688	878869	TGA	FF951_04240	878150	720	CDS		ATG	FF951_04240|CP040688_878150_878869_+2_ATG_239
CP040688	879214	TGA	FF951_04245	878975	240	CDS		GTG	FF951_04245|CP040688_878975_879214_+2_GTG_79
CP040688	879885	TGA	FF951_04250	879211	675	CDS		GTG	FF951_04250|CP040688_879211_879885_+1_GTG_224
CP040688	883475	TAG	FF951_04275	883170	306	CDS		ATG	FF951_04275|CP040688_883170_883475_+3_ATG_101
CP040688	886574	TGA	FF951_04285	885423	1152	CDS		ATG	FF951_04285|CP040688_885423_886574_+3_ATG_383
CP040688	889711	TAG	FF951_04300	888410	1302	CDS		ATG	FF951_04300|CP040688_888410_889711_+2_ATG_433
CP040688	890070	TAA	FF951_04305	889723	348	CDS		ATG	FF951_04305|CP040688_889723_890070_+1_ATG_115
CP040688	893176	TGA	FF951_04315	890912	2265	CDS		GTG	FF951_04315|CP040688_890912_893176_+2_GTG_754
CP040688	893802	TGA	FF951_04320	893173	630	CDS		ATG	FF951_04320|CP040688_893173_893802_+1_ATG_209
CP040688	894879	TGA	FF951_04325	893923	957	CDS		GTG	FF951_04325|CP040688_893923_894879_+1_GTG_318
CP040688	897116	TGA	FF951_04335	896727	390	CDS		ATG	FF951_04335|CP040688_896727_897116_+3_ATG_129
CP040688	898786	TGA	FF951_04340	897203	1584	CDS		GTG	FF951_04340|CP040688_897203_898786_+2_GTG_527
CP040688	899911	TAA	FF951_04345	898817	1095	CDS		ATG	FF951_04345|CP040688_898817_899911_+2_ATG_364
CP040688	902384	TGA	FF951_04360	901515	870	CDS		GTG	FF951_04360|CP040688_901515_902384_+3_GTG_289
CP040688	906831	TGA	FF951_04390	906064	768	CDS		TTG	FF951_04390|CP040688_906064_906831_+1_TTG_255
CP040688	907775	TGA	FF951_04395	906828	948	CDS		GTG	FF951_04395|CP040688_906828_907775_+3_GTG_315
CP040688	908594	TAG	FF951_04400	907818	777	CDS		GTG	FF951_04400|CP040688_907818_908594_+3_GTG_258
CP040688	915778	TGA	FF951_04435	914723	1056	CDS		GTG	FF951_04435|CP040688_914723_915778_+2_GTG_351
CP040688	916954	TGA	FF951_04450	916664	291	CDS		TTG	FF951_04450|CP040688_916664_916954_+2_TTG_96
CP040688	917964	TAA	FF951_04455	917059	906	CDS		ATG	FF951_04455|CP040688_917059_917964_+1_ATG_301
CP040688	920453	TGA	FF951_04485	920040	414	CDS		GTG	FF951_04485|CP040688_920040_920453_+3_GTG_137
CP040688	922408	TAG	FF951_04490	920450	1959	CDS		TTG	FF951_04490|CP040688_920450_922408_+2_TTG_652
CP040688	922606	TGA	FF951_04495	922427	180	CDS		GTG	FF951_04495|CP040688_922427_922606_+2_GTG_59
CP040688	926394	TAG	FF951_04505	925751	644	CDS	true	GTG	FF951_04505_p|CP040688_925751_926394_+2_GTG_214
CP040688	930287	TGA	FF951_04535	929517	771	CDS		GTG	FF951_04535|CP040688_929517_930287_+3_GTG_256
CP040688	931186	TAA	FF951_04540	930374	813	CDS		GTG	FF951_04540|CP040688_930374_931186_+2_GTG_270
CP040688	932465	TGA	FF951_04550	932202	264	CDS		ATG	FF951_04550|CP040688_932202_932465_+3_ATG_87
CP040688	932632	TGA	FF951_04555	932390	243	CDS		GTG	FF951_04555|CP040688_932390_932632_+2_GTG_80
CP040688	934201	TGA	FF951_04560	932909	1293	CDS		TTG	FF951_04560|CP040688_932909_934201_+2_TTG_430
CP040688	935189	TGA	FF951_04565	934185	1005	CDS		GTG	FF951_04565|CP040688_934185_935189_+3_GTG_334
CP040688	937264	TGA	FF951_04575	935987	1278	CDS		GTG	FF951_04575|CP040688_935987_937264_+2_GTG_425
CP040688	939532	TGA	FF951_04585	939140	393	CDS		GTG	FF951_04585|CP040688_939140_939532_+2_GTG_130
CP040688	940853	TAA	FF951_04590	939735	1119	CDS		GTG	FF951_04590|CP040688_939735_940853_+3_GTG_372
CP040688	942112	TGA	FF951_04595	940853	1260	CDS		ATG	FF951_04595|CP040688_940853_942112_+2_ATG_419
CP040688	942441	TAA	FF951_04600	942109	333	CDS		GTG	FF951_04600|CP040688_942109_942441_+1_GTG_110
CP040688	943499	GAT	FF951_04610	943404	96	CDS	true	TTG	FF951_04610_p|CP040688_943404_943499_+3_TTG_32
CP040688	944192	TGA	FF951_04615	943554	639	CDS		GTG	FF951_04615|CP040688_943554_944192_+3_GTG_212
CP040688	946423	TAG	FF951_04625	945980	444	CDS		ATG	FF951_04625|CP040688_945980_946423_+2_ATG_147
CP040688	947508	TAA	FF951_04630	946429	1080	CDS		GTG	FF951_04630|CP040688_946429_947508_+1_GTG_359
CP040688	948026	TGA	FF951_04635	947622	405	CDS		ATG	FF951_04635|CP040688_947622_948026_+3_ATG_134
CP040688	948527	TAG	FF951_04640	948054	474	CDS		GTG	FF951_04640|CP040688_948054_948527_+3_GTG_157
CP040688	951085	TAA	FF951_04650	949874	1212	CDS		ATG	FF951_04650|CP040688_949874_951085_+2_ATG_403
CP040688	953252	TGA	FF951_04655	951090	2163	CDS		ATG	FF951_04655|CP040688_951090_953252_+3_ATG_720
CP040688	957677	TAA	FF951_04675	957477	201	CDS		GTG	FF951_04675|CP040688_957477_957677_+3_GTG_66
CP040688	958190	TGA	FF951_04680	957687	504	CDS		ATG	FF951_04680|CP040688_957687_958190_+3_ATG_167
CP040688	958669	TGA	FF951_04685	958187	483	CDS		ATG	FF951_04685|CP040688_958187_958669_+2_ATG_160
CP040688	959091	TAA	FF951_04690	958666	426	CDS		ATG	FF951_04690|CP040688_958666_959091_+1_ATG_141
CP040688	963102	TAA	FF951_04715	962695	408	CDS		GTG	FF951_04715|CP040688_962695_963102_+1_GTG_135
CP040688	967260	TAG	FF951_04730	965308	1953	CDS		ATG	FF951_04730|CP040688_965308_967260_+1_ATG_650
CP040688	971666	TAG	FF951_04750	970878	789	CDS		GTG	FF951_04750|CP040688_970878_971666_+3_GTG_262
CP040688	974167	TGA	FF951_04765	973736	432	CDS		GTG	FF951_04765|CP040688_973736_974167_+2_GTG_143
CP040688	975030	TGA	FF951_04770	974164	867	CDS		GTG	FF951_04770|CP040688_974164_975030_+1_GTG_288
CP040688	975311	TAG	FF951_04775	975027	285	CDS		GTG	FF951_04775|CP040688_975027_975311_+3_GTG_94
CP040688	978586	TAG	FF951_04790	977564	1023	CDS		ATG	FF951_04790|CP040688_977564_978586_+2_ATG_340
CP040688	980332	TGA	FF951_04795	978605	1728	CDS		ATG	FF951_04795|CP040688_978605_980332_+2_ATG_575
CP040688	981337	TGA	FF951_04805	981071	267	CDS		ATG	FF951_04805|CP040688_981071_981337_+2_ATG_88
CP040688	983508	TGA	FF951_04810	982035	1474	CDS	true	ATG	FF951_04810_p|CP040688_982035_983508_+3_ATG_491
CP040688	988555	TAG	FF951_04830	988181	375	CDS		ATG	FF951_04830|CP040688_988181_988555_+2_ATG_124
CP040688	990143	TGA	FF951_04835	988656	1488	CDS		ATG	FF951_04835|CP040688_988656_990143_+3_ATG_495
CP040688	992508	TGA	FF951_04845	991327	1182	CDS		ATG	FF951_04845|CP040688_991327_992508_+1_ATG_393
CP040688	994102	TAA	FF951_04850	992585	1518	CDS		GTG	FF951_04850|CP040688_992585_994102_+2_GTG_505
CP040688	995570	TAG	FF951_04855	994275	1296	CDS		GTG	FF951_04855|CP040688_994275_995570_+3_GTG_431
CP040688	998595	TAA	FF951_04870	997615	981	CDS		GTG	FF951_04870|CP040688_997615_998595_+1_GTG_326
CP040688	998760	TGA	FF951_04875	998608	153	CDS		ATG	FF951_04875|CP040688_998608_998760_+1_ATG_50
CP040688	999287	TGA	FF951_04880	998760	528	CDS		ATG	FF951_04880|CP040688_998760_999287_+3_ATG_175
CP040688	1003741	TAA	FF951_04900	1003010	732	CDS		ATG	FF951_04900|CP040688_1003010_1003741_+2_ATG_243
CP040688	1004865	TAA	FF951_04905	1003747	1119	CDS		ATG	FF951_04905|CP040688_1003747_1004865_+1_ATG_372
CP040688	1006538	TGA	FF951_04910	1004988	1551	CDS		GTG	FF951_04910|CP040688_1004988_1006538_+3_GTG_516
CP040688	1008928	TAA	FF951_04915	1006535	2394	CDS		ATG	FF951_04915|CP040688_1006535_1008928_+2_ATG_797
CP040688	1009664	TAG	FF951_04920	1009485	180	CDS		ATG	FF951_04920|CP040688_1009485_1009664_+3_ATG_59
CP040688	1010104	TGA	FF951_04925	1009670	435	CDS		ATG	FF951_04925|CP040688_1009670_1010104_+2_ATG_144
CP040688	1010975	TAA	FF951_04930	1010202	774	CDS		GTG	FF951_04930|CP040688_1010202_1010975_+3_GTG_257
CP040688	1011489	TAG	FF951_04935	1011040	450	CDS		ATG	FF951_04935|CP040688_1011040_1011489_+1_ATG_149
CP040688	1018672	TGA	FF951_04965	1016891	1782	CDS		ATG	FF951_04965|CP040688_1016891_1018672_+2_ATG_593
CP040688	1018926	TGA	FF951_04970	1018669	258	CDS		ATG	FF951_04970|CP040688_1018669_1018926_+1_ATG_85
CP040688	1019491	TGA	FF951_04975	1019015	477	CDS		TTG	FF951_04975|CP040688_1019015_1019491_+2_TTG_158
CP040688	1019988	TGA	FF951_04980	1019488	501	CDS		GTG	FF951_04980|CP040688_1019488_1019988_+1_GTG_166
CP040688	1022489	TGA	FF951_04995	1021908	582	CDS		GTG	FF951_04995|CP040688_1021908_1022489_+3_GTG_193
CP040688	1024141	TGA	FF951_05000	1022489	1653	CDS		ATG	FF951_05000|CP040688_1022489_1024141_+2_ATG_550
CP040688	1030819	TGA	FF951_05030	1029707	1113	CDS		TTG	FF951_05030|CP040688_1029707_1030819_+2_TTG_370
CP040688	1031806	TGA	FF951_05035	1030832	975	CDS		GTG	FF951_05035|CP040688_1030832_1031806_+2_GTG_324
CP040688	1032717	TGA	FF951_05040	1031803	915	CDS		GTG	FF951_05040|CP040688_1031803_1032717_+1_GTG_304
CP040688	1036898	TGA	FF951_05055	1036068	831	CDS		ATG	FF951_05055|CP040688_1036068_1036898_+3_ATG_276
CP040688	1038043	TAG	FF951_05060	1036919	1125	CDS		GTG	FF951_05060|CP040688_1036919_1038043_+2_GTG_374
CP040688	1039119	TGA	FF951_05065	1038103	1017	CDS		ATG	FF951_05065|CP040688_1038103_1039119_+1_ATG_338
CP040688	1040026	TGA	FF951_05070	1039121	906	CDS		ATG	FF951_05070|CP040688_1039121_1040026_+2_ATG_301
CP040688	1043219	TGA	FF951_05080	1040940	2280	CDS		ATG	FF951_05080|CP040688_1040940_1043219_+3_ATG_759
CP040688	1045150	TAG	FF951_05085	1043216	1935	CDS		ATG	FF951_05085|CP040688_1043216_1045150_+2_ATG_644
CP040688	1047442	TAG	FF951_05100	1047164	279	CDS		TTG	FF951_05100|CP040688_1047164_1047442_+2_TTG_92
CP040688	1049045	TAG	FF951_05110	1048569	477	CDS		GTG	FF951_05110|CP040688_1048569_1049045_+3_GTG_158
CP040688	1049812	TAG	FF951_05115	1049051	762	CDS		ATG	FF951_05115|CP040688_1049051_1049812_+2_ATG_253
CP040688	1052445	TGA	FF951_05135	1052251	195	CDS		ATG	FF951_05135|CP040688_1052251_1052445_+1_ATG_64
CP040688	1055379	TGA	FF951_05145	1053064	2316	CDS		ATG	FF951_05145|CP040688_1053064_1055379_+1_ATG_771
CP040688	1057931	TGA	FF951_05155	1056768	1164	CDS		ATG	FF951_05155|CP040688_1056768_1057931_+3_ATG_387
CP040688	1058855	TAG	FF951_05160	1057944	912	CDS		ATG	FF951_05160|CP040688_1057944_1058855_+3_ATG_303
CP040688	1059950	TAA	FF951_05170	1059765	186	CDS		ATG	FF951_05170|CP040688_1059765_1059950_+3_ATG_61
CP040688	1060842	TAA	FF951_05175	1059931	912	CDS		ATG	FF951_05175|CP040688_1059931_1060842_+1_ATG_303
CP040688	1062249	TAA	FF951_05180	1060882	1368	CDS		GTG	FF951_05180|CP040688_1060882_1062249_+1_GTG_455
CP040688	1063012	TGA	FF951_05185	1062365	648	CDS		GTG	FF951_05185|CP040688_1062365_1063012_+2_GTG_215
CP040688	1064580	TGA	FF951_05190	1063009	1572	CDS		ATG	FF951_05190|CP040688_1063009_1064580_+1_ATG_523
CP040688	1066066	TAA	FF951_05195	1064687	1380	CDS		ATG	FF951_05195|CP040688_1064687_1066066_+2_ATG_459
CP040688	1068077	TAG	FF951_05200	1066059	2019	CDS		ATG	FF951_05200|CP040688_1066059_1068077_+3_ATG_672
CP040688	1068352	TGA	FF951_05205	1068131	222	CDS		ATG	FF951_05205|CP040688_1068131_1068352_+2_ATG_73
CP040688	1068732	TAG	FF951_05210	1068349	384	CDS		ATG	FF951_05210|CP040688_1068349_1068732_+1_ATG_127
CP040688	1069225	TGA	FF951_05215	1068878	348	CDS		GTG	FF951_05215|CP040688_1068878_1069225_+2_GTG_115
CP040688	1073138	TGA	FF951_05245	1072779	360	CDS		ATG	FF951_05245|CP040688_1072779_1073138_+3_ATG_119
CP040688	1073491	TGA	FF951_05250	1073195	297	CDS		ATG	FF951_05250|CP040688_1073195_1073491_+2_ATG_98
CP040688	1075859	TGA	FF951_05255	1073547	2313	CDS		ATG	FF951_05255|CP040688_1073547_1075859_+3_ATG_770
CP040688	1076488	TGA	FF951_05260	1075856	633	CDS		ATG	FF951_05260|CP040688_1075856_1076488_+2_ATG_210
CP040688	1087949	TGA	FF951_05295	1085178	2772	CDS	true	ATG	FF951_05295_p|CP040688_1085178_1087949_+3_ATG_923
CP040688	1089876	TGA	FF951_05310	1089703	174	CDS		ATG	FF951_05310|CP040688_1089703_1089876_+1_ATG_57
CP040688	1092325	TGA	FF951_05325	1091639	687	CDS		GTG	FF951_05325|CP040688_1091639_1092325_+2_GTG_228
CP040688	1093839	TAG	FF951_05330	1092325	1515	CDS		ATG	FF951_05330|CP040688_1092325_1093839_+1_ATG_504
CP040688	1095277	TGA	FF951_05335	1093883	1395	CDS		ATG	FF951_05335|CP040688_1093883_1095277_+2_ATG_464
CP040688	1095822	TGA	FF951_05340	1095277	546	CDS		ATG	FF951_05340|CP040688_1095277_1095822_+1_ATG_181
CP040688	1097366	TGA	FF951_05350	1096620	747	CDS		ATG	FF951_05350|CP040688_1096620_1097366_+3_ATG_248
CP040688	1099926	TGA	FF951_05355	1097359	2568	CDS		ATG	FF951_05355|CP040688_1097359_1099926_+1_ATG_855
CP040688	1101093	TGA	FF951_05360	1099933	1161	CDS		ATG	FF951_05360|CP040688_1099933_1101093_+1_ATG_386
CP040688	1105009	TAG	FF951_05385	1104089	921	CDS		ATG	FF951_05385|CP040688_1104089_1105009_+2_ATG_306
CP040688	1106366	TGA	FF951_05390	1105086	1281	CDS		GTG	FF951_05390|CP040688_1105086_1106366_+3_GTG_426
CP040688	1107040	TAA	FF951_05395	1106429	612	CDS		ATG	FF951_05395|CP040688_1106429_1107040_+2_ATG_203
CP040688	1108277	TAG	FF951_05400	1107201	1077	CDS		ATG	FF951_05400|CP040688_1107201_1108277_+3_ATG_358
CP040688	1108681	TGA	FF951_05410	1108451	231	CDS		GTG	FF951_05410|CP040688_1108451_1108681_+2_GTG_76
CP040688	1108929	TAG	FF951_05415	1108678	252	CDS		ATG	FF951_05415|CP040688_1108678_1108929_+1_ATG_83
CP040688	1110566	TGA	FF951_05430	1109565	1002	CDS		TTG	FF951_05430|CP040688_1109565_1110566_+3_TTG_333
CP040688	1111342	TGA	FF951_05435	1110584	759	CDS		GTG	FF951_05435|CP040688_1110584_1111342_+2_GTG_252
CP040688	1113210	TAG	FF951_05445	1112002	1209	CDS		GTG	FF951_05445|CP040688_1112002_1113210_+1_GTG_402
CP040688	1115696	TAG	FF951_05455	1114839	858	CDS		ATG	FF951_05455|CP040688_1114839_1115696_+3_ATG_285
CP040688	1120234	TAG	FF951_05470	1118531	1704	CDS		ATG	FF951_05470|CP040688_1118531_1120234_+2_ATG_567
CP040688	1122700	TGA	FF951_05480	1121906	795	CDS		TTG	FF951_05480|CP040688_1121906_1122700_+2_TTG_264
CP040688	1123996	TGA	FF951_05485	1122908	1089	CDS		ATG	FF951_05485|CP040688_1122908_1123996_+2_ATG_362
CP040688	1124922	TGA	FF951_05490	1123969	954	CDS		ATG	FF951_05490|CP040688_1123969_1124922_+1_ATG_317
CP040688	1125928	TGA	FF951_05495	1125008	921	CDS		GTG	FF951_05495|CP040688_1125008_1125928_+2_GTG_306
CP040688	1126238	TGA	FF951_05500	1125945	294	CDS		ATG	FF951_05500|CP040688_1125945_1126238_+3_ATG_97
CP040688	1128076	TAA	FF951_05510	1126442	1635	CDS		TTG	FF951_05510|CP040688_1126442_1128076_+2_TTG_544
CP040688	1133725	TAG	FF951_05545	1133132	594	CDS		ATG	FF951_05545|CP040688_1133132_1133725_+2_ATG_197
CP040688	1137488	TGA	FF951_05550	1133784	3705	CDS		ATG	FF951_05550|CP040688_1133784_1137488_+3_ATG_1234
CP040688	1138465	TAA	FF951_05555	1137488	978	CDS		ATG	FF951_05555|CP040688_1137488_1138465_+2_ATG_325
CP040688	1139284	TAG	FF951_05560	1138553	732	CDS		GTG	FF951_05560|CP040688_1138553_1139284_+2_GTG_243
CP040688	1140670	TAG	FF951_05565	1139381	1290	CDS		GTG	FF951_05565|CP040688_1139381_1140670_+2_GTG_429
CP040688	1141361	TGA	FF951_05570	1140675	687	CDS		ATG	FF951_05570|CP040688_1140675_1141361_+3_ATG_228
CP040688	1141845	TAA	FF951_05575	1141378	468	CDS		GTG	FF951_05575|CP040688_1141378_1141845_+1_GTG_155
CP040688	1142795	TAA	FF951_05580	1141836	960	CDS		GTG	FF951_05580|CP040688_1141836_1142795_+3_GTG_319
CP040688	1143247	TAG	FF951_05585	1143035	213	CDS		GTG	FF951_05585|CP040688_1143035_1143247_+2_GTG_70
CP040688	1146740	TGA	FF951_05600	1146594	147	CDS		ATG	FF951_05600|CP040688_1146594_1146740_+3_ATG_48
CP040688	1146829	TGA	FF951_05605	1146737	93	CDS		ATG	FF951_05605|CP040688_1146737_1146829_+2_ATG_30
CP040688	1148544	TGA	FF951_05610	1146829	1716	CDS		ATG	FF951_05610|CP040688_1146829_1148544_+1_ATG_571
CP040688	1150670	TGA	FF951_05615	1148541	2130	CDS		GTG	FF951_05615|CP040688_1148541_1150670_+3_GTG_709
CP040688	1151239	TGA	FF951_05620	1150670	570	CDS		ATG	FF951_05620|CP040688_1150670_1151239_+2_ATG_189
CP040688	1159002	TGA	FF951_05660	1158754	249	CDS		GTG	FF951_05660|CP040688_1158754_1159002_+1_GTG_82
CP040688	1162494	TGA	FF951_05685	1161871	624	CDS		TTG	FF951_05685|CP040688_1161871_1162494_+1_TTG_207
CP040688	1163372	TGA	FF951_05690	1162491	882	CDS		GTG	FF951_05690|CP040688_1162491_1163372_+3_GTG_293
CP040688	1165489	TAG	FF951_05700	1164242	1248	CDS		ATG	FF951_05700|CP040688_1164242_1165489_+2_ATG_415
CP040688	1167651	TGA	FF951_05715	1167205	447	CDS		ATG	FF951_05715|CP040688_1167205_1167651_+1_ATG_148
CP040688	1168605	TGA	FF951_05720	1167700	906	CDS		ATG	FF951_05720|CP040688_1167700_1168605_+1_ATG_301
CP040688	1170689	TGA	FF951_05735	1170507	183	CDS		GTG	FF951_05735|CP040688_1170507_1170689_+3_GTG_60
CP040688	1171304	TAG	FF951_05740	1170680	625	CDS	true	ATG	FF951_05740_p|CP040688_1170680_1171304_+2_ATG_208
CP040688	1171723	TGA	FF951_05745	1171385	339	CDS		GTG	FF951_05745|CP040688_1171385_1171723_+2_GTG_112
CP040688	1172061	TGA	FF951_05750	1171747	315	CDS		GTG	FF951_05750|CP040688_1171747_1172061_+1_GTG_104
CP040688	1172192	TGA	FF951_05755	1171998	195	CDS		ATC	FF951_05755|CP040688_1171998_1172192_+3_ATC_64
CP040688	1173211	TAG	FF951_05765	1172447	765	CDS		ATG	FF951_05765|CP040688_1172447_1173211_+2_ATG_254
CP040688	1175396	TAG	FF951_05775	1174215	1182	CDS		ATG	FF951_05775|CP040688_1174215_1175396_+3_ATG_393
CP040688	1177134	TGA	FF951_05780	1175503	1632	CDS		ATG	FF951_05780|CP040688_1175503_1177134_+1_ATG_543
CP040688	1178274	TAG	FF951_05785	1177210	1065	CDS		GTG	FF951_05785|CP040688_1177210_1178274_+1_GTG_354
CP040688	1178800	TGA	FF951_05790	1178327	474	CDS		ATG	FF951_05790|CP040688_1178327_1178800_+2_ATG_157
CP040688	1179697	TGA	FF951_05795	1178834	864	CDS		ATG	FF951_05795|CP040688_1178834_1179697_+2_ATG_287
CP040688	1180559	TGA	FF951_05800	1179702	858	CDS		GTG	FF951_05800|CP040688_1179702_1180559_+3_GTG_285
CP040688	1182820	TGA	FF951_05815	1182254	567	CDS		GTG	FF951_05815|CP040688_1182254_1182820_+2_GTG_188
CP040688	1183212	TAG	FF951_05820	1182817	396	CDS		ATG	FF951_05820|CP040688_1182817_1183212_+1_ATG_131
CP040688	1192099	TAG	FF951_05850	1191263	837	CDS		GTG	FF951_05850|CP040688_1191263_1192099_+2_GTG_278
CP040688	1193066	TGA	FF951_05855	1192215	852	CDS		ATG	FF951_05855|CP040688_1192215_1193066_+3_ATG_283
CP040688	1196644	TAG	FF951_05870	1195751	894	CDS		GTG	FF951_05870|CP040688_1195751_1196644_+2_GTG_297
CP040688	1198095	TAG	FF951_05875	1196701	1395	CDS		ATG	FF951_05875|CP040688_1196701_1198095_+1_ATG_464
CP040688	1199019	TGA	FF951_05880	1198297	723	CDS		ATG	FF951_05880|CP040688_1198297_1199019_+1_ATG_240
CP040688	1200217	TAA	FF951_05885	1199051	1167	CDS		ATG	FF951_05885|CP040688_1199051_1200217_+2_ATG_388
CP040688	1202370	TGA	FF951_05900	1201504	867	CDS		GTG	FF951_05900|CP040688_1201504_1202370_+1_GTG_288
CP040688	1202633	TAA	FF951_05905	1202367	267	CDS		GTG	FF951_05905|CP040688_1202367_1202633_+3_GTG_88
CP040688	1204641	TAG	FF951_05910	1202620	2022	CDS		ATG	FF951_05910|CP040688_1202620_1204641_+1_ATG_673
CP040688	1206367	TGA	FF951_05920	1205579	789	CDS		GTG	FF951_05920|CP040688_1205579_1206367_+2_GTG_262
CP040688	1208685	TAG	FF951_05930	1206544	2142	CDS		ATG	FF951_05930|CP040688_1206544_1208685_+1_ATG_713
CP040688	1209182	TAA	FF951_05935	1208862	321	CDS		TTG	FF951_05935|CP040688_1208862_1209182_+3_TTG_106
CP040688	1209769	TAG	FF951_05940	1209335	435	CDS		ATG	FF951_05940|CP040688_1209335_1209769_+2_ATG_144
CP040688	1210034	TAA	FF951_05945	1209786	249	CDS		ATG	FF951_05945|CP040688_1209786_1210034_+3_ATG_82
CP040688	1210228	TAG	FF951_05950	1210046	183	CDS		GTG	FF951_05950|CP040688_1210046_1210228_+2_GTG_60
CP040688	1210442	TGA	FF951_05955	1210338	105	CDS		ATG	FF951_05955|CP040688_1210338_1210442_+3_ATG_34
CP040688	1210875	TAA	FF951_05960	1210420	456	CDS		GTG	FF951_05960|CP040688_1210420_1210875_+1_GTG_151
CP040688	1213815	TAG	FF951_05965	1211290	2526	CDS		ATG	FF951_05965|CP040688_1211290_1213815_+1_ATG_841
CP040688	1216639	TGA	FF951_05975	1215359	1281	CDS		ATG	FF951_05975|CP040688_1215359_1216639_+2_ATG_426
CP040688	1217571	TAG	FF951_05980	1216744	828	CDS		ATG	FF951_05980|CP040688_1216744_1217571_+1_ATG_275
CP040688	1219083	TGA	FF951_05985	1217782	1302	CDS		GTG	FF951_05985|CP040688_1217782_1219083_+1_GTG_433
CP040688	1219264	TAG	FF951_05990	1219019	246	CDS		GTG	FF951_05990|CP040688_1219019_1219264_+2_GTG_81
CP040688	1220045	TAA	FF951_05995	1219170	876	CDS		GTG	FF951_05995|CP040688_1219170_1220045_+3_GTG_291
CP040688	1224169	TAG	FF951_06015	1223468	702	CDS		ATG	FF951_06015|CP040688_1223468_1224169_+2_ATG_233
CP040688	1227611	TGA	FF951_06035	1226086	1526	CDS	true	ATG	FF951_06035_p|CP040688_1226086_1227611_+1_ATG_508
CP040688	1231977	TGA	FF951_06060	1230970	1008	CDS		ATG	FF951_06060|CP040688_1230970_1231977_+1_ATG_335
CP040688	1234113	TAG	FF951_06070	1233040	1074	CDS		GTG	FF951_06070|CP040688_1233040_1234113_+1_GTG_357
CP040688	1234398	TGA	FF951_06075	1234201	198	CDS		ATG	FF951_06075|CP040688_1234201_1234398_+1_ATG_65
CP040688	1234769	TGA	FF951_06080	1234395	375	CDS		GTG	FF951_06080|CP040688_1234395_1234769_+3_GTG_124
CP040688	1235670	TAG	FF951_06085	1234972	699	CDS		GTG	FF951_06085|CP040688_1234972_1235670_+1_GTG_232
CP040688	1235973	TGA	FF951_06090	1235788	186	CDS		ATG	FF951_06090|CP040688_1235788_1235973_+1_ATG_61
CP040688	1236741	TAA	FF951_06100	1236418	324	CDS		ATG	FF951_06100|CP040688_1236418_1236741_+1_ATG_107
CP040688	1239892	TGA	FF951_06115	1238492	1401	CDS		TTG	FF951_06115|CP040688_1238492_1239892_+2_TTG_466
CP040688	1240936	TAA	FF951_06120	1239914	1023	CDS		ATG	FF951_06120|CP040688_1239914_1240936_+2_ATG_340
CP040688	1242862	TGA	FF951_06130	1241912	951	CDS		ATG	FF951_06130|CP040688_1241912_1242862_+2_ATG_316
CP040688	1244111	TGA	FF951_06135	1242867	1245	CDS		GTG	FF951_06135|CP040688_1242867_1244111_+3_GTG_414
CP040688	1250919	TGA	FF951_06160	1249339	1581	CDS		GTG	FF951_06160|CP040688_1249339_1250919_+1_GTG_526
CP040688	1252097	TAG	FF951_06165	1250916	1182	CDS		ATG	FF951_06165|CP040688_1250916_1252097_+3_ATG_393
CP040688	1253839	TAG	FF951_06170	1252109	1731	CDS		ATG	FF951_06170|CP040688_1252109_1253839_+2_ATG_576
CP040688	1256942	TAA	FF951_06180	1256706	237	CDS		ATG	FF951_06180|CP040688_1256706_1256942_+3_ATG_78
CP040688	1260698	TGA	FF951_06200	1260456	243	CDS		ATG	FF951_06200|CP040688_1260456_1260698_+3_ATG_80
CP040688	1261089	TAA	FF951_06205	1260695	395	CDS	true	GTG	FF951_06205_p|CP040688_1260695_1261089_+2_GTG_131
CP040688	1261580	TGA	FF951_06210	1261239	342	CDS		GTG	FF951_06210|CP040688_1261239_1261580_+3_GTG_113
CP040688	1264337	TGA	FF951_06230	1263489	849	CDS		ATG	FF951_06230|CP040688_1263489_1264337_+3_ATG_282
CP040688	1267286	TAG	FF951_06245	1266204	1083	CDS		ATG	FF951_06245|CP040688_1266204_1267286_+3_ATG_360
CP040688	1268050	TAA	FF951_06250	1267298	753	CDS		ATG	FF951_06250|CP040688_1267298_1268050_+2_ATG_250
CP040688	1268505	TAA	FF951_06260	1268278	228	CDS		ATG	FF951_06260|CP040688_1268278_1268505_+1_ATG_75
CP040688	1270910	TGA	FF951_06265	1268565	2346	CDS		ATG	FF951_06265|CP040688_1268565_1270910_+3_ATG_781
CP040688	1271693	TAG	FF951_06270	1271043	651	CDS		ATG	FF951_06270|CP040688_1271043_1271693_+3_ATG_216
CP040688	1274963	TAG	FF951_06290	1274036	928	CDS	true	GTG	FF951_06290_p|CP040688_1274036_1274963_+2_GTG_309
CP040688	1276163	TGA	FF951_06300	1275798	366	CDS		GTG	FF951_06300|CP040688_1275798_1276163_+3_GTG_121
CP040688	1278015	TAA	FF951_06315	1277572	444	CDS		ATG	FF951_06315|CP040688_1277572_1278015_+1_ATG_147
CP040688	1278361	TAG	FF951_06320	1278173	189	CDS		ATG	FF951_06320|CP040688_1278173_1278361_+2_ATG_62
CP040688	1279036	TGA	FF951_06325	1278449	588	CDS		GTG	FF951_06325|CP040688_1278449_1279036_+2_GTG_195
CP040688	1279179	TGA	FF951_06330	1279033	147	CDS		GTG	FF951_06330|CP040688_1279033_1279179_+1_GTG_48
CP040688	1282430	TAG	FF951_06345	1281135	1296	CDS		ATG	FF951_06345|CP040688_1281135_1282430_+3_ATG_431
CP040688	1283163	TAG	FF951_06355	1282738	426	CDS		ATG	FF951_06355|CP040688_1282738_1283163_+1_ATG_141
CP040688	1287169	TGA	FF951_06360	1283471	3699	CDS		GTG	FF951_06360|CP040688_1283471_1287169_+2_GTG_1232
CP040688	1288884	TGA	FF951_06365	1287208	1677	CDS		ATG	FF951_06365|CP040688_1287208_1288884_+1_ATG_558
CP040688	1289546	TGA	FF951_06370	1288941	606	CDS		GTG	FF951_06370|CP040688_1288941_1289546_+3_GTG_201
CP040688	1290289	TAG	FF951_06375	1289549	741	CDS		TTG	FF951_06375|CP040688_1289549_1290289_+2_TTG_246
CP040688	1292197	TAG	FF951_06380	1290311	1887	CDS		GTG	FF951_06380|CP040688_1290311_1292197_+2_GTG_628
CP040688	1294202	TAG	FF951_06385	1292295	1908	CDS		ATG	FF951_06385|CP040688_1292295_1294202_+3_ATG_635
CP040688	1297358	TAG	FF951_06405	1296447	912	CDS		ATG	FF951_06405|CP040688_1296447_1297358_+3_ATG_303
CP040688	1297890	TAG	FF951_06410	1297450	441	CDS		GTG	FF951_06410|CP040688_1297450_1297890_+1_GTG_146
CP040688	1301644	TAG	FF951_06420	1299074	2571	CDS		GTG	FF951_06420|CP040688_1299074_1301644_+2_GTG_856
CP040688	1305474	TGA	FF951_06440	1305148	327	CDS		GTG	FF951_06440|CP040688_1305148_1305474_+1_GTG_108
CP040688	1306595	TAG	FF951_06445	1305507	1089	CDS		GTG	FF951_06445|CP040688_1305507_1306595_+3_GTG_362
CP040688	1316126	TGA	FF951_06455	1309869	6258	CDS		GTG	FF951_06455|CP040688_1309869_1316126_+3_GTG_2085
CP040688	1317597	TGA	FF951_06460	1316179	1419	CDS		ATG	FF951_06460|CP040688_1316179_1317597_+1_ATG_472
CP040688	1320672	TAG	FF951_06465	1317664	3009	CDS		GTG	FF951_06465|CP040688_1317664_1320672_+1_GTG_1002
CP040688	1327165	TGA	FF951_06485	1325534	1632	CDS		ATG	FF951_06485|CP040688_1325534_1327165_+2_ATG_543
CP040688	1328154	TGA	FF951_06490	1327165	990	CDS		ATG	FF951_06490|CP040688_1327165_1328154_+1_ATG_329
CP040688	1329108	TAG	FF951_06495	1328236	873	CDS		ATG	FF951_06495|CP040688_1328236_1329108_+1_ATG_290
CP040688	1330002	TGA	FF951_06500	1329124	879	CDS		ATG	FF951_06500|CP040688_1329124_1330002_+1_ATG_292
CP040688	1330989	TGA	FF951_06505	1330075	915	CDS		ATG	FF951_06505|CP040688_1330075_1330989_+1_ATG_304
CP040688	1331898	TGA	FF951_06510	1331071	828	CDS		ATG	FF951_06510|CP040688_1331071_1331898_+1_ATG_275
CP040688	1333359	TGA	FF951_06515	1331938	1422	CDS		GTG	FF951_06515|CP040688_1331938_1333359_+1_GTG_473
CP040688	1335443	TAA	FF951_06530	1335144	300	CDS		GTG	FF951_06530|CP040688_1335144_1335443_+3_GTG_99
CP040688	1336665	TAG	FF951_06535	1335490	1176	CDS		ATG	FF951_06535|CP040688_1335490_1336665_+1_ATG_391
CP040688	1337096	TAA	FF951_06540	1336800	297	CDS		ATG	FF951_06540|CP040688_1336800_1337096_+3_ATG_98
CP040688	1337431	TGA	FF951_06545	1337147	285	CDS		ATG	FF951_06545|CP040688_1337147_1337431_+2_ATG_94
CP040688	1338874	TGA	FF951_06555	1338746	129	CDS		TTG	FF951_06555|CP040688_1338746_1338874_+2_TTG_42
CP040688	1340360	TAG	FF951_06560	1339083	1278	CDS		ATG	FF951_06560|CP040688_1339083_1340360_+3_ATG_425
CP040688	1342465	TAG	FF951_06570	1341401	1065	CDS		GTG	FF951_06570|CP040688_1341401_1342465_+2_GTG_354
CP040688	1345423	TGA	FF951_06585	1344860	564	CDS		ATG	FF951_06585|CP040688_1344860_1345423_+2_ATG_187
CP040688	1347266	TAG	FF951_06590	1345473	1794	CDS		GTG	FF951_06590|CP040688_1345473_1347266_+3_GTG_597
CP040688	1348288	TGA	FF951_06595	1347332	957	CDS		GTG	FF951_06595|CP040688_1347332_1348288_+2_GTG_318
CP040688	1349259	TGA	FF951_06600	1348285	975	CDS		ATG	FF951_06600|CP040688_1348285_1349259_+1_ATG_324
CP040688	1349666	TGA	FF951_06605	1349298	369	CDS		GTG	FF951_06605|CP040688_1349298_1349666_+3_GTG_122
CP040688	1350277	TGA	FF951_06610	1349663	615	CDS		GTG	FF951_06610|CP040688_1349663_1350277_+2_GTG_204
CP040688	1350611	TAA	FF951_06615	1350384	228	CDS		ATG	FF951_06615|CP040688_1350384_1350611_+3_ATG_75
CP040688	1353191	TAG	FF951_06625	1351977	1215	CDS		ATG	FF951_06625|CP040688_1351977_1353191_+3_ATG_404
CP040688	1361327	TGA	FF951_06665	1360554	774	CDS		ATG	FF951_06665|CP040688_1360554_1361327_+3_ATG_257
CP040688	1361485	TGA	FF951_06670	1361297	189	CDS		GTG	FF951_06670|CP040688_1361297_1361485_+2_GTG_62
CP040688	1361949	TAG	FF951_06675	1361485	465	CDS		ATG	FF951_06675|CP040688_1361485_1361949_+1_ATG_154
CP040688	1363604	TAG	FF951_06680	1362018	1587	CDS		GTG	FF951_06680|CP040688_1362018_1363604_+3_GTG_528
CP040688	1364001	TAG	FF951_06685	1363606	396	CDS		GTG	FF951_06685|CP040688_1363606_1364001_+1_GTG_131
CP040688	1367621	TGA	FF951_06705	1367064	558	CDS		ATG	FF951_06705|CP040688_1367064_1367621_+3_ATG_185
CP040688	1367846	TAG	FF951_06710	1367673	174	CDS		TTG	FF951_06710|CP040688_1367673_1367846_+3_TTG_57
CP040688	1373647	TGA	FF951_06740	1373120	528	CDS		ATG	FF951_06740|CP040688_1373120_1373647_+2_ATG_175
CP040688	1375074	TGA	FF951_06745	1373668	1407	CDS		GTG	FF951_06745|CP040688_1373668_1375074_+1_GTG_468
CP040688	1375994	TGA	FF951_06750	1375071	924	CDS		GTG	FF951_06750|CP040688_1375071_1375994_+3_GTG_307
CP040688	1376823	TAG	FF951_06755	1375999	825	CDS		GTG	FF951_06755|CP040688_1375999_1376823_+1_GTG_274
CP040688	1378009	TAA	FF951_06760	1376828	1182	CDS		ATG	FF951_06760|CP040688_1376828_1378009_+2_ATG_393
CP040688	1380346	TGA	FF951_06770	1379357	990	CDS		GTG	FF951_06770|CP040688_1379357_1380346_+2_GTG_329
CP040688	1380682	TGA	FF951_06775	1380422	261	CDS		ATG	FF951_06775|CP040688_1380422_1380682_+2_ATG_86
CP040688	1381110	TAA	FF951_06780	1380679	432	CDS		GTG	FF951_06780|CP040688_1380679_1381110_+1_GTG_143
CP040688	1383756	TGA	FF951_06795	1382896	861	CDS		GTG	FF951_06795|CP040688_1382896_1383756_+1_GTG_286
CP040688	1391957	TAA	FF951_06825	1390218	1740	CDS		ATG	FF951_06825|CP040688_1390218_1391957_+3_ATG_579
CP040688	1397700	TGA	FF951_06840	1396009	1692	CDS		ATG	FF951_06840|CP040688_1396009_1397700_+1_ATG_563
CP040688	1398848	TAG	FF951_06845	1397697	1152	CDS		ATG	FF951_06845|CP040688_1397697_1398848_+3_ATG_383
CP040688	1404277	TGA	FF951_06870	1403378	900	CDS		ATG	FF951_06870|CP040688_1403378_1404277_+2_ATG_299
CP040688	1405397	TGA	FF951_06875	1404279	1119	CDS		GTG	FF951_06875|CP040688_1404279_1405397_+3_GTG_372
CP040688	1407858	TGA	FF951_06890	1406470	1389	CDS		GTG	FF951_06890|CP040688_1406470_1407858_+1_GTG_462
CP040688	1409126	TAG	FF951_06895	1407933	1194	CDS		GTG	FF951_06895|CP040688_1407933_1409126_+3_GTG_397
CP040688	1409978	TAA	FF951_06900	1409298	681	CDS		ATG	FF951_06900|CP040688_1409298_1409978_+3_ATG_226
CP040688	1420792	TGA	FF951_06950	1420235	558	CDS		GTG	FF951_06950|CP040688_1420235_1420792_+2_GTG_185
CP040688	1421331	TAG	FF951_06955	1420789	543	CDS		ATG	FF951_06955|CP040688_1420789_1421331_+1_ATG_180
CP040688	1421550	TAG	FF951_06960	1421371	180	CDS		TTG	FF951_06960|CP040688_1421371_1421550_+1_TTG_59
CP040688	1423455	TGA	FF951_06970	1422202	1254	CDS		GTG	FF951_06970|CP040688_1422202_1423455_+1_GTG_417
CP040688	1426079	TGA	FF951_06975	1423452	2628	CDS		GTG	FF951_06975|CP040688_1423452_1426079_+3_GTG_875
CP040688	1427686	TGA	FF951_06980	1426100	1587	CDS		ATG	FF951_06980|CP040688_1426100_1427686_+2_ATG_528
CP040688	1433853	TAG	FF951_07005	1433362	492	CDS		GTG	FF951_07005|CP040688_1433362_1433853_+1_GTG_163
CP040688	1434945	TGA	FF951_07010	1433947	999	CDS		ATG	FF951_07010|CP040688_1433947_1434945_+1_ATG_332
CP040688	1436789	TAG	FF951_07015	1434945	1845	CDS		ATG	FF951_07015|CP040688_1434945_1436789_+3_ATG_614
CP040688	1437328	TAG	FF951_07020	1436843	486	CDS		ATG	FF951_07020|CP040688_1436843_1437328_+2_ATG_161
CP040688	1438756	TAG	FF951_07025	1437386	1371	CDS		ATG	FF951_07025|CP040688_1437386_1438756_+2_ATG_456
CP040688	1439437	TAA	FF951_07030	1438805	633	CDS		ATG	FF951_07030|CP040688_1438805_1439437_+2_ATG_210
CP040688	1441466	TGA	FF951_07040	1441152	315	CDS		GTG	FF951_07040|CP040688_1441152_1441466_+3_GTG_104
CP040688	1444125	TGA	FF951_07055	1442473	1653	CDS		GTG	FF951_07055|CP040688_1442473_1444125_+1_GTG_550
CP040688	1445465	TGA	FF951_07060	1444122	1344	CDS		GTG	FF951_07060|CP040688_1444122_1445465_+3_GTG_447
CP040688	1446794	TGA	FF951_07065	1445469	1326	CDS		GTG	FF951_07065|CP040688_1445469_1446794_+3_GTG_441
CP040688	1447873	TAG	FF951_07070	1446791	1083	CDS		ATG	FF951_07070|CP040688_1446791_1447873_+2_ATG_360
CP040688	1448927	TAA	FF951_07075	1447977	951	CDS		ATG	FF951_07075|CP040688_1447977_1448927_+3_ATG_316
CP040688	1449187	TGA	FF951_07080	1449080	108	CDS		ATG	FF951_07080|CP040688_1449080_1449187_+2_ATG_35
CP040688	1450992	TGA	FF951_07085	1449184	1809	CDS		GTG	FF951_07085|CP040688_1449184_1450992_+1_GTG_602
CP040688	1451385	TAG	FF951_07095	1451143	243	CDS		ATG	FF951_07095|CP040688_1451143_1451385_+1_ATG_80
CP040688	1452548	TGA	FF951_07100	1451475	1074	CDS		ATG	FF951_07100|CP040688_1451475_1452548_+3_ATG_357
CP040688	1453522	TGA	FF951_07105	1452545	978	CDS		ATG	FF951_07105|CP040688_1452545_1453522_+2_ATG_325
CP040688	1454191	TAG	FF951_07110	1453538	654	CDS		TTG	FF951_07110|CP040688_1453538_1454191_+2_TTG_217
CP040688	1455489	TAG	FF951_07115	1454275	1215	CDS		GTG	FF951_07115|CP040688_1454275_1455489_+1_GTG_404
CP040688	1456231	TGA	FF951_07120	1455746	486	CDS		GTG	FF951_07120|CP040688_1455746_1456231_+2_GTG_161
CP040688	1456976	TAG	FF951_07125	1456224	753	CDS		ATG	FF951_07125|CP040688_1456224_1456976_+3_ATG_250
CP040688	1457270	TAA	FF951_07130	1457025	246	CDS		ATG	FF951_07130|CP040688_1457025_1457270_+3_ATG_81
CP040688	1457816	TAA	FF951_07135	1457301	516	CDS		ATG	FF951_07135|CP040688_1457301_1457816_+3_ATG_171
CP040688	1459163	TGA	FF951_07140	1457823	1341	CDS		ATG	FF951_07140|CP040688_1457823_1459163_+3_ATG_446
CP040688	1460857	TAG	FF951_07145	1459208	1650	CDS		ATG	FF951_07145|CP040688_1459208_1460857_+2_ATG_549
CP040688	1461781	TAG	FF951_07150	1460864	918	CDS		ATG	FF951_07150|CP040688_1460864_1461781_+2_ATG_305
CP040688	1463281	TGA	FF951_07155	1461821	1461	CDS		ATG	FF951_07155|CP040688_1461821_1463281_+2_ATG_486
CP040688	1463660	TAA	FF951_07160	1463295	366	CDS		ATG	FF951_07160|CP040688_1463295_1463660_+3_ATG_121
CP040688	1464111	TGA	FF951_07165	1463668	444	CDS		ATG	FF951_07165|CP040688_1463668_1464111_+1_ATG_147
CP040688	1467557	TAG	FF951_07180	1466301	1257	CDS		GTG	FF951_07180|CP040688_1466301_1467557_+3_GTG_418
CP040688	1482613	TGA	FF951_07230	1481942	672	CDS		GTG	FF951_07230|CP040688_1481942_1482613_+2_GTG_223
CP040688	1482932	TAG	FF951_07235	1482636	297	CDS		ATG	FF951_07235|CP040688_1482636_1482932_+3_ATG_98
CP040688	1484685	TAG	FF951_07245	1483504	1182	CDS		ATA	FF951_07245|CP040688_1483504_1484685_+1_ATA_393
CP040688	1485729	TGA	FF951_07250	1484815	915	CDS		GTG	FF951_07250|CP040688_1484815_1485729_+1_GTG_304
CP040688	1494773	TGA	FF951_07270	1492182	2592	CDS		GTG	FF951_07270|CP040688_1492182_1494773_+3_GTG_863
CP040688	1498584	TGA	FF951_07285	1498279	306	CDS		ATG	FF951_07285|CP040688_1498279_1498584_+1_ATG_101
CP040688	1499200	TGA	FF951_07290	1498544	657	CDS		ATG	FF951_07290|CP040688_1498544_1499200_+2_ATG_218
CP040688	1500251	TGA	FF951_07295	1499217	1035	CDS		ATG	FF951_07295|CP040688_1499217_1500251_+3_ATG_344
CP040688	1500699	TGA	FF951_07300	1500259	441	CDS		GTG	FF951_07300|CP040688_1500259_1500699_+1_GTG_146
CP040688	1501002	TGA	FF951_07305	1500721	282	CDS		ATG	FF951_07305|CP040688_1500721_1501002_+1_ATG_93
CP040688	1501983	TGA	FF951_07310	1501012	972	CDS		ATG	FF951_07310|CP040688_1501012_1501983_+1_ATG_323
CP040688	1502696	TGA	FF951_07315	1501974	723	CDS		ATG	FF951_07315|CP040688_1501974_1502696_+3_ATG_240
CP040688	1503508	TAG	FF951_07320	1502693	816	CDS		ATG	FF951_07320|CP040688_1502693_1503508_+2_ATG_271
CP040688	1504356	TAG	FF951_07325	1503535	822	CDS		ATG	FF951_07325|CP040688_1503535_1504356_+1_ATG_273
CP040688	1505152	TGA	FF951_07330	1504373	780	CDS		GTG	FF951_07330|CP040688_1504373_1505152_+2_GTG_259
CP040688	1505805	TAA	FF951_07335	1505191	615	CDS		GTG	FF951_07335|CP040688_1505191_1505805_+1_GTG_204
CP040688	1506906	TGA	FF951_07350	1506586	321	CDS		ATG	FF951_07350|CP040688_1506586_1506906_+1_ATG_106
CP040688	1508464	TGA	FF951_07355	1506899	1566	CDS		ATG	FF951_07355|CP040688_1506899_1508464_+2_ATG_521
CP040688	1509624	TAG	FF951_07360	1508464	1161	CDS		ATG	FF951_07360|CP040688_1508464_1509624_+1_ATG_386
CP040688	1513244	TGA	FF951_07375	1510665	2580	CDS		ATG	FF951_07375|CP040688_1510665_1513244_+3_ATG_859
CP040688	1514980	TAA	FF951_07380	1513241	1740	CDS		ATG	FF951_07380|CP040688_1513241_1514980_+2_ATG_579
CP040688	1515852	TGA	FF951_07390	1515109	744	CDS		ATG	FF951_07390|CP040688_1515109_1515852_+1_ATG_247
CP040688	1516178	TGA	FF951_07395	1515849	330	CDS		ATG	FF951_07395|CP040688_1515849_1516178_+3_ATG_109
CP040688	1516752	TAG	FF951_07405	1516381	372	CDS		ATG	FF951_07405|CP040688_1516381_1516752_+1_ATG_123
CP040688	1527709	TAG	FF951_07435	1524230	3480	CDS		ATG	FF951_07435|CP040688_1524230_1527709_+2_ATG_1159
CP040688	1528543	TGA	FF951_07440	1527791	753	CDS		ATG	FF951_07440|CP040688_1527791_1528543_+2_ATG_250
CP040688	1529988	TGA	FF951_07450	1528966	1023	CDS		ATG	FF951_07450|CP040688_1528966_1529988_+1_ATG_340
CP040688	1536829	TGA	FF951_07480	1536008	822	CDS		GTG	FF951_07480|CP040688_1536008_1536829_+2_GTG_273
CP040688	1537058	TAG	FF951_07485	1536798	261	CDS		ATG	FF951_07485|CP040688_1536798_1537058_+3_ATG_86
CP040688	1539423	TAA	FF951_07495	1538638	786	CDS		ATG	FF951_07495|CP040688_1538638_1539423_+1_ATG_261
CP040688	1541088	TGA	FF951_07500	1539619	1470	CDS		GTG	FF951_07500|CP040688_1539619_1541088_+1_GTG_489
CP040688	1542266	TGA	FF951_07505	1541085	1182	CDS		ATG	FF951_07505|CP040688_1541085_1542266_+3_ATG_393
CP040688	1543252	TGA	FF951_07510	1542272	981	CDS		ATG	FF951_07510|CP040688_1542272_1543252_+2_ATG_326
CP040688	1545411	TGA	FF951_07520	1544092	1320	CDS		ATG	FF951_07520|CP040688_1544092_1545411_+1_ATG_439
CP040688	1546902	TAA	FF951_07525	1545408	1495	CDS	true	ATG	FF951_07525_p|CP040688_1545408_1546902_+3_ATG_498
CP040688	1549496	TGA	FF951_07540	1548915	582	CDS		ATG	FF951_07540|CP040688_1548915_1549496_+3_ATG_193
CP040688	1550452	TGA	FF951_07545	1549493	960	CDS		ATG	FF951_07545|CP040688_1549493_1550452_+2_ATG_319
CP040688	1551741	TGA	FF951_07550	1550449	1293	CDS		GTG	FF951_07550|CP040688_1550449_1551741_+1_GTG_430
CP040688	1552235	TGA	FF951_07555	1551738	498	CDS		ATG	FF951_07555|CP040688_1551738_1552235_+3_ATG_165
CP040688	1553362	TAG	FF951_07560	1552232	1131	CDS		TTG	FF951_07560|CP040688_1552232_1553362_+2_TTG_376
CP040688	1556709	TGA	FF951_07565	1553362	3348	CDS		GTG	FF951_07565|CP040688_1553362_1556709_+1_GTG_1115
CP040688	1557530	TAG	FF951_07570	1556706	825	CDS		GTG	FF951_07570|CP040688_1556706_1557530_+3_GTG_274
CP040688	1558033	TGA	FF951_07575	1557725	309	CDS		GTG	FF951_07575|CP040688_1557725_1558033_+2_GTG_102
CP040688	1559649	TGA	FF951_07580	1558030	1620	CDS		ATG	FF951_07580|CP040688_1558030_1559649_+1_ATG_539
CP040688	1560527	TAA	FF951_07590	1560210	318	CDS		GTG	FF951_07590|CP040688_1560210_1560527_+3_GTG_105
CP040688	1561288	TGA	FF951_07595	1560662	627	CDS		GTG	FF951_07595|CP040688_1560662_1561288_+2_GTG_208
CP040688	1561686	TAG	FF951_07600	1561354	333	CDS		GTG	FF951_07600|CP040688_1561354_1561686_+1_GTG_110
CP040688	1562958	TAA	FF951_07605	1561702	1257	CDS		GTG	FF951_07605|CP040688_1561702_1562958_+1_GTG_418
CP040688	1564297	TAG	FF951_07610	1563086	1212	CDS		GTG	FF951_07610|CP040688_1563086_1564297_+2_GTG_403
CP040688	1568342	TAG	FF951_07625	1567308	1035	CDS		GTG	FF951_07625|CP040688_1567308_1568342_+3_GTG_344
CP040688	1573793	TAG	FF951_07655	1573191	603	CDS		ATG	FF951_07655|CP040688_1573191_1573793_+3_ATG_200
CP040688	1575841	TAA	FF951_07660	1573874	1968	CDS		ATG	FF951_07660|CP040688_1573874_1575841_+2_ATG_655
CP040688	1577334	TAG	FF951_07670	1576852	483	CDS		ATG	FF951_07670|CP040688_1576852_1577334_+1_ATG_160
CP040688	1579365	TGA	FF951_07680	1578427	939	CDS		GTG	FF951_07680|CP040688_1578427_1579365_+1_GTG_312
CP040688	1580735	TGA	FF951_07685	1579362	1374	CDS		ATG	FF951_07685|CP040688_1579362_1580735_+3_ATG_457
CP040688	1581458	TGA	FF951_07690	1580760	699	CDS		GTG	FF951_07690|CP040688_1580760_1581458_+3_GTG_232
CP040688	1582474	TAG	FF951_07695	1581455	1020	CDS		ATG	FF951_07695|CP040688_1581455_1582474_+2_ATG_339
CP040688	1585433	TGA	FF951_07710	1584828	606	CDS		ATG	FF951_07710|CP040688_1584828_1585433_+3_ATG_201
CP040688	1586162	TGA	FF951_07715	1585641	522	CDS		CTG	FF951_07715|CP040688_1585641_1586162_+3_CTG_173
CP040688	1586553	TGA	FF951_07720	1586152	402	CDS		GTG	FF951_07720|CP040688_1586152_1586553_+1_GTG_133
CP040688	1587935	TGA	FF951_07725	1586658	1278	CDS		ATG	FF951_07725|CP040688_1586658_1587935_+3_ATG_425
CP040688	1588414	TGA	FF951_07730	1587932	483	CDS		GTG	FF951_07730|CP040688_1587932_1588414_+2_GTG_160
CP040688	1588875	TGA	FF951_07735	1588411	465	CDS		GTG	FF951_07735|CP040688_1588411_1588875_+1_GTG_154
CP040688	1589586	TAA	FF951_07740	1588900	687	CDS		ATG	FF951_07740|CP040688_1588900_1589586_+1_ATG_228
CP040688	1590239	TAA	FF951_07745	1589766	474	CDS		ATG	FF951_07745|CP040688_1589766_1590239_+3_ATG_157
CP040688	1592243	TGA	FF951_07750	1590303	1941	CDS		GTG	FF951_07750|CP040688_1590303_1592243_+3_GTG_646
CP040688	1593145	TGA	FF951_07755	1592240	906	CDS		ATG	FF951_07755|CP040688_1592240_1593145_+2_ATG_301
CP040688	1594170	TGA	FF951_07760	1593142	1029	CDS		ATG	FF951_07760|CP040688_1593142_1594170_+1_ATG_342
CP040688	1595144	TAG	FF951_07765	1594167	978	CDS		ATG	FF951_07765|CP040688_1594167_1595144_+3_ATG_325
CP040688	1597298	TAG	FF951_07775	1595919	1380	CDS		ATG	FF951_07775|CP040688_1595919_1597298_+3_ATG_459
CP040688	1602407	TAG	FF951_07795	1601139	1269	CDS		GTG	FF951_07795|CP040688_1601139_1602407_+3_GTG_422
CP040688	1604233	TAG	FF951_07800	1602647	1587	CDS		ATG	FF951_07800|CP040688_1602647_1604233_+2_ATG_528
CP040688	1606113	TGA	FF951_07805	1604344	1770	CDS		ATG	FF951_07805|CP040688_1604344_1606113_+1_ATG_589
CP040688	1607531	TGA	FF951_07810	1606110	1422	CDS		ATG	FF951_07810|CP040688_1606110_1607531_+3_ATG_473
CP040688	1608510	TAG	FF951_07815	1607695	816	CDS		ATG	FF951_07815|CP040688_1607695_1608510_+1_ATG_271
CP040688	1608654	TGA	FF951_07820	1608517	138	CDS		ATG	FF951_07820|CP040688_1608517_1608654_+1_ATG_45
CP040688	1609425	TAG	FF951_07830	1609210	216	CDS		TTG	FF951_07830|CP040688_1609210_1609425_+1_TTG_71
CP040688	1610608	TAG	FF951_07835	1609589	1020	CDS		GTG	FF951_07835|CP040688_1609589_1610608_+2_GTG_339
CP040688	1611849	TGA	FF951_07840	1610611	1239	CDS		ATG	FF951_07840|CP040688_1610611_1611849_+1_ATG_412
CP040688	1612631	TAG	FF951_07845	1611846	786	CDS		GTG	FF951_07845|CP040688_1611846_1612631_+3_GTG_261
CP040688	1614352	TAG	FF951_07865	1614119	234	CDS		ATG	FF951_07865|CP040688_1614119_1614352_+2_ATG_77
CP040688	1618355	TAG	FF951_07875	1616055	2301	CDS		ATG	FF951_07875|CP040688_1616055_1618355_+3_ATG_766
CP040688	1619271	TGA	FF951_07885	1619032	240	CDS		ATG	FF951_07885|CP040688_1619032_1619271_+1_ATG_79
CP040688	1632346	TGA	FF951_07930	1631420	927	CDS		GTG	FF951_07930|CP040688_1631420_1632346_+2_GTG_308
CP040688	1636217	TAG	FF951_07940	1634952	1266	CDS		GTG	FF951_07940|CP040688_1634952_1636217_+3_GTG_421
CP040688	1638114	TAG	FF951_07950	1637251	864	CDS		ATG	FF951_07950|CP040688_1637251_1638114_+1_ATG_287
CP040688	1641069	TGA	FF951_07970	1640812	258	CDS		GTG	FF951_07970|CP040688_1640812_1641069_+1_GTG_85
CP040688	1643616	TGA	FF951_07980	1642810	807	CDS		GTG	FF951_07980|CP040688_1642810_1643616_+1_GTG_268
CP040688	1646153	TGA	FF951_07985	1643613	2541	CDS		ATG	FF951_07985|CP040688_1643613_1646153_+3_ATG_846
CP040688	1647343	TGA	FF951_07990	1646150	1194	CDS		ATG	FF951_07990|CP040688_1646150_1647343_+2_ATG_397
CP040688	1648140	TGA	FF951_07995	1647340	801	CDS		ATG	FF951_07995|CP040688_1647340_1648140_+1_ATG_266
CP040688	1649395	TGA	FF951_08000	1648142	1254	CDS		ATG	FF951_08000|CP040688_1648142_1649395_+2_ATG_417
CP040688	1649880	TGA	FF951_08005	1649392	489	CDS		GTG	FF951_08005|CP040688_1649392_1649880_+1_GTG_162
CP040688	1650202	TGA	FF951_08010	1649855	348	CDS		ATG	FF951_08010|CP040688_1649855_1650202_+2_ATG_115
CP040688	1656918	TAG	FF951_08030	1654942	1977	CDS		ATG	FF951_08030|CP040688_1654942_1656918_+1_ATG_658
CP040688	1657336	TGA	FF951_08035	1656962	375	CDS		GTG	FF951_08035|CP040688_1656962_1657336_+2_GTG_124
CP040688	1657723	TGA	FF951_08040	1657352	372	CDS		GTG	FF951_08040|CP040688_1657352_1657723_+2_GTG_123
CP040688	1658602	TAA	FF951_08045	1657745	858	CDS		GTG	FF951_08045|CP040688_1657745_1658602_+2_GTG_285
CP040688	1660266	TGA	FF951_08050	1658638	1629	CDS		GTG	FF951_08050|CP040688_1658638_1660266_+1_GTG_542
CP040688	1660554	TGA	FF951_08055	1660363	192	CDS		ATG	FF951_08055|CP040688_1660363_1660554_+1_ATG_63
CP040688	1664746	TAG	FF951_08070	1664186	561	CDS		ATG	FF951_08070|CP040688_1664186_1664746_+2_ATG_186
CP040688	1666390	TAG	FF951_08075	1664972	1419	CDS		ATG	FF951_08075|CP040688_1664972_1666390_+2_ATG_472
CP040688	1667126	TGA	FF951_08080	1666401	726	CDS		ATG	FF951_08080|CP040688_1666401_1667126_+3_ATG_241
CP040688	1668398	TGA	FF951_08085	1667265	1134	CDS		ATG	FF951_08085|CP040688_1667265_1668398_+3_ATG_377
CP040688	1669348	TGA	FF951_08090	1668395	954	CDS		GTG	FF951_08090|CP040688_1668395_1669348_+2_GTG_317
CP040688	1670366	TAG	FF951_08095	1669359	1008	CDS		ATG	FF951_08095|CP040688_1669359_1670366_+3_ATG_335
CP040688	1672165	TGA	FF951_08105	1671422	744	CDS		GTG	FF951_08105|CP040688_1671422_1672165_+2_GTG_247
CP040688	1672993	TAG	FF951_08110	1672184	810	CDS		ATG	FF951_08110|CP040688_1672184_1672993_+2_ATG_269
CP040688	1674033	TGA	FF951_08115	1672999	1035	CDS		ATG	FF951_08115|CP040688_1672999_1674033_+1_ATG_344
CP040688	1675357	TAG	FF951_08125	1674923	435	CDS		ATG	FF951_08125|CP040688_1674923_1675357_+2_ATG_144
CP040688	1676524	TAG	FF951_08130	1675379	1146	CDS		GTG	FF951_08130|CP040688_1675379_1676524_+2_GTG_381
CP040688	1676890	TAA	FF951_08135	1676534	357	CDS		ATG	FF951_08135|CP040688_1676534_1676890_+2_ATG_118
CP040688	1677154	TGA	FF951_08140	1676924	231	CDS		GTG	FF951_08140|CP040688_1676924_1677154_+2_GTG_76
CP040688	1678611	TGA	FF951_08145	1677304	1308	CDS		GTG	FF951_08145|CP040688_1677304_1678611_+1_GTG_435
CP040688	1678972	TAG	FF951_08150	1678709	264	CDS		TTG	FF951_08150|CP040688_1678709_1678972_+2_TTG_87
CP040688	1681986	TAG	FF951_08160	1680139	1848	CDS		GTG	FF951_08160|CP040688_1680139_1681986_+1_GTG_615
CP040688	1684239	TAG	FF951_08165	1681987	2253	CDS		ATG	FF951_08165|CP040688_1681987_1684239_+1_ATG_750
CP040688	1684555	TGA	FF951_08170	1684253	303	CDS		GTG	FF951_08170|CP040688_1684253_1684555_+2_GTG_100
CP040688	1684869	TGA	FF951_08175	1684552	318	CDS		GTG	FF951_08175|CP040688_1684552_1684869_+1_GTG_105
CP040688	1685870	TAA	FF951_08180	1684866	1005	CDS		ATG	FF951_08180|CP040688_1684866_1685870_+3_ATG_334
CP040688	1687212	TAA	FF951_08185	1685923	1290	CDS		GTG	FF951_08185|CP040688_1685923_1687212_+1_GTG_429
CP040688	1688787	TGA	FF951_08200	1688389	399	CDS		GTG	FF951_08200|CP040688_1688389_1688787_+1_GTG_132
CP040688	1689860	TGA	FF951_08205	1688832	1029	CDS		ATG	FF951_08205|CP040688_1688832_1689860_+3_ATG_342
CP040688	1690693	TAG	FF951_08210	1689872	822	CDS		ATG	FF951_08210|CP040688_1689872_1690693_+2_ATG_273
CP040688	1691805	TGA	FF951_08215	1690906	900	CDS		ATG	FF951_08215|CP040688_1690906_1691805_+1_ATG_299
CP040688	1695839	TGA	FF951_08240	1695337	503	CDS	true	ATG	FF951_08240_p|CP040688_1695337_1695839_+1_ATG_167
CP040688	1698208	TAA	FF951_08250	1697846	363	CDS		GTG	FF951_08250|CP040688_1697846_1698208_+2_GTG_120
CP040688	1699073	TAA	FF951_08255	1698192	882	CDS		GTG	FF951_08255|CP040688_1698192_1699073_+3_GTG_293
CP040688	1700573	TGA	FF951_08260	1699275	1299	CDS		ATG	FF951_08260|CP040688_1699275_1700573_+3_ATG_432
CP040688	1702076	TGA	FF951_08270	1701054	1023	CDS		GTG	FF951_08270|CP040688_1701054_1702076_+3_GTG_340
CP040688	1703041	TGA	FF951_08275	1702073	969	CDS		ATG	FF951_08275|CP040688_1702073_1703041_+2_ATG_322
CP040688	1703769	TGA	FF951_08280	1703038	732	CDS		ATG	FF951_08280|CP040688_1703038_1703769_+1_ATG_243
CP040688	1707615	TGA	FF951_08300	1706851	765	CDS		ATG	FF951_08300|CP040688_1706851_1707615_+1_ATG_254
CP040688	1708583	TAG	FF951_08305	1707624	960	CDS		GTG	FF951_08305|CP040688_1707624_1708583_+3_GTG_319
CP040688	1708982	TGA	FF951_08310	1708713	270	CDS		TTG	FF951_08310|CP040688_1708713_1708982_+3_TTG_89
CP040688	1710048	TAG	FF951_08315	1709008	1041	CDS		GTG	FF951_08315|CP040688_1709008_1710048_+1_GTG_346
CP040688	1712033	TAG	FF951_08325	1710282	1752	CDS		ATG	FF951_08325|CP040688_1710282_1712033_+3_ATG_583
CP040688	1716676	TGA	FF951_08335	1715633	1044	CDS		ATG	FF951_08335|CP040688_1715633_1716676_+2_ATG_347
CP040688	1717950	TAA	FF951_08340	1716706	1245	CDS		ATG	FF951_08340|CP040688_1716706_1717950_+1_ATG_414
CP040688	1718781	TAG	FF951_08345	1717997	785	CDS	true	TTG	FF951_08345_p|CP040688_1717997_1718781_+2_TTG_261
CP040688	1729235	TGA	FF951_08365	1727481	1755	CDS		GTG	FF951_08365|CP040688_1727481_1729235_+3_GTG_584
CP040688	1730455	TGA	FF951_08370	1729352	1104	CDS		ATG	FF951_08370|CP040688_1729352_1730455_+2_ATG_367
CP040688	1731018	TGA	FF951_08375	1730452	567	CDS		ATG	FF951_08375|CP040688_1730452_1731018_+1_ATG_188
CP040688	1732716	TGA	FF951_08385	1731589	1128	CDS		ATG	FF951_08385|CP040688_1731589_1732716_+1_ATG_375
CP040688	1733390	TGA	FF951_08390	1732713	678	CDS		GTG	FF951_08390|CP040688_1732713_1733390_+3_GTG_225
CP040688	1734191	TAG	FF951_08395	1733955	237	CDS		ATG	FF951_08395|CP040688_1733955_1734191_+3_ATG_78
CP040688	1737623	TGA	FF951_08400	1734498	3126	CDS		GTG	FF951_08400|CP040688_1734498_1737623_+3_GTG_1041
CP040688	1739226	TGA	FF951_08405	1737835	1392	CDS		GTG	FF951_08405|CP040688_1737835_1739226_+1_GTG_463
CP040688	1740831	TGA	FF951_08415	1740223	609	CDS		GTG	FF951_08415|CP040688_1740223_1740831_+1_GTG_202
CP040688	1741750	TGA	FF951_08420	1740824	927	CDS		ATG	FF951_08420|CP040688_1740824_1741750_+2_ATG_308
CP040688	1744068	TGA	FF951_08435	1743043	1026	CDS		ATG	FF951_08435|CP040688_1743043_1744068_+1_ATG_341
CP040688	1744876	TGA	FF951_08440	1744073	804	CDS		ATG	FF951_08440|CP040688_1744073_1744876_+2_ATG_267
CP040688	1745125	TAG	FF951_08445	1744898	228	CDS		GTG	FF951_08445|CP040688_1744898_1745125_+2_GTG_75
CP040688	1745605	TAG	FF951_08450	1745174	432	CDS		ATG	FF951_08450|CP040688_1745174_1745605_+2_ATG_143
CP040688	1749227	TAG	FF951_08455	1745673	3555	CDS		ATG	FF951_08455|CP040688_1745673_1749227_+3_ATG_1184
CP040688	1752017	TGA	FF951_08465	1751469	549	CDS		ATG	FF951_08465|CP040688_1751469_1752017_+3_ATG_182
CP040688	1753411	TGA	FF951_08470	1752023	1389	CDS		TTG	FF951_08470|CP040688_1752023_1753411_+2_TTG_462
CP040688	1755289	TGA	FF951_08475	1753425	1865	CDS	true	GTG	FF951_08475_p|CP040688_1753425_1755289_+3_GTG_621
CP040688	1755650	TGA	FF951_08480	1755468	183	CDS		ATG	FF951_08480|CP040688_1755468_1755650_+3_ATG_60
CP040688	1757411	TAA	FF951_08485	1755660	1752	CDS		ATG	FF951_08485|CP040688_1755660_1757411_+3_ATG_583
CP040688	1758157	TGA	FF951_08490	1757414	744	CDS		ATG	FF951_08490|CP040688_1757414_1758157_+2_ATG_247
CP040688	1758534	TGA	FF951_08495	1758154	381	CDS		ATG	FF951_08495|CP040688_1758154_1758534_+1_ATG_126
CP040688	1758908	TAA	FF951_08500	1758531	378	CDS		ATG	FF951_08500|CP040688_1758531_1758908_+3_ATG_125
CP040688	1759584	TGA	FF951_08505	1758976	609	CDS		ATG	FF951_08505|CP040688_1758976_1759584_+1_ATG_202
CP040688	1760916	TAA	FF951_08510	1759723	1194	CDS		GTG	FF951_08510|CP040688_1759723_1760916_+1_GTG_397
CP040688	1761372	TAG	FF951_08515	1760926	447	CDS		ATG	FF951_08515|CP040688_1760926_1761372_+1_ATG_148
CP040688	1762696	TAG	FF951_08520	1761407	1290	CDS		GTG	FF951_08520|CP040688_1761407_1762696_+2_GTG_429
CP040688	1762952	TGA	FF951_08525	1762734	219	CDS		GTG	FF951_08525|CP040688_1762734_1762952_+3_GTG_72
CP040688	1763362	TGA	FF951_08530	1762958	405	CDS		ATG	FF951_08530|CP040688_1762958_1763362_+2_ATG_134
CP040688	1774684	TGA	FF951_08565	1773371	1314	CDS		ATG	FF951_08565|CP040688_1773371_1774684_+2_ATG_437
CP040688	1775841	TGA	FF951_08570	1774681	1161	CDS		ATG	FF951_08570|CP040688_1774681_1775841_+1_ATG_386
CP040688	1776518	TGA	FF951_08575	1775838	681	CDS		TTG	FF951_08575|CP040688_1775838_1776518_+3_TTG_226
CP040688	1777027	TGA	FF951_08580	1776518	510	CDS		ATG	FF951_08580|CP040688_1776518_1777027_+2_ATG_169
CP040688	1777211	TAG	FF951_08585	1777005	207	CDS		GTG	FF951_08585|CP040688_1777005_1777211_+3_GTG_68
CP040688	1780065	TAA	FF951_08600	1779016	1050	CDS		GTG	FF951_08600|CP040688_1779016_1780065_+1_GTG_349
CP040688	1780305	TGA	FF951_08605	1780066	240	CDS		ATG	FF951_08605|CP040688_1780066_1780305_+1_ATG_79
CP040688	1780967	TAG	FF951_08610	1780302	666	CDS		GTG	FF951_08610|CP040688_1780302_1780967_+3_GTG_221
CP040688	1784537	TGA	FF951_08625	1783488	1050	CDS		ATG	FF951_08625|CP040688_1783488_1784537_+3_ATG_349
CP040688	1786120	TGA	FF951_08630	1784537	1584	CDS		ATG	FF951_08630|CP040688_1784537_1786120_+2_ATG_527
CP040688	1786977	TAG	FF951_08635	1786120	858	CDS		ATG	FF951_08635|CP040688_1786120_1786977_+1_ATG_285
CP040688	1787784	TGA	FF951_08640	1787026	759	CDS		GTG	FF951_08640|CP040688_1787026_1787784_+1_GTG_252
CP040688	1789631	TGA	FF951_08650	1788315	1317	CDS		GTG	FF951_08650|CP040688_1788315_1789631_+3_GTG_438
CP040688	1790770	TGA	FF951_08655	1789628	1143	CDS		ATG	FF951_08655|CP040688_1789628_1790770_+2_ATG_380
CP040688	1791399	TGA	FF951_08660	1790767	633	CDS		ATG	FF951_08660|CP040688_1790767_1791399_+1_ATG_210
CP040688	1792016	TAA	FF951_08665	1791396	621	CDS		GTG	FF951_08665|CP040688_1791396_1792016_+3_GTG_206
CP040688	1792763	TAG	FF951_08670	1792026	738	CDS		GTG	FF951_08670|CP040688_1792026_1792763_+3_GTG_245
CP040688	1793583	TGA	FF951_08675	1792771	813	CDS		ATG	FF951_08675|CP040688_1792771_1793583_+1_ATG_270
CP040688	1794388	TGA	FF951_08680	1793585	804	CDS		ATG	FF951_08680|CP040688_1793585_1794388_+2_ATG_267
CP040688	1794732	TAA	FF951_08685	1794385	348	CDS		ATG	FF951_08685|CP040688_1794385_1794732_+1_ATG_115
CP040688	1795995	TGA	FF951_08690	1794913	1083	CDS		ATG	FF951_08690|CP040688_1794913_1795995_+1_ATG_360
CP040688	1798185	TAA	FF951_08700	1796635	1551	CDS		GTG	FF951_08700|CP040688_1796635_1798185_+1_GTG_516
CP040688	1798882	TGA	FF951_08705	1798175	708	CDS		GTG	FF951_08705|CP040688_1798175_1798882_+2_GTG_235
CP040688	1799790	TAG	FF951_08710	1798972	819	CDS		ATG	FF951_08710|CP040688_1798972_1799790_+1_ATG_272
CP040688	1801091	TGA	FF951_08715	1799859	1233	CDS		ATG	FF951_08715|CP040688_1799859_1801091_+3_ATG_410
CP040688	1801903	TGA	FF951_08720	1801091	813	CDS		ATG	FF951_08720|CP040688_1801091_1801903_+2_ATG_270
CP040688	1803310	TGA	FF951_08725	1801903	1408	CDS	true	ATG	FF951_08725_p|CP040688_1801903_1803310_+1_ATG_469
CP040688	1803860	CAG	FF951_08730	1803639	222	CDS	true	ATG	FF951_08730_p|CP040688_1803639_1803860_+3_ATG_74
CP040688	1804426	TAG	FF951_08735	1803986	441	CDS		ATG	FF951_08735|CP040688_1803986_1804426_+2_ATG_146
CP040688	1804814	TAG	FF951_08740	1804416	399	CDS		ATG	FF951_08740|CP040688_1804416_1804814_+3_ATG_132
CP040688	1806340	TAG	FF951_08745	1804922	1419	CDS		GTG	FF951_08745|CP040688_1804922_1806340_+2_GTG_472
CP040688	1807250	TAG	FF951_08750	1806348	903	CDS		GTG	FF951_08750|CP040688_1806348_1807250_+3_GTG_300
CP040688	1808762	TGA	FF951_08755	1807308	1455	CDS		ATG	FF951_08755|CP040688_1807308_1808762_+3_ATG_484
CP040688	1817530	TGA	FF951_08795	1816913	618	CDS		ATG	FF951_08795|CP040688_1816913_1817530_+2_ATG_205
CP040688	1822112	TGA	FF951_08810	1819398	2715	CDS		GTG	FF951_08810|CP040688_1819398_1822112_+3_GTG_904
CP040688	1823720	TGA	FF951_08815	1822275	1446	CDS		ATG	FF951_08815|CP040688_1822275_1823720_+3_ATG_481
CP040688	1824969	TGA	FF951_08820	1823746	1224	CDS		ATG	FF951_08820|CP040688_1823746_1824969_+1_ATG_407
CP040688	1825124	ATG	FF951_08825	1825005	120	CDS	true	ATC	FF951_08825_p|CP040688_1825005_1825124_+3_ATC_40
CP040688	1825734	TAG	FF951_08835	1825534	201	CDS		ATG	FF951_08835|CP040688_1825534_1825734_+1_ATG_66
CP040688	1827904	TGA	FF951_08840	1825808	2097	CDS		GTG	FF951_08840|CP040688_1825808_1827904_+2_GTG_698
CP040688	1829316	TGA	FF951_08845	1827901	1416	CDS		GTG	FF951_08845|CP040688_1827901_1829316_+1_GTG_471
CP040688	1831161	TAG	FF951_08855	1830901	261	CDS		ATG	FF951_08855|CP040688_1830901_1831161_+1_ATG_86
CP040688	1831624	TAG	FF951_08860	1831184	441	CDS		ATG	FF951_08860|CP040688_1831184_1831624_+2_ATG_146
CP040688	1835392	TGA	FF951_08870	1832474	2919	CDS		GTG	FF951_08870|CP040688_1832474_1835392_+2_GTG_972
CP040688	1841610	TAG	FF951_08890	1841005	606	CDS		ATC	FF951_08890|CP040688_1841005_1841610_+1_ATC_201
CP040688	1841854	TGA	FF951_08895	1841660	195	CDS		ATG	FF951_08895|CP040688_1841660_1841854_+2_ATG_64
CP040688	1842305	TGA	FF951_08900	1841916	390	CDS		ATG	FF951_08900|CP040688_1841916_1842305_+3_ATG_129
CP040688	1843120	TGA	FF951_08905	1842338	783	CDS		GTG	FF951_08905|CP040688_1842338_1843120_+2_GTG_260
CP040688	1845428	TAA	FF951_08915	1844496	933	CDS		ATG	FF951_08915|CP040688_1844496_1845428_+3_ATG_310
CP040688	1846456	TAG	FF951_08920	1845506	951	CDS		TTG	FF951_08920|CP040688_1845506_1846456_+2_TTG_316
CP040688	1847269	TGA	FF951_08925	1846463	807	CDS		ATG	FF951_08925|CP040688_1846463_1847269_+2_ATG_268
CP040688	1848490	TGA	FF951_08930	1847465	1026	CDS		ATG	FF951_08930|CP040688_1847465_1848490_+2_ATG_341
CP040688	1850985	TGA	FF951_08935	1848490	2496	CDS		ATG	FF951_08935|CP040688_1848490_1850985_+1_ATG_831
CP040688	1855387	TGA	FF951_08945	1854329	1059	CDS		ATG	FF951_08945|CP040688_1854329_1855387_+2_ATG_352
CP040688	1856598	TGA	FF951_08950	1855384	1215	CDS		GTG	FF951_08950|CP040688_1855384_1856598_+1_GTG_404
CP040688	1857479	TGA	FF951_08955	1856595	885	CDS		ATG	FF951_08955|CP040688_1856595_1857479_+3_ATG_294
CP040688	1858678	TGA	FF951_08960	1857476	1203	CDS		ATG	FF951_08960|CP040688_1857476_1858678_+2_ATG_400
CP040688	1859598	TGA	FF951_08965	1858675	924	CDS		GTG	FF951_08965|CP040688_1858675_1859598_+1_GTG_307
CP040688	1860107	TAA	FF951_08970	1859595	513	CDS		ATG	FF951_08970|CP040688_1859595_1860107_+3_ATG_170
CP040688	1861312	TGA	FF951_08975	1860116	1197	CDS		ATG	FF951_08975|CP040688_1860116_1861312_+2_ATG_398
CP040688	1862804	TGA	FF951_08980	1861392	1413	CDS		GTG	FF951_08980|CP040688_1861392_1862804_+3_GTG_470
CP040688	1863974	TGA	FF951_08985	1862913	1062	CDS		GTG	FF951_08985|CP040688_1862913_1863974_+3_GTG_353
CP040688	1870437	TAA	FF951_08990	1864057	6381	CDS		ATG	FF951_08990|CP040688_1864057_1870437_+1_ATG_2126
CP040688	1875265	TGA	FF951_08995	1870457	4809	CDS		ATG	FF951_08995|CP040688_1870457_1875265_+2_ATG_1602
CP040688	1876773	TAG	FF951_09000	1875265	1509	CDS		ATG	FF951_09000|CP040688_1875265_1876773_+1_ATG_502
CP040688	1879832	TGA	FF951_09005	1876779	3054	CDS		GTG	FF951_09005|CP040688_1876779_1879832_+3_GTG_1017
CP040688	1881040	TGA	FF951_09010	1879979	1062	CDS		ATG	FF951_09010|CP040688_1879979_1881040_+2_ATG_353
CP040688	1884850	TGA	FF951_09025	1884488	363	CDS		ATG	FF951_09025|CP040688_1884488_1884850_+2_ATG_120
CP040688	1885230	TAG	FF951_09030	1884883	348	CDS		ATG	FF951_09030|CP040688_1884883_1885230_+1_ATG_115
CP040688	1885630	TAG	FF951_09035	1885238	393	CDS		ATG	FF951_09035|CP040688_1885238_1885630_+2_ATG_130
CP040688	1890514	TGA	FF951_09060	1889810	705	CDS		TTG	FF951_09060|CP040688_1889810_1890514_+2_TTG_234
CP040688	1891059	TGA	FF951_09065	1890511	549	CDS		GTG	FF951_09065|CP040688_1890511_1891059_+1_GTG_182
CP040688	1892062	TGA	FF951_09070	1891160	903	CDS		ATG	FF951_09070|CP040688_1891160_1892062_+2_ATG_300
CP040688	1893183	TAG	FF951_09075	1892062	1122	CDS		ATG	FF951_09075|CP040688_1892062_1893183_+1_ATG_373
CP040688	1894016	TGA	FF951_09080	1893192	825	CDS		ATG	FF951_09080|CP040688_1893192_1894016_+3_ATG_274
CP040688	1895005	TAG	FF951_09085	1894013	993	CDS		GTG	FF951_09085|CP040688_1894013_1895005_+2_GTG_330
CP040688	1896083	TAG	FF951_09090	1895166	918	CDS		GTG	FF951_09090|CP040688_1895166_1896083_+3_GTG_305
CP040688	1899356	TGA	FF951_09095	1896357	3000	CDS		GTG	FF951_09095|CP040688_1896357_1899356_+3_GTG_999
CP040688	1899573	TGA	FF951_09100	1899349	225	CDS		ATG	FF951_09100|CP040688_1899349_1899573_+1_ATG_74
CP040688	1902353	TAG	FF951_09120	1901742	612	CDS		ATG	FF951_09120|CP040688_1901742_1902353_+3_ATG_203
CP040688	1903639	TGA	FF951_09125	1902365	1275	CDS		ATG	FF951_09125|CP040688_1902365_1903639_+2_ATG_424
CP040688	1904673	TGA	FF951_09130	1904290	384	CDS		ATG	FF951_09130|CP040688_1904290_1904673_+1_ATG_127
CP040688	1905464	TGA	FF951_09135	1904712	753	CDS		GTG	FF951_09135|CP040688_1904712_1905464_+3_GTG_250
CP040688	1906522	TGA	FF951_09140	1905461	1062	CDS		ATG	FF951_09140|CP040688_1905461_1906522_+2_ATG_353
CP040688	1906695	TGA	FF951_09145	1906519	177	CDS		ATG	FF951_09145|CP040688_1906519_1906695_+1_ATG_58
CP040688	1907509	TAG	FF951_09150	1906703	807	CDS		GTG	FF951_09150|CP040688_1906703_1907509_+2_GTG_268
CP040688	1908432	TAG	FF951_09155	1907509	924	CDS		GTG	FF951_09155|CP040688_1907509_1908432_+1_GTG_307
CP040688	1910209	TAG	FF951_09160	1908446	1764	CDS		GTG	FF951_09160|CP040688_1908446_1910209_+2_GTG_587
CP040688	1911486	TAG	FF951_09165	1910305	1182	CDS		ATG	FF951_09165|CP040688_1910305_1911486_+1_ATG_393
CP040688	1912452	TAG	FF951_09170	1911508	945	CDS		ATG	FF951_09170|CP040688_1911508_1912452_+1_ATG_314
CP040688	1914352	TGA	FF951_09175	1912592	1761	CDS		GTG	FF951_09175|CP040688_1912592_1914352_+2_GTG_586
CP040688	1914968	TGA	FF951_09180	1914345	624	CDS		GTG	FF951_09180|CP040688_1914345_1914968_+3_GTG_207
CP040688	1915900	TAA	FF951_09185	1914965	936	CDS		ATG	FF951_09185|CP040688_1914965_1915900_+2_ATG_311
CP040688	1925105	TGA	FF951_09220	1923645	1461	CDS		GTG	FF951_09220|CP040688_1923645_1925105_+3_GTG_486
CP040688	1926079	TGA	FF951_09225	1925123	957	CDS		TTG	FF951_09225|CP040688_1925123_1926079_+2_TTG_318
CP040688	1926912	TGA	FF951_09230	1926076	837	CDS		GTG	FF951_09230|CP040688_1926076_1926912_+1_GTG_278
CP040688	1927604	TGA	FF951_09235	1926909	696	CDS		GTG	FF951_09235|CP040688_1926909_1927604_+3_GTG_231
CP040688	1928365	TGA	FF951_09240	1927601	765	CDS		TTG	FF951_09240|CP040688_1927601_1928365_+2_TTG_254
CP040688	1929054	TGA	FF951_09245	1928362	693	CDS		GTG	FF951_09245|CP040688_1928362_1929054_+1_GTG_230
CP040688	1930442	TGA	FF951_09250	1929051	1392	CDS		GTG	FF951_09250|CP040688_1929051_1930442_+3_GTG_463
CP040688	1931428	TGA	FF951_09255	1930616	813	CDS		GTG	FF951_09255|CP040688_1930616_1931428_+2_GTG_270
CP040688	1932336	TAG	FF951_09260	1931422	915	CDS		ATG	FF951_09260|CP040688_1931422_1932336_+1_ATG_304
CP040688	1933169	TGA	FF951_09265	1932339	831	CDS		ATG	FF951_09265|CP040688_1932339_1933169_+3_ATG_276
CP040688	1933519	TGA	FF951_09270	1933169	351	CDS		ATG	FF951_09270|CP040688_1933169_1933519_+2_ATG_116
CP040688	1934390	TGA	FF951_09275	1933572	819	CDS		ATG	FF951_09275|CP040688_1933572_1934390_+3_ATG_272
CP040688	1935183	TGA	FF951_09280	1934404	780	CDS		GTG	FF951_09280|CP040688_1934404_1935183_+1_GTG_259
CP040688	1938108	TGA	FF951_09300	1936624	1485	CDS		GTG	FF951_09300|CP040688_1936624_1938108_+1_GTG_494
CP040688	1939352	TAA	FF951_09305	1938105	1248	CDS		GTG	FF951_09305|CP040688_1938105_1939352_+3_GTG_415
CP040688	1942000	TGA	FF951_09320	1940615	1386	CDS		ATG	FF951_09320|CP040688_1940615_1942000_+2_ATG_461
CP040688	1942602	TGA	FF951_09325	1942033	570	CDS		ATG	FF951_09325|CP040688_1942033_1942602_+1_ATG_189
CP040688	1948164	TGA	FF951_09350	1946608	1557	CDS		ATG	FF951_09350|CP040688_1946608_1948164_+1_ATG_518
CP040688	1950289	TGA	FF951_09370	1950089	201	CDS		GTG	FF951_09370|CP040688_1950089_1950289_+2_GTG_66
CP040688	1954872	TGA	FF951_09395	1954588	285	CDS		ATG	FF951_09395|CP040688_1954588_1954872_+1_ATG_94
CP040688	1956848	TGA	FF951_09405	1956636	213	CDS		ATG	FF951_09405|CP040688_1956636_1956848_+3_ATG_70
CP040688	1957096	TGA	FF951_09410	1956848	249	CDS		ATG	FF951_09410|CP040688_1956848_1957096_+2_ATG_82
CP040688	1957841	TAG	FF951_09415	1957104	738	CDS		ATG	FF951_09415|CP040688_1957104_1957841_+3_ATG_245
CP040688	1959635	TAG	FF951_09420	1957935	1701	CDS		ATG	FF951_09420|CP040688_1957935_1959635_+3_ATG_566
CP040688	1962499	TGA	FF951_09435	1961069	1431	CDS		ATG	FF951_09435|CP040688_1961069_1962499_+2_ATG_476
CP040688	1965158	TAG	FF951_09440	1962561	2598	CDS		GTG	FF951_09440|CP040688_1962561_1965158_+3_GTG_865
CP040688	1966262	TAA	FF951_09445	1965531	732	CDS		TTG	FF951_09445|CP040688_1965531_1966262_+3_TTG_243
CP040688	1969934	TGA	FF951_09460	1968552	1383	CDS		ATG	FF951_09460|CP040688_1968552_1969934_+3_ATG_460
CP040688	1970510	TGA	FF951_09465	1970061	450	CDS		ATG	FF951_09465|CP040688_1970061_1970510_+3_ATG_149
CP040688	1978611	TGA	FF951_09500	1978342	270	CDS		GTG	FF951_09500|CP040688_1978342_1978611_+1_GTG_89
CP040688	1979038	TAG	FF951_09505	1978679	360	CDS		ATG	FF951_09505|CP040688_1978679_1979038_+2_ATG_119
CP040688	1981075	TGA	FF951_09510	1979219	1857	CDS		ATG	FF951_09510|CP040688_1979219_1981075_+2_ATG_618
CP040688	1982475	TAA	FF951_09515	1981231	1245	CDS		GTG	FF951_09515|CP040688_1981231_1982475_+1_GTG_414
CP040688	1983769	TGA	FF951_09520	1982483	1287	CDS		ATG	FF951_09520|CP040688_1982483_1983769_+2_ATG_428
CP040688	1985052	TGA	FF951_09525	1983766	1287	CDS		ATG	FF951_09525|CP040688_1983766_1985052_+1_ATG_428
CP040688	1985552	TAA	FF951_09530	1985241	312	CDS		TTG	FF951_09530|CP040688_1985241_1985552_+3_TTG_103
CP040688	1987777	TGA	FF951_09540	1986437	1341	CDS		ATG	FF951_09540|CP040688_1986437_1987777_+2_ATG_446
CP040688	1988595	TGA	FF951_09545	1987777	819	CDS		ATG	FF951_09545|CP040688_1987777_1988595_+1_ATG_272
CP040688	1990565	TAG	FF951_09555	1989261	1305	CDS		GTG	FF951_09555|CP040688_1989261_1990565_+3_GTG_434
CP040688	1993867	TAG	FF951_09570	1993304	564	CDS		ATG	FF951_09570|CP040688_1993304_1993867_+2_ATG_187
CP040688	1997865	TGA	FF951_09580	1996345	1521	CDS		GTG	FF951_09580|CP040688_1996345_1997865_+1_GTG_506
CP040688	2002037	TAG	FF951_09585	1997862	4176	CDS		ATG	FF951_09585|CP040688_1997862_2002037_+3_ATG_1391
CP040688	2003636	TGA	FF951_09595	2003433	204	CDS		GTG	FF951_09595|CP040688_2003433_2003636_+3_GTG_67
CP040688	2005002	TAA	FF951_09600	2003906	1097	CDS	true	TTG	FF951_09600_p|CP040688_2003906_2005002_+2_TTG_365
CP040688	2005380	TAG	FF951_09605	2005081	300	CDS		ATG	FF951_09605|CP040688_2005081_2005380_+1_ATG_99
CP040688	2006575	TAG	FF951_09610	2005394	1182	CDS		ATG	FF951_09610|CP040688_2005394_2006575_+2_ATG_393
CP040688	2006917	TAG	FF951_09615	2006615	303	CDS		GTG	FF951_09615|CP040688_2006615_2006917_+2_GTG_100
CP040688	2008081	TAG	FF951_09620	2007029	1053	CDS		ATG	FF951_09620|CP040688_2007029_2008081_+2_ATG_350
CP040688	2008807	TGA	FF951_09625	2008508	300	CDS		ATG	FF951_09625|CP040688_2008508_2008807_+2_ATG_99
CP040688	2009247	TAG	FF951_09630	2008951	297	CDS	true	ATG	FF951_09630_p|CP040688_2008951_2009247_+1_ATG_98
CP040688	2009582	TAA	FF951_09635	2009298	285	CDS		ATG	FF951_09635|CP040688_2009298_2009582_+3_ATG_94
CP040688	2010572	TGA	FF951_09640	2009670	903	CDS		ATG	FF951_09640|CP040688_2009670_2010572_+3_ATG_300
CP040688	2012355	TAG	FF951_09645	2010844	1512	CDS		ATG	FF951_09645|CP040688_2010844_2012355_+1_ATG_503
CP040688	2014090	TGA	FF951_09650	2012333	1758	CDS		ATG	FF951_09650|CP040688_2012333_2014090_+2_ATG_585
CP040688	2015307	TGA	FF951_09655	2014087	1221	CDS		ATG	FF951_09655|CP040688_2014087_2015307_+1_ATG_406
CP040688	2017136	TAG	FF951_09660	2015304	1833	CDS		ATG	FF951_09660|CP040688_2015304_2017136_+3_ATG_610
CP040688	2017954	TGA	FF951_09665	2017763	192	CDS		ATG	FF951_09665|CP040688_2017763_2017954_+2_ATG_63
CP040688	2020024	TGA	FF951_09670	2018057	1968	CDS		ATG	FF951_09670|CP040688_2018057_2020024_+2_ATG_655
CP040688	2021876	TAG	FF951_09680	2020605	1272	CDS		ATG	FF951_09680|CP040688_2020605_2021876_+3_ATG_423
CP040688	2023379	TAG	FF951_09685	2021988	1392	CDS		ATG	FF951_09685|CP040688_2021988_2023379_+3_ATG_463
CP040688	2026975	TAA	FF951_09705	2026676	300	CDS		ATG	FF951_09705|CP040688_2026676_2026975_+2_ATG_99
CP040688	2028201	TGA	FF951_09710	2026990	1212	CDS		ATG	FF951_09710|CP040688_2026990_2028201_+1_ATG_403
CP040688	2029756	TGA	FF951_09715	2028527	1230	CDS		TTG	FF951_09715|CP040688_2028527_2029756_+2_TTG_409
CP040688	2031294	TGA	FF951_09720	2029888	1407	CDS		ATG	FF951_09720|CP040688_2029888_2031294_+1_ATG_468
CP040688	2031895	TAG	FF951_09725	2031539	357	CDS		ATG	FF951_09725|CP040688_2031539_2031895_+2_ATG_118
CP040688	2032753	TGA	FF951_09730	2032049	705	CDS		ATG	FF951_09730|CP040688_2032049_2032753_+2_ATG_234
CP040688	2036029	TAA	FF951_09745	2035127	903	CDS		ATG	FF951_09745|CP040688_2035127_2036029_+2_ATG_300
CP040688	2036799	TAG	FF951_09750	2036134	666	CDS		GTG	FF951_09750|CP040688_2036134_2036799_+1_GTG_221
CP040688	2037566	TGA	FF951_09755	2036862	705	CDS		TTG	FF951_09755|CP040688_2036862_2037566_+3_TTG_234
CP040688	2037956	TTT	FF951_09760	2037705	252	CDS	true	ATC	FF951_09760_p|CP040688_2037705_2037956_+3_ATC_84
CP040688	2038127	TGA	FF951_09765	2038053	75	CDS	true	CGC	FF951_09765_p|CP040688_2038053_2038127_+3_CGC_24
CP040688	2039664	TAA	FF951_09770	2038201	1464	CDS		ATG	FF951_09770|CP040688_2038201_2039664_+1_ATG_487
CP040688	2045056	TGA	FF951_09785	2043413	1644	CDS		ATG	FF951_09785|CP040688_2043413_2045056_+2_ATG_547
CP040688	2047497	TGA	FF951_09790	2045071	2427	CDS		GTG	FF951_09790|CP040688_2045071_2047497_+1_GTG_808
CP040688	2048323	TGA	FF951_09795	2047694	630	CDS		ATG	FF951_09795|CP040688_2047694_2048323_+2_ATG_209
CP040688	2049239	TAG	FF951_09800	2048316	924	CDS		GTG	FF951_09800|CP040688_2048316_2049239_+3_GTG_307
CP040688	2049633	TGA	FF951_09805	2049301	333	CDS		ATG	FF951_09805|CP040688_2049301_2049633_+1_ATG_110
CP040688	2050528	TGA	FF951_09810	2049650	879	CDS		GTG	FF951_09810|CP040688_2049650_2050528_+2_GTG_292
CP040688	2050970	TGA	FF951_09815	2050566	405	CDS		GTG	FF951_09815|CP040688_2050566_2050970_+3_GTG_134
CP040688	2051698	TGA	FF951_09820	2051210	489	CDS		GTG	FF951_09820|CP040688_2051210_2051698_+2_GTG_162
CP040688	2052438	TGA	FF951_09825	2051695	744	CDS		GTG	FF951_09825|CP040688_2051695_2052438_+1_GTG_247
CP040688	2053051	TAG	FF951_09830	2052557	495	CDS		ATG	FF951_09830|CP040688_2052557_2053051_+2_ATG_164
CP040688	2054076	TAG	FF951_09835	2053399	678	CDS		GTG	FF951_09835|CP040688_2053399_2054076_+1_GTG_225
CP040688	2057260	TAA	FF951_09840	2054435	2826	CDS		GTG	FF951_09840|CP040688_2054435_2057260_+2_GTG_941
CP040688	2059254	TAG	FF951_09850	2058388	867	CDS		GTG	FF951_09850|CP040688_2058388_2059254_+1_GTG_288
CP040688	2063317	TAG	FF951_09865	2063117	201	CDS		GTG	FF951_09865|CP040688_2063117_2063317_+2_GTG_66
CP040688	2075851	TAA	FF951_09920	2075429	423	CDS		GTG	FF951_09920|CP040688_2075429_2075851_+2_GTG_140
CP040688	2076202	TGA	FF951_09925	2075900	303	CDS		ATG	FF951_09925|CP040688_2075900_2076202_+2_ATG_100
CP040688	2076513	TGA	FF951_09930	2076199	315	CDS		ATG	FF951_09930|CP040688_2076199_2076513_+1_ATG_104
CP040688	2078246	TAA	FF951_09935	2076513	1734	CDS		ATG	FF951_09935|CP040688_2076513_2078246_+3_ATG_577
CP040688	2078881	TGA	FF951_09940	2078246	636	CDS		ATG	FF951_09940|CP040688_2078246_2078881_+2_ATG_211
CP040688	2079566	TAG	FF951_09945	2078892	675	CDS		ATG	FF951_09945|CP040688_2078892_2079566_+3_ATG_224
CP040688	2080200	TAA	FF951_09950	2079574	627	CDS		GTG	FF951_09950|CP040688_2079574_2080200_+1_GTG_208
CP040688	2084322	TGA	FF951_09970	2083537	786	CDS		GTG	FF951_09970|CP040688_2083537_2084322_+1_GTG_261
CP040688	2085119	TAG	FF951_09975	2084325	795	CDS		ATG	FF951_09975|CP040688_2084325_2085119_+3_ATG_264
CP040688	2086235	TGA	FF951_09980	2085126	1110	CDS		ATG	FF951_09980|CP040688_2085126_2086235_+3_ATG_369
CP040688	2087265	TGA	FF951_09985	2086288	978	CDS		ATG	FF951_09985|CP040688_2086288_2087265_+1_ATG_325
CP040688	2088022	TAG	FF951_09990	2087717	306	CDS		ATG	FF951_09990|CP040688_2087717_2088022_+2_ATG_101
CP040688	2089137	TGA	FF951_09995	2088097	1041	CDS		ATG	FF951_09995|CP040688_2088097_2089137_+1_ATG_346
CP040688	2094029	TAA	FF951_10015	2091615	2415	CDS		GTG	FF951_10015|CP040688_2091615_2094029_+3_GTG_804
CP040688	2095801	TAG	FF951_10025	2094317	1485	CDS		ATG	FF951_10025|CP040688_2094317_2095801_+2_ATG_494
CP040688	2097999	TAG	FF951_10030	2095900	2100	CDS		GTG	FF951_10030|CP040688_2095900_2097999_+1_GTG_699
CP040688	2102164	TAG	FF951_10055	2101727	438	CDS		ATG	FF951_10055|CP040688_2101727_2102164_+2_ATG_145
CP040688	2102923	TGA	FF951_10060	2102237	687	CDS		GTG	FF951_10060|CP040688_2102237_2102923_+2_GTG_228
CP040688	2103377	TGA	FF951_10065	2102934	444	CDS		ATG	FF951_10065|CP040688_2102934_2103377_+3_ATG_147
CP040688	2104372	TGA	FF951_10080	2103893	480	CDS		ATG	FF951_10080|CP040688_2103893_2104372_+2_ATG_159
CP040688	2106520	TAG	FF951_10085	2104457	2064	CDS		ATG	FF951_10085|CP040688_2104457_2106520_+2_ATG_687
CP040688	2106931	AGC	FF951_10090	2106575	357	CDS	true	ATG	FF951_10090_p|CP040688_2106575_2106931_+2_ATG_119
CP040688	2107862	TAG	FF951_10095	2106942	921	CDS		TTG	FF951_10095|CP040688_2106942_2107862_+3_TTG_306
CP040688	2113481	TAG	FF951_10135	2113299	183	CDS		ATG	FF951_10135|CP040688_2113299_2113481_+3_ATG_60
CP040688	2114764	TAG	FF951_10140	2113622	1143	CDS		TTG	FF951_10140|CP040688_2113622_2114764_+2_TTG_380
CP040688	2115872	TGA	FF951_10150	2115693	180	CDS		GTG	FF951_10150|CP040688_2115693_2115872_+3_GTG_59
CP040688	2117522	TAA	FF951_10170	2117115	408	CDS		ATG	FF951_10170|CP040688_2117115_2117522_+3_ATG_135
CP040688	2117850	TAG	FF951_10175	2117539	312	CDS		ATG	FF951_10175|CP040688_2117539_2117850_+1_ATG_103
CP040688	2118078	TAG	FF951_10180	2117860	219	CDS		ATG	FF951_10180|CP040688_2117860_2118078_+1_ATG_72
CP040688	2119907	TAG	FF951_10190	2119602	306	CDS		GTG	FF951_10190|CP040688_2119602_2119907_+3_GTG_101
CP040688	2120917	CCT	FF951_10195	2119895	1023	CDS	true	ATG	FF951_10195_p|CP040688_2119895_2120917_+2_ATG_341
CP040688	2122622	TAG	FF951_10210	2122314	309	CDS		GTG	FF951_10210|CP040688_2122314_2122622_+3_GTG_102
CP040688	2126373	TAG	FF951_10225	2125081	1293	CDS		ATG	FF951_10225|CP040688_2125081_2126373_+1_ATG_430
CP040688	2128187	TAG	FF951_10235	2127783	405	CDS		ATG	FF951_10235|CP040688_2127783_2128187_+3_ATG_134
CP040688	2128804	TGA	FF951_10240	2128373	432	CDS		ATG	FF951_10240|CP040688_2128373_2128804_+2_ATG_143
CP040688	2137348	TGA	FF951_10285	2136596	753	CDS		GTG	FF951_10285|CP040688_2136596_2137348_+2_GTG_250
CP040688	2140168	TAG	FF951_10295	2137868	2301	CDS		ATG	FF951_10295|CP040688_2137868_2140168_+2_ATG_766
CP040688	2152390	TAA	FF951_10325	2151527	864	CDS		GTG	FF951_10325|CP040688_2151527_2152390_+2_GTG_287
CP040688	2155086	TAG	FF951_10335	2153971	1116	CDS		ATG	FF951_10335|CP040688_2153971_2155086_+1_ATG_371
CP040688	2156417	TAA	FF951_10340	2155077	1341	CDS		TTG	FF951_10340|CP040688_2155077_2156417_+3_TTG_446
CP040688	2158853	TAG	FF951_10350	2156991	1863	CDS		ATG	FF951_10350|CP040688_2156991_2158853_+3_ATG_620
CP040688	2160350	TGA	FF951_10360	2159577	774	CDS		GTG	FF951_10360|CP040688_2159577_2160350_+3_GTG_257
CP040688	2163773	TAG	FF951_10385	2163276	498	CDS		ATG	FF951_10385|CP040688_2163276_2163773_+3_ATG_165
CP040688	2168397	TAG	FF951_10410	2167288	1110	CDS		ATG	FF951_10410|CP040688_2167288_2168397_+1_ATG_369
CP040688	2170919	TAG	FF951_10415	2168400	2520	CDS		ATG	FF951_10415|CP040688_2168400_2170919_+3_ATG_839
CP040688	2172001	TGA	FF951_10420	2170931	1071	CDS		GTG	FF951_10420|CP040688_2170931_2172001_+2_GTG_356
CP040688	2172513	TGA	FF951_10425	2171998	516	CDS		GTG	FF951_10425|CP040688_2171998_2172513_+1_GTG_171
CP040688	2173571	TGA	FF951_10430	2172510	1062	CDS		ATG	FF951_10430|CP040688_2172510_2173571_+3_ATG_353
CP040688	2174338	TGA	FF951_10435	2173568	771	CDS		TTG	FF951_10435|CP040688_2173568_2174338_+2_TTG_256
CP040688	2177257	TGA	FF951_10455	2175893	1365	CDS		ATG	FF951_10455|CP040688_2175893_2177257_+2_ATG_454
CP040688	2178329	TAG	FF951_10465	2177928	402	CDS		GTG	FF951_10465|CP040688_2177928_2178329_+3_GTG_133
CP040688	2180845	TGA	FF951_10495	2180630	216	CDS		GTG	FF951_10495|CP040688_2180630_2180845_+2_GTG_71
CP040688	2181153	TAG	FF951_10500	2180842	312	CDS		GTG	FF951_10500|CP040688_2180842_2181153_+1_GTG_103
CP040688	2181483	TGA	FF951_10505	2181181	303	CDS		ATG	FF951_10505|CP040688_2181181_2181483_+1_ATG_100
CP040688	2182000	TGA	FF951_10510	2181488	513	CDS		GTG	FF951_10510|CP040688_2181488_2182000_+2_GTG_170
CP040688	2182491	TGA	FF951_10515	2182042	450	CDS		ATG	FF951_10515|CP040688_2182042_2182491_+1_ATG_149
CP040688	2183033	TGA	FF951_10520	2182488	546	CDS		ATG	FF951_10520|CP040688_2182488_2183033_+3_ATG_181
CP040688	2184610	TGA	FF951_10540	2184116	495	CDS		GTG	FF951_10540|CP040688_2184116_2184610_+2_GTG_164
CP040688	2187111	TGA	FF951_10560	2186854	258	CDS		GTG	FF951_10560|CP040688_2186854_2187111_+1_GTG_85
CP040688	2187611	TAA	FF951_10565	2187342	270	CDS		GTG	FF951_10565|CP040688_2187342_2187611_+3_GTG_89
CP040688	2188402	TGA	FF951_10570	2187605	798	CDS		ATG	FF951_10570|CP040688_2187605_2188402_+2_ATG_265
CP040688	2189227	TAG	FF951_10575	2188412	816	CDS		ATG	FF951_10575|CP040688_2188412_2189227_+2_ATG_271
CP040688	2190509	TGA	FF951_10580	2189232	1278	CDS		ATG	FF951_10580|CP040688_2189232_2190509_+3_ATG_425
CP040688	2191535	TGA	FF951_10585	2190531	1005	CDS		GTG	FF951_10585|CP040688_2190531_2191535_+3_GTG_334
CP040688	2192764	TGA	FF951_10590	2191532	1233	CDS		ATG	FF951_10590|CP040688_2191532_2192764_+2_ATG_410
CP040688	2194032	TGA	FF951_10595	2192761	1272	CDS		GTG	FF951_10595|CP040688_2192761_2194032_+1_GTG_423
CP040688	2195162	TAG	FF951_10600	2194029	1134	CDS		GTG	FF951_10600|CP040688_2194029_2195162_+3_GTG_377
CP040688	2196476	TGA	FF951_10605	2195163	1314	CDS		ATG	FF951_10605|CP040688_2195163_2196476_+3_ATG_437
CP040688	2197073	TGA	FF951_10610	2196498	576	CDS		ATG	FF951_10610|CP040688_2196498_2197073_+3_ATG_191
CP040688	2197552	TGA	FF951_10615	2197070	483	CDS		GTG	FF951_10615|CP040688_2197070_2197552_+2_GTG_160
CP040688	2197942	TGA	FF951_10620	2197565	378	CDS		GTG	FF951_10620|CP040688_2197565_2197942_+2_GTG_125
CP040688	2198623	TAG	FF951_10625	2197958	666	CDS		ATG	FF951_10625|CP040688_2197958_2198623_+2_ATG_221
CP040688	2201803	TGA	FF951_10650	2201054	750	CDS		GTG	FF951_10650|CP040688_2201054_2201803_+2_GTG_249
CP040688	2202546	TGA	FF951_10655	2201800	747	CDS		ATG	FF951_10655|CP040688_2201800_2202546_+1_ATG_248
CP040688	2203752	TGA	FF951_10670	2203546	207	CDS		GTG	FF951_10670|CP040688_2203546_2203752_+1_GTG_68
CP040688	2205201	TGA	FF951_10675	2204155	1047	CDS		ATG	FF951_10675|CP040688_2204155_2205201_+1_ATG_348
CP040688	2206157	TGA	FF951_10680	2205309	849	CDS		ATG	FF951_10680|CP040688_2205309_2206157_+3_ATG_282
CP040688	2212321	TGA	FF951_10710	2210645	1677	CDS		GTG	FF951_10710|CP040688_2210645_2212321_+2_GTG_558
CP040688	2213307	TAA	FF951_10720	2213077	231	CDS		ATG	FF951_10720|CP040688_2213077_2213307_+1_ATG_76
CP040688	2215011	TAG	FF951_10730	2214412	600	CDS		GTG	FF951_10730|CP040688_2214412_2215011_+1_GTG_199
CP040688	2215855	TAG	FF951_10735	2215427	429	CDS		ATG	FF951_10735|CP040688_2215427_2215855_+2_ATG_142
CP040688	2216620	TAA	FF951_10740	2216081	540	CDS		GTG	FF951_10740|CP040688_2216081_2216620_+2_GTG_179
CP040688	2217072	TAA	FF951_10745	2216800	273	CDS		ATG	FF951_10745|CP040688_2216800_2217072_+1_ATG_90
CP040688	2218381	TGA	FF951_10760	2218124	258	CDS		ATG	FF951_10760|CP040688_2218124_2218381_+2_ATG_85
CP040688	2223309	TAA	FF951_10795	2222542	768	CDS		GTG	FF951_10795|CP040688_2222542_2223309_+1_GTG_255
CP040688	2224358	TGA	FF951_10800	2223405	954	CDS		ATG	FF951_10800|CP040688_2223405_2224358_+3_ATG_317
CP040688	2227276	TGA	FF951_10805	2224560	2717	CDS	true	TTG	FF951_10805_p|CP040688_2224560_2227276_+3_TTG_905
CP040688	2231222	TAA	FF951_10820	2229609	1614	CDS		ATG	FF951_10820|CP040688_2229609_2231222_+3_ATG_537
CP040688	2231984	TAA	FF951_10825	2231232	753	CDS		GTG	FF951_10825|CP040688_2231232_2231984_+3_GTG_250
CP040688	2232842	TAA	FF951_10830	2232060	783	CDS		ATG	FF951_10830|CP040688_2232060_2232842_+3_ATG_260
CP040688	2240385	TGA	FF951_10850	2236402	3984	CDS		GTG	FF951_10850|CP040688_2236402_2240385_+1_GTG_1327
CP040688	2242672	TAG	FF951_10865	2242430	243	CDS		GTG	FF951_10865|CP040688_2242430_2242672_+2_GTG_80
CP040688	2243071	TGA	FF951_10870	2242673	399	CDS		ATG	FF951_10870|CP040688_2242673_2243071_+2_ATG_132
CP040688	2244220	TGA	FF951_10880	2243726	495	CDS		ATG	FF951_10880|CP040688_2243726_2244220_+2_ATG_164
CP040688	2244465	TGA	FF951_10885	2244217	249	CDS		TTG	FF951_10885|CP040688_2244217_2244465_+1_TTG_82
CP040688	2245544	TGA	FF951_10900	2244897	648	CDS		ATC	FF951_10900|CP040688_2244897_2245544_+3_ATC_215
CP040688	2246088	TGA	FF951_10905	2245498	591	CDS		GTG	FF951_10905|CP040688_2245498_2246088_+1_GTG_196
CP040688	2247829	TGA	FF951_10915	2247533	297	CDS		GTG	FF951_10915|CP040688_2247533_2247829_+2_GTG_98
CP040688	2248065	TGA	FF951_10920	2247790	276	CDS		ATG	FF951_10920|CP040688_2247790_2248065_+1_ATG_91
CP040688	2249758	TGA	FF951_10930	2249409	350	CDS	true	GTG	FF951_10930_p|CP040688_2249409_2249758_+3_GTG_116
CP040688	2250795	TGA	FF951_10935	2249755	1041	CDS		ATG	FF951_10935|CP040688_2249755_2250795_+1_ATG_346
CP040688	2251756	TGA	FF951_10940	2251037	720	CDS		ATG	FF951_10940|CP040688_2251037_2251756_+2_ATG_239
CP040688	2252162	TAG	FF951_10945	2251746	417	CDS		TTG	FF951_10945|CP040688_2251746_2252162_+3_TTG_138
CP040688	2257847	TGA	FF951_10990	2256586	1263	fCDS		ATG	FF951_10990_fCDS|CP040688_2256586_2257847_+1_ATG_420
CP040688	2272238	TAG	FF951_11040	2271243	996	CDS		ATG	FF951_11040|CP040688_2271243_2272238_+3_ATG_331
CP040688	2273731	TGA	FF951_11050	2273408	324	CDS		GTG	FF951_11050|CP040688_2273408_2273731_+2_GTG_107
CP040688	2274216	TGA	FF951_11055	2273728	489	CDS		ATG	FF951_11055|CP040688_2273728_2274216_+1_ATG_162
CP040688	2274854	TAA	FF951_11060	2274213	642	CDS		ATG	FF951_11060|CP040688_2274213_2274854_+3_ATG_213
CP040688	2284039	TGA	FF951_11110	2283383	657	CDS		ATG	FF951_11110|CP040688_2283383_2284039_+2_ATG_218
CP040688	2300270	TGA	FF951_11130	2299935	336	CDS		ATG	FF951_11130|CP040688_2299935_2300270_+3_ATG_111
CP040688	2305952	TAG	FF951_11150	2305239	714	CDS		ATG	FF951_11150|CP040688_2305239_2305952_+3_ATG_237
CP040688	2308823	TGA	FF951_11175	2307288	1536	CDS		GTG	FF951_11175|CP040688_2307288_2308823_+3_GTG_511
CP040688	2313178	TGA	FF951_11190	2312945	234	CDS		ATG	FF951_11190|CP040688_2312945_2313178_+2_ATG_77
CP040688	2313581	TGA	FF951_11195	2313171	411	CDS		TTG	FF951_11195|CP040688_2313171_2313581_+3_TTG_136
CP040688	2314656	TAG	FF951_11200	2313565	1092	CDS		GTG	FF951_11200|CP040688_2313565_2314656_+1_GTG_363
CP040688	2315292	TGA	FF951_11205	2314666	627	CDS		GTG	FF951_11205|CP040688_2314666_2315292_+1_GTG_208
CP040688	2316815	TGA	FF951_11210	2315289	1527	CDS		ATG	FF951_11210|CP040688_2315289_2316815_+3_ATG_508
CP040688	2319615	TAG	FF951_11225	2319058	558	CDS		ATG	FF951_11225|CP040688_2319058_2319615_+1_ATG_185
CP040688	2323520	TGA	FF951_11250	2323107	414	CDS		GTG	FF951_11250|CP040688_2323107_2323520_+3_GTG_137
CP040688	2327487	TAA	FF951_11275	2327173	315	CDS		GTG	FF951_11275|CP040688_2327173_2327487_+1_GTG_104
CP040688	2329295	TAA	FF951_11280	2327469	1827	CDS		ATG	FF951_11280|CP040688_2327469_2329295_+3_ATG_608
CP040688	2329983	TGA	FF951_11285	2329420	564	CDS		ATG	FF951_11285|CP040688_2329420_2329983_+1_ATG_187
CP040688	2330840	TGA	FF951_11295	2330649	192	CDS		ATG	FF951_11295|CP040688_2330649_2330840_+3_ATG_63
CP040688	2332995	TGA	FF951_11300	2330830	2166	CDS		GTG	FF951_11300|CP040688_2330830_2332995_+1_GTG_721
CP040688	2333936	TGA	FF951_11305	2332992	945	CDS		ATG	FF951_11305|CP040688_2332992_2333936_+3_ATG_314
CP040688	2334924	TAG	FF951_11310	2333929	996	CDS		GTG	FF951_11310|CP040688_2333929_2334924_+1_GTG_331
CP040688	2335076	TGA	FF951_11315	2334969	108	CDS		TTG	FF951_11315|CP040688_2334969_2335076_+3_TTG_35
CP040688	2336048	TAG	FF951_11320	2335443	606	CDS		GTG	FF951_11320|CP040688_2335443_2336048_+3_GTG_201
CP040688	2338312	TGA	FF951_11325	2336543	1770	CDS		GTG	FF951_11325|CP040688_2336543_2338312_+2_GTG_589
CP040688	2340686	TGA	FF951_11335	2339505	1182	CDS		ATG	FF951_11335|CP040688_2339505_2340686_+3_ATG_393
CP040688	2352239	TGA	FF951_11380	2350587	1653	CDS		ATG	FF951_11380|CP040688_2350587_2352239_+3_ATG_550
CP040688	2355479	TAG	FF951_11385	2352438	3042	CDS		ATG	FF951_11385|CP040688_2352438_2355479_+3_ATG_1013
CP040688	2356305	TGA	FF951_11390	2355472	834	CDS		GTG	FF951_11390|CP040688_2355472_2356305_+1_GTG_277
CP040688	2357579	TAG	FF951_11410	2357388	192	CDS		TTG	FF951_11410|CP040688_2357388_2357579_+3_TTG_63
CP040688	2359047	TGA	FF951_11415	2357786	1263	fCDS		ATG	FF951_11415_fCDS|CP040688_2357786_2359047_+2_ATG_420
CP040688	2359853	TAA	FF951_11420	2359557	297	CDS		ATG	FF951_11420|CP040688_2359557_2359853_+3_ATG_98
CP040688	2360640	TGA	FF951_11425	2359909	732	CDS		ATG	FF951_11425|CP040688_2359909_2360640_+1_ATG_243
CP040688	2364872	TAG	FF951_11450	2364636	237	CDS	true	CCG	FF951_11450_p|CP040688_2364636_2364872_+3_CCG_78
CP040688	2366077	TAG	FF951_11455	2364884	1194	CDS		ATG	FF951_11455|CP040688_2364884_2366077_+2_ATG_397
CP040688	2366711	TGA	FF951_11460	2366088	624	CDS		ATG	FF951_11460|CP040688_2366088_2366711_+3_ATG_207
CP040688	2369394	TGA	FF951_11470	2368825	570	CDS		ATG	FF951_11470|CP040688_2368825_2369394_+1_ATG_189
CP040688	2369695	TAA	FF951_11475	2369402	294	CDS		ATG	FF951_11475|CP040688_2369402_2369695_+2_ATG_97
CP040688	2371476	TAA	FF951_11485	2370640	837	CDS		ATG	FF951_11485|CP040688_2370640_2371476_+1_ATG_278
CP040688	2374745	TAA	FF951_11505	2373325	1421	CDS	true	GTG	FF951_11505_p|CP040688_2373325_2374745_+1_GTG_473
CP040688	2379424	TAG	FF951_11515	2378546	879	CDS		GTG	FF951_11515|CP040688_2378546_2379424_+2_GTG_292
CP040688	2382338	TGA	FF951_11525	2380869	1470	CDS		TTG	FF951_11525|CP040688_2380869_2382338_+3_TTG_489
CP040688	2382541	TGA	FF951_11530	2382338	204	CDS		ATG	FF951_11530|CP040688_2382338_2382541_+2_ATG_67
CP040688	2385894	TAA	FF951_11550	2385664	231	CDS		ATG	FF951_11550|CP040688_2385664_2385894_+1_ATG_76
CP040688	2390659	TGA	FF951_11580	2389583	1077	CDS		TTG	FF951_11580|CP040688_2389583_2390659_+2_TTG_358
CP040688	2390937	TGA	FF951_11585	2390656	282	CDS		ATG	FF951_11585|CP040688_2390656_2390937_+1_ATG_93
CP040688	2392046	TAA	FF951_11590	2390973	1074	CDS		ATG	FF951_11590|CP040688_2390973_2392046_+3_ATG_357
CP040688	2396404	TAA	FF951_11620	2395346	1059	CDS		ATG	FF951_11620|CP040688_2395346_2396404_+2_ATG_352
CP040688	2423870	TAA	FF951_11745	2423250	621	CDS		TTG	FF951_11745|CP040688_2423250_2423870_+3_TTG_206
CP040688	2424649	TAG	FF951_11750	2423966	684	CDS		GTG	FF951_11750|CP040688_2423966_2424649_+2_GTG_227
CP040688	2426920	TAA	FF951_11760	2425862	1059	CDS		TTG	FF951_11760|CP040688_2425862_2426920_+2_TTG_352
CP040688	2428474	TAG	FF951_11765	2426924	1551	CDS		ATG	FF951_11765|CP040688_2426924_2428474_+2_ATG_516
CP040688	2430155	TAA	FF951_11775	2428956	1200	CDS		GTG	FF951_11775|CP040688_2428956_2430155_+3_GTG_399
CP040688	2435600	TGA	FF951_11810	2434317	1284	CDS		ATG	FF951_11810|CP040688_2434317_2435600_+3_ATG_427
CP040688	2440977	TAG	FF951_11840	2439175	1803	CDS		GTG	FF951_11840|CP040688_2439175_2440977_+1_GTG_600
CP040688	2446771	TAA	FF951_11865	2444834	1938	CDS		GTG	FF951_11865|CP040688_2444834_2446771_+2_GTG_645
CP040688	2448527	TGA	FF951_11875	2447916	612	CDS		GTG	FF951_11875|CP040688_2447916_2448527_+3_GTG_203
CP040688	2449410	TGA	FF951_11880	2448568	843	CDS		TTG	FF951_11880|CP040688_2448568_2449410_+1_TTG_280
CP040688	2450696	TGA	FF951_11885	2449407	1290	CDS		ATG	FF951_11885|CP040688_2449407_2450696_+3_ATG_429
CP040688	2452342	TAG	FF951_11890	2450693	1650	CDS		ATG	FF951_11890|CP040688_2450693_2452342_+2_ATG_549
CP040688	2457913	TAA	FF951_11915	2455955	1959	CDS		GTG	FF951_11915|CP040688_2455955_2457913_+2_GTG_652
CP040688	2459881	TAG	FF951_11925	2459189	693	CDS		ATG	FF951_11925|CP040688_2459189_2459881_+2_ATG_230
CP040688	2462290	TAA	FF951_11940	2461580	711	CDS		GTG	FF951_11940|CP040688_2461580_2462290_+2_GTG_236
CP040688	2463454	TGA	FF951_11945	2462369	1086	CDS		ATG	FF951_11945|CP040688_2462369_2463454_+2_ATG_361
CP040688	2464200	TAG	FF951_11950	2463451	750	CDS		GTG	FF951_11950|CP040688_2463451_2464200_+1_GTG_249
CP040688	2465896	TAG	FF951_11955	2464358	1539	CDS		ATG	FF951_11955|CP040688_2464358_2465896_+2_ATG_512
CP040688	2469284	TAG	FF951_11970	2468148	1137	CDS		GTG	FF951_11970|CP040688_2468148_2469284_+3_GTG_378
CP040688	2470842	TAG	FF951_11975	2469296	1547	CDS	true	GTG	FF951_11975_p|CP040688_2469296_2470842_+2_GTG_515
CP040688	2474583	TGA	FF951_11985	2472922	1662	CDS		ATG	FF951_11985|CP040688_2472922_2474583_+1_ATG_553
CP040688	2475488	TAG	FF951_11990	2474583	906	CDS		ATG	FF951_11990|CP040688_2474583_2475488_+3_ATG_301
CP040688	2476233	TGA	FF951_11995	2475541	693	CDS		GTG	FF951_11995|CP040688_2475541_2476233_+1_GTG_230
CP040688	2477165	TAG	FF951_12000	2476230	936	CDS		ATG	FF951_12000|CP040688_2476230_2477165_+3_ATG_311
CP040688	2477944	TAA	FF951_12005	2477192	753	CDS		ATG	FF951_12005|CP040688_2477192_2477944_+2_ATG_250
CP040688	2480008	TAA	FF951_12015	2478572	1437	CDS		GTG	FF951_12015|CP040688_2478572_2480008_+2_GTG_478
CP040688	2489544	TGA	FF951_12045	2488699	846	CDS		ATG	FF951_12045|CP040688_2488699_2489544_+1_ATG_281
CP040688	2491330	TGA	FF951_12050	2489789	1542	CDS		ATG	FF951_12050|CP040688_2489789_2491330_+2_ATG_513
CP040688	2492589	TGA	FF951_12060	2491888	702	CDS		GTG	FF951_12060|CP040688_2491888_2492589_+1_GTG_233
CP040688	2498110	TGA	FF951_12095	2497235	876	CDS		GTG	FF951_12095|CP040688_2497235_2498110_+2_GTG_291
CP040688	2498594	TGA	FF951_12100	2498103	492	CDS		GTG	FF951_12100|CP040688_2498103_2498594_+3_GTG_163
CP040688	2499409	TAA	FF951_12105	2498594	816	CDS		ATG	FF951_12105|CP040688_2498594_2499409_+2_ATG_271
CP040688	2501213	TGA	FF951_12115	2500446	768	CDS		ATG	FF951_12115|CP040688_2500446_2501213_+3_ATG_255
CP040688	2506201	TAA	FF951_12145	2503409	2793	CDS		TTG	FF951_12145|CP040688_2503409_2506201_+2_TTG_930
CP040688	2507505	TGA	FF951_12150	2506261	1245	CDS		GTG	FF951_12150|CP040688_2506261_2507505_+1_GTG_414
CP040688	2508652	TAA	FF951_12155	2507744	909	CDS		GTG	FF951_12155|CP040688_2507744_2508652_+2_GTG_302
CP040688	2509075	TGA	FF951_12160	2508728	348	CDS		GTG	FF951_12160|CP040688_2508728_2509075_+2_GTG_115
CP040688	2510322	TGA	FF951_12165	2509072	1251	CDS		GTG	FF951_12165|CP040688_2509072_2510322_+1_GTG_416
CP040688	2511669	TAA	FF951_12170	2510353	1317	CDS		GTG	FF951_12170|CP040688_2510353_2511669_+1_GTG_438
CP040688	2513121	TAG	FF951_12175	2511700	1422	CDS		ATG	FF951_12175|CP040688_2511700_2513121_+1_ATG_473
CP040688	2514132	TGA	FF951_12180	2513317	816	CDS		ATG	FF951_12180|CP040688_2513317_2514132_+1_ATG_271
CP040688	2517951	TGA	FF951_12195	2516362	1590	CDS		ATG	FF951_12195|CP040688_2516362_2517951_+1_ATG_529
CP040688	2518877	TAA	FF951_12200	2517948	930	CDS		ATG	FF951_12200|CP040688_2517948_2518877_+3_ATG_309
CP040688	2519446	TGA	FF951_12205	2518943	504	CDS		ATG	FF951_12205|CP040688_2518943_2519446_+2_ATG_167
CP040688	2520271	TGA	FF951_12220	2520053	219	CDS		GTG	FF951_12220|CP040688_2520053_2520271_+2_GTG_72
CP040688	2524236	TGA	FF951_12240	2523151	1086	CDS		ATG	FF951_12240|CP040688_2523151_2524236_+1_ATG_361
CP040688	2524871	TGA	FF951_12245	2524236	636	CDS		ATG	FF951_12245|CP040688_2524236_2524871_+3_ATG_211
CP040688	2526788	TGA	FF951_12255	2526336	453	CDS	true	AGG	FF951_12255_p|CP040688_2526336_2526788_+3_AGG_150
CP040688	2530124	TAA	FF951_12265	2528895	1230	CDS		GTG	FF951_12265|CP040688_2528895_2530124_+3_GTG_409
CP040688	2531585	TGA	FF951_12270	2530299	1287	CDS		ATG	FF951_12270|CP040688_2530299_2531585_+3_ATG_428
CP040688	2535420	TGA	FF951_12290	2534893	528	CDS		ATG	FF951_12290|CP040688_2534893_2535420_+1_ATG_175
CP040688	2535826	TAG	FF951_12295	2535527	300	CDS		ATG	FF951_12295|CP040688_2535527_2535826_+2_ATG_99
CP040688	2536300	TGA	FF951_12300	2535932	369	CDS		GTG	FF951_12300|CP040688_2535932_2536300_+2_GTG_122
CP040688	2536626	TAG	FF951_12305	2536297	330	CDS		GTG	FF951_12305|CP040688_2536297_2536626_+1_GTG_109
CP040688	2537947	TGA	FF951_12315	2537078	870	CDS		ATG	FF951_12315|CP040688_2537078_2537947_+2_ATG_289
CP040688	2539134	TAG	FF951_12320	2537944	1191	CDS		ATG	FF951_12320|CP040688_2537944_2539134_+1_ATG_396
CP040688	2541776	TGA	FF951_12330	2540397	1380	CDS		ATG	FF951_12330|CP040688_2540397_2541776_+3_ATG_459
CP040688	2543668	TGA	FF951_12335	2542010	1659	CDS		ATG	FF951_12335|CP040688_2542010_2543668_+2_ATG_552
CP040688	2544972	TAA	FF951_12345	2544778	195	CDS		ATG	FF951_12345|CP040688_2544778_2544972_+1_ATG_64
CP040688	2546277	TAG	FF951_12350	2544982	1296	CDS		ATG	FF951_12350|CP040688_2544982_2546277_+1_ATG_431
CP040688	2547647	TAG	FF951_12355	2546310	1338	CDS		GTG	FF951_12355|CP040688_2546310_2547647_+3_GTG_445
CP040688	2550168	TGA	FF951_12365	2548540	1629	CDS		ATG	FF951_12365|CP040688_2548540_2550168_+1_ATG_542
CP040688	2550542	TAA	FF951_12370	2550165	378	CDS		GTG	FF951_12370|CP040688_2550165_2550542_+3_GTG_125
CP040688	2551294	TGA	FF951_12375	2550512	783	CDS		GTG	FF951_12375|CP040688_2550512_2551294_+2_GTG_260
CP040688	2551951	TAA	FF951_12380	2551436	516	CDS		TTG	FF951_12380|CP040688_2551436_2551951_+2_TTG_171
CP040688	2552865	TAG	FF951_12385	2552011	855	CDS		GTG	FF951_12385|CP040688_2552011_2552865_+1_GTG_284
CP040688	2554155	TAG	FF951_12395	2554054	102	CDS	true	TAT	FF951_12395_p|CP040688_2554054_2554155_+1_TAT_33
CP040688	2555388	TAG	FF951_12400	2554165	1224	CDS		GTG	FF951_12400|CP040688_2554165_2555388_+1_GTG_407
CP040688	2556249	TAA	FF951_12405	2555611	639	CDS		ATG	FF951_12405|CP040688_2555611_2556249_+1_ATG_212
CP040688	2557245	TAA	FF951_12410	2556343	903	CDS		ATG	FF951_12410|CP040688_2556343_2557245_+1_ATG_300
CP040688	2557729	TGA	FF951_12415	2557277	453	CDS		ATG	FF951_12415|CP040688_2557277_2557729_+2_ATG_150
CP040688	2558892	TGA	FF951_12420	2557921	972	CDS		ATG	FF951_12420|CP040688_2557921_2558892_+1_ATG_323
CP040688	2562546	TAG	FF951_12435	2561854	693	CDS		GTG	FF951_12435|CP040688_2561854_2562546_+1_GTG_230
CP040688	2562894	TAG	FF951_12440	2562652	243	CDS		ATG	FF951_12440|CP040688_2562652_2562894_+1_ATG_80
CP040688	2565937	TGA	FF951_12460	2564648	1290	CDS		ATG	FF951_12460|CP040688_2564648_2565937_+2_ATG_429
CP040688	2566761	TAG	FF951_12465	2566276	486	CDS		CTG	FF951_12465|CP040688_2566276_2566761_+1_CTG_161
CP040688	2569974	TAA	FF951_12495	2569258	717	CDS		ATG	FF951_12495|CP040688_2569258_2569974_+1_ATG_238
CP040688	2570316	TGA	FF951_12500	2569984	333	CDS		ATG	FF951_12500|CP040688_2569984_2570316_+1_ATG_110
CP040688	2572171	TGA	FF951_12525	2571884	288	CDS		TTG	FF951_12525|CP040688_2571884_2572171_+2_TTG_95
CP040688	2572618	TGA	FF951_12530	2572274	345	CDS		GTG	FF951_12530|CP040688_2572274_2572618_+2_GTG_114
CP040688	2573247	TGA	FF951_12535	2572723	525	CDS		GTG	FF951_12535|CP040688_2572723_2573247_+1_GTG_174
CP040688	2573594	TGA	FF951_12540	2573325	270	CDS		ATG	FF951_12540|CP040688_2573325_2573594_+3_ATG_89
CP040688	2578549	TAG	FF951_12560	2577677	873	CDS		ATG	FF951_12560|CP040688_2577677_2578549_+2_ATG_290
CP040688	2579360	TGA	FF951_12565	2578536	825	CDS		ATG	FF951_12565|CP040688_2578536_2579360_+3_ATG_274
CP040688	2580679	TAG	FF951_12570	2579357	1323	CDS		GTG	FF951_12570|CP040688_2579357_2580679_+2_GTG_440
CP040688	2581631	TAG	FF951_12580	2581197	435	CDS	true	GTA	FF951_12580_p|CP040688_2581197_2581631_+3_GTA_144
CP040688	2586571	TAG	FF951_12610	2586125	447	CDS		ATG	FF951_12610|CP040688_2586125_2586571_+2_ATG_148
CP040688	2590270	TAG	FF951_12625	2589779	492	CDS		ATG	FF951_12625|CP040688_2589779_2590270_+2_ATG_163
CP040688	2590493	TAA	FF951_12630	2590305	189	CDS		GTG	FF951_12630|CP040688_2590305_2590493_+3_GTG_62
CP040688	2591670	TAG	FF951_12635	2590522	1149	CDS		ATG	FF951_12635|CP040688_2590522_2591670_+1_ATG_382
CP040688	2594474	TAG	FF951_12650	2594088	387	CDS		GTG	FF951_12650|CP040688_2594088_2594474_+3_GTG_128
CP040688	2594869	TAA	FF951_12655	2594531	339	CDS		ATG	FF951_12655|CP040688_2594531_2594869_+2_ATG_112
CP040688	2596545	TAA	FF951_12660	2594899	1647	CDS		ATG	FF951_12660|CP040688_2594899_2596545_+1_ATG_548
CP040688	2599519	TAA	FF951_12670	2598587	933	CDS		ATG	FF951_12670|CP040688_2598587_2599519_+2_ATG_310
CP040688	2600212	TGA	FF951_12675	2599523	690	CDS		ATG	FF951_12675|CP040688_2599523_2600212_+2_ATG_229
CP040688	2601596	TGA	FF951_12680	2600628	969	CDS		ATG	FF951_12680|CP040688_2600628_2601596_+3_ATG_322
CP040688	2604447	TGA	FF951_12695	2603971	477	CDS		GTG	FF951_12695|CP040688_2603971_2604447_+1_GTG_158
CP040688	2607371	TGA	FF951_12700	2604708	2664	CDS		GTG	FF951_12700|CP040688_2604708_2607371_+3_GTG_887
CP040688	2607427	GGC	FF951_12705	2607328	100	CDS	true	GCC	FF951_12705_p|CP040688_2607328_2607427_+1_GCC_33
CP040688	2609806	TGA	FF951_12720	2609387	420	CDS		ATG	FF951_12720|CP040688_2609387_2609806_+2_ATG_139
CP040688	2610319	TGA	FF951_12725	2610062	258	CDS		TTG	FF951_12725|CP040688_2610062_2610319_+2_TTG_85
CP040688	2615593	TAA	FF951_12740	2613611	1983	CDS		ATG	FF951_12740|CP040688_2613611_2615593_+2_ATG_660
CP040688	2627134	GTC	FF951_12790	2626910	225	CDS	true	ATG	FF951_12790_p|CP040688_2626910_2627134_+2_ATG_75
CP040688	2630831	TGA	FF951_12805	2630652	180	CDS		GTG	FF951_12805|CP040688_2630652_2630831_+3_GTG_59
CP040688	2631249	TGA	FF951_12810	2630842	408	CDS		ATG	FF951_12810|CP040688_2630842_2631249_+1_ATG_135
CP040688	2631638	TAG	FF951_12815	2631246	393	CDS		ATG	FF951_12815|CP040688_2631246_2631638_+3_ATG_130
CP040688	2635370	TAA	FF951_12835	2633916	1455	CDS		GTG	FF951_12835|CP040688_2633916_2635370_+3_GTG_484
CP040688	2641534	TGA	FF951_12875	2641247	288	CDS		GTG	FF951_12875|CP040688_2641247_2641534_+2_GTG_95
CP040688	2645178	TGA	FF951_12895	2644861	318	CDS		ATG	FF951_12895|CP040688_2644861_2645178_+1_ATG_105
CP040688	2667229	TGA	FF951_12940	2665532	1698	CDS		ATG	FF951_12940|CP040688_2665532_2667229_+2_ATG_565
CP040688	2668245	TGA	FF951_12945	2667325	921	CDS		ATG	FF951_12945|CP040688_2667325_2668245_+1_ATG_306
CP040688	2670263	TAA	FF951_12955	2670054	210	CDS		ATG	FF951_12955|CP040688_2670054_2670263_+3_ATG_69
CP040688	2671614	TAG	FF951_12960	2670361	1254	CDS		ATG	FF951_12960|CP040688_2670361_2671614_+1_ATG_417
CP040688	2675966	TGA	FF951_12980	2674275	1692	CDS		ATG	FF951_12980|CP040688_2674275_2675966_+3_ATG_563
CP040688	2676727	TGA	FF951_12985	2675963	765	CDS		ATG	FF951_12985|CP040688_2675963_2676727_+2_ATG_254
CP040688	2677569	TAG	FF951_12990	2676724	846	CDS		GTG	FF951_12990|CP040688_2676724_2677569_+1_GTG_281
CP040688	2679537	TGA	FF951_12995	2677606	1932	CDS		GTG	FF951_12995|CP040688_2677606_2679537_+1_GTG_643
CP040688	2681671	TAA	FF951_13000	2679668	2004	CDS		ATG	FF951_13000|CP040688_2679668_2681671_+2_ATG_667
CP040688	2682035	TGA	FF951_13005	2681820	216	CDS		TTG	FF951_13005|CP040688_2681820_2682035_+3_TTG_71
CP040688	2682311	TAG	FF951_13010	2682147	165	CDS		GTG	FF951_13010|CP040688_2682147_2682311_+3_GTG_54
CP040688	2683480	TAG	FF951_13015	2682395	1086	CDS		ATG	FF951_13015|CP040688_2682395_2683480_+2_ATG_361
CP040688	2687653	TGA	FF951_13040	2687324	330	CDS		GTG	FF951_13040|CP040688_2687324_2687653_+2_GTG_109
CP040688	2690053	TAG	FF951_13050	2688125	1929	CDS		ATG	FF951_13050|CP040688_2688125_2690053_+2_ATG_642
CP040688	2693434	TAA	FF951_13065	2692865	570	CDS		TTG	FF951_13065|CP040688_2692865_2693434_+2_TTG_189
CP040688	2695135	TAG	FF951_13075	2694293	843	CDS		ATG	FF951_13075|CP040688_2694293_2695135_+2_ATG_280
CP040688	2695496	TGA	FF951_13085	2695218	279	CDS		GTG	FF951_13085|CP040688_2695218_2695496_+3_GTG_92
CP040688	2695936	AGC	FF951_13090	2695682	255	CDS	true	ATG	FF951_13090_p|CP040688_2695682_2695936_+2_ATG_85
CP040688	2699952	TGA	FF951_13110	2699692	261	CDS		GTG	FF951_13110|CP040688_2699692_2699952_+1_GTG_86
CP040688	2708972	TAG	FF951_13165	2708700	273	CDS		ATG	FF951_13165|CP040688_2708700_2708972_+3_ATG_90
CP040688	2710260	TGA	FF951_13170	2709214	1047	CDS		GTG	FF951_13170|CP040688_2709214_2710260_+1_GTG_348
CP040688	2716377	TAA	FF951_13205	2715790	588	CDS		ATG	FF951_13205|CP040688_2715790_2716377_+1_ATG_195
CP040688	2716936	TAA	FF951_13210	2716403	534	CDS		ATG	FF951_13210|CP040688_2716403_2716936_+2_ATG_177
CP040688	2723527	TGA	FF951_13250	2722613	915	CDS		ATG	FF951_13250|CP040688_2722613_2723527_+2_ATG_304
CP040688	2724177	TAG	FF951_13260	2723759	419	CDS	true	GTG	FF951_13260_p|CP040688_2723759_2724177_+2_GTG_139
CP040688	2731566	TAG	FF951_13295	2730091	1476	CDS		ATG	FF951_13295|CP040688_2730091_2731566_+1_ATG_491
CP040688	2742042	TGA	FF951_13335	2741644	399	CDS		GTG	FF951_13335|CP040688_2741644_2742042_+1_GTG_132
CP040688	2750069	TGA	FF951_13370	2749161	909	CDS		GTG	FF951_13370|CP040688_2749161_2750069_+3_GTG_302
CP040688	2751762	TAA	FF951_13375	2750236	1527	CDS		ATG	FF951_13375|CP040688_2750236_2751762_+1_ATG_508
CP040688	2756221	TAG	FF951_13405	2755037	1185	CDS		ATG	FF951_13405|CP040688_2755037_2756221_+2_ATG_394
CP040688	2760953	TAG	FF951_13425	2758368	2586	CDS		GTG	FF951_13425|CP040688_2758368_2760953_+3_GTG_861
CP040688	2762946	TGA	FF951_13445	2762560	387	CDS		ATG	FF951_13445|CP040688_2762560_2762946_+1_ATG_128
CP040688	2764586	TAG	FF951_13450	2762946	1641	CDS		ATG	FF951_13450|CP040688_2762946_2764586_+3_ATG_546
CP040688	2764947	TAA	FF951_13455	2764654	294	CDS		ATG	FF951_13455|CP040688_2764654_2764947_+1_ATG_97
CP040688	2765666	TGA	FF951_13460	2764950	717	CDS		GTG	FF951_13460|CP040688_2764950_2765666_+3_GTG_238
CP040688	2774543	TAG	FF951_13490	2774286	258	CDS		ATG	FF951_13490|CP040688_2774286_2774543_+3_ATG_85
CP040688	2783144	TAG	FF951_13525	2782374	771	CDS		ATG	FF951_13525|CP040688_2782374_2783144_+3_ATG_256
CP040688	2795312	TAG	FF951_13555	2794689	624	CDS		ATG	FF951_13555|CP040688_2794689_2795312_+3_ATG_207
CP040688	2796054	TAG	FF951_13560	2795302	753	CDS		ATG	FF951_13560|CP040688_2795302_2796054_+1_ATG_250
CP040688	2796328	TGA	FF951_13565	2796107	222	CDS		GTG	FF951_13565|CP040688_2796107_2796328_+2_GTG_73
CP040688	2796759	TAA	FF951_13570	2796334	426	CDS		GTG	FF951_13570|CP040688_2796334_2796759_+1_GTG_141
CP040688	2810383	TAG	FF951_13630	2809736	648	CDS		GTG	FF951_13630|CP040688_2809736_2810383_+2_GTG_215
CP040688	2811283	TAG	FF951_13635	2810462	822	CDS		ATG	FF951_13635|CP040688_2810462_2811283_+2_ATG_273
CP040688	2813508	TAG	FF951_13645	2812702	807	CDS		ATG	FF951_13645|CP040688_2812702_2813508_+1_ATG_268
CP040688	2815828	TAA	FF951_13655	2815181	648	CDS		GTG	FF951_13655|CP040688_2815181_2815828_+2_GTG_215
CP040688	2816516	GCC	FF951_13665	2816283	234	CDS	true	ATG	FF951_13665_p|CP040688_2816283_2816516_+3_ATG_78
CP040688	2817964	TGA	FF951_13675	2817827	138	CDS		TTG	FF951_13675|CP040688_2817827_2817964_+2_TTG_45
CP040688	2818163	TAA	FF951_13680	2817978	186	CDS		ATG	FF951_13680|CP040688_2817978_2818163_+3_ATG_61
CP040688	2818607	TAA	FF951_13685	2818185	423	CDS		GTG	FF951_13685|CP040688_2818185_2818607_+3_GTG_140
CP040688	2818860	TGA	FF951_13690	2818615	246	CDS		ATG	FF951_13690|CP040688_2818615_2818860_+1_ATG_81
CP040688	2825287	TAG	FF951_13730	2823809	1479	CDS		GTG	FF951_13730|CP040688_2823809_2825287_+2_GTG_492
CP040688	2826181	TAG	FF951_13740	2825708	474	CDS		GTG	FF951_13740|CP040688_2825708_2826181_+2_GTG_157
CP040688	2837845	TAG	FF951_13760	2837600	246	CDS		GTG	FF951_13760|CP040688_2837600_2837845_+2_GTG_81
CP040688	2838934	TGA	FF951_13770	2838599	336	CDS		ATG	FF951_13770|CP040688_2838599_2838934_+2_ATG_111
CP040688	2839337	TGA	FF951_13775	2839115	223	CDS	true	ATG	FF951_13775_p|CP040688_2839115_2839337_+2_ATG_74
CP040688	2839735	TAG	FF951_13780	2839334	402	CDS		ATG	FF951_13780|CP040688_2839334_2839735_+2_ATG_133
CP040688	2842285	TGA	FF951_13790	2840894	1392	CDS		GTG	FF951_13790|CP040688_2840894_2842285_+2_GTG_463
CP040688	2849163	TAA	FF951_13830	2848471	693	CDS		ATG	FF951_13830|CP040688_2848471_2849163_+1_ATG_230
CP040688	2852853	TGA	FF951_13855	2852446	408	CDS		ATG	FF951_13855|CP040688_2852446_2852853_+1_ATG_135
CP040688	2854360	TGA	FF951_13860	2853149	1212	CDS		GTG	FF951_13860|CP040688_2853149_2854360_+2_GTG_403
CP040688	2855146	TGA	FF951_13870	2854487	660	CDS		GTG	FF951_13870|CP040688_2854487_2855146_+2_GTG_219
CP040688	2855805	TGA	FF951_13875	2855143	663	CDS		TTG	FF951_13875|CP040688_2855143_2855805_+1_TTG_220
CP040688	2856079	TAG	FF951_13880	2855802	278	CDS	true	GTG	FF951_13880_p|CP040688_2855802_2856079_+3_GTG_92
CP040688	2856585	TAA	FF951_13885	2856172	414	CDS		ATG	FF951_13885|CP040688_2856172_2856585_+1_ATG_137
CP040688	2856881	TGA	FF951_13890	2856624	258	CDS		ATG	FF951_13890|CP040688_2856624_2856881_+3_ATG_85
CP040688	2857255	TGA	FF951_13895	2856878	378	CDS		GTG	FF951_13895|CP040688_2856878_2857255_+2_GTG_125
CP040688	2865764	TGA	FF951_13950	2865090	675	CDS		TTG	FF951_13950|CP040688_2865090_2865764_+3_TTG_224
CP040688	2866559	TGA	FF951_13955	2865849	711	CDS		TTG	FF951_13955|CP040688_2865849_2866559_+3_TTG_236
CP040688	2869070	TAG	FF951_13965	2868093	978	CDS		ATG	FF951_13965|CP040688_2868093_2869070_+3_ATG_325
CP040688	2870164	TAA	FF951_13980	2869427	738	CDS		ATG	FF951_13980|CP040688_2869427_2870164_+2_ATG_245
CP040688	2871356	TAG	FF951_13985	2870307	1050	CDS		ATG	FF951_13985|CP040688_2870307_2871356_+3_ATG_349
CP040688	2872351	TAG	FF951_13990	2871359	993	CDS		ATG	FF951_13990|CP040688_2871359_2872351_+2_ATG_330
CP040688	2874379	TGA	FF951_13995	2872628	1752	CDS		ATG	FF951_13995|CP040688_2872628_2874379_+2_ATG_583
CP040688	2877812	TAA	FF951_14000	2874390	3423	CDS		GTG	FF951_14000|CP040688_2874390_2877812_+3_GTG_1140
CP040688	2880466	TAA	FF951_14005	2877812	2655	CDS		ATG	FF951_14005|CP040688_2877812_2880466_+2_ATG_884
CP040688	2882918	TGA	FF951_14020	2882529	390	CDS		GTG	FF951_14020|CP040688_2882529_2882918_+3_GTG_129
CP040688	2886800	TAG	FF951_14035	2885925	876	CDS		ATT	FF951_14035|CP040688_2885925_2886800_+3_ATT_291
CP040688	2887326	TAG	FF951_14040	2886823	504	CDS		ATG	FF951_14040|CP040688_2886823_2887326_+1_ATG_167
CP040688	2888237	TAG	FF951_14045	2887356	882	CDS		ATG	FF951_14045|CP040688_2887356_2888237_+3_ATG_293
CP040688	2890524	TAG	FF951_14055	2888935	1590	CDS		GTG	FF951_14055|CP040688_2888935_2890524_+1_GTG_529
CP040688	2892558	TGA	FF951_14065	2891656	903	CDS		ATG	FF951_14065|CP040688_2891656_2892558_+1_ATG_300
CP040688	2895757	TAG	FF951_14080	2894831	927	CDS		ATG	FF951_14080|CP040688_2894831_2895757_+2_ATG_308
CP040688	2905726	TGA	FF951_14120	2904377	1350	CDS		GTG	FF951_14120|CP040688_2904377_2905726_+2_GTG_449
CP040688	2909394	TGA	FF951_14125	2905888	3507	CDS		ATG	FF951_14125|CP040688_2905888_2909394_+1_ATG_1168
CP040688	2911199	TAG	FF951_14130	2909568	1632	CDS		ATG	FF951_14130|CP040688_2909568_2911199_+3_ATG_543
CP040688	2913754	TGA	FF951_14150	2913509	246	CDS		ATG	FF951_14150|CP040688_2913509_2913754_+2_ATG_81
CP040688	2914155	TGA	FF951_14155	2913751	405	CDS		GTG	FF951_14155|CP040688_2913751_2914155_+1_GTG_134
CP040688	2914992	TAG	FF951_14160	2914372	621	CDS		GTG	FF951_14160|CP040688_2914372_2914992_+1_GTG_206
CP040688	2915497	TGA	FF951_14165	2915003	495	CDS		GTG	FF951_14165|CP040688_2915003_2915497_+2_GTG_164
CP040688	2915925	TAA	FF951_14170	2915494	432	CDS		ATG	FF951_14170|CP040688_2915494_2915925_+1_ATG_143
CP040688	2916408	TGA	FF951_14175	2916007	402	CDS		GTG	FF951_14175|CP040688_2916007_2916408_+1_GTG_133
CP040688	2917976	TAG	FF951_14180	2916405	1572	CDS		ATG	FF951_14180|CP040688_2916405_2917976_+3_ATG_523
CP040688	2918374	TGA	FF951_14185	2918087	288	CDS		ATG	FF951_14185|CP040688_2918087_2918374_+2_ATG_95
CP040688	2918801	TGA	FF951_14190	2918361	441	CDS		ATG	FF951_14190|CP040688_2918361_2918801_+3_ATG_146
CP040688	2922889	TGA	FF951_14215	2922215	675	CDS		ATG	FF951_14215|CP040688_2922215_2922889_+2_ATG_224
CP040688	2924805	TAA	FF951_14220	2923063	1743	CDS		ATG	FF951_14220|CP040688_2923063_2924805_+1_ATG_580
CP040688	2931620	TAG	FF951_14255	2931393	228	CDS		GTG	FF951_14255|CP040688_2931393_2931620_+3_GTG_75
CP040688	2933847	TGA	FF951_14265	2933347	501	CDS		GTG	FF951_14265|CP040688_2933347_2933847_+1_GTG_166
CP040688	2935128	TGA	FF951_14275	2934451	678	CDS		GTG	FF951_14275|CP040688_2934451_2935128_+1_GTG_225
CP040688	2937474	TGA	FF951_14295	2936653	822	CDS		ATG	FF951_14295|CP040688_2936653_2937474_+1_ATG_273
CP040688	2938503	TAG	FF951_14300	2937610	894	CDS		ATG	FF951_14300|CP040688_2937610_2938503_+1_ATG_297
CP040688	2943437	TAA	FF951_14325	2943075	363	CDS		ATG	FF951_14325|CP040688_2943075_2943437_+3_ATG_120
CP040688	2944908	TAG	FF951_14330	2943784	1125	CDS		ATG	FF951_14330|CP040688_2943784_2944908_+1_ATG_374
CP040688	2945449	TGA	FF951_14335	2944910	540	CDS		ATG	FF951_14335|CP040688_2944910_2945449_+2_ATG_179
CP040688	2946887	TGA	FF951_14340	2945589	1299	CDS		ATG	FF951_14340|CP040688_2945589_2946887_+3_ATG_432
CP040688	2950729	TGA	FF951_14365	2950487	243	CDS		ATG	FF951_14365|CP040688_2950487_2950729_+2_ATG_80
CP040688	2951407	TGA	FF951_14370	2950730	678	CDS		GTG	FF951_14370|CP040688_2950730_2951407_+2_GTG_225
CP040688	2952259	TGA	FF951_14375	2951603	657	CDS		ATG	FF951_14375|CP040688_2951603_2952259_+2_ATG_218
CP040688	2952868	TGA	FF951_14380	2952422	447	CDS		ATG	FF951_14380|CP040688_2952422_2952868_+2_ATG_148
CP040688	2954414	TAA	FF951_14395	2953956	459	CDS		ATG	FF951_14395|CP040688_2953956_2954414_+3_ATG_152
CP040688	2954930	TGA	FF951_14400	2954550	381	CDS		ATG	FF951_14400|CP040688_2954550_2954930_+3_ATG_126
CP040688	2956423	TAG	FF951_14405	2954927	1497	CDS		ATG	FF951_14405|CP040688_2954927_2956423_+2_ATG_498
CP040688	2956849	TGA	FF951_14410	2956613	237	CDS		ATC	FF951_14410|CP040688_2956613_2956849_+2_ATC_78
CP040688	2957095	TGA	FF951_14415	2956922	174	CDS		ATC	FF951_14415|CP040688_2956922_2957095_+2_ATC_57
CP040688	2958571	TGA	FF951_14440	2958140	432	CDS		ATG	FF951_14440|CP040688_2958140_2958571_+2_ATG_143
CP040688	2959566	TGA	FF951_14445	2958568	999	CDS		GTG	FF951_14445|CP040688_2958568_2959566_+1_GTG_332
CP040688	2960044	TGA	FF951_14450	2959580	465	CDS		TTG	FF951_14450|CP040688_2959580_2960044_+2_TTG_154
CP040688	2960283	TGA	FF951_14455	2960032	252	CDS		TTG	FF951_14455|CP040688_2960032_2960283_+1_TTG_83
CP040688	2968413	TAG	FF951_14520	2968141	273	CDS		ATG	FF951_14520|CP040688_2968141_2968413_+1_ATG_90
CP040688	2968745	TGA	FF951_14525	2968512	234	CDS		GTG	FF951_14525|CP040688_2968512_2968745_+3_GTG_77
CP040688	2969010	TAA	FF951_14530	2968756	255	CDS		GTG	FF951_14530|CP040688_2968756_2969010_+1_GTG_84
CP040688	2969639	TAA	FF951_14540	2969358	282	CDS		ATG	FF951_14540|CP040688_2969358_2969639_+3_ATG_93
CP040688	2970512	AAT	FF951_14550	2969730	783	CDS	true	ATG	FF951_14550_p|CP040688_2969730_2970512_+3_ATG_261
CP040688	2971313	TGA	FF951_14555	2970555	759	CDS		ATG	FF951_14555|CP040688_2970555_2971313_+3_ATG_252
CP040688	2971913	TGA	FF951_14560	2971392	522	CDS		ATG	FF951_14560|CP040688_2971392_2971913_+3_ATG_173
CP040688	2972412	TGA	FF951_14565	2971942	471	CDS		GTG	FF951_14565|CP040688_2971942_2972412_+1_GTG_156
CP040688	2974274	TGA	FF951_14575	2973498	777	CDS		ATG	FF951_14575|CP040688_2973498_2974274_+3_ATG_258
CP040688	2975927	TGA	FF951_14580	2974341	1587	CDS		ATG	FF951_14580|CP040688_2974341_2975927_+3_ATG_528
CP040688	2977251	TGA	FF951_14585	2975950	1302	CDS		GTG	FF951_14585|CP040688_2975950_2977251_+1_GTG_433
CP040688	2977830	TAG	FF951_14595	2977420	411	CDS		ATG	FF951_14595|CP040688_2977420_2977830_+1_ATG_136
CP040688	2982659	TGA	FF951_14620	2981829	831	CDS		ATG	FF951_14620|CP040688_2981829_2982659_+3_ATG_276
CP040688	2982881	GCC	FF951_14625	2982717	165	CDS	true	GTG	FF951_14625_p|CP040688_2982717_2982881_+3_GTG_55
CP040688	2983655	TGA	FF951_14630	2983023	633	CDS		TTG	FF951_14630|CP040688_2983023_2983655_+3_TTG_210
CP040688	2984973	TAG	FF951_14635	2983657	1317	CDS		ATG	FF951_14635|CP040688_2983657_2984973_+1_ATG_438
CP040688	2986998	GGC	FF951_14645	2986791	208	CDS	true	GTG	FF951_14645_p|CP040688_2986791_2986998_+3_GTG_69
CP040688	2987527	TGA	FF951_14650	2987030	498	CDS		ATG	FF951_14650|CP040688_2987030_2987527_+2_ATG_165
CP040688	2988821	TGA	FF951_14655	2987532	1290	CDS		GTG	FF951_14655|CP040688_2987532_2988821_+3_GTG_429
CP040688	2990187	TAA	FF951_14660	2988901	1287	CDS		ATG	FF951_14660|CP040688_2988901_2990187_+1_ATG_428
CP040688	2994194	TGA	FF951_14685	2993937	258	CDS		GTG	FF951_14685|CP040688_2993937_2994194_+3_GTG_85
CP040688	2996945	TGA	FF951_14695	2996262	684	CDS		ATG	FF951_14695|CP040688_2996262_2996945_+3_ATG_227
CP040688	2997604	TAA	FF951_14700	2996942	663	CDS		ATG	FF951_14700|CP040688_2996942_2997604_+2_ATG_220
CP040688	2999541	TGA	FF951_14715	2998834	708	CDS		ATG	FF951_14715|CP040688_2998834_2999541_+1_ATG_235
CP040688	3001576	TGA	FF951_14730	3001091	486	CDS		GTG	FF951_14730|CP040688_3001091_3001576_+2_GTG_161
CP040688	3002770	TGA	FF951_14740	3002120	651	CDS		GTG	FF951_14740|CP040688_3002120_3002770_+2_GTG_216
CP040688	3004572	TGA	FF951_14750	3003775	798	CDS		ATG	FF951_14750|CP040688_3003775_3004572_+1_ATG_265
CP040688	3006338	TGA	FF951_14755	3004752	1587	CDS		GTG	FF951_14755|CP040688_3004752_3006338_+3_GTG_528
CP040688	3006803	TAG	FF951_14760	3006375	429	CDS		ATG	FF951_14760|CP040688_3006375_3006803_+3_ATG_142
CP040688	3008464	TAG	FF951_14775	3007490	975	CDS		ATG	FF951_14775|CP040688_3007490_3008464_+2_ATG_324
CP040688	3009202	TAG	FF951_14785	3008756	447	CDS		ATG	FF951_14785|CP040688_3008756_3009202_+2_ATG_148
CP040688	3010349	TGA	FF951_14790	3009378	972	CDS		ATG	FF951_14790|CP040688_3009378_3010349_+3_ATG_323
CP040688	3011174	TGA	FF951_14795	3010482	693	CDS		ATG	FF951_14795|CP040688_3010482_3011174_+3_ATG_230
CP040688	3013764	TGA	FF951_14805	3012358	1407	CDS		ATG	FF951_14805|CP040688_3012358_3013764_+1_ATG_468
CP040688	3014956	TAA	FF951_14810	3013982	975	CDS		ATG	FF951_14810|CP040688_3013982_3014956_+2_ATG_324
CP040688	3016040	TGA	FF951_14815	3015015	1026	CDS		ATG	FF951_14815|CP040688_3015015_3016040_+3_ATG_341
CP040688	3016775	TGA	FF951_14820	3016089	687	CDS		ATG	FF951_14820|CP040688_3016089_3016775_+3_ATG_228
CP040688	3019415	TGA	FF951_14840	3018705	711	CDS		ATG	FF951_14840|CP040688_3018705_3019415_+3_ATG_236
CP040688	3021800	TGA	FF951_14850	3021552	249	CDS		ATG	FF951_14850|CP040688_3021552_3021800_+3_ATG_82
CP040688	3023019	TGA	FF951_14855	3021826	1194	CDS		ATG	FF951_14855|CP040688_3021826_3023019_+1_ATG_397
CP040688	3029936	TGA	FF951_14890	3029460	477	CDS		ATG	FF951_14890|CP040688_3029460_3029936_+3_ATG_158
CP040688	3031296	TAA	FF951_14895	3029944	1353	CDS		ATG	FF951_14895|CP040688_3029944_3031296_+1_ATG_450
CP040688	3033641	TAA	FF951_14910	3033366	276	CDS		GTG	FF951_14910|CP040688_3033366_3033641_+3_GTG_91
CP040688	3034593	TGA	FF951_14915	3033739	855	CDS		ATG	FF951_14915|CP040688_3033739_3034593_+1_ATG_284
CP040688	3038710	TGA	FF951_14935	3038537	174	CDS		GTG	FF951_14935|CP040688_3038537_3038710_+2_GTG_57
CP040688	3040600	TAG	FF951_14950	3040151	450	CDS		ATG	FF951_14950|CP040688_3040151_3040600_+2_ATG_149
CP040688	3040773	TGA	FF951_14955	3040507	267	CDS		GTG	FF951_14955|CP040688_3040507_3040773_+1_GTG_88
CP040688	3042409	TGA	FF951_14960	3040832	1578	CDS		ATG	FF951_14960|CP040688_3040832_3042409_+2_ATG_525
CP040688	3046704	TAG	FF951_14990	3046180	525	CDS		GTG	FF951_14990|CP040688_3046180_3046704_+1_GTG_174
CP040688	3049737	TGA	FF951_15000	3049423	315	CDS		ATG	FF951_15000|CP040688_3049423_3049737_+1_ATG_104
CP040688	3050552	TAG	FF951_15005	3049734	819	CDS		GTG	FF951_15005|CP040688_3049734_3050552_+3_GTG_272
CP040688	3051446	TGA	FF951_15010	3050556	891	CDS		ATG	FF951_15010|CP040688_3050556_3051446_+3_ATG_296
CP040688	3062291	TAG	FF951_15080	3061554	738	CDS		ATG	FF951_15080|CP040688_3061554_3062291_+3_ATG_245
CP040688	3070288	TAA	FF951_15135	3069827	462	CDS		ATG	FF951_15135|CP040688_3069827_3070288_+2_ATG_153
CP040688	3074853	TGA	FF951_15160	3073738	1116	CDS		ATG	FF951_15160|CP040688_3073738_3074853_+1_ATG_371
CP040688	3083792	TGA	FF951_15195	3082029	1764	CDS		ATG	FF951_15195|CP040688_3082029_3083792_+3_ATG_587
CP040688	3084563	TGA	FF951_15200	3083877	687	CDS		GTG	FF951_15200|CP040688_3083877_3084563_+3_GTG_228
CP040688	3095315	TAG	FF951_15255	3094686	630	CDS		TTG	FF951_15255|CP040688_3094686_3095315_+3_TTG_209
CP040688	3096983	TAA	FF951_15260	3095334	1650	CDS		GTG	FF951_15260|CP040688_3095334_3096983_+3_GTG_549
CP040688	3099207	TGA	FF951_15280	3098932	276	CDS		ATG	FF951_15280|CP040688_3098932_3099207_+1_ATG_91
CP040688	3099712	TGA	FF951_15285	3099347	366	CDS		GTG	FF951_15285|CP040688_3099347_3099712_+2_GTG_121
CP040688	3100189	TGA	FF951_15290	3099785	405	CDS		ATG	FF951_15290|CP040688_3099785_3100189_+2_ATG_134
CP040688	3100377	TAG	FF951_15295	3100186	192	CDS		GTG	FF951_15295|CP040688_3100186_3100377_+1_GTG_63
CP040688	3101730	TAA	FF951_15300	3100576	1155	CDS		GTG	FF951_15300|CP040688_3100576_3101730_+1_GTG_384
CP040688	3102221	TAA	FF951_15305	3101964	258	CDS		GTG	FF951_15305|CP040688_3101964_3102221_+3_GTG_85
CP040688	3102637	TGA	FF951_15310	3102326	312	CDS		ATG	FF951_15310|CP040688_3102326_3102637_+2_ATG_103
CP040688	3103665	TAG	FF951_15320	3103057	609	CDS		GTG	FF951_15320|CP040688_3103057_3103665_+1_GTG_202
CP040688	3105145	TGA	FF951_15325	3103736	1410	CDS		GTG	FF951_15325|CP040688_3103736_3105145_+2_GTG_469
CP040688	3105954	TGA	FF951_15330	3105142	813	CDS		ATG	FF951_15330|CP040688_3105142_3105954_+1_ATG_270
CP040688	3108543	TGA	FF951_15335	3107282	1263	fCDS		ATG	FF951_15335_fCDS|CP040688_3107282_3108543_+2_ATG_420
CP040688	3118683	TAG	FF951_15400	3117934	750	CDS		ATG	FF951_15400|CP040688_3117934_3118683_+1_ATG_249
CP040688	3131379	TGA	FF951_15460	3130834	546	CDS		GTG	FF951_15460|CP040688_3130834_3131379_+1_GTG_181
CP040688	3131864	TAG	FF951_15465	3131376	489	CDS		ATG	FF951_15465|CP040688_3131376_3131864_+3_ATG_162
CP040688	3144623	TGA	FF951_15510	3142932	1692	CDS		ATG	FF951_15510|CP040688_3142932_3144623_+3_ATG_563
CP040688	3145873	TGA	FF951_15515	3144833	1041	CDS		GTG	FF951_15515|CP040688_3144833_3145873_+2_GTG_346
CP040688	3147265	TGA	FF951_15520	3145886	1380	CDS		ATG	FF951_15520|CP040688_3145886_3147265_+2_ATG_459
CP040688	3148483	TGA	FF951_15525	3147365	1119	CDS		ATG	FF951_15525|CP040688_3147365_3148483_+2_ATG_372
CP040688	3148881	TAA	FF951_15530	3148549	333	CDS		GTG	FF951_15530|CP040688_3148549_3148881_+1_GTG_110
CP040688	3149108	TGA	FF951_15535	3148893	216	CDS		ATG	FF951_15535|CP040688_3148893_3149108_+3_ATG_71
CP040688	3149211	TGA	FF951_15540	3149029	183	CDS		ATG	FF951_15540|CP040688_3149029_3149211_+1_ATG_60
CP040688	3155676	TGA	FF951_15575	3155482	195	CDS		ATG	FF951_15575|CP040688_3155482_3155676_+1_ATG_64
CP040688	3156053	TGA	FF951_15580	3155673	381	CDS		ATG	FF951_15580|CP040688_3155673_3156053_+3_ATG_126
CP040688	3158499	TGA	FF951_15590	3158218	282	CDS		ATG	FF951_15590|CP040688_3158218_3158499_+1_ATG_93
CP040688	3158766	TAG	FF951_15595	3158503	264	CDS		GTG	FF951_15595|CP040688_3158503_3158766_+1_GTG_87
CP040688	3164076	TGA	FF951_15620	3163819	258	CDS		GTG	FF951_15620|CP040688_3163819_3164076_+1_GTG_85
CP040688	3164506	TAA	FF951_15625	3164063	444	CDS		ATG	FF951_15625|CP040688_3164063_3164506_+2_ATG_147
CP040688	3165248	TAA	FF951_15630	3164586	663	CDS		ATG	FF951_15630|CP040688_3164586_3165248_+3_ATG_220
CP040688	3165535	TGA	FF951_15635	3165344	192	CDS		ATG	FF951_15635|CP040688_3165344_3165535_+2_ATG_63
CP040688	3167615	TGA	FF951_15640	3165528	2088	CDS		ATG	FF951_15640|CP040688_3165528_3167615_+3_ATG_695
CP040688	3168292	TAA	FF951_15645	3167711	582	CDS		ATG	FF951_15645|CP040688_3167711_3168292_+2_ATG_193
CP040688	3168658	TAG	FF951_15650	3168344	315	CDS		ATG	FF951_15650|CP040688_3168344_3168658_+2_ATG_104
CP040688	3174994	TGA	FF951_15695	3174236	759	CDS		ATG	FF951_15695|CP040688_3174236_3174994_+2_ATG_252
CP040688	3177693	TAG	FF951_15710	3177274	420	CDS		ATG	FF951_15710|CP040688_3177274_3177693_+1_ATG_139
CP040688	3181858	TGA	FF951_15730	3181109	750	CDS		TTG	FF951_15730|CP040688_3181109_3181858_+2_TTG_249
CP040688	3184240	TAG	FF951_15740	3183263	978	CDS		ATG	FF951_15740|CP040688_3183263_3184240_+2_ATG_325
CP040688	3196415	TGA	FF951_15800	3195471	945	CDS		ATG	FF951_15800|CP040688_3195471_3196415_+3_ATG_314
CP040688	3200056	TAG	FF951_15830	3199181	876	CDS		ATG	FF951_15830|CP040688_3199181_3200056_+2_ATG_291
CP040688	3209085	TGA	FF951_15860	3207205	1881	CDS		GTG	FF951_15860|CP040688_3207205_3209085_+1_GTG_626
CP040688	3214164	TAG	FF951_15885	3213943	222	CDS		GTG	FF951_15885|CP040688_3213943_3214164_+1_GTG_73
CP040688	3224270	TAG	FF951_15935	3223485	786	CDS		ATG	FF951_15935|CP040688_3223485_3224270_+3_ATG_261
CP040688	3224568	TGA	FF951_15940	3224257	312	CDS		ATG	FF951_15940|CP040688_3224257_3224568_+1_ATG_103
CP040688	3226735	TGA	FF951_15945	3224984	1752	CDS		ATG	FF951_15945|CP040688_3224984_3226735_+2_ATG_583
CP040688	3232362	TGA	FF951_15950	3226732	5631	CDS		ATG	FF951_15950|CP040688_3226732_3232362_+1_ATG_1876
CP040688	3236975	TGA	FF951_15955	3232359	4617	CDS		GTG	FF951_15955|CP040688_3232359_3236975_+3_GTG_1538
CP040688	3243538	TGA	FF951_15960	3236972	6567	CDS		ATG	FF951_15960|CP040688_3236972_3243538_+2_ATG_2188
CP040688	3249018	TAA	FF951_15965	3243535	5484	CDS		ATG	FF951_15965|CP040688_3243535_3249018_+1_ATG_1827
CP040688	3253490	TGA	FF951_15970	3249024	4467	CDS		GTG	FF951_15970|CP040688_3249024_3253490_+3_GTG_1488
CP040688	3254496	TGA	FF951_15975	3253501	996	CDS		ATG	FF951_15975|CP040688_3253501_3254496_+1_ATG_331
CP040688	3255362	TGA	FF951_15980	3254493	870	CDS		ATG	FF951_15980|CP040688_3254493_3255362_+3_ATG_289
CP040688	3256189	TGA	FF951_15985	3255359	831	CDS		ATG	FF951_15985|CP040688_3255359_3256189_+2_ATG_276
CP040688	3257504	TGA	FF951_15990	3256236	1269	CDS		ATG	FF951_15990|CP040688_3256236_3257504_+3_ATG_422
CP040688	3266364	TAG	FF951_16000	3264622	1743	CDS		ATG	FF951_16000|CP040688_3264622_3266364_+1_ATG_580
CP040688	3269119	TGA	FF951_16005	3266357	2763	CDS		ATG	FF951_16005|CP040688_3266357_3269119_+2_ATG_920
CP040688	3270992	TGA	FF951_16015	3269751	1242	CDS		ATG	FF951_16015|CP040688_3269751_3270992_+3_ATG_413
CP040688	3271793	TAA	FF951_16020	3270992	802	CDS	true	ATG	FF951_16020_p|CP040688_3270992_3271793_+2_ATG_267
CP040688	3284226	TGA	FF951_16055	3283909	318	CDS		ATG	FF951_16055|CP040688_3283909_3284226_+1_ATG_105
CP040688	3286547	TGA	FF951_16065	3285735	813	CDS		ATG	FF951_16065|CP040688_3285735_3286547_+3_ATG_270
CP040688	3287829	TAA	FF951_16070	3286573	1257	CDS		ATG	FF951_16070|CP040688_3286573_3287829_+1_ATG_418
CP040688	3290693	TGA	FF951_16085	3289962	732	CDS		GTG	FF951_16085|CP040688_3289962_3290693_+3_GTG_243
CP040688	3291591	TAG	FF951_16090	3290764	828	CDS		ATG	FF951_16090|CP040688_3290764_3291591_+1_ATG_275
CP040688	3294966	TGA	FF951_16115	3294511	456	CDS	true	CCG	FF951_16115_p|CP040688_3294511_3294966_+1_CCG_151
CP040688	3297750	TAG	FF951_16125	3296530	1221	CDS		GTG	FF951_16125|CP040688_3296530_3297750_+1_GTG_406
CP040688	3298755	TGA	FF951_16130	3297823	933	CDS		ATG	FF951_16130|CP040688_3297823_3298755_+1_ATG_310
CP040688	3299580	TAG	FF951_16140	3299395	186	CDS		ATG	FF951_16140|CP040688_3299395_3299580_+1_ATG_61
CP040688	3307388	TGA	FF951_16175	3307195	194	CDS	true	GTC	FF951_16175_p|CP040688_3307195_3307388_+1_GTC_64
CP040688	3308243	TGA	FF951_16180	3307395	849	CDS		GTG	FF951_16180|CP040688_3307395_3308243_+3_GTG_282
CP040688	3313340	TGA	FF951_16205	3313146	195	CDS		ATG	FF951_16205|CP040688_3313146_3313340_+3_ATG_64
CP040688	3317797	TAG	FF951_16230	3317252	546	CDS		GTG	FF951_16230|CP040688_3317252_3317797_+2_GTG_181
CP040688	3321170	TGA	FF951_16245	3320526	645	CDS		ATG	FF951_16245|CP040688_3320526_3321170_+3_ATG_214
CP040688	3323490	TGA	FF951_16250	3321262	2229	CDS		ATG	FF951_16250|CP040688_3321262_3323490_+1_ATG_742
CP040688	3324526	TAA	FF951_16255	3323573	954	CDS		GTG	FF951_16255|CP040688_3323573_3324526_+2_GTG_317
CP040688	3328256	TAG	FF951_16275	3327555	702	CDS		GTG	FF951_16275|CP040688_3327555_3328256_+3_GTG_233
CP040688	3329881	TAG	FF951_16285	3329390	492	CDS		ATG	FF951_16285|CP040688_3329390_3329881_+2_ATG_163
CP040688	3333963	GGG	FF951_16310	3332677	1287	CDS	true	ATG	FF951_16310_p|CP040688_3332677_3333963_+1_ATG_429
CP040688	3337949	TAA	FF951_16325	3336507	1443	CDS		GTG	FF951_16325|CP040688_3336507_3337949_+3_GTG_480
CP040688	3339975	TAA	FF951_16340	3339010	966	CDS		ATG	FF951_16340|CP040688_3339010_3339975_+1_ATG_321
CP040688	3340679	TGA	FF951_16345	3340020	660	CDS		ATG	FF951_16345|CP040688_3340020_3340679_+3_ATG_219
CP040688	3345094	TGA	FF951_16365	3344756	339	CDS		ATG	FF951_16365|CP040688_3344756_3345094_+2_ATG_112
CP040688	3347238	TGA	FF951_16375	3346117	1122	CDS		ATG	FF951_16375|CP040688_3346117_3347238_+1_ATG_373
CP040688	3348675	TAA	FF951_16385	3348052	624	CDS		ATG	FF951_16385|CP040688_3348052_3348675_+1_ATG_207
CP040688	3353879	TGA	FF951_16410	3353223	657	CDS		GTG	FF951_16410|CP040688_3353223_3353879_+3_GTG_218
CP040688	3357795	TAG	FF951_16425	3357166	630	CDS		ATG	FF951_16425|CP040688_3357166_3357795_+1_ATG_209
CP040688	3361274	TGA	FF951_16445	3360013	1263	fCDS		ATG	FF951_16445_fCDS|CP040688_3360013_3361274_+1_ATG_420
CP040688	3365043	CCA	FF951_16470	3364915	129	CDS	true	TTG	FF951_16470_p|CP040688_3364915_3365043_+1_TTG_43
CP040688	3372218	TGA	FF951_16505	3371394	825	CDS		ATG	FF951_16505|CP040688_3371394_3372218_+3_ATG_274
CP040688	3373795	TGA	FF951_16510	3372215	1581	CDS		TTG	FF951_16510|CP040688_3372215_3373795_+2_TTG_526
CP040688	3375071	TAG	FF951_16515	3373827	1245	CDS		ATG	FF951_16515|CP040688_3373827_3375071_+3_ATG_414
CP040688	3375494	TAG	FF951_16520	3375105	390	CDS		GTG	FF951_16520|CP040688_3375105_3375494_+3_GTG_129
CP040688	3376221	TAG	FF951_16525	3375673	549	CDS		ATG	FF951_16525|CP040688_3375673_3376221_+1_ATG_182
CP040688	3378754	TAG	FF951_16535	3377672	1083	CDS		TTG	FF951_16535|CP040688_3377672_3378754_+2_TTG_360
CP040688	3388508	TAG	FF951_16585	3387429	1080	CDS		ATG	FF951_16585|CP040688_3387429_3388508_+3_ATG_359
CP040688	3389618	TGA	FF951_16590	3388578	1041	CDS		ATG	FF951_16590|CP040688_3388578_3389618_+3_ATG_346
CP040688	3398974	TGA	FF951_16645	3398360	615	CDS		GTG	FF951_16645|CP040688_3398360_3398974_+2_GTG_204
CP040688	3400024	TAG	FF951_16650	3398984	1041	CDS		ATG	FF951_16650|CP040688_3398984_3400024_+2_ATG_346
CP040688	3403249	TAG	FF951_16665	3401771	1479	CDS		ATG	FF951_16665|CP040688_3401771_3403249_+2_ATG_492
CP040688	3403709	TAG	FF951_16670	3403524	186	CDS		ATG	FF951_16670|CP040688_3403524_3403709_+3_ATG_61
CP040688	3409454	TGA	FF951_16685	3407931	1524	CDS		GTG	FF951_16685|CP040688_3407931_3409454_+3_GTG_507
CP040688	3411866	TAG	FF951_16690	3409590	2277	CDS		GTG	FF951_16690|CP040688_3409590_3411866_+3_GTG_758
CP040688	3413057	TGA	FF951_16700	3412734	324	CDS		TTG	FF951_16700|CP040688_3412734_3413057_+3_TTG_107
CP040688	3413662	TGA	FF951_16705	3413054	609	CDS		TTG	FF951_16705|CP040688_3413054_3413662_+2_TTG_202
CP040688	3414185	TGA	FF951_16710	3413775	411	CDS		TTG	FF951_16710|CP040688_3413775_3414185_+3_TTG_136
CP040688	3416437	TGA	FF951_16725	3416039	399	CDS		GTG	FF951_16725|CP040688_3416039_3416437_+2_GTG_132
CP040688	3416814	TGA	FF951_16730	3416434	381	CDS		ATG	FF951_16730|CP040688_3416434_3416814_+1_ATG_126
CP040688	3417920	TGA	FF951_16735	3416811	1110	CDS		ATG	FF951_16735|CP040688_3416811_3417920_+3_ATG_369
CP040688	3420400	TAG	FF951_16750	3419126	1275	CDS		ATG	FF951_16750|CP040688_3419126_3420400_+2_ATG_424
CP040688	3421895	TAA	FF951_16760	3421419	477	CDS		ATG	FF951_16760|CP040688_3421419_3421895_+3_ATG_158
CP040688	3423699	TAA	FF951_16765	3421888	1812	CDS		ATG	FF951_16765|CP040688_3421888_3423699_+1_ATG_603
CP040688	3424101	TGA	FF951_16770	3423700	402	CDS		TTG	FF951_16770|CP040688_3423700_3424101_+1_TTG_133
CP040688	3429625	TAG	FF951_16785	3428387	1239	CDS		GTG	FF951_16785|CP040688_3428387_3429625_+2_GTG_412
CP040688	3432338	TGA	FF951_16795	3430851	1488	CDS		ATG	FF951_16795|CP040688_3430851_3432338_+3_ATG_495
CP040688	3433270	TGA	FF951_16800	3432344	927	CDS		ATG	FF951_16800|CP040688_3432344_3433270_+2_ATG_308
CP040688	3434097	TAG	FF951_16805	3433267	831	CDS		ATG	FF951_16805|CP040688_3433267_3434097_+1_ATG_276
CP040688	3435234	TGA	FF951_16810	3434128	1107	CDS		ATG	FF951_16810|CP040688_3434128_3435234_+1_ATG_368
CP040688	3436690	TGA	FF951_16815	3435272	1419	CDS		ATG	FF951_16815|CP040688_3435272_3436690_+2_ATG_472
CP040688	3438111	TGA	FF951_16820	3436687	1425	CDS		ATG	FF951_16820|CP040688_3436687_3438111_+1_ATG_474
CP040688	3439619	TGA	FF951_16825	3438108	1512	CDS		ATG	FF951_16825|CP040688_3438108_3439619_+3_ATG_503
CP040688	3440111	TAG	FF951_16830	3439899	213	CDS		TTG	FF951_16830|CP040688_3439899_3440111_+3_TTG_70
CP040688	3441445	TAA	FF951_16840	3440558	888	CDS		ATG	FF951_16840|CP040688_3440558_3441445_+2_ATG_295
CP040688	3443154	TAG	FF951_16845	3441463	1692	CDS		ATG	FF951_16845|CP040688_3441463_3443154_+1_ATG_563
CP040688	3446796	TAA	FF951_16865	3446320	477	CDS		ATG	FF951_16865|CP040688_3446320_3446796_+1_ATG_158
CP040688	3448033	TAG	FF951_16870	3446894	1140	CDS		GTG	FF951_16870|CP040688_3446894_3448033_+2_GTG_379
CP040688	3450273	TGA	FF951_16885	3449953	321	CDS		GTG	FF951_16885|CP040688_3449953_3450273_+1_GTG_106
CP040688	3457725	TGA	FF951_16930	3456355	1371	CDS		ATG	FF951_16930|CP040688_3456355_3457725_+1_ATG_456
CP040688	3459848	TAA	FF951_16940	3459408	441	CDS		ATG	FF951_16940|CP040688_3459408_3459848_+3_ATG_146
CP040688	3461076	TAA	FF951_16945	3459997	1080	CDS		ATG	FF951_16945|CP040688_3459997_3461076_+1_ATG_359
CP040688	3461522	TGA	FF951_16950	3461127	396	CDS		ATG	FF951_16950|CP040688_3461127_3461522_+3_ATG_131
CP040688	3462031	TAA	FF951_16955	3461519	513	CDS		ATG	FF951_16955|CP040688_3461519_3462031_+2_ATG_170
CP040688	3462299	TGA	FF951_16960	3462048	252	CDS		ATG	FF951_16960|CP040688_3462048_3462299_+3_ATG_83
CP040688	3463090	TGA	FF951_16965	3462422	669	CDS		ATG	FF951_16965|CP040688_3462422_3463090_+2_ATG_222
CP040688	3463637	TGA	FF951_16970	3463107	531	CDS		GTG	FF951_16970|CP040688_3463107_3463637_+3_GTG_176
CP040688	3465046	TAG	FF951_16980	3463799	1248	CDS		ATG	FF951_16980|CP040688_3463799_3465046_+2_ATG_415
CP040688	3466293	TAG	FF951_16985	3465124	1170	CDS		ATG	FF951_16985|CP040688_3465124_3466293_+1_ATG_389
CP040688	3467155	TGA	FF951_16990	3466322	834	CDS		ATG	FF951_16990|CP040688_3466322_3467155_+2_ATG_277
CP040688	3467459	TGA	FF951_16995	3467157	303	CDS		ATG	FF951_16995|CP040688_3467157_3467459_+3_ATG_100
CP040688	3467923	TGA	FF951_17000	3467480	444	CDS		ATG	FF951_17000|CP040688_3467480_3467923_+2_ATG_147
CP040688	3468522	TGA	FF951_17005	3467920	603	CDS		ATG	FF951_17005|CP040688_3467920_3468522_+1_ATG_200
CP040688	3470059	TGA	FF951_17010	3468857	1203	CDS		ATG	FF951_17010|CP040688_3468857_3470059_+2_ATG_400
CP040688	3470907	TAG	FF951_17020	3470482	426	CDS		GTG	FF951_17020|CP040688_3470482_3470907_+1_GTG_141
CP040688	3471411	TAA	FF951_17025	3470917	495	CDS		TTG	FF951_17025|CP040688_3470917_3471411_+1_TTG_164
CP040688	3472723	TAA	FF951_17030	3471854	870	CDS		GTG	FF951_17030|CP040688_3471854_3472723_+2_GTG_289
CP040688	3475529	TGA	FF951_17045	3474495	1035	CDS		GTG	FF951_17045|CP040688_3474495_3475529_+3_GTG_344
CP040688	3478697	TAG	FF951_17070	3478365	333	CDS		GTG	FF951_17070|CP040688_3478365_3478697_+3_GTG_110
CP040688	3481254	TGA	FF951_17080	3480256	999	CDS		ATG	FF951_17080|CP040688_3480256_3481254_+1_ATG_332
CP040688	3485692	TGG	FF951_17105	3485039	654	CDS	true	ATG	FF951_17105_p|CP040688_3485039_3485692_+2_ATG_218
CP040688	3487031	TAA	FF951_17110	3485889	1143	CDS		ATG	FF951_17110|CP040688_3485889_3487031_+3_ATG_380
CP040688	3488270	TAA	FF951_17120	3487488	783	CDS		GTG	FF951_17120|CP040688_3487488_3488270_+3_GTG_260
CP040688	3489378	TGA	FF951_17125	3488290	1089	CDS		ATG	FF951_17125|CP040688_3488290_3489378_+1_ATG_362
CP040688	3490864	TAG	FF951_17130	3489458	1407	CDS		ATG	FF951_17130|CP040688_3489458_3490864_+2_ATG_468
CP040688	3492090	TAG	FF951_17135	3490885	1206	CDS		ATG	FF951_17135|CP040688_3490885_3492090_+1_ATG_401
CP040688	3493161	TAA	FF951_17140	3492190	972	CDS		ATG	FF951_17140|CP040688_3492190_3493161_+1_ATG_323
CP040688	3494150	TAA	FF951_17150	3493749	402	CDS		GTG	FF951_17150|CP040688_3493749_3494150_+3_GTG_133
CP040688	3496163	TGA	FF951_17160	3495777	387	CDS		TTG	FF951_17160|CP040688_3495777_3496163_+3_TTG_128
CP040688	3496726	TGA	FF951_17165	3496172	555	CDS		GTG	FF951_17165|CP040688_3496172_3496726_+2_GTG_184
CP040688	3497433	TGA	FF951_17170	3496723	711	CDS		ATG	FF951_17170|CP040688_3496723_3497433_+1_ATG_236
CP040688	3498755	TGA	FF951_17175	3497433	1323	CDS		ATG	FF951_17175|CP040688_3497433_3498755_+3_ATG_440
CP040688	3499510	TGA	FF951_17180	3498752	759	CDS		GTG	FF951_17180|CP040688_3498752_3499510_+2_GTG_252
CP040688	3500844	TGA	FF951_17185	3499507	1338	CDS		ATG	FF951_17185|CP040688_3499507_3500844_+1_ATG_445
CP040688	3503261	TGA	FF951_17190	3500841	2421	CDS		GTG	FF951_17190|CP040688_3500841_3503261_+3_GTG_806
CP040688	3504609	TAA	FF951_17195	3503377	1233	CDS		ATG	FF951_17195|CP040688_3503377_3504609_+1_ATG_410
CP040688	3505237	TGA	FF951_17200	3504602	636	CDS		GTG	FF951_17200|CP040688_3504602_3505237_+2_GTG_211
CP040688	3506022	TGA	FF951_17205	3505234	789	CDS		ATG	FF951_17205|CP040688_3505234_3506022_+1_ATG_262
CP040688	3506318	TGA	FF951_17210	3506019	300	CDS		ATG	FF951_17210|CP040688_3506019_3506318_+3_ATG_99
CP040688	3508230	TGA	FF951_17215	3506329	1902	CDS		GTG	FF951_17215|CP040688_3506329_3508230_+1_GTG_633
CP040688	3509888	TGA	FF951_17220	3508227	1662	CDS		GTG	FF951_17220|CP040688_3508227_3509888_+3_GTG_553
CP040688	3511480	TGA	FF951_17225	3509885	1596	CDS		ATG	FF951_17225|CP040688_3509885_3511480_+2_ATG_531
CP040688	3523479	TAA	FF951_17280	3522343	1137	CDS		GTG	FF951_17280|CP040688_3522343_3523479_+1_GTG_378
CP040688	3524603	TAG	FF951_17285	3523479	1125	CDS		ATG	FF951_17285|CP040688_3523479_3524603_+3_ATG_374
CP040688	3526092	TGA	FF951_17290	3524746	1347	CDS		GTG	FF951_17290|CP040688_3524746_3526092_+1_GTG_448
CP040688	3529086	TGA	FF951_17310	3528379	708	CDS		ATG	FF951_17310|CP040688_3528379_3529086_+1_ATG_235
CP040688	3530588	TAG	FF951_17315	3529101	1488	CDS		ATG	FF951_17315|CP040688_3529101_3530588_+3_ATG_495
CP040688	3532548	TGA	FF951_17325	3531688	861	CDS		GTG	FF951_17325|CP040688_3531688_3532548_+1_GTG_286
CP040688	3533038	TAA	FF951_17330	3532643	396	CDS		ATC	FF951_17330|CP040688_3532643_3533038_+2_ATC_131
CP040688	3533265	TGA	FF951_17335	3533054	212	CDS	true	TCC	FF951_17335_p|CP040688_3533054_3533265_+2_TCC_70
CP040688	3533571	TGA	FF951_17340	3533278	294	CDS		GTG	FF951_17340|CP040688_3533278_3533571_+1_GTG_97
CP040688	3535148	TAG	FF951_17345	3533859	1290	CDS		GTG	FF951_17345|CP040688_3533859_3535148_+3_GTG_429
CP040688	3538317	TGA	FF951_17365	3537973	345	CDS		TTG	FF951_17365|CP040688_3537973_3538317_+1_TTG_114
CP040688	3538643	TGA	FF951_17370	3538314	330	CDS		ATG	FF951_17370|CP040688_3538314_3538643_+3_ATG_109
CP040688	3539528	TGA	FF951_17375	3539181	348	CDS		ATG	FF951_17375|CP040688_3539181_3539528_+3_ATG_115
CP040688	3540145	TAA	FF951_17380	3539525	621	CDS		GTG	FF951_17380|CP040688_3539525_3540145_+2_GTG_206
CP040688	3541947	TGA	FF951_17390	3541738	210	CDS		ATG	FF951_17390|CP040688_3541738_3541947_+1_ATG_69
CP040688	3542167	TGA	FF951_17395	3541982	186	CDS		ATG	FF951_17395|CP040688_3541982_3542167_+2_ATG_61
CP040688	3544907	TGA	FF951_17420	3544290	618	CDS		ATG	FF951_17420|CP040688_3544290_3544907_+3_ATG_205
CP040688	3550665	TGA	FF951_17435	3549247	1419	CDS		GTG	FF951_17435|CP040688_3549247_3550665_+1_GTG_472
CP040688	3551570	TGA	FF951_17440	3550671	900	CDS		GTG	FF951_17440|CP040688_3550671_3551570_+3_GTG_299
CP040688	3553250	TGA	FF951_17450	3551907	1344	CDS		ATG	FF951_17450|CP040688_3551907_3553250_+3_ATG_447
CP040688	3556472	TAA	FF951_17465	3556218	255	CDS		ATG	FF951_17465|CP040688_3556218_3556472_+3_ATG_84
CP040688	3565378	TAG	FF951_17490	3565169	210	CDS		ATG	FF951_17490|CP040688_3565169_3565378_+2_ATG_69
CP040688	3566194	TAG	FF951_17495	3565409	786	CDS		GTG	FF951_17495|CP040688_3565409_3566194_+2_GTG_261
CP040688	3566502	TGA	FF951_17500	3566197	306	CDS		ATG	FF951_17500|CP040688_3566197_3566502_+1_ATG_101
CP040688	3570569	TAG	FF951_17520	3569883	687	CDS		ATG	FF951_17520|CP040688_3569883_3570569_+3_ATG_228
CP040688	3571713	TAG	FF951_17530	3571153	561	CDS		GTG	FF951_17530|CP040688_3571153_3571713_+1_GTG_186
CP040688	3574260	TGA	FF951_17540	3572677	1584	CDS		ATG	FF951_17540|CP040688_3572677_3574260_+1_ATG_527
CP040688	3575496	TGA	FF951_17545	3574273	1224	CDS		ATG	FF951_17545|CP040688_3574273_3575496_+1_ATG_407
CP040688	3577137	TGA	FF951_17555	3576526	612	CDS		ATG	FF951_17555|CP040688_3576526_3577137_+1_ATG_203
CP040688	3578252	TGA	FF951_17560	3577134	1119	CDS		GTG	FF951_17560|CP040688_3577134_3578252_+3_GTG_372
CP040688	3578732	TGA	FF951_17565	3578400	333	CDS		ATG	FF951_17565|CP040688_3578400_3578732_+3_ATG_110
CP040688	3580313	TGA	FF951_17575	3579348	966	CDS		ATG	FF951_17575|CP040688_3579348_3580313_+3_ATG_321
CP040688	3580847	TGA	FF951_17580	3580593	255	CDS		ATG	FF951_17580|CP040688_3580593_3580847_+3_ATG_84
CP040688	3582921	TAA	FF951_17595	3582847	75	CDS		ATG	FF951_17595|CP040688_3582847_3582921_+1_ATG_24
CP040688	3585579	TAG	FF951_17615	3584731	849	CDS		ATG	FF951_17615|CP040688_3584731_3585579_+1_ATG_282
CP040688	3585703	TAA	FF951_17620	3585593	111	CDS		CTG	FF951_17620|CP040688_3585593_3585703_+2_CTG_36
CP040688	3585899	TAA	FF951_17625	3585681	219	CDS		GTG	FF951_17625|CP040688_3585681_3585899_+3_GTG_72
CP040688	3589609	TGA	FF951_17640	3588257	1353	CDS		GTG	FF951_17640|CP040688_3588257_3589609_+2_GTG_450
CP040688	3590598	TGA	FF951_17645	3589606	993	CDS		TTG	FF951_17645|CP040688_3589606_3590598_+1_TTG_330
CP040688	3596822	TGA	FF951_17675	3596181	642	CDS		ATG	FF951_17675|CP040688_3596181_3596822_+3_ATG_213
CP040688	3619944	TGA	FF951_17770	3618556	1389	CDS		GTG	FF951_17770|CP040688_3618556_3619944_+1_GTG_462
CP040688	3624725	TAG	FF951_17795	3624306	420	CDS		ATG	FF951_17795|CP040688_3624306_3624725_+3_ATG_139
CP040688	3625374	TGA	FF951_17805	3625175	200	CDS	true	ATG	FF951_17805_p|CP040688_3625175_3625374_+2_ATG_66
CP040688	3626419	TGA	FF951_17810	3625424	996	CDS		GTG	FF951_17810|CP040688_3625424_3626419_+2_GTG_331
CP040688	3627762	TGA	FF951_17815	3626416	1347	CDS		TTG	FF951_17815|CP040688_3626416_3627762_+1_TTG_448
CP040688	3627994	CTG	FF951_17820	3627804	191	CDS	true	CTG	FF951_17820_p|CP040688_3627804_3627994_+3_CTG_63
CP040688	3629719	TAA	FF951_17825	3628058	1662	CDS		ATG	FF951_17825|CP040688_3628058_3629719_+2_ATG_553
CP040688	3634262	TGA	FF951_17845	3632766	1497	CDS		GTG	FF951_17845|CP040688_3632766_3634262_+3_GTG_498
CP040688	3634990	TGA	FF951_17850	3634301	690	CDS		ATG	FF951_17850|CP040688_3634301_3634990_+2_ATG_229
CP040688	3635396	TGA	FF951_17855	3635115	282	CDS		ATG	FF951_17855|CP040688_3635115_3635396_+3_ATG_93
CP040688	3637563	TAG	FF951_17860	3635407	2157	CDS		ATG	FF951_17860|CP040688_3635407_3637563_+1_ATG_718
CP040688	3639513	TGA	FF951_17870	3638329	1185	CDS		ATG	FF951_17870|CP040688_3638329_3639513_+1_ATG_394
CP040688	3641812	TAG	FF951_17875	3639518	2295	CDS		GTG	FF951_17875|CP040688_3639518_3641812_+2_GTG_764
CP040688	3645577	TGA	FF951_17895	3644759	819	CDS		ATG	FF951_17895|CP040688_3644759_3645577_+2_ATG_272
CP040688	3648589	TGA	FF951_17910	3646943	1647	CDS		ATG	FF951_17910|CP040688_3646943_3648589_+2_ATG_548
CP040688	3648968	TGA	FF951_17915	3648570	399	CDS		ATG	FF951_17915|CP040688_3648570_3648968_+3_ATG_132
CP040688	3649633	TAG	FF951_17920	3648965	669	CDS		ATG	FF951_17920|CP040688_3648965_3649633_+2_ATG_222
CP040688	3650567	TGA	FF951_17925	3649674	894	CDS		GTG	FF951_17925|CP040688_3649674_3650567_+3_GTG_297
CP040688	3650995	TGA	FF951_17930	3650564	432	CDS		ATG	FF951_17930|CP040688_3650564_3650995_+2_ATG_143
CP040688	3652905	TAA	FF951_17935	3651103	1803	CDS		GTG	FF951_17935|CP040688_3651103_3652905_+1_GTG_600
CP040688	3658321	TGA	FF951_17970	3657074	1248	CDS		ATG	FF951_17970|CP040688_3657074_3658321_+2_ATG_415
CP040688	3659832	TAA	FF951_17975	3658348	1485	CDS		GTG	FF951_17975|CP040688_3658348_3659832_+1_GTG_494
CP040688	3661477	TGA	FF951_17985	3660812	666	CDS		ATG	FF951_17985|CP040688_3660812_3661477_+2_ATG_221
CP040688	3666062	TAA	FF951_17990	3661521	4542	CDS		GTG	FF951_17990|CP040688_3661521_3666062_+3_GTG_1513
CP040688	3666833	TGA	FF951_17995	3666066	768	CDS		ATG	FF951_17995|CP040688_3666066_3666833_+3_ATG_255
CP040688	3675786	GCG	FF951_18030	3675709	78	CDS	true	ATG	FF951_18030_p|CP040688_3675709_3675786_+1_ATG_26
CP040688	3676424	TAA	FF951_18035	3675945	480	CDS		GTG	FF951_18035|CP040688_3675945_3676424_+3_GTG_159
CP040688	3679664	TAA	FF951_18050	3678858	807	CDS		GTG	FF951_18050|CP040688_3678858_3679664_+3_GTG_268
CP040688	3681272	TGA	FF951_18055	3679668	1605	CDS		GTG	FF951_18055|CP040688_3679668_3681272_+3_GTG_534
CP040688	3682901	TAG	FF951_18065	3682002	900	CDS		ATG	FF951_18065|CP040688_3682002_3682901_+3_ATG_299
CP040688	3684187	TAG	FF951_18070	3682925	1263	CDS		ATG	FF951_18070|CP040688_3682925_3684187_+2_ATG_420
CP040688	3689244	TGA	FF951_18105	3688807	438	CDS		ATA	FF951_18105|CP040688_3688807_3689244_+1_ATA_145
CP040688	3689675	TGA	FF951_18110	3689241	435	CDS		ATG	FF951_18110|CP040688_3689241_3689675_+3_ATG_144
CP040688	3691576	TAA	FF951_18115	3689804	1773	CDS		TTG	FF951_18115|CP040688_3689804_3691576_+2_TTG_590
CP040688	3692367	TGA	FF951_18120	3691576	792	CDS		ATG	FF951_18120|CP040688_3691576_3692367_+1_ATG_263
CP040688	3696989	TGA	FF951_18160	3696639	351	CDS		ATG	FF951_18160|CP040688_3696639_3696989_+3_ATG_116
CP040688	3697353	TAA	FF951_18165	3696967	387	CDS		GTG	FF951_18165|CP040688_3696967_3697353_+1_GTG_128
CP040688	3698374	TAG	FF951_18170	3697301	1074	CDS		TTG	FF951_18170|CP040688_3697301_3698374_+2_TTG_357
CP040688	3701735	TGA	FF951_18190	3701574	162	CDS		ATG	FF951_18190|CP040688_3701574_3701735_+3_ATG_53
CP040688	3703286	TGA	FF951_18195	3701757	1530	CDS		ATG	FF951_18195|CP040688_3701757_3703286_+3_ATG_509
CP040688	3705533	TAA	FF951_18205	3704166	1368	CDS		TTG	FF951_18205|CP040688_3704166_3705533_+3_TTG_455
CP040688	3706819	TAG	FF951_18210	3705602	1218	CDS		ATG	FF951_18210|CP040688_3705602_3706819_+2_ATG_405
CP040688	3708423	TGA	FF951_18215	3706915	1509	CDS		GTG	FF951_18215|CP040688_3706915_3708423_+1_GTG_502
CP040688	3709571	TGA	FF951_18220	3708420	1152	CDS		GTG	FF951_18220|CP040688_3708420_3709571_+3_GTG_383
CP040688	3711063	TAG	FF951_18230	3710584	480	CDS		ATG	FF951_18230|CP040688_3710584_3711063_+1_ATG_159
CP040688	3711522	TAG	FF951_18235	3711082	441	CDS		ATG	FF951_18235|CP040688_3711082_3711522_+1_ATG_146
CP040688	3714373	TAG	FF951_18250	3713741	633	CDS		GTG	FF951_18250|CP040688_3713741_3714373_+2_GTG_210
CP040688	3717301	TGA	FF951_18260	3715952	1350	CDS		ATG	FF951_18260|CP040688_3715952_3717301_+2_ATG_449
CP040688	3718452	TGA	FF951_18265	3717313	1140	CDS		ATG	FF951_18265|CP040688_3717313_3718452_+1_ATG_379
CP040688	3719180	TGA	FF951_18270	3718449	732	CDS		GTG	FF951_18270|CP040688_3718449_3719180_+3_GTG_243
CP040688	3747851	TAG	FF951_18300	3747405	447	CDS		ATC	FF951_18300|CP040688_3747405_3747851_+3_ATC_148
CP040688	3747952	GAC	FF951_18305	3747866	87	CDS	true	GTG	FF951_18305_p|CP040688_3747866_3747952_+2_GTG_29
CP040688	3763094	TAG	FF951_18345	3762705	390	CDS		ATG	FF951_18345|CP040688_3762705_3763094_+3_ATG_129
CP040688	3764642	TGA	FF951_18360	3764367	276	CDS		ATG	FF951_18360|CP040688_3764367_3764642_+3_ATG_91
CP040688	3764896	TGA	FF951_18365	3764639	258	CDS		GTG	FF951_18365|CP040688_3764639_3764896_+2_GTG_85
CP040688	3766128	TAG	FF951_18370	3764938	1191	CDS		GTG	FF951_18370|CP040688_3764938_3766128_+1_GTG_396
CP040688	3766613	TAG	FF951_18375	3766245	369	CDS		ATG	FF951_18375|CP040688_3766245_3766613_+3_ATG_122
CP040688	3771795	TAG	FF951_18405	3771331	465	CDS		ATG	FF951_18405|CP040688_3771331_3771795_+1_ATG_154
CP040688	3773880	TAA	FF951_18415	3772162	1719	CDS		ATG	FF951_18415|CP040688_3772162_3773880_+1_ATG_572
CP040688	3774958	TGA	FF951_18425	3774524	435	CDS		ATG	FF951_18425|CP040688_3774524_3774958_+2_ATG_144
CP040688	3779818	TGA	FF951_18435	3778478	1341	CDS		ATG	FF951_18435|CP040688_3778478_3779818_+2_ATG_446
CP040688	3781035	TGA	FF951_18440	3779860	1176	CDS		GTG	FF951_18440|CP040688_3779860_3781035_+1_GTG_391
CP040688	3781193	TGA	FF951_18445	3781089	105	CDS		ATG	FF951_18445|CP040688_3781089_3781193_+3_ATG_34
CP040688	3781913	TGA	FF951_18450	3781272	642	CDS		ATG	FF951_18450|CP040688_3781272_3781913_+3_ATG_213
CP040688	3782162	TAG	FF951_18455	3781914	249	CDS		TTG	FF951_18455|CP040688_3781914_3782162_+3_TTG_82
CP040688	3783594	TGA	FF951_18460	3782167	1428	CDS		ATG	FF951_18460|CP040688_3782167_3783594_+1_ATG_475
CP040688	3784355	TGA	FF951_18465	3783702	654	CDS		TTG	FF951_18465|CP040688_3783702_3784355_+3_TTG_217
CP040688	3791330	TGA	FF951_18495	3790069	1263	fCDS		ATG	FF951_18495_fCDS|CP040688_3790069_3791330_+1_ATG_420
CP040688	3795011	TGA	FF951_18515	3793670	1342	CDS	true	TTG	FF951_18515_p|CP040688_3793670_3795011_+2_TTG_447
CP040688	3797378	TAA	FF951_18520	3795201	2178	CDS		ATG	FF951_18520|CP040688_3795201_3797378_+3_ATG_725
CP040688	3799105	TGA	FF951_18530	3798395	711	CDS		ATG	FF951_18530|CP040688_3798395_3799105_+2_ATG_236
CP040688	3801103	TAG	FF951_18535	3799151	1953	CDS		ATG	FF951_18535|CP040688_3799151_3801103_+2_ATG_650
CP040688	3802917	TGA	FF951_18545	3801991	927	CDS		GTG	FF951_18545|CP040688_3801991_3802917_+1_GTG_308
CP040688	3805875	TAG	FF951_18560	3805249	627	CDS		GTG	FF951_18560|CP040688_3805249_3805875_+1_GTG_208
CP040688	3810705	TAG	FF951_18580	3809659	1047	CDS		ATG	FF951_18580|CP040688_3809659_3810705_+1_ATG_348
CP040688	3811557	TAG	FF951_18585	3810769	789	CDS		ATG	FF951_18585|CP040688_3810769_3811557_+1_ATG_262
CP040688	3813932	TGA	FF951_18590	3811572	2361	CDS		ATG	FF951_18590|CP040688_3811572_3813932_+3_ATG_786
CP040688	3820612	TGA	FF951_18630	3819725	888	CDS		ATG	FF951_18630|CP040688_3819725_3820612_+2_ATG_295
CP040688	3820946	TGA	FF951_18635	3820647	300	CDS		ATG	FF951_18635|CP040688_3820647_3820946_+3_ATG_99
CP040688	3821353	TGA	FF951_18640	3820943	411	CDS		GTG	FF951_18640|CP040688_3820943_3821353_+2_GTG_136
CP040688	3826531	TGA	FF951_18660	3826121	411	CDS		GTG	FF951_18660|CP040688_3826121_3826531_+2_GTG_136
CP040688	3829595	TAA	FF951_18680	3829287	309	CDS		ATG	FF951_18680|CP040688_3829287_3829595_+3_ATG_102
CP040688	3836005	TAG	FF951_18720	3835775	231	CDS		GTG	FF951_18720|CP040688_3835775_3836005_+2_GTG_76
CP040688	3837163	TAG	FF951_18730	3836634	530	CDS	true	ATG	FF951_18730_p|CP040688_3836634_3837163_+3_ATG_176
CP040688	3837960	TAG	FF951_18735	3837430	531	CDS		ATG	FF951_18735|CP040688_3837430_3837960_+1_ATG_176
CP040688	3842816	TGA	FF951_18765	3842517	300	CDS		GTG	FF951_18765|CP040688_3842517_3842816_+3_GTG_99
CP040688	3843444	TAG	FF951_18770	3842902	543	CDS		ATG	FF951_18770|CP040688_3842902_3843444_+1_ATG_180
CP040688	3843930	TAG	FF951_18780	3843535	396	CDS		ATG	FF951_18780|CP040688_3843535_3843930_+1_ATG_131
CP040688	3845874	TAG	FF951_18795	3845338	537	CDS		ATG	FF951_18795|CP040688_3845338_3845874_+1_ATG_178
CP040688	3855560	TAA	FF951_18840	3855084	477	CDS		ATG	FF951_18840|CP040688_3855084_3855560_+3_ATG_158
CP040688	3856412	TAG	FF951_18845	3855570	843	CDS		GTG	FF951_18845|CP040688_3855570_3856412_+3_GTG_280
CP040688	3867927	TGA	FF951_18895	3866524	1404	CDS		ATG	FF951_18895|CP040688_3866524_3867927_+1_ATG_467
CP040688	3869291	TGA	FF951_18900	3867924	1368	CDS		ATG	FF951_18900|CP040688_3867924_3869291_+3_ATG_455
CP040688	3871577	TGA	FF951_18910	3870789	789	CDS		GTG	FF951_18910|CP040688_3870789_3871577_+3_GTG_262
CP040688	3872304	TAA	FF951_18915	3871624	681	CDS		GTG	FF951_18915|CP040688_3871624_3872304_+1_GTG_226
CP040688	3872601	TGA	FF951_18920	3872362	240	CDS		GTG	FF951_18920|CP040688_3872362_3872601_+1_GTG_79
CP040688	3874261	TGA	FF951_18925	3872576	1686	CDS		ATG	FF951_18925|CP040688_3872576_3874261_+2_ATG_561
CP040688	3878560	TAA	FF951_18960	3878363	198	CDS		ATG	FF951_18960|CP040688_3878363_3878560_+2_ATG_65
CP040688	3879992	TGA	FF951_18975	3879135	858	CDS		ATG	FF951_18975|CP040688_3879135_3879992_+3_ATG_285
CP040688	3881060	TGA	FF951_18980	3880065	996	CDS		ATG	FF951_18980|CP040688_3880065_3881060_+3_ATG_331
CP040688	3881670	TAG	FF951_18985	3881062	609	CDS		ATG	FF951_18985|CP040688_3881062_3881670_+1_ATG_202
CP040688	3882040	GCC	FF951_18990	3881683	358	CDS	true	TTG	FF951_18990_p|CP040688_3881683_3882040_+1_TTG_119
CP040688	3883145	TGA	FF951_18995	3882192	954	CDS		GTG	FF951_18995|CP040688_3882192_3883145_+3_GTG_317
CP040688	3888096	TAG	FF951_19020	3887590	507	CDS		ATG	FF951_19020|CP040688_3887590_3888096_+1_ATG_168
CP040688	3891259	TAG	FF951_19035	3890963	297	CDS		GTG	FF951_19035|CP040688_3890963_3891259_+2_GTG_98
CP040688	3892477	TAG	FF951_19040	3891296	1182	CDS		GTG	FF951_19040|CP040688_3891296_3892477_+2_GTG_393
CP040688	3895755	TGA	FF951_19045	3892507	3249	CDS		TTG	FF951_19045|CP040688_3892507_3895755_+1_TTG_1082
CP040688	3901486	TAG	FF951_19070	3899948	1539	CDS		ATG	FF951_19070|CP040688_3899948_3901486_+2_ATG_512
CP040688	3902709	TGA	FF951_19080	3902461	249	CDS		GTG	FF951_19080|CP040688_3902461_3902709_+1_GTG_82
CP040688	3903091	TGA	FF951_19085	3902642	450	CDS		TTG	FF951_19085|CP040688_3902642_3903091_+2_TTG_149
CP040688	3904860	TGA	FF951_19095	3904537	324	CDS		ATG	FF951_19095|CP040688_3904537_3904860_+1_ATG_107
CP040688	3905106	TAA	FF951_19100	3904942	165	CDS		ATG	FF951_19100|CP040688_3904942_3905106_+1_ATG_54
CP040688	3906608	TAA	FF951_19105	3905106	1503	CDS		ATG	FF951_19105|CP040688_3905106_3906608_+3_ATG_500
CP040688	3907338	TAA	FF951_19110	3906760	579	CDS		GTG	FF951_19110|CP040688_3906760_3907338_+1_GTG_192
CP040688	3920543	TGA	FF951_19175	3919341	1203	CDS		ATG	FF951_19175|CP040688_3919341_3920543_+3_ATG_400
CP040688	3921689	TAG	FF951_19180	3920568	1122	CDS		ATG	FF951_19180|CP040688_3920568_3921689_+3_ATG_373
CP040688	3923268	TAG	FF951_19185	3921760	1509	CDS		ATG	FF951_19185|CP040688_3921760_3923268_+1_ATG_502
CP040688	3927590	TGA	FF951_19190	3923439	4152	CDS		ATG	FF951_19190|CP040688_3923439_3927590_+3_ATG_1383
CP040688	3932743	TAA	FF951_19195	3927881	4863	CDS		ATG	FF951_19195|CP040688_3927881_3932743_+2_ATG_1620
CP040688	3941652	GGC	FF951_19210	3935650	6003	CDS	true	GTG	FF951_19210_p|CP040688_3935650_3941652_+1_GTG_2001
CP040688	3942155	TAG	FF951_19215	3941661	495	CDS	true	GGC	FF951_19215_p|CP040688_3941661_3942155_+3_GGC_164
CP040688	3947385	TGA	FF951_19225	3942986	4400	CDS	true	ATG	FF951_19225_p|CP040688_3942986_3947385_+2_ATG_1466
CP040688	3950457	TAG	FF951_19240	3949666	792	CDS		GTG	FF951_19240|CP040688_3949666_3950457_+1_GTG_263
CP040688	3951392	TGA	FF951_19245	3950553	840	CDS		GTG	FF951_19245|CP040688_3950553_3951392_+3_GTG_279
CP040688	3953382	TGA	FF951_19255	3952672	711	CDS		ATG	FF951_19255|CP040688_3952672_3953382_+1_ATG_236
CP040688	3955554	TAA	FF951_19265	3954643	912	CDS		GTG	FF951_19265|CP040688_3954643_3955554_+1_GTG_303
CP040688	3956634	TAG	FF951_19270	3955570	1065	CDS		ATG	FF951_19270|CP040688_3955570_3956634_+1_ATG_354
CP040688	3957835	TAA	FF951_19275	3956651	1185	CDS		ATG	FF951_19275|CP040688_3956651_3957835_+2_ATG_394
CP040688	3958908	TAA	FF951_19280	3957877	1032	CDS		ATG	FF951_19280|CP040688_3957877_3958908_+1_ATG_343
CP040688	3960721	TGA	FF951_19290	3959561	1161	CDS		GTG	FF951_19290|CP040688_3959561_3960721_+2_GTG_386
CP040688	3961176	TAA	FF951_19295	3960727	450	CDS		ATG	FF951_19295|CP040688_3960727_3961176_+1_ATG_149
CP040688	3962742	TGA	FF951_19305	3962545	198	CDS		ATG	FF951_19305|CP040688_3962545_3962742_+1_ATG_65
CP040688	3962944	TGA	FF951_19310	3962747	198	CDS		TTG	FF951_19310|CP040688_3962747_3962944_+2_TTG_65
CP040688	3967685	TGA	FF951_19330	3966465	1221	CDS		ATG	FF951_19330|CP040688_3966465_3967685_+3_ATG_406
CP040688	3974182	TGA	FF951_19355	3972491	1692	CDS		ATG	FF951_19355|CP040688_3972491_3974182_+2_ATG_563
CP040688	3975044	TAG	FF951_19360	3974184	861	CDS		ATG	FF951_19360|CP040688_3974184_3975044_+3_ATG_286
CP040688	3976620	TAG	FF951_19365	3975181	1440	CDS		ATG	FF951_19365|CP040688_3975181_3976620_+1_ATG_479
CP040688	3983854	TAA	FF951_19400	3982679	1176	CDS		ATG	FF951_19400|CP040688_3982679_3983854_+2_ATG_391
CP040688	3984421	TGA	FF951_19405	3983966	456	CDS		ATG	FF951_19405|CP040688_3983966_3984421_+2_ATG_151
CP040688	3987017	TAG	FF951_19425	3986274	744	CDS		ATG	FF951_19425|CP040688_3986274_3987017_+3_ATG_247
CP040688	3987895	TGA	FF951_19430	3987017	879	CDS		GTG	FF951_19430|CP040688_3987017_3987895_+2_GTG_292
CP040688	3988644	TGA	FF951_19435	3987892	753	CDS		GTG	FF951_19435|CP040688_3987892_3988644_+1_GTG_250
CP040688	3989809	TGA	FF951_19440	3988742	1068	CDS		ATG	FF951_19440|CP040688_3988742_3989809_+2_ATG_355
CP040688	3991863	TAG	FF951_19445	3989806	2058	CDS		GTG	FF951_19445|CP040688_3989806_3991863_+1_GTG_685
CP040688	3996759	TAG	FF951_19465	3995101	1659	CDS		ATG	FF951_19465|CP040688_3995101_3996759_+1_ATG_552
CP040688	4000281	TAG	FF951_19480	3998758	1524	CDS		TTG	FF951_19480|CP040688_3998758_4000281_+1_TTG_507
CP040688	4001415	TGA	FF951_19485	4000282	1134	CDS		ATG	FF951_19485|CP040688_4000282_4001415_+1_ATG_377
CP040688	4002371	TGA	FF951_19490	4001412	960	CDS		GTG	FF951_19490|CP040688_4001412_4002371_+3_GTG_319
CP040688	4003324	TGA	FF951_19495	4002368	957	CDS		ATG	FF951_19495|CP040688_4002368_4003324_+2_ATG_318
CP040688	4004487	TAG	FF951_19500	4003321	1167	CDS		GTG	FF951_19500|CP040688_4003321_4004487_+1_GTG_388
CP040688	4005774	GAC	FF951_19515	4005670	105	CDS	true	ATG	FF951_19515_p|CP040688_4005670_4005774_+1_ATG_35
CP040688	4010614	TAG	FF951_19540	4009538	1077	CDS		TTG	FF951_19540|CP040688_4009538_4010614_+2_TTG_358
CP040688	4011162	TAG	FF951_19545	4010632	531	CDS		ATG	FF951_19545|CP040688_4010632_4011162_+1_ATG_176
CP040688	4014204	TAG	FF951_19555	4013605	600	CDS		GTG	FF951_19555|CP040688_4013605_4014204_+1_GTG_199
CP040688	4016192	TAG	FF951_19565	4015479	714	CDS		GTG	FF951_19565|CP040688_4015479_4016192_+3_GTG_237
CP040688	4017249	TGA	FF951_19570	4016383	867	CDS		GTG	FF951_19570|CP040688_4016383_4017249_+1_GTG_288
CP040688	4018504	TAG	FF951_19575	4017263	1242	CDS		TTG	FF951_19575|CP040688_4017263_4018504_+2_TTG_413
CP040688	4023499	TAG	FF951_19605	4022951	549	CDS		GTG	FF951_19605|CP040688_4022951_4023499_+2_GTG_182
CP040688	4025007	TAG	FF951_19610	4023565	1443	CDS		GTG	FF951_19610|CP040688_4023565_4025007_+1_GTG_480
CP040688	4026088	TAA	FF951_19615	4025012	1077	CDS		ATG	FF951_19615|CP040688_4025012_4026088_+2_ATG_358
CP040688	4028528	TAG	FF951_19630	4027614	915	CDS		ATG	FF951_19630|CP040688_4027614_4028528_+3_ATG_304
CP040688	4031495	TAA	FF951_19645	4031178	318	CDS		ATG	FF951_19645|CP040688_4031178_4031495_+3_ATG_105
CP040688	4032831	TAG	FF951_19650	4031473	1359	CDS		GTG	FF951_19650|CP040688_4031473_4032831_+1_GTG_452
CP040688	4033805	TAG	FF951_19655	4032978	828	CDS		GTG	FF951_19655|CP040688_4032978_4033805_+3_GTG_275
CP040688	4050946	TGA	FF951_19740	4050416	531	CDS		ATC	FF951_19740|CP040688_4050416_4050946_+2_ATC_176
CP040688	4054007	CTT	FF951_19770	4053798	210	CDS	true	CTG	FF951_19770_p|CP040688_4053798_4054007_+3_CTG_70
CP040688	4056044	TGA	FF951_19775	4055076	969	CDS		ATG	FF951_19775|CP040688_4055076_4056044_+3_ATG_322
CP040688	4057228	TGA	FF951_19780	4056041	1188	CDS		ATG	FF951_19780|CP040688_4056041_4057228_+2_ATG_395
CP040688	4060592	TAG	FF951_19805	4059870	723	CDS		ATG	FF951_19805|CP040688_4059870_4060592_+3_ATG_240
CP040688	4065254	TGA	FF951_19830	4064766	489	CDS		GTG	FF951_19830|CP040688_4064766_4065254_+3_GTG_162
CP040688	4067813	TAA	FF951_19840	4066518	1296	CDS		TTG	FF951_19840|CP040688_4066518_4067813_+3_TTG_431
CP040688	4068582	TGA	FF951_19845	4067857	726	CDS		ATG	FF951_19845|CP040688_4067857_4068582_+1_ATG_241
CP040688	4068923	TAA	FF951_19850	4068579	345	CDS		ATG	FF951_19850|CP040688_4068579_4068923_+3_ATG_114
CP040688	4070009	TGA	FF951_19855	4069134	876	CDS		ATG	FF951_19855|CP040688_4069134_4070009_+3_ATG_291
CP040688	4072752	TGA	FF951_19865	4070977	1776	CDS		ATG	FF951_19865|CP040688_4070977_4072752_+1_ATG_591
CP040688	4074327	TGA	FF951_19870	4073095	1233	CDS	true	GTG	FF951_19870_p|CP040688_4073095_4074327_+1_GTG_410
CP040688	4075073	TGA	FF951_19875	4074327	747	CDS		ATG	FF951_19875|CP040688_4074327_4075073_+3_ATG_248
CP040688	4078694	TGA	FF951_19900	4078503	192	CDS		GTG	FF951_19900|CP040688_4078503_4078694_+3_GTG_63
CP040688	4081799	TAG	FF951_19915	4080150	1650	CDS		ATG	FF951_19915|CP040688_4080150_4081799_+3_ATG_549
CP040688	4088439	TGA	FF951_19935	4086124	2316	CDS		ATG	FF951_19935|CP040688_4086124_4088439_+1_ATG_771
CP040688	4088860	TAG	FF951_19940	4088576	285	CDS		GTG	FF951_19940|CP040688_4088576_4088860_+2_GTG_94
CP040688	4090221	TGA	FF951_19945	4089184	1038	CDS		ATG	FF951_19945|CP040688_4089184_4090221_+1_ATG_345
CP040688	4091289	TGA	FF951_19955	4090975	315	CDS		ATG	FF951_19955|CP040688_4090975_4091289_+1_ATG_104
CP040688	4091888	TAG	FF951_19960	4091283	606	CDS		TTG	FF951_19960|CP040688_4091283_4091888_+3_TTG_201
CP040688	4096924	TGA	FF951_20000	4096730	195	CDS		TTG	FF951_20000|CP040688_4096730_4096924_+2_TTG_64
CP040688	4097870	TAG	FF951_20005	4097007	864	CDS		GTG	FF951_20005|CP040688_4097007_4097870_+3_GTG_287
CP040688	4104886	TAA	FF951_20040	4104530	357	CDS		GTG	FF951_20040|CP040688_4104530_4104886_+2_GTG_118
CP040688	4107107	TAG	FF951_20045	4105152	1956	CDS		GTG	FF951_20045|CP040688_4105152_4107107_+3_GTG_651
CP040688	4108705	TAG	FF951_20055	4108187	519	CDS		GTG	FF951_20055|CP040688_4108187_4108705_+2_GTG_172
CP040688	4109689	TGA	FF951_20060	4108706	984	CDS		ATG	FF951_20060|CP040688_4108706_4109689_+2_ATG_327
CP040688	4113739	TAG	FF951_20085	4113362	378	CDS		ATG	FF951_20085|CP040688_4113362_4113739_+2_ATG_125
CP040688	4114512	TAA	FF951_20090	4113838	675	CDS		GTG	FF951_20090|CP040688_4113838_4114512_+1_GTG_224
CP040688	4117158	TGA	FF951_20110	4116136	1023	CDS		ATG	FF951_20110|CP040688_4116136_4117158_+1_ATG_340
CP040688	4118315	TGA	FF951_20115	4117155	1161	CDS		ATG	FF951_20115|CP040688_4117155_4118315_+3_ATG_386
CP040688	4122164	TAG	FF951_20135	4119732	2433	CDS		ATG	FF951_20135|CP040688_4119732_4122164_+3_ATG_810
CP040688	4123190	TGA	FF951_20140	4122231	960	CDS		ATG	FF951_20140|CP040688_4122231_4123190_+3_ATG_319
CP040688	4124293	TGA	FF951_20145	4123253	1041	CDS		TTG	FF951_20145|CP040688_4123253_4124293_+2_TTG_346
CP040688	4125090	GTT	FF951_20155	4124866	225	CDS	true	ATT	FF951_20155_p|CP040688_4124866_4125090_+1_ATT_75
CP040688	4129526	TAA	FF951_20180	4128171	1356	CDS		TTG	FF951_20180|CP040688_4128171_4129526_+3_TTG_451
CP040688	4130206	TGA	FF951_20185	4129553	654	CDS		GTG	FF951_20185|CP040688_4129553_4130206_+2_GTG_217
CP040688	4131333	TGA	FF951_20190	4130332	1002	CDS		ATG	FF951_20190|CP040688_4130332_4131333_+1_ATG_333
CP040688	4132406	TAG	FF951_20195	4131330	1077	CDS		GTG	FF951_20195|CP040688_4131330_4132406_+3_GTG_358
CP040688	4132543	TGA	FF951_20200	4132424	120	CDS	true	GCC	FF951_20200_p|CP040688_4132424_4132543_+2_GCC_39
CP040688	4133862	TAA	FF951_20205	4132540	1323	CDS		ATG	FF951_20205|CP040688_4132540_4133862_+1_ATG_440
CP040688	4135952	TAG	FF951_20215	4135020	933	CDS		ATG	FF951_20215|CP040688_4135020_4135952_+3_ATG_310
CP040688	4139837	TAG	FF951_20235	4138308	1530	CDS		ATG	FF951_20235|CP040688_4138308_4139837_+3_ATG_509
CP040688	4140560	TGA	FF951_20240	4139859	702	CDS		ATG	FF951_20240|CP040688_4139859_4140560_+3_ATG_233
CP040688	4153489	TAG	FF951_20300	4151555	1935	CDS		GTG	FF951_20300|CP040688_4151555_4153489_+2_GTG_644
CP040688	4156037	TGA	FF951_20315	4154796	1242	CDS		GTG	FF951_20315|CP040688_4154796_4156037_+3_GTG_413
CP040688	4156737	TAG	FF951_20320	4156042	696	CDS		GTG	FF951_20320|CP040688_4156042_4156737_+1_GTG_231
CP040688	4159588	TAG	FF951_20340	4158863	726	CDS		ATG	FF951_20340|CP040688_4158863_4159588_+2_ATG_241
CP040688	4161533	TGA	FF951_20350	4160121	1413	CDS		ATG	FF951_20350|CP040688_4160121_4161533_+3_ATG_470
CP040688	4162813	TAG	FF951_20355	4161551	1263	CDS		ATG	FF951_20355|CP040688_4161551_4162813_+2_ATG_420
CP040688	4167115	TAG	FF951_20380	4166351	765	CDS		ATG	FF951_20380|CP040688_4166351_4167115_+2_ATG_254
CP040688	4167984	TAG	FF951_20385	4167282	703	CDS	true	ATG	FF951_20385_p|CP040688_4167282_4167984_+3_ATG_234
CP040688	4169030	TAA	FF951_20390	4168029	1002	CDS		ATG	FF951_20390|CP040688_4168029_4169030_+3_ATG_333
CP040688	4170430	TGA	FF951_20395	4169237	1194	CDS		ATG	FF951_20395|CP040688_4169237_4170430_+2_ATG_397
CP040688	4172579	TAG	FF951_20400	4170771	1809	CDS		ATG	FF951_20400|CP040688_4170771_4172579_+3_ATG_602
CP040688	4175886	TGA	FF951_20405	4172689	3198	CDS		GTG	FF951_20405|CP040688_4172689_4175886_+1_GTG_1065
CP040688	4178431	TGA	FF951_20410	4176101	2331	CDS		ATG	FF951_20410|CP040688_4176101_4178431_+2_ATG_776
CP040688	4180650	TAA	FF951_20420	4179574	1077	CDS		ATG	FF951_20420|CP040688_4179574_4180650_+1_ATG_358
CP040688	4181808	TAG	FF951_20425	4180750	1059	CDS		ATG	FF951_20425|CP040688_4180750_4181808_+1_ATG_352
CP040688	4184393	TGA	FF951_20440	4183905	489	CDS		ATG	FF951_20440|CP040688_4183905_4184393_+3_ATG_162
CP040688	4185511	TGA	FF951_20445	4184450	1062	CDS		ATG	FF951_20445|CP040688_4184450_4185511_+2_ATG_353
CP040688	4187104	TAG	FF951_20450	4185515	1590	CDS		ATG	FF951_20450|CP040688_4185515_4187104_+2_ATG_529
CP040688	4193618	TAA	FF951_20480	4193256	363	CDS		ATG	FF951_20480|CP040688_4193256_4193618_+3_ATG_120
CP040688	4194923	TGA	FF951_20495	4194540	384	CDS		GTG	FF951_20495|CP040688_4194540_4194923_+3_GTG_127
CP040688	4195412	TGA	FF951_20500	4195053	360	CDS		GTG	FF951_20500|CP040688_4195053_4195412_+3_GTG_119
CP040688	4196905	TGA	FF951_20520	4196678	228	CDS		ATC	FF951_20520|CP040688_4196678_4196905_+2_ATC_75
CP040688	4199142	TGA	FF951_20540	4198171	972	CDS		GTG	FF951_20540|CP040688_4198171_4199142_+1_GTG_323
CP040688	4203656	TAA	FF951_20570	4203354	303	CDS		GTG	FF951_20570|CP040688_4203354_4203656_+3_GTG_100
CP040688	4207342	TAA	FF951_20585	4206863	480	CDS		GTG	FF951_20585|CP040688_4206863_4207342_+2_GTG_159
CP040688	4210795	TAG	FF951_20600	4210109	687	CDS		ATG	FF951_20600|CP040688_4210109_4210795_+2_ATG_228
CP040688	4212242	TGA	FF951_20610	4211883	360	CDS		ATG	FF951_20610|CP040688_4211883_4212242_+3_ATG_119
CP040688	4212700	TGA	FF951_20615	4212428	273	CDS		GTG	FF951_20615|CP040688_4212428_4212700_+2_GTG_90
CP040688	4216008	TGA	FF951_20645	4214947	1062	CDS		GTG	FF951_20645|CP040688_4214947_4216008_+1_GTG_353
CP040688	4217486	TAG	FF951_20655	4216662	825	CDS		ATG	FF951_20655|CP040688_4216662_4217486_+3_ATG_274
CP040688	4218745	TGA	FF951_20660	4217498	1248	CDS		ATG	FF951_20660|CP040688_4217498_4218745_+2_ATG_415
CP040688	4220374	CCC	FF951_20665	4218833	1542	CDS	true	ATG	FF951_20665_p|CP040688_4218833_4220374_+2_ATG_514
CP040688	4221493	TAG	FF951_20675	4220507	987	CDS		GTG	FF951_20675|CP040688_4220507_4221493_+2_GTG_328
CP040688	4224798	TAG	FF951_20685	4222798	2001	CDS		GTG	FF951_20685|CP040688_4222798_4224798_+1_GTG_666
CP040688	4225338	TAA	FF951_20690	4224802	537	CDS		GTG	FF951_20690|CP040688_4224802_4225338_+1_GTG_178
CP040688	4226163	TGA	FF951_20695	4225342	822	CDS		GTG	FF951_20695|CP040688_4225342_4226163_+1_GTG_273
CP040688	4227074	TGA	FF951_20700	4226160	915	CDS		ATG	FF951_20700|CP040688_4226160_4227074_+3_ATG_304
CP040688	4227913	TAG	FF951_20705	4227071	843	CDS		ATG	FF951_20705|CP040688_4227071_4227913_+2_ATG_280
CP040688	4229049	TAA	FF951_20710	4228069	981	CDS		ATG	FF951_20710|CP040688_4228069_4229049_+1_ATG_326
CP040688	4230117	TGA	FF951_20715	4229133	985	CDS	true	ATG	FF951_20715_p|CP040688_4229133_4230117_+3_ATG_328
CP040688	4232989	TAA	FF951_20730	4232504	486	CDS		GTG	FF951_20730|CP040688_4232504_4232989_+2_GTG_161
CP040688	4233463	TGA	FF951_20735	4233098	366	CDS		ATG	FF951_20735|CP040688_4233098_4233463_+2_ATG_121
CP040688	4234888	TAG	FF951_20740	4233503	1386	CDS		ATG	FF951_20740|CP040688_4233503_4234888_+2_ATG_461
CP040688	4235653	TGA	FF951_20745	4234889	765	CDS		ATG	FF951_20745|CP040688_4234889_4235653_+2_ATG_254
CP040688	4237587	TGA	FF951_20750	4235656	1932	CDS		ATG	FF951_20750|CP040688_4235656_4237587_+1_ATG_643
CP040688	4240871	TAG	FF951_20755	4237587	3285	CDS		ATG	FF951_20755|CP040688_4237587_4240871_+3_ATG_1094
CP040688	4244241	TGA	FF951_20760	4240957	3285	CDS		GTG	FF951_20760|CP040688_4240957_4244241_+1_GTG_1094
CP040688	4247534	TAG	FF951_20765	4244238	3297	CDS		ATG	FF951_20765|CP040688_4244238_4247534_+3_ATG_1098
CP040688	4248729	TGA	FF951_20770	4247602	1128	CDS		ATG	FF951_20770|CP040688_4247602_4248729_+1_ATG_375
CP040688	4250590	TAA	FF951_20775	4248809	1782	CDS		ATG	FF951_20775|CP040688_4248809_4250590_+2_ATG_593
CP040688	4252051	TAG	FF951_20780	4250717	1335	CDS		GTG	FF951_20780|CP040688_4250717_4252051_+2_GTG_444
CP040688	4272318	TAA	FF951_20840	4271464	855	CDS		GTG	FF951_20840|CP040688_4271464_4272318_+1_GTG_284
CP040688	4274142	TGA	FF951_20845	4272523	1620	CDS		ATG	FF951_20845|CP040688_4272523_4274142_+1_ATG_539
CP040688	4275810	TAG	FF951_20850	4274296	1515	CDS		GTG	FF951_20850|CP040688_4274296_4275810_+1_GTG_504
CP040688	4280127	TAA	FF951_20885	4279372	756	CDS		GTG	FF951_20885|CP040688_4279372_4280127_+1_GTG_251
CP040688	4281724	TGA	FF951_20890	4280174	1551	CDS		GTG	FF951_20890|CP040688_4280174_4281724_+2_GTG_516
CP040688	4282056	TGA	FF951_20895	4281721	336	CDS		ATG	FF951_20895|CP040688_4281721_4282056_+1_ATG_111
CP040688	4284411	TAG	FF951_20905	4283698	714	CDS		ATG	FF951_20905|CP040688_4283698_4284411_+1_ATG_237
CP040688	4285660	TAG	FF951_20910	4284446	1215	CDS		ATG	FF951_20910|CP040688_4284446_4285660_+2_ATG_404
CP040688	4299291	TAG	FF951_20935	4297537	1755	CDS		ATG	FF951_20935|CP040688_4297537_4299291_+1_ATG_584
CP040688	4303965	TAG	FF951_20955	4303483	483	CDS		ATG	FF951_20955|CP040688_4303483_4303965_+1_ATG_160
CP040688	4305384	TAA	FF951_20965	4304593	792	CDS		ATG	FF951_20965|CP040688_4304593_4305384_+1_ATG_263
CP040688	4308122	TAG	FF951_20975	4306773	1350	CDS		ATG	FF951_20975|CP040688_4306773_4308122_+3_ATG_449
CP040688	4308540	TGA	FF951_20980	4308127	414	CDS		GTG	FF951_20980|CP040688_4308127_4308540_+1_GTG_137
CP040688	4308758	TGA	FF951_20985	4308537	222	CDS		ATG	FF951_20985|CP040688_4308537_4308758_+3_ATG_73
CP040688	4311267	TAG	FF951_21000	4310491	777	CDS		ATG	FF951_21000|CP040688_4310491_4311267_+1_ATG_258
CP040688	4311706	TAA	FF951_21005	4311293	414	CDS		TTG	FF951_21005|CP040688_4311293_4311706_+2_TTG_137
CP040688	4312449	TAG	FF951_21010	4311904	546	CDS		ATG	FF951_21010|CP040688_4311904_4312449_+1_ATG_181
CP040688	4316992	TAG	FF951_21040	4316546	447	CDS		ATC	FF951_21040|CP040688_4316546_4316992_+2_ATC_148
CP040688	4317366	TGA	FF951_21045	4317007	360	CDS		GTG	FF951_21045|CP040688_4317007_4317366_+1_GTG_119
CP040688	4317766	TGA	FF951_21050	4317551	216	CDS		ATG	FF951_21050|CP040688_4317551_4317766_+2_ATG_71
CP040688	4319053	TGA	FF951_21060	4318430	624	CDS		GTG	FF951_21060|CP040688_4318430_4319053_+2_GTG_207
CP040688	4319890	TAG	FF951_21065	4319333	558	CDS		GTG	FF951_21065|CP040688_4319333_4319890_+2_GTG_185
CP040688	4320959	TGA	FF951_21075	4320051	909	CDS		ATG	FF951_21075|CP040688_4320051_4320959_+3_ATG_302
CP040688	4321622	TAG	FF951_21080	4321224	399	CDS		ATG	FF951_21080|CP040688_4321224_4321622_+3_ATG_132
CP040688	4322396	TAA	FF951_21085	4321740	657	CDS		ATG	FF951_21085|CP040688_4321740_4322396_+3_ATG_218
CP040688	4322692	TAA	FF951_21090	4322408	285	CDS		ATG	FF951_21090|CP040688_4322408_4322692_+2_ATG_94
CP040688	4323203	TGA	FF951_21095	4322799	405	CDS		ATG	FF951_21095|CP040688_4322799_4323203_+3_ATG_134
CP040688	4323693	TGA	FF951_21100	4323220	474	CDS		GTG	FF951_21100|CP040688_4323220_4323693_+1_GTG_157
CP040688	4325924	TAA	FF951_21110	4325274	651	CDS		GTG	FF951_21110|CP040688_4325274_4325924_+3_GTG_216
CP040688	4335674	TGA	FF951_21140	4334502	1173	CDS		ATG	FF951_21140|CP040688_4334502_4335674_+3_ATG_390
CP040688	4335997	TGA	FF951_21145	4335671	327	CDS		GTG	FF951_21145|CP040688_4335671_4335997_+2_GTG_108
CP040688	4337751	TGA	FF951_21155	4336573	1179	CDS		ATG	FF951_21155|CP040688_4336573_4337751_+1_ATG_392
CP040688	4339202	TGA	FF951_21160	4337994	1209	CDS		ATG	FF951_21160|CP040688_4337994_4339202_+3_ATG_402
CP040688	4339601	TGA	FF951_21165	4339290	312	CDS		ATG	FF951_21165|CP040688_4339290_4339601_+3_ATG_103
CP040688	4340455	TGA	FF951_21170	4339604	852	CDS		ATG	FF951_21170|CP040688_4339604_4340455_+2_ATG_283
CP040688	4341045	TGA	FF951_21175	4340494	552	CDS		ATG	FF951_21175|CP040688_4340494_4341045_+1_ATG_183
CP040688	4342759	TGA	FF951_21180	4341038	1722	CDS		ATG	FF951_21180|CP040688_4341038_4342759_+2_ATG_573
CP040688	4344205	TGA	FF951_21185	4342763	1443	CDS		ATG	FF951_21185|CP040688_4342763_4344205_+2_ATG_480
CP040688	4346448	TGA	FF951_21190	4344205	2244	CDS		ATG	FF951_21190|CP040688_4344205_4346448_+1_ATG_747
CP040688	4346588	TGA	FF951_21195	4346445	144	CDS		GTG	FF951_21195|CP040688_4346445_4346588_+3_GTG_47
CP040688	4348379	TAA	FF951_21200	4346604	1776	CDS		ATG	FF951_21200|CP040688_4346604_4348379_+3_ATG_591
CP040688	4348818	TAA	FF951_21205	4348522	297	CDS		ATG	FF951_21205|CP040688_4348522_4348818_+1_ATG_98
CP040688	4349958	TGA	FF951_21210	4348852	1107	CDS		ATG	FF951_21210|CP040688_4348852_4349958_+1_ATG_368
CP040688	4350353	TGA	FF951_21215	4350051	303	CDS		ATG	FF951_21215|CP040688_4350051_4350353_+3_ATG_100
CP040688	4350673	TAG	FF951_21220	4350386	288	CDS		ATG	FF951_21220|CP040688_4350386_4350673_+2_ATG_95
CP040688	4352787	TGA	FF951_21225	4350787	2001	CDS		ATG	FF951_21225|CP040688_4350787_4352787_+1_ATG_666
CP040688	4354319	TGA	FF951_21230	4352784	1536	CDS		TTG	FF951_21230|CP040688_4352784_4354319_+3_TTG_511
CP040688	4355312	TAG	FF951_21235	4354470	843	CDS		ATG	FF951_21235|CP040688_4354470_4355312_+3_ATG_280
CP040688	4391062	TGA	FF951_21380	4390850	213	CDS		ATG	FF951_21380|CP040688_4390850_4391062_+2_ATG_70
CP040688	4391957	TGA	FF951_21385	4391211	747	CDS		GTG	FF951_21385|CP040688_4391211_4391957_+3_GTG_248
CP040688	4394362	TGA	FF951_21390	4391954	2409	CDS		GTG	FF951_21390|CP040688_4391954_4394362_+2_GTG_802
CP040688	4397913	TGA	FF951_21395	4394359	3555	CDS		ATG	FF951_21395|CP040688_4394359_4397913_+1_ATG_1184
CP040688	4398538	TGA	FF951_21400	4397948	591	CDS		ATG	FF951_21400|CP040688_4397948_4398538_+2_ATG_196
CP040688	4399395	TGA	FF951_21405	4398631	765	CDS		ATG	FF951_21405|CP040688_4398631_4399395_+1_ATG_254
CP040688	4400496	TGA	FF951_21410	4399489	1008	CDS		ATG	FF951_21410|CP040688_4399489_4400496_+1_ATG_335
CP040688	4400843	TAG	FF951_21415	4400493	351	CDS		ATG	FF951_21415|CP040688_4400493_4400843_+3_ATG_116
CP040688	4402173	TAA	FF951_21420	4400953	1221	CDS		ATG	FF951_21420|CP040688_4400953_4402173_+1_ATG_406
CP040688	4408927	TAA	FF951_21475	4408706	222	CDS		ATG	FF951_21475|CP040688_4408706_4408927_+2_ATG_73
CP040688	-13113	TAG	FF951_00060	-13250	138	CDS		GTG	FF951_00060|CP040688_13250_13113_-1_GTG_45
CP040688	-13432	TGA	FF951_00065	-13869	438	CDS		ATG	FF951_00065|CP040688_13869_13432_-3_ATG_145
CP040688	-14691	TGA	FF951_00075	-15116	426	CDS		ATG	FF951_00075|CP040688_15116_14691_-1_ATG_141
CP040688	-15272	TGA	FF951_00080	-15553	282	CDS		ATG	FF951_00080|CP040688_15553_15272_-2_ATG_93
CP040688	-17148	TAG	FF951_00095	-19028	1881	CDS		ATG	FF951_00095|CP040688_19028_17148_-1_ATG_626
CP040688	-19025	TGA	FF951_00100	-20320	1296	CDS		ATG	FF951_00100|CP040688_20320_19025_-2_ATG_431
CP040688	-20317	TGA	FF951_00105	-21792	1476	CDS		ATG	FF951_00105|CP040688_21792_20317_-3_ATG_491
CP040688	-21789	TGA	FF951_00110	-23198	1410	CDS		ATG	FF951_00110|CP040688_23198_21789_-1_ATG_469
CP040688	-23195	TGA	FF951_00115	-24739	1545	CDS		GTG	FF951_00115|CP040688_24739_23195_-2_GTG_514
CP040688	-24828	TGA	FF951_00120	-25295	468	CDS		ATG	FF951_00120|CP040688_25295_24828_-1_ATG_155
CP040688	-25419	TGA	FF951_00125	-26984	1566	CDS		ATG	FF951_00125|CP040688_26984_25419_-1_ATG_521
CP040688	-27453	TAA	FF951_00135	-28421	969	CDS		GTG	FF951_00135|CP040688_28421_27453_-1_GTG_322
CP040688	-28563	TGA	FF951_00140	-28982	420	CDS		ATG	FF951_00140|CP040688_28982_28563_-1_ATG_139
CP040688	-35439	TAG	FF951_00190	-35696	258	CDS		TTG	FF951_00190|CP040688_35696_35439_-1_TTG_85
CP040688	-40763	TGA	FF951_00215	-41536	774	CDS		ATG	FF951_00215|CP040688_41536_40763_-2_ATG_257
CP040688	-41584	TAG	FF951_00220	-42909	1326	CDS		GTG	FF951_00220|CP040688_42909_41584_-3_GTG_441
CP040688	-43711	TGA	FF951_00230	-44058	348	CDS		ATG	FF951_00230|CP040688_44058_43711_-3_ATG_115
CP040688	-44140	TAG	FF951_00235	-45072	933	CDS		ATG	FF951_00235|CP040688_45072_44140_-3_ATG_310
CP040688	-48288	TGA	FF951_00245	-48914	627	CDS		ATG	FF951_00245|CP040688_48914_48288_-1_ATG_208
CP040688	-49073	TAA	FF951_00250	-49807	735	CDS		ATG	FF951_00250|CP040688_49807_49073_-2_ATG_244
CP040688	-49940	TGA	FF951_00255	-50734	795	CDS		ATG	FF951_00255|CP040688_50734_49940_-2_ATG_264
CP040688	-50750	TGA	FF951_00260	-51644	895	CDS	true	GTG	FF951_00260_p|CP040688_51644_50750_-1_GTG_298
CP040688	-51726	TAG	FF951_00265	-52829	1104	CDS		ATG	FF951_00265|CP040688_52829_51726_-1_ATG_367
CP040688	-52890	TAA	FF951_00270	-53432	543	CDS		ATG	FF951_00270|CP040688_53432_52890_-1_ATG_180
CP040688	-53533	TGA	FF951_00275	-54402	870	CDS		GTG	FF951_00275|CP040688_54402_53533_-3_GTG_289
CP040688	-66726	TGA	FF951_00340	-67064	339	CDS	true	ATG	FF951_00340_p|CP040688_67064_66726_-1_ATG_112
CP040688	-67114	TGA	FF951_00345	-67326	213	CDS		GTG	FF951_00345|CP040688_67326_67114_-3_GTG_70
CP040688	-74026	TGA	FF951_00380	-76263	2238	CDS		ATG	FF951_00380|CP040688_76263_74026_-3_ATG_745
CP040688	-76381	TGA	FF951_00385	-76950	570	CDS		TTG	FF951_00385|CP040688_76950_76381_-3_TTG_189
CP040688	-77989	TGA	FF951_00395	-79374	1386	CDS		ATG	FF951_00395|CP040688_79374_77989_-3_ATG_461
CP040688	-79371	TGA	FF951_00400	-80648	1278	CDS		ATG	FF951_00400|CP040688_80648_79371_-1_ATG_425
CP040688	-83487	TGA	FF951_00415	-83876	390	CDS		ATG	FF951_00415|CP040688_83876_83487_-1_ATG_129
CP040688	-83940	TAG	FF951_00420	-84770	831	CDS		ATG	FF951_00420|CP040688_84770_83940_-1_ATG_276
CP040688	-85512	TGA	FF951_00430	-86105	594	CDS		ATG	FF951_00430|CP040688_86105_85512_-1_ATG_197
CP040688	-86102	TGA	FF951_00435	-86308	207	CDS		GTG	FF951_00435|CP040688_86308_86102_-2_GTG_68
CP040688	-98500	TAG	FF951_00500	-99348	849	CDS		GTG	FF951_00500|CP040688_99348_98500_-3_GTG_282
CP040688	-99395	TGA	FF951_00505	-100348	954	CDS		GTG	FF951_00505|CP040688_100348_99395_-2_GTG_317
CP040688	-100119	TGA	FF951_00510	-100901	783	CDS		GTG	FF951_00510|CP040688_100901_100119_-1_GTG_260
CP040688	-115601	TAG	FF951_00550	-117859	2259	CDS		GTG	FF951_00550|CP040688_117859_115601_-2_GTG_752
CP040688	-119539	CGA	FF951_00560	-119656	118	CDS	true	ATG	FF951_00560_p|CP040688_119656_119539_-2_ATG_39
CP040688	-119666	TGA	FF951_00565	-119950	285	CDS		ATG	FF951_00565|CP040688_119950_119666_-2_ATG_94
CP040688	-121351	TAG	FF951_00575	-126228	4878	CDS		GTG	FF951_00575|CP040688_126228_121351_-3_GTG_1625
CP040688	-126582	TGA	FF951_00580	-126791	210	CDS		TTG	FF951_00580|CP040688_126791_126582_-1_TTG_69
CP040688	-135955	TAG	FF951_00625	-136710	756	CDS		ATG	FF951_00625|CP040688_136710_135955_-3_ATG_251
CP040688	-137816	TGA	FF951_00635	-139564	1749	CDS		ATG	FF951_00635|CP040688_139564_137816_-2_ATG_582
CP040688	-141315	TAG	FF951_00645	-143459	2145	CDS		ATG	FF951_00645|CP040688_143459_141315_-1_ATG_714
CP040688	-143596	TGA	FF951_00650	-144030	435	CDS		GTG	FF951_00650|CP040688_144030_143596_-3_GTG_144
CP040688	-152428	TGA	FF951_00695	-153450	1023	CDS		ATG	FF951_00695|CP040688_153450_152428_-3_ATG_340
CP040688	-154165	TGA	FF951_00705	-155508	1344	CDS		ATG	FF951_00705|CP040688_155508_154165_-3_ATG_447
CP040688	-155550	TGA	FF951_00710	-156632	1083	CDS		ATG	FF951_00710|CP040688_156632_155550_-1_ATG_360
CP040688	-158493	TAG	FF951_00725	-159098	606	CDS		GTG	FF951_00725|CP040688_159098_158493_-1_GTG_201
CP040688	-160561	TGA	FF951_00735	-161109	549	CDS		ATG	FF951_00735|CP040688_161109_160561_-3_ATG_182
CP040688	-163120	TGA	FF951_00755	-163530	411	CDS		ATG	FF951_00755|CP040688_163530_163120_-3_ATG_136
CP040688	-164553	TAG	FF951_00765	-166031	1479	CDS		ATG	FF951_00765|CP040688_166031_164553_-1_ATG_492
CP040688	-172514	TAG	FF951_00800	-172801	288	CDS		ATG	FF951_00800|CP040688_172801_172514_-2_ATG_95
CP040688	-173392	TGA	FF951_00810	-175158	1767	CDS		ATG	FF951_00810|CP040688_175158_173392_-3_ATG_588
CP040688	-175168	TGA	FF951_00815	-176745	1578	CDS		ATG	FF951_00815|CP040688_176745_175168_-3_ATG_525
CP040688	-176654	TAG	FF951_00820	-176878	225	CDS		ATG	FF951_00820|CP040688_176878_176654_-2_ATG_74
CP040688	-177004	TGA	FF951_00825	-177834	831	CDS		ATG	FF951_00825|CP040688_177834_177004_-3_ATG_276
CP040688	-177836	TGA	FF951_00830	-179047	1212	CDS		ATG	FF951_00830|CP040688_179047_177836_-2_ATG_403
CP040688	-182344	TGA	FF951_00855	-182469	126	CDS		ATG	FF951_00855|CP040688_182469_182344_-3_ATG_41
CP040688	-183282	TGA	FF951_00865	-184688	1407	CDS		ATG	FF951_00865|CP040688_184688_183282_-1_ATG_468
CP040688	-184780	TGA	FF951_00870	-186288	1509	CDS		ATG	FF951_00870|CP040688_186288_184780_-3_ATG_502
CP040688	-187833	TAA	FF951_00880	-188984	1152	CDS		GTG	FF951_00880|CP040688_188984_187833_-1_GTG_383
CP040688	-189351	TAG	FF951_00890	-189536	186	CDS		TTG	FF951_00890|CP040688_189536_189351_-1_TTG_61
CP040688	-189974	TGA	FF951_00900	-190666	693	CDS		GTG	FF951_00900|CP040688_190666_189974_-2_GTG_230
CP040688	-205554	TAA	FF951_00970	-206663	1110	CDS		ATG	FF951_00970|CP040688_206663_205554_-1_ATG_369
CP040688	-206743	TAA	FF951_00975	-208101	1359	CDS		ATG	FF951_00975|CP040688_208101_206743_-3_ATG_452
CP040688	-208128	TAG	FF951_00980	-208862	735	CDS		ATG	FF951_00980|CP040688_208862_208128_-1_ATG_244
CP040688	-208879	TGA	FF951_00985	-209991	1113	CDS		ATG	FF951_00985|CP040688_209991_208879_-3_ATG_370
CP040688	-214241	TAG	FF951_01010	-214402	162	CDS		ATG	FF951_01010|CP040688_214402_214241_-2_ATG_53
CP040688	-215847	TAG	FF951_01025	-217574	1728	CDS		ATG	FF951_01025|CP040688_217574_215847_-1_ATG_575
CP040688	-220575	TAA	FF951_01045	-222422	1848	CDS		GTG	FF951_01045|CP040688_222422_220575_-1_GTG_615
CP040688	-230370	TAG	FF951_01070	-232361	1992	CDS		GTG	FF951_01070|CP040688_232361_230370_-1_GTG_663
CP040688	-233746	TAG	FF951_01085	-234249	504	CDS		GTG	FF951_01085|CP040688_234249_233746_-3_GTG_167
CP040688	-234246	TGA	FF951_01090	-237146	2901	CDS		ATG	FF951_01090|CP040688_237146_234246_-1_ATG_966
CP040688	-237830	TAG	FF951_01100	-239113	1284	CDS		ATG	FF951_01100|CP040688_239113_237830_-2_ATG_427
CP040688	-240338	TAA	FF951_01110	-243172	2835	CDS		GTG	FF951_01110|CP040688_243172_240338_-2_GTG_944
CP040688	-243238	TGA	FF951_01115	-243966	729	CDS		ATG	FF951_01115|CP040688_243966_243238_-3_ATG_242
CP040688	-243969	TGA	FF951_01120	-244760	792	CDS		ATG	FF951_01120|CP040688_244760_243969_-1_ATG_263
CP040688	-249523	TAA	FF951_01140	-250494	972	CDS		GTG	FF951_01140|CP040688_250494_249523_-3_GTG_323
CP040688	-250491	TGA	FF951_01145	-251822	1332	CDS		ATG	FF951_01145|CP040688_251822_250491_-1_ATG_443
CP040688	-253637	TGA	FF951_01155	-254710	1074	CDS		GTG	FF951_01155|CP040688_254710_253637_-2_GTG_357
CP040688	-255777	TAG	FF951_01165	-256685	909	CDS		GTG	FF951_01165|CP040688_256685_255777_-1_GTG_302
CP040688	-262155	TAG	FF951_01195	-263618	1464	CDS		ATG	FF951_01195|CP040688_263618_262155_-1_ATG_487
CP040688	-263717	TAA	FF951_01200	-264481	765	CDS		GTG	FF951_01200|CP040688_264481_263717_-2_GTG_254
CP040688	-265688	TAA	FF951_01210	-267418	1731	CDS		GTG	FF951_01210|CP040688_267418_265688_-2_GTG_576
CP040688	-267428	TAA	FF951_01215	-268693	1266	CDS		ATG	FF951_01215|CP040688_268693_267428_-2_ATG_421
CP040688	-270160	TAG	FF951_01225	-270573	414	CDS		ATG	FF951_01225|CP040688_270573_270160_-3_ATG_137
CP040688	-270564	TGA	FF951_01230	-270758	195	CDS		ATG	FF951_01230|CP040688_270758_270564_-1_ATG_64
CP040688	-270837	TGA	FF951_01235	-271817	981	CDS		GTG	FF951_01235|CP040688_271817_270837_-1_GTG_326
CP040688	-275459	TAG	FF951_01255	-276994	1536	CDS		ATG	FF951_01255|CP040688_276994_275459_-2_ATG_511
CP040688	-277020	TGA	FF951_01260	-278468	1449	CDS		ATG	FF951_01260|CP040688_278468_277020_-1_ATG_482
CP040688	-278503	TAG	FF951_01265	-282705	4203	CDS		GTG	FF951_01265|CP040688_282705_278503_-3_GTG_1400
CP040688	-282752	TAG	FF951_01270	-282925	174	CDS		ATG	FF951_01270|CP040688_282925_282752_-2_ATG_57
CP040688	-285666	TAG	FF951_01295	-286508	843	CDS		GTG	FF951_01295|CP040688_286508_285666_-1_GTG_280
CP040688	-286519	TGA	FF951_01300	-287883	1365	CDS		GTG	FF951_01300|CP040688_287883_286519_-3_GTG_454
CP040688	-289653	TGA	FF951_01310	-291488	1836	CDS		GTG	FF951_01310|CP040688_291488_289653_-1_GTG_611
CP040688	-293971	TAA	FF951_01325	-294717	747	CDS		ATG	FF951_01325|CP040688_294717_293971_-3_ATG_248
CP040688	-294718	TAA	FF951_01330	-296658	1941	CDS		ATG	FF951_01330|CP040688_296658_294718_-3_ATG_646
CP040688	-296689	TGA	FF951_01335	-297510	822	CDS		ATG	FF951_01335|CP040688_297510_296689_-3_ATG_273
CP040688	-297590	TGA	FF951_01340	-297883	294	CDS		TTG	FF951_01340|CP040688_297883_297590_-2_TTG_97
CP040688	-298028	TAG	FF951_01345	-298507	480	CDS		ATG	FF951_01345|CP040688_298507_298028_-2_ATG_159
CP040688	-301680	TGA	FF951_01360	-302204	525	CDS		GTG	FF951_01360|CP040688_302204_301680_-1_GTG_174
CP040688	-302229	TGA	FF951_01365	-303713	1485	CDS		ATG	FF951_01365|CP040688_303713_302229_-1_ATG_494
CP040688	-303732	TGA	FF951_01370	-305402	1671	CDS		ATG	FF951_01370|CP040688_305402_303732_-1_ATG_556
CP040688	-306149	TAG	FF951_01375	-306604	456	CDS		ATG	FF951_01375|CP040688_306604_306149_-2_ATG_151
CP040688	-306629	TGA	FF951_01380	-307372	744	CDS		ATG	FF951_01380|CP040688_307372_306629_-2_ATG_247
CP040688	-307369	TGA	FF951_01385	-308514	1146	CDS		ATG	FF951_01385|CP040688_308514_307369_-3_ATG_381
CP040688	-308614	TAG	FF951_01390	-310023	1410	CDS		ATG	FF951_01390|CP040688_310023_308614_-3_ATG_469
CP040688	-310164	TAA	FF951_01395	-310709	546	CDS		GTG	FF951_01395|CP040688_310709_310164_-1_GTG_181
CP040688	-310719	TAG	FF951_01400	-311621	903	CDS		ATG	FF951_01400|CP040688_311621_310719_-1_ATG_300
CP040688	-311638	TGA	FF951_01405	-312270	633	CDS		ATG	FF951_01405|CP040688_312270_311638_-3_ATG_210
CP040688	-312366	TGA	FF951_01410	-313358	993	CDS		GTG	FF951_01410|CP040688_313358_312366_-1_GTG_330
CP040688	-313380	TAA	FF951_01415	-317009	3630	CDS		GTG	FF951_01415|CP040688_317009_313380_-1_GTG_1209
CP040688	-318619	TGA	FF951_01425	-319128	510	CDS		GTG	FF951_01425|CP040688_319128_318619_-3_GTG_169
CP040688	-319193	TGA	FF951_01430	-320386	1194	CDS		ATG	FF951_01430|CP040688_320386_319193_-2_ATG_397
CP040688	-322121	TAA	FF951_01440	-324316	2196	CDS		ATG	FF951_01440|CP040688_324316_322121_-2_ATG_731
CP040688	-324430	TGA	FF951_01445	-325563	1134	CDS		TTG	FF951_01445|CP040688_325563_324430_-3_TTG_377
CP040688	-325560	TGA	FF951_01450	-326180	621	CDS		GTG	FF951_01450|CP040688_326180_325560_-1_GTG_206
CP040688	-326788	TAG	FF951_01460	-327513	726	CDS		ATG	FF951_01460|CP040688_327513_326788_-3_ATG_241
CP040688	-328563	TAG	FF951_01470	-328991	429	CDS		ATG	FF951_01470|CP040688_328991_328563_-1_ATG_142
CP040688	-329015	TGA	FF951_01475	-329197	183	CDS		CTG	FF951_01475|CP040688_329197_329015_-2_CTG_60
CP040688	-329292	TAG	FF951_01480	-332099	2808	CDS		ATG	FF951_01480|CP040688_332099_329292_-1_ATG_935
CP040688	-332363	TAG	FF951_01485	-335062	2700	CDS		ATG	FF951_01485|CP040688_335062_332363_-2_ATG_899
CP040688	-352854	TGA	FF951_01555	-354056	1203	CDS		ATG	FF951_01555|CP040688_354056_352854_-1_ATG_400
CP040688	-354937	TGA	FF951_01565	-355740	804	CDS		ATG	FF951_01565|CP040688_355740_354937_-3_ATG_267
CP040688	-355750	TAG	FF951_01570	-357147	1398	CDS		GTG	FF951_01570|CP040688_357147_355750_-3_GTG_465
CP040688	-362142	TAA	FF951_01610	-371687	9546	CDS		ATG	FF951_01610|CP040688_371687_362142_-1_ATG_3181
CP040688	-372549	TGA	FF951_01620	-373031	483	CDS		ATG	FF951_01620|CP040688_373031_372549_-1_ATG_160
CP040688	-374633	TGA	FF951_01635	-375124	492	CDS		GTG	FF951_01635|CP040688_375124_374633_-2_GTG_163
CP040688	-378855	TGA	FF951_01655	-379517	663	CDS		ATG	FF951_01655|CP040688_379517_378855_-1_ATG_220
CP040688	-381149	TAA	FF951_01670	-381919	771	CDS		GTG	FF951_01670|CP040688_381919_381149_-2_GTG_256
CP040688	-382281	TGA	FF951_01680	-383075	795	CDS		TTG	FF951_01680|CP040688_383075_382281_-1_TTG_264
CP040688	-386556	TAA	FF951_01705	-387227	672	CDS		ATG	FF951_01705|CP040688_387227_386556_-1_ATG_223
CP040688	-388672	TAG	FF951_01720	-390021	1350	CDS		ATG	FF951_01720|CP040688_390021_388672_-3_ATG_449
CP040688	-390670	TGA	FF951_01730	-391296	627	CDS		ATG	FF951_01730|CP040688_391296_390670_-3_ATG_208
CP040688	-391323	TAA	FF951_01735	-392063	741	CDS		ATG	FF951_01735|CP040688_392063_391323_-1_ATG_246
CP040688	-395511	TAA	FF951_01760	-396026	516	CDS		GTG	FF951_01760|CP040688_396026_395511_-1_GTG_171
CP040688	-397848	TAG	FF951_01775	-399137	1290	CDS		GTG	FF951_01775|CP040688_399137_397848_-1_GTG_429
CP040688	-399168	TGA	FF951_01780	-401816	2649	CDS		GTG	FF951_01780|CP040688_401816_399168_-1_GTG_882
CP040688	-401925	TGA	FF951_01785	-404423	2499	CDS		GTG	FF951_01785|CP040688_404423_401925_-1_GTG_832
CP040688	-410356	TGA	FF951_01810	-410916	561	CDS		GTG	FF951_01810|CP040688_410916_410356_-3_GTG_186
CP040688	-411477	TGA	FF951_01820	-412940	1464	CDS		ATG	FF951_01820|CP040688_412940_411477_-1_ATG_487
CP040688	-420346	TAG	FF951_01860	-420772	427	CDS	true	GTG	FF951_01860_p|CP040688_420772_420346_-2_GTG_142
CP040688	-420855	TGA	FF951_01865	-430586	9732	CDS		ATG	FF951_01865|CP040688_430586_420855_-1_ATG_3243
CP040688	-430737	TAG	FF951_01870	-431381	645	CDS		GTG	FF951_01870|CP040688_431381_430737_-1_GTG_214
CP040688	-431378	TGA	FF951_01875	-432676	1299	CDS		ATG	FF951_01875|CP040688_432676_431378_-2_ATG_432
CP040688	-434209	TGA	FF951_01890	-434646	438	CDS		GTG	FF951_01890|CP040688_434646_434209_-3_GTG_145
CP040688	-437172	TAA	FF951_01905	-438206	1035	CDS		ATG	FF951_01905|CP040688_438206_437172_-1_ATG_344
CP040688	-438974	TAA	FF951_01915	-440104	1131	CDS		ATG	FF951_01915|CP040688_440104_438974_-2_ATG_376
CP040688	-440129	TAA	FF951_01920	-440722	594	CDS		GTG	FF951_01920|CP040688_440722_440129_-2_GTG_197
CP040688	-440751	TGA	FF951_01925	-441140	390	CDS		GTG	FF951_01925|CP040688_441140_440751_-1_GTG_129
CP040688	-441221	TAG	FF951_01930	-442432	1212	CDS		ATG	FF951_01930|CP040688_442432_441221_-2_ATG_403
CP040688	-442438	TGA	FF951_01935	-443040	603	CDS		ATG	FF951_01935|CP040688_443040_442438_-3_ATG_200
CP040688	-443054	TGA	FF951_01940	-443950	897	CDS		GTG	FF951_01940|CP040688_443950_443054_-2_GTG_298
CP040688	-443947	TGA	FF951_01945	-444540	594	CDS		ATG	FF951_01945|CP040688_444540_443947_-3_ATG_197
CP040688	-444537	TGA	FF951_01950	-445292	756	CDS		ATG	FF951_01950|CP040688_445292_444537_-1_ATG_251
CP040688	-445311	TAG	FF951_01955	-447710	2400	CDS		ATG	FF951_01955|CP040688_447710_445311_-1_ATG_799
CP040688	-447707	TGA	FF951_01960	-448186	480	CDS		ATG	FF951_01960|CP040688_448186_447707_-2_ATG_159
CP040688	-448201	TGA	FF951_01965	-449103	903	CDS		ATG	FF951_01965|CP040688_449103_448201_-3_ATG_300
CP040688	-449137	TGA	FF951_01970	-450279	1143	CDS		ATG	FF951_01970|CP040688_450279_449137_-3_ATG_380
CP040688	-452175	TAG	FF951_01990	-452726	552	CDS		GTG	FF951_01990|CP040688_452726_452175_-1_GTG_183
CP040688	-452822	TGA	FF951_01995	-453730	909	CDS		GTG	FF951_01995|CP040688_453730_452822_-2_GTG_302
CP040688	-453748	TAG	FF951_02000	-454287	540	CDS		GTG	FF951_02000|CP040688_454287_453748_-3_GTG_179
CP040688	-454368	TGA	FF951_02005	-455222	855	CDS		ATG	FF951_02005|CP040688_455222_454368_-1_ATG_284
CP040688	-455363	TGA	FF951_02010	-457909	2547	CDS		GTG	FF951_02010|CP040688_457909_455363_-2_GTG_848
CP040688	-462579	TAG	FF951_02025	-463910	1332	CDS		ATG	FF951_02025|CP040688_463910_462579_-1_ATG_443
CP040688	-467136	TAG	FF951_02045	-468548	1413	CDS		ATG	FF951_02045|CP040688_468548_467136_-1_ATG_470
CP040688	-470031	TGA	FF951_02055	-470750	720	CDS		ATG	FF951_02055|CP040688_470750_470031_-1_ATG_239
CP040688	-472173	TAG	FF951_02075	-472367	195	CDS		ATG	FF951_02075|CP040688_472367_472173_-1_ATG_64
CP040688	-472588	TAG	FF951_02085	-473229	642	CDS		ATG	FF951_02085|CP040688_473229_472588_-3_ATG_213
CP040688	-473236	TAG	FF951_02090	-474465	1230	CDS		ATG	FF951_02090|CP040688_474465_473236_-3_ATG_409
CP040688	-474475	TAG	FF951_02095	-475662	1188	CDS		ATG	FF951_02095|CP040688_475662_474475_-3_ATG_395
CP040688	-476264	TAG	FF951_02105	-479140	2877	CDS		GTG	FF951_02105|CP040688_479140_476264_-2_GTG_958
CP040688	-479137	TGA	FF951_02110	-479565	429	CDS		ATG	FF951_02110|CP040688_479565_479137_-3_ATG_142
CP040688	-485795	TAG	FF951_02125	-486613	819	CDS		ATG	FF951_02125|CP040688_486613_485795_-2_ATG_272
CP040688	-490970	TAA	FF951_02145	-493222	2253	CDS		ATG	FF951_02145|CP040688_493222_490970_-2_ATG_750
CP040688	-493222	TGA	FF951_02150	-494208	987	CDS		ATT	FF951_02150|CP040688_494208_493222_-3_ATT_328
CP040688	-494208	TGA	FF951_02155	-495527	1320	CDS		GTG	FF951_02155|CP040688_495527_494208_-1_GTG_439
CP040688	-496258	TGA	FF951_02165	-496926	669	CDS		GTG	FF951_02165|CP040688_496926_496258_-3_GTG_222
CP040688	-502469	TAG	FF951_02200	-502879	411	CDS		TTG	FF951_02200|CP040688_502879_502469_-2_TTG_136
CP040688	-503039	TGA	FF951_02205	-503668	630	CDS		ATG	FF951_02205|CP040688_503668_503039_-2_ATG_209
CP040688	-503665	TGA	FF951_02210	-504462	798	CDS		ATG	FF951_02210|CP040688_504462_503665_-3_ATG_265
CP040688	-504489	TGA	FF951_02215	-506132	1644	CDS		ATG	FF951_02215|CP040688_506132_504489_-1_ATG_547
CP040688	-506284	TAA	FF951_02220	-506559	276	CDS		ATG	FF951_02220|CP040688_506559_506284_-3_ATG_91
CP040688	-506609	TGA	FF951_02225	-511228	4620	CDS		ATG	FF951_02225|CP040688_511228_506609_-2_ATG_1539
CP040688	-511280	TAG	FF951_02230	-511723	444	CDS		ATG	FF951_02230|CP040688_511723_511280_-2_ATG_147
CP040688	-511924	TAG	FF951_02235	-512799	876	CDS		ATG	FF951_02235|CP040688_512799_511924_-3_ATG_291
CP040688	-512802	TAG	FF951_02240	-513710	909	CDS		ATG	FF951_02240|CP040688_513710_512802_-1_ATG_302
CP040688	-513710	TAA	FF951_02245	-514303	594	CDS		ATG	FF951_02245|CP040688_514303_513710_-2_ATG_197
CP040688	-518254	TAG	FF951_02275	-520440	2187	CDS		GTG	FF951_02275|CP040688_520440_518254_-3_GTG_728
CP040688	-520437	TGA	FF951_02280	-521297	861	CDS		ATG	FF951_02280|CP040688_521297_520437_-1_ATG_286
CP040688	-521294	TGA	FF951_02285	-521989	696	CDS		GTG	FF951_02285|CP040688_521989_521294_-2_GTG_231
CP040688	-522050	TAA	FF951_02290	-523267	1218	CDS		GTG	FF951_02290|CP040688_523267_522050_-2_GTG_405
CP040688	-523286	TGA	FF951_02295	-524221	936	CDS		ATG	FF951_02295|CP040688_524221_523286_-2_ATG_311
CP040688	-526203	TAG	FF951_02305	-526631	429	CDS		GTG	FF951_02305|CP040688_526631_526203_-1_GTG_142
CP040688	-526658	TAA	FF951_02310	-528121	1464	CDS		GTG	FF951_02310|CP040688_528121_526658_-2_GTG_487
CP040688	-528998	TGA	FF951_02320	-529696	699	CDS		ATG	FF951_02320|CP040688_529696_528998_-2_ATG_232
CP040688	-529740	TGA	FF951_02325	-530303	564	CDS		ATG	FF951_02325|CP040688_530303_529740_-1_ATG_187
CP040688	-530352	TGA	FF951_02330	-531122	771	CDS		GTG	FF951_02330|CP040688_531122_530352_-1_GTG_256
CP040688	-531131	TGA	FF951_02335	-532414	1284	CDS		ATG	FF951_02335|CP040688_532414_531131_-2_ATG_427
CP040688	-532411	TGA	FF951_02340	-533100	690	CDS		ATC	FF951_02340|CP040688_533100_532411_-3_ATC_229
CP040688	-533136	TGA	FF951_02345	-534455	1320	CDS		GTG	FF951_02345|CP040688_534455_533136_-1_GTG_439
CP040688	-534495	TGA	FF951_02350	-537398	2904	CDS		GTG	FF951_02350|CP040688_537398_534495_-1_GTG_967
CP040688	-537395	TGA	FF951_02355	-537817	423	CDS		GTG	FF951_02355|CP040688_537817_537395_-2_GTG_140
CP040688	-541282	TAA	FF951_02380	-541728	447	CDS		ATG	FF951_02380|CP040688_541728_541282_-3_ATG_148
CP040688	-541796	TAG	FF951_02385	-542710	915	CDS		ATG	FF951_02385|CP040688_542710_541796_-2_ATG_304
CP040688	-542983	TGA	FF951_02390	-543264	282	CDS		ATG	FF951_02390|CP040688_543264_542983_-3_ATG_93
CP040688	-543251	TGA	FF951_02395	-543424	174	CDS		ATT	FF951_02395|CP040688_543424_543251_-2_ATT_57
CP040688	-543493	TAA	FF951_02400	-545523	2031	CDS		ATG	FF951_02400|CP040688_545523_543493_-3_ATG_676
CP040688	-550220	TAG	FF951_02435	-550792	573	CDS		ATG	FF951_02435|CP040688_550792_550220_-2_ATG_190
CP040688	-550789	TGA	FF951_02440	-552213	1425	CDS		GTG	FF951_02440|CP040688_552213_550789_-3_GTG_474
CP040688	-556755	TAA	FF951_02465	-557618	864	CDS		ATG	FF951_02465|CP040688_557618_556755_-1_ATG_287
CP040688	-557761	TGA	FF951_02470	-558201	441	CDS		GTG	FF951_02470|CP040688_558201_557761_-3_GTG_146
CP040688	-558132	TGA	FF951_02475	-558620	489	CDS		ATG	FF951_02475|CP040688_558620_558132_-1_ATG_162
CP040688	-558630	TAG	FF951_02480	-559334	705	CDS		GTG	FF951_02480|CP040688_559334_558630_-1_GTG_234
CP040688	-563828	TGA	FF951_02515	-564874	1047	CDS		GTG	FF951_02515|CP040688_564874_563828_-2_GTG_348
CP040688	-564871	TGA	FF951_02520	-565713	843	CDS		ATG	FF951_02520|CP040688_565713_564871_-3_ATG_280
CP040688	-565895	TGA	FF951_02525	-566419	525	CDS		ATG	FF951_02525|CP040688_566419_565895_-2_ATG_174
CP040688	-568953	TAG	FF951_02540	-569708	756	CDS		ATG	FF951_02540|CP040688_569708_568953_-1_ATG_251
CP040688	-576370	TGA	FF951_02575	-576759	390	CDS		TTG	FF951_02575|CP040688_576759_576370_-3_TTG_129
CP040688	-577372	TAG	FF951_02585	-579261	1890	CDS		ATG	FF951_02585|CP040688_579261_577372_-3_ATG_629
CP040688	-579258	TGA	FF951_02590	-579587	330	CDS		ATG	FF951_02590|CP040688_579587_579258_-1_ATG_109
CP040688	-579584	TGA	FF951_02595	-580573	990	CDS		GTG	FF951_02595|CP040688_580573_579584_-2_GTG_329
CP040688	-581307	TAG	FF951_02605	-582197	891	CDS		GTG	FF951_02605|CP040688_582197_581307_-1_GTG_296
CP040688	-589754	TAA	FF951_02655	-590662	909	CDS		ATG	FF951_02655|CP040688_590662_589754_-2_ATG_302
CP040688	-590685	TAG	FF951_02660	-591185	501	CDS		ATG	FF951_02660|CP040688_591185_590685_-1_ATG_166
CP040688	-591347	TGA	FF951_02665	-592468	1122	CDS		ATG	FF951_02665|CP040688_592468_591347_-2_ATG_373
CP040688	-603941	TAA	FF951_02720	-604417	477	CDS		ATG	FF951_02720|CP040688_604417_603941_-2_ATG_158
CP040688	-607054	TAG	FF951_02735	-607956	903	CDS		GTG	FF951_02735|CP040688_607956_607054_-3_GTG_300
CP040688	-610208	TAA	FF951_02760	-610603	396	CDS		ATG	FF951_02760|CP040688_610603_610208_-2_ATG_131
CP040688	-618003	TAG	FF951_02800	-618164	162	CDS		GTG	FF951_02800|CP040688_618164_618003_-1_GTG_53
CP040688	-620439	TGA	FF951_02820	-621446	1008	CDS		ATG	FF951_02820|CP040688_621446_620439_-1_ATG_335
CP040688	-621528	TAA	FF951_02825	-622406	879	CDS		GTG	FF951_02825|CP040688_622406_621528_-1_GTG_292
CP040688	-624264	TAG	FF951_02840	-625697	1434	CDS		GTG	FF951_02840|CP040688_625697_624264_-1_GTG_477
CP040688	-629021	TAA	FF951_02860	-630370	1350	CDS		GTG	FF951_02860|CP040688_630370_629021_-2_GTG_449
CP040688	-630382	TAG	FF951_02865	-631524	1143	CDS		CTG	FF951_02865|CP040688_631524_630382_-3_CTG_380
CP040688	-631539	TAG	FF951_02870	-631841	303	CDS		GTG	FF951_02870|CP040688_631841_631539_-1_GTG_100
CP040688	-631901	TAG	FF951_02875	-632179	279	CDS		GTG	FF951_02875|CP040688_632179_631901_-2_GTG_92
CP040688	-632176	TGA	FF951_02880	-633429	1254	CDS		GTG	FF951_02880|CP040688_633429_632176_-3_GTG_417
CP040688	-633549	TGA	FF951_02885	-633935	387	CDS		ATG	FF951_02885|CP040688_633935_633549_-1_ATG_128
CP040688	-633998	TGA	FF951_02890	-634882	885	CDS		GTG	FF951_02890|CP040688_634882_633998_-2_GTG_294
CP040688	-634978	TAA	FF951_02895	-635880	903	CDS		TTG	FF951_02895|CP040688_635880_634978_-3_TTG_300
CP040688	-636194	TGA	FF951_02900	-636607	414	CDS		GTG	FF951_02900|CP040688_636607_636194_-2_GTG_137
CP040688	-636604	TGA	FF951_02905	-636870	267	CDS		TTG	FF951_02905|CP040688_636870_636604_-3_TTG_88
CP040688	-637062	TAG	FF951_02910	-638777	1716	CDS		ATG	FF951_02910|CP040688_638777_637062_-1_ATG_571
CP040688	-646373	TAA	FF951_02950	-646711	339	CDS		ATG	FF951_02950|CP040688_646711_646373_-2_ATG_112
CP040688	-646745	TGA	FF951_02955	-647470	726	CDS		ATG	FF951_02955|CP040688_647470_646745_-2_ATG_241
CP040688	-647495	TGA	FF951_02960	-648721	1227	CDS		GTG	FF951_02960|CP040688_648721_647495_-2_GTG_408
CP040688	-650890	TAG	FF951_02975	-651915	1026	CDS		ATG	FF951_02975|CP040688_651915_650890_-3_ATG_341
CP040688	-651976	TGA	FF951_02980	-653436	1461	CDS		ATG	FF951_02980|CP040688_653436_651976_-3_ATG_486
CP040688	-653514	TAG	FF951_02985	-654005	492	CDS		ATG	FF951_02985|CP040688_654005_653514_-1_ATG_163
CP040688	-659453	TAA	FF951_03020	-660784	1332	CDS		ATG	FF951_03020|CP040688_660784_659453_-2_ATG_443
CP040688	-661008	TGA	FF951_03025	-661349	342	CDS		ATG	FF951_03025|CP040688_661349_661008_-1_ATG_113
CP040688	-661400	TAG	FF951_03030	-661567	168	CDS		ATG	FF951_03030|CP040688_661567_661400_-2_ATG_55
CP040688	-661817	TAG	FF951_03035	-663208	1392	CDS		ATG	FF951_03035|CP040688_663208_661817_-2_ATG_463
CP040688	-663218	TAA	FF951_03040	-664360	1143	CDS		GTG	FF951_03040|CP040688_664360_663218_-2_GTG_380
CP040688	-664545	TGA	FF951_03045	-665711	1167	CDS		GTG	FF951_03045|CP040688_665711_664545_-1_GTG_388
CP040688	-667962	TAG	FF951_03060	-671873	3912	CDS		ATG	FF951_03060|CP040688_671873_667962_-1_ATG_1303
CP040688	-673082	TAG	FF951_03075	-673573	492	CDS		ATG	FF951_03075|CP040688_673573_673082_-2_ATG_163
CP040688	-674346	TAA	FF951_03090	-675032	687	CDS		ATG	FF951_03090|CP040688_675032_674346_-1_ATG_228
CP040688	-677842	TAA	FF951_03100	-680229	2388	CDS		ATG	FF951_03100|CP040688_680229_677842_-3_ATG_795
CP040688	-690788	TGA	FF951_03150	-691180	393	CDS		GTG	FF951_03150|CP040688_691180_690788_-2_GTG_130
CP040688	-691177	TGA	FF951_03155	-691434	258	CDS		ATG	FF951_03155|CP040688_691434_691177_-3_ATG_85
CP040688	-691617	TAA	FF951_03160	-692852	1236	CDS		ATG	FF951_03160|CP040688_692852_691617_-1_ATG_411
CP040688	-693103	TGA	FF951_03165	-693516	414	CDS		GTG	FF951_03165|CP040688_693516_693103_-3_GTG_137
CP040688	-693513	TGA	FF951_03170	-693749	237	CDS		ATG	FF951_03170|CP040688_693749_693513_-1_ATG_78
CP040688	-693853	TAG	FF951_03175	-694359	507	CDS		GTG	FF951_03175|CP040688_694359_693853_-3_GTG_168
CP040688	-694473	TGA	FF951_03180	-694943	471	CDS		ATG	FF951_03180|CP040688_694943_694473_-1_ATG_156
CP040688	-694987	TGA	FF951_03185	-695748	762	CDS		GTG	FF951_03185|CP040688_695748_694987_-3_GTG_253
CP040688	-700224	TGA	FF951_03235	-700391	168	CDS		ATA	FF951_03235|CP040688_700391_700224_-1_ATA_55
CP040688	-700424	TGA	FF951_03240	-700621	198	CDS		GTG	FF951_03240|CP040688_700621_700424_-2_GTG_65
CP040688	-700701	TGA	FF951_03245	-701858	1158	CDS		ATG	FF951_03245|CP040688_701858_700701_-1_ATG_385
CP040688	-701910	TAG	FF951_03250	-702131	222	CDS		ATG	FF951_03250|CP040688_702131_701910_-1_ATG_73
CP040688	-702897	TAG	FF951_03260	-705464	2568	CDS		GTG	FF951_03260|CP040688_705464_702897_-1_GTG_855
CP040688	-706533	TAA	FF951_03275	-706799	267	CDS		GTG	FF951_03275|CP040688_706799_706533_-1_GTG_88
CP040688	-709878	TAA	FF951_03305	-710221	344	CDS	true	ATG	FF951_03305_p|CP040688_710221_709878_-2_ATG_114
CP040688	-713101	TGA	FF951_03330	-713841	741	CDS		ATG	FF951_03330|CP040688_713841_713101_-3_ATG_246
CP040688	-714709	TGA	FF951_03345	-715860	1152	CDS		GTG	FF951_03345|CP040688_715860_714709_-3_GTG_383
CP040688	-715953	TGA	FF951_03350	-717680	1728	CDS		GTG	FF951_03350|CP040688_717680_715953_-1_GTG_575
CP040688	-717677	TGA	FF951_03355	-720961	3285	CDS		ATG	FF951_03355|CP040688_720961_717677_-2_ATG_1094
CP040688	-720961	TGA	FF951_03360	-724254	3294	CDS		ATG	FF951_03360|CP040688_724254_720961_-3_ATG_1097
CP040688	-724531	TAA	FF951_03365	-725226	696	CDS		ATG	FF951_03365|CP040688_725226_724531_-3_ATG_231
CP040688	-725275	TAA	FF951_03370	-726114	840	CDS		ATG	FF951_03370|CP040688_726114_725275_-3_ATG_279
CP040688	-726268	TGA	FF951_03375	-726981	714	CDS		GTG	FF951_03375|CP040688_726981_726268_-3_GTG_237
CP040688	-732246	TAA	FF951_03440	-733151	906	CDS		ATG	FF951_03440|CP040688_733151_732246_-1_ATG_301
CP040688	-733216	TAG	FF951_03445	-734097	882	CDS		ATG	FF951_03445|CP040688_734097_733216_-3_ATG_293
CP040688	-734245	TAG	FF951_03450	-735108	864	CDS		ATG	FF951_03450|CP040688_735108_734245_-3_ATG_287
CP040688	-735275	TAG	FF951_03455	-736135	861	CDS		ATG	FF951_03455|CP040688_736135_735275_-2_ATG_286
CP040688	-736182	TGA	FF951_03460	-737087	906	CDS		GTG	FF951_03460|CP040688_737087_736182_-1_GTG_301
CP040688	-737099	TAG	FF951_03465	-738565	1467	CDS		ATG	FF951_03465|CP040688_738565_737099_-2_ATG_488
CP040688	-745715	TGA	FF951_03495	-746410	696	CDS		ATG	FF951_03495|CP040688_746410_745715_-2_ATG_231
CP040688	-749465	TAG	FF951_03510	-749848	384	CDS		TTG	FF951_03510|CP040688_749848_749465_-2_TTG_127
CP040688	-749943	TAG	FF951_03515	-750098	156	CDS		GTG	FF951_03515|CP040688_750098_749943_-1_GTG_51
CP040688	-750174	TGA	FF951_03520	-750890	717	CDS		GTG	FF951_03520|CP040688_750890_750174_-1_GTG_238
CP040688	-751166	TGA	FF951_03525	-751474	309	CDS		ATG	FF951_03525|CP040688_751474_751166_-2_ATG_102
CP040688	-751461	TGA	FF951_03530	-751706	246	CDS		ATG	FF951_03530|CP040688_751706_751461_-1_ATG_81
CP040688	-751816	TGA	FF951_03535	-752253	438	CDS		ATG	FF951_03535|CP040688_752253_751816_-3_ATG_145
CP040688	-752250	TGA	FF951_03540	-752618	369	CDS		TTG	FF951_03540|CP040688_752618_752250_-1_TTG_122
CP040688	-763798	TAG	FF951_03580	-764118	321	CDS		ATG	FF951_03580|CP040688_764118_763798_-3_ATG_106
CP040688	-764165	TGA	FF951_03585	-766078	1914	CDS		ATG	FF951_03585|CP040688_766078_764165_-2_ATG_637
CP040688	-772060	TGA	FF951_03620	-774954	2895	CDS		ATG	FF951_03620|CP040688_774954_772060_-3_ATG_964
CP040688	-774951	TGA	FF951_03625	-775379	429	CDS		ATG	FF951_03625|CP040688_775379_774951_-1_ATG_142
CP040688	-776017	TGA	FF951_03635	-776514	498	CDS		GTG	FF951_03635|CP040688_776514_776017_-3_GTG_165
CP040688	-776516	TGA	FF951_03640	-776890	375	CDS		GTG	FF951_03640|CP040688_776890_776516_-2_GTG_124
CP040688	-785631	TAG	FF951_03685	-785885	255	CDS		GTG	FF951_03685|CP040688_785885_785631_-1_GTG_84
CP040688	-786239	CAC	FF951_03690	-786377	139	CDS	true	CGG	FF951_03690_p|CP040688_786377_786239_-1_CGG_46
CP040688	-786498	TGA	FF951_03695	-787547	1050	CDS		GTG	FF951_03695|CP040688_787547_786498_-1_GTG_349
CP040688	-787544	TGA	FF951_03700	-788140	597	CDS		ATG	FF951_03700|CP040688_788140_787544_-2_ATG_198
CP040688	-796578	TGA	FF951_03760	-796808	231	CDS		GTG	FF951_03760|CP040688_796808_796578_-1_GTG_76
CP040688	-814120	TGA	FF951_03890	-815025	906	CDS		ATG	FF951_03890|CP040688_815025_814120_-3_ATG_301
CP040688	-815118	TGA	FF951_03895	-816221	1104	CDS		ATG	FF951_03895|CP040688_816221_815118_-1_ATG_367
CP040688	-816424	TAG	FF951_03900	-817080	657	CDS		ATG	FF951_03900|CP040688_817080_816424_-3_ATG_218
CP040688	-817077	TGA	FF951_03905	-818057	981	CDS		GTG	FF951_03905|CP040688_818057_817077_-1_GTG_326
CP040688	-820264	TGA	FF951_03920	-821220	957	CDS		ATG	FF951_03920|CP040688_821220_820264_-3_ATG_318
CP040688	-827205	AGC	FF951_03970	-827333	129	CDS	true	ATG	FF951_03970_p|CP040688_827333_827205_-1_ATG_43
CP040688	-830469	TAG	FF951_03995	-831026	558	CDS		ATG	FF951_03995|CP040688_831026_830469_-1_ATG_185
CP040688	-831023	TGA	FF951_04000	-831529	507	CDS		ATG	FF951_04000|CP040688_831529_831023_-2_ATG_168
CP040688	-831642	TAG	FF951_04005	-831788	147	CDS		ATG	FF951_04005|CP040688_831788_831642_-1_ATG_48
CP040688	-838191	TAG	FF951_04040	-838328	138	CDS		GTG	FF951_04040|CP040688_838328_838191_-1_GTG_45
CP040688	-838801	TAA	FF951_04050	-839685	885	CDS		ATG	FF951_04050|CP040688_839685_838801_-3_ATG_294
CP040688	-839696	TAG	FF951_04055	-840868	1173	CDS		ATG	FF951_04055|CP040688_840868_839696_-2_ATG_390
CP040688	-840875	TAG	FF951_04060	-842407	1533	CDS		ATG	FF951_04060|CP040688_842407_840875_-2_ATG_510
CP040688	-844554	TAG	FF951_04070	-846491	1938	CDS		ATG	FF951_04070|CP040688_846491_844554_-1_ATG_645
CP040688	-846820	TTA	FF951_04075	-846978	159	CDS	true	ATG	FF951_04075_p|CP040688_846978_846820_-3_ATG_53
CP040688	-847192	TGA	FF951_04085	-847917	726	CDS		ATG	FF951_04085|CP040688_847917_847192_-3_ATG_241
CP040688	-850276	TGA	FF951_04100	-850719	444	CDS		ATG	FF951_04100|CP040688_850719_850276_-3_ATG_147
CP040688	-850716	TGA	FF951_04105	-851135	420	CDS		ATG	FF951_04105|CP040688_851135_850716_-1_ATG_139
CP040688	-851148	TAG	FF951_04110	-852275	1128	CDS		GTG	FF951_04110|CP040688_852275_851148_-1_GTG_375
CP040688	-852374	TAA	FF951_04115	-852919	546	CDS		GTG	FF951_04115|CP040688_852919_852374_-2_GTG_181
CP040688	-852922	TAA	FF951_04120	-853128	207	CDS		ATG	FF951_04120|CP040688_853128_852922_-3_ATG_68
CP040688	-853131	TAA	FF951_04125	-854486	1356	CDS		ATG	FF951_04125|CP040688_854486_853131_-1_ATG_451
CP040688	-854486	TAA	FF951_04130	-855313	828	CDS		ATG	FF951_04130|CP040688_855313_854486_-2_ATG_275
CP040688	-855313	TAA	FF951_04135	-856521	1209	CDS		ATG	FF951_04135|CP040688_856521_855313_-3_ATG_402
CP040688	-856518	TGA	FF951_04140	-857159	642	CDS		GTG	FF951_04140|CP040688_857159_856518_-1_GTG_213
CP040688	-862300	TAG	FF951_04170	-863838	1539	CDS		ATG	FF951_04170|CP040688_863838_862300_-3_ATG_512
CP040688	-863889	TAA	FF951_04175	-864800	912	CDS		ATG	FF951_04175|CP040688_864800_863889_-1_ATG_303
CP040688	-865433	TGA	FF951_04185	-866212	780	CDS		ATG	FF951_04185|CP040688_866212_865433_-2_ATG_259
CP040688	-869121	TAG	FF951_04200	-869741	621	CDS		ATG	FF951_04200|CP040688_869741_869121_-1_ATG_206
CP040688	-873269	TGA	FF951_04220	-874891	1623	CDS		ATG	FF951_04220|CP040688_874891_873269_-2_ATG_540
CP040688	-877526	TAG	FF951_04235	-878164	639	CDS		ATG	FF951_04235|CP040688_878164_877526_-2_ATG_212
CP040688	-879902	TGA	FF951_04255	-880501	600	CDS		GTG	FF951_04255|CP040688_880501_879902_-2_GTG_199
CP040688	-880523	TGA	FF951_04260	-881251	729	CDS		ATG	FF951_04260|CP040688_881251_880523_-2_ATG_242
CP040688	-881248	TGA	FF951_04265	-882291	1044	CDS		ATG	FF951_04265|CP040688_882291_881248_-3_ATG_347
CP040688	-882288	TGA	FF951_04270	-883097	810	CDS		ATG	FF951_04270|CP040688_883097_882288_-1_ATG_269
CP040688	-883588	TAG	FF951_04280	-885087	1500	CDS		ATG	FF951_04280|CP040688_885087_883588_-3_ATG_499
CP040688	-886564	TAA	FF951_04290	-887361	798	CDS		ATG	FF951_04290|CP040688_887361_886564_-3_ATG_265
CP040688	-887358	TGA	FF951_04295	-888365	1008	CDS		GTG	FF951_04295|CP040688_888365_887358_-1_GTG_335
CP040688	-890064	TGA	FF951_04310	-890720	657	CDS		ATG	FF951_04310|CP040688_890720_890064_-1_ATG_218
CP040688	-894824	TGA	FF951_04330	-896422	1599	CDS		ATG	FF951_04330|CP040688_896422_894824_-2_ATG_532
CP040688	-899997	TAG	FF951_04350	-900179	183	CDS		ATG	FF951_04350|CP040688_900179_899997_-1_ATG_60
CP040688	-900326	TGA	FF951_04355	-901432	1107	CDS		GTG	FF951_04355|CP040688_901432_900326_-2_GTG_368
CP040688	-902430	TAA	FF951_04365	-903110	681	CDS		GTG	FF951_04365|CP040688_903110_902430_-1_GTG_226
CP040688	-903273	TGA	FF951_04370	-903575	303	CDS		ATG	FF951_04370|CP040688_903575_903273_-1_ATG_100
CP040688	-903577	TGA	FF951_04375	-904410	834	CDS		ATG	FF951_04375|CP040688_904410_903577_-3_ATG_277
CP040688	-904703	TGA	FF951_04380	-905125	423	CDS		ATG	FF951_04380|CP040688_905125_904703_-2_ATG_140
CP040688	-905122	TGA	FF951_04385	-905934	813	CDS		ATG	FF951_04385|CP040688_905934_905122_-3_ATG_270
CP040688	-908650	TAG	FF951_04405	-909291	642	CDS		ATG	FF951_04405|CP040688_909291_908650_-3_ATG_213
CP040688	-909349	TAG	FF951_04410	-911403	2055	CDS		ATG	FF951_04410|CP040688_911403_909349_-3_ATG_684
CP040688	-911569	TGA	FF951_04415	-912735	1167	CDS		ATG	FF951_04415|CP040688_912735_911569_-3_ATG_388
CP040688	-912728	CAG	FF951_04420	-912823	96	CDS	true	GCC	FF951_04420_p|CP040688_912823_912728_-2_GCC_32
CP040688	-912823	TAG	FF951_04425	-913839	1017	CDS		ATG	FF951_04425|CP040688_913839_912823_-3_ATG_338
CP040688	-914001	TGA	FF951_04430	-914642	642	CDS		GTG	FF951_04430|CP040688_914642_914001_-1_GTG_213
CP040688	-915830	TAA	FF951_04440	-916222	393	CDS		ATG	FF951_04440|CP040688_916222_915830_-2_ATG_130
CP040688	-916280	TGA	FF951_04445	-916702	423	CDS		ATG	FF951_04445|CP040688_916702_916280_-2_ATG_140
CP040688	-917983	TAA	FF951_04460	-918798	816	CDS		ATG	FF951_04460|CP040688_918798_917983_-3_ATG_271
CP040688	-922635	TAA	FF951_04500	-925283	2649	CDS		ATG	FF951_04500|CP040688_925283_922635_-1_ATG_882
CP040688	-926375	TGA	FF951_04510	-926926	552	CDS		ATG	FF951_04510|CP040688_926926_926375_-2_ATG_183
CP040688	-927007	TAA	FF951_04515	-927729	723	CDS		ATG	FF951_04515|CP040688_927729_927007_-3_ATG_240
CP040688	-927800	TGA	FF951_04520	-928828	1029	CDS		ATG	FF951_04520|CP040688_928828_927800_-2_ATG_342
CP040688	-929090	TAG	FF951_04525	-929278	189	CDS		ATG	FF951_04525|CP040688_929278_929090_-2_ATG_62
CP040688	-929297	TGA	FF951_04530	-929566	270	CDS		ATG	FF951_04530|CP040688_929566_929297_-2_ATG_89
CP040688	-931254	TGA	FF951_04545	-932114	861	CDS		GTG	FF951_04545|CP040688_932114_931254_-1_GTG_286
CP040688	-935253	TAG	FF951_04570	-935903	651	CDS		ATG	FF951_04570|CP040688_935903_935253_-1_ATG_216
CP040688	-937477	TGA	FF951_04580	-938991	1515	CDS		ATG	FF951_04580|CP040688_938991_937477_-3_ATG_504
CP040688	-942438	TAG	FF951_04605	-943265	828	CDS		GTG	FF951_04605|CP040688_943265_942438_-1_GTG_275
CP040688	-944233	TGA	FF951_04620	-945915	1683	CDS		GTG	FF951_04620|CP040688_945915_944233_-3_GTG_560
CP040688	-948524	TAG	FF951_04645	-949717	1194	CDS		ATG	FF951_04645|CP040688_949717_948524_-2_ATG_397
CP040688	-953320	TAG	FF951_04660	-954948	1629	CDS		GTG	FF951_04660|CP040688_954948_953320_-3_GTG_542
CP040688	-954972	CGC	FF951_04665	-955075	104	CDS	true	TTG	FF951_04665_p|CP040688_955075_954972_-2_TTG_34
CP040688	-955139	TAA	FF951_04670	-957409	2271	CDS		ATG	FF951_04670|CP040688_957409_955139_-2_ATG_756
CP040688	-959109	TGA	FF951_04695	-960332	1224	CDS		ATG	FF951_04695|CP040688_960332_959109_-1_ATG_407
CP040688	-960780	TAA	FF951_04700	-961058	279	CDS		GTG	FF951_04700|CP040688_961058_960780_-1_GTG_92
CP040688	-961062	TAA	FF951_04705	-962144	1083	CDS		ATG	FF951_04705|CP040688_962144_961062_-1_ATG_360
CP040688	-962141	TGA	FF951_04710	-962530	390	CDS		ATG	FF951_04710|CP040688_962530_962141_-2_ATG_129
CP040688	-963221	TAA	FF951_04720	-965047	1827	CDS		ATG	FF951_04720|CP040688_965047_963221_-2_ATG_608
CP040688	-965128	TAG	FF951_04725	-965319	192	CDS		TTG	FF951_04725|CP040688_965319_965128_-3_TTG_63
CP040688	-967349	TAG	FF951_04735	-968509	1161	CDS		GTG	FF951_04735|CP040688_968509_967349_-2_GTG_386
CP040688	-968609	TGA	FF951_04740	-969097	489	CDS		GTG	FF951_04740|CP040688_969097_968609_-2_GTG_162
CP040688	-969094	TGA	FF951_04745	-970740	1647	CDS		ATG	FF951_04745|CP040688_970740_969094_-3_ATG_548
CP040688	-971689	TAG	FF951_04755	-973005	1317	CDS		ATG	FF951_04755|CP040688_973005_971689_-3_ATG_438
CP040688	-973283	TAG	FF951_04760	-973558	276	CDS		ATG	FF951_04760|CP040688_973558_973283_-2_ATG_91
CP040688	-975308	TAG	FF951_04780	-976069	762	CDS		ATG	FF951_04780|CP040688_976069_975308_-2_ATG_253
CP040688	-976226	TAG	FF951_04785	-977356	1131	CDS		ATG	FF951_04785|CP040688_977356_976226_-2_ATG_376
CP040688	-980315	TAG	FF951_04800	-980773	459	CDS		ATG	FF951_04800|CP040688_980773_980315_-2_ATG_152
CP040688	-983543	TGA	FF951_04815	-984664	1122	CDS		ATG	FF951_04815|CP040688_984664_983543_-2_ATG_373
CP040688	-984751	TGA	FF951_04820	-987399	2649	CDS		GTG	FF951_04820|CP040688_987399_984751_-3_GTG_882
CP040688	-987401	TGA	FF951_04825	-988258	858	CDS		GTG	FF951_04825|CP040688_988258_987401_-2_GTG_285
CP040688	-990121	TAG	FF951_04840	-991098	978	CDS		ATG	FF951_04840|CP040688_991098_990121_-3_ATG_325
CP040688	-995611	TAA	FF951_04860	-997218	1608	CDS		ATG	FF951_04860|CP040688_997218_995611_-3_ATG_535
CP040688	-997244	TAG	FF951_04865	-997507	264	CDS		ATG	FF951_04865|CP040688_997507_997244_-2_ATG_87
CP040688	-999304	TAG	FF951_04885	-1000644	1341	CDS		ATG	FF951_04885|CP040688_1000644_999304_-3_ATG_446
CP040688	-1000655	TGA	FF951_04890	-1001365	711	CDS		ATG	FF951_04890|CP040688_1001365_1000655_-2_ATG_236
CP040688	-1001496	TAA	FF951_04895	-1002983	1488	CDS		GTG	FF951_04895|CP040688_1002983_1001496_-1_GTG_495
CP040688	-1011624	TGA	FF951_04940	-1011854	231	CDS		GTG	FF951_04940|CP040688_1011854_1011624_-1_GTG_76
CP040688	-1012021	TGA	FF951_04945	-1013529	1509	CDS		ATG	FF951_04945|CP040688_1013529_1012021_-3_ATG_502
CP040688	-1013531	TGA	FF951_04950	-1014769	1239	CDS		ATG	FF951_04950|CP040688_1014769_1013531_-2_ATG_412
CP040688	-1014862	TAA	FF951_04955	-1016133	1272	CDS		ATG	FF951_04955|CP040688_1016133_1014862_-3_ATG_423
CP040688	-1016148	TAA	FF951_04960	-1016447	300	CDS		ATG	FF951_04960|CP040688_1016447_1016148_-1_ATG_99
CP040688	-1020301	TGA	FF951_04990	-1021620	1320	CDS		ATG	FF951_04990|CP040688_1021620_1020301_-3_ATG_439
CP040688	-1024320	TAG	FF951_05005	-1025384	1065	CDS		ATG	FF951_05005|CP040688_1025384_1024320_-1_ATG_354
CP040688	-1025385	TGA	FF951_05010	-1026671	1287	CDS		GTG	FF951_05010|CP040688_1026671_1025385_-1_GTG_428
CP040688	-1026703	TAG	FF951_05015	-1027440	738	CDS		ATG	FF951_05015|CP040688_1027440_1026703_-3_ATG_245
CP040688	-1027517	TGA	FF951_05020	-1028593	1077	CDS		ATG	FF951_05020|CP040688_1028593_1027517_-2_ATG_358
CP040688	-1028647	TGA	FF951_05025	-1029435	789	CDS		ATG	FF951_05025|CP040688_1029435_1028647_-3_ATG_262
CP040688	-1032724	TAA	FF951_05045	-1034718	1995	CDS		GTG	FF951_05045|CP040688_1034718_1032724_-3_GTG_664
CP040688	-1034740	TGA	FF951_05050	-1035852	1113	CDS		GTG	FF951_05050|CP040688_1035852_1034740_-3_GTG_370
CP040688	-1040003	TGA	FF951_05075	-1040824	822	CDS		ATG	FF951_05075|CP040688_1040824_1040003_-2_ATG_273
CP040688	-1045397	TAA	FF951_05090	-1046263	867	CDS		GTG	FF951_05090|CP040688_1046263_1045397_-2_GTG_288
CP040688	-1046348	TGA	FF951_05095	-1047121	774	CDS		GTG	FF951_05095|CP040688_1047121_1046348_-2_GTG_257
CP040688	-1047500	TGA	FF951_05105	-1048540	1041	CDS		GTG	FF951_05105|CP040688_1048540_1047500_-2_GTG_346
CP040688	-1049828	TAG	FF951_05120	-1051489	1662	CDS		ATG	FF951_05120|CP040688_1051489_1049828_-2_ATG_553
CP040688	-1051590	TAG	FF951_05125	-1051874	285	CDS		ATG	FF951_05125|CP040688_1051874_1051590_-1_ATG_94
CP040688	-1052104	TGA	FF951_05130	-1052334	231	CDS		ATG	FF951_05130|CP040688_1052334_1052104_-3_ATG_76
CP040688	-1052450	TAA	FF951_05140	-1052767	318	CDS		ATG	FF951_05140|CP040688_1052767_1052450_-2_ATG_105
CP040688	-1055460	TGA	FF951_05150	-1056458	999	CDS		ATG	FF951_05150|CP040688_1056458_1055460_-1_ATG_332
CP040688	-1058918	TAG	FF951_05165	-1059766	849	CDS		ATG	FF951_05165|CP040688_1059766_1058918_-2_ATG_282
CP040688	-1069244	TGA	FF951_05220	-1069918	675	CDS		ATG	FF951_05220|CP040688_1069918_1069244_-2_ATG_224
CP040688	-1070101	TAA	FF951_05225	-1070901	801	CDS		GTG	FF951_05225|CP040688_1070901_1070101_-3_GTG_266
CP040688	-1071000	TGA	FF951_05230	-1071482	483	CDS		ATG	FF951_05230|CP040688_1071482_1071000_-1_ATG_160
CP040688	-1071582	TGA	FF951_05235	-1072001	420	CDS		ATG	FF951_05235|CP040688_1072001_1071582_-1_ATG_139
CP040688	-1072037	TAG	FF951_05240	-1072639	603	CDS		ATG	FF951_05240|CP040688_1072639_1072037_-2_ATG_200
CP040688	-1076579	TAG	FF951_05265	-1077388	810	CDS		ATG	FF951_05265|CP040688_1077388_1076579_-2_ATG_269
CP040688	-1077388	TGA	FF951_05270	-1078554	1167	CDS		GTG	FF951_05270|CP040688_1078554_1077388_-3_GTG_388
CP040688	-1078551	TGA	FF951_05275	-1080554	2004	CDS		ATG	FF951_05275|CP040688_1080554_1078551_-1_ATG_667
CP040688	-1080560	TGA	FF951_05280	-1082149	1590	CDS		GTG	FF951_05280|CP040688_1082149_1080560_-2_GTG_529
CP040688	-1082152	TGA	FF951_05285	-1083300	1149	CDS		GTG	FF951_05285|CP040688_1083300_1082152_-3_GTG_382
CP040688	-1083297	TGA	FF951_05290	-1084979	1683	CDS		GTG	FF951_05290|CP040688_1084979_1083297_-1_GTG_560
CP040688	-1088166	TGA	FF951_05300	-1089218	1053	CDS		GTG	FF951_05300|CP040688_1089218_1088166_-1_GTG_350
CP040688	-1089487	TGA	FF951_05305	-1089681	195	CDS		ATG	FF951_05305|CP040688_1089681_1089487_-3_ATG_64
CP040688	-1089895	TGA	FF951_05315	-1091268	1374	CDS		ATG	FF951_05315|CP040688_1091268_1089895_-3_ATG_457
CP040688	-1091451	CTG	FF951_05320	-1091537	87	CDS	true	ATG	FF951_05320_p|CP040688_1091537_1091451_-1_ATG_29
CP040688	-1095842	TAG	FF951_05345	-1096297	456	CDS		ATG	FF951_05345|CP040688_1096297_1095842_-2_ATG_151
CP040688	-1101222	TAG	FF951_05365	-1102199	978	CDS		ATG	FF951_05365|CP040688_1102199_1101222_-1_ATG_325
CP040688	-1102260	TGA	FF951_05370	-1102916	657	CDS		GTG	FF951_05370|CP040688_1102916_1102260_-1_GTG_218
CP040688	-1102989	TGA	FF951_05375	-1103321	333	CDS		GTG	FF951_05375|CP040688_1103321_1102989_-1_GTG_110
CP040688	-1103395	TGA	FF951_05380	-1103988	594	CDS		ATG	FF951_05380|CP040688_1103988_1103395_-3_ATG_197
CP040688	-1108990	TAG	FF951_05420	-1109199	210	CDS		ATG	FF951_05420|CP040688_1109199_1108990_-3_ATG_69
CP040688	-1109203	TAG	FF951_05425	-1109658	456	CDS		ATG	FF951_05425|CP040688_1109658_1109203_-3_ATG_151
CP040688	-1111348	TAA	FF951_05440	-1111965	618	CDS		ATG	FF951_05440|CP040688_1111965_1111348_-3_ATG_205
CP040688	-1113245	TGA	FF951_05450	-1114756	1512	CDS		GTG	FF951_05450|CP040688_1114756_1113245_-2_GTG_503
CP040688	-1115706	TAA	FF951_05460	-1116965	1260	CDS		GTG	FF951_05460|CP040688_1116965_1115706_-1_GTG_419
CP040688	-1117039	TAG	FF951_05465	-1118475	1437	CDS		TTG	FF951_05465|CP040688_1118475_1117039_-3_TTG_478
CP040688	-1120261	TGA	FF951_05475	-1121820	1560	CDS		ATG	FF951_05475|CP040688_1121820_1120261_-3_ATG_519
CP040688	-1126198	TGA	FF951_05505	-1126497	300	CDS		ATG	FF951_05505|CP040688_1126497_1126198_-3_ATG_99
CP040688	-1128150	TAA	FF951_05515	-1128725	576	CDS		ATG	FF951_05515|CP040688_1128725_1128150_-1_ATG_191
CP040688	-1128738	TAG	FF951_05520	-1129385	648	CDS		ATG	FF951_05520|CP040688_1129385_1128738_-1_ATG_215
CP040688	-1129602	TAA	FF951_05525	-1130282	681	CDS		TTG	FF951_05525|CP040688_1130282_1129602_-1_TTG_226
CP040688	-1130318	TAG	FF951_05530	-1131298	981	CDS		TTG	FF951_05530|CP040688_1131298_1130318_-2_TTG_326
CP040688	-1131390	TGA	FF951_05535	-1132877	1488	CDS		ATG	FF951_05535|CP040688_1132877_1131390_-1_ATG_495
CP040688	-1143244	TAA	FF951_05590	-1143924	681	CDS		ATG	FF951_05590|CP040688_1143924_1143244_-3_ATG_226
CP040688	-1143921	TGA	FF951_05595	-1146503	2583	CDS		GTG	FF951_05595|CP040688_1146503_1143921_-1_GTG_860
CP040688	-1151243	TGA	FF951_05625	-1152772	1530	CDS		ATG	FF951_05625|CP040688_1152772_1151243_-2_ATG_509
CP040688	-1152780	TGA	FF951_05630	-1153553	774	CDS		ATG	FF951_05630|CP040688_1153553_1152780_-1_ATG_257
CP040688	-1153735	TAA	FF951_05635	-1155175	1441	CDS	true	GTG	FF951_05635_p|CP040688_1155175_1153735_-2_GTG_480
CP040688	-1155361	TAA	FF951_05640	-1155645	285	CDS		ATG	FF951_05640|CP040688_1155645_1155361_-3_ATG_94
CP040688	-1155672	TGA	FF951_05645	-1155968	297	CDS		ATG	FF951_05645|CP040688_1155968_1155672_-1_ATG_98
CP040688	-1156114	TGA	FF951_05650	-1157289	1176	CDS		ATG	FF951_05650|CP040688_1157289_1156114_-3_ATG_391
CP040688	-1157366	TAG	FF951_05655	-1158193	828	CDS		ATG	FF951_05655|CP040688_1158193_1157366_-2_ATG_275
CP040688	-1158981	TGA	FF951_05665	-1159220	240	CDS		TTG	FF951_05665|CP040688_1159220_1158981_-1_TTG_79
CP040688	-1159126	TGA	FF951_05670	-1159344	219	CDS		GTG	FF951_05670|CP040688_1159344_1159126_-3_GTG_72
CP040688	-1159389	TAG	FF951_05675	-1160316	928	CDS	true	GTG	FF951_05675_p|CP040688_1160316_1159389_-3_GTG_309
CP040688	-1160599	TAG	FF951_05680	-1161624	1026	CDS		ATG	FF951_05680|CP040688_1161624_1160599_-3_ATG_341
CP040688	-1163454	TGA	FF951_05695	-1164242	789	CDS		TTG	FF951_05695|CP040688_1164242_1163454_-1_TTG_262
CP040688	-1165857	TGA	FF951_05705	-1166972	1116	CDS		GTG	FF951_05705|CP040688_1166972_1165857_-1_GTG_371
CP040688	-1166929	TAG	FF951_05710	-1167132	204	CDS		GTG	FF951_05710|CP040688_1167132_1166929_-3_GTG_67
CP040688	-1168764	TGA	FF951_05725	-1169519	756	CDS		ATG	FF951_05725|CP040688_1169519_1168764_-1_ATG_251
CP040688	-1169814	TGA	FF951_05730	-1170440	627	CDS		ATG	FF951_05730|CP040688_1170440_1169814_-1_ATG_208
CP040688	-1173423	TGA	FF951_05770	-1173587	165	CDS		ATG	FF951_05770|CP040688_1173587_1173423_-1_ATG_54
CP040688	-1180560	TGA	FF951_05805	-1181642	1083	CDS		ATG	FF951_05805|CP040688_1181642_1180560_-1_ATG_360
CP040688	-1181723	TAA	FF951_05810	-1182142	420	CDS		GTG	FF951_05810|CP040688_1182142_1181723_-2_GTG_139
CP040688	-1183240	TAA	FF951_05825	-1185261	2022	CDS		GTG	FF951_05825|CP040688_1185261_1183240_-3_GTG_673
CP040688	-1185594	TAA	FF951_05830	-1187132	1539	CDS		ATG	FF951_05830|CP040688_1187132_1185594_-1_ATG_512
CP040688	-1187494	TAG	FF951_05835	-1189257	1764	CDS		ATG	FF951_05835|CP040688_1189257_1187494_-3_ATG_587
CP040688	-1189254	TGA	FF951_05840	-1190027	774	CDS		ATG	FF951_05840|CP040688_1190027_1189254_-1_ATG_257
CP040688	-1190039	TAG	FF951_05845	-1191076	1038	CDS		GTG	FF951_05845|CP040688_1191076_1190039_-2_GTG_345
CP040688	-1193140	TGA	FF951_05860	-1194357	1218	CDS		ATG	FF951_05860|CP040688_1194357_1193140_-3_ATG_405
CP040688	-1194410	TAG	FF951_05865	-1195354	945	CDS		GTG	FF951_05865|CP040688_1195354_1194410_-2_GTG_314
CP040688	-1200288	TAG	FF951_05890	-1200782	495	CDS		ATG	FF951_05890|CP040688_1200782_1200288_-1_ATG_164
CP040688	-1200968	TGA	FF951_05895	-1201402	435	CDS		ATG	FF951_05895|CP040688_1201402_1200968_-2_ATG_144
CP040688	-1204740	TGA	FF951_05915	-1205468	729	CDS		ATG	FF951_05915|CP040688_1205468_1204740_-1_ATG_242
CP040688	-1206384	TAG	FF951_05925	-1206653	270	CDS		GTG	FF951_05925|CP040688_1206653_1206384_-1_GTG_89
CP040688	-1214033	TAA	FF951_05970	-1214971	939	CDS		ATG	FF951_05970|CP040688_1214971_1214033_-2_ATG_312
CP040688	-1220048	TGA	FF951_06000	-1220929	882	CDS		ATG	FF951_06000|CP040688_1220929_1220048_-2_ATG_293
CP040688	-1220926	TGA	FF951_06005	-1222350	1425	CDS		ATG	FF951_06005|CP040688_1222350_1220926_-3_ATG_474
CP040688	-1222381	TAA	FF951_06010	-1223469	1089	CDS		ATG	FF951_06010|CP040688_1223469_1222381_-3_ATG_362
CP040688	-1224176	TGA	FF951_06020	-1225333	1158	CDS		TTG	FF951_06020|CP040688_1225333_1224176_-2_TTG_385
CP040688	-1225445	TAG	FF951_06025	-1225756	312	CDS		ATG	FF951_06025|CP040688_1225756_1225445_-2_ATG_103
CP040688	-1225756	TGA	FF951_06030	-1226076	321	CDS		ATG	FF951_06030|CP040688_1226076_1225756_-3_ATG_106
CP040688	-1227629	TAG	FF951_06040	-1228741	1113	CDS		ATG	FF951_06040|CP040688_1228741_1227629_-2_ATG_370
CP040688	-1228751	TAA	FF951_06045	-1229008	258	CDS		ATG	FF951_06045|CP040688_1229008_1228751_-2_ATG_85
CP040688	-1228998	TGA	FF951_06050	-1230245	1248	CDS		GTG	FF951_06050|CP040688_1230245_1228998_-1_GTG_415
CP040688	-1230242	TGA	FF951_06055	-1230880	639	CDS		ATG	FF951_06055|CP040688_1230880_1230242_-2_ATG_212
CP040688	-1231994	TAA	FF951_06065	-1232977	984	CDS		GTG	FF951_06065|CP040688_1232977_1231994_-2_GTG_327
CP040688	-1235900	TGA	FF951_06095	-1236175	276	CDS		ATG	FF951_06095|CP040688_1236175_1235900_-2_ATG_91
CP040688	-1236756	TGA	FF951_06105	-1237616	861	CDS		GTG	FF951_06105|CP040688_1237616_1236756_-1_GTG_286
CP040688	-1237649	TGA	FF951_06110	-1238419	771	CDS	true	CTG	FF951_06110_p|CP040688_1238419_1237649_-2_CTG_256
CP040688	-1240929	TAG	FF951_06125	-1241837	909	CDS		ATG	FF951_06125|CP040688_1241837_1240929_-1_ATG_302
CP040688	-1244115	TAG	FF951_06140	-1244720	606	CDS		ATG	FF951_06140|CP040688_1244720_1244115_-1_ATG_201
CP040688	-1244717	TGA	FF951_06145	-1246189	1473	CDS		ATG	FF951_06145|CP040688_1246189_1244717_-2_ATG_490
CP040688	-1246402	TAG	FF951_06150	-1247756	1355	CDS	true	ATG	FF951_06150_p|CP040688_1247756_1246402_-1_ATG_451
CP040688	-1247858	TGA	FF951_06155	-1249318	1461	CDS		ATG	FF951_06155|CP040688_1249318_1247858_-2_ATG_486
CP040688	-1253851	TAG	FF951_06175	-1256130	2280	CDS		GTG	FF951_06175|CP040688_1256130_1253851_-3_GTG_759
CP040688	-1257056	TAG	FF951_06185	-1257745	690	CDS	true	TTC	FF951_06185_p|CP040688_1257745_1257056_-2_TTC_229
CP040688	-1257790	TGA	FF951_06190	-1259051	1263	fCDS		ATG	FF951_06190_fCDS|CP040688_1259051_1257790_-1_ATG_420
CP040688	-1259008	TGA	FF951_06195	-1260273	1266	CDS		GTG	FF951_06195|CP040688_1260273_1259008_-3_GTG_421
CP040688	-1261614	TGA	FF951_06215	-1262630	1017	CDS		ATG	FF951_06215|CP040688_1262630_1261614_-1_ATG_338
CP040688	-1262627	TGA	FF951_06220	-1263127	501	CDS		GTG	FF951_06220|CP040688_1263127_1262627_-2_GTG_166
CP040688	-1263132	TAG	FF951_06225	-1263581	450	CDS		ATG	FF951_06225|CP040688_1263581_1263132_-1_ATG_149
CP040688	-1264345	TGA	FF951_06235	-1265151	807	CDS		ATG	FF951_06235|CP040688_1265151_1264345_-3_ATG_268
CP040688	-1265294	TGA	FF951_06240	-1266100	807	CDS		ATG	FF951_06240|CP040688_1266100_1265294_-2_ATG_268
CP040688	-1268178	TGA	FF951_06255	-1268309	132	CDS		ATG	FF951_06255|CP040688_1268309_1268178_-1_ATG_43
CP040688	-1271820	TGA	FF951_06275	-1272077	258	CDS		ATG	FF951_06275|CP040688_1272077_1271820_-1_ATG_85
CP040688	-1272171	TAA	FF951_06280	-1272446	276	CDS		TTG	FF951_06280|CP040688_1272446_1272171_-1_TTG_91
CP040688	-1272443	TGA	FF951_06285	-1273891	1449	CDS		GTG	FF951_06285|CP040688_1273891_1272443_-2_GTG_482
CP040688	-1275047	TAG	FF951_06295	-1275760	714	CDS		ATG	FF951_06295|CP040688_1275760_1275047_-2_ATG_237
CP040688	-1276141	TGA	FF951_06305	-1276989	849	CDS		GTG	FF951_06305|CP040688_1276989_1276141_-3_GTG_282
CP040688	-1276986	TGA	FF951_06310	-1277627	642	CDS		ATG	FF951_06310|CP040688_1277627_1276986_-1_ATG_213
CP040688	-1279199	TAG	FF951_06335	-1280314	1116	CDS		GTG	FF951_06335|CP040688_1280314_1279199_-2_GTG_371
CP040688	-1280322	TGA	FF951_06340	-1281005	684	CDS		ATG	FF951_06340|CP040688_1281005_1280322_-1_ATG_227
CP040688	-1282427	TAA	FF951_06350	-1282711	285	CDS		ATG	FF951_06350|CP040688_1282711_1282427_-2_ATG_94
CP040688	-1294230	TAG	FF951_06390	-1294835	606	CDS		ATG	FF951_06390|CP040688_1294835_1294230_-1_ATG_201
CP040688	-1294907	TAG	FF951_06395	-1295947	1041	CDS		ATG	FF951_06395|CP040688_1295947_1294907_-2_ATG_346
CP040688	-1295965	TAG	FF951_06400	-1296267	303	CDS		GTG	FF951_06400|CP040688_1296267_1295965_-3_GTG_100
CP040688	-1297898	TAA	FF951_06415	-1298824	927	CDS		ATG	FF951_06415|CP040688_1298824_1297898_-2_ATG_308
CP040688	-1301812	TAA	FF951_06425	-1302144	333	CDS		ATG	FF951_06425|CP040688_1302144_1301812_-3_ATG_110
CP040688	-1302345	TAA	FF951_06430	-1304369	2025	CDS		ATG	FF951_06430|CP040688_1304369_1302345_-1_ATG_674
CP040688	-1304366	TGA	FF951_06435	-1304935	570	CDS		ATG	FF951_06435|CP040688_1304935_1304366_-2_ATG_189
CP040688	-1306623	TGA	FF951_06450	-1309442	2820	CDS		GTG	FF951_06450|CP040688_1309442_1306623_-1_GTG_939
CP040688	-1320676	TAA	FF951_06470	-1321755	1080	CDS		ATG	FF951_06470|CP040688_1321755_1320676_-3_ATG_359
CP040688	-1321920	TGA	FF951_06475	-1323656	1737	CDS		ATG	FF951_06475|CP040688_1323656_1321920_-1_ATG_578
CP040688	-1323833	TAG	FF951_06480	-1325449	1617	CDS		ATG	FF951_06480|CP040688_1325449_1323833_-2_ATG_538
CP040688	-1333392	TAA	FF951_06520	-1334657	1266	CDS		GTG	FF951_06520|CP040688_1334657_1333392_-1_GTG_421
CP040688	-1334749	TGA	FF951_06525	-1334973	225	CDS		ATG	FF951_06525|CP040688_1334973_1334749_-3_ATG_74
CP040688	-1337499	TAG	FF951_06550	-1338746	1248	CDS		ATG	FF951_06550|CP040688_1338746_1337499_-1_ATG_415
CP040688	-1340357	TAG	FF951_06565	-1341310	954	CDS		GTG	FF951_06565|CP040688_1341310_1340357_-2_GTG_317
CP040688	-1342462	TAG	FF951_06575	-1343046	585	CDS		GTG	FF951_06575|CP040688_1343046_1342462_-3_GTG_194
CP040688	-1343077	TAG	FF951_06580	-1344765	1689	CDS		ATG	FF951_06580|CP040688_1344765_1343077_-3_ATG_562
CP040688	-1350639	TAA	FF951_06620	-1351802	1164	CDS		ATG	FF951_06620|CP040688_1351802_1350639_-1_ATG_387
CP040688	-1353434	TGA	FF951_06630	-1353766	333	CDS		GTG	FF951_06630|CP040688_1353766_1353434_-2_GTG_110
CP040688	-1353900	TAG	FF951_06635	-1355585	1686	CDS		GTG	FF951_06635|CP040688_1355585_1353900_-1_GTG_561
CP040688	-1355613	TAG	FF951_06640	-1356287	675	CDS		ATG	FF951_06640|CP040688_1356287_1355613_-1_ATG_224
CP040688	-1356296	TAG	FF951_06645	-1357942	1647	CDS		GTG	FF951_06645|CP040688_1357942_1356296_-2_GTG_548
CP040688	-1357939	TGA	FF951_06650	-1358874	936	CDS		ATG	FF951_06650|CP040688_1358874_1357939_-3_ATG_311
CP040688	-1358864	TGA	FF951_06655	-1359502	639	CDS		ATG	FF951_06655|CP040688_1359502_1358864_-2_ATG_212
CP040688	-1359644	TAA	FF951_06660	-1360318	675	CDS		ATG	FF951_06660|CP040688_1360318_1359644_-2_ATG_224
CP040688	-1364034	TAG	FF951_06690	-1364865	832	CDS	true	GTG	FF951_06690_p|CP040688_1364865_1364034_-3_GTG_277
CP040688	-1364976	TGA	FF951_06695	-1366439	1464	CDS		ATG	FF951_06695|CP040688_1366439_1364976_-1_ATG_487
CP040688	-1366436	TGA	FF951_06700	-1366969	534	CDS		TTG	FF951_06700|CP040688_1366969_1366436_-2_TTG_177
CP040688	-1367921	TAG	FF951_06715	-1369093	1173	CDS		ATG	FF951_06715|CP040688_1369093_1367921_-2_ATG_390
CP040688	-1369106	TGA	FF951_06720	-1370341	1236	CDS		GTG	FF951_06720|CP040688_1370341_1369106_-2_GTG_411
CP040688	-1370466	TGA	FF951_06725	-1371008	543	CDS		GTG	FF951_06725|CP040688_1371008_1370466_-1_GTG_180
CP040688	-1371005	TGA	FF951_06730	-1372312	1308	CDS		ATG	FF951_06730|CP040688_1372312_1371005_-2_ATG_435
CP040688	-1372374	TAG	FF951_06735	-1372970	597	CDS		ATG	FF951_06735|CP040688_1372970_1372374_-1_ATG_198
CP040688	-1378086	TAG	FF951_06765	-1379186	1101	CDS		GTG	FF951_06765|CP040688_1379186_1378086_-1_GTG_366
CP040688	-1381133	TGA	FF951_06785	-1382716	1584	CDS		ATG	FF951_06785|CP040688_1382716_1381133_-2_ATG_527
CP040688	-1382704	TGA	FF951_06790	-1382889	186	CDS		GTG	FF951_06790|CP040688_1382889_1382704_-3_GTG_61
CP040688	-1383837	TGA	FF951_06800	-1384667	831	CDS		ATG	FF951_06800|CP040688_1384667_1383837_-1_ATG_276
CP040688	-1384724	TAA	FF951_06805	-1385017	294	CDS		GTG	FF951_06805|CP040688_1385017_1384724_-2_GTG_97
CP040688	-1385014	TGA	FF951_06810	-1385283	270	CDS		ATG	FF951_06810|CP040688_1385283_1385014_-3_ATG_89
CP040688	-1385396	TGA	FF951_06815	-1389091	3696	CDS		GTG	FF951_06815|CP040688_1389091_1385396_-2_GTG_1231
CP040688	-1389233	TAG	FF951_06820	-1390021	789	CDS		ATG	FF951_06820|CP040688_1390021_1389233_-2_ATG_262
CP040688	-1391860	TGA	FF951_06830	-1395279	3420	CDS		GTG	FF951_06830|CP040688_1395279_1391860_-3_GTG_1139
CP040688	-1395335	TAA	FF951_06835	-1395943	609	CDS		GTG	FF951_06835|CP040688_1395943_1395335_-2_GTG_202
CP040688	-1398817	TGA	FF951_06850	-1399425	609	CDS		ATG	FF951_06850|CP040688_1399425_1398817_-3_ATG_202
CP040688	-1399425	TGA	FF951_06855	-1400642	1218	CDS		ATG	FF951_06855|CP040688_1400642_1399425_-1_ATG_405
CP040688	-1400756	TGA	FF951_06860	-1402123	1368	CDS		GTG	FF951_06860|CP040688_1402123_1400756_-2_GTG_455
CP040688	-1402120	TGA	FF951_06865	-1403379	1260	CDS		ATG	FF951_06865|CP040688_1403379_1402120_-3_ATG_419
CP040688	-1405523	TAA	FF951_06880	-1405972	450	CDS		ATG	FF951_06880|CP040688_1405972_1405523_-2_ATG_149
CP040688	-1405977	TGA	FF951_06885	-1406411	435	CDS		ATG	FF951_06885|CP040688_1406411_1405977_-1_ATG_144
CP040688	-1409998	TGA	FF951_06905	-1411878	1881	CDS		ATG	FF951_06905|CP040688_1411878_1409998_-3_ATG_626
CP040688	-1412219	TAG	FF951_06910	-1413385	1167	CDS		ATG	FF951_06910|CP040688_1413385_1412219_-2_ATG_388
CP040688	-1413433	TAG	FF951_06915	-1413684	252	CDS		ATG	FF951_06915|CP040688_1413684_1413433_-3_ATG_83
CP040688	-1413696	TGA	FF951_06920	-1414394	699	CDS		ATG	FF951_06920|CP040688_1414394_1413696_-1_ATG_232
CP040688	-1414617	TAA	FF951_06925	-1414991	375	CDS		ATG	FF951_06925|CP040688_1414991_1414617_-1_ATG_124
CP040688	-1415052	TAG	FF951_06930	-1415786	735	CDS		ATG	FF951_06930|CP040688_1415786_1415052_-1_ATG_244
CP040688	-1415999	TAG	FF951_06935	-1416340	342	CDS		ATG	FF951_06935|CP040688_1416340_1415999_-2_ATG_113
CP040688	-1416448	TAG	FF951_06940	-1418343	1896	CDS		GTG	FF951_06940|CP040688_1418343_1416448_-3_GTG_631
CP040688	-1418340	TGA	FF951_06945	-1420088	1749	CDS		ATG	FF951_06945|CP040688_1420088_1418340_-1_ATG_582
CP040688	-1421476	TAG	FF951_06965	-1421952	477	CDS		ATG	FF951_06965|CP040688_1421952_1421476_-3_ATG_158
CP040688	-1427703	TGA	FF951_06985	-1429478	1776	CDS		GTG	FF951_06985|CP040688_1429478_1427703_-1_GTG_591
CP040688	-1429471	TGA	FF951_06990	-1431309	1839	CDS		ATG	FF951_06990|CP040688_1431309_1429471_-3_ATG_612
CP040688	-1431306	TGA	FF951_06995	-1432181	876	CDS		ATG	FF951_06995|CP040688_1432181_1431306_-1_ATG_291
CP040688	-1432178	TGA	FF951_07000	-1433155	978	CDS		ATG	FF951_07000|CP040688_1433155_1432178_-2_ATG_325
CP040688	-1439576	TAG	FF951_07035	-1441141	1566	CDS		GTG	FF951_07035|CP040688_1441141_1439576_-2_GTG_521
CP040688	-1441593	TAA	FF951_07045	-1441928	336	CDS		ATG	FF951_07045|CP040688_1441928_1441593_-1_ATG_111
CP040688	-1450950	TGA	FF951_07090	-1451144	195	CDS		ATG	FF951_07090|CP040688_1451144_1450950_-1_ATG_64
CP040688	-1464151	TAG	FF951_07170	-1465485	1335	CDS		GTG	FF951_07170|CP040688_1465485_1464151_-3_GTG_444
CP040688	-1465651	TAG	FF951_07175	-1466232	582	CDS		ATG	FF951_07175|CP040688_1466232_1465651_-3_ATG_193
CP040688	-1473114	TGA	FF951_07200	-1473611	498	CDS		ATG	FF951_07200|CP040688_1473611_1473114_-1_ATG_165
CP040688	-1473608	TGA	FF951_07205	-1475098	1491	CDS		GTG	FF951_07205|CP040688_1475098_1473608_-2_GTG_496
CP040688	-1475179	TAA	FF951_07210	-1476804	1626	CDS		ATG	FF951_07210|CP040688_1476804_1475179_-3_ATG_541
CP040688	-1476874	TAA	FF951_07215	-1478472	1599	CDS		ATG	FF951_07215|CP040688_1478472_1476874_-3_ATG_532
CP040688	-1478479	TGA	FF951_07220	-1480155	1677	CDS		ATG	FF951_07220|CP040688_1480155_1478479_-3_ATG_558
CP040688	-1480168	TAG	FF951_07225	-1481871	1704	CDS		ATG	FF951_07225|CP040688_1481871_1480168_-3_ATG_567
CP040688	-1482967	TAA	FF951_07240	-1483425	459	CDS		GTG	FF951_07240|CP040688_1483425_1482967_-3_GTG_152
CP040688	-1485808	TAG	FF951_07255	-1487583	1776	CDS		ATG	FF951_07255|CP040688_1487583_1485808_-3_ATG_591
CP040688	-1487735	TAG	FF951_07260	-1489930	2196	CDS		ATG	FF951_07260|CP040688_1489930_1487735_-2_ATG_731
CP040688	-1489938	TGA	FF951_07265	-1492043	2106	CDS		GTG	FF951_07265|CP040688_1492043_1489938_-1_GTG_701
CP040688	-1494813	TAA	FF951_07275	-1496807	1995	CDS		GTG	FF951_07275|CP040688_1496807_1494813_-1_GTG_664
CP040688	-1496831	TGA	FF951_07280	-1498177	1347	CDS		GTG	FF951_07280|CP040688_1498177_1496831_-2_GTG_448
CP040688	-1505802	TAG	FF951_07340	-1506164	363	CDS		ATG	FF951_07340|CP040688_1506164_1505802_-1_ATG_120
CP040688	-1506161	TGA	FF951_07345	-1506541	381	CDS		GTG	FF951_07345|CP040688_1506541_1506161_-2_GTG_126
CP040688	-1509591	TAA	FF951_07365	-1510223	633	CDS		ATG	FF951_07365|CP040688_1510223_1509591_-1_ATG_210
CP040688	-1514922	TGA	FF951_07385	-1515092	171	CDS	true	GCA	FF951_07385_p|CP040688_1515092_1514922_-1_GCA_56
CP040688	-1516070	TGA	FF951_07400	-1516342	273	CDS		ATG	FF951_07400|CP040688_1516342_1516070_-2_ATG_90
CP040688	-1516818	TGA	FF951_07410	-1517603	786	CDS		ATG	FF951_07410|CP040688_1517603_1516818_-1_ATG_261
CP040688	-1517623	TGA	FF951_07415	-1519494	1872	CDS		ATG	FF951_07415|CP040688_1519494_1517623_-3_ATG_623
CP040688	-1519503	TAG	FF951_07420	-1521650	2148	CDS		GTG	FF951_07420|CP040688_1521650_1519503_-1_GTG_715
CP040688	-1521647	TGA	FF951_07425	-1522438	792	CDS		GTG	FF951_07425|CP040688_1522438_1521647_-2_GTG_263
CP040688	-1522911	TAG	FF951_07430	-1523834	924	CDS		ATG	FF951_07430|CP040688_1523834_1522911_-1_ATG_307
CP040688	-1528591	TGA	FF951_07445	-1528827	237	CDS		ATG	FF951_07445|CP040688_1528827_1528591_-3_ATG_78
CP040688	-1530061	TAA	FF951_07455	-1531251	1191	CDS		GTG	FF951_07455|CP040688_1531251_1530061_-3_GTG_396
CP040688	-1531566	TAG	FF951_07460	-1532228	663	CDS		GTG	FF951_07460|CP040688_1532228_1531566_-1_GTG_220
CP040688	-1532225	TGA	FF951_07465	-1533010	786	CDS		ATG	FF951_07465|CP040688_1533010_1532225_-2_ATG_261
CP040688	-1533301	TAG	FF951_07470	-1535262	1962	CDS		ATG	FF951_07470|CP040688_1535262_1533301_-3_ATG_653
CP040688	-1535401	TAA	FF951_07475	-1535787	387	CDS		ATG	FF951_07475|CP040688_1535787_1535401_-3_ATG_128
CP040688	-1537130	TAG	FF951_07490	-1538335	1206	CDS		GTG	FF951_07490|CP040688_1538335_1537130_-2_GTG_401
CP040688	-1543332	TGA	FF951_07515	-1543790	459	CDS		GTG	FF951_07515|CP040688_1543790_1543332_-1_GTG_152
CP040688	-1546840	TAA	FF951_07530	-1547478	639	CDS		ATG	FF951_07530|CP040688_1547478_1546840_-3_ATG_212
CP040688	-1547489	TAA	FF951_07535	-1548916	1428	CDS		ATG	FF951_07535|CP040688_1548916_1547489_-2_ATG_475
CP040688	-1559747	TAG	FF951_07585	-1559968	222	CDS		GTG	FF951_07585|CP040688_1559968_1559747_-2_GTG_73
CP040688	-1564370	TAG	FF951_07615	-1565848	1479	CDS		ATG	FF951_07615|CP040688_1565848_1564370_-2_ATG_492
CP040688	-1565845	TGA	FF951_07620	-1567230	1386	CDS		ATG	FF951_07620|CP040688_1567230_1565845_-3_ATG_461
CP040688	-1568388	TAA	FF951_07630	-1570118	1731	CDS		ATG	FF951_07630|CP040688_1570118_1568388_-1_ATG_576
CP040688	-1570373	TGA	FF951_07635	-1570774	402	CDS		ATG	FF951_07635|CP040688_1570774_1570373_-2_ATG_133
CP040688	-1570771	TGA	FF951_07640	-1571028	258	CDS		ATG	FF951_07640|CP040688_1571028_1570771_-3_ATG_85
CP040688	-1571111	TAA	FF951_07645	-1572070	960	CDS		ATG	FF951_07645|CP040688_1572070_1571111_-2_ATG_319
CP040688	-1572095	TAG	FF951_07650	-1573057	963	CDS		ATG	FF951_07650|CP040688_1573057_1572095_-2_ATG_320
CP040688	-1575859	TGA	FF951_07665	-1576683	825	CDS		ATG	FF951_07665|CP040688_1576683_1575859_-3_ATG_274
CP040688	-1577406	TGA	FF951_07675	-1578230	825	CDS		ATG	FF951_07675|CP040688_1578230_1577406_-1_ATG_274
CP040688	-1582471	TAA	FF951_07700	-1584027	1557	CDS		ATG	FF951_07700|CP040688_1584027_1582471_-3_ATG_518
CP040688	-1584033	TGA	FF951_07705	-1584743	711	CDS		ATG	FF951_07705|CP040688_1584743_1584033_-1_ATG_236
CP040688	-1595154	TAA	FF951_07770	-1595915	762	CDS		ATG	FF951_07770|CP040688_1595915_1595154_-1_ATG_253
CP040688	-1597320	TAG	FF951_07780	-1598582	1263	CDS		ATG	FF951_07780|CP040688_1598582_1597320_-1_ATG_420
CP040688	-1598582	TAA	FF951_07785	-1600189	1608	CDS		ATG	FF951_07785|CP040688_1600189_1598582_-2_ATG_535
CP040688	-1600193	TAA	FF951_07790	-1601020	828	CDS		TTG	FF951_07790|CP040688_1601020_1600193_-2_TTG_275
CP040688	-1608603	TGA	FF951_07825	-1609232	630	CDS		TTG	FF951_07825|CP040688_1609232_1608603_-1_TTG_209
CP040688	-1612647	TAG	FF951_07850	-1612874	228	CDS		ATG	FF951_07850|CP040688_1612874_1612647_-1_ATG_75
CP040688	-1613053	CAG	FF951_07855	-1613235	183	CDS	true	ATG	FF951_07855_p|CP040688_1613235_1613053_-3_ATG_61
CP040688	-1613243	TGA	FF951_07860	-1613668	426	CDS		ATG	FF951_07860|CP040688_1613668_1613243_-2_ATG_141
CP040688	-1614491	TGA	FF951_07870	-1615948	1458	CDS		ATG	FF951_07870|CP040688_1615948_1614491_-2_ATG_485
CP040688	-1618471	TAG	FF951_07880	-1618956	486	CDS		GTG	FF951_07880|CP040688_1618956_1618471_-3_GTG_161
CP040688	-1619388	TAA	FF951_07890	-1619501	114	CDS		ATG	FF951_07890|CP040688_1619501_1619388_-1_ATG_37
CP040688	-1619551	TGA	FF951_07895	-1619961	411	CDS		ATG	FF951_07895|CP040688_1619961_1619551_-3_ATG_136
CP040688	-1619978	TAA	FF951_07900	-1620721	744	CDS		GTG	FF951_07900|CP040688_1620721_1619978_-2_GTG_247
CP040688	-1620718	TGA	FF951_07905	-1621632	915	CDS		ATG	FF951_07905|CP040688_1621632_1620718_-3_ATG_304
CP040688	-1621685	TAG	FF951_07910	-1623229	1545	CDS		ATG	FF951_07910|CP040688_1623229_1621685_-2_ATG_514
CP040688	-1623226	TGA	FF951_07915	-1624347	1122	CDS		ATG	FF951_07915|CP040688_1624347_1623226_-3_ATG_373
CP040688	-1624364	TGA	FF951_07920	-1626466	2103	CDS		GTG	FF951_07920|CP040688_1626466_1624364_-2_GTG_700
CP040688	-1626750	TGA	FF951_07925	-1631018	4269	CDS		ATG	FF951_07925|CP040688_1631018_1626750_-1_ATG_1422
CP040688	-1632395	TGA	FF951_07935	-1634800	2406	CDS		ATG	FF951_07935|CP040688_1634800_1632395_-2_ATG_801
CP040688	-1636245	TAG	FF951_07945	-1637231	987	CDS		ATG	FF951_07945|CP040688_1637231_1636245_-1_ATG_328
CP040688	-1638064	TGA	FF951_07955	-1638996	933	CDS		GTG	FF951_07955|CP040688_1638996_1638064_-3_GTG_310
CP040688	-1639108	TGA	FF951_07960	-1639893	786	CDS		GTG	FF951_07960|CP040688_1639893_1639108_-3_GTG_261
CP040688	-1639890	TGA	FF951_07965	-1640831	942	CDS		GTG	FF951_07965|CP040688_1640831_1639890_-1_GTG_313
CP040688	-1640987	TGA	FF951_07975	-1642762	1776	CDS		ATG	FF951_07975|CP040688_1642762_1640987_-2_ATG_591
CP040688	-1650297	TGA	FF951_08015	-1652126	1830	CDS		TTG	FF951_08015|CP040688_1652126_1650297_-1_TTG_609
CP040688	-1652233	TAG	FF951_08020	-1653345	1113	CDS		ATG	FF951_08020|CP040688_1653345_1652233_-3_ATG_370
CP040688	-1653682	TGA	FF951_08025	-1654943	1263	fCDS		ATG	FF951_08025_fCDS|CP040688_1654943_1653682_-1_ATG_420
CP040688	-1660623	TGA	FF951_08060	-1661186	564	CDS		GTG	FF951_08060|CP040688_1661186_1660623_-1_GTG_187
CP040688	-1661197	TGA	FF951_08065	-1664028	2832	CDS		GTG	FF951_08065|CP040688_1664028_1661197_-3_GTG_943
CP040688	-1670439	TAA	FF951_08100	-1671281	843	CDS		ATG	FF951_08100|CP040688_1671281_1670439_-1_ATG_280
CP040688	-1673999	TGA	FF951_08120	-1674865	867	CDS		ATG	FF951_08120|CP040688_1674865_1673999_-2_ATG_288
CP040688	-1679190	TGA	FF951_08155	-1679948	759	CDS		GTG	FF951_08155|CP040688_1679948_1679190_-1_GTG_252
CP040688	-1687285	TAG	FF951_08190	-1688058	774	CDS		CTG	FF951_08190|CP040688_1688058_1687285_-3_CTG_257
CP040688	-1688116	TGA	FF951_08195	-1688328	213	CDS		ATG	FF951_08195|CP040688_1688328_1688116_-3_ATG_70
CP040688	-1691978	TGA	FF951_08220	-1693126	1149	CDS	true	GTG	FF951_08220_p|CP040688_1693126_1691978_-2_GTG_382
CP040688	-1693263	TGA	FF951_08225	-1693928	666	CDS		ATG	FF951_08225|CP040688_1693928_1693263_-1_ATG_221
CP040688	-1693925	TGA	FF951_08230	-1694425	501	CDS		GTG	FF951_08230|CP040688_1694425_1693925_-2_GTG_166
CP040688	-1694708	TGA	FF951_08235	-1695403	696	CDS		TTG	FF951_08235|CP040688_1695403_1694708_-2_TTG_231
CP040688	-1696075	TAG	FF951_08245	-1697874	1800	CDS		GTG	FF951_08245|CP040688_1697874_1696075_-3_GTG_599
CP040688	-1700595	TGA	FF951_08265	-1700889	295	CDS	true	ATT	FF951_08265_p|CP040688_1700889_1700595_-3_ATT_98
CP040688	-1703787	TAG	FF951_08285	-1704575	789	CDS		GTG	FF951_08285|CP040688_1704575_1703787_-1_GTG_262
CP040688	-1704610	TGA	FF951_08290	-1705506	897	CDS		ATG	FF951_08290|CP040688_1705506_1704610_-3_ATG_298
CP040688	-1705509	TGA	FF951_08295	-1706519	1011	CDS		GTG	FF951_08295|CP040688_1706519_1705509_-1_GTG_336
CP040688	-1710037	TGA	FF951_08320	-1710237	201	CDS		ATG	FF951_08320|CP040688_1710237_1710037_-3_ATG_66
CP040688	-1712152	TGA	FF951_08330	-1715592	3441	CDS		GTG	FF951_08330|CP040688_1715592_1712152_-3_GTG_1146
CP040688	-1718759	TGA	FF951_08350	-1720039	1281	CDS		ATG	FF951_08350|CP040688_1720039_1718759_-2_ATG_426
CP040688	-1720062	TGA	FF951_08355	-1726388	6327	CDS		GTG	FF951_08355|CP040688_1726388_1720062_-1_GTG_2108
CP040688	-1726932	TGA	FF951_08360	-1727429	498	CDS		GTG	FF951_08360|CP040688_1727429_1726932_-1_GTG_165
CP040688	-1731095	TAG	FF951_08380	-1731529	435	CDS		ATG	FF951_08380|CP040688_1731529_1731095_-2_ATG_144
CP040688	-1739191	TGA	FF951_08410	-1740171	981	CDS		ATG	FF951_08410|CP040688_1740171_1739191_-3_ATG_326
CP040688	-1741757	TGA	FF951_08425	-1742350	594	CDS		ATG	FF951_08425|CP040688_1742350_1741757_-2_ATG_197
CP040688	-1742405	TGA	FF951_08430	-1742815	411	CDS		ATG	FF951_08430|CP040688_1742815_1742405_-2_ATG_136
CP040688	-1749276	TAG	FF951_08460	-1751312	2037	CDS		ATG	FF951_08460|CP040688_1751312_1749276_-1_ATG_678
CP040688	-1763379	TGA	FF951_08535	-1765121	1743	CDS		ATG	FF951_08535|CP040688_1765121_1763379_-1_ATG_580
CP040688	-1765114	TGA	FF951_08540	-1767411	2298	CDS		ATG	FF951_08540|CP040688_1767411_1765114_-3_ATG_765
CP040688	-1767415	TGA	FF951_08545	-1769580	2166	CDS		ATG	FF951_08545|CP040688_1769580_1767415_-3_ATG_721
CP040688	-1769619	TGA	FF951_08550	-1771808	2190	CDS		ATG	FF951_08550|CP040688_1771808_1769619_-1_ATG_729
CP040688	-1771907	TAA	FF951_08555	-1772599	693	CDS		ATG	FF951_08555|CP040688_1772599_1771907_-2_ATG_230
CP040688	-1772839	TAA	FF951_08560	-1773123	285	CDS		ATG	FF951_08560|CP040688_1773123_1772839_-3_ATG_94
CP040688	-1777173	TGA	FF951_08590	-1778129	957	CDS		GTG	FF951_08590|CP040688_1778129_1777173_-1_GTG_318
CP040688	-1777900	TGA	FF951_08595	-1778568	669	CDS		ATG	FF951_08595|CP040688_1778568_1777900_-3_ATG_222
CP040688	-1781132	TGA	FF951_08615	-1782472	1341	CDS		ATG	FF951_08615|CP040688_1782472_1781132_-2_ATG_446
CP040688	-1782729	TGA	FF951_08620	-1783439	711	CDS		ATG	FF951_08620|CP040688_1783439_1782729_-1_ATG_236
CP040688	-1787805	TGA	FF951_08645	-1788215	411	CDS		ATG	FF951_08645|CP040688_1788215_1787805_-1_ATG_136
CP040688	-1796030	TAG	FF951_08695	-1796494	465	CDS		ATG	FF951_08695|CP040688_1796494_1796030_-2_ATG_154
CP040688	-1808696	TGA	FF951_08760	-1810426	1731	CDS		ATG	FF951_08760|CP040688_1810426_1808696_-2_ATG_576
CP040688	-1810423	TGA	FF951_08765	-1812030	1608	CDS		CTG	FF951_08765|CP040688_1812030_1810423_-3_CTG_535
CP040688	-1812093	TGA	FF951_08770	-1813133	1041	CDS		GTG	FF951_08770|CP040688_1813133_1812093_-1_GTG_346
CP040688	-1813163	TGA	FF951_08775	-1814620	1458	CDS		ATG	FF951_08775|CP040688_1814620_1813163_-2_ATG_485
CP040688	-1814731	TGA	FF951_08780	-1815318	588	CDS		ATG	FF951_08780|CP040688_1815318_1814731_-3_ATG_195
CP040688	-1815347	TGA	FF951_08785	-1816678	1332	CDS		GTG	FF951_08785|CP040688_1816678_1815347_-2_GTG_443
CP040688	-1817598	TAG	FF951_08800	-1818806	1209	CDS		ATG	FF951_08800|CP040688_1818806_1817598_-1_ATG_402
CP040688	-1818803	TGA	FF951_08805	-1819294	492	CDS		GTG	FF951_08805|CP040688_1819294_1818803_-2_GTG_163
CP040688	-1825120	TGA	FF951_08830	-1825563	444	CDS		GTG	FF951_08830|CP040688_1825563_1825120_-3_GTG_147
CP040688	-1829305	TAA	FF951_08850	-1830975	1671	CDS		ATG	FF951_08850|CP040688_1830975_1829305_-3_ATG_556
CP040688	-1831631	TAA	FF951_08865	-1832425	795	CDS		ATG	FF951_08865|CP040688_1832425_1831631_-2_ATG_264
CP040688	-1835449	TGA	FF951_08875	-1835706	258	CDS		ATG	FF951_08875|CP040688_1835706_1835449_-3_ATG_85
CP040688	-1835722	TAG	FF951_08880	-1837191	1470	CDS		ATG	FF951_08880|CP040688_1837191_1835722_-3_ATG_489
CP040688	-1837250	TAG	FF951_08885	-1840768	3519	CDS		GTG	FF951_08885|CP040688_1840768_1837250_-2_GTG_1172
CP040688	-1843131	TAG	FF951_08910	-1844186	1056	CDS		ATG	FF951_08910|CP040688_1844186_1843131_-1_ATG_351
CP040688	-1851079	TAG	FF951_08940	-1854135	3057	CDS		ATG	FF951_08940|CP040688_1854135_1851079_-3_ATG_1018
CP040688	-1881023	TAA	FF951_09015	-1882315	1293	CDS		GTG	FF951_09015|CP040688_1882315_1881023_-2_GTG_430
CP040688	-1882330	TGA	FF951_09020	-1884105	1776	CDS		ATG	FF951_09020|CP040688_1884105_1882330_-3_ATG_591
CP040688	-1885639	TAA	FF951_09040	-1886970	1332	CDS		GTG	FF951_09040|CP040688_1886970_1885639_-3_GTG_443
CP040688	-1887063	TAA	FF951_09045	-1887995	933	CDS		ATG	FF951_09045|CP040688_1887995_1887063_-1_ATG_310
CP040688	-1888023	TAA	FF951_09050	-1888679	657	CDS		ATG	FF951_09050|CP040688_1888679_1888023_-1_ATG_218
CP040688	-1889004	TGA	FF951_09055	-1889738	735	CDS		ATG	FF951_09055|CP040688_1889738_1889004_-1_ATG_244
CP040688	-1899539	TGA	FF951_09105	-1900162	624	CDS		GTG	FF951_09105|CP040688_1900162_1899539_-2_GTG_207
CP040688	-1900164	TAG	FF951_09110	-1900883	720	CDS		ATT	FF951_09110|CP040688_1900883_1900164_-1_ATT_239
CP040688	-1900916	TAA	FF951_09115	-1901683	768	CDS		ATG	FF951_09115|CP040688_1901683_1900916_-2_ATG_255
CP040688	-1915974	TGA	FF951_09190	-1917338	1365	CDS		ATG	FF951_09190|CP040688_1917338_1915974_-1_ATG_454
CP040688	-1917894	TAG	FF951_09195	-1918643	750	CDS		ATG	FF951_09195|CP040688_1918643_1917894_-1_ATG_249
CP040688	-1918549	TGA	FF951_09200	-1920219	1671	CDS		ATG	FF951_09200|CP040688_1920219_1918549_-3_ATG_556
CP040688	-1920260	TAA	FF951_09205	-1921417	1158	CDS		ATG	FF951_09205|CP040688_1921417_1920260_-2_ATG_385
CP040688	-1921457	TAG	FF951_09210	-1922641	1185	CDS		ATG	FF951_09210|CP040688_1922641_1921457_-2_ATG_394
CP040688	-1923245	TGA	FF951_09215	-1923412	168	CDS		ATG	FF951_09215|CP040688_1923412_1923245_-2_ATG_55
CP040688	-1935793	TGA	FF951_09290	-1936182	390	CDS		GTG	FF951_09290|CP040688_1936182_1935793_-3_GTG_129
CP040688	-1936179	TGA	FF951_09295	-1936406	228	CDS		ATG	FF951_09295|CP040688_1936406_1936179_-1_ATG_75
CP040688	-1939395	TAA	FF951_09310	-1939814	420	CDS		ATG	FF951_09310|CP040688_1939814_1939395_-1_ATG_139
CP040688	-1939804	TAA	FF951_09315	-1940514	711	CDS		GTG	FF951_09315|CP040688_1940514_1939804_-3_GTG_236
CP040688	-1942627	TGA	FF951_09330	-1943397	771	CDS		ATG	FF951_09330|CP040688_1943397_1942627_-3_ATG_256
CP040688	-1943394	TGA	FF951_09335	-1944332	939	CDS		GTG	FF951_09335|CP040688_1944332_1943394_-1_GTG_312
CP040688	-1944299	TGA	FF951_09340	-1944547	249	CDS		TTG	FF951_09340|CP040688_1944547_1944299_-2_TTG_82
CP040688	-1944626	TAG	FF951_09345	-1946176	1551	CDS		TTG	FF951_09345|CP040688_1946176_1944626_-2_TTG_516
CP040688	-1948174	TAG	FF951_09355	-1948722	549	CDS		ATG	FF951_09355|CP040688_1948722_1948174_-3_ATG_182
CP040688	-1948786	TGA	FF951_09360	-1949418	633	CDS		ATG	FF951_09360|CP040688_1949418_1948786_-3_ATG_210
CP040688	-1949705	TGA	FF951_09365	-1949947	243	CDS		ATG	FF951_09365|CP040688_1949947_1949705_-2_ATG_80
CP040688	-1950222	TAG	FF951_09375	-1950758	537	CDS		CTG	FF951_09375|CP040688_1950758_1950222_-1_CTG_178
CP040688	-1950818	TAG	FF951_09380	-1951060	243	CDS		ATG	FF951_09380|CP040688_1951060_1950818_-2_ATG_80
CP040688	-1951159	TGA	FF951_09385	-1953117	1959	CDS		GTG	FF951_09385|CP040688_1953117_1951159_-3_GTG_652
CP040688	-1953114	TGA	FF951_09390	-1954301	1188	CDS		ATG	FF951_09390|CP040688_1954301_1953114_-1_ATG_395
CP040688	-1954886	TAA	FF951_09400	-1956568	1683	CDS		ATG	FF951_09400|CP040688_1956568_1954886_-2_ATG_560
CP040688	-1959920	TAA	FF951_09425	-1960321	402	CDS		ATG	FF951_09425|CP040688_1960321_1959920_-2_ATG_133
CP040688	-1960311	TAA	FF951_09430	-1960922	612	CDS		ATG	FF951_09430|CP040688_1960922_1960311_-1_ATG_203
CP040688	-1966259	TAG	FF951_09450	-1966816	558	CDS		GTG	FF951_09450|CP040688_1966816_1966259_-2_GTG_185
CP040688	-1966900	TGA	FF951_09455	-1968498	1599	CDS		ATG	FF951_09455|CP040688_1968498_1966900_-3_ATG_532
CP040688	-1970545	TAA	FF951_09470	-1974009	3465	CDS		ATG	FF951_09470|CP040688_1974009_1970545_-3_ATG_1154
CP040688	-1974213	TAG	FF951_09475	-1975862	1650	CDS		ATG	FF951_09475|CP040688_1975862_1974213_-1_ATG_549
CP040688	-1975915	TGA	FF951_09480	-1977176	1263	fCDS		ATG	FF951_09480_fCDS|CP040688_1977176_1975915_-1_ATG_420
CP040688	-1977747	TAA	FF951_09485	-1977986	240	CDS		ATT	FF951_09485|CP040688_1977986_1977747_-1_ATT_79
CP040688	-1978020	TAG	FF951_09490	-1978148	129	CDS		ATT	FF951_09490|CP040688_1978148_1978020_-1_ATT_42
CP040688	-1978124	TGA	FF951_09495	-1978324	201	CDS		TTG	FF951_09495|CP040688_1978324_1978124_-2_TTG_66
CP040688	-1985625	TGA	FF951_09535	-1986371	747	CDS		GTG	FF951_09535|CP040688_1986371_1985625_-1_GTG_248
CP040688	-1988600	TGA	FF951_09550	-1989160	561	CDS		GTG	FF951_09550|CP040688_1989160_1988600_-2_GTG_186
CP040688	-1990686	TAG	FF951_09560	-1991135	450	CDS		ATG	FF951_09560|CP040688_1991135_1990686_-1_ATG_149
CP040688	-1991291	TAG	FF951_09565	-1993084	1794	CDS		ATG	FF951_09565|CP040688_1993084_1991291_-2_ATG_597
CP040688	-1993907	TGA	FF951_09575	-1996081	2175	CDS		ATG	FF951_09575|CP040688_1996081_1993907_-2_ATG_724
CP040688	-2002052	TGA	FF951_09590	-2003233	1182	CDS		ATG	FF951_09590|CP040688_2003233_2002052_-2_ATG_393
CP040688	-2019975	TGA	FF951_09675	-2020361	387	CDS		ATG	FF951_09675|CP040688_2020361_2019975_-1_ATG_128
CP040688	-2023527	TAG	FF951_09690	-2025446	1920	CDS		GTG	FF951_09690|CP040688_2025446_2023527_-1_GTG_639
CP040688	-2025627	TAG	FF951_09695	-2025953	327	CDS		ATG	FF951_09695|CP040688_2025953_2025627_-1_ATG_108
CP040688	-2026291	TAA	FF951_09700	-2026638	348	CDS		ATG	FF951_09700|CP040688_2026638_2026291_-3_ATG_115
CP040688	-2032763	TAG	FF951_09735	-2033965	1203	CDS		TTG	FF951_09735|CP040688_2033965_2032763_-2_TTG_400
CP040688	-2034287	TAA	FF951_09740	-2034718	432	CDS		ATG	FF951_09740|CP040688_2034718_2034287_-2_ATG_143
CP040688	-2039784	TAG	FF951_09775	-2041288	1505	CDS	true	ATG	FF951_09775_p|CP040688_2041288_2039784_-2_ATG_501
CP040688	-2041423	TAA	FF951_09780	-2043342	1920	CDS		TTG	FF951_09780|CP040688_2043342_2041423_-3_TTG_639
CP040688	-2057487	TGA	FF951_09845	-2058347	861	CDS		ATG	FF951_09845|CP040688_2058347_2057487_-1_ATG_286
CP040688	-2059259	TAG	FF951_09855	-2061145	1887	CDS		ATG	FF951_09855|CP040688_2061145_2059259_-2_ATG_628
CP040688	-2061161	TGA	FF951_09860	-2063194	2034	CDS		ATG	FF951_09860|CP040688_2063194_2061161_-2_ATG_677
CP040688	-2063314	TAG	FF951_09870	-2065539	2226	CDS		ATG	FF951_09870|CP040688_2065539_2063314_-3_ATG_741
CP040688	-2065815	TGA	FF951_09875	-2066210	396	CDS		GTG	FF951_09875|CP040688_2066210_2065815_-1_GTG_131
CP040688	-2066207	TGA	FF951_09880	-2066470	264	CDS		ATG	FF951_09880|CP040688_2066470_2066207_-2_ATG_87
CP040688	-2066529	TAG	FF951_09885	-2068076	1548	CDS		ATG	FF951_09885|CP040688_2068076_2066529_-1_ATG_515
CP040688	-2068239	TGA	FF951_09890	-2069276	1038	CDS		ATG	FF951_09890|CP040688_2069276_2068239_-1_ATG_345
CP040688	-2069276	TGA	FF951_09895	-2070643	1368	CDS		GTG	FF951_09895|CP040688_2070643_2069276_-2_GTG_455
CP040688	-2070817	TGA	FF951_09900	-2072253	1437	CDS		ATG	FF951_09900|CP040688_2072253_2070817_-3_ATG_478
CP040688	-2072289	TAG	FF951_09905	-2073740	1452	CDS		ATG	FF951_09905|CP040688_2073740_2072289_-1_ATG_483
CP040688	-2073770	TAG	FF951_09910	-2074720	951	CDS		GTG	FF951_09910|CP040688_2074720_2073770_-2_GTG_316
CP040688	-2074735	TGA	FF951_09915	-2075151	417	CDS		ATG	FF951_09915|CP040688_2075151_2074735_-3_ATG_138
CP040688	-2080203	TAG	FF951_09955	-2081594	1392	CDS		ATG	FF951_09955|CP040688_2081594_2080203_-1_ATG_463
CP040688	-2081736	TAG	FF951_09960	-2082659	924	CDS		GTG	FF951_09960|CP040688_2082659_2081736_-1_GTG_307
CP040688	-2082698	TGA	FF951_09965	-2083375	678	CDS		ATG	FF951_09965|CP040688_2083375_2082698_-2_ATG_225
CP040688	-2089144	TGA	FF951_10000	-2089914	771	CDS		ATG	FF951_10000|CP040688_2089914_2089144_-3_ATG_256
CP040688	-2089907	TGA	FF951_10005	-2090662	756	CDS		GTG	FF951_10005|CP040688_2090662_2089907_-2_GTG_251
CP040688	-2090659	TGA	FF951_10010	-2091519	861	CDS		GTG	FF951_10010|CP040688_2091519_2090659_-3_GTG_286
CP040688	-2094164	TAG	FF951_10020	-2094370	207	CDS		GTG	FF951_10020|CP040688_2094370_2094164_-2_GTG_68
CP040688	-2098013	TGA	FF951_10035	-2099248	1236	CDS		ATG	FF951_10035|CP040688_2099248_2098013_-2_ATG_411
CP040688	-2099348	TAA	FF951_10040	-2099983	636	CDS		TTG	FF951_10040|CP040688_2099983_2099348_-2_TTG_211
CP040688	-2100048	TGA	FF951_10045	-2100437	390	CDS		TTG	FF951_10045|CP040688_2100437_2100048_-1_TTG_129
CP040688	-2100460	TGA	FF951_10050	-2101704	1245	CDS		ATG	FF951_10050|CP040688_2101704_2100460_-3_ATG_414
CP040688	-2103383	TGA	FF951_10070	-2103595	213	CDS		ATG	FF951_10070|CP040688_2103595_2103383_-2_ATG_70
CP040688	-2103595	TGA	FF951_10075	-2103786	192	CDS		GTG	FF951_10075|CP040688_2103786_2103595_-3_GTG_63
CP040688	-2107890	TGA	FF951_10100	-2109206	1317	CDS		GTG	FF951_10100|CP040688_2109206_2107890_-1_GTG_438
CP040688	-2109256	TGA	FF951_10105	-2109678	423	CDS		GTG	FF951_10105|CP040688_2109678_2109256_-3_GTG_140
CP040688	-2109719	TAA	FF951_10110	-2110552	834	CDS		ATG	FF951_10110|CP040688_2110552_2109719_-2_ATG_277
CP040688	-2110580	TGA	FF951_10115	-2111056	477	CDS		ATG	FF951_10115|CP040688_2111056_2110580_-2_ATG_158
CP040688	-2111095	TGA	FF951_10120	-2111625	531	CDS		GTG	FF951_10120|CP040688_2111625_2111095_-3_GTG_176
CP040688	-2111637	TGA	FF951_10125	-2112236	600	CDS		TTG	FF951_10125|CP040688_2112236_2111637_-1_TTG_199
CP040688	-2112254	TGA	FF951_10130	-2113231	978	CDS		ATG	FF951_10130|CP040688_2113231_2112254_-2_ATG_325
CP040688	-2114734	TAA	FF951_10145	-2115453	720	CDS		ATG	FF951_10145|CP040688_2115453_2114734_-3_ATG_239
CP040688	-2115818	TAG	FF951_10155	-2115991	174	CDS		GTG	FF951_10155|CP040688_2115991_2115818_-2_GTG_57
CP040688	-2116035	TGA	FF951_10160	-2116391	357	CDS		ATG	FF951_10160|CP040688_2116391_2116035_-1_ATG_118
CP040688	-2116450	TGA	FF951_10165	-2117061	612	CDS		GTG	FF951_10165|CP040688_2117061_2116450_-3_GTG_203
CP040688	-2118113	TGA	FF951_10185	-2119243	1131	CDS		ATG	FF951_10185|CP040688_2119243_2118113_-2_ATG_376
CP040688	-2120909	TAA	FF951_10200	-2121820	912	CDS		ATG	FF951_10200|CP040688_2121820_2120909_-2_ATG_303
CP040688	-2121825	TGA	FF951_10205	-2122256	432	CDS		GTG	FF951_10205|CP040688_2122256_2121825_-1_GTG_143
CP040688	-2122588	TAG	FF951_10215	-2123664	1077	CDS		ATG	FF951_10215|CP040688_2123664_2122588_-3_ATG_358
CP040688	-2123664	TAA	FF951_10220	-2125052	1389	CDS		GTG	FF951_10220|CP040688_2125052_2123664_-1_GTG_462
CP040688	-2126425	TAG	FF951_10230	-2127693	1269	CDS		GTG	FF951_10230|CP040688_2127693_2126425_-3_GTG_422
CP040688	-2128852	TAA	FF951_10245	-2129814	963	CDS		GTG	FF951_10245|CP040688_2129814_2128852_-3_GTG_320
CP040688	-2129844	TAA	FF951_10250	-2130314	471	CDS		ATG	FF951_10250|CP040688_2130314_2129844_-1_ATG_156
CP040688	-2130654	TGA	FF951_10255	-2131118	465	CDS		ATG	FF951_10255|CP040688_2131118_2130654_-1_ATG_154
CP040688	-2131294	TGA	FF951_10260	-2133516	2223	CDS		GTG	FF951_10260|CP040688_2133516_2131294_-3_GTG_740
CP040688	-2133554	TGA	FF951_10265	-2133997	444	CDS		GTG	FF951_10265|CP040688_2133997_2133554_-2_GTG_147
CP040688	-2134111	TGA	FF951_10270	-2134704	594	CDS		GTG	FF951_10270|CP040688_2134704_2134111_-3_GTG_197
CP040688	-2134787	TGA	FF951_10275	-2135392	606	CDS		ATG	FF951_10275|CP040688_2135392_2134787_-2_ATG_201
CP040688	-2135492	TGA	FF951_10280	-2136496	1005	CDS		ATG	FF951_10280|CP040688_2136496_2135492_-2_ATG_334
CP040688	-2137326	TAG	FF951_10290	-2137733	408	CDS		ATG	FF951_10290|CP040688_2137733_2137326_-1_ATG_135
CP040688	-2140338	TAA	FF951_10300	-2144252	3915	CDS	true	ATT	FF951_10300_p|CP040688_2144252_2140338_-1_ATT_1304
CP040688	-2144295	TGA	FF951_10305	-2145556	1263	fCDS		ATG	FF951_10305_fCDS|CP040688_2145556_2144295_-2_ATG_420
CP040688	-2145608	ATT	FF951_10310	-2147215	1608	CDS	true	ATG	FF951_10310_p|CP040688_2147215_2145608_-2_ATG_536
CP040688	-2147553	TAA	FF951_10315	-2150516	2964	CDS		ATG	FF951_10315|CP040688_2150516_2147553_-1_ATG_987
CP040688	-2150965	TGA	FF951_10320	-2151429	465	CDS		ATG	FF951_10320|CP040688_2151429_2150965_-3_ATG_154
CP040688	-2152428	TGA	FF951_10330	-2153699	1272	CDS		ATG	FF951_10330|CP040688_2153699_2152428_-1_ATG_423
CP040688	-2156454	TAG	FF951_10345	-2156834	381	CDS		ATG	FF951_10345|CP040688_2156834_2156454_-1_ATG_126
CP040688	-2158861	TAG	FF951_10355	-2159340	480	CDS		ATG	FF951_10355|CP040688_2159340_2158861_-3_ATG_159
CP040688	-2160354	TAA	FF951_10365	-2161121	768	CDS		ATG	FF951_10365|CP040688_2161121_2160354_-1_ATG_255
CP040688	-2161166	TGA	FF951_10370	-2161810	645	CDS		GTG	FF951_10370|CP040688_2161810_2161166_-2_GTG_214
CP040688	-2161822	TAG	FF951_10375	-2162346	525	CDS		ATG	FF951_10375|CP040688_2162346_2161822_-3_ATG_174
CP040688	-2162364	TGA	FF951_10380	-2163143	780	CDS		GTG	FF951_10380|CP040688_2163143_2162364_-1_GTG_259
CP040688	-2163770	TAG	FF951_10390	-2164861	1092	CDS		GTG	FF951_10390|CP040688_2164861_2163770_-2_GTG_363
CP040688	-2164863	TGA	FF951_10395	-2166092	1230	CDS		GTG	FF951_10395|CP040688_2166092_2164863_-1_GTG_409
CP040688	-2166107	TGA	FF951_10400	-2167063	957	CDS		ATG	FF951_10400|CP040688_2167063_2166107_-2_ATG_318
CP040688	-2167105	TAA	FF951_10405	-2167320	216	CDS		ATG	FF951_10405|CP040688_2167320_2167105_-3_ATG_71
CP040688	-2174548	TGA	FF951_10440	-2174877	330	CDS		GTG	FF951_10440|CP040688_2174877_2174548_-3_GTG_109
CP040688	-2174874	TGA	FF951_10445	-2175251	378	CDS		GTG	FF951_10445|CP040688_2175251_2174874_-1_GTG_125
CP040688	-2175248	TGA	FF951_10450	-2175838	591	CDS		ATG	FF951_10450|CP040688_2175838_2175248_-2_ATG_196
CP040688	-2177412	TGA	FF951_10460	-2177864	453	CDS		ATG	FF951_10460|CP040688_2177864_2177412_-1_ATG_150
CP040688	-2178322	TAA	FF951_10470	-2178504	183	CDS		GTG	FF951_10470|CP040688_2178504_2178322_-3_GTG_60
CP040688	-2178618	TGA	FF951_10475	-2178968	351	CDS		ATG	FF951_10475|CP040688_2178968_2178618_-1_ATG_116
CP040688	-2178979	TGA	FF951_10480	-2179881	903	CDS		TTG	FF951_10480|CP040688_2179881_2178979_-3_TTG_300
CP040688	-2179902	TAG	FF951_10485	-2180093	192	CDS		TTG	FF951_10485|CP040688_2180093_2179902_-1_TTG_63
CP040688	-2180094	TAA	FF951_10490	-2180390	297	CDS		ATG	FF951_10490|CP040688_2180390_2180094_-1_ATG_98
CP040688	-2182922	TAG	FF951_10525	-2183536	615	CDS		ATG	FF951_10525|CP040688_2183536_2182922_-2_ATG_204
CP040688	-2183585	TGA	FF951_10530	-2183881	297	CDS		GTG	FF951_10530|CP040688_2183881_2183585_-2_GTG_98
CP040688	-2183878	TGA	FF951_10535	-2184129	252	CDS		GTG	FF951_10535|CP040688_2184129_2183878_-3_GTG_83
CP040688	-2184770	TGA	FF951_10545	-2185177	408	CDS		GTG	FF951_10545|CP040688_2185177_2184770_-2_GTG_135
CP040688	-2185181	TAG	FF951_10550	-2185453	273	CDS		GTG	FF951_10550|CP040688_2185453_2185181_-2_GTG_90
CP040688	-2185486	TAG	FF951_10555	-2186706	1221	CDS		ATG	FF951_10555|CP040688_2186706_2185486_-3_ATG_406
CP040688	-2198750	TGA	FF951_10630	-2199157	408	CDS		GTG	FF951_10630|CP040688_2199157_2198750_-2_GTG_135
CP040688	-2199220	TAG	FF951_10635	-2199498	279	CDS		GTG	FF951_10635|CP040688_2199498_2199220_-3_GTG_92
CP040688	-2199628	TAG	FF951_10640	-2200274	647	CDS	true	ATG	FF951_10640_p|CP040688_2200274_2199628_-1_ATG_215
CP040688	-2200773	TGA	FF951_10645	-2200982	210	CDS		GTG	FF951_10645|CP040688_2200982_2200773_-1_GTG_69
CP040688	-2202599	TAA	FF951_10660	-2202868	270	CDS		ATG	FF951_10660|CP040688_2202868_2202599_-2_ATG_89
CP040688	-2202946	TAG	FF951_10665	-2203125	180	CDS		GTG	FF951_10665|CP040688_2203125_2202946_-3_GTG_59
CP040688	-2206120	TAG	FF951_10685	-2207565	1446	CDS		GTG	FF951_10685|CP040688_2207565_2206120_-3_GTG_481
CP040688	-2207744	TAG	FF951_10690	-2208430	687	CDS		GTG	FF951_10690|CP040688_2208430_2207744_-2_GTG_228
CP040688	-2208621	TAA	FF951_10695	-2209589	969	CDS		ATG	FF951_10695|CP040688_2209589_2208621_-1_ATG_322
CP040688	-2209814	TAA	FF951_10700	-2210233	420	CDS		ATG	FF951_10700|CP040688_2210233_2209814_-2_ATG_139
CP040688	-2210242	TGA	FF951_10705	-2210502	261	CDS		GTG	FF951_10705|CP040688_2210502_2210242_-3_GTG_86
CP040688	-2212309	TGA	FF951_10715	-2212962	654	CDS		ATG	FF951_10715|CP040688_2212962_2212309_-3_ATG_217
CP040688	-2213392	TGA	FF951_10725	-2214303	912	CDS		ATG	FF951_10725|CP040688_2214303_2213392_-3_ATG_303
CP040688	-2217140	TAG	FF951_10750	-2217700	561	CDS		GTG	FF951_10750|CP040688_2217700_2217140_-2_GTG_186
CP040688	-2217697	TGA	FF951_10755	-2218038	342	CDS		ATG	FF951_10755|CP040688_2218038_2217697_-3_ATG_113
CP040688	-2218282	TAG	FF951_10765	-2218617	336	CDS		GTG	FF951_10765|CP040688_2218617_2218282_-3_GTG_111
CP040688	-2218706	TGA	FF951_10770	-2219050	345	CDS		GTG	FF951_10770|CP040688_2219050_2218706_-2_GTG_114
CP040688	-2219044	TGA	FF951_10775	-2219292	249	CDS		ATG	FF951_10775|CP040688_2219292_2219044_-3_ATG_82
CP040688	-2219392	TAG	FF951_10780	-2221707	2316	CDS		GTG	FF951_10780|CP040688_2221707_2219392_-3_GTG_771
CP040688	-2221704	TGA	FF951_10785	-2221976	273	CDS		GTG	FF951_10785|CP040688_2221976_2221704_-1_GTG_90
CP040688	-2222029	TGA	FF951_10790	-2222385	357	CDS		ATG	FF951_10790|CP040688_2222385_2222029_-3_ATG_118
CP040688	-2227345	TAA	FF951_10810	-2228121	777	CDS		ATG	FF951_10810|CP040688_2228121_2227345_-3_ATG_258
CP040688	-2228216	TAG	FF951_10815	-2229538	1323	CDS		ATG	FF951_10815|CP040688_2229538_2228216_-2_ATG_440
CP040688	-2232963	TAG	FF951_10835	-2233820	858	CDS		GTG	FF951_10835|CP040688_2233820_2232963_-1_GTG_285
CP040688	-2233878	TGA	FF951_10840	-2235374	1497	CDS		ATG	FF951_10840|CP040688_2235374_2233878_-1_ATG_498
CP040688	-2235396	TGA	FF951_10845	-2236283	888	CDS		ATG	FF951_10845|CP040688_2236283_2235396_-1_ATG_295
CP040688	-2240484	TAG	FF951_10855	-2240828	345	CDS		GTG	FF951_10855|CP040688_2240828_2240484_-1_GTG_114
CP040688	-2241017	TGA	FF951_10860	-2242342	1326	CDS		ATG	FF951_10860|CP040688_2242342_2241017_-2_ATG_441
CP040688	-2243254	TGA	FF951_10875	-2243685	432	CDS		ATG	FF951_10875|CP040688_2243685_2243254_-3_ATG_143
CP040688	-2244421	TAA	FF951_10890	-2244660	240	CDS		GTG	FF951_10890|CP040688_2244660_2244421_-3_GTG_79
CP040688	-2244657	TGA	FF951_10895	-2244836	180	CDS	true	TTC	FF951_10895_p|CP040688_2244836_2244657_-1_TTC_59
CP040688	-2246216	TAG	FF951_10910	-2247472	1257	CDS		ATG	FF951_10910|CP040688_2247472_2246216_-2_ATG_418
CP040688	-2248070	TGA	FF951_10925	-2249331	1263	fCDS		ATG	FF951_10925_fCDS|CP040688_2249331_2248070_-3_ATG_420
CP040688	-2252178	TAA	FF951_10950	-2252477	300	CDS		GTG	FF951_10950|CP040688_2252477_2252178_-1_GTG_99
CP040688	-2252562	TAG	FF951_10955	-2252867	306	CDS		ATG	FF951_10955|CP040688_2252867_2252562_-1_ATG_101
CP040688	-2252876	TAA	FF951_10960	-2253481	606	CDS		GTG	FF951_10960|CP040688_2253481_2252876_-2_GTG_201
CP040688	-2253506	TGA	FF951_10965	-2253865	360	CDS		GTG	FF951_10965|CP040688_2253865_2253506_-2_GTG_119
CP040688	-2254025	TAG	FF951_10970	-2254702	678	CDS		ATG	FF951_10970|CP040688_2254702_2254025_-2_ATG_225
CP040688	-2254654	TGA	FF951_10975	-2254890	237	CDS		ATG	FF951_10975|CP040688_2254890_2254654_-3_ATG_78
CP040688	-2255097	TGA	FF951_10980	-2255993	897	CDS		ATG	FF951_10980|CP040688_2255993_2255097_-1_ATG_298
CP040688	-2256177	TGA	FF951_10985	-2256533	357	CDS	true	GGC	FF951_10985_p|CP040688_2256533_2256177_-1_GGC_118
CP040688	-2257889	GGT	FF951_10995	-2262355	4467	CDS	true	ATG	FF951_10995_p|CP040688_2262355_2257889_-2_ATG_1489
CP040688	-2262865	TGA	FF951_11000	-2263863	999	CDS		ATG	FF951_11000|CP040688_2263863_2262865_-3_ATG_332
CP040688	-2263978	TAG	FF951_11005	-2264862	885	CDS		ATG	FF951_11005|CP040688_2264862_2263978_-3_ATG_294
CP040688	-2264902	TGA	FF951_11010	-2265807	906	CDS		GTG	FF951_11010|CP040688_2265807_2264902_-3_GTG_301
CP040688	-2265810	TAG	FF951_11015	-2266622	813	CDS		GTG	FF951_11015|CP040688_2266622_2265810_-1_GTG_270
CP040688	-2266683	TGA	FF951_11020	-2267522	840	CDS		ATG	FF951_11020|CP040688_2267522_2266683_-1_ATG_279
CP040688	-2267519	TGA	FF951_11025	-2268538	1020	CDS		ATG	FF951_11025|CP040688_2268538_2267519_-2_ATG_339
CP040688	-2268555	TAG	FF951_11030	-2270600	2046	CDS		GTG	FF951_11030|CP040688_2270600_2268555_-1_GTG_681
CP040688	-2270612	TGA	FF951_11035	-2271046	435	CDS		ATG	FF951_11035|CP040688_2271046_2270612_-2_ATG_144
CP040688	-2272354	TAG	FF951_11045	-2273196	843	CDS		GTG	FF951_11045|CP040688_2273196_2272354_-3_GTG_280
CP040688	-2274861	TAG	FF951_11065	-2275835	975	CDS		GTG	FF951_11065|CP040688_2275835_2274861_-1_GTG_324
CP040688	-2275837	TAA	FF951_11070	-2276910	1074	CDS		ATG	FF951_11070|CP040688_2276910_2275837_-3_ATG_357
CP040688	-2276913	TAA	FF951_11075	-2277755	843	CDS		GTG	FF951_11075|CP040688_2277755_2276913_-1_GTG_280
CP040688	-2277742	TGA	FF951_11080	-2278644	903	CDS		ATG	FF951_11080|CP040688_2278644_2277742_-3_ATG_300
CP040688	-2278641	TGA	FF951_11085	-2279960	1320	CDS		ATG	FF951_11085|CP040688_2279960_2278641_-1_ATG_439
CP040688	-2279998	TGA	FF951_11090	-2280795	798	CDS		ATG	FF951_11090|CP040688_2280795_2279998_-3_ATG_265
CP040688	-2280795	TGA	FF951_11095	-2281355	561	CDS		ATG	FF951_11095|CP040688_2281355_2280795_-1_ATG_186
CP040688	-2281396	TAG	FF951_11100	-2281713	318	CDS		ATG	FF951_11100|CP040688_2281713_2281396_-3_ATG_105
CP040688	-2281799	TGA	FF951_11105	-2283334	1536	CDS		GTG	FF951_11105|CP040688_2283334_2281799_-2_GTG_511
CP040688	-2284076	TGA	FF951_11115	-2286640	2565	CDS		GTG	FF951_11115|CP040688_2286640_2284076_-2_GTG_854
CP040688	-2286645	TAG	FF951_11120	-2299100	12456	CDS		ATG	FF951_11120|CP040688_2299100_2286645_-1_ATG_4151
CP040688	-2299407	TAG	FF951_11125	-2299631	225	CDS		ATG	FF951_11125|CP040688_2299631_2299407_-1_ATG_74
CP040688	-2300245	TGA	FF951_11135	-2302869	2625	CDS		GTG	FF951_11135|CP040688_2302869_2300245_-3_GTG_874
CP040688	-2303027	TAG	FF951_11140	-2304631	1605	CDS		GTG	FF951_11140|CP040688_2304631_2303027_-2_GTG_534
CP040688	-2304636	TAG	FF951_11145	-2305163	528	CDS		GTG	FF951_11145|CP040688_2305163_2304636_-1_GTG_175
CP040688	-2306201	TGA	FF951_11155	-2306467	267	CDS		ATG	FF951_11155|CP040688_2306467_2306201_-2_ATG_88
CP040688	-2306468	TAG	FF951_11160	-2306773	306	CDS		GTG	FF951_11160|CP040688_2306773_2306468_-2_GTG_101
CP040688	-2306775	TGA	FF951_11165	-2306939	165	CDS		ATG	FF951_11165|CP040688_2306939_2306775_-1_ATG_54
CP040688	-2306939	TGA	FF951_11170	-2307175	237	CDS		TTG	FF951_11170|CP040688_2307175_2306939_-2_TTG_78
CP040688	-2308795	TAG	FF951_11180	-2309199	405	CDS		GTG	FF951_11180|CP040688_2309199_2308795_-3_GTG_134
CP040688	-2309283	TGA	FF951_11185	-2312867	3585	CDS		GTG	FF951_11185|CP040688_2312867_2309283_-1_GTG_1194
CP040688	-2316761	TAG	FF951_11215	-2317984	1224	CDS		GTG	FF951_11215|CP040688_2317984_2316761_-2_GTG_407
CP040688	-2318000	TAG	FF951_11220	-2318923	924	CDS		ATG	FF951_11220|CP040688_2318923_2318000_-2_ATG_307
CP040688	-2319605	TGA	FF951_11230	-2320339	735	CDS		GTG	FF951_11230|CP040688_2320339_2319605_-2_GTG_244
CP040688	-2320336	TGA	FF951_11235	-2321091	756	CDS		ATG	FF951_11235|CP040688_2321091_2320336_-3_ATG_251
CP040688	-2321088	TGA	FF951_11240	-2322260	1173	CDS		ATG	FF951_11240|CP040688_2322260_2321088_-1_ATG_390
CP040688	-2322328	TGA	FF951_11245	-2323077	750	CDS		GTG	FF951_11245|CP040688_2323077_2322328_-3_GTG_249
CP040688	-2323530	TGA	FF951_11255	-2324993	1464	CDS		ATG	FF951_11255|CP040688_2324993_2323530_-1_ATG_487
CP040688	-2325151	TGA	FF951_11260	-2325402	252	CDS		GTG	FF951_11260|CP040688_2325402_2325151_-3_GTG_83
CP040688	-2325437	TAG	FF951_11265	-2326408	972	CDS		ATG	FF951_11265|CP040688_2326408_2325437_-2_ATG_323
CP040688	-2326409	TAG	FF951_11270	-2326708	300	CDS		GTG	FF951_11270|CP040688_2326708_2326409_-2_GTG_99
CP040688	-2330179	TAG	FF951_11290	-2330626	448	CDS	true	ATG	FF951_11290_p|CP040688_2330626_2330179_-2_ATG_149
CP040688	-2338329	TAG	FF951_11330	-2339456	1128	CDS		ATG	FF951_11330|CP040688_2339456_2338329_-1_ATG_375
CP040688	-2340690	TAA	FF951_11340	-2341424	735	CDS		ATG	FF951_11340|CP040688_2341424_2340690_-1_ATG_244
CP040688	-2341466	TAG	FF951_11345	-2344186	2721	CDS		GTG	FF951_11345|CP040688_2344186_2341466_-2_GTG_906
CP040688	-2344303	TAG	FF951_11350	-2345229	927	CDS		GTG	FF951_11350|CP040688_2345229_2344303_-3_GTG_308
CP040688	-2345246	TAG	FF951_11355	-2345497	252	CDS		GTG	FF951_11355|CP040688_2345497_2345246_-2_GTG_83
CP040688	-2345565	TGA	FF951_11360	-2346515	951	CDS		ATG	FF951_11360|CP040688_2346515_2345565_-1_ATG_316
CP040688	-2346512	TGA	FF951_11365	-2347510	999	CDS		ATG	FF951_11365|CP040688_2347510_2346512_-2_ATG_332
CP040688	-2347519	TAG	FF951_11370	-2348877	1359	CDS		GTG	FF951_11370|CP040688_2348877_2347519_-3_GTG_452
CP040688	-2348929	TAA	FF951_11375	-2350404	1476	CDS		ATG	FF951_11375|CP040688_2350404_2348929_-3_ATG_491
CP040688	-2356284	TGA	FF951_11395	-2356718	435	CDS		ATG	FF951_11395|CP040688_2356718_2356284_-1_ATG_144
CP040688	-2356725	TAG	FF951_11400	-2356979	255	CDS		ATG	FF951_11400|CP040688_2356979_2356725_-1_ATG_84
CP040688	-2356995	TGA	FF951_11405	-2357252	258	CDS		ATG	FF951_11405|CP040688_2357252_2356995_-1_ATG_85
CP040688	-2361180	TGA	FF951_11430	-2361926	747	CDS		GTG	FF951_11430|CP040688_2361926_2361180_-1_GTG_248
CP040688	-2361923	TGA	FF951_11435	-2362798	876	CDS		GTG	FF951_11435|CP040688_2362798_2361923_-2_GTG_291
CP040688	-2362795	TGA	FF951_11440	-2362989	195	CDS		ATG	FF951_11440|CP040688_2362989_2362795_-3_ATG_64
CP040688	-2363102	TAA	FF951_11445	-2364739	1638	CDS		ATG	FF951_11445|CP040688_2364739_2363102_-2_ATG_545
CP040688	-2366715	TAG	FF951_11465	-2368544	1830	CDS		ATG	FF951_11465|CP040688_2368544_2366715_-1_ATG_609
CP040688	-2369724	TAG	FF951_11480	-2370566	843	CDS		GTG	FF951_11480|CP040688_2370566_2369724_-1_GTG_280
CP040688	-2371499	TGA	FF951_11490	-2371981	483	CDS		GTG	FF951_11490|CP040688_2371981_2371499_-2_GTG_160
CP040688	-2372060	TGA	FF951_11495	-2372914	855	CDS		ATG	FF951_11495|CP040688_2372914_2372060_-2_ATG_284
CP040688	-2372917	TGA	FF951_11500	-2373198	282	CDS		GTG	FF951_11500|CP040688_2373198_2372917_-3_GTG_93
CP040688	-2374742	TAA	FF951_11510	-2378320	3579	CDS		GTG	FF951_11510|CP040688_2378320_2374742_-2_GTG_1192
CP040688	-2379455	TGA	FF951_11520	-2380543	1089	CDS		CTG	FF951_11520|CP040688_2380543_2379455_-2_CTG_362
CP040688	-2382561	TAG	FF951_11535	-2383442	882	CDS		ATG	FF951_11535|CP040688_2383442_2382561_-1_ATG_293
CP040688	-2383468	TAG	FF951_11540	-2384712	1245	CDS		ATG	FF951_11540|CP040688_2384712_2383468_-3_ATG_414
CP040688	-2384770	TGA	FF951_11545	-2385573	804	CDS		GTG	FF951_11545|CP040688_2385573_2384770_-3_GTG_267
CP040688	-2386104	TAG	FF951_11555	-2386892	789	CDS		GTG	FF951_11555|CP040688_2386892_2386104_-1_GTG_262
CP040688	-2386903	TGA	FF951_11560	-2387490	588	CDS		ATG	FF951_11560|CP040688_2387490_2386903_-3_ATG_195
CP040688	-2387554	TAG	FF951_11565	-2388264	711	CDS		ATG	FF951_11565|CP040688_2388264_2387554_-3_ATG_236
CP040688	-2388261	TGA	FF951_11570	-2389091	831	CDS		ATG	FF951_11570|CP040688_2389091_2388261_-1_ATG_276
CP040688	-2389155	TAG	FF951_11575	-2389568	414	CDS		ATG	FF951_11575|CP040688_2389568_2389155_-1_ATG_137
CP040688	-2392051	TAG	FF951_11595	-2392581	531	CDS		ATG	FF951_11595|CP040688_2392581_2392051_-3_ATG_176
CP040688	-2392629	TAG	FF951_11600	-2393975	1347	CDS		GTG	FF951_11600|CP040688_2393975_2392629_-1_GTG_448
CP040688	-2394562	TGA	FF951_11610	-2394879	318	CDS		ATG	FF951_11610|CP040688_2394879_2394562_-3_ATG_105
CP040688	-2394876	TGA	FF951_11615	-2395091	216	CDS		GTG	FF951_11615|CP040688_2395091_2394876_-1_GTG_71
CP040688	-2396534	TAG	FF951_11625	-2396890	357	CDS		ATG	FF951_11625|CP040688_2396890_2396534_-2_ATG_118
CP040688	-2396985	TAG	FF951_11630	-2397767	783	CDS		ATG	FF951_11630|CP040688_2397767_2396985_-1_ATG_260
CP040688	-2398035	TGA	FF951_11635	-2398325	291	CDS		TTG	FF951_11635|CP040688_2398325_2398035_-1_TTG_96
CP040688	-2398487	TAG	FF951_11640	-2399143	657	CDS		ATG	FF951_11640|CP040688_2399143_2398487_-2_ATG_218
CP040688	-2399209	TGA	FF951_11645	-2399985	777	CDS		ATG	FF951_11645|CP040688_2399985_2399209_-3_ATG_258
CP040688	-2399991	TGA	FF951_11650	-2400743	753	CDS		TTG	FF951_11650|CP040688_2400743_2399991_-1_TTG_250
CP040688	-2400754	TGA	FF951_11655	-2401893	1140	CDS		ATG	FF951_11655|CP040688_2401893_2400754_-3_ATG_379
CP040688	-2402066	TAG	FF951_11660	-2403010	945	CDS		ATG	FF951_11660|CP040688_2403010_2402066_-2_ATG_314
CP040688	-2403007	TGA	FF951_11665	-2404491	1485	CDS		GTG	FF951_11665|CP040688_2404491_2403007_-3_GTG_494
CP040688	-2404488	TGA	FF951_11670	-2405720	1233	CDS		GTG	FF951_11670|CP040688_2405720_2404488_-1_GTG_410
CP040688	-2405717	TGA	FF951_11675	-2407291	1575	CDS		GTG	FF951_11675|CP040688_2407291_2405717_-2_GTG_524
CP040688	-2407303	TAG	FF951_11680	-2408763	1461	CDS		GTG	FF951_11680|CP040688_2408763_2407303_-3_GTG_486
CP040688	-2408765	TGA	FF951_11685	-2409844	1080	CDS		ATG	FF951_11685|CP040688_2409844_2408765_-2_ATG_359
CP040688	-2409841	TGA	FF951_11690	-2411373	1533	CDS		ATG	FF951_11690|CP040688_2411373_2409841_-3_ATG_510
CP040688	-2411370	TGA	FF951_11695	-2412977	1608	CDS		GTG	FF951_11695|CP040688_2412977_2411370_-1_GTG_535
CP040688	-2413000	TGA	FF951_11700	-2414034	1035	CDS		ATG	FF951_11700|CP040688_2414034_2413000_-3_ATG_344
CP040688	-2414031	TGA	FF951_11705	-2414651	621	CDS		ATG	FF951_11705|CP040688_2414651_2414031_-1_ATG_206
CP040688	-2414644	TAG	FF951_11710	-2415510	867	CDS		ATG	FF951_11710|CP040688_2415510_2414644_-3_ATG_288
CP040688	-2415613	TGA	FF951_11715	-2417211	1599	CDS		ATG	FF951_11715|CP040688_2417211_2415613_-3_ATG_532
CP040688	-2417421	TAG	FF951_11720	-2419460	2040	CDS		GTG	FF951_11720|CP040688_2419460_2417421_-1_GTG_679
CP040688	-2419457	TGA	FF951_11725	-2420611	1155	CDS		ATG	FF951_11725|CP040688_2420611_2419457_-2_ATG_384
CP040688	-2420608	TGA	FF951_11730	-2421798	1191	CDS		GTG	FF951_11730|CP040688_2421798_2420608_-3_GTG_396
CP040688	-2421800	TGA	FF951_11735	-2422231	432	CDS		ATG	FF951_11735|CP040688_2422231_2421800_-2_ATG_143
CP040688	-2422580	TAA	FF951_11740	-2422984	405	CDS		ATG	FF951_11740|CP040688_2422984_2422580_-2_ATG_134
CP040688	-2424646	TAG	FF951_11755	-2425551	906	CDS		GTG	FF951_11755|CP040688_2425551_2424646_-3_GTG_301
CP040688	-2428461	TGA	FF951_11770	-2428901	441	CDS		ATG	FF951_11770|CP040688_2428901_2428461_-1_ATG_146
CP040688	-2430297	TGA	FF951_11780	-2430692	396	CDS		CTG	FF951_11780|CP040688_2430692_2430297_-1_CTG_131
CP040688	-2430711	TAG	FF951_11785	-2430896	186	CDS		ATG	FF951_11785|CP040688_2430896_2430711_-1_ATG_61
CP040688	-2430896	TGA	FF951_11790	-2431078	183	CDS		ATG	FF951_11790|CP040688_2431078_2430896_-2_ATG_60
CP040688	-2431347	TAG	FF951_11795	-2432735	1389	CDS		ATG	FF951_11795|CP040688_2432735_2431347_-1_ATG_462
CP040688	-2432826	TGA	FF951_11800	-2433332	507	CDS		GTG	FF951_11800|CP040688_2433332_2432826_-1_GTG_168
CP040688	-2433342	TAG	FF951_11805	-2434229	888	CDS		TTG	FF951_11805|CP040688_2434229_2433342_-1_TTG_295
CP040688	-2435601	TAG	FF951_11815	-2436344	744	CDS		ATG	FF951_11815|CP040688_2436344_2435601_-1_ATG_247
CP040688	-2436430	TGA	FF951_11820	-2436825	396	CDS		GTG	FF951_11820|CP040688_2436825_2436430_-3_GTG_131
CP040688	-2436822	TGA	FF951_11825	-2438051	1230	CDS		ATC	FF951_11825|CP040688_2438051_2436822_-1_ATC_409
CP040688	-2438081	TGA	FF951_11830	-2438515	435	CDS		GTG	FF951_11830|CP040688_2438515_2438081_-2_GTG_144
CP040688	-2438620	TAA	FF951_11835	-2439009	390	CDS		ATG	FF951_11835|CP040688_2439009_2438620_-3_ATG_129
CP040688	-2441008	TGA	FF951_11845	-2442165	1158	CDS		GTG	FF951_11845|CP040688_2442165_2441008_-3_GTG_385
CP040688	-2442262	TAG	FF951_11850	-2443035	774	CDS		GTG	FF951_11850|CP040688_2443035_2442262_-3_GTG_257
CP040688	-2443130	TGA	FF951_11855	-2444287	1158	CDS		TTG	FF951_11855|CP040688_2444287_2443130_-2_TTG_385
CP040688	-2444473	TAA	FF951_11860	-2444724	252	CDS		ATG	FF951_11860|CP040688_2444724_2444473_-3_ATG_83
CP040688	-2446646	TGA	FF951_11870	-2447758	1113	CDS		GTG	FF951_11870|CP040688_2447758_2446646_-2_GTG_370
CP040688	-2452462	TAG	FF951_11895	-2453106	645	CDS		ATG	FF951_11895|CP040688_2453106_2452462_-3_ATG_214
CP040688	-2453106	TGA	FF951_11900	-2454005	900	CDS		ATG	FF951_11900|CP040688_2454005_2453106_-1_ATG_299
CP040688	-2454191	TGA	FF951_11905	-2454610	420	CDS		ATG	FF951_11905|CP040688_2454610_2454191_-2_ATG_139
CP040688	-2454618	TAG	FF951_11910	-2455709	1092	CDS		GTG	FF951_11910|CP040688_2455709_2454618_-1_GTG_363
CP040688	-2458011	TAG	FF951_11920	-2458985	975	CDS		GTG	FF951_11920|CP040688_2458985_2458011_-1_GTG_324
CP040688	-2459889	TGA	FF951_11930	-2460245	357	CDS		ATG	FF951_11930|CP040688_2460245_2459889_-1_ATG_118
CP040688	-2460345	TGA	FF951_11935	-2461421	1077	CDS		ATG	FF951_11935|CP040688_2461421_2460345_-1_ATG_358
CP040688	-2465822	TAG	FF951_11960	-2466928	1107	CDS		ATG	FF951_11960|CP040688_2466928_2465822_-2_ATG_368
CP040688	-2467000	TGA	FF951_11965	-2468139	1140	CDS		GTG	FF951_11965|CP040688_2468139_2467000_-3_GTG_379
CP040688	-2470880	TAA	FF951_11980	-2472658	1779	CDS		ATG	FF951_11980|CP040688_2472658_2470880_-2_ATG_592
CP040688	-2477951	TGA	FF951_12010	-2478373	423	CDS		ATG	FF951_12010|CP040688_2478373_2477951_-2_ATG_140
CP040688	-2480326	TGA	FF951_12020	-2483310	2985	CDS		GTG	FF951_12020|CP040688_2483310_2480326_-3_GTG_994
CP040688	-2483359	TAG	FF951_12025	-2484699	1341	CDS		ATG	FF951_12025|CP040688_2484699_2483359_-3_ATG_446
CP040688	-2484794	TGA	FF951_12030	-2486356	1563	CDS		ATG	FF951_12030|CP040688_2486356_2484794_-2_ATG_520
CP040688	-2486418	TAG	FF951_12035	-2487980	1563	CDS		GTG	FF951_12035|CP040688_2487980_2486418_-1_GTG_520
CP040688	-2488182	TGA	FF951_12040	-2488403	222	CDS		CTG	FF951_12040|CP040688_2488403_2488182_-1_CTG_73
CP040688	-2492601	TAG	FF951_12065	-2493695	1095	CDS		GTG	FF951_12065|CP040688_2493695_2492601_-1_GTG_364
CP040688	-2493692	TGA	FF951_12070	-2494429	738	CDS		ATG	FF951_12070|CP040688_2494429_2493692_-2_ATG_245
CP040688	-2494426	TGA	FF951_12075	-2495565	1140	CDS		ATG	FF951_12075|CP040688_2495565_2494426_-3_ATG_379
CP040688	-2495562	TGA	FF951_12080	-2496656	1095	CDS		GTG	FF951_12080|CP040688_2496656_2495562_-1_GTG_364
CP040688	-2496693	TGA	FF951_12085	-2497118	426	CDS		TTG	FF951_12085|CP040688_2497118_2496693_-1_TTG_141
CP040688	-2497039	TGA	FF951_12090	-2497319	281	CDS	true	ATG	FF951_12090_p|CP040688_2497319_2497039_-1_ATG_93
CP040688	-2499391	TAG	FF951_12110	-2500332	942	CDS		GTG	FF951_12110|CP040688_2500332_2499391_-3_GTG_313
CP040688	-2501308	TAG	FF951_12120	-2501544	237	CDS		GTG	FF951_12120|CP040688_2501544_2501308_-3_GTG_78
CP040688	-2501672	TAA	FF951_12130	-2502133	462	CDS		ATG	FF951_12130|CP040688_2502133_2501672_-2_ATG_153
CP040688	-2502133	TGA	FF951_12135	-2502609	477	CDS		ATG	FF951_12135|CP040688_2502609_2502133_-3_ATG_158
CP040688	-2502647	TGA	FF951_12140	-2503237	591	CDS		GTG	FF951_12140|CP040688_2503237_2502647_-2_GTG_196
CP040688	-2514201	TGA	FF951_12185	-2515751	1551	CDS		GTG	FF951_12185|CP040688_2515751_2514201_-1_GTG_516
CP040688	-2515745	TGA	FF951_12190	-2516314	570	CDS		ATG	FF951_12190|CP040688_2516314_2515745_-2_ATG_189
CP040688	-2519479	TGA	FF951_12210	-2519934	456	CDS		TTG	FF951_12210|CP040688_2519934_2519479_-3_TTG_151
CP040688	-2519939	TAG	FF951_12215	-2520133	195	CDS		GTG	FF951_12215|CP040688_2520133_2519939_-2_GTG_64
CP040688	-2520300	TAA	FF951_12225	-2520812	513	CDS		ATG	FF951_12225|CP040688_2520812_2520300_-1_ATG_170
CP040688	-2520963	TAG	FF951_12230	-2521781	819	CDS		ATG	FF951_12230|CP040688_2521781_2520963_-1_ATG_272
CP040688	-2521795	TGA	FF951_12235	-2522856	1062	CDS		ATG	FF951_12235|CP040688_2522856_2521795_-3_ATG_353
CP040688	-2524948	TAG	FF951_12250	-2526315	1368	CDS		GTG	FF951_12250|CP040688_2526315_2524948_-3_GTG_455
CP040688	-2526770	TAG	FF951_12260	-2528515	1746	CDS		TTG	FF951_12260|CP040688_2528515_2526770_-2_TTG_581
CP040688	-2531839	TGA	FF951_12275	-2533005	1167	CDS		ATG	FF951_12275|CP040688_2533005_2531839_-3_ATG_388
CP040688	-2533002	TGA	FF951_12280	-2534471	1470	CDS		ATG	FF951_12280|CP040688_2534471_2533002_-1_ATG_489
CP040688	-2534484	TGA	FF951_12285	-2534816	333	CDS		GTG	FF951_12285|CP040688_2534816_2534484_-1_GTG_110
CP040688	-2536683	TAG	FF951_12310	-2537000	318	CDS		ATG	FF951_12310|CP040688_2537000_2536683_-1_ATG_105
CP040688	-2539319	TAA	FF951_12325	-2540218	900	CDS		ATG	FF951_12325|CP040688_2540218_2539319_-2_ATG_299
CP040688	-2543775	TAG	FF951_12340	-2544713	939	CDS		ATG	FF951_12340|CP040688_2544713_2543775_-1_ATG_312
CP040688	-2547714	TGA	FF951_12360	-2548406	693	CDS		ATG	FF951_12360|CP040688_2548406_2547714_-1_ATG_230
CP040688	-2552866	TGA	FF951_12390	-2553870	1005	CDS		GTG	FF951_12390|CP040688_2553870_2552866_-3_GTG_334
CP040688	-2558898	TAG	FF951_12425	-2560841	1944	CDS		ATG	FF951_12425|CP040688_2560841_2558898_-1_ATG_647
CP040688	-2560915	TAG	FF951_12430	-2561847	933	CDS		ATG	FF951_12430|CP040688_2561847_2560915_-3_ATG_310
CP040688	-2562935	TGA	FF951_12445	-2563858	924	CDS		ATG	FF951_12445|CP040688_2563858_2562935_-2_ATG_307
CP040688	-2563855	TGA	FF951_12450	-2564064	210	CDS		ATG	FF951_12450|CP040688_2564064_2563855_-3_ATG_69
CP040688	-2564447	TAA	FF951_12455	-2564626	180	CDS		GTG	FF951_12455|CP040688_2564626_2564447_-2_GTG_59
CP040688	-2566690	TGA	FF951_12470	-2567535	846	CDS		ATG	FF951_12470|CP040688_2567535_2566690_-3_ATG_281
CP040688	-2567692	TGA	FF951_12475	-2568036	345	CDS		ATG	FF951_12475|CP040688_2568036_2567692_-3_ATG_114
CP040688	-2568067	TAG	FF951_12480	-2568258	192	CDS		GTG	FF951_12480|CP040688_2568258_2568067_-3_GTG_63
CP040688	-2568343	TGA	FF951_12485	-2568774	432	CDS		GTG	FF951_12485|CP040688_2568774_2568343_-3_GTG_143
CP040688	-2568867	TAG	FF951_12490	-2569049	183	CDS		ATG	FF951_12490|CP040688_2569049_2568867_-1_ATG_60
CP040688	-2570682	TAG	FF951_12510	-2571137	456	CDS		GTG	FF951_12510|CP040688_2571137_2570682_-1_GTG_151
CP040688	-2571154	TGA	FF951_12515	-2571279	126	CDS		GTG	FF951_12515|CP040688_2571279_2571154_-3_GTG_41
CP040688	-2571666	TGA	FF951_12520	-2571830	165	CDS		GTG	FF951_12520|CP040688_2571830_2571666_-1_GTG_54
CP040688	-2573891	TGA	FF951_12545	-2574745	855	CDS		GTG	FF951_12545|CP040688_2574745_2573891_-2_GTG_284
CP040688	-2574756	TAG	FF951_12550	-2576129	1374	CDS		ATG	FF951_12550|CP040688_2576129_2574756_-1_ATG_457
CP040688	-2576126	TGA	FF951_12555	-2577643	1518	CDS		GTG	FF951_12555|CP040688_2577643_2576126_-2_GTG_505
CP040688	-2580687	TAG	FF951_12575	-2581196	510	CDS	true	TCG	FF951_12575_p|CP040688_2581196_2580687_-1_TCG_169
CP040688	-2581639	TAG	FF951_12585	-2582517	879	CDS		GTG	FF951_12585|CP040688_2582517_2581639_-3_GTG_292
CP040688	-2582514	TGA	FF951_12590	-2583944	1431	CDS		TTG	FF951_12590|CP040688_2583944_2582514_-1_TTG_476
CP040688	-2583945	TAA	FF951_12595	-2584490	546	CDS		ATG	FF951_12595|CP040688_2584490_2583945_-1_ATG_181
CP040688	-2584490	TGA	FF951_12600	-2585155	666	CDS		ATG	FF951_12600|CP040688_2585155_2584490_-2_ATG_221
CP040688	-2585152	TGA	FF951_12605	-2586060	909	CDS		ATG	FF951_12605|CP040688_2586060_2585152_-3_ATG_302
CP040688	-2586800	TAG	FF951_12615	-2587648	849	CDS		ATG	FF951_12615|CP040688_2587648_2586800_-2_ATG_282
CP040688	-2587645	TGA	FF951_12620	-2589738	2094	CDS		ATG	FF951_12620|CP040688_2589738_2587645_-3_ATG_697
CP040688	-2591705	TAA	FF951_12640	-2593252	1548	CDS		ATG	FF951_12640|CP040688_2593252_2591705_-2_ATG_515
CP040688	-2593486	TAG	FF951_12645	-2594013	528	CDS		GTG	FF951_12645|CP040688_2594013_2593486_-3_GTG_175
CP040688	-2596499	TGA	FF951_12665	-2598112	1614	CDS		ATG	FF951_12665|CP040688_2598112_2596499_-2_ATG_537
CP040688	-2601660	TAA	FF951_12685	-2602778	1119	CDS		ATG	FF951_12685|CP040688_2602778_2601660_-1_ATG_372
CP040688	-2602898	TAG	FF951_12690	-2603854	957	CDS		ATG	FF951_12690|CP040688_2603854_2602898_-2_ATG_318
CP040688	-2607457	TGA	FF951_12710	-2608698	1242	CDS		ATG	FF951_12710|CP040688_2608698_2607457_-3_ATG_413
CP040688	-2610323	TGA	FF951_12730	-2612242	1920	CDS		ATG	FF951_12730|CP040688_2612242_2610323_-2_ATG_639
CP040688	-2612247	TGA	FF951_12735	-2613542	1296	CDS		GTG	FF951_12735|CP040688_2613542_2612247_-1_GTG_431
CP040688	-2615678	TGA	FF951_12745	-2615962	285	CDS		ATG	FF951_12745|CP040688_2615962_2615678_-2_ATG_94
CP040688	-2616013	TAA	FF951_12750	-2616309	297	CDS		ATG	FF951_12750|CP040688_2616309_2616013_-3_ATG_98
CP040688	-2616444	TAG	FF951_12755	-2616770	327	CDS		GTG	FF951_12755|CP040688_2616770_2616444_-1_GTG_108
CP040688	-2616962	TAG	FF951_12760	-2618488	1527	CDS		ATG	FF951_12760|CP040688_2618488_2616962_-2_ATG_508
CP040688	-2618571	TGA	FF951_12765	-2620109	1539	CDS		ATG	FF951_12765|CP040688_2620109_2618571_-1_ATG_512
CP040688	-2620327	TGA	FF951_12770	-2621865	1539	CDS		ATG	FF951_12770|CP040688_2621865_2620327_-3_ATG_512
CP040688	-2622714	TAG	FF951_12775	-2623808	1095	CDS		ATG	FF951_12775|CP040688_2623808_2622714_-1_ATG_364
CP040688	-2623882	TGA	FF951_12780	-2625143	1263	fCDS		ATG	FF951_12780_fCDS|CP040688_2625143_2623882_-1_ATG_420
CP040688	-2625194	AAT	FF951_12785	-2626549	1356	CDS	true	GTG	FF951_12785_p|CP040688_2626549_2625194_-2_GTG_452
CP040688	-2627287	TAG	FF951_12795	-2629131	1845	CDS		GTG	FF951_12795|CP040688_2629131_2627287_-3_GTG_614
CP040688	-2629269	TAG	FF951_12800	-2630660	1392	CDS		GTG	FF951_12800|CP040688_2630660_2629269_-1_GTG_463
CP040688	-2631746	TAG	FF951_12820	-2632174	429	CDS		GTG	FF951_12820|CP040688_2632174_2631746_-2_GTG_142
CP040688	-2632174	TAG	FF951_12825	-2633064	891	CDS		GTG	FF951_12825|CP040688_2633064_2632174_-3_GTG_296
CP040688	-2633057	TAG	FF951_12830	-2633854	798	CDS		ATG	FF951_12830|CP040688_2633854_2633057_-2_ATG_265
CP040688	-2635367	TAG	FF951_12840	-2636269	903	CDS		ATG	FF951_12840|CP040688_2636269_2635367_-2_ATG_300
CP040688	-2636343	TGA	FF951_12845	-2636684	342	CDS		ATG	FF951_12845|CP040688_2636684_2636343_-1_ATG_113
CP040688	-2636656	TGA	FF951_12850	-2637963	1308	CDS		TTG	FF951_12850|CP040688_2637963_2636656_-3_TTG_435
CP040688	-2637960	TGA	FF951_12855	-2638493	534	CDS		ATG	FF951_12855|CP040688_2638493_2637960_-1_ATG_177
CP040688	-2638512	TGA	FF951_12860	-2639570	1059	CDS		GTG	FF951_12860|CP040688_2639570_2638512_-1_GTG_352
CP040688	-2639542	TGA	FF951_12865	-2639844	303	CDS		GTG	FF951_12865|CP040688_2639844_2639542_-3_GTG_100
CP040688	-2639841	TGA	FF951_12870	-2641154	1314	CDS		GTG	FF951_12870|CP040688_2641154_2639841_-1_GTG_437
CP040688	-2641633	TAG	FF951_12880	-2642421	789	CDS		ATG	FF951_12880|CP040688_2642421_2641633_-3_ATG_262
CP040688	-2642435	TAA	FF951_12885	-2643583	1149	CDS		GTG	FF951_12885|CP040688_2643583_2642435_-2_GTG_382
CP040688	-2643658	TGA	FF951_12890	-2644689	1032	CDS		ATG	FF951_12890|CP040688_2644689_2643658_-3_ATG_343
CP040688	-2645205	TGA	FF951_12900	-2645711	507	CDS		ATG	FF951_12900|CP040688_2645711_2645205_-1_ATG_168
CP040688	-2645811	TGA	FF951_12905	-2646026	216	CDS		GTG	FF951_12905|CP040688_2646026_2645811_-1_GTG_71
CP040688	-2646004	TGA	FF951_12910	-2647299	1296	CDS		ATG	FF951_12910|CP040688_2647299_2646004_-3_ATG_431
CP040688	-2647296	TGA	FF951_12915	-2651681	4386	CDS		ATG	FF951_12915|CP040688_2651681_2647296_-1_ATG_1461
CP040688	-2651663	TGA	FF951_12920	-2656858	5196	CDS		GTG	FF951_12920|CP040688_2656858_2651663_-2_GTG_1731
CP040688	-2656851	TAA	FF951_12925	-2659865	3015	CDS		ATG	FF951_12925|CP040688_2659865_2656851_-1_ATG_1004
CP040688	-2659865	TGA	FF951_12930	-2661199	1335	CDS		ATG	FF951_12930|CP040688_2661199_2659865_-2_ATG_444
CP040688	-2661189	TAA	FF951_12935	-2665433	4245	CDS		GTG	FF951_12935|CP040688_2665433_2661189_-1_GTG_1414
CP040688	-2668249	TAA	FF951_12950	-2669601	1353	CDS		GTG	FF951_12950|CP040688_2669601_2668249_-3_GTG_450
CP040688	-2671611	TAA	FF951_12965	-2672783	1173	CDS		ATG	FF951_12965|CP040688_2672783_2671611_-1_ATG_390
CP040688	-2672844	TGA	FF951_12970	-2673308	465	CDS		ATG	FF951_12970|CP040688_2673308_2672844_-1_ATG_154
CP040688	-2673305	TGA	FF951_12975	-2673862	558	CDS		ATG	FF951_12975|CP040688_2673862_2673305_-2_ATG_185
CP040688	-2683505	TGA	FF951_13020	-2684560	1056	CDS		ATG	FF951_13020|CP040688_2684560_2683505_-2_ATG_351
CP040688	-2684577	TGA	FF951_13025	-2685395	819	CDS		ATG	FF951_13025|CP040688_2685395_2684577_-1_ATG_272
CP040688	-2685392	TGA	FF951_13030	-2686243	852	CDS		ATG	FF951_13030|CP040688_2686243_2685392_-2_ATG_283
CP040688	-2686240	TGA	FF951_13035	-2687310	1071	CDS		ATG	FF951_13035|CP040688_2687310_2686240_-3_ATG_356
CP040688	-2687638	TAG	FF951_13045	-2687841	204	CDS		GTG	FF951_13045|CP040688_2687841_2687638_-3_GTG_67
CP040688	-2690131	TGA	FF951_13055	-2690886	756	CDS		GTG	FF951_13055|CP040688_2690886_2690131_-3_GTG_251
CP040688	-2690883	TGA	FF951_13060	-2692844	1962	CDS		GTG	FF951_13060|CP040688_2692844_2690883_-1_GTG_653
CP040688	-2693605	TGA	FF951_13070	-2694033	429	CDS		ATG	FF951_13070|CP040688_2694033_2693605_-3_ATG_142
CP040688	-2695103	TAG	FF951_13080	-2695321	219	CDS		GTG	FF951_13080|CP040688_2695321_2695103_-2_GTG_72
CP040688	-2696111	TAG	FF951_13095	-2696950	840	CDS		ATG	FF951_13095|CP040688_2696950_2696111_-2_ATG_279
CP040688	-2696950	TGA	FF951_13100	-2697927	978	CDS		ATG	FF951_13100|CP040688_2697927_2696950_-3_ATG_325
CP040688	-2697927	TGA	FF951_13105	-2699582	1656	CDS		ATG	FF951_13105|CP040688_2699582_2697927_-1_ATG_551
CP040688	-2699968	TGA	FF951_13115	-2700918	951	CDS		TTG	FF951_13115|CP040688_2700918_2699968_-3_TTG_316
CP040688	-2700949	TGA	FF951_13120	-2702493	1545	CDS		ATG	FF951_13120|CP040688_2702493_2700949_-3_ATG_514
CP040688	-2702508	TGA	FF951_13125	-2703401	894	CDS		ATG	FF951_13125|CP040688_2703401_2702508_-1_ATG_297
CP040688	-2703741	TGA	FF951_13130	-2704967	1227	CDS		ATG	FF951_13130|CP040688_2704967_2703741_-1_ATG_408
CP040688	-2705089	TAA	FF951_13135	-2705931	843	CDS		GTG	FF951_13135|CP040688_2705931_2705089_-3_GTG_280
CP040688	-2706012	TGA	FF951_13140	-2706755	744	CDS		ATG	FF951_13140|CP040688_2706755_2706012_-1_ATG_247
CP040688	-2706745	TAG	FF951_13145	-2707416	672	CDS		ATG	FF951_13145|CP040688_2707416_2706745_-3_ATG_223
CP040688	-2707413	TGA	FF951_13150	-2707793	381	CDS		ATG	FF951_13150|CP040688_2707793_2707413_-1_ATG_126
CP040688	-2707790	TGA	FF951_13155	-2708425	636	CDS		ATG	FF951_13155|CP040688_2708425_2707790_-2_ATG_211
CP040688	-2708461	TAA	FF951_13160	-2708664	204	CDS		ATG	FF951_13160|CP040688_2708664_2708461_-3_ATG_67
CP040688	-2710393	TGA	FF951_13175	-2711394	1002	CDS		GTG	FF951_13175|CP040688_2711394_2710393_-3_GTG_333
CP040688	-2711483	TAG	FF951_13180	-2712925	1443	CDS		GTG	FF951_13180|CP040688_2712925_2711483_-2_GTG_480
CP040688	-2712925	TAG	FF951_13185	-2713800	876	CDS		GTG	FF951_13185|CP040688_2713800_2712925_-3_GTG_291
CP040688	-2713827	TGA	FF951_13190	-2715074	1248	CDS		ATG	FF951_13190|CP040688_2715074_2713827_-1_ATG_415
CP040688	-2715157	TAG	FF951_13195	-2715462	306	CDS		CTG	FF951_13195|CP040688_2715462_2715157_-3_CTG_101
CP040688	-2715463	TGA	FF951_13200	-2715657	195	CDS		GTG	FF951_13200|CP040688_2715657_2715463_-3_GTG_64
CP040688	-2716933	TAG	FF951_13215	-2717517	585	CDS		ATG	FF951_13215|CP040688_2717517_2716933_-3_ATG_194
CP040688	-2717564	TAA	FF951_13220	-2717863	300	CDS		ATG	FF951_13220|CP040688_2717863_2717564_-2_ATG_99
CP040688	-2718034	TGA	FF951_13225	-2718444	411	CDS		ATG	FF951_13225|CP040688_2718444_2718034_-3_ATG_136
CP040688	-2718441	TGA	FF951_13230	-2718731	291	CDS		GTG	FF951_13230|CP040688_2718731_2718441_-1_GTG_96
CP040688	-2718712	TGA	FF951_13235	-2719943	1232	CDS	true	ATG	FF951_13235_p|CP040688_2719943_2718712_-1_ATG_410
CP040688	-2719940	TGA	FF951_13240	-2722132	2193	CDS		TTG	FF951_13240|CP040688_2722132_2719940_-2_TTG_730
CP040688	-2722276	TGA	FF951_13245	-2722479	204	CDS		ATG	FF951_13245|CP040688_2722479_2722276_-3_ATG_67
CP040688	-2723582	TAA	FF951_13255	-2723785	204	CDS		TTG	FF951_13255|CP040688_2723785_2723582_-2_TTG_67
CP040688	-2724174	TAG	FF951_13265	-2726213	2040	CDS		ATG	FF951_13265|CP040688_2726213_2724174_-1_ATG_679
CP040688	-2726499	TAG	FF951_13270	-2727629	1131	CDS		ATG	FF951_13270|CP040688_2727629_2726499_-1_ATG_376
CP040688	-2727629	TGA	FF951_13275	-2729068	1440	CDS		GTG	FF951_13275|CP040688_2729068_2727629_-2_GTG_479
CP040688	-2729154	TGA	FF951_13280	-2729414	261	CDS		ATG	FF951_13280|CP040688_2729414_2729154_-1_ATG_86
CP040688	-2729429	TAA	FF951_13285	-2729740	312	CDS		ATG	FF951_13285|CP040688_2729740_2729429_-2_ATG_103
CP040688	-2729910	TGA	FF951_13290	-2730140	231	CDS		TTG	FF951_13290|CP040688_2730140_2729910_-1_TTG_76
CP040688	-2731505	TGA	FF951_13300	-2734366	2862	CDS		GTG	FF951_13300|CP040688_2734366_2731505_-2_GTG_953
CP040688	-2734696	TAG	FF951_13305	-2735106	411	CDS		GTG	FF951_13305|CP040688_2735106_2734696_-3_GTG_136
CP040688	-2735149	TGA	FF951_13310	-2735520	372	CDS		ATG	FF951_13310|CP040688_2735520_2735149_-3_ATG_123
CP040688	-2735517	TGA	FF951_13315	-2736980	1464	CDS		ATG	FF951_13315|CP040688_2736980_2735517_-1_ATG_487
CP040688	-2736977	TGA	FF951_13320	-2739607	2631	CDS		ATG	FF951_13320|CP040688_2739607_2736977_-2_ATG_876
CP040688	-2739695	TGA	FF951_13325	-2740954	1260	CDS		GTG	FF951_13325|CP040688_2740954_2739695_-2_GTG_419
CP040688	-2741044	TGA	FF951_13330	-2741562	519	CDS		TTG	FF951_13330|CP040688_2741562_2741044_-3_TTG_172
CP040688	-2742230	TGA	FF951_13340	-2742376	147	CDS		GTG	FF951_13340|CP040688_2742376_2742230_-2_GTG_48
CP040688	-2742400	TAA	FF951_13345	-2743005	606	CDS		GTG	FF951_13345|CP040688_2743005_2742400_-3_GTG_201
CP040688	-2743007	TGA	FF951_13350	-2744128	1122	CDS		ATG	FF951_13350|CP040688_2744128_2743007_-2_ATG_373
CP040688	-2744125	TGA	FF951_13355	-2746086	1962	CDS		GTG	FF951_13355|CP040688_2746086_2744125_-3_GTG_653
CP040688	-2746318	TGA	FF951_13360	-2747574	1257	CDS		ATG	FF951_13360|CP040688_2747574_2746318_-3_ATG_418
CP040688	-2747590	TAG	FF951_13365	-2748870	1281	CDS		ATG	FF951_13365|CP040688_2748870_2747590_-3_ATG_426
CP040688	-2751913	TGA	FF951_13380	-2752557	645	CDS		GTG	FF951_13380|CP040688_2752557_2751913_-3_GTG_214
CP040688	-2752554	TGA	FF951_13385	-2753156	603	CDS		GTG	FF951_13385|CP040688_2753156_2752554_-1_GTG_200
CP040688	-2753273	TGA	FF951_13390	-2754673	1401	CDS		GTG	FF951_13390|CP040688_2754673_2753273_-2_GTG_466
CP040688	-2756241	TGA	FF951_13410	-2757047	807	CDS		GTG	FF951_13410|CP040688_2757047_2756241_-1_GTG_268
CP040688	-2757053	TGA	FF951_13415	-2757541	489	CDS		ATG	FF951_13415|CP040688_2757541_2757053_-2_ATG_162
CP040688	-2757643	TAG	FF951_13420	-2758266	624	CDS		ATG	FF951_13420|CP040688_2758266_2757643_-3_ATG_207
CP040688	-2761026	TGA	FF951_13430	-2761529	504	CDS		ATG	FF951_13430|CP040688_2761529_2761026_-1_ATG_167
CP040688	-2761480	TGA	FF951_13435	-2761713	234	CDS		ATG	FF951_13435|CP040688_2761713_2761480_-3_ATG_77
CP040688	-2761749	TGA	FF951_13440	-2762417	669	CDS		ATG	FF951_13440|CP040688_2762417_2761749_-1_ATG_222
CP040688	-2765698	TGA	FF951_13465	-2766351	654	CDS		GTG	FF951_13465|CP040688_2766351_2765698_-3_GTG_217
CP040688	-2766357	TAG	FF951_13470	-2766773	417	CDS		GTG	FF951_13470|CP040688_2766773_2766357_-1_GTG_138
CP040688	-2766770	TGA	FF951_13475	-2771644	4875	CDS		ATG	FF951_13475|CP040688_2771644_2766770_-2_ATG_1624
CP040688	-2771748	TAA	FF951_13480	-2773424	1677	CDS		ATG	FF951_13480|CP040688_2773424_2771748_-1_ATG_558
CP040688	-2773505	TAG	FF951_13485	-2774011	507	CDS		ATG	FF951_13485|CP040688_2774011_2773505_-2_ATG_168
CP040688	-2774599	TAG	FF951_13495	-2774922	324	CDS		GTG	FF951_13495|CP040688_2774922_2774599_-3_GTG_107
CP040688	-2774938	TAA	FF951_13500	-2777307	2370	CDS		GTG	FF951_13500|CP040688_2777307_2774938_-3_GTG_789
CP040688	-2777304	TGA	FF951_13505	-2779046	1743	CDS		ATG	FF951_13505|CP040688_2779046_2777304_-1_ATG_580
CP040688	-2779043	TGA	FF951_13510	-2780518	1476	CDS		ATG	FF951_13510|CP040688_2780518_2779043_-2_ATG_491
CP040688	-2780747	TGA	FF951_13515	-2782012	1266	CDS		ATG	FF951_13515|CP040688_2782012_2780747_-2_ATG_421
CP040688	-2783325	TAG	FF951_13530	-2785409	2085	CDS		GTG	FF951_13530|CP040688_2785409_2783325_-1_GTG_694
CP040688	-2785491	TAG	FF951_13535	-2788904	3414	CDS		ATG	FF951_13535|CP040688_2788904_2785491_-1_ATG_1137
CP040688	-2788870	TAG	FF951_13540	-2789169	300	CDS		TTG	FF951_13540|CP040688_2789169_2788870_-3_TTG_99
CP040688	-2789278	TAG	FF951_13545	-2794260	4983	CDS		ATG	FF951_13545|CP040688_2794260_2789278_-3_ATG_1660
CP040688	-2794347	TAG	FF951_13550	-2794553	207	CDS		GTG	FF951_13550|CP040688_2794553_2794347_-1_GTG_68
CP040688	-2796782	TAG	FF951_13575	-2797963	1182	CDS		ATG	FF951_13575|CP040688_2797963_2796782_-2_ATG_393
CP040688	-2797960	TGA	FF951_13580	-2799006	1047	CDS		ATG	FF951_13580|CP040688_2799006_2797960_-3_ATG_348
CP040688	-2799017	TGA	FF951_13585	-2800120	1104	CDS		ATG	FF951_13585|CP040688_2800120_2799017_-2_ATG_367
CP040688	-2800379	TGA	FF951_13590	-2801200	822	CDS		ATG	FF951_13590|CP040688_2801200_2800379_-2_ATG_273
CP040688	-2801197	TGA	FF951_13595	-2801754	558	CDS		GTG	FF951_13595|CP040688_2801754_2801197_-3_GTG_185
CP040688	-2801751	TGA	FF951_13600	-2802935	1185	CDS		ATG	FF951_13600|CP040688_2802935_2801751_-1_ATG_394
CP040688	-2802940	TAG	FF951_13605	-2804904	1965	CDS		ATG	FF951_13605|CP040688_2804904_2802940_-3_ATG_654
CP040688	-2804909	TGA	FF951_13610	-2806498	1590	CDS		GTG	FF951_13610|CP040688_2806498_2804909_-2_GTG_529
CP040688	-2806495	TGA	FF951_13615	-2807151	657	CDS		ATG	FF951_13615|CP040688_2807151_2806495_-3_ATG_218
CP040688	-2807148	TGA	FF951_13620	-2807894	747	CDS		ATG	FF951_13620|CP040688_2807894_2807148_-1_ATG_248
CP040688	-2807977	TGA	FF951_13625	-2809620	1644	CDS		GTG	FF951_13625|CP040688_2809620_2807977_-3_GTG_547
CP040688	-2811280	TAG	FF951_13640	-2812617	1338	CDS		ATG	FF951_13640|CP040688_2812617_2811280_-3_ATG_445
CP040688	-2813512	TGA	FF951_13650	-2815113	1602	CDS		ATG	FF951_13650|CP040688_2815113_2813512_-3_ATG_533
CP040688	-2816580	TAG	FF951_13670	-2817827	1248	CDS		ATG	FF951_13670|CP040688_2817827_2816580_-1_ATG_415
CP040688	-2818901	TGA	FF951_13695	-2819362	462	CDS		GTG	FF951_13695|CP040688_2819362_2818901_-2_GTG_153
CP040688	-2819368	TAA	FF951_13700	-2820615	1248	CDS		GTG	FF951_13700|CP040688_2820615_2819368_-3_GTG_415
CP040688	-2820734	TAG	FF951_13705	-2821537	804	CDS		GTG	FF951_13705|CP040688_2821537_2820734_-2_GTG_267
CP040688	-2821534	TGA	FF951_13710	-2821785	252	CDS		GTG	FF951_13710|CP040688_2821785_2821534_-3_GTG_83
CP040688	-2821727	TGA	FF951_13715	-2821966	240	CDS		GTG	FF951_13715|CP040688_2821966_2821727_-2_GTG_79
CP040688	-2822133	TAA	FF951_13720	-2823359	1227	CDS		ATG	FF951_13720|CP040688_2823359_2822133_-1_ATG_408
CP040688	-2825412	TGA	FF951_13735	-2825639	228	CDS		GTG	FF951_13735|CP040688_2825639_2825412_-1_GTG_75
CP040688	-2826153	TAG	FF951_13745	-2827565	1413	CDS		GTG	FF951_13745|CP040688_2827565_2826153_-1_GTG_470
CP040688	-2827562	TGA	FF951_13750	-2827954	393	CDS		ATG	FF951_13750|CP040688_2827954_2827562_-2_ATG_130
CP040688	-2828147	TGA	FF951_13755	-2837356	9210	CDS		GTG	FF951_13755|CP040688_2837356_2828147_-2_GTG_3069
CP040688	-2837876	TAG	FF951_13765	-2838598	723	CDS		ATG	FF951_13765|CP040688_2838598_2837876_-2_ATG_240
CP040688	-2839770	TAA	FF951_13785	-2840690	921	CDS		ATG	FF951_13785|CP040688_2840690_2839770_-1_ATG_306
CP040688	-2842286	TAG	FF951_13795	-2842705	420	CDS		GTG	FF951_13795|CP040688_2842705_2842286_-2_GTG_139
CP040688	-2842702	TGA	FF951_13800	-2842926	225	CDS		ATG	FF951_13800|CP040688_2842926_2842702_-3_ATG_74
CP040688	-2842957	TGA	FF951_13805	-2845800	2844	CDS		ATG	FF951_13805|CP040688_2845800_2842957_-3_ATG_947
CP040688	-2845872	TGA	FF951_13810	-2846273	402	CDS		ATG	FF951_13810|CP040688_2846273_2845872_-1_ATG_133
CP040688	-2846273	TGA	FF951_13815	-2846743	471	CDS		ATG	FF951_13815|CP040688_2846743_2846273_-2_ATG_156
CP040688	-2846746	TGA	FF951_13820	-2847309	564	CDS		GTG	FF951_13820|CP040688_2847309_2846746_-3_GTG_187
CP040688	-2847319	TAG	FF951_13825	-2848437	1119	CDS		GTG	FF951_13825|CP040688_2848437_2847319_-3_GTG_372
CP040688	-2849167	TGA	FF951_13835	-2849610	444	CDS		ATG	FF951_13835|CP040688_2849610_2849167_-3_ATG_147
CP040688	-2849607	TGA	FF951_13840	-2850695	1089	CDS		ATG	FF951_13840|CP040688_2850695_2849607_-1_ATG_362
CP040688	-2850692	TGA	FF951_13845	-2851222	531	CDS		ATG	FF951_13845|CP040688_2851222_2850692_-2_ATG_176
CP040688	-2851226	TAA	FF951_13850	-2852431	1206	CDS		GTG	FF951_13850|CP040688_2852431_2851226_-2_GTG_401
CP040688	-2854272	TGA	FF951_13865	-2854499	228	CDS		GTG	FF951_13865|CP040688_2854499_2854272_-1_GTG_75
CP040688	-2857271	TGA	FF951_13900	-2857645	375	CDS		GTG	FF951_13900|CP040688_2857645_2857271_-2_GTG_124
CP040688	-2857745	TAG	FF951_13905	-2858140	396	CDS		ATG	FF951_13905|CP040688_2858140_2857745_-2_ATG_131
CP040688	-2858137	TGA	FF951_13910	-2858382	246	CDS		ATG	FF951_13910|CP040688_2858382_2858137_-3_ATG_81
CP040688	-2858500	TAG	FF951_13915	-2858709	210	CDS		TTG	FF951_13915|CP040688_2858709_2858500_-3_TTG_69
CP040688	-2858793	TGA	FF951_13920	-2859212	420	CDS		ATG	FF951_13920|CP040688_2859212_2858793_-1_ATG_139
CP040688	-2859224	TAG	FF951_13925	-2860033	810	CDS		ATG	FF951_13925|CP040688_2860033_2859224_-2_ATG_269
CP040688	-2860030	TGA	FF951_13930	-2861283	1254	CDS		ATG	FF951_13930|CP040688_2861283_2860030_-3_ATG_417
CP040688	-2861276	TGA	FF951_13935	-2861788	513	CDS		GTG	FF951_13935|CP040688_2861788_2861276_-2_GTG_170
CP040688	-2861789	TGA	FF951_13940	-2864503	2715	CDS		GTG	FF951_13940|CP040688_2864503_2861789_-2_GTG_904
CP040688	-2864594	TGA	FF951_13945	-2864983	390	CDS		GTG	FF951_13945|CP040688_2864983_2864594_-2_GTG_129
CP040688	-2866589	TGA	FF951_13960	-2867947	1359	CDS		ATG	FF951_13960|CP040688_2867947_2866589_-2_ATG_452
CP040688	-2868983	TAG	FF951_13970	-2869306	324	CDS		GTG	FF951_13970|CP040688_2869306_2868983_-2_GTG_107
CP040688	-2869325	TAA	FF951_13975	-2869513	189	CDS		GTG	FF951_13975|CP040688_2869513_2869325_-2_GTG_62
CP040688	-2880463	TAG	FF951_14010	-2881488	1026	CDS		ATG	FF951_14010|CP040688_2881488_2880463_-3_ATG_341
CP040688	-2881481	TGA	FF951_14015	-2882425	945	CDS		TTG	FF951_14015|CP040688_2882425_2881481_-2_TTG_314
CP040688	-2882910	TGA	FF951_14025	-2883977	1068	CDS		ATG	FF951_14025|CP040688_2883977_2882910_-1_ATG_355
CP040688	-2884030	TGA	FF951_14030	-2885820	1791	CDS		GTG	FF951_14030|CP040688_2885820_2884030_-3_GTG_596
CP040688	-2888243	TAA	FF951_14050	-2888707	465	CDS		GTG	FF951_14050|CP040688_2888707_2888243_-2_GTG_154
CP040688	-2890526	TGA	FF951_14060	-2891548	1023	CDS		ATG	FF951_14060|CP040688_2891548_2890526_-2_ATG_340
CP040688	-2892838	TAG	FF951_14070	-2894109	1272	CDS		GTG	FF951_14070|CP040688_2894109_2892838_-3_GTG_423
CP040688	-2894106	TGA	FF951_14075	-2894780	675	CDS		GTG	FF951_14075|CP040688_2894780_2894106_-1_GTG_224
CP040688	-2895843	TAG	FF951_14085	-2898215	2373	CDS		GTG	FF951_14085|CP040688_2898215_2895843_-1_GTG_790
CP040688	-2898246	TGA	FF951_14090	-2898917	672	CDS		GTG	FF951_14090|CP040688_2898917_2898246_-1_GTG_223
CP040688	-2899021	TGA	FF951_14095	-2900694	1674	CDS		GTG	FF951_14095|CP040688_2900694_2899021_-3_GTG_557
CP040688	-2900700	TAG	FF951_14100	-2902028	1329	CDS		ATG	FF951_14100|CP040688_2902028_2900700_-1_ATG_442
CP040688	-2902032	TAG	FF951_14105	-2903753	1722	CDS		GTG	FF951_14105|CP040688_2903753_2902032_-1_GTG_573
CP040688	-2903863	TGA	FF951_14110	-2904210	348	CDS		ATG	FF951_14110|CP040688_2904210_2903863_-3_ATG_115
CP040688	-2904239	TGA	FF951_14115	-2904448	210	CDS		GTG	FF951_14115|CP040688_2904448_2904239_-2_GTG_69
CP040688	-2911216	TAG	FF951_14135	-2912250	1035	CDS		ATG	FF951_14135|CP040688_2912250_2911216_-3_ATG_344
CP040688	-2912247	TGA	FF951_14140	-2912837	591	CDS		ATG	FF951_14140|CP040688_2912837_2912247_-1_ATG_196
CP040688	-2912834	TGA	FF951_14145	-2913400	567	CDS		GTG	FF951_14145|CP040688_2913400_2912834_-2_GTG_188
CP040688	-2918822	TGA	FF951_14195	-2919577	756	CDS		ATG	FF951_14195|CP040688_2919577_2918822_-2_ATG_251
CP040688	-2919710	TGA	FF951_14200	-2920306	597	CDS		GTG	FF951_14200|CP040688_2920306_2919710_-2_GTG_198
CP040688	-2920314	TGA	FF951_14205	-2921159	846	CDS		GTG	FF951_14205|CP040688_2921159_2920314_-1_GTG_281
CP040688	-2921188	TGA	FF951_14210	-2922087	900	CDS		ATG	FF951_14210|CP040688_2922087_2921188_-3_ATG_299
CP040688	-2924827	TGA	FF951_14225	-2925882	1056	CDS		ATG	FF951_14225|CP040688_2925882_2924827_-3_ATG_351
CP040688	-2925882	TGA	FF951_14230	-2927018	1137	CDS		ATG	FF951_14230|CP040688_2927018_2925882_-1_ATG_378
CP040688	-2927029	TGA	FF951_14235	-2927979	951	CDS		GTG	FF951_14235|CP040688_2927979_2927029_-3_GTG_316
CP040688	-2927976	TGA	FF951_14240	-2928629	654	CDS		ATG	FF951_14240|CP040688_2928629_2927976_-1_ATG_217
CP040688	-2928626	TGA	FF951_14245	-2929213	588	CDS		GTG	FF951_14245|CP040688_2929213_2928626_-2_GTG_195
CP040688	-2929206	TGA	FF951_14250	-2931284	2079	CDS		ATG	FF951_14250|CP040688_2931284_2929206_-1_ATG_692
CP040688	-2931617	TAA	FF951_14260	-2933002	1386	CDS		ATG	FF951_14260|CP040688_2933002_2931617_-2_ATG_461
CP040688	-2933864	TAA	FF951_14270	-2934304	441	CDS		ATG	FF951_14270|CP040688_2934304_2933864_-2_ATG_146
CP040688	-2935113	TGA	FF951_14280	-2935466	354	CDS		ATG	FF951_14280|CP040688_2935466_2935113_-1_ATG_117
CP040688	-2935479	TGA	FF951_14285	-2935904	426	CDS		GTG	FF951_14285|CP040688_2935904_2935479_-1_GTG_141
CP040688	-2935901	TGA	FF951_14290	-2936575	675	CDS		ATG	FF951_14290|CP040688_2936575_2935901_-2_ATG_224
CP040688	-2938506	TGA	FF951_14305	-2939324	819	CDS		ATG	FF951_14305|CP040688_2939324_2938506_-1_ATG_272
CP040688	-2939339	TGA	FF951_14310	-2940520	1182	CDS		ATG	FF951_14310|CP040688_2940520_2939339_-2_ATG_393
CP040688	-2940579	TAG	FF951_14315	-2941010	432	CDS		ATG	FF951_14315|CP040688_2941010_2940579_-1_ATG_143
CP040688	-2941524	TAA	FF951_14320	-2942765	1242	CDS		ATG	FF951_14320|CP040688_2942765_2941524_-1_ATG_413
CP040688	-2946926	TGA	FF951_14345	-2947207	282	CDS		ATG	FF951_14345|CP040688_2947207_2946926_-2_ATG_93
CP040688	-2947352	TAG	FF951_14350	-2947837	486	CDS		GTG	FF951_14350|CP040688_2947837_2947352_-2_GTG_161
CP040688	-2947864	TGA	FF951_14355	-2948121	258	CDS		TTG	FF951_14355|CP040688_2948121_2947864_-3_TTG_85
CP040688	-2948122	TAG	FF951_14360	-2950458	2337	CDS		ATG	FF951_14360|CP040688_2950458_2948122_-3_ATG_778
CP040688	-2953043	TGA	FF951_14385	-2953375	333	CDS		ATG	FF951_14385|CP040688_2953375_2953043_-2_ATG_110
CP040688	-2953495	TGA	FF951_14390	-2953854	360	CDS		ATG	FF951_14390|CP040688_2953854_2953495_-3_ATG_119
CP040688	-2960454	TAG	FF951_14460	-2961893	1440	CDS		ATG	FF951_14460|CP040688_2961893_2960454_-1_ATG_479
CP040688	-2961901	TAA	FF951_14465	-2962434	534	CDS		TTG	FF951_14465|CP040688_2962434_2961901_-3_TTG_177
CP040688	-2962587	TGA	FF951_14470	-2963213	627	CDS		TTG	FF951_14470|CP040688_2963213_2962587_-1_TTG_208
CP040688	-2963245	TGA	FF951_14475	-2963568	324	CDS		TTG	FF951_14475|CP040688_2963568_2963245_-3_TTG_107
CP040688	-2963648	TGA	FF951_14480	-2963893	246	CDS		ATG	FF951_14480|CP040688_2963893_2963648_-2_ATG_81
CP040688	-2963890	TGA	FF951_14485	-2965317	1428	CDS		ATG	FF951_14485|CP040688_2965317_2963890_-3_ATG_475
CP040688	-2965319	TGA	FF951_14490	-2965711	393	CDS		ATG	FF951_14490|CP040688_2965711_2965319_-2_ATG_130
CP040688	-2965708	TGA	FF951_14495	-2965968	261	CDS		ATG	FF951_14495|CP040688_2965968_2965708_-3_ATG_86
CP040688	-2965985	TAA	FF951_14500	-2966347	363	CDS		ATG	FF951_14500|CP040688_2966347_2965985_-2_ATG_120
CP040688	-2966350	TGA	FF951_14505	-2967477	1128	CDS		GTG	FF951_14505|CP040688_2967477_2966350_-3_GTG_375
CP040688	-2967622	TAG	FF951_14510	-2967849	228	CDS		GTG	FF951_14510|CP040688_2967849_2967622_-3_GTG_75
CP040688	-2967846	TGA	FF951_14515	-2968235	390	CDS		ATG	FF951_14515|CP040688_2968235_2967846_-1_ATG_129
CP040688	-2969007	TAG	FF951_14535	-2969180	174	CDS		GTG	FF951_14535|CP040688_2969180_2969007_-1_GTG_57
CP040688	-2969596	CGC	FF951_14545	-2969730	135	CDS	true	TTG	FF951_14545_p|CP040688_2969730_2969596_-3_TTG_45
CP040688	-2972390	TGA	FF951_14570	-2973499	1110	CDS		ATG	FF951_14570|CP040688_2973499_2972390_-2_ATG_369
CP040688	-2977167	TAG	FF951_14590	-2977346	180	CDS		ATG	FF951_14590|CP040688_2977346_2977167_-1_ATG_59
CP040688	-2977898	TGA	FF951_14600	-2978650	753	CDS		ATG	FF951_14600|CP040688_2978650_2977898_-2_ATG_250
CP040688	-2978647	TGA	FF951_14605	-2979342	696	CDS		ATG	FF951_14605|CP040688_2979342_2978647_-3_ATG_231
CP040688	-2979348	TAG	FF951_14610	-2980706	1359	CDS		ATG	FF951_14610|CP040688_2980706_2979348_-1_ATG_452
CP040688	-2980703	TGA	FF951_14615	-2981776	1074	CDS		ATG	FF951_14615|CP040688_2981776_2980703_-2_ATG_357
CP040688	-2984970	TAA	FF951_14640	-2986886	1917	CDS		ATG	FF951_14640|CP040688_2986886_2984970_-1_ATG_638
CP040688	-2990198	TGA	FF951_14665	-2990956	759	CDS		GTG	FF951_14665|CP040688_2990956_2990198_-2_GTG_252
CP040688	-2990953	TGA	FF951_14670	-2991666	714	CDS		ATG	FF951_14670|CP040688_2991666_2990953_-3_ATG_237
CP040688	-2991663	TGA	FF951_14675	-2992568	906	CDS		ATG	FF951_14675|CP040688_2992568_2991663_-1_ATG_301
CP040688	-2992763	TAG	FF951_14680	-2993980	1218	CDS		GTG	FF951_14680|CP040688_2993980_2992763_-2_GTG_405
CP040688	-2994154	TGA	FF951_14690	-2996127	1974	CDS		GTG	FF951_14690|CP040688_2996127_2994154_-3_GTG_657
CP040688	-2997615	TAG	FF951_14705	-2998286	672	CDS		GTG	FF951_14705|CP040688_2998286_2997615_-1_GTG_223
CP040688	-2998317	TGA	FF951_14710	-2998685	369	CDS		ATG	FF951_14710|CP040688_2998685_2998317_-1_ATG_122
CP040688	-2999747	TAG	FF951_14720	-3000526	780	CDS		ATG	FF951_14720|CP040688_3000526_2999747_-2_ATG_259
CP040688	-3000601	TGA	FF951_14725	-3001065	465	CDS		GTG	FF951_14725|CP040688_3001065_3000601_-3_GTG_154
CP040688	-3001581	TGA	FF951_14735	-3001883	303	CDS		ATG	FF951_14735|CP040688_3001883_3001581_-1_ATG_100
CP040688	-3002780	TGA	FF951_14745	-3003652	873	CDS		GTG	FF951_14745|CP040688_3003652_3002780_-2_GTG_290
CP040688	-3006731	TAG	FF951_14765	-3007120	390	CDS		GTG	FF951_14765|CP040688_3007120_3006731_-2_GTG_129
CP040688	-3007117	TGA	FF951_14770	-3007374	258	CDS		GTG	FF951_14770|CP040688_3007374_3007117_-3_GTG_85
CP040688	-3008465	TGA	FF951_14780	-3008713	249	CDS		ATG	FF951_14780|CP040688_3008713_3008465_-2_ATG_82
CP040688	-3011187	TAG	FF951_14800	-3012245	1059	CDS		ATG	FF951_14800|CP040688_3012245_3011187_-1_ATG_352
CP040688	-3016784	TGA	FF951_14825	-3017278	495	CDS		ATG	FF951_14825|CP040688_3017278_3016784_-2_ATG_164
CP040688	-3017330	TGA	FF951_14830	-3017794	465	CDS		ATG	FF951_14830|CP040688_3017794_3017330_-2_ATG_154
CP040688	-3017957	TGA	FF951_14835	-3018454	498	CDS		ATG	FF951_14835|CP040688_3018454_3017957_-2_ATG_165
CP040688	-3019437	TGA	FF951_14845	-3021536	2100	CDS		GTG	FF951_14845|CP040688_3021536_3019437_-1_GTG_699
CP040688	-3023048	TAG	FF951_14860	-3024209	1162	CDS	true	ATG	FF951_14860_p|CP040688_3024209_3023048_-1_ATG_387
CP040688	-3024345	TAA	FF951_14865	-3025832	1488	CDS		ATG	FF951_14865|CP040688_3025832_3024345_-1_ATG_495
CP040688	-3025849	TGA	FF951_14870	-3026718	870	CDS		ATG	FF951_14870|CP040688_3026718_3025849_-3_ATG_289
CP040688	-3026743	TGA	FF951_14875	-3027687	945	CDS		GTG	FF951_14875|CP040688_3027687_3026743_-3_GTG_314
CP040688	-3027684	TGA	FF951_14880	-3028379	696	CDS		GTG	FF951_14880|CP040688_3028379_3027684_-1_GTG_231
CP040688	-3028488	TGA	FF951_14885	-3029393	906	CDS		ATG	FF951_14885|CP040688_3029393_3028488_-1_ATG_301
CP040688	-3031293	TAG	FF951_14900	-3031907	615	CDS		ATG	FF951_14900|CP040688_3031907_3031293_-1_ATG_204
CP040688	-3031904	TGA	FF951_14905	-3033442	1539	CDS		ATG	FF951_14905|CP040688_3033442_3031904_-2_ATG_512
CP040688	-3034478	TAA	FF951_14920	-3035470	993	CDS		ATG	FF951_14920|CP040688_3035470_3034478_-2_ATG_330
CP040688	-3035480	TAA	FF951_14925	-3036004	525	CDS		ATG	FF951_14925|CP040688_3036004_3035480_-2_ATG_174
CP040688	-3035970	TGA	FF951_14930	-3038342	2373	CDS		ATG	FF951_14930|CP040688_3038342_3035970_-1_ATG_790
CP040688	-3038724	TGA	FF951_14940	-3038930	207	CDS		ATG	FF951_14940|CP040688_3038930_3038724_-1_ATG_68
CP040688	-3038941	TAG	FF951_14945	-3040107	1167	CDS		ATG	FF951_14945|CP040688_3040107_3038941_-3_ATG_388
CP040688	-3042433	TGA	FF951_14965	-3043266	834	CDS		GTG	FF951_14965|CP040688_3043266_3042433_-3_GTG_277
CP040688	-3043338	TAG	FF951_14970	-3044150	813	CDS		ATG	FF951_14970|CP040688_3044150_3043338_-1_ATG_270
CP040688	-3044172	TAG	FF951_14975	-3044981	810	CDS		ATG	FF951_14975|CP040688_3044981_3044172_-1_ATG_269
CP040688	-3045111	TAA	FF951_14980	-3045449	339	CDS		ATG	FF951_14980|CP040688_3045449_3045111_-1_ATG_112
CP040688	-3045520	TGA	FF951_14985	-3046149	630	CDS		ATG	FF951_14985|CP040688_3046149_3045520_-3_ATG_209
CP040688	-3046773	TAG	FF951_14995	-3049424	2652	CDS		ATG	FF951_14995|CP040688_3049424_3046773_-1_ATG_883
CP040688	-3051433	TAA	FF951_15015	-3053109	1677	CDS		GTG	FF951_15015|CP040688_3053109_3051433_-3_GTG_558
CP040688	-3053140	TGA	FF951_15020	-3054042	903	CDS		GTG	FF951_15020|CP040688_3054042_3053140_-3_GTG_300
CP040688	-3054111	TGA	FF951_15025	-3054863	753	CDS		GTG	FF951_15025|CP040688_3054863_3054111_-1_GTG_250
CP040688	-3055107	TAG	FF951_15030	-3055382	276	CDS		ATG	FF951_15030|CP040688_3055382_3055107_-1_ATG_91
CP040688	-3055379	TGA	FF951_15035	-3057001	1623	CDS		ATG	FF951_15035|CP040688_3057001_3055379_-2_ATG_540
CP040688	-3057088	TGA	FF951_15040	-3057504	417	CDS		ATG	FF951_15040|CP040688_3057504_3057088_-3_ATG_138
CP040688	-3057501	TGA	FF951_15045	-3057767	267	CDS		ATG	FF951_15045|CP040688_3057767_3057501_-1_ATG_88
CP040688	-3057793	TGA	FF951_15050	-3058188	396	CDS		GTG	FF951_15050|CP040688_3058188_3057793_-3_GTG_131
CP040688	-3058185	TGA	FF951_15055	-3058454	270	CDS		ATG	FF951_15055|CP040688_3058454_3058185_-1_ATG_89
CP040688	-3058464	TAG	FF951_15060	-3059558	1095	CDS		ATG	FF951_15060|CP040688_3059558_3058464_-1_ATG_364
CP040688	-3059555	TGA	FF951_15065	-3059974	420	CDS		ATG	FF951_15065|CP040688_3059974_3059555_-2_ATG_139
CP040688	-3060048	TGA	FF951_15070	-3060527	480	CDS		ATG	FF951_15070|CP040688_3060527_3060048_-1_ATG_159
CP040688	-3060598	TGA	FF951_15075	-3061398	801	CDS		GTG	FF951_15075|CP040688_3061398_3060598_-3_GTG_266
CP040688	-3062506	TGA	FF951_15085	-3063288	783	CDS		ATG	FF951_15085|CP040688_3063288_3062506_-3_ATG_260
CP040688	-3063285	TGA	FF951_15090	-3063638	354	CDS		ATG	FF951_15090|CP040688_3063638_3063285_-1_ATG_117
CP040688	-3063521	TAA	FF951_15095	-3063811	291	CDS		TTG	FF951_15095|CP040688_3063811_3063521_-2_TTG_96
CP040688	-3063812	TGA	FF951_15100	-3064996	1185	CDS		ATG	FF951_15100|CP040688_3064996_3063812_-2_ATG_394
CP040688	-3065076	TAG	FF951_15105	-3065903	828	CDS		ATG	FF951_15105|CP040688_3065903_3065076_-1_ATG_275
CP040688	-3066227	TGA	FF951_15110	-3067375	1149	CDS		GTG	FF951_15110|CP040688_3067375_3066227_-2_GTG_382
CP040688	-3067499	TGA	FF951_15115	-3067951	453	CDS		GTG	FF951_15115|CP040688_3067951_3067499_-2_GTG_150
CP040688	-3068037	TGA	FF951_15120	-3068510	474	CDS		ATG	FF951_15120|CP040688_3068510_3068037_-1_ATG_157
CP040688	-3068522	TGA	FF951_15125	-3069259	738	CDS		ATG	FF951_15125|CP040688_3069259_3068522_-2_ATG_245
CP040688	-3069270	TAG	FF951_15130	-3069674	405	CDS		GTG	FF951_15130|CP040688_3069674_3069270_-1_GTG_134
CP040688	-3070292	TGA	FF951_15140	-3071221	930	CDS		GTG	FF951_15140|CP040688_3071221_3070292_-2_GTG_309
CP040688	-3071403	TGA	FF951_15145	-3072473	1071	CDS		GTG	FF951_15145|CP040688_3072473_3071403_-1_GTG_356
CP040688	-3072631	TAG	FF951_15150	-3073101	471	CDS		ATG	FF951_15150|CP040688_3073101_3072631_-3_ATG_156
CP040688	-3073133	TAG	FF951_15155	-3073672	540	CDS		ATG	FF951_15155|CP040688_3073672_3073133_-2_ATG_179
CP040688	-3074868	TAA	FF951_15165	-3075902	1035	CDS		ATG	FF951_15165|CP040688_3075902_3074868_-1_ATG_344
CP040688	-3075963	TAG	FF951_15170	-3077279	1317	CDS		ATG	FF951_15170|CP040688_3077279_3075963_-1_ATG_438
CP040688	-3077257	TGA	FF951_15175	-3079515	2259	CDS		ATG	FF951_15175|CP040688_3079515_3077257_-3_ATG_752
CP040688	-3079869	TGA	FF951_15180	-3080384	516	CDS		ATG	FF951_15180|CP040688_3080384_3079869_-1_ATG_171
CP040688	-3080397	TGA	FF951_15185	-3080666	270	CDS		GTG	FF951_15185|CP040688_3080666_3080397_-1_GTG_89
CP040688	-3080823	TGA	FF951_15190	-3081818	996	CDS		GTG	FF951_15190|CP040688_3081818_3080823_-1_GTG_331
CP040688	-3084624	TAA	FF951_15205	-3085856	1233	CDS		ATG	FF951_15205|CP040688_3085856_3084624_-1_ATG_410
CP040688	-3085882	TGA	FF951_15210	-3087087	1206	CDS		ATG	FF951_15210|CP040688_3087087_3085882_-3_ATG_401
CP040688	-3087120	TGA	FF951_15215	-3088499	1380	CDS		ATG	FF951_15215|CP040688_3088499_3087120_-1_ATG_459
CP040688	-3088499	TGA	FF951_15220	-3089080	582	CDS		ATG	FF951_15220|CP040688_3089080_3088499_-2_ATG_193
CP040688	-3089282	TAG	FF951_15225	-3090178	897	CDS		ATG	FF951_15225|CP040688_3090178_3089282_-2_ATG_298
CP040688	-3090175	TGA	FF951_15230	-3090858	684	CDS		ATG	FF951_15230|CP040688_3090858_3090175_-3_ATG_227
CP040688	-3090855	TGA	FF951_15235	-3091829	975	CDS		GTG	FF951_15235|CP040688_3091829_3090855_-1_GTG_324
CP040688	-3091974	TAG	FF951_15240	-3092537	564	CDS		ATG	FF951_15240|CP040688_3092537_3091974_-1_ATG_187
CP040688	-3092537	TGA	FF951_15245	-3094225	1689	CDS		GTG	FF951_15245|CP040688_3094225_3092537_-2_GTG_562
CP040688	-3094229	TGA	FF951_15250	-3094555	327	CDS		GTG	FF951_15250|CP040688_3094555_3094229_-2_GTG_108
CP040688	-3097085	TAG	FF951_15265	-3097441	357	CDS		GTG	FF951_15265|CP040688_3097441_3097085_-2_GTG_118
CP040688	-3097425	TGA	FF951_15270	-3097655	231	CDS		GTG	FF951_15270|CP040688_3097655_3097425_-1_GTG_76
CP040688	-3097698	TGA	FF951_15275	-3098741	1044	CDS		ATG	FF951_15275|CP040688_3098741_3097698_-1_ATG_347
CP040688	-3102659	TGA	FF951_15315	-3102931	273	CDS	true	CGG	FF951_15315_p|CP040688_3102931_3102659_-2_CGG_90
CP040688	-3108582	GAA	FF951_15340	-3108926	345	CDS	true	ATG	FF951_15340_p|CP040688_3108926_3108582_-1_ATG_115
CP040688	-3108907	TAG	FF951_15345	-3109617	711	CDS		ATG	FF951_15345|CP040688_3109617_3108907_-3_ATG_236
CP040688	-3109627	TGA	FF951_15350	-3110001	375	CDS		ATG	FF951_15350|CP040688_3110001_3109627_-3_ATG_124
CP040688	-3109998	TGA	FF951_15355	-3112436	2439	CDS		ATG	FF951_15355|CP040688_3112436_3109998_-1_ATG_812
CP040688	-3112433	TGA	FF951_15360	-3113377	945	CDS		TTG	FF951_15360|CP040688_3113377_3112433_-2_TTG_314
CP040688	-3113555	TGA	FF951_15365	-3114100	546	CDS		GTG	FF951_15365|CP040688_3114100_3113555_-2_GTG_181
CP040688	-3114372	TGA	FF951_15370	-3115256	885	CDS		GTG	FF951_15370|CP040688_3115256_3114372_-1_GTG_294
CP040688	-3115259	TGA	FF951_15375	-3116146	888	CDS		GTG	FF951_15375|CP040688_3116146_3115259_-2_GTG_295
CP040688	-3116451	TGA	FF951_15380	-3116996	546	CDS		GTG	FF951_15380|CP040688_3116996_3116451_-1_GTG_181
CP040688	-3116993	TGA	FF951_15385	-3117262	270	CDS		ATG	FF951_15385|CP040688_3117262_3116993_-2_ATG_89
CP040688	-3117283	TAG	FF951_15390	-3117675	393	CDS		ATG	FF951_15390|CP040688_3117675_3117283_-3_ATG_130
CP040688	-3117672	TGA	FF951_15395	-3117887	216	CDS		ATG	FF951_15395|CP040688_3117887_3117672_-1_ATG_71
CP040688	-3118762	TGA	FF951_15405	-3119844	1083	CDS		ATG	FF951_15405|CP040688_3119844_3118762_-3_ATG_360
CP040688	-3119837	TAA	FF951_15410	-3121147	1311	CDS		ATG	FF951_15410|CP040688_3121147_3119837_-2_ATG_436
CP040688	-3121150	TAG	FF951_15415	-3121977	828	CDS		GTG	FF951_15415|CP040688_3121977_3121150_-3_GTG_275
CP040688	-3121974	TGA	FF951_15420	-3122885	912	CDS		ATG	FF951_15420|CP040688_3122885_3121974_-1_ATG_303
CP040688	-3122972	TAG	FF951_15425	-3124291	1320	CDS		TTG	FF951_15425|CP040688_3124291_3122972_-2_TTG_439
CP040688	-3124298	TAG	FF951_15430	-3125308	1011	CDS		GTG	FF951_15430|CP040688_3125308_3124298_-2_GTG_336
CP040688	-3125283	TGA	FF951_15435	-3125834	552	CDS		ATG	FF951_15435|CP040688_3125834_3125283_-1_ATG_183
CP040688	-3125834	TGA	FF951_15440	-3128536	2703	CDS		GTG	FF951_15440|CP040688_3128536_3125834_-2_GTG_900
CP040688	-3128622	TGA	FF951_15445	-3128921	300	CDS		GTG	FF951_15445|CP040688_3128921_3128622_-1_GTG_99
CP040688	-3129048	TAG	FF951_15450	-3130091	1044	CDS		ATG	FF951_15450|CP040688_3130091_3129048_-1_ATG_347
CP040688	-3130088	TGA	FF951_15455	-3130639	552	CDS		GTG	FF951_15455|CP040688_3130639_3130088_-2_GTG_183
CP040688	-3131865	TAG	FF951_15470	-3133613	1749	CDS		GTG	FF951_15470|CP040688_3133613_3131865_-1_GTG_582
CP040688	-3133702	TAA	FF951_15475	-3135294	1593	CDS		ATG	FF951_15475|CP040688_3135294_3133702_-3_ATG_530
CP040688	-3135317	TAA	FF951_15480	-3136534	1218	CDS		GTG	FF951_15480|CP040688_3136534_3135317_-2_GTG_405
CP040688	-3136811	TAA	FF951_15485	-3138185	1375	CDS	true	ATG	FF951_15485_p|CP040688_3138185_3136811_-1_ATG_458
CP040688	-3138185	TGA	FF951_15490	-3138808	624	CDS		ATG	FF951_15490|CP040688_3138808_3138185_-2_ATG_207
CP040688	-3138829	TGA	FF951_15495	-3140718	1890	CDS		GTG	FF951_15495|CP040688_3140718_3138829_-3_GTG_629
CP040688	-3140715	TGA	FF951_15500	-3141185	471	CDS		ATG	FF951_15500|CP040688_3141185_3140715_-1_ATG_156
CP040688	-3141244	TGA	FF951_15505	-3142725	1482	CDS		GTG	FF951_15505|CP040688_3142725_3141244_-3_GTG_493
CP040688	-3149264	TGA	FF951_15545	-3150040	777	CDS		GTG	FF951_15545|CP040688_3150040_3149264_-2_GTG_258
CP040688	-3150037	TGA	FF951_15550	-3151404	1368	CDS		ATG	FF951_15550|CP040688_3151404_3150037_-3_ATG_455
CP040688	-3151401	TGA	FF951_15555	-3152327	927	CDS		GTG	FF951_15555|CP040688_3152327_3151401_-1_GTG_308
CP040688	-3152308	TAG	FF951_15560	-3153681	1374	CDS		GTG	FF951_15560|CP040688_3153681_3152308_-3_GTG_457
CP040688	-3153841	TAG	FF951_15565	-3154698	858	CDS		ATG	FF951_15565|CP040688_3154698_3153841_-3_ATG_285
CP040688	-3154740	TGA	FF951_15570	-3155324	585	CDS		ATG	FF951_15570|CP040688_3155324_3154740_-1_ATG_194
CP040688	-3156135	TAG	FF951_15585	-3157946	1812	CDS		ATG	FF951_15585|CP040688_3157946_3156135_-1_ATG_603
CP040688	-3159139	TGA	FF951_15600	-3159993	855	CDS		ATG	FF951_15600|CP040688_3159993_3159139_-3_ATG_284
CP040688	-3160049	TGA	FF951_15605	-3161212	1164	CDS		GTG	FF951_15605|CP040688_3161212_3160049_-2_GTG_387
CP040688	-3161229	TAG	FF951_15610	-3162443	1215	CDS		ATG	FF951_15610|CP040688_3162443_3161229_-1_ATG_404
CP040688	-3162451	TGA	FF951_15615	-3163692	1242	CDS		GTG	FF951_15615|CP040688_3163692_3162451_-3_GTG_413
CP040688	-3168689	TGA	FF951_15655	-3169552	864	CDS		GTG	FF951_15655|CP040688_3169552_3168689_-2_GTG_287
CP040688	-3169557	TGA	FF951_15660	-3170078	522	CDS		ATG	FF951_15660|CP040688_3170078_3169557_-1_ATG_173
CP040688	-3170321	TAG	FF951_15665	-3171415	1095	CDS		ATG	FF951_15665|CP040688_3171415_3170321_-2_ATG_364
CP040688	-3171438	TGA	FF951_15670	-3172358	921	CDS		GTG	FF951_15670|CP040688_3172358_3171438_-1_GTG_306
CP040688	-3172381	TAG	FF951_15675	-3172938	558	CDS		ATG	FF951_15675|CP040688_3172938_3172381_-3_ATG_185
CP040688	-3172931	TGA	FF951_15680	-3173044	114	CDS		ATG	FF951_15680|CP040688_3173044_3172931_-2_ATG_37
CP040688	-3173060	TGA	FF951_15685	-3173203	144	CDS		CTG	FF951_15685|CP040688_3173203_3173060_-2_CTG_47
CP040688	-3173216	TAA	FF951_15690	-3174001	786	CDS		ATG	FF951_15690|CP040688_3174001_3173216_-2_ATG_261
CP040688	-3175009	TGA	FF951_15700	-3176388	1380	CDS		ATG	FF951_15700|CP040688_3176388_3175009_-3_ATG_459
CP040688	-3176388	TGA	FF951_15705	-3177275	888	CDS		ATG	FF951_15705|CP040688_3177275_3176388_-1_ATG_295
CP040688	-3177707	TAG	FF951_15715	-3179128	1422	CDS		ATG	FF951_15715|CP040688_3179128_3177707_-2_ATG_473
CP040688	-3179135	TAG	FF951_15720	-3179950	816	CDS		ATG	FF951_15720|CP040688_3179950_3179135_-2_ATG_271
CP040688	-3179962	TAG	FF951_15725	-3180825	864	CDS		ATG	FF951_15725|CP040688_3180825_3179962_-3_ATG_287
CP040688	-3181637	TAG	FF951_15735	-3182863	1227	CDS		TTG	FF951_15735|CP040688_3182863_3181637_-2_TTG_408
CP040688	-3184237	TAG	FF951_15745	-3185133	897	CDS		GTG	FF951_15745|CP040688_3185133_3184237_-3_GTG_298
CP040688	-3185224	TAG	FF951_15750	-3186075	852	CDS		GTG	FF951_15750|CP040688_3186075_3185224_-3_GTG_283
CP040688	-3186108	TAG	FF951_15755	-3187277	1170	CDS		ATG	FF951_15755|CP040688_3187277_3186108_-1_ATG_389
CP040688	-3187274	TGA	FF951_15760	-3188785	1512	CDS		ATG	FF951_15760|CP040688_3188785_3187274_-2_ATG_503
CP040688	-3188785	TGA	FF951_15765	-3189171	387	CDS		ATG	FF951_15765|CP040688_3189171_3188785_-3_ATG_128
CP040688	-3189419	TAA	FF951_15770	-3190249	831	CDS		GTG	FF951_15770|CP040688_3190249_3189419_-2_GTG_276
CP040688	-3190249	TAG	FF951_15775	-3192588	2340	CDS		ATG	FF951_15775|CP040688_3192588_3190249_-3_ATG_779
CP040688	-3192646	TAG	FF951_15780	-3192951	306	CDS		ATG	FF951_15780|CP040688_3192951_3192646_-3_ATG_101
CP040688	-3193005	TAG	FF951_15785	-3193799	795	CDS		ATG	FF951_15785|CP040688_3193799_3193005_-1_ATG_264
CP040688	-3193813	TAG	FF951_15790	-3194697	885	CDS		GTG	FF951_15790|CP040688_3194697_3193813_-3_GTG_294
CP040688	-3194755	TGA	FF951_15795	-3195096	342	CDS		ATG	FF951_15795|CP040688_3195096_3194755_-3_ATG_113
CP040688	-3196507	TAG	FF951_15805	-3197199	693	CDS		GTG	FF951_15805|CP040688_3197199_3196507_-3_GTG_230
CP040688	-3197203	TAA	FF951_15810	-3197733	531	CDS		ATG	FF951_15810|CP040688_3197733_3197203_-3_ATG_176
CP040688	-3197747	TAG	FF951_15815	-3197989	243	CDS		ATG	FF951_15815|CP040688_3197989_3197747_-2_ATG_80
CP040688	-3197997	TGA	FF951_15820	-3198485	489	CDS		ATG	FF951_15820|CP040688_3198485_3197997_-1_ATG_162
CP040688	-3198669	TGA	FF951_15825	-3199112	444	CDS		ATG	FF951_15825|CP040688_3199112_3198669_-1_ATG_147
CP040688	-3200116	TGA	FF951_15835	-3200703	588	CDS		ATG	FF951_15835|CP040688_3200703_3200116_-3_ATG_195
CP040688	-3200705	TGA	FF951_15840	-3202540	1836	CDS		ATG	FF951_15840|CP040688_3202540_3200705_-2_ATG_611
CP040688	-3202609	TGA	FF951_15845	-3204366	1758	CDS		ATG	FF951_15845|CP040688_3204366_3202609_-3_ATG_585
CP040688	-3204410	TAG	FF951_15850	-3205522	1113	CDS		GTG	FF951_15850|CP040688_3205522_3204410_-2_GTG_370
CP040688	-3205550	TAG	FF951_15855	-3207127	1578	CDS		GTG	FF951_15855|CP040688_3207127_3205550_-2_GTG_525
CP040688	-3209096	TAG	FF951_15865	-3211522	2427	CDS		ATG	FF951_15865|CP040688_3211522_3209096_-2_ATG_808
CP040688	-3211580	TGA	FF951_15870	-3211918	339	CDS		ATG	FF951_15870|CP040688_3211918_3211580_-2_ATG_112
CP040688	-3211915	TGA	FF951_15875	-3213348	1434	CDS		GTG	FF951_15875|CP040688_3213348_3211915_-3_GTG_477
CP040688	-3213551	CAC	FF951_15880	-3213654	104	CDS	true	ATG	FF951_15880_p|CP040688_3213654_3213551_-3_ATG_34
CP040688	-3214161	TAG	FF951_15890	-3215429	1269	CDS		GTG	FF951_15890|CP040688_3215429_3214161_-1_GTG_422
CP040688	-3215479	TAG	FF951_15895	-3219096	3618	CDS		GTG	FF951_15895|CP040688_3219096_3215479_-3_GTG_1205
CP040688	-3219108	TAA	FF951_15900	-3219389	282	CDS		ATG	FF951_15900|CP040688_3219389_3219108_-1_ATG_93
CP040688	-3219376	TGA	FF951_15905	-3219786	411	CDS		ATG	FF951_15905|CP040688_3219786_3219376_-3_ATG_136
CP040688	-3219888	TAG	FF951_15910	-3220757	870	CDS		ATG	FF951_15910|CP040688_3220757_3219888_-1_ATG_289
CP040688	-3220947	TGG	FF951_15915	-3221081	135	CDS	true	TTG	FF951_15915_p|CP040688_3221081_3220947_-1_TTG_45
CP040688	-3221116	TAA	FF951_15920	-3221838	723	CDS		ATG	FF951_15920|CP040688_3221838_3221116_-3_ATG_240
CP040688	-3221835	TGA	FF951_15925	-3222458	624	CDS		GTG	FF951_15925|CP040688_3222458_3221835_-1_GTG_207
CP040688	-3222509	TAA	FF951_15930	-3223246	738	CDS		GTG	FF951_15930|CP040688_3223246_3222509_-2_GTG_245
CP040688	-3257667	TAG	FF951_15995	-3264002	6336	CDS		ATG	FF951_15995|CP040688_3264002_3257667_-1_ATG_2111
CP040688	-3269073	TGA	FF951_16010	-3269288	216	CDS		TTG	FF951_16010|CP040688_3269288_3269073_-1_TTG_71
CP040688	-3271911	TAG	FF951_16025	-3272612	702	CDS		ATG	FF951_16025|CP040688_3272612_3271911_-1_ATG_233
CP040688	-3272634	TGA	FF951_16030	-3272789	156	CDS	true	CCC	FF951_16030_p|CP040688_3272789_3272634_-1_CCC_51
CP040688	-3272790	TAG	FF951_16035	-3279134	6345	CDS		GTG	FF951_16035|CP040688_3279134_3272790_-1_GTG_2114
CP040688	-3279131	TGA	FF951_16040	-3281248	2118	CDS		ATG	FF951_16040|CP040688_3281248_3279131_-2_ATG_705
CP040688	-3281265	TAG	FF951_16045	-3281864	600	CDS		ATG	FF951_16045|CP040688_3281864_3281265_-1_ATG_199
CP040688	-3281890	TAA	FF951_16050	-3283749	1860	CDS	true	ATG	FF951_16050_p|CP040688_3283749_3281890_-3_ATG_619
CP040688	-3284397	TGA	FF951_16060	-3285542	1146	CDS		GTG	FF951_16060|CP040688_3285542_3284397_-1_GTG_381
CP040688	-3287960	TGA	FF951_16075	-3288685	726	CDS		ATG	FF951_16075|CP040688_3288685_3287960_-2_ATG_241
CP040688	-3288874	TAG	FF951_16080	-3289839	966	CDS		GTG	FF951_16080|CP040688_3289839_3288874_-3_GTG_321
CP040688	-3291739	TAG	FF951_16095	-3291945	207	CDS		GTG	FF951_16095|CP040688_3291945_3291739_-3_GTG_68
CP040688	-3292008	TAA	FF951_16100	-3293294	1287	CDS		ATG	FF951_16100|CP040688_3293294_3292008_-1_ATG_428
CP040688	-3293395	TAG	FF951_16105	-3294132	738	CDS		ATG	FF951_16105|CP040688_3294132_3293395_-3_ATG_245
CP040688	-3294247	TAA	FF951_16110	-3294495	249	CDS		GTG	FF951_16110|CP040688_3294495_3294247_-3_GTG_82
CP040688	-3295067	TAG	FF951_16120	-3296416	1350	CDS		GTG	FF951_16120|CP040688_3296416_3295067_-2_GTG_449
CP040688	-3298827	GCC	FF951_16135	-3299033	207	CDS	true	CTT	FF951_16135_p|CP040688_3299033_3298827_-1_CTT_69
CP040688	-3299624	TAG	FF951_16145	-3300109	486	CDS		ATG	FF951_16145|CP040688_3300109_3299624_-2_ATG_161
CP040688	-3300195	TAG	FF951_16150	-3300761	567	CDS		TTG	FF951_16150|CP040688_3300761_3300195_-1_TTG_188
CP040688	-3300957	TGA	FF951_16155	-3304340	3384	CDS		GTG	FF951_16155|CP040688_3304340_3300957_-1_GTG_1127
CP040688	-3304365	TGA	FF951_16160	-3304997	633	CDS		GTG	FF951_16160|CP040688_3304997_3304365_-1_GTG_210
CP040688	-3305003	TGA	FF951_16165	-3305770	768	CDS		GTG	FF951_16165|CP040688_3305770_3305003_-2_GTG_255
CP040688	-3305867	TGA	FF951_16170	-3306997	1131	CDS		ATG	FF951_16170|CP040688_3306997_3305867_-2_ATG_376
CP040688	-3308317	TAG	FF951_16185	-3309030	714	CDS		ATG	FF951_16185|CP040688_3309030_3308317_-3_ATG_237
CP040688	-3309027	TGA	FF951_16190	-3311240	2214	CDS		GTG	FF951_16190|CP040688_3311240_3309027_-1_GTG_737
CP040688	-3311243	TAG	FF951_16195	-3312904	1662	CDS		GTG	FF951_16195|CP040688_3312904_3311243_-2_GTG_553
CP040688	-3312904	TAG	FF951_16200	-3313110	207	CDS		CTG	FF951_16200|CP040688_3313110_3312904_-3_CTG_68
CP040688	-3313363	TGA	FF951_16210	-3314046	684	CDS		GTG	FF951_16210|CP040688_3314046_3313363_-3_GTG_227
CP040688	-3314079	TGA	FF951_16215	-3315080	1002	CDS		GTG	FF951_16215|CP040688_3315080_3314079_-1_GTG_333
CP040688	-3315077	TGA	FF951_16220	-3316456	1380	CDS		ATG	FF951_16220|CP040688_3316456_3315077_-2_ATG_459
CP040688	-3316456	TGA	FF951_16225	-3317040	585	CDS		ATG	FF951_16225|CP040688_3317040_3316456_-3_ATG_194
CP040688	-3318204	TAG	FF951_16235	-3319325	1122	CDS		GTG	FF951_16235|CP040688_3319325_3318204_-1_GTG_373
CP040688	-3319403	TGA	FF951_16240	-3320407	1005	CDS		ATG	FF951_16240|CP040688_3320407_3319403_-2_ATG_334
CP040688	-3324584	TAG	FF951_16260	-3325228	645	CDS		ATG	FF951_16260|CP040688_3325228_3324584_-2_ATG_214
CP040688	-3325441	TGA	FF951_16265	-3326037	597	CDS		ATG	FF951_16265|CP040688_3326037_3325441_-3_ATG_198
CP040688	-3326062	TGA	FF951_16270	-3327483	1422	CDS		ATG	FF951_16270|CP040688_3327483_3326062_-3_ATG_473
CP040688	-3328267	TAG	FF951_16280	-3329127	861	CDS		ATG	FF951_16280|CP040688_3329127_3328267_-3_ATG_286
CP040688	-3330213	TGA	FF951_16300	-3331685	1473	CDS		GTG	FF951_16300|CP040688_3331685_3330213_-1_GTG_490
CP040688	-3331682	TGA	FF951_16305	-3332479	798	CDS		ATG	FF951_16305|CP040688_3332479_3331682_-2_ATG_265
CP040688	-3333866	TAG	FF951_16315	-3334876	1011	CDS		ATG	FF951_16315|CP040688_3334876_3333866_-2_ATG_336
CP040688	-3334891	TGA	FF951_16320	-3336477	1587	CDS		GTG	FF951_16320|CP040688_3336477_3334891_-3_GTG_528
CP040688	-3338141	TGA	FF951_16330	-3338341	201	CDS		ATG	FF951_16330|CP040688_3338341_3338141_-2_ATG_66
CP040688	-3338406	TGA	FF951_16335	-3338863	458	CDS	true	CTG	FF951_16335_p|CP040688_3338863_3338406_-2_CTG_152
CP040688	-3340993	TAG	FF951_16350	-3341994	1002	CDS		ATG	FF951_16350|CP040688_3341994_3340993_-3_ATG_333
CP040688	-3342032	TAG	FF951_16355	-3342538	507	CDS		ATG	FF951_16355|CP040688_3342538_3342032_-2_ATG_168
CP040688	-3342538	TGA	FF951_16360	-3344394	1857	CDS		GTG	FF951_16360|CP040688_3344394_3342538_-3_GTG_618
CP040688	-3345101	TGA	FF951_16370	-3345940	840	CDS		GTG	FF951_16370|CP040688_3345940_3345101_-2_GTG_279
CP040688	-3347244	TAA	FF951_16380	-3347858	615	CDS		GTG	FF951_16380|CP040688_3347858_3347244_-1_GTG_204
CP040688	-3348672	TAG	FF951_16390	-3350201	1530	CDS		ATG	FF951_16390|CP040688_3350201_3348672_-1_ATG_509
CP040688	-3350231	TGA	FF951_16395	-3351262	1032	CDS		ATG	FF951_16395|CP040688_3351262_3350231_-2_ATG_343
CP040688	-3351358	TAG	FF951_16400	-3352842	1485	CDS		GTG	FF951_16400|CP040688_3352842_3351358_-3_GTG_494
CP040688	-3352839	TGA	FF951_16405	-3353138	300	CDS		GTG	FF951_16405|CP040688_3353138_3352839_-1_GTG_99
CP040688	-3353953	TAA	FF951_16415	-3356028	2076	CDS		GTG	FF951_16415|CP040688_3356028_3353953_-3_GTG_691
CP040688	-3356059	TGA	FF951_16420	-3357072	1014	CDS		GTG	FF951_16420|CP040688_3357072_3356059_-3_GTG_337
CP040688	-3357898	TAA	FF951_16430	-3358260	363	CDS		GTG	FF951_16430|CP040688_3358260_3357898_-3_GTG_120
CP040688	-3358347	TGA	FF951_16435	-3359651	1305	CDS		GTG	FF951_16435|CP040688_3359651_3358347_-1_GTG_434
CP040688	-3359737	TGA	FF951_16440	-3359940	204	CDS		GTG	FF951_16440|CP040688_3359940_3359737_-3_GTG_67
CP040688	-3361328	TAA	FF951_16450	-3361621	294	CDS		ATG	FF951_16450|CP040688_3361621_3361328_-2_ATG_97
CP040688	-3361668	TGA	FF951_16455	-3362975	1308	CDS		GTG	FF951_16455|CP040688_3362975_3361668_-1_GTG_435
CP040688	-3362972	TGA	FF951_16460	-3363286	315	CDS		GTG	FF951_16460|CP040688_3363286_3362972_-2_GTG_104
CP040688	-3363668	TAG	FF951_16465	-3364915	1248	CDS		ATG	FF951_16465|CP040688_3364915_3363668_-2_ATG_415
CP040688	-3365078	TGA	FF951_16475	-3366181	1104	CDS		ATG	FF951_16475|CP040688_3366181_3365078_-2_ATG_367
CP040688	-3366178	TGA	FF951_16480	-3367359	1182	CDS		ATG	FF951_16480|CP040688_3367359_3366178_-3_ATG_393
CP040688	-3367456	TAA	FF951_16485	-3368370	915	CDS		ATG	FF951_16485|CP040688_3368370_3367456_-3_ATG_304
CP040688	-3368367	TGA	FF951_16490	-3369212	846	CDS		ATG	FF951_16490|CP040688_3369212_3368367_-1_ATG_281
CP040688	-3369368	TAG	FF951_16495	-3370324	957	CDS		ATG	FF951_16495|CP040688_3370324_3369368_-2_ATG_318
CP040688	-3370363	TAA	FF951_16500	-3371163	801	CDS		ATG	FF951_16500|CP040688_3371163_3370363_-3_ATG_266
CP040688	-3376312	TAG	FF951_16530	-3377214	903	CDS		GTG	FF951_16530|CP040688_3377214_3376312_-3_GTG_300
CP040688	-3378751	TAA	FF951_16540	-3379434	684	CDS		ATG	FF951_16540|CP040688_3379434_3378751_-3_ATG_227
CP040688	-3379507	TAG	FF951_16545	-3380583	1077	CDS		GTG	FF951_16545|CP040688_3380583_3379507_-3_GTG_358
CP040688	-3380718	TGA	FF951_16550	-3381701	984	CDS		ATG	FF951_16550|CP040688_3381701_3380718_-1_ATG_327
CP040688	-3381712	TAG	FF951_16555	-3382476	765	CDS		GTG	FF951_16555|CP040688_3382476_3381712_-3_GTG_254
CP040688	-3382485	TGA	FF951_16560	-3383351	867	CDS		ATG	FF951_16560|CP040688_3383351_3382485_-1_ATG_288
CP040688	-3383348	TGA	FF951_16565	-3384211	864	CDS		ATG	FF951_16565|CP040688_3384211_3383348_-2_ATG_287
CP040688	-3384226	TAG	FF951_16570	-3385455	1230	CDS		ATG	FF951_16570|CP040688_3385455_3384226_-3_ATG_409
CP040688	-3385493	TGA	FF951_16575	-3387214	1722	CDS		TTG	FF951_16575|CP040688_3387214_3385493_-2_TTG_573
CP040688	-3387306	TAG	FF951_16580	-3387509	204	CDS		ATG	FF951_16580|CP040688_3387509_3387306_-1_ATG_67
CP040688	-3389607	TGA	FF951_16595	-3389981	375	CDS		GTG	FF951_16595|CP040688_3389981_3389607_-1_GTG_124
CP040688	-3390315	TGA	FF951_16600	-3390599	285	CDS		ATG	FF951_16600|CP040688_3390599_3390315_-1_ATG_94
CP040688	-3390697	TAG	FF951_16605	-3391671	975	CDS		GTG	FF951_16605|CP040688_3391671_3390697_-3_GTG_324
CP040688	-3391802	TAG	FF951_16610	-3393376	1575	CDS		GTG	FF951_16610|CP040688_3393376_3391802_-2_GTG_524
CP040688	-3393510	TGA	FF951_16615	-3394250	741	CDS		GTG	FF951_16615|CP040688_3394250_3393510_-1_GTG_246
CP040688	-3394378	TAG	FF951_16620	-3396555	2178	CDS		GTG	FF951_16620|CP040688_3396555_3394378_-3_GTG_725
CP040688	-3396525	TAG	FF951_16625	-3396977	453	CDS		ATG	FF951_16625|CP040688_3396977_3396525_-1_ATG_150
CP040688	-3397012	TAG	FF951_16630	-3397251	240	CDS		ATG	FF951_16630|CP040688_3397251_3397012_-3_ATG_79
CP040688	-3397229	TAA	FF951_16635	-3397633	405	CDS		TTG	FF951_16635|CP040688_3397633_3397229_-2_TTG_134
CP040688	-3397714	TGA	FF951_16640	-3398268	555	CDS		GTG	FF951_16640|CP040688_3398268_3397714_-3_GTG_184
CP040688	-3400078	TAG	FF951_16655	-3400941	864	CDS		ATG	FF951_16655|CP040688_3400941_3400078_-3_ATG_287
CP040688	-3401005	TAG	FF951_16660	-3401655	651	CDS		GTG	FF951_16660|CP040688_3401655_3401005_-3_GTG_216
CP040688	-3404020	TAA	FF951_16675	-3405492	1473	CDS		ATG	FF951_16675|CP040688_3405492_3404020_-3_ATG_490
CP040688	-3405609	TAG	FF951_16680	-3407774	2166	CDS		ATG	FF951_16680|CP040688_3407774_3405609_-1_ATG_721
CP040688	-3412172	TAA	FF951_16695	-3412597	426	CDS		ATG	FF951_16695|CP040688_3412597_3412172_-2_ATG_141
CP040688	-3414326	TGA	FF951_16720	-3415969	1644	CDS		ATG	FF951_16720|CP040688_3415969_3414326_-2_ATG_547
CP040688	-3418145	TGA	FF951_16740	-3418669	525	CDS		TTG	FF951_16740|CP040688_3418669_3418145_-2_TTG_174
CP040688	-3418676	TAA	FF951_16745	-3419032	357	CDS		ATG	FF951_16745|CP040688_3419032_3418676_-2_ATG_118
CP040688	-3420397	TAG	FF951_16755	-3421320	924	CDS		ATG	FF951_16755|CP040688_3421320_3420397_-3_ATG_307
CP040688	-3424117	TAG	FF951_16775	-3424944	828	CDS		ATG	FF951_16775|CP040688_3424944_3424117_-3_ATG_275
CP040688	-3425003	TAA	FF951_16780	-3428335	3333	CDS		ATG	FF951_16780|CP040688_3428335_3425003_-2_ATG_1110
CP040688	-3429751	TGA	FF951_16790	-3430773	1023	CDS		ATG	FF951_16790|CP040688_3430773_3429751_-3_ATG_340
CP040688	-3440116	TGA	FF951_16835	-3440418	303	CDS		GTG	FF951_16835|CP040688_3440418_3440116_-3_GTG_100
CP040688	-3443161	TAG	FF951_16850	-3444081	921	CDS		ATG	FF951_16850|CP040688_3444081_3443161_-3_ATG_306
CP040688	-3444107	TAA	FF951_16855	-3445111	1005	CDS		ATG	FF951_16855|CP040688_3445111_3444107_-2_ATG_334
CP040688	-3445108	TGA	FF951_16860	-3446238	1131	CDS		GTG	FF951_16860|CP040688_3446238_3445108_-3_GTG_376
CP040688	-3448125	TGA	FF951_16875	-3449438	1314	CDS		GTG	FF951_16875|CP040688_3449438_3448125_-1_GTG_437
CP040688	-3449557	TAA	FF951_16880	-3450009	453	CDS		GTG	FF951_16880|CP040688_3450009_3449557_-3_GTG_150
CP040688	-3450760	TGA	FF951_16895	-3451611	852	CDS		GTG	FF951_16895|CP040688_3451611_3450760_-3_GTG_283
CP040688	-3451648	TGA	FF951_16900	-3452130	483	CDS		GTG	FF951_16900|CP040688_3452130_3451648_-3_GTG_160
CP040688	-3452133	TAG	FF951_16905	-3453026	894	CDS		GTG	FF951_16905|CP040688_3453026_3452133_-1_GTG_297
CP040688	-3453027	TAA	FF951_16910	-3453716	690	CDS		ATG	FF951_16910|CP040688_3453716_3453027_-1_ATG_229
CP040688	-3453760	TGA	FF951_16915	-3454197	438	CDS		GTG	FF951_16915|CP040688_3454197_3453760_-3_GTG_145
CP040688	-3454199	TAG	FF951_16920	-3455125	927	CDS		ATG	FF951_16920|CP040688_3455125_3454199_-2_ATG_308
CP040688	-3455115	TAG	FF951_16925	-3456230	1116	CDS		GTG	FF951_16925|CP040688_3456230_3455115_-1_GTG_371
CP040688	-3457726	TGA	FF951_16935	-3459309	1584	CDS		ATG	FF951_16935|CP040688_3459309_3457726_-3_ATG_527
CP040688	-3463656	TGA	FF951_16975	-3463799	144	CDS		TTG	FF951_16975|CP040688_3463799_3463656_-1_TTG_47
CP040688	-3470141	TGA	FF951_17015	-3470260	120	CDS	true	ATT	FF951_17015_p|CP040688_3470260_3470141_-2_ATT_39
CP040688	-3472824	TAG	FF951_17035	-3473999	1176	CDS		ATG	FF951_17035|CP040688_3473999_3472824_-1_ATG_391
CP040688	-3474156	TGA	FF951_17040	-3474470	315	CDS		ATG	FF951_17040|CP040688_3474470_3474156_-1_ATG_104
CP040688	-3475516	TGA	FF951_17050	-3475866	351	CDS		GTG	FF951_17050|CP040688_3475866_3475516_-3_GTG_116
CP040688	-3475948	TAG	FF951_17055	-3476259	312	CDS	true	CTC	FF951_17055_p|CP040688_3476259_3475948_-3_CTC_103
CP040688	-3476300	TGA	FF951_17060	-3477561	1263	fCDS		ATG	FF951_17060_fCDS|CP040688_3477561_3476300_-3_ATG_420
CP040688	-3477518	TGA	FF951_17065	-3477886	369	CDS		GTG	FF951_17065|CP040688_3477886_3477518_-2_GTG_122
CP040688	-3478680	TGA	FF951_17075	-3480071	1392	CDS		ATG	FF951_17075|CP040688_3480071_3478680_-1_ATG_463
CP040688	-3481234	TAG	FF951_17085	-3482970	1737	CDS		ATG	FF951_17085|CP040688_3482970_3481234_-3_ATG_578
CP040688	-3482967	TGA	FF951_17090	-3483620	654	CDS		GTG	FF951_17090|CP040688_3483620_3482967_-1_GTG_217
CP040688	-3483648	TAG	FF951_17095	-3484454	807	CDS		ATG	FF951_17095|CP040688_3484454_3483648_-1_ATG_268
CP040688	-3484613	TAG	FF951_17100	-3484888	276	CDS		GTG	FF951_17100|CP040688_3484888_3484613_-2_GTG_91
CP040688	-3487040	TAG	FF951_17115	-3487372	333	CDS		GTG	FF951_17115|CP040688_3487372_3487040_-2_GTG_110
CP040688	-3493213	TGA	FF951_17145	-3493641	429	CDS		ATG	FF951_17145|CP040688_3493641_3493213_-3_ATG_142
CP040688	-3494183	TGA	FF951_17155	-3495412	1230	CDS		GTG	FF951_17155|CP040688_3495412_3494183_-2_GTG_409
CP040688	-3511486	TAA	FF951_17230	-3513255	1770	CDS		ATG	FF951_17230|CP040688_3513255_3511486_-3_ATG_589
CP040688	-3513503	TAA	FF951_17235	-3515404	1902	CDS		ATG	FF951_17235|CP040688_3515404_3513503_-2_ATG_633
CP040688	-3515579	TAG	FF951_17240	-3516220	642	CDS		ATG	FF951_17240|CP040688_3516220_3515579_-2_ATG_213
CP040688	-3516231	TAG	FF951_17245	-3517379	1149	CDS		ATG	FF951_17245|CP040688_3517379_3516231_-1_ATG_382
CP040688	-3517449	TGA	FF951_17250	-3517886	438	CDS		ATG	FF951_17250|CP040688_3517886_3517449_-1_ATG_145
CP040688	-3517883	TGA	FF951_17255	-3519154	1272	CDS		GTG	FF951_17255|CP040688_3519154_3517883_-2_GTG_423
CP040688	-3519184	TAG	FF951_17260	-3520146	963	CDS		ATG	FF951_17260|CP040688_3520146_3519184_-3_ATG_320
CP040688	-3520154	TGA	FF951_17265	-3520636	483	CDS		ATG	FF951_17265|CP040688_3520636_3520154_-2_ATG_160
CP040688	-3520633	TGA	FF951_17270	-3521592	960	CDS		ATG	FF951_17270|CP040688_3521592_3520633_-3_ATG_319
CP040688	-3521672	TGA	FF951_17275	-3522298	627	CDS		ATG	FF951_17275|CP040688_3522298_3521672_-2_ATG_208
CP040688	-3526087	TAG	FF951_17295	-3526986	900	CDS		TTG	FF951_17295|CP040688_3526986_3526087_-3_TTG_299
CP040688	-3527123	TAA	FF951_17300	-3527605	483	CDS		ATG	FF951_17300|CP040688_3527605_3527123_-2_ATG_160
CP040688	-3527684	TGA	FF951_17305	-3528286	603	CDS		ATG	FF951_17305|CP040688_3528286_3527684_-2_ATG_200
CP040688	-3530585	TAA	FF951_17320	-3531541	957	CDS		ATG	FF951_17320|CP040688_3531541_3530585_-2_ATG_318
CP040688	-3535483	TGA	FF951_17350	-3536744	1263	fCDS		ATG	FF951_17350_fCDS|CP040688_3536744_3535483_-1_ATG_420
CP040688	-3536853	TGA	FF951_17355	-3537287	435	CDS		GTG	FF951_17355|CP040688_3537287_3536853_-1_GTG_144
CP040688	-3537290	TGA	FF951_17360	-3537742	453	CDS		ATG	FF951_17360|CP040688_3537742_3537290_-2_ATG_150
CP040688	-3540305	TGA	FF951_17385	-3541570	1266	CDS		GTG	FF951_17385|CP040688_3541570_3540305_-2_GTG_421
CP040688	-3542194	TGA	FF951_17400	-3543228	1035	CDS		GTG	FF951_17400|CP040688_3543228_3542194_-3_GTG_344
CP040688	-3543512	TGA	FF951_17405	-3543736	225	CDS		GTG	FF951_17405|CP040688_3543736_3543512_-2_GTG_74
CP040688	-3543681	TGA	FF951_17410	-3543863	183	CDS		GTG	FF951_17410|CP040688_3543863_3543681_-1_GTG_60
CP040688	-3545077	TAG	FF951_17425	-3548055	2979	CDS		GTG	FF951_17425|CP040688_3548055_3545077_-3_GTG_992
CP040688	-3548147	TAG	FF951_17430	-3549169	1023	CDS		GTG	FF951_17430|CP040688_3549169_3548147_-2_GTG_340
CP040688	-3551579	TAG	FF951_17445	-3551779	201	CDS		GTG	FF951_17445|CP040688_3551779_3551579_-2_GTG_66
CP040688	-3553284	TAG	FF951_17455	-3553562	279	CDS		GTG	FF951_17455|CP040688_3553562_3553284_-1_GTG_92
CP040688	-3553992	TGA	FF951_17460	-3556094	2103	CDS		ATG	FF951_17460|CP040688_3556094_3553992_-1_ATG_700
CP040688	-3556485	TGA	FF951_17470	-3557426	942	CDS		GTG	FF951_17470|CP040688_3557426_3556485_-1_GTG_313
CP040688	-3557485	TAG	FF951_17475	-3558552	1068	CDS		GTG	FF951_17475|CP040688_3558552_3557485_-3_GTG_355
CP040688	-3558614	TGA	FF951_17480	-3561919	3306	CDS		ATG	FF951_17480|CP040688_3561919_3558614_-2_ATG_1101
CP040688	-3561916	TGA	FF951_17485	-3565083	3168	CDS		ATG	FF951_17485|CP040688_3565083_3561916_-3_ATG_1055
CP040688	-3566509	TAA	FF951_17505	-3567387	879	CDS		ATG	FF951_17505|CP040688_3567387_3566509_-3_ATG_292
CP040688	-3567414	TAG	FF951_17510	-3568589	1176	CDS		GTG	FF951_17510|CP040688_3568589_3567414_-1_GTG_391
CP040688	-3568680	TAA	FF951_17515	-3569537	858	CDS		GTG	FF951_17515|CP040688_3569537_3568680_-1_GTG_285
CP040688	-3570556	TAA	FF951_17525	-3570828	273	CDS		GTG	FF951_17525|CP040688_3570828_3570556_-3_GTG_90
CP040688	-3571723	TAG	FF951_17535	-3572418	696	CDS		ATG	FF951_17535|CP040688_3572418_3571723_-3_ATG_231
CP040688	-3575572	TAG	FF951_17550	-3576372	801	CDS		ATG	FF951_17550|CP040688_3576372_3575572_-3_ATG_266
CP040688	-3578684	TAG	FF951_17570	-3579115	432	CDS		GTG	FF951_17570|CP040688_3579115_3578684_-2_GTG_143
CP040688	-3580909	TAG	FF951_17585	-3582414	1506	CDS		ATG	FF951_17585|CP040688_3582414_3580909_-3_ATG_501
CP040688	-3582431	TAG	FF951_17590	-3582646	216	CDS		ATG	FF951_17590|CP040688_3582646_3582431_-2_ATG_71
CP040688	-3582931	TAG	FF951_17600	-3583236	306	CDS		GTG	FF951_17600|CP040688_3583236_3582931_-3_GTG_101
CP040688	-3583233	TGA	FF951_17605	-3583784	552	CDS		ATG	FF951_17605|CP040688_3583784_3583233_-1_ATG_183
CP040688	-3583781	TGA	FF951_17610	-3584431	651	CDS		ATG	FF951_17610|CP040688_3584431_3583781_-2_ATG_216
CP040688	-3585896	TAG	FF951_17630	-3587320	1425	CDS		GTG	FF951_17630|CP040688_3587320_3585896_-2_GTG_474
CP040688	-3587444	TGA	FF951_17635	-3588202	759	CDS		ATG	FF951_17635|CP040688_3588202_3587444_-2_ATG_252
CP040688	-3590631	TAA	FF951_17650	-3591914	1284	CDS		ATG	FF951_17650|CP040688_3591914_3590631_-1_ATG_427
CP040688	-3591992	TAG	FF951_17655	-3593134	1143	CDS		ATG	FF951_17655|CP040688_3593134_3591992_-2_ATG_380
CP040688	-3593244	TGA	FF951_17660	-3593753	510	CDS		GTG	FF951_17660|CP040688_3593753_3593244_-1_GTG_169
CP040688	-3593750	TGA	FF951_17665	-3594637	888	CDS		GTG	FF951_17665|CP040688_3594637_3593750_-2_GTG_295
CP040688	-3594661	TAG	FF951_17670	-3596070	1410	CDS		GTG	FF951_17670|CP040688_3596070_3594661_-3_GTG_469
CP040688	-3596840	TAG	FF951_17680	-3597997	1158	CDS		GTG	FF951_17680|CP040688_3597997_3596840_-2_GTG_385
CP040688	-3598002	TGA	FF951_17685	-3598484	483	CDS		ATG	FF951_17685|CP040688_3598484_3598002_-1_ATG_160
CP040688	-3598545	TGA	FF951_17690	-3599279	735	CDS		ATG	FF951_17690|CP040688_3599279_3598545_-1_ATG_244
CP040688	-3599338	TGA	FF951_17695	-3602484	3147	CDS		ATG	FF951_17695|CP040688_3602484_3599338_-3_ATG_1048
CP040688	-3602563	TAG	FF951_17700	-3605412	2850	CDS		GTG	FF951_17700|CP040688_3605412_3602563_-3_GTG_949
CP040688	-3605491	TGA	FF951_17705	-3606135	645	CDS		GTG	FF951_17705|CP040688_3606135_3605491_-3_GTG_214
CP040688	-3606451	TGA	FF951_17710	-3607092	642	CDS		GTG	FF951_17710|CP040688_3607092_3606451_-3_GTG_213
CP040688	-3607130	TGA	FF951_17715	-3607972	843	CDS		ATG	FF951_17715|CP040688_3607972_3607130_-2_ATG_280
CP040688	-3608040	TGA	FF951_17720	-3609791	1752	CDS		ATG	FF951_17720|CP040688_3609791_3608040_-1_ATG_583
CP040688	-3609791	TGA	FF951_17725	-3611494	1704	CDS		ATG	FF951_17725|CP040688_3611494_3609791_-2_ATG_567
CP040688	-3611544	TGA	FF951_17730	-3612230	687	CDS		ATG	FF951_17730|CP040688_3612230_3611544_-1_ATG_228
CP040688	-3612300	TGA	FF951_17735	-3612944	645	CDS		GTG	FF951_17735|CP040688_3612944_3612300_-1_GTG_214
CP040688	-3613041	TGA	FF951_17740	-3614528	1488	CDS		ATG	FF951_17740|CP040688_3614528_3613041_-1_ATG_495
CP040688	-3614633	TGA	FF951_17745	-3615268	636	CDS		GTG	FF951_17745|CP040688_3615268_3614633_-2_GTG_211
CP040688	-3615265	TGA	FF951_17750	-3615447	183	CDS		GTG	FF951_17750|CP040688_3615447_3615265_-3_GTG_60
CP040688	-3615452	TAA	FF951_17755	-3615619	168	CDS		ATG	FF951_17755|CP040688_3615619_3615452_-2_ATG_55
CP040688	-3615619	TGA	FF951_17760	-3616869	1251	CDS		ATG	FF951_17760|CP040688_3616869_3615619_-3_ATG_416
CP040688	-3616978	TGA	FF951_17765	-3618465	1488	CDS		ATG	FF951_17765|CP040688_3618465_3616978_-3_ATG_495
CP040688	-3619922	TGA	FF951_17775	-3621148	1227	CDS		GTG	FF951_17775|CP040688_3621148_3619922_-2_GTG_408
CP040688	-3621156	TAG	FF951_17780	-3622196	1041	CDS		GTG	FF951_17780|CP040688_3622196_3621156_-1_GTG_346
CP040688	-3622193	TGA	FF951_17785	-3623590	1398	CDS		ATG	FF951_17785|CP040688_3623590_3622193_-2_ATG_465
CP040688	-3623692	TAG	FF951_17790	-3624183	492	CDS		ATG	FF951_17790|CP040688_3624183_3623692_-3_ATG_163
CP040688	-3624753	TGA	FF951_17800	-3625022	270	CDS		TTG	FF951_17800|CP040688_3625022_3624753_-1_TTG_89
CP040688	-3629779	TGA	FF951_17830	-3630858	1080	CDS		TTG	FF951_17830|CP040688_3630858_3629779_-3_TTG_359
CP040688	-3630860	TGA	FF951_17835	-3631765	906	CDS		GTG	FF951_17835|CP040688_3631765_3630860_-2_GTG_301
CP040688	-3631776	TGA	FF951_17840	-3632690	915	CDS		ATG	FF951_17840|CP040688_3632690_3631776_-1_ATG_304
CP040688	-3637560	TAG	FF951_17865	-3638228	669	CDS		ATG	FF951_17865|CP040688_3638228_3637560_-1_ATG_222
CP040688	-3641801	TGA	FF951_17880	-3642970	1170	CDS		ATG	FF951_17880|CP040688_3642970_3641801_-2_ATG_389
CP040688	-3642995	TAG	FF951_17885	-3643519	525	CDS		ATG	FF951_17885|CP040688_3643519_3642995_-2_ATG_174
CP040688	-3643516	TGA	FF951_17890	-3644805	1290	CDS		ATG	FF951_17890|CP040688_3644805_3643516_-3_ATG_429
CP040688	-3645532	TGA	FF951_17900	-3646050	519	CDS		ATG	FF951_17900|CP040688_3646050_3645532_-3_ATG_172
CP040688	-3646093	TAA	FF951_17905	-3646893	801	CDS		GTG	FF951_17905|CP040688_3646893_3646093_-3_GTG_266
CP040688	-3652915	TAG	FF951_17940	-3653700	786	CDS		GTG	FF951_17940|CP040688_3653700_3652915_-3_GTG_261
CP040688	-3653697	TGA	FF951_17945	-3654134	438	CDS		ATG	FF951_17945|CP040688_3654134_3653697_-1_ATG_145
CP040688	-3654332	TAG	FF951_17950	-3654745	414	CDS		ATG	FF951_17950|CP040688_3654745_3654332_-2_ATG_137
CP040688	-3654780	TGA	FF951_17955	-3655157	378	CDS		ATG	FF951_17955|CP040688_3655157_3654780_-1_ATG_125
CP040688	-3655191	TAA	FF951_17960	-3656540	1350	CDS		ATG	FF951_17960|CP040688_3656540_3655191_-1_ATG_449
CP040688	-3656591	TAA	FF951_17965	-3657043	453	CDS		ATG	FF951_17965|CP040688_3657043_3656591_-2_ATG_150
CP040688	-3659932	TAG	FF951_17980	-3660741	810	CDS		GTG	FF951_17980|CP040688_3660741_3659932_-3_GTG_269
CP040688	-3666856	TAG	FF951_18000	-3667770	915	CDS		ATG	FF951_18000|CP040688_3667770_3666856_-3_ATG_304
CP040688	-3667797	TGA	FF951_18005	-3670709	2913	CDS		GTG	FF951_18005|CP040688_3670709_3667797_-1_GTG_970
CP040688	-3670729	TGA	FF951_18010	-3671646	918	CDS		GTG	FF951_18010|CP040688_3671646_3670729_-3_GTG_305
CP040688	-3671658	TGA	FF951_18015	-3672323	666	CDS		ATG	FF951_18015|CP040688_3672323_3671658_-1_ATG_221
CP040688	-3672431	TGA	FF951_18020	-3674188	1758	CDS		GTG	FF951_18020|CP040688_3674188_3672431_-2_GTG_585
CP040688	-3674269	TGA	FF951_18025	-3675684	1416	CDS		GTG	FF951_18025|CP040688_3675684_3674269_-3_GTG_471
CP040688	-3676443	TAG	FF951_18040	-3677612	1170	CDS		ATG	FF951_18040|CP040688_3677612_3676443_-1_ATG_389
CP040688	-3677609	TGA	FF951_18045	-3678793	1185	CDS		ATG	FF951_18045|CP040688_3678793_3677609_-2_ATG_394
CP040688	-3681274	TGA	FF951_18060	-3681897	624	CDS		GTG	FF951_18060|CP040688_3681897_3681274_-3_GTG_207
CP040688	-3684208	TAG	FF951_18075	-3685134	927	CDS		TTG	FF951_18075|CP040688_3685134_3684208_-3_TTG_308
CP040688	-3685160	TGA	FF951_18080	-3685330	171	CDS		ATG	FF951_18080|CP040688_3685330_3685160_-2_ATG_56
CP040688	-3685509	TAG	FF951_18085	-3685820	312	CDS		ATG	FF951_18085|CP040688_3685820_3685509_-1_ATG_103
CP040688	-3685891	TAA	FF951_18090	-3686988	1098	CDS		ATG	FF951_18090|CP040688_3686988_3685891_-3_ATG_365
CP040688	-3686988	TGA	FF951_18095	-3688271	1284	CDS		GTG	FF951_18095|CP040688_3688271_3686988_-1_GTG_427
CP040688	-3688268	TGA	FF951_18100	-3688669	402	CDS		ATG	FF951_18100|CP040688_3688669_3688268_-2_ATG_133
CP040688	-3692446	TAG	FF951_18125	-3692874	429	CDS		ATG	FF951_18125|CP040688_3692874_3692446_-3_ATG_142
CP040688	-3692878	TGA	FF951_18130	-3693120	243	CDS		ATG	FF951_18130|CP040688_3693120_3692878_-3_ATG_80
CP040688	-3693242	TAG	FF951_18135	-3693856	615	CDS		ATG	FF951_18135|CP040688_3693856_3693242_-2_ATG_204
CP040688	-3693853	TGA	FF951_18140	-3694518	666	CDS		ATG	FF951_18140|CP040688_3694518_3693853_-3_ATG_221
CP040688	-3694519	TGA	FF951_18145	-3695052	534	CDS		GTG	FF951_18145|CP040688_3695052_3694519_-3_GTG_177
CP040688	-3695049	TGA	FF951_18150	-3695423	375	CDS		ATG	FF951_18150|CP040688_3695423_3695049_-1_ATG_124
CP040688	-3695520	TAA	FF951_18155	-3696584	1065	CDS		GTG	FF951_18155|CP040688_3696584_3695520_-1_GTG_354
CP040688	-3698469	TAG	FF951_18175	-3698690	222	CDS		GTG	FF951_18175|CP040688_3698690_3698469_-1_GTG_73
CP040688	-3698800	TGA	FF951_18180	-3699959	1160	CDS	true	ATC	FF951_18180_p|CP040688_3699959_3698800_-1_ATC_386
CP040688	-3700019	TGA	FF951_18185	-3701280	1263	fCDS		ATG	FF951_18185_fCDS|CP040688_3701280_3700019_-3_ATG_420
CP040688	-3703219	TGA	FF951_18200	-3704157	939	CDS		ATG	FF951_18200|CP040688_3704157_3703219_-3_ATG_312
CP040688	-3709762	TGA	FF951_18225	-3710607	846	CDS		ATG	FF951_18225|CP040688_3710607_3709762_-3_ATG_281
CP040688	-3711556	TAA	FF951_18240	-3712425	870	CDS		ATG	FF951_18240|CP040688_3712425_3711556_-3_ATG_289
CP040688	-3712446	TAA	FF951_18245	-3713456	1011	CDS		ATG	FF951_18245|CP040688_3713456_3712446_-1_ATG_336
CP040688	-3714440	TAG	FF951_18255	-3715669	1230	CDS		ATG	FF951_18255|CP040688_3715669_3714440_-2_ATG_409
CP040688	-3719189	TAA	FF951_18275	-3730258	11070	CDS		ATG	FF951_18275|CP040688_3730258_3719189_-2_ATG_3689
CP040688	-3730307	TGA	FF951_18280	-3736369	6063	CDS		ATG	FF951_18280|CP040688_3736369_3730307_-2_ATG_2020
CP040688	-3736793	TAG	FF951_18285	-3737050	258	CDS		ATG	FF951_18285|CP040688_3737050_3736793_-2_ATG_85
CP040688	-3737306	TAA	FF951_18290	-3746779	9474	CDS		TTG	FF951_18290|CP040688_3746779_3737306_-2_TTG_3157
CP040688	-3746817	TGA	FF951_18295	-3747308	492	CDS		GTG	FF951_18295|CP040688_3747308_3746817_-1_GTG_163
CP040688	-3747888	TAA	FF951_18310	-3748706	819	CDS		ATG	FF951_18310|CP040688_3748706_3747888_-1_ATG_272
CP040688	-3748923	TGA	FF951_18315	-3749210	288	CDS		ATG	FF951_18315|CP040688_3749210_3748923_-1_ATG_95
CP040688	-3749547	TAA	FF951_18320	-3760696	11150	CDS	true	ATG	FF951_18320_p|CP040688_3760696_3749547_-2_ATG_3716
CP040688	-3760940	TGA	FF951_18325	-3761734	795	CDS		GTG	FF951_18325|CP040688_3761734_3760940_-2_GTG_264
CP040688	-3761816	TGA	FF951_18330	-3762187	372	CDS		GTG	FF951_18330|CP040688_3762187_3761816_-2_GTG_123
CP040688	-3762085	TGA	FF951_18335	-3762495	411	CDS		GTG	FF951_18335|CP040688_3762495_3762085_-3_GTG_136
CP040688	-3762330	TAG	FF951_18340	-3762590	261	CDS		ATG	FF951_18340|CP040688_3762590_3762330_-1_ATG_86
CP040688	-3763108	TAG	FF951_18350	-3763401	294	CDS		ATG	FF951_18350|CP040688_3763401_3763108_-3_ATG_97
CP040688	-3763398	TGA	FF951_18355	-3764243	846	CDS		GTG	FF951_18355|CP040688_3764243_3763398_-1_GTG_281
CP040688	-3766610	TAG	FF951_18380	-3767161	552	CDS		TTG	FF951_18380|CP040688_3767161_3766610_-2_TTG_183
CP040688	-3767168	TGA	FF951_18385	-3767749	582	CDS		GTG	FF951_18385|CP040688_3767749_3767168_-2_GTG_193
CP040688	-3767730	TGA	FF951_18390	-3768098	369	CDS		TTG	FF951_18390|CP040688_3768098_3767730_-1_TTG_122
CP040688	-3768076	TAG	FF951_18395	-3768468	393	CDS		ATG	FF951_18395|CP040688_3768468_3768076_-3_ATG_130
CP040688	-3768465	TGA	FF951_18400	-3771095	2631	CDS		GTG	FF951_18400|CP040688_3771095_3768465_-1_GTG_876
CP040688	-3771677	TGA	FF951_18410	-3772081	405	CDS		GTG	FF951_18410|CP040688_3772081_3771677_-2_GTG_134
CP040688	-3773881	TAA	FF951_18420	-3774525	645	CDS		ATG	FF951_18420|CP040688_3774525_3773881_-3_ATG_214
CP040688	-3775047	TGA	FF951_18430	-3778286	3240	CDS		ATG	FF951_18430|CP040688_3778286_3775047_-1_ATG_1079
CP040688	-3784394	TGA	FF951_18470	-3785899	1506	CDS		ATG	FF951_18470|CP040688_3785899_3784394_-2_ATG_501
CP040688	-3785904	TGA	FF951_18475	-3786794	891	CDS		ATG	FF951_18475|CP040688_3786794_3785904_-1_ATG_296
CP040688	-3786803	TAA	FF951_18480	-3788641	1839	CDS		ATG	FF951_18480|CP040688_3788641_3786803_-2_ATG_612
CP040688	-3788638	TGA	FF951_18485	-3789627	990	CDS		ATG	FF951_18485|CP040688_3789627_3788638_-3_ATG_329
CP040688	-3789627	TGA	FF951_18490	-3790016	390	CDS	true	ATT	FF951_18490_p|CP040688_3790016_3789627_-1_ATT_129
CP040688	-3791372	ATT	FF951_18500	-3792037	666	CDS	true	ATG	FF951_18500_p|CP040688_3792037_3791372_-2_ATG_222
CP040688	-3792791	TGA	FF951_18505	-3793183	393	CDS		ATG	FF951_18505|CP040688_3793183_3792791_-2_ATG_130
CP040688	-3793183	TGA	FF951_18510	-3793491	309	CDS		ATG	FF951_18510|CP040688_3793491_3793183_-3_ATG_102
CP040688	-3797449	TAG	FF951_18525	-3798321	873	CDS		ATG	FF951_18525|CP040688_3798321_3797449_-3_ATG_290
CP040688	-3801104	TGA	FF951_18540	-3801967	864	CDS		ATG	FF951_18540|CP040688_3801967_3801104_-2_ATG_287
CP040688	-3802972	TGA	FF951_18550	-3804555	1584	CDS		GTG	FF951_18550|CP040688_3804555_3802972_-3_GTG_527
CP040688	-3804552	TGA	FF951_18555	-3805166	615	CDS		ATG	FF951_18555|CP040688_3805166_3804552_-1_ATG_204
CP040688	-3806031	TAG	FF951_18565	-3807608	1578	CDS		GTG	FF951_18565|CP040688_3807608_3806031_-1_GTG_525
CP040688	-3807620	TAG	FF951_18570	-3808528	909	CDS		ATG	FF951_18570|CP040688_3808528_3807620_-2_ATG_302
CP040688	-3808557	TGA	FF951_18575	-3809636	1080	CDS		ATG	FF951_18575|CP040688_3809636_3808557_-1_ATG_359
CP040688	-3814042	CGG	FF951_18595	-3814260	219	CDS	true	ATT	FF951_18595_p|CP040688_3814260_3814042_-3_ATT_73
CP040688	-3814208	TAA	FF951_18600	-3814432	225	CDS		TTG	FF951_18600|CP040688_3814432_3814208_-2_TTG_74
CP040688	-3814869	ACG	FF951_18605	-3815055	187	CDS	true	GTG	FF951_18605_p|CP040688_3815055_3814869_-3_GTG_62
CP040688	-3815048	TGA	FF951_18610	-3816286	1239	CDS		ATG	FF951_18610|CP040688_3816286_3815048_-2_ATG_412
CP040688	-3816657	TGA	FF951_18615	-3818258	1602	CDS		ATG	FF951_18615|CP040688_3818258_3816657_-1_ATG_533
CP040688	-3818275	TAA	FF951_18620	-3818979	705	CDS		GTG	FF951_18620|CP040688_3818979_3818275_-3_GTG_234
CP040688	-3819097	TGA	FF951_18625	-3819663	567	CDS		ATG	FF951_18625|CP040688_3819663_3819097_-3_ATG_188
CP040688	-3821386	TGA	FF951_18645	-3823122	1737	CDS		ATG	FF951_18645|CP040688_3823122_3821386_-3_ATG_578
CP040688	-3823178	TGA	FF951_18650	-3824305	1128	CDS		ATG	FF951_18650|CP040688_3824305_3823178_-2_ATG_375
CP040688	-3824325	TAA	FF951_18655	-3825914	1590	CDS		ATG	FF951_18655|CP040688_3825914_3824325_-1_ATG_529
CP040688	-3826541	TAG	FF951_18665	-3827440	900	CDS		ATG	FF951_18665|CP040688_3827440_3826541_-2_ATG_299
CP040688	-3827433	TGA	FF951_18670	-3828071	639	CDS		ATG	FF951_18670|CP040688_3828071_3827433_-1_ATG_212
CP040688	-3828089	TAA	FF951_18675	-3828916	828	CDS		GTG	FF951_18675|CP040688_3828916_3828089_-2_GTG_275
CP040688	-3829667	TGA	FF951_18685	-3831286	1620	CDS		ATG	FF951_18685|CP040688_3831286_3829667_-2_ATG_539
CP040688	-3831381	TAG	FF951_18690	-3831683	303	CDS		GTG	FF951_18690|CP040688_3831683_3831381_-1_GTG_100
CP040688	-3831950	TGA	FF951_18695	-3832984	1035	CDS		ATG	FF951_18695|CP040688_3832984_3831950_-2_ATG_344
CP040688	-3832981	TGA	FF951_18700	-3833457	477	CDS		GTG	FF951_18700|CP040688_3833457_3832981_-3_GTG_158
CP040688	-3833454	TGA	FF951_18705	-3834089	636	CDS		ATG	FF951_18705|CP040688_3834089_3833454_-1_ATG_211
CP040688	-3834086	TGA	FF951_18710	-3834592	507	CDS		TTG	FF951_18710|CP040688_3834592_3834086_-2_TTG_168
CP040688	-3834589	TGA	FF951_18715	-3835815	1227	CDS		GTG	FF951_18715|CP040688_3835815_3834589_-3_GTG_408
CP040688	-3836109	TGA	FF951_18725	-3836471	363	CDS		ATG	FF951_18725|CP040688_3836471_3836109_-1_ATG_120
CP040688	-3837907	TAG	FF951_18740	-3838173	267	CDS		GTG	FF951_18740|CP040688_3838173_3837907_-3_GTG_88
CP040688	-3838278	TAG	FF951_18745	-3839033	756	CDS		ATG	FF951_18745|CP040688_3839033_3838278_-1_ATG_251
CP040688	-3839117	TGA	FF951_18750	-3840127	1011	CDS		ATT	FF951_18750|CP040688_3840127_3839117_-2_ATT_336
CP040688	-3840153	TGA	FF951_18755	-3841811	1659	CDS		CTG	FF951_18755|CP040688_3841811_3840153_-1_CTG_552
CP040688	-3841804	TGA	FF951_18760	-3842022	219	CDS		ATG	FF951_18760|CP040688_3842022_3841804_-3_ATG_72
CP040688	-3843382	TAG	FF951_18775	-3843584	203	CDS	true	CTG	FF951_18775_p|CP040688_3843584_3843382_-1_CTG_67
CP040688	-3844079	TGA	FF951_18785	-3844345	267	CDS		GTG	FF951_18785|CP040688_3844345_3844079_-2_GTG_88
CP040688	-3844813	TGA	FF951_18790	-3845175	363	CDS		ATG	FF951_18790|CP040688_3845175_3844813_-3_ATG_120
CP040688	-3845931	TAA	FF951_18800	-3846978	1048	CDS	true	GTG	FF951_18800_p|CP040688_3846978_3845931_-3_GTG_349
CP040688	-3847017	TGA	FF951_18805	-3847172	156	CDS		TTG	FF951_18805|CP040688_3847172_3847017_-1_TTG_51
CP040688	-3847491	GTC	FF951_18810	-3848327	837	CDS	true	GCT	FF951_18810_p|CP040688_3848327_3847491_-1_GCT_279
CP040688	-3848545	TAG	FF951_18815	-3849927	1383	CDS		GTG	FF951_18815|CP040688_3849927_3848545_-3_GTG_460
CP040688	-3849965	TAG	FF951_18820	-3851386	1422	CDS		ATG	FF951_18820|CP040688_3851386_3849965_-2_ATG_473
CP040688	-3851388	TGA	FF951_18825	-3852101	714	CDS		GTG	FF951_18825|CP040688_3852101_3851388_-1_GTG_237
CP040688	-3852112	TAA	FF951_18830	-3852966	855	CDS		TTG	FF951_18830|CP040688_3852966_3852112_-3_TTG_284
CP040688	-3853188	TAG	FF951_18835	-3855062	1875	CDS		GTG	FF951_18835|CP040688_3855062_3853188_-1_GTG_624
CP040688	-3856432	TGA	FF951_18850	-3857835	1404	CDS		GTG	FF951_18850|CP040688_3857835_3856432_-3_GTG_467
CP040688	-3857838	TGA	FF951_18855	-3858149	312	CDS		ATG	FF951_18855|CP040688_3858149_3857838_-1_ATG_103
CP040688	-3858197	TGA	FF951_18860	-3859543	1347	CDS		ATG	FF951_18860|CP040688_3859543_3858197_-2_ATG_448
CP040688	-3859668	TGA	FF951_18865	-3860123	456	CDS		ATG	FF951_18865|CP040688_3860123_3859668_-1_ATG_151
CP040688	-3860120	TGA	FF951_18870	-3860563	444	CDS		GTG	FF951_18870|CP040688_3860563_3860120_-2_GTG_147
CP040688	-3860796	TAG	FF951_18875	-3861098	303	CDS		ATG	FF951_18875|CP040688_3861098_3860796_-1_ATG_100
CP040688	-3861119	TAG	FF951_18880	-3861436	318	CDS		GTG	FF951_18880|CP040688_3861436_3861119_-2_GTG_105
CP040688	-3861489	TGA	FF951_18885	-3862703	1215	CDS		GTG	FF951_18885|CP040688_3862703_3861489_-1_GTG_404
CP040688	-3862700	TGA	FF951_18890	-3866410	3711	CDS		ATG	FF951_18890|CP040688_3866410_3862700_-2_ATG_1236
CP040688	-3869256	TAG	FF951_18905	-3870668	1413	CDS		GTG	FF951_18905|CP040688_3870668_3869256_-1_GTG_470
CP040688	-3874223	TAA	FF951_18930	-3875116	894	CDS		GTG	FF951_18930|CP040688_3875116_3874223_-2_GTG_297
CP040688	-3875061	TAG	FF951_18935	-3875603	543	CDS		ATG	FF951_18935|CP040688_3875603_3875061_-1_ATG_180
CP040688	-3875635	TAG	FF951_18940	-3876678	1044	CDS		ATG	FF951_18940|CP040688_3876678_3875635_-3_ATG_347
CP040688	-3876830	TAA	FF951_18945	-3877435	606	CDS		ATG	FF951_18945|CP040688_3877435_3876830_-2_ATG_201
CP040688	-3877444	TAG	FF951_18950	-3877863	420	CDS		ATG	FF951_18950|CP040688_3877863_3877444_-3_ATG_139
CP040688	-3877867	TAA	FF951_18955	-3878241	375	CDS		ATG	FF951_18955|CP040688_3878241_3877867_-3_ATG_124
CP040688	-3878514	TAG	FF951_18965	-3878627	114	CDS		GTG	FF951_18965|CP040688_3878627_3878514_-1_GTG_37
CP040688	-3878660	TAG	FF951_18970	-3878881	222	CDS		ATG	FF951_18970|CP040688_3878881_3878660_-2_ATG_73
CP040688	-3883203	TGA	FF951_19000	-3884297	1095	CDS		GTG	FF951_19000|CP040688_3884297_3883203_-1_GTG_364
CP040688	-3884301	TGA	FF951_19005	-3885311	1011	CDS		ATG	FF951_19005|CP040688_3885311_3884301_-1_ATG_336
CP040688	-3885372	TAG	FF951_19010	-3887030	1659	CDS		GTG	FF951_19010|CP040688_3887030_3885372_-1_GTG_552
CP040688	-3887036	TGA	FF951_19015	-3887569	534	CDS		ATG	FF951_19015|CP040688_3887569_3887036_-2_ATG_177
CP040688	-3888176	TGA	FF951_19025	-3888961	786	CDS		GTG	FF951_19025|CP040688_3888961_3888176_-2_GTG_261
CP040688	-3889241	TAG	FF951_19030	-3890590	1350	CDS		ATG	FF951_19030|CP040688_3890590_3889241_-2_ATG_449
CP040688	-3895779	TGA	FF951_19050	-3897272	1494	CDS		GTG	FF951_19050|CP040688_3897272_3895779_-1_GTG_497
CP040688	-3897363	TGA	FF951_19055	-3898052	690	CDS		ATG	FF951_19055|CP040688_3898052_3897363_-1_ATG_229
CP040688	-3898194	TAA	FF951_19060	-3898976	783	CDS		ATG	FF951_19060|CP040688_3898976_3898194_-1_ATG_260
CP040688	-3899020	TAG	FF951_19065	-3899682	663	CDS		GTG	FF951_19065|CP040688_3899682_3899020_-3_GTG_220
CP040688	-3901492	TAA	FF951_19075	-3902436	945	CDS		ATG	FF951_19075|CP040688_3902436_3901492_-3_ATG_314
CP040688	-3903044	TAG	FF951_19090	-3903877	834	CDS		GTG	FF951_19090|CP040688_3903877_3903044_-2_GTG_277
CP040688	-3907335	TAA	FF951_19115	-3907817	483	CDS		ATG	FF951_19115|CP040688_3907817_3907335_-1_ATG_160
CP040688	-3907817	TGA	FF951_19120	-3908545	729	CDS		GTG	FF951_19120|CP040688_3908545_3907817_-2_GTG_242
CP040688	-3908545	TAG	FF951_19125	-3910239	1695	CDS		ATG	FF951_19125|CP040688_3910239_3908545_-3_ATG_564
CP040688	-3910250	TAG	FF951_19130	-3911404	1155	CDS		ATG	FF951_19130|CP040688_3911404_3910250_-2_ATG_384
CP040688	-3911401	TGA	FF951_19135	-3912756	1356	CDS		GTG	FF951_19135|CP040688_3912756_3911401_-3_GTG_451
CP040688	-3912753	TGA	FF951_19140	-3913826	1074	CDS		TTG	FF951_19140|CP040688_3913826_3912753_-1_TTG_357
CP040688	-3913816	TAG	FF951_19145	-3914868	1053	CDS		ATG	FF951_19145|CP040688_3914868_3913816_-3_ATG_350
CP040688	-3914868	TGA	FF951_19150	-3916070	1203	CDS		ATG	FF951_19150|CP040688_3916070_3914868_-1_ATG_400
CP040688	-3916090	TAA	FF951_19155	-3916932	843	CDS		ATG	FF951_19155|CP040688_3916932_3916090_-3_ATG_280
CP040688	-3916967	TAA	FF951_19160	-3917731	765	CDS		TTG	FF951_19160|CP040688_3917731_3916967_-2_TTG_254
CP040688	-3917957	TGA	FF951_19165	-3918910	954	CDS		TTG	FF951_19165|CP040688_3918910_3917957_-2_TTG_317
CP040688	-3918935	TAG	FF951_19170	-3919126	192	CDS		GTG	FF951_19170|CP040688_3919126_3918935_-2_GTG_63
CP040688	-3932910	TAG	FF951_19200	-3934457	1548	CDS		GTG	FF951_19200|CP040688_3934457_3932910_-1_GTG_515
CP040688	-3934454	TGA	FF951_19205	-3935290	837	CDS		ATG	FF951_19205|CP040688_3935290_3934454_-2_ATG_278
CP040688	-3942284	TGA	FF951_19220	-3942940	657	CDS		ATG	FF951_19220|CP040688_3942940_3942284_-2_ATG_218
CP040688	-3947731	TAG	FF951_19230	-3947949	219	CDS		GTG	FF951_19230|CP040688_3947949_3947731_-3_GTG_72
CP040688	-3947946	TGA	FF951_19235	-3949592	1647	CDS		GTG	FF951_19235|CP040688_3949592_3947946_-1_GTG_548
CP040688	-3951447	TGA	FF951_19250	-3952643	1197	CDS		ATG	FF951_19250|CP040688_3952643_3951447_-1_ATG_398
CP040688	-3953447	TGA	FF951_19260	-3954490	1044	CDS		GTG	FF951_19260|CP040688_3954490_3953447_-2_GTG_347
CP040688	-3958922	TAG	FF951_19285	-3959446	525	CDS		ATG	FF951_19285|CP040688_3959446_3958922_-2_ATG_174
CP040688	-3961601	TAA	FF951_19300	-3962314	714	CDS		ATG	FF951_19300|CP040688_3962314_3961601_-2_ATG_237
CP040688	-3963006	TGA	FF951_19315	-3964160	1155	CDS		ATG	FF951_19315|CP040688_3964160_3963006_-1_ATG_384
CP040688	-3964160	TAA	FF951_19320	-3964942	783	CDS		ATG	FF951_19320|CP040688_3964942_3964160_-2_ATG_260
CP040688	-3964939	TGA	FF951_19325	-3966066	1128	CDS		GTG	FF951_19325|CP040688_3966066_3964939_-3_GTG_375
CP040688	-3967827	TGA	FF951_19335	-3969575	1749	CDS		ATG	FF951_19335|CP040688_3969575_3967827_-1_ATG_582
CP040688	-3969674	TGA	FF951_19340	-3970714	1041	CDS		ATG	FF951_19340|CP040688_3970714_3969674_-2_ATG_346
CP040688	-3970711	TGA	FF951_19345	-3971622	912	CDS		ATG	FF951_19345|CP040688_3971622_3970711_-3_ATG_303
CP040688	-3971633	TAA	FF951_19350	-3972418	786	CDS		ATG	FF951_19350|CP040688_3972418_3971633_-2_ATG_261
CP040688	-3976621	TAA	FF951_19370	-3977781	1161	CDS		GTG	FF951_19370|CP040688_3977781_3976621_-3_GTG_386
CP040688	-3977781	TAG	FF951_19375	-3978170	390	CDS		ATG	FF951_19375|CP040688_3978170_3977781_-1_ATG_129
CP040688	-3978167	TGA	FF951_19380	-3979102	936	CDS		GTG	FF951_19380|CP040688_3979102_3978167_-2_GTG_311
CP040688	-3979099	TGA	FF951_19385	-3980262	1164	CDS		ATG	FF951_19385|CP040688_3980262_3979099_-3_ATG_387
CP040688	-3980247	TGA	FF951_19390	-3981266	1020	CDS		ATG	FF951_19390|CP040688_3981266_3980247_-1_ATG_339
CP040688	-3981266	TAA	FF951_19395	-3982567	1302	CDS		GTG	FF951_19395|CP040688_3982567_3981266_-2_GTG_433
CP040688	-3984503	TAG	FF951_19410	-3985417	915	CDS		ATG	FF951_19410|CP040688_3985417_3984503_-2_ATG_304
CP040688	-3985440	TGA	FF951_19415	-3986219	780	CDS		GTG	FF951_19415|CP040688_3986219_3985440_-1_GTG_259
CP040688	-3986216	TGA	FF951_19420	-3986320	105	CDS		GTG	FF951_19420|CP040688_3986320_3986216_-2_GTG_34
CP040688	-3991951	TGA	FF951_19450	-3992820	870	CDS		ATG	FF951_19450|CP040688_3992820_3991951_-3_ATG_289
CP040688	-3992925	TAG	FF951_19455	-3994085	1161	CDS		ATG	FF951_19455|CP040688_3994085_3992925_-1_ATG_386
CP040688	-3994150	TGA	FF951_19460	-3994752	603	CDS		ATG	FF951_19460|CP040688_3994752_3994150_-3_ATG_200
CP040688	-3996768	TGA	FF951_19470	-3997556	789	CDS		ATG	FF951_19470|CP040688_3997556_3996768_-1_ATG_262
CP040688	-3997553	TGA	FF951_19475	-3998710	1158	CDS		ATG	FF951_19475|CP040688_3998710_3997553_-2_ATG_385
CP040688	-4004452	TAA	FF951_19505	-4005303	852	CDS		ATG	FF951_19505|CP040688_4005303_4004452_-3_ATG_283
CP040688	-4005288	TGA	FF951_19510	-4005554	267	CDS		GTG	FF951_19510|CP040688_4005554_4005288_-1_GTG_88
CP040688	-4005840	TAG	FF951_19520	-4006403	564	CDS		ATG	FF951_19520|CP040688_4006403_4005840_-1_ATG_187
CP040688	-4006418	TAG	FF951_19525	-4007320	903	CDS		ATG	FF951_19525|CP040688_4007320_4006418_-2_ATG_300
CP040688	-4007317	TGA	FF951_19530	-4008192	876	CDS		ATG	FF951_19530|CP040688_4008192_4007317_-3_ATG_291
CP040688	-4008207	TAG	FF951_19535	-4009391	1185	CDS		GTG	FF951_19535|CP040688_4009391_4008207_-1_GTG_394
CP040688	-4011198	TGA	FF951_19550	-4013333	2136	CDS		GTG	FF951_19550|CP040688_4013333_4011198_-1_GTG_711
CP040688	-4014210	TAA	FF951_19560	-4015289	1080	CDS		GTG	FF951_19560|CP040688_4015289_4014210_-1_GTG_359
CP040688	-4018546	TGA	FF951_19580	-4019514	969	CDS		ATG	FF951_19580|CP040688_4019514_4018546_-3_ATG_322
CP040688	-4019515	TAG	FF951_19585	-4020924	1410	CDS		GTG	FF951_19585|CP040688_4020924_4019515_-3_GTG_469
CP040688	-4020989	TAG	FF951_19590	-4021468	480	CDS		GTG	FF951_19590|CP040688_4021468_4020989_-2_GTG_159
CP040688	-4021465	TGA	FF951_19595	-4022160	696	CDS		GTG	FF951_19595|CP040688_4022160_4021465_-3_GTG_231
CP040688	-4022177	TGA	FF951_19600	-4022665	489	CDS		ATG	FF951_19600|CP040688_4022665_4022177_-2_ATG_162
CP040688	-4026089	TAA	FF951_19620	-4026883	795	CDS		GTG	FF951_19620|CP040688_4026883_4026089_-2_GTG_264
CP040688	-4026992	TGA	FF951_19625	-4027615	624	CDS		ATG	FF951_19625|CP040688_4027615_4026992_-2_ATG_207
CP040688	-4028525	TAA	FF951_19635	-4030279	1755	CDS		ATG	FF951_19635|CP040688_4030279_4028525_-2_ATG_584
CP040688	-4030390	TGA	FF951_19640	-4031163	774	CDS		GTG	FF951_19640|CP040688_4031163_4030390_-3_GTG_257
CP040688	-4033852	TGA	FF951_19660	-4035171	1320	CDS		ATG	FF951_19660|CP040688_4035171_4033852_-3_ATG_439
CP040688	-4035279	TAG	FF951_19665	-4037825	2547	CDS		ATG	FF951_19665|CP040688_4037825_4035279_-1_ATG_848
CP040688	-4038102	TGA	FF951_19670	-4038440	339	CDS		ATG	FF951_19670|CP040688_4038440_4038102_-1_ATG_112
CP040688	-4038544	TGA	FF951_19675	-4040061	1518	CDS		GTG	FF951_19675|CP040688_4040061_4038544_-3_GTG_505
CP040688	-4040073	TAA	FF951_19680	-4040156	84	CDS		ATG	FF951_19680|CP040688_4040156_4040073_-1_ATG_27
CP040688	-4040162	TGA	FF951_19685	-4040980	819	CDS		GTG	FF951_19685|CP040688_4040980_4040162_-2_GTG_272
CP040688	-4040983	TAG	FF951_19690	-4041402	420	CDS		ATG	FF951_19690|CP040688_4041402_4040983_-3_ATG_139
CP040688	-4041402	TGA	FF951_19695	-4042331	930	CDS		ATG	FF951_19695|CP040688_4042331_4041402_-1_ATG_309
CP040688	-4042328	TGA	FF951_19700	-4043239	912	CDS		ATG	FF951_19700|CP040688_4043239_4042328_-2_ATG_303
CP040688	-4043424	TAG	FF951_19705	-4044617	1194	CDS		ATG	FF951_19705|CP040688_4044617_4043424_-1_ATG_397
CP040688	-4044826	TAG	FF951_19710	-4045302	477	CDS		ATG	FF951_19710|CP040688_4045302_4044826_-3_ATG_158
CP040688	-4045302	TGA	FF951_19715	-4045868	567	CDS		ATG	FF951_19715|CP040688_4045868_4045302_-1_ATG_188
CP040688	-4045865	TGA	FF951_19720	-4046266	402	CDS		ATG	FF951_19720|CP040688_4046266_4045865_-2_ATG_133
CP040688	-4046259	TGA	FF951_19725	-4047101	843	CDS		GTG	FF951_19725|CP040688_4047101_4046259_-1_GTG_280
CP040688	-4047098	TGA	FF951_19730	-4047706	609	CDS		ATG	FF951_19730|CP040688_4047706_4047098_-2_ATG_202
CP040688	-4047722	TGA	FF951_19735	-4050004	2283	CDS		ATG	FF951_19735|CP040688_4050004_4047722_-2_ATG_760
CP040688	-4050861	TGA	FF951_19745	-4051190	330	CDS		ATG	FF951_19745|CP040688_4051190_4050861_-1_ATG_109
CP040688	-4051224	TAG	FF951_19750	-4051385	162	CDS		ATG	FF951_19750|CP040688_4051385_4051224_-1_ATG_53
CP040688	-4051485	TGA	FF951_19755	-4052039	555	CDS		GTG	FF951_19755|CP040688_4052039_4051485_-1_GTG_184
CP040688	-4052155	TGA	FF951_19760	-4052466	312	CDS		ATG	FF951_19760|CP040688_4052466_4052155_-3_ATG_103
CP040688	-4052540	TAA	FF951_19765	-4053718	1179	CDS		ATG	FF951_19765|CP040688_4053718_4052540_-2_ATG_392
CP040688	-4057327	TAA	FF951_19785	-4057611	285	CDS		ATG	FF951_19785|CP040688_4057611_4057327_-3_ATG_94
CP040688	-4057638	TGA	FF951_19790	-4057934	297	CDS		ATG	FF951_19790|CP040688_4057934_4057638_-1_ATG_98
CP040688	-4057991	TGA	FF951_19795	-4059232	1242	CDS		ATG	FF951_19795|CP040688_4059232_4057991_-2_ATG_413
CP040688	-4059242	TAG	FF951_19800	-4059541	300	CDS		ATG	FF951_19800|CP040688_4059541_4059242_-2_ATG_99
CP040688	-4060597	TAG	FF951_19810	-4061247	651	CDS		TTG	FF951_19810|CP040688_4061247_4060597_-3_TTG_216
CP040688	-4061244	TGA	FF951_19815	-4062215	972	CDS		ATG	FF951_19815|CP040688_4062215_4061244_-1_ATG_323
CP040688	-4062194	TAG	FF951_19820	-4063246	1053	CDS		GTG	FF951_19820|CP040688_4063246_4062194_-2_GTG_350
CP040688	-4063243	TGA	FF951_19825	-4064628	1386	CDS		ATG	FF951_19825|CP040688_4064628_4063243_-3_ATG_461
CP040688	-4065300	TGA	FF951_19835	-4066397	1098	CDS		ATG	FF951_19835|CP040688_4066397_4065300_-1_ATG_365
CP040688	-4070010	TGA	FF951_19860	-4070954	945	CDS		GTG	FF951_19860|CP040688_4070954_4070010_-1_GTG_314
CP040688	-4075227	TGA	FF951_19880	-4075793	567	CDS		ATG	FF951_19880|CP040688_4075793_4075227_-1_ATG_188
CP040688	-4075863	TAG	FF951_19885	-4077092	1230	CDS		ATG	FF951_19885|CP040688_4077092_4075863_-1_ATG_409
CP040688	-4077268	TGA	FF951_19890	-4077903	636	CDS		GTG	FF951_19890|CP040688_4077903_4077268_-3_GTG_211
CP040688	-4077914	TAA	FF951_19895	-4078108	195	CDS		GTG	FF951_19895|CP040688_4078108_4077914_-2_GTG_64
CP040688	-4078859	TAG	FF951_19910	-4080064	1206	CDS		ATG	FF951_19910|CP040688_4080064_4078859_-2_ATG_401
CP040688	-4081796	TAG	FF951_19920	-4084600	2805	CDS		TTG	FF951_19920|CP040688_4084600_4081796_-2_TTG_934
CP040688	-4084953	TAG	FF951_19925	-4085531	579	CDS		GTG	FF951_19925|CP040688_4085531_4084953_-1_GTG_192
CP040688	-4085671	TGA	FF951_19930	-4085874	204	CDS		ATG	FF951_19930|CP040688_4085874_4085671_-3_ATG_67
CP040688	-4090736	TGA	FF951_19950	-4090981	246	CDS		ATG	FF951_19950|CP040688_4090981_4090736_-2_ATG_81
CP040688	-4092021	TGA	FF951_19965	-4092398	378	CDS		TTG	FF951_19965|CP040688_4092398_4092021_-1_TTG_125
CP040688	-4092361	TGA	FF951_19970	-4092660	300	CDS		GTG	FF951_19970|CP040688_4092660_4092361_-3_GTG_99
CP040688	-4092684	TAG	FF951_19975	-4092890	207	CDS		ATG	FF951_19975|CP040688_4092890_4092684_-1_ATG_68
CP040688	-4092900	TGA	FF951_19980	-4093475	576	CDS		ATG	FF951_19980|CP040688_4093475_4092900_-1_ATG_191
CP040688	-4093499	TGA	FF951_19985	-4094299	801	CDS		ATG	FF951_19985|CP040688_4094299_4093499_-2_ATG_266
CP040688	-4094296	TGA	FF951_19990	-4095459	1164	CDS		ATG	FF951_19990|CP040688_4095459_4094296_-3_ATG_387
CP040688	-4095456	TGA	FF951_19995	-4096508	1053	CDS		ATG	FF951_19995|CP040688_4096508_4095456_-1_ATG_350
CP040688	-4098045	CCG	FF951_20010	-4098312	268	CDS	true	ATC	FF951_20010_p|CP040688_4098312_4098045_-3_ATC_89
CP040688	-4098625	TGA	FF951_20015	-4099395	771	CDS		GTG	FF951_20015|CP040688_4099395_4098625_-3_GTG_256
CP040688	-4099392	TGA	FF951_20020	-4101038	1647	CDS		ATG	FF951_20020|CP040688_4101038_4099392_-1_ATG_548
CP040688	-4101035	TGA	FF951_20025	-4101898	864	CDS		ATG	FF951_20025|CP040688_4101898_4101035_-2_ATG_287
CP040688	-4101891	TGA	FF951_20030	-4102817	927	CDS		ATG	FF951_20030|CP040688_4102817_4101891_-1_ATG_308
CP040688	-4102819	TGA	FF951_20035	-4104444	1626	CDS		ATG	FF951_20035|CP040688_4104444_4102819_-3_ATG_541
CP040688	-4107143	TGA	FF951_20050	-4107841	699	CDS		TTG	FF951_20050|CP040688_4107841_4107143_-2_TTG_232
CP040688	-4109682	TGA	FF951_20065	-4110875	1194	CDS		ATG	FF951_20065|CP040688_4110875_4109682_-1_ATG_397
CP040688	-4110881	TGA	FF951_20070	-4111702	822	CDS		ATG	FF951_20070|CP040688_4111702_4110881_-2_ATG_273
CP040688	-4111834	TGA	FF951_20075	-4112517	684	CDS		ATG	FF951_20075|CP040688_4112517_4111834_-3_ATG_227
CP040688	-4112517	TAA	FF951_20080	-4113254	738	CDS		GTG	FF951_20080|CP040688_4113254_4112517_-1_GTG_245
CP040688	-4114618	TAG	FF951_20095	-4115412	795	CDS		ATG	FF951_20095|CP040688_4115412_4114618_-3_ATG_264
CP040688	-4115419	TAG	FF951_20100	-4115874	456	CDS		ATG	FF951_20100|CP040688_4115874_4115419_-3_ATG_151
CP040688	-4115890	TAG	FF951_20105	-4116051	162	CDS		ATG	FF951_20105|CP040688_4116051_4115890_-3_ATG_53
CP040688	-4118272	TGA	FF951_20120	-4118499	228	CDS		ATG	FF951_20120|CP040688_4118499_4118272_-3_ATG_75
CP040688	-4118620	CCG	FF951_20125	-4118877	258	CDS	true	ATG	FF951_20125_p|CP040688_4118877_4118620_-3_ATG_86
CP040688	-4119014	TAG	FF951_20130	-4119370	357	CDS		GTG	FF951_20130|CP040688_4119370_4119014_-2_GTG_118
CP040688	-4125109	TAG	FF951_20160	-4126539	1431	CDS		ATG	FF951_20160|CP040688_4126539_4125109_-3_ATG_476
CP040688	-4126565	TAG	FF951_20165	-4126897	333	CDS		ATG	FF951_20165|CP040688_4126897_4126565_-2_ATG_110
CP040688	-4127137	TAA	FF951_20170	-4127505	369	CDS		TTG	FF951_20170|CP040688_4127505_4127137_-3_TTG_122
CP040688	-4127707	TAG	FF951_20175	-4128171	465	CDS		ATG	FF951_20175|CP040688_4128171_4127707_-3_ATG_154
CP040688	-4133936	TGA	FF951_20210	-4134928	993	CDS		GTG	FF951_20210|CP040688_4134928_4133936_-2_GTG_330
CP040688	-4136016	TAG	FF951_20220	-4137543	1528	CDS	true	TTG	FF951_20220_p|CP040688_4137543_4136016_-3_TTG_509
CP040688	-4137620	TGA	FF951_20225	-4138057	438	CDS		GTG	FF951_20225|CP040688_4138057_4137620_-2_GTG_145
CP040688	-4138054	TGA	FF951_20230	-4138278	225	CDS		ATG	FF951_20230|CP040688_4138278_4138054_-3_ATG_74
CP040688	-4140563	TAG	FF951_20245	-4141735	1173	CDS		ATG	FF951_20245|CP040688_4141735_4140563_-2_ATG_390
CP040688	-4141766	TGA	FF951_20250	-4142731	966	CDS		ATG	FF951_20250|CP040688_4142731_4141766_-2_ATG_321
CP040688	-4142728	TGA	FF951_20255	-4143429	702	CDS		ATG	FF951_20255|CP040688_4143429_4142728_-3_ATG_233
CP040688	-4143429	TGA	FF951_20260	-4144706	1278	CDS		GTG	FF951_20260|CP040688_4144706_4143429_-1_GTG_425
CP040688	-4144703	TGA	FF951_20265	-4146001	1299	CDS		ATG	FF951_20265|CP040688_4146001_4144703_-2_ATG_432
CP040688	-4146133	TGA	FF951_20270	-4146777	645	CDS		ATG	FF951_20270|CP040688_4146777_4146133_-3_ATG_214
CP040688	-4146906	TAG	FF951_20275	-4147295	390	CDS		ATG	FF951_20275|CP040688_4147295_4146906_-1_ATG_129
CP040688	-4147406	TAA	FF951_20280	-4147726	321	CDS		ATG	FF951_20280|CP040688_4147726_4147406_-2_ATG_106
CP040688	-4147845	TAG	FF951_20285	-4148855	1011	CDS		GTG	FF951_20285|CP040688_4148855_4147845_-1_GTG_336
CP040688	-4148995	TGA	FF951_20290	-4150032	1038	CDS		ATG	FF951_20290|CP040688_4150032_4148995_-3_ATG_345
CP040688	-4150033	TAG	FF951_20295	-4151298	1266	CDS		GTG	FF951_20295|CP040688_4151298_4150033_-3_GTG_421
CP040688	-4153555	TGA	FF951_20305	-4154544	990	CDS		GTG	FF951_20305|CP040688_4154544_4153555_-3_GTG_329
CP040688	-4154573	TGA	FF951_20310	-4154863	291	CDS		GTG	FF951_20310|CP040688_4154863_4154573_-2_GTG_96
CP040688	-4156746	TAA	FF951_20325	-4157636	891	CDS		ATG	FF951_20325|CP040688_4157636_4156746_-1_ATG_296
CP040688	-4157704	TGA	FF951_20330	-4158315	612	CDS		ATG	FF951_20330|CP040688_4158315_4157704_-3_ATG_203
CP040688	-4158327	TGA	FF951_20335	-4158728	402	CDS		ATG	FF951_20335|CP040688_4158728_4158327_-1_ATG_133
CP040688	-4159630	TGA	FF951_20345	-4160073	444	CDS		ATG	FF951_20345|CP040688_4160073_4159630_-3_ATG_147
CP040688	-4162810	TAG	FF951_20360	-4164546	1737	CDS		GTG	FF951_20360|CP040688_4164546_4162810_-3_GTG_578
CP040688	-4164636	TGA	FF951_20365	-4165943	1308	CDS		GTG	FF951_20365|CP040688_4165943_4164636_-1_GTG_435
CP040688	-4178496	TAA	FF951_20415	-4179536	1041	CDS		ATG	FF951_20415|CP040688_4179536_4178496_-1_ATG_346
CP040688	-4181828	TGA	FF951_20430	-4182328	501	CDS		ATG	FF951_20430|CP040688_4182328_4181828_-2_ATG_166
CP040688	-4182342	TAA	FF951_20435	-4183706	1365	CDS		ATG	FF951_20435|CP040688_4183706_4182342_-1_ATG_454
CP040688	-4187101	TAG	FF951_20455	-4188333	1233	CDS	true	ATG	FF951_20455_p|CP040688_4188333_4187101_-3_ATG_410
CP040688	-4188649	TGA	FF951_20460	-4189995	1347	CDS		ATG	FF951_20460|CP040688_4189995_4188649_-3_ATG_448
CP040688	-4189995	TGA	FF951_20465	-4190669	675	CDS		ATG	FF951_20465|CP040688_4190669_4189995_-1_ATG_224
CP040688	-4190666	TGA	FF951_20470	-4191061	396	CDS		GTG	FF951_20470|CP040688_4191061_4190666_-2_GTG_131
CP040688	-4191207	TGA	FF951_20475	-4193189	1983	CDS		GTG	FF951_20475|CP040688_4193189_4191207_-1_GTG_660
CP040688	-4193702	TGA	FF951_20485	-4193914	213	CDS		ATG	FF951_20485|CP040688_4193914_4193702_-2_ATG_70
CP040688	-4193987	TAG	FF951_20490	-4194322	336	CDS		ATG	FF951_20490|CP040688_4194322_4193987_-2_ATG_111
CP040688	-4195445	TAG	FF951_20505	-4195954	510	CDS		ATG	FF951_20505|CP040688_4195954_4195445_-2_ATG_169
CP040688	-4196022	TAG	FF951_20510	-4196414	393	CDS		ATG	FF951_20510|CP040688_4196414_4196022_-1_ATG_130
CP040688	-4196572	TGA	FF951_20515	-4196772	201	CDS		TTG	FF951_20515|CP040688_4196772_4196572_-3_TTG_66
CP040688	-4197063	TGA	FF951_20530	-4197521	459	CDS		GTG	FF951_20530|CP040688_4197521_4197063_-1_GTG_152
CP040688	-4197537	TGA	FF951_20535	-4198058	522	CDS		ATG	FF951_20535|CP040688_4198058_4197537_-1_ATG_173
CP040688	-4199105	TAA	FF951_20545	-4199704	600	CDS		GTG	FF951_20545|CP040688_4199704_4199105_-2_GTG_199
CP040688	-4199710	TAG	FF951_20550	-4200429	720	CDS		ATG	FF951_20550|CP040688_4200429_4199710_-3_ATG_239
CP040688	-4200426	TGA	FF951_20555	-4201115	690	CDS		ATG	FF951_20555|CP040688_4201115_4200426_-1_ATG_229
CP040688	-4201103	TGA	FF951_20560	-4202233	1131	CDS		TTG	FF951_20560|CP040688_4202233_4201103_-2_TTG_376
CP040688	-4202242	TAG	FF951_20565	-4203189	948	CDS		ATG	FF951_20565|CP040688_4203189_4202242_-3_ATG_315
CP040688	-4203678	TAA	FF951_20575	-4204733	1056	CDS		GTG	FF951_20575|CP040688_4204733_4203678_-1_GTG_351
CP040688	-4204812	TAG	FF951_20580	-4206692	1881	CDS		GTG	FF951_20580|CP040688_4206692_4204812_-1_GTG_626
CP040688	-4207398	TAG	FF951_20590	-4208825	1428	CDS		GTG	FF951_20590|CP040688_4208825_4207398_-1_GTG_475
CP040688	-4208896	TAG	FF951_20595	-4209600	705	CDS		ATG	FF951_20595|CP040688_4209600_4208896_-3_ATG_234
CP040688	-4210809	TGA	FF951_20605	-4211753	945	CDS		GTG	FF951_20605|CP040688_4211753_4210809_-1_GTG_314
CP040688	-4213013	TAA	FF951_20620	-4213588	576	CDS		ATG	FF951_20620|CP040688_4213588_4213013_-2_ATG_191
CP040688	-4213733	CTG	FF951_20625	-4214082	350	CDS	true	GTG	FF951_20625_p|CP040688_4214082_4213733_-3_GTG_116
CP040688	-4214217	TGA	FF951_20630	-4214543	327	CDS		GTG	FF951_20630|CP040688_4214543_4214217_-1_GTG_108
CP040688	-4216054	TAG	FF951_20650	-4216638	585	CDS		ATG	FF951_20650|CP040688_4216638_4216054_-3_ATG_194
CP040688	-4221512	TGA	FF951_20680	-4222708	1197	CDS		ATG	FF951_20680|CP040688_4222708_4221512_-2_ATG_398
CP040688	-4230098	TAG	FF951_20720	-4231321	1224	CDS		ATG	FF951_20720|CP040688_4231321_4230098_-2_ATG_407
CP040688	-4231334	TGA	FF951_20725	-4232260	927	CDS		GTG	FF951_20725|CP040688_4232260_4231334_-2_GTG_308
CP040688	-4252104	TAG	FF951_20785	-4253672	1569	CDS		GTG	FF951_20785|CP040688_4253672_4252104_-1_GTG_522
CP040688	-4253669	TGA	FF951_20790	-4258870	5202	CDS		ATG	FF951_20790|CP040688_4258870_4253669_-2_ATG_1733
CP040688	-4258877	TGA	FF951_20795	-4260790	1914	CDS		ATG	FF951_20795|CP040688_4260790_4258877_-2_ATG_637
CP040688	-4261079	TGA	FF951_20800	-4262089	1011	CDS		ATG	FF951_20800|CP040688_4262089_4261079_-2_ATG_336
CP040688	-4262288	TAA	FF951_20805	-4263187	900	CDS		ATG	FF951_20805|CP040688_4263187_4262288_-2_ATG_299
CP040688	-4263367	TAG	FF951_20810	-4264383	1017	CDS		ATG	FF951_20810|CP040688_4264383_4263367_-3_ATG_338
CP040688	-4264678	TGA	FF951_20815	-4266561	1884	CDS		ATG	FF951_20815|CP040688_4266561_4264678_-3_ATG_627
CP040688	-4266650	TAG	FF951_20820	-4267558	909	CDS		ATG	FF951_20820|CP040688_4267558_4266650_-2_ATG_302
CP040688	-4267565	TGA	FF951_20825	-4268062	498	CDS		ATG	FF951_20825|CP040688_4268062_4267565_-2_ATG_165
CP040688	-4268091	TGA	FF951_20830	-4270004	1914	CDS		ATG	FF951_20830|CP040688_4270004_4268091_-1_ATG_637
CP040688	-4270001	TGA	FF951_20835	-4271200	1200	CDS		ATG	FF951_20835|CP040688_4271200_4270001_-2_ATG_399
CP040688	-4275807	TAA	FF951_20855	-4275959	153	CDS		ATG	FF951_20855|CP040688_4275959_4275807_-1_ATG_50
CP040688	-4275910	TGA	FF951_20860	-4276026	117	CDS		ATG	FF951_20860|CP040688_4276026_4275910_-3_ATG_38
CP040688	-4276119	TAG	FF951_20865	-4276940	822	CDS		TTG	FF951_20865|CP040688_4276940_4276119_-1_TTG_273
CP040688	-4276955	TGA	FF951_20870	-4277740	786	CDS		ATG	FF951_20870|CP040688_4277740_4276955_-2_ATG_261
CP040688	-4277758	TAA	FF951_20875	-4278513	756	CDS		ATG	FF951_20875|CP040688_4278513_4277758_-3_ATG_251
CP040688	-4278517	TGA	FF951_20880	-4279296	780	CDS		GTG	FF951_20880|CP040688_4279296_4278517_-3_GTG_259
CP040688	-4282144	TGA	FF951_20900	-4283550	1407	CDS		GTG	FF951_20900|CP040688_4283550_4282144_-3_GTG_468
CP040688	-4285985	TAG	FF951_20915	-4289254	3270	CDS		ATG	FF951_20915|CP040688_4289254_4285985_-2_ATG_1089
CP040688	-4289364	TAG	FF951_20920	-4290899	1536	CDS		GTG	FF951_20920|CP040688_4290899_4289364_-1_GTG_511
CP040688	-4290950	TAA	FF951_20925	-4297330	6381	CDS		TTG	FF951_20925|CP040688_4297330_4290950_-2_TTG_2126
CP040688	-4297431	TAG	FF951_20930	-4297607	177	CDS		GTG	FF951_20930|CP040688_4297607_4297431_-1_GTG_58
CP040688	-4299288	TAA	FF951_20940	-4300511	1224	CDS		ATG	FF951_20940|CP040688_4300511_4299288_-1_ATG_407
CP040688	-4300511	TGA	FF951_20945	-4301092	582	CDS		ATG	FF951_20945|CP040688_4301092_4300511_-2_ATG_193
CP040688	-4301123	TAG	FF951_20950	-4303411	2289	CDS		ATG	FF951_20950|CP040688_4303411_4301123_-2_ATG_762
CP040688	-4303962	TAG	FF951_20960	-4304537	576	CDS		ATG	FF951_20960|CP040688_4304537_4303962_-1_ATG_191
CP040688	-4305381	TAG	FF951_20970	-4306640	1260	CDS		GTG	FF951_20970|CP040688_4306640_4305381_-1_GTG_419
CP040688	-4308735	TGA	FF951_20990	-4309433	699	CDS		ATG	FF951_20990|CP040688_4309433_4308735_-1_ATG_232
CP040688	-4309430	TGA	FF951_20995	-4310395	966	CDS		GTG	FF951_20995|CP040688_4310395_4309430_-2_GTG_321
CP040688	-4312464	TGA	FF951_21015	-4313288	825	CDS		ATG	FF951_21015|CP040688_4313288_4312464_-1_ATG_274
CP040688	-4313294	TAG	FF951_21020	-4314322	1029	CDS		GTG	FF951_21020|CP040688_4314322_4313294_-2_GTG_342
CP040688	-4315411	TAA	FF951_21025	-4315623	213	CDS		TTG	FF951_21025|CP040688_4315623_4315411_-3_TTG_70
CP040688	-4315691	GGG	FF951_21030	-4315884	194	CDS	true	GTT	FF951_21030_p|CP040688_4315884_4315691_-3_GTT_64
CP040688	-4315973	TAG	FF951_21035	-4316572	600	CDS		GTG	FF951_21035|CP040688_4316572_4315973_-2_GTG_199
CP040688	-4318089	TAA	FF951_21055	-4318397	309	CDS		ATG	FF951_21055|CP040688_4318397_4318089_-1_ATG_102
CP040688	-4319887	TAG	FF951_21070	-4320066	180	CDS		GTG	FF951_21070|CP040688_4320066_4319887_-3_GTG_59
CP040688	-4323729	TAG	FF951_21105	-4325198	1470	CDS		ATG	FF951_21105|CP040688_4325198_4323729_-1_ATG_489
CP040688	-4326126	TAG	FF951_21115	-4327133	1008	CDS		ATG	FF951_21115|CP040688_4327133_4326126_-1_ATG_335
CP040688	-4327142	TGA	FF951_21120	-4327339	198	CDS		ATG	FF951_21120|CP040688_4327339_4327142_-2_ATG_65
CP040688	-4327764	TAA	FF951_21125	-4329230	1467	CDS		ATG	FF951_21125|CP040688_4329230_4327764_-1_ATG_488
CP040688	-4329223	TGA	FF951_21130	-4333806	4584	CDS		ATG	FF951_21130|CP040688_4333806_4329223_-3_ATG_1527
CP040688	-4333821	TGA	FF951_21135	-4334204	384	CDS		GTG	FF951_21135|CP040688_4334204_4333821_-1_GTG_127
CP040688	-4335896	TGA	FF951_21150	-4336246	351	CDS		ATG	FF951_21150|CP040688_4336246_4335896_-2_ATG_116
CP040688	-4355370	TGA	FF951_21240	-4357595	2226	CDS		ATG	FF951_21240|CP040688_4357595_4355370_-1_ATG_741
CP040688	-4358012	TAA	FF951_21245	-4358359	348	CDS		GTG	FF951_21245|CP040688_4358359_4358012_-2_GTG_115
CP040688	-4358356	TGA	FF951_21250	-4359738	1383	CDS		ATG	FF951_21250|CP040688_4359738_4358356_-3_ATG_460
CP040688	-4359845	TAG	FF951_21255	-4361233	1389	CDS		ATG	FF951_21255|CP040688_4361233_4359845_-2_ATG_462
CP040688	-4361230	TGA	FF951_21260	-4362570	1341	CDS		GTG	FF951_21260|CP040688_4362570_4361230_-3_GTG_446
CP040688	-4362792	TAG	FF951_21265	-4364651	1860	CDS		ATG	FF951_21265|CP040688_4364651_4362792_-1_ATG_619
CP040688	-4364721	TAG	FF951_21270	-4366334	1614	CDS		TTG	FF951_21270|CP040688_4366334_4364721_-1_TTG_537
CP040688	-4366331	TGA	FF951_21275	-4367983	1653	CDS		ATG	FF951_21275|CP040688_4367983_4366331_-2_ATG_550
CP040688	-4367968	TAA	FF951_21280	-4369497	1530	CDS		GTG	FF951_21280|CP040688_4369497_4367968_-3_GTG_509
CP040688	-4369494	TGA	FF951_21285	-4370519	1026	CDS		GTG	FF951_21285|CP040688_4370519_4369494_-1_GTG_341
CP040688	-4370613	TGA	FF951_21290	-4371443	831	CDS		ATG	FF951_21290|CP040688_4371443_4370613_-1_ATG_276
CP040688	-4371539	TAA	FF951_21295	-4371826	288	CDS		ATG	FF951_21295|CP040688_4371826_4371539_-2_ATG_95
CP040688	-4371862	TGA	FF951_21300	-4372185	324	CDS		GTG	FF951_21300|CP040688_4372185_4371862_-3_GTG_107
CP040688	-4372297	TAG	FF951_21305	-4373496	1200	CDS		ATG	FF951_21305|CP040688_4373496_4372297_-3_ATG_399
CP040688	-4373575	TAG	FF951_21310	-4373808	234	CDS		ATG	FF951_21310|CP040688_4373808_4373575_-3_ATG_77
CP040688	-4374075	TAG	FF951_21315	-4378209	4135	CDS	true	ATG	FF951_21315_p|CP040688_4378209_4374075_-3_ATG_1378
CP040688	-4378210	TAG	FF951_21320	-4379697	1488	CDS		ATG	FF951_21320|CP040688_4379697_4378210_-3_ATG_495
CP040688	-4379700	TGA	FF951_21325	-4380608	909	CDS		GTG	FF951_21325|CP040688_4380608_4379700_-1_GTG_302
CP040688	-4380758	TAG	FF951_21330	-4381747	990	CDS		ATG	FF951_21330|CP040688_4381747_4380758_-2_ATG_329
CP040688	-4381909	TGA	FF951_21335	-4383141	1233	CDS		ATG	FF951_21335|CP040688_4383141_4381909_-3_ATG_410
CP040688	-4383135	TGA	FF951_21340	-4384070	936	CDS		GTG	FF951_21340|CP040688_4384070_4383135_-1_GTG_311
CP040688	-4384127	TGA	FF951_21345	-4384576	450	CDS		GTG	FF951_21345|CP040688_4384576_4384127_-2_GTG_149
CP040688	-4385127	TAG	FF951_21350	-4385657	531	CDS		GTG	FF951_21350|CP040688_4385657_4385127_-1_GTG_176
CP040688	-4385654	TGA	FF951_21355	-4388194	2541	CDS		ATG	FF951_21355|CP040688_4388194_4385654_-2_ATG_846
CP040688	-4388199	TGA	FF951_21360	-4388471	273	CDS		GTG	FF951_21360|CP040688_4388471_4388199_-1_GTG_90
CP040688	-4388482	TGA	FF951_21365	-4388793	312	CDS		ATG	FF951_21365|CP040688_4388793_4388482_-3_ATG_103
CP040688	-4388859	TAG	FF951_21370	-4389368	510	CDS		GTG	FF951_21370|CP040688_4389368_4388859_-1_GTG_169
CP040688	-4389393	TAG	FF951_21375	-4390835	1443	CDS		GTG	FF951_21375|CP040688_4390835_4389393_-1_GTG_480
CP040688	-4402194	TAA	FF951_21425	-4402928	735	CDS		GTG	FF951_21425|CP040688_4402928_4402194_-1_GTG_244
CP040688	-4402968	TAG	FF951_21430	-4403255	288	CDS		ATG	FF951_21430|CP040688_4403255_4402968_-1_ATG_95
CP040688	-4403218	TAA	FF951_21435	-4404252	1035	CDS		ATG	FF951_21435|CP040688_4404252_4403218_-3_ATG_344
CP040688	-4404249	TGA	FF951_21440	-4405292	1044	CDS		GTG	FF951_21440|CP040688_4405292_4404249_-1_GTG_347
CP040688	-4405289	TGA	FF951_21445	-4405963	675	CDS		ATG	FF951_21445|CP040688_4405963_4405289_-2_ATG_224
CP040688	-4406095	TAG	FF951_21450	-4406658	564	CDS		ATG	FF951_21450|CP040688_4406658_4406095_-3_ATG_187
CP040688	-4406730	TGA	FF951_21455	-4407830	1101	CDS		GTG	FF951_21455|CP040688_4407830_4406730_-1_GTG_366
CP040688	-4407814	TGA	FF951_21460	-4408176	363	CDS		GTG	FF951_21460|CP040688_4408176_4407814_-3_GTG_120
CP040688	-4408173	TGA	FF951_21465	-4408550	378	CDS		TTG	FF951_21465|CP040688_4408550_4408173_-1_TTG_125
CP040688	-4408547	TGA	FF951_21470	-4408690	144	CDS		GTG	FF951_21470|CP040688_4408690_4408547_-2_GTG_47
