chromosome	end	stopCodon	RefSeq ID	RefSeq start	RefSeq length (nt)	RefSeq type	RefSeq pseudo	RefSeq startCodon	mapped IDs
CP040690	1724	TAG	FF954_00005	201	1524	CDS		TTG	FF954_00005|CP040690_201_1724_+3_TTG_507
CP040690	3461	TGA	FF954_00010	2253	1209	CDS		ATG	FF954_00010|CP040690_2253_3461_+3_ATG_402
CP040690	4638	TGA	FF954_00015	3481	1158	CDS		GTG	FF954_00015|CP040690_3481_4638_+1_GTG_385
CP040690	5198	TAA	FF954_00020	4635	564	CDS		ATG	FF954_00020|CP040690_4635_5198_+3_ATG_187
CP040690	7468	TAA	FF954_00025	5441	2028	CDS		GTG	FF954_00025|CP040690_5441_7468_+2_GTG_675
CP040690	10019	TAA	FF954_00030	7503	2517	CDS		ATG	FF954_00030|CP040690_7503_10019_+3_ATG_838
CP040690	11029	TAA	FF954_00035	10115	915	CDS		GTG	FF954_00035|CP040690_10115_11029_+2_GTG_304
CP040690	11617	TGA	FF954_00050	11426	192	CDS		TTG	FF954_00050|CP040690_11426_11617_+2_TTG_63
CP040690	13217	TGA	FF954_00065	12669	549	CDS		ATG	FF954_00065|CP040690_12669_13217_+3_ATG_182
CP040690	15078	TGA	FF954_00080	14290	789	CDS		ATG	FF954_00080|CP040690_14290_15078_+1_ATG_262
CP040690	15813	TGA	FF954_00085	15115	699	CDS		ATG	FF954_00085|CP040690_15115_15813_+1_ATG_232
CP040690	28548	TGA	FF954_00140	27778	771	CDS		GTG	FF954_00140|CP040690_27778_28548_+1_GTG_256
CP040690	29390	TAA	FF954_00145	28545	846	CDS		GTG	FF954_00145|CP040690_28545_29390_+3_GTG_281
CP040690	29790	TAG	FF954_00150	29428	363	CDS		ATG	FF954_00150|CP040690_29428_29790_+1_ATG_120
CP040690	31338	TAG	FF954_00155	29905	1434	CDS		GTG	FF954_00155|CP040690_29905_31338_+1_GTG_477
CP040690	31693	TGA	FF954_00160	31376	318	CDS		ATG	FF954_00160|CP040690_31376_31693_+2_ATG_105
CP040690	32006	TGA	FF954_00165	31701	306	CDS		ATG	FF954_00165|CP040690_31701_32006_+3_ATG_101
CP040690	33341	TAG	FF954_00170	32244	1098	CDS		GTG	FF954_00170|CP040690_32244_33341_+3_GTG_365
CP040690	33740	TGA	FF954_00175	33411	330	CDS		ATG	FF954_00175|CP040690_33411_33740_+3_ATG_109
CP040690	33981	TGA	FF954_00180	33769	213	CDS		TTG	FF954_00180|CP040690_33769_33981_+1_TTG_70
CP040690	36797	TGA	FF954_00190	34482	2316	CDS		ATG	FF954_00190|CP040690_34482_36797_+3_ATG_771
CP040690	37057	TGA	FF954_00195	36794	264	CDS		ATG	FF954_00195|CP040690_36794_37057_+2_ATG_87
CP040690	37449	TGA	FF954_00200	37054	396	CDS		ATG	FF954_00200|CP040690_37054_37449_+1_ATG_131
CP040690	39134	TGA	FF954_00205	37446	1689	CDS		ATG	FF954_00205|CP040690_37446_39134_+3_ATG_562
CP040690	42099	TAG	FF954_00220	41491	609	CDS		GTG	FF954_00220|CP040690_41491_42099_+1_GTG_202
CP040690	46658	TAG	FF954_00235	43749	2910	CDS		GTG	FF954_00235|CP040690_43749_46658_+3_GTG_969
CP040690	53431	TAG	FF954_00275	53018	414	CDS		GTG	FF954_00275|CP040690_53018_53431_+2_GTG_137
CP040690	55895	TGA	FF954_00280	53424	2472	CDS		GTG	FF954_00280|CP040690_53424_55895_+3_GTG_823
CP040690	57574	TGA	FF954_00285	55892	1683	CDS		GTG	FF954_00285|CP040690_55892_57574_+2_GTG_560
CP040690	58169	TGA	FF954_00290	57531	639	CDS		ATG	FF954_00290|CP040690_57531_58169_+3_ATG_212
CP040690	58678	TAA	FF954_00295	58388	291	CDS		ATG	FF954_00295|CP040690_58388_58678_+2_ATG_96
CP040690	59276	TGA	FF954_00300	58782	495	CDS		GTG	FF954_00300|CP040690_58782_59276_+3_GTG_164
CP040690	59572	TAG	FF954_00305	59318	255	CDS		ATG	FF954_00305|CP040690_59318_59572_+2_ATG_84
CP040690	60063	TAA	FF954_00310	59605	459	CDS		ATG	FF954_00310|CP040690_59605_60063_+1_ATG_152
CP040690	60613	TAG	FF954_00315	60092	522	CDS		ATG	FF954_00315|CP040690_60092_60613_+2_ATG_173
CP040690	63216	TGA	FF954_00320	60592	2625	CDS		ATG	FF954_00320|CP040690_60592_63216_+1_ATG_874
CP040690	64088	TAA	FF954_00325	63396	693	CDS		ATG	FF954_00325|CP040690_63396_64088_+3_ATG_230
CP040690	65163	TGA	FF954_00330	64105	1059	CDS		ATG	FF954_00330|CP040690_64105_65163_+1_ATG_352
CP040690	66890	TAG	FF954_00345	65748	1143	CDS		ATG	FF954_00345|CP040690_65748_66890_+3_ATG_380
CP040690	68558	TAG	FF954_00350	67119	1440	CDS		TTG	FF954_00350|CP040690_67119_68558_+3_TTG_479
CP040690	68775	TAG	FF954_00355	68614	162	CDS		GTG	FF954_00355|CP040690_68614_68775_+1_GTG_53
CP040690	71755	TAA	FF954_00360	68816	2940	CDS	true	ATG	FF954_00360_p|CP040690_68816_71755_+2_ATG_979
CP040690	72061	TGA	FF954_00365	71822	240	CDS		ATG	FF954_00365|CP040690_71822_72061_+2_ATG_79
CP040690	72455	TGA	FF954_00370	72054	402	CDS		GTG	FF954_00370|CP040690_72054_72455_+3_GTG_133
CP040690	76445	TGA	FF954_00385	75534	912	CDS		ATG	FF954_00385|CP040690_75534_76445_+3_ATG_303
CP040690	80450	TGA	FF954_00400	79725	726	CDS		ATG	FF954_00400|CP040690_79725_80450_+3_ATG_241
CP040690	80810	TAG	FF954_00405	80583	228	CDS	true	CCC	FF954_00405_p|CP040690_80583_80810_+3_CCC_75
CP040690	81930	TAG	FF954_00410	80881	1050	CDS		ATG	FF954_00410|CP040690_80881_81930_+1_ATG_349
CP040690	82925	TAA	FF954_00415	81933	993	CDS		GTG	FF954_00415|CP040690_81933_82925_+3_GTG_330
CP040690	84239	TAA	FF954_00420	83103	1137	CDS		GTG	FF954_00420|CP040690_83103_84239_+3_GTG_378
CP040690	85424	TAA	FF954_00425	84252	1173	CDS		ATG	FF954_00425|CP040690_84252_85424_+3_ATG_390
CP040690	87389	TAG	FF954_00440	86784	606	CDS		ATG	FF954_00440|CP040690_86784_87389_+3_ATG_201
CP040690	89281	TGA	FF954_00455	88460	822	CDS		GTG	FF954_00455|CP040690_88460_89281_+2_GTG_273
CP040690	89736	TAG	FF954_00460	89278	459	CDS		ATG	FF954_00460|CP040690_89278_89736_+1_ATG_152
CP040690	90175	TAA	FF954_00465	89831	345	CDS		GTG	FF954_00465|CP040690_89831_90175_+2_GTG_114
CP040690	90659	TGA	FF954_00470	90180	480	CDS		ATG	FF954_00470|CP040690_90180_90659_+3_ATG_159
CP040690	92578	TGA	FF954_00475	90656	1923	CDS		ATG	FF954_00475|CP040690_90656_92578_+2_ATG_640
CP040690	93534	TGA	FF954_00480	92584	951	CDS		ATG	FF954_00480|CP040690_92584_93534_+1_ATG_316
CP040690	94207	TGA	FF954_00485	93545	663	CDS		ATG	FF954_00485|CP040690_93545_94207_+2_ATG_220
CP040690	95673	TGA	FF954_00490	94207	1467	CDS		ATG	FF954_00490|CP040690_94207_95673_+1_ATG_488
CP040690	97148	TAA	FF954_00495	95670	1479	CDS		GTG	FF954_00495|CP040690_95670_97148_+3_GTG_492
CP040690	97857	TGA	FF954_00500	97183	675	CDS		GTG	FF954_00500|CP040690_97183_97857_+1_GTG_224
CP040690	98607	TAA	FF954_00505	98014	594	CDS		GTG	FF954_00505|CP040690_98014_98607_+1_GTG_197
CP040690	99506	TGA	FF954_00510	98736	771	CDS		GTG	FF954_00510|CP040690_98736_99506_+3_GTG_256
CP040690	99829	TGA	FF954_00515	99635	195	CDS		ATG	FF954_00515|CP040690_99635_99829_+2_ATG_64
CP040690	100707	TGA	FF954_00520	99940	768	CDS		ATG	FF954_00520|CP040690_99940_100707_+1_ATG_255
CP040690	103124	TGA	FF954_00525	100839	2286	CDS		ATG	FF954_00525|CP040690_100839_103124_+3_ATG_761
CP040690	106971	TGA	FF954_00545	105580	1392	CDS		ATG	FF954_00545|CP040690_105580_106971_+1_ATG_463
CP040690	107859	TGA	FF954_00550	106990	870	CDS		ATG	FF954_00550|CP040690_106990_107859_+1_ATG_289
CP040690	108407	TAA	FF954_00555	107856	552	CDS		ATG	FF954_00555|CP040690_107856_108407_+3_ATG_183
CP040690	110034	TGA	FF954_00560	108412	1623	CDS		ATG	FF954_00560|CP040690_108412_110034_+1_ATG_540
CP040690	110275	TAA	FF954_00565	110039	237	CDS		GTG	FF954_00565|CP040690_110039_110275_+2_GTG_78
CP040690	117795	TAG	FF954_00570	110257	7539	CDS		GTG	FF954_00570|CP040690_110257_117795_+1_GTG_2512
CP040690	119955	TGA	FF954_00575	117970	1986	CDS		ATG	FF954_00575|CP040690_117970_119955_+1_ATG_661
CP040690	124085	TAA	FF954_00585	122573	1513	CDS	true	GTG	FF954_00585_p|CP040690_122573_124085_+2_GTG_504
CP040690	125824	TGA	FF954_00600	124628	1197	CDS		ATG	FF954_00600|CP040690_124628_125824_+2_ATG_398
CP040690	133128	TAG	FF954_00615	131638	1491	CDS		ATG	FF954_00615|CP040690_131638_133128_+1_ATG_496
CP040690	134025	TGA	FF954_00620	133276	750	CDS		ATG	FF954_00620|CP040690_133276_134025_+1_ATG_249
CP040690	136263	TAA	FF954_00625	134206	2058	CDS		GTG	FF954_00625|CP040690_134206_136263_+1_GTG_685
CP040690	137501	TGA	FF954_00630	136545	957	CDS		ATG	FF954_00630|CP040690_136545_137501_+3_ATG_318
CP040690	138165	TAG	FF954_00635	137575	591	CDS		GTG	FF954_00635|CP040690_137575_138165_+1_GTG_196
CP040690	138769	TAA	FF954_00640	138197	573	CDS		ATG	FF954_00640|CP040690_138197_138769_+2_ATG_190
CP040690	139836	TGA	FF954_00645	138769	1068	CDS		ATG	FF954_00645|CP040690_138769_139836_+1_ATG_355
CP040690	140401	TGA	FF954_00650	140213	189	CDS		ATG	FF954_00650|CP040690_140213_140401_+2_ATG_62
CP040690	142401	TGA	FF954_00660	141457	945	CDS		GTG	FF954_00660|CP040690_141457_142401_+1_GTG_314
CP040690	145883	TAG	FF954_00670	144255	1629	CDS		GTG	FF954_00670|CP040690_144255_145883_+3_GTG_542
CP040690	149116	TGA	FF954_00685	148748	369	CDS		TTG	FF954_00685|CP040690_148748_149116_+2_TTG_122
CP040690	149481	TAG	FF954_00690	149113	369	CDS		ATG	FF954_00690|CP040690_149113_149481_+1_ATG_122
CP040690	151433	TAG	FF954_00695	149790	1644	CDS		ATG	FF954_00695|CP040690_149790_151433_+3_ATG_547
CP040690	152652	TGA	FF954_00700	151585	1068	CDS		ATG	FF954_00700|CP040690_151585_152652_+1_ATG_355
CP040690	154566	TGA	FF954_00705	152761	1806	CDS		ATG	FF954_00705|CP040690_152761_154566_+1_ATG_601
CP040690	154722	CTA	FF954_00710	154563	160	CDS	true	ATG	FF954_00710_p|CP040690_154563_154722_+3_ATG_53
CP040690	156089	TGA	FF954_00715	154722	1368	CDS		ATG	FF954_00715|CP040690_154722_156089_+3_ATG_455
CP040690	156936	TAG	FF954_00720	156157	780	CDS		GTG	FF954_00720|CP040690_156157_156936_+1_GTG_259
CP040690	158792	TGA	FF954_00730	158337	456	CDS		ATG	FF954_00730|CP040690_158337_158792_+3_ATG_151
CP040690	161964	TAG	FF954_00745	161359	606	CDS		ATG	FF954_00745|CP040690_161359_161964_+1_ATG_201
CP040690	163163	TGA	FF954_00750	162261	903	CDS	true	ATG	FF954_00750_p|CP040690_162261_163163_+3_ATG_300
CP040690	165181	TGA	FF954_00760	163856	1326	CDS		ATG	FF954_00760|CP040690_163856_165181_+2_ATG_441
CP040690	166316	TAA	FF954_00770	165813	504	CDS		GTG	FF954_00770|CP040690_165813_166316_+3_GTG_167
CP040690	167339	TGA	FF954_00775	166317	1023	CDS		ATG	FF954_00775|CP040690_166317_167339_+3_ATG_340
CP040690	167780	TAG	FF954_00780	167400	381	CDS		ATG	FF954_00780|CP040690_167400_167780_+3_ATG_126
CP040690	169127	TAG	FF954_00790	168201	927	CDS		GTG	FF954_00790|CP040690_168201_169127_+3_GTG_308
CP040690	171616	TGA	FF954_00800	170774	843	CDS		GTG	FF954_00800|CP040690_170774_171616_+2_GTG_280
CP040690	172658	TGA	FF954_00805	171705	954	CDS		GTG	FF954_00805|CP040690_171705_172658_+3_GTG_317
CP040690	173633	TAG	FF954_00810	172701	933	CDS		ATG	FF954_00810|CP040690_172701_173633_+3_ATG_310
CP040690	175248	TGA	FF954_00815	173728	1521	CDS		ATG	FF954_00815|CP040690_173728_175248_+1_ATG_506
CP040690	176183	TAG	FF954_00820	175323	861	CDS		ATG	FF954_00820|CP040690_175323_176183_+3_ATG_286
CP040690	177158	TAA	FF954_00825	176190	969	CDS		ATG	FF954_00825|CP040690_176190_177158_+3_ATG_322
CP040690	177900	TCC	FF954_00835	177719	182	CDS	true	GGC	FF954_00835_p|CP040690_177719_177900_+2_GGC_60
CP040690	184059	TAG	FF954_00865	183805	255	CDS		CTG	FF954_00865|CP040690_183805_184059_+1_CTG_84
CP040690	185212	TAG	FF954_00870	184112	1101	CDS		ATG	FF954_00870|CP040690_184112_185212_+2_ATG_366
CP040690	185545	TGA	FF954_00875	185213	333	CDS		ATG	FF954_00875|CP040690_185213_185545_+2_ATG_110
CP040690	186969	TAG	FF954_00880	185542	1428	CDS		ATG	FF954_00880|CP040690_185542_186969_+1_ATG_475
CP040690	187919	TGA	FF954_00890	187275	645	CDS		ATG	FF954_00890|CP040690_187275_187919_+3_ATG_214
CP040690	192446	TGA	FF954_00905	191097	1350	CDS		ATG	FF954_00905|CP040690_191097_192446_+3_ATG_449
CP040690	194062	TAA	FF954_00915	193607	456	CDS		ATG	FF954_00915|CP040690_193607_194062_+2_ATG_151
CP040690	194601	TAA	FF954_00925	194116	486	CDS		ATG	FF954_00925|CP040690_194116_194601_+1_ATG_161
CP040690	197148	TAA	FF954_00935	195485	1664	CDS	true	TTG	FF954_00935_p|CP040690_195485_197148_+2_TTG_554
CP040690	198149	TGA	FF954_00940	197352	798	CDS		GTG	FF954_00940|CP040690_197352_198149_+3_GTG_265
CP040690	199020	TAG	FF954_00945	198151	870	CDS		ATG	FF954_00945|CP040690_198151_199020_+1_ATG_289
CP040690	200389	TGA	FF954_00950	199025	1365	CDS		ATG	FF954_00950|CP040690_199025_200389_+2_ATG_454
CP040690	201426	TGA	FF954_00955	200386	1041	CDS		ATG	FF954_00955|CP040690_200386_201426_+1_ATG_346
CP040690	202970	TGA	FF954_00960	201423	1548	CDS		ATG	FF954_00960|CP040690_201423_202970_+3_ATG_515
CP040690	204559	TGA	FF954_00965	202967	1593	CDS		TTG	FF954_00965|CP040690_202967_204559_+2_TTG_530
CP040690	205728	TGA	FF954_00970	204556	1173	CDS		ATG	FF954_00970|CP040690_204556_205728_+1_ATG_390
CP040690	207269	TGA	FF954_00975	205722	1548	CDS		GTG	FF954_00975|CP040690_205722_207269_+3_GTG_515
CP040690	207946	TGA	FF954_00980	207305	642	CDS		GTG	FF954_00980|CP040690_207305_207946_+2_GTG_213
CP040690	208911	TGA	FF954_00985	207943	969	CDS		GTG	FF954_00985|CP040690_207943_208911_+1_GTG_322
CP040690	209462	TGA	FF954_00990	208908	555	CDS		ATG	FF954_00990|CP040690_208908_209462_+3_ATG_184
CP040690	210163	TAG	FF954_00995	209429	735	CDS		GTG	FF954_00995|CP040690_209429_210163_+2_GTG_244
CP040690	215418	TAG	FF954_01020	214579	840	CDS		ATG	FF954_01020|CP040690_214579_215418_+1_ATG_279
CP040690	216209	TGA	FF954_01025	215460	750	CDS		ATG	FF954_01025|CP040690_215460_216209_+3_ATG_249
CP040690	216715	TGA	FF954_01030	216206	510	CDS		GTG	FF954_01030|CP040690_216206_216715_+2_GTG_169
CP040690	218835	TGA	FF954_01035	216760	2076	CDS		ATG	FF954_01035|CP040690_216760_218835_+1_ATG_691
CP040690	219858	TAG	FF954_01045	219196	663	CDS		TTG	FF954_01045|CP040690_219196_219858_+1_TTG_220
CP040690	220408	TAG	FF954_01050	219977	432	CDS		ATG	FF954_01050|CP040690_219977_220408_+2_ATG_143
CP040690	222652	TGA	FF954_01060	222362	291	CDS		ATG	FF954_01060|CP040690_222362_222652_+2_ATG_96
CP040690	224021	TAA	FF954_01065	222780	1242	CDS		ATG	FF954_01065|CP040690_222780_224021_+3_ATG_413
CP040690	225156	TAA	FF954_01070	224098	1059	CDS		ATG	FF954_01070|CP040690_224098_225156_+1_ATG_352
CP040690	230954	TAG	FF954_01080	227370	3585	CDS		ATG	FF954_01080|CP040690_227370_230954_+3_ATG_1194
CP040690	232027	TGA	FF954_01085	231392	636	CDS		ATG	FF954_01085|CP040690_231392_232027_+2_ATG_211
CP040690	232724	TGA	FF954_01090	232140	585	CDS		ATG	FF954_01090|CP040690_232140_232724_+3_ATG_194
CP040690	234970	TAG	FF954_01095	232724	2247	CDS		ATG	FF954_01095|CP040690_232724_234970_+2_ATG_748
CP040690	237704	TGA	FF954_01105	237045	660	CDS		ATG	FF954_01105|CP040690_237045_237704_+3_ATG_219
CP040690	238390	TAA	FF954_01110	237701	690	CDS		ATG	FF954_01110|CP040690_237701_238390_+2_ATG_229
CP040690	242419	TAG	FF954_01125	242009	411	CDS		ATG	FF954_01125|CP040690_242009_242419_+2_ATG_136
CP040690	244982	TAA	FF954_01135	243879	1104	CDS		ATG	FF954_01135|CP040690_243879_244982_+3_ATG_367
CP040690	250618	TGA	FF954_01155	249533	1086	CDS		ATG	FF954_01155|CP040690_249533_250618_+2_ATG_361
CP040690	252093	TGA	FF954_01160	250615	1479	CDS		GTG	FF954_01160|CP040690_250615_252093_+1_GTG_492
CP040690	254097	TAG	FF954_01165	252277	1821	CDS		ATG	FF954_01165|CP040690_252277_254097_+1_ATG_606
CP040690	258172	TGA	FF954_01180	256559	1614	CDS		TTG	FF954_01180|CP040690_256559_258172_+2_TTG_537
CP040690	260450	TAG	FF954_01190	259437	1014	CDS		GTG	FF954_01190|CP040690_259437_260450_+3_GTG_337
CP040690	262776	TGA	FF954_01200	261448	1329	CDS		ATG	FF954_01200|CP040690_261448_262776_+1_ATG_442
CP040690	263326	TAG	FF954_01205	262778	549	CDS		ATG	FF954_01205|CP040690_262778_263326_+2_ATG_182
CP040690	264547	TAA	FF954_01210	263336	1212	CDS		ATG	FF954_01210|CP040690_263336_264547_+2_ATG_403
CP040690	265999	TGA	FF954_01215	264591	1409	CDS	true	GTG	FF954_01215_p|CP040690_264591_265999_+3_GTG_469
CP040690	266818	TAG	FF954_01220	266030	789	CDS		ATG	FF954_01220|CP040690_266030_266818_+2_ATG_262
CP040690	270340	TGA	FF954_01235	269186	1155	CDS		ATG	FF954_01235|CP040690_269186_270340_+2_ATG_384
CP040690	274801	TGA	FF954_01250	273578	1224	CDS		ATG	FF954_01250|CP040690_273578_274801_+2_ATG_407
CP040690	278287	TAG	FF954_01270	276581	1707	CDS		ATG	FF954_01270|CP040690_276581_278287_+2_ATG_568
CP040690	279111	TGA	FF954_01275	278422	690	CDS		ATG	FF954_01275|CP040690_278422_279111_+1_ATG_229
CP040690	280052	TAG	FF954_01280	279108	945	CDS		ATG	FF954_01280|CP040690_279108_280052_+3_ATG_314
CP040690	288875	TAG	FF954_01305	287709	1167	CDS		ATG	FF954_01305|CP040690_287709_288875_+3_ATG_388
CP040690	289565	TGA	FF954_01310	288951	615	CDS		ATG	FF954_01310|CP040690_288951_289565_+3_ATG_204
CP040690	289860	TGA	FF954_01315	289627	234	CDS		ATG	FF954_01315|CP040690_289627_289860_+1_ATG_77
CP040690	290305	TGA	FF954_01320	289868	438	CDS		GTG	FF954_01320|CP040690_289868_290305_+2_GTG_145
CP040690	294016	TGA	FF954_01335	292694	1323	CDS		GTG	FF954_01335|CP040690_292694_294016_+2_GTG_440
CP040690	297017	TAA	FF954_01345	296529	489	CDS		GTG	FF954_01345|CP040690_296529_297017_+3_GTG_162
CP040690	298643	TAG	FF954_01350	297333	1311	CDS		GTG	FF954_01350|CP040690_297333_298643_+3_GTG_436
CP040690	305951	TGA	FF954_01380	303390	2562	CDS		ATG	FF954_01380|CP040690_303390_305951_+3_ATG_853
CP040690	306333	TAG	FF954_01385	305977	357	CDS		GTG	FF954_01385|CP040690_305977_306333_+1_GTG_118
CP040690	323246	TAG	FF954_01450	321855	1392	CDS		ATG	FF954_01450|CP040690_321855_323246_+3_ATG_463
CP040690	326773	TAG	FF954_01465	325091	1683	CDS		ATG	FF954_01465|CP040690_325091_326773_+2_ATG_560
CP040690	331527	TAG	FF954_01485	330946	582	CDS		ATG	FF954_01485|CP040690_330946_331527_+1_ATG_193
CP040690	333192	TAA	FF954_01495	332272	921	CDS		ATG	FF954_01495|CP040690_332272_333192_+1_ATG_306
CP040690	341744	TGA	FF954_01525	341484	261	CDS		ATG	FF954_01525|CP040690_341484_341744_+3_ATG_86
CP040690	343351	TGA	FF954_01530	341741	1611	CDS		ATG	FF954_01530|CP040690_341741_343351_+2_ATG_536
CP040690	344283	TGA	FF954_01535	343375	909	CDS		GTG	FF954_01535|CP040690_343375_344283_+1_GTG_302
CP040690	346402	TGA	FF954_01540	344507	1896	CDS		ATG	FF954_01540|CP040690_344507_346402_+2_ATG_631
CP040690	348015	TGA	FF954_01545	346399	1617	CDS		ATG	FF954_01545|CP040690_346399_348015_+1_ATG_538
CP040690	352004	TGA	FF954_01550	348012	3993	CDS		GTG	FF954_01550|CP040690_348012_352004_+3_GTG_1330
CP040690	352309	TGA	FF954_01555	352001	309	CDS		ATG	FF954_01555|CP040690_352001_352309_+2_ATG_102
CP040690	353853	TAA	FF954_01560	352312	1542	CDS		ATG	FF954_01560|CP040690_352312_353853_+1_ATG_513
CP040690	354195	TGA	FF954_01565	353902	294	CDS		ATG	FF954_01565|CP040690_353902_354195_+1_ATG_97
CP040690	354515	TAG	FF954_01570	354225	291	CDS		ATG	FF954_01570|CP040690_354225_354515_+3_ATG_96
CP040690	355413	TAA	FF954_01575	354526	888	CDS		ATG	FF954_01575|CP040690_354526_355413_+1_ATG_295
CP040690	356878	TGA	FF954_01580	355460	1419	CDS		ATG	FF954_01580|CP040690_355460_356878_+2_ATG_472
CP040690	358260	TGA	FF954_01585	356875	1386	CDS		ATG	FF954_01585|CP040690_356875_358260_+1_ATG_461
CP040690	359252	TGA	FF954_01590	358257	996	CDS		ATG	FF954_01590|CP040690_358257_359252_+3_ATG_331
CP040690	361333	TAG	FF954_01600	360548	786	CDS		ATG	FF954_01600|CP040690_360548_361333_+2_ATG_261
CP040690	365531	TGA	FF954_01615	363711	1821	CDS		GTG	FF954_01615|CP040690_363711_365531_+3_GTG_606
CP040690	365901	TGA	FF954_01620	365674	228	CDS		ATG	FF954_01620|CP040690_365674_365901_+1_ATG_75
CP040690	366200	TAG	FF954_01625	365898	303	CDS		TTG	FF954_01625|CP040690_365898_366200_+3_TTG_100
CP040690	366469	TGA	FF954_01630	366248	222	CDS		ATG	FF954_01630|CP040690_366248_366469_+2_ATG_73
CP040690	366891	TAA	FF954_01635	366466	426	CDS		GTG	FF954_01635|CP040690_366466_366891_+1_GTG_141
CP040690	367659	TGA	FF954_01640	367027	633	CDS		GTG	FF954_01640|CP040690_367027_367659_+1_GTG_210
CP040690	368564	TAG	FF954_01645	367656	909	CDS		ATG	FF954_01645|CP040690_367656_368564_+3_ATG_302
CP040690	378991	TAG	FF954_01655	378320	672	CDS		ATG	FF954_01655|CP040690_378320_378991_+2_ATG_223
CP040690	380235	TAA	FF954_01665	379519	717	CDS		ATG	FF954_01665|CP040690_379519_380235_+1_ATG_238
CP040690	380993	TAA	FF954_01670	380337	657	CDS		ATG	FF954_01670|CP040690_380337_380993_+3_ATG_218
CP040690	382807	TGA	FF954_01680	381578	1230	CDS		ATG	FF954_01680|CP040690_381578_382807_+2_ATG_409
CP040690	384824	TGA	FF954_01685	382962	1863	CDS		ATG	FF954_01685|CP040690_382962_384824_+3_ATG_620
CP040690	385282	TAA	FF954_01690	384896	387	CDS		GTG	FF954_01690|CP040690_384896_385282_+2_GTG_128
CP040690	386892	TAA	FF954_01700	386008	885	CDS		ATG	FF954_01700|CP040690_386008_386892_+1_ATG_294
CP040690	387555	TGA	FF954_01705	386941	615	CDS		ATG	FF954_01705|CP040690_386941_387555_+1_ATG_204
CP040690	390222	TAG	FF954_01725	389554	669	CDS		ATG	FF954_01725|CP040690_389554_390222_+1_ATG_222
CP040690	390956	TGA	FF954_01730	390294	663	CDS		GTG	FF954_01730|CP040690_390294_390956_+3_GTG_220
CP040690	391560	TAG	FF954_01735	390988	573	CDS		GTG	FF954_01735|CP040690_390988_391560_+1_GTG_190
CP040690	392997	TGA	FF954_01740	391666	1332	CDS		GTG	FF954_01740|CP040690_391666_392997_+1_GTG_443
CP040690	394438	TGA	FF954_01750	393758	681	CDS		ATG	FF954_01750|CP040690_393758_394438_+2_ATG_226
CP040690	395134	TAG	FF954_01755	394445	690	CDS		GTG	FF954_01755|CP040690_394445_395134_+2_GTG_229
CP040690	397119	TGA	FF954_01765	396517	603	CDS		GTG	FF954_01765|CP040690_396517_397119_+1_GTG_200
CP040690	399773	TGA	FF954_01780	398607	1167	CDS		ATG	FF954_01780|CP040690_398607_399773_+3_ATG_388
CP040690	400633	TAG	FF954_01785	399848	786	CDS		TTG	FF954_01785|CP040690_399848_400633_+2_TTG_261
CP040690	401034	TGA	FF954_01790	400660	375	CDS		ATG	FF954_01790|CP040690_400660_401034_+1_ATG_124
CP040690	401930	TGA	FF954_01795	401064	867	CDS		ATG	FF954_01795|CP040690_401064_401930_+3_ATG_288
CP040690	404108	TGA	FF954_01805	402573	1536	CDS		ATG	FF954_01805|CP040690_402573_404108_+3_ATG_511
CP040690	404221	CGC	FF954_01810	404030	192	CDS	true	GGT	FF954_01810_p|CP040690_404030_404221_+2_GGT_64
CP040690	411578	TAA	FF954_01830	411039	540	CDS		GTG	FF954_01830|CP040690_411039_411578_+3_GTG_179
CP040690	413206	TGA	FF954_01835	411767	1440	CDS		ATG	FF954_01835|CP040690_411767_413206_+2_ATG_479
CP040690	415165	TGA	FF954_01840	413243	1923	CDS		ATG	FF954_01840|CP040690_413243_415165_+2_ATG_640
CP040690	416643	TGA	FF954_01845	415162	1482	CDS		GTG	FF954_01845|CP040690_415162_416643_+1_GTG_493
CP040690	417865	TGA	FF954_01855	417455	411	CDS		TTG	FF954_01855|CP040690_417455_417865_+2_TTG_136
CP040690	420695	TGA	FF954_01865	419709	987	CDS		GTG	FF954_01865|CP040690_419709_420695_+3_GTG_328
CP040690	421351	TAA	FF954_01870	420698	654	CDS		ATG	FF954_01870|CP040690_420698_421351_+2_ATG_217
CP040690	422013	TGA	FF954_01875	421354	660	CDS		GTG	FF954_01875|CP040690_421354_422013_+1_GTG_219
CP040690	424117	TGA	FF954_01880	422240	1878	CDS		ATG	FF954_01880|CP040690_422240_424117_+2_ATG_625
CP040690	424821	TAA	FF954_01885	424114	708	CDS		GTG	FF954_01885|CP040690_424114_424821_+1_GTG_235
CP040690	426044	TGA	FF954_01890	424857	1188	CDS		ATG	FF954_01890|CP040690_424857_426044_+3_ATG_395
CP040690	426424	TGA	FF954_01895	426044	381	CDS		ATG	FF954_01895|CP040690_426044_426424_+2_ATG_126
CP040690	439840	TAG	FF954_01915	439193	648	CDS		ATG	FF954_01915|CP040690_439193_439840_+2_ATG_215
CP040690	440630	TGA	FF954_01920	439851	780	CDS		GTG	FF954_01920|CP040690_439851_440630_+3_GTG_259
CP040690	441982	TGA	FF954_01930	441155	828	CDS		ATG	FF954_01930|CP040690_441155_441982_+2_ATG_275
CP040690	443586	TGA	FF954_01935	442204	1383	CDS		GTG	FF954_01935|CP040690_442204_443586_+1_GTG_460
CP040690	445411	TGA	FF954_01945	444728	684	CDS		ATG	FF954_01945|CP040690_444728_445411_+2_ATG_227
CP040690	457719	TAG	FF954_02010	456754	966	CDS		ATG	FF954_02010|CP040690_456754_457719_+1_ATG_321
CP040690	458191	TGA	FF954_02015	457970	222	CDS		GTG	FF954_02015|CP040690_457970_458191_+2_GTG_73
CP040690	458525	TAG	FF954_02020	458310	216	CDS		ATG	FF954_02020|CP040690_458310_458525_+3_ATG_71
CP040690	465640	TAG	FF954_02050	464468	1173	CDS		GTG	FF954_02050|CP040690_464468_465640_+2_GTG_390
CP040690	468380	GAT	FF954_02055	465744	2637	CDS	true	ATG	FF954_02055_p|CP040690_465744_468380_+3_ATG_879
CP040690	469678	TGA	FF954_02060	468419	1260	CDS		GTG	FF954_02060|CP040690_468419_469678_+2_GTG_419
CP040690	470097	TGA	FF954_02065	469675	423	CDS		GTG	FF954_02065|CP040690_469675_470097_+1_GTG_140
CP040690	471314	TAA	FF954_02070	470094	1221	CDS		ATG	FF954_02070|CP040690_470094_471314_+3_ATG_406
CP040690	474199	TGA	FF954_02080	472874	1326	CDS		ATG	FF954_02080|CP040690_472874_474199_+2_ATG_441
CP040690	475437	TAG	FF954_02090	475033	405	CDS		ATG	FF954_02090|CP040690_475033_475437_+1_ATG_134
CP040690	475835	TAG	FF954_02095	475443	393	CDS		GTG	FF954_02095|CP040690_475443_475835_+3_GTG_130
CP040690	476277	TAA	FF954_02100	475909	369	CDS		TTG	FF954_02100|CP040690_475909_476277_+1_TTG_122
CP040690	476735	TAG	FF954_02110	476487	249	CDS		ATG	FF954_02110|CP040690_476487_476735_+3_ATG_82
CP040690	480253	TGA	FF954_02130	479882	372	CDS		ATG	FF954_02130|CP040690_479882_480253_+2_ATG_123
CP040690	485827	TGA	FF954_02145	484070	1758	CDS		ATG	FF954_02145|CP040690_484070_485827_+2_ATG_585
CP040690	490032	TAG	FF954_02150	485824	4209	CDS		ATG	FF954_02150|CP040690_485824_490032_+1_ATG_1402
CP040690	491886	TGA	FF954_02160	490876	1011	CDS		GTG	FF954_02160|CP040690_490876_491886_+1_GTG_336
CP040690	493951	TAG	FF954_02165	491879	2073	CDS		TTG	FF954_02165|CP040690_491879_493951_+2_TTG_690
CP040690	495101	TGA	FF954_02170	493944	1158	CDS		ATG	FF954_02170|CP040690_493944_495101_+3_ATG_385
CP040690	500459	TAA	FF954_02190	499806	654	CDS		TTG	FF954_02190|CP040690_499806_500459_+3_TTG_217
CP040690	502263	TGA	FF954_02200	501241	1023	CDS		ATG	FF954_02200|CP040690_501241_502263_+1_ATG_340
CP040690	502466	TGA	FF954_02205	502260	207	CDS		ATG	FF954_02205|CP040690_502260_502466_+3_ATG_68
CP040690	503217	TAA	FF954_02210	502459	759	CDS		GTG	FF954_02210|CP040690_502459_503217_+1_GTG_252
CP040690	503391	TAG	FF954_02215	503239	153	CDS		GTG	FF954_02215|CP040690_503239_503391_+1_GTG_50
CP040690	505091	TGA	FF954_02220	503589	1503	CDS		ATG	FF954_02220|CP040690_503589_505091_+3_ATG_500
CP040690	506675	TAG	FF954_02225	505179	1497	CDS		ATG	FF954_02225|CP040690_505179_506675_+3_ATG_498
CP040690	519134	TGA	FF954_02280	518826	309	CDS		ATG	FF954_02280|CP040690_518826_519134_+3_ATG_102
CP040690	519660	TGA	FF954_02285	519166	495	CDS		GTG	FF954_02285|CP040690_519166_519660_+1_GTG_164
CP040690	520415	TAG	FF954_02290	519693	723	CDS		ATG	FF954_02290|CP040690_519693_520415_+3_ATG_240
CP040690	521547	TAG	FF954_02295	520417	1131	CDS		TTG	FF954_02295|CP040690_520417_521547_+1_TTG_376
CP040690	522260	TAA	FF954_02300	521607	654	CDS		ATG	FF954_02300|CP040690_521607_522260_+3_ATG_217
CP040690	530323	TGA	FF954_02330	528701	1623	CDS		ATG	FF954_02330|CP040690_528701_530323_+2_ATG_540
CP040690	533004	TAA	FF954_02345	532489	516	CDS		ATG	FF954_02345|CP040690_532489_533004_+1_ATG_171
CP040690	542945	TGA	FF954_02390	542235	711	CDS		GTG	FF954_02390|CP040690_542235_542945_+3_GTG_236
CP040690	543270	TGA	FF954_02395	543079	192	CDS		TTG	FF954_02395|CP040690_543079_543270_+1_TTG_63
CP040690	544823	TGA	FF954_02400	543267	1557	CDS		ATG	FF954_02400|CP040690_543267_544823_+3_ATG_518
CP040690	545278	TAG	FF954_02405	544928	351	CDS		TTG	FF954_02405|CP040690_544928_545278_+2_TTG_116
CP040690	551291	TGA	FF954_02435	549768	1524	CDS		ATG	FF954_02435|CP040690_549768_551291_+3_ATG_507
CP040690	551782	TAG	FF954_02440	551291	492	CDS		ATG	FF954_02440|CP040690_551291_551782_+2_ATG_163
CP040690	552081	TGA	FF954_02445	551842	240	CDS		ATG	FF954_02445|CP040690_551842_552081_+1_ATG_79
CP040690	552643	TAG	FF954_02450	552119	525	CDS		GTG	FF954_02450|CP040690_552119_552643_+2_GTG_174
CP040690	554101	TGA	FF954_02455	552707	1395	CDS		GTG	FF954_02455|CP040690_552707_554101_+2_GTG_464
CP040690	554402	TGA	FF954_02460	554109	294	CDS		ATG	FF954_02460|CP040690_554109_554402_+3_ATG_97
CP040690	557345	TGA	FF954_02475	556551	795	CDS		GTG	FF954_02475|CP040690_556551_557345_+3_GTG_264
CP040690	558906	TAG	FF954_02480	557620	1287	CDS		ATG	FF954_02480|CP040690_557620_558906_+1_ATG_428
CP040690	559848	TGA	FF954_02485	558988	861	CDS		GTG	FF954_02485|CP040690_558988_559848_+1_GTG_286
CP040690	560841	TAG	FF954_02490	559981	861	CDS		ATG	FF954_02490|CP040690_559981_560841_+1_ATG_286
CP040690	565027	TGA	FF954_02515	563657	1371	CDS		GTG	FF954_02515|CP040690_563657_565027_+2_GTG_456
CP040690	565536	TAG	FF954_02520	565114	423	CDS		ATG	FF954_02520|CP040690_565114_565536_+1_ATG_140
CP040690	566489	TAG	FF954_02525	565890	600	CDS		ATG	FF954_02525|CP040690_565890_566489_+3_ATG_199
CP040690	566864	TAA	FF954_02530	566601	264	CDS		ATG	FF954_02530|CP040690_566601_566864_+3_ATG_87
CP040690	567315	TAG	FF954_02535	566869	447	CDS		ATG	FF954_02535|CP040690_566869_567315_+1_ATG_148
CP040690	567989	TGA	FF954_02540	567315	675	CDS		GTG	FF954_02540|CP040690_567315_567989_+3_GTG_224
CP040690	571853	TAG	FF954_02560	570744	1110	CDS		ATG	FF954_02560|CP040690_570744_571853_+3_ATG_369
CP040690	573270	TAG	FF954_02565	571915	1356	CDS		GTG	FF954_02565|CP040690_571915_573270_+1_GTG_451
CP040690	575505	TGA	FF954_02575	574189	1317	CDS		GTG	FF954_02575|CP040690_574189_575505_+1_GTG_438
CP040690	576995	TGA	FF954_02580	575553	1443	CDS		ATG	FF954_02580|CP040690_575553_576995_+3_ATG_480
CP040690	577543	TAG	FF954_02585	576992	552	CDS		GTG	FF954_02585|CP040690_576992_577543_+2_GTG_183
CP040690	578474	TGA	FF954_02590	577869	606	CDS		ATG	FF954_02590|CP040690_577869_578474_+3_ATG_201
CP040690	579380	TAA	FF954_02595	578631	750	CDS		ATG	FF954_02595|CP040690_578631_579380_+3_ATG_249
CP040690	580786	TGA	FF954_02600	579554	1233	CDS		GTG	FF954_02600|CP040690_579554_580786_+2_GTG_410
CP040690	581981	TAG	FF954_02610	581298	684	CDS		ATG	FF954_02610|CP040690_581298_581981_+3_ATG_227
CP040690	585912	TAG	FF954_02630	585184	729	CDS		TTG	FF954_02630|CP040690_585184_585912_+1_TTG_242
CP040690	587869	TGA	FF954_02640	586883	987	CDS		GTG	FF954_02640|CP040690_586883_587869_+2_GTG_328
CP040690	588798	TAG	FF954_02645	587866	933	CDS		ATG	FF954_02645|CP040690_587866_588798_+1_ATG_310
CP040690	589656	TGA	FF954_02650	588814	843	CDS		GTG	FF954_02650|CP040690_588814_589656_+1_GTG_280
CP040690	590547	TAG	FF954_02655	589672	876	CDS		ATG	FF954_02655|CP040690_589672_590547_+1_ATG_291
CP040690	591459	TGA	FF954_02660	590572	888	CDS		ATG	FF954_02660|CP040690_590572_591459_+1_ATG_295
CP040690	591836	TAG	FF954_02665	591600	237	CDS		ATG	FF954_02665|CP040690_591600_591836_+3_ATG_78
CP040690	592065	TAG	FF954_02670	591964	102	CDS		ATG	FF954_02670|CP040690_591964_592065_+1_ATG_33
CP040690	593273	TAG	FF954_02675	592143	1131	CDS		GTG	FF954_02675|CP040690_592143_593273_+3_GTG_376
CP040690	594356	TGA	FF954_02680	593280	1077	CDS		ATG	FF954_02680|CP040690_593280_594356_+3_ATG_358
CP040690	598039	TGA	FF954_02700	597596	444	CDS		GTG	FF954_02700|CP040690_597596_598039_+2_GTG_147
CP040690	600942	TAG	FF954_02705	598036	2907	CDS		ATG	FF954_02705|CP040690_598036_600942_+1_ATG_968
CP040690	601228	TAG	FF954_02710	600935	294	CDS		ATG	FF954_02710|CP040690_600935_601228_+2_ATG_97
CP040690	602684	TGA	FF954_02715	601278	1407	CDS		GTG	FF954_02715|CP040690_601278_602684_+3_GTG_468
CP040690	603623	TAG	FF954_02720	602694	930	CDS		GTG	FF954_02720|CP040690_602694_603623_+3_GTG_309
CP040690	605353	TAG	FF954_02725	603656	1698	CDS		ATG	FF954_02725|CP040690_603656_605353_+2_ATG_565
CP040690	606428	TGA	FF954_02730	605439	990	CDS		ATG	FF954_02730|CP040690_605439_606428_+3_ATG_329
CP040690	606989	TGA	FF954_02735	606441	549	CDS		ATG	FF954_02735|CP040690_606441_606989_+3_ATG_182
CP040690	607285	TGA	FF954_02740	606986	300	CDS		GTG	FF954_02740|CP040690_606986_607285_+2_GTG_99
CP040690	608899	TAG	FF954_02745	607364	1536	CDS		ATG	FF954_02745|CP040690_607364_608899_+2_ATG_511
CP040690	610893	TGA	FF954_02755	609583	1311	CDS		ATG	FF954_02755|CP040690_609583_610893_+1_ATG_436
CP040690	611720	TGA	FF954_02760	611025	696	CDS		GTG	FF954_02760|CP040690_611025_611720_+3_GTG_231
CP040690	613153	TAA	FF954_02770	612953	201	CDS		GTG	FF954_02770|CP040690_612953_613153_+2_GTG_66
CP040690	613442	TGA	FF954_02775	613092	351	CDS		ATG	FF954_02775|CP040690_613092_613442_+3_ATG_116
CP040690	613740	TGA	FF954_02780	613435	306	CDS		ATG	FF954_02780|CP040690_613435_613740_+1_ATG_101
CP040690	615179	TGA	FF954_02785	613794	1386	CDS		CTG	FF954_02785|CP040690_613794_615179_+3_CTG_461
CP040690	617060	TGA	FF954_02795	615672	1389	CDS		ATG	FF954_02795|CP040690_615672_617060_+3_ATG_462
CP040690	617668	TGA	FF954_02800	617060	609	CDS		ATG	FF954_02800|CP040690_617060_617668_+2_ATG_202
CP040690	618333	TGA	FF954_02805	617683	651	CDS		ATG	FF954_02805|CP040690_617683_618333_+1_ATG_216
CP040690	619109	TGA	FF954_02810	618330	780	CDS		ATG	FF954_02810|CP040690_618330_619109_+3_ATG_259
CP040690	620731	TGA	FF954_02815	619142	1590	CDS		ATG	FF954_02815|CP040690_619142_620731_+2_ATG_529
CP040690	621702	TGA	FF954_02820	620728	975	CDS		TTG	FF954_02820|CP040690_620728_621702_+1_TTG_324
CP040690	622961	TAG	FF954_02825	621744	1218	CDS		GTG	FF954_02825|CP040690_621744_622961_+3_GTG_405
CP040690	623483	TGA	FF954_02835	623166	318	CDS		GTG	FF954_02835|CP040690_623166_623483_+3_GTG_105
CP040690	623637	TAA	FF954_02840	623455	183	CDS		GTG	FF954_02840|CP040690_623455_623637_+1_GTG_60
CP040690	625375	TGA	FF954_02845	623630	1746	CDS		ATG	FF954_02845|CP040690_623630_625375_+2_ATG_581
CP040690	625508	TAA	FF954_02850	625281	228	CDS		TTG	FF954_02850|CP040690_625281_625508_+3_TTG_75
CP040690	628182	TGA	FF954_02865	627388	795	CDS		ATG	FF954_02865|CP040690_627388_628182_+1_ATG_264
CP040690	629219	TGA	FF954_02870	628179	1041	CDS		ATG	FF954_02870|CP040690_628179_629219_+3_ATG_346
CP040690	632617	TGA	FF954_02880	630971	1647	CDS		ATG	FF954_02880|CP040690_630971_632617_+2_ATG_548
CP040690	633306	TGA	FF954_02885	632674	633	CDS		GTG	FF954_02885|CP040690_632674_633306_+1_GTG_210
CP040690	633965	TGA	FF954_02890	633303	663	CDS		GTG	FF954_02890|CP040690_633303_633965_+3_GTG_220
CP040690	645424	TGA	FF954_02950	643820	1605	CDS		ATG	FF954_02950|CP040690_643820_645424_+2_ATG_534
CP040690	646401	TGA	FF954_02955	645421	981	CDS		GTG	FF954_02955|CP040690_645421_646401_+1_GTG_326
CP040690	647186	TGA	FF954_02960	646398	789	CDS		GTG	FF954_02960|CP040690_646398_647186_+3_GTG_262
CP040690	648893	TGA	FF954_02965	647229	1665	CDS		GTG	FF954_02965|CP040690_647229_648893_+3_GTG_554
CP040690	649405	TGA	FF954_02970	648890	516	CDS		GTG	FF954_02970|CP040690_648890_649405_+2_GTG_171
CP040690	650603	TAA	FF954_02975	649467	1137	CDS		GTG	FF954_02975|CP040690_649467_650603_+3_GTG_378
CP040690	651324	TGA	FF954_02980	650620	705	CDS		ATG	FF954_02980|CP040690_650620_651324_+1_ATG_234
CP040690	654709	TAG	FF954_03000	653702	1008	CDS		GTG	FF954_03000|CP040690_653702_654709_+2_GTG_335
CP040690	655670	TGA	FF954_03005	654810	861	CDS		ATG	FF954_03005|CP040690_654810_655670_+3_ATG_286
CP040690	660271	TAG	FF954_03030	659252	1020	CDS		GTG	FF954_03030|CP040690_659252_660271_+2_GTG_339
CP040690	661799	TGA	FF954_03035	660381	1419	CDS		ATG	FF954_03035|CP040690_660381_661799_+3_ATG_472
CP040690	662200	TAG	FF954_03040	661934	267	CDS		ATG	FF954_03040|CP040690_661934_662200_+2_ATG_88
CP040690	664304	TGA	FF954_03045	662226	2079	CDS		GTG	FF954_03045|CP040690_662226_664304_+3_GTG_692
CP040690	664510	TAG	FF954_03050	664316	195	CDS		ATG	FF954_03050|CP040690_664316_664510_+2_ATG_64
CP040690	672083	TAA	FF954_03085	670779	1305	CDS		ATG	FF954_03085|CP040690_670779_672083_+3_ATG_434
CP040690	672882	TAG	FF954_03090	672097	786	CDS		ATG	FF954_03090|CP040690_672097_672882_+1_ATG_261
CP040690	677268	TGA	FF954_03100	676789	480	CDS		TTG	FF954_03100|CP040690_676789_677268_+1_TTG_159
CP040690	677954	TGA	FF954_03105	677196	759	CDS		ATG	FF954_03105|CP040690_677196_677954_+3_ATG_252
CP040690	678883	TGA	FF954_03115	678668	216	CDS		GTG	FF954_03115|CP040690_678668_678883_+2_GTG_71
CP040690	679287	TAA	FF954_03120	678880	408	CDS		GTG	FF954_03120|CP040690_678880_679287_+1_GTG_135
CP040690	682820	TGA	FF954_03130	680187	2634	CDS		ATG	FF954_03130|CP040690_680187_682820_+3_ATG_877
CP040690	686089	TGA	FF954_03140	685367	723	CDS		ATG	FF954_03140|CP040690_685367_686089_+2_ATG_240
CP040690	686883	TAG	FF954_03145	686086	798	CDS		ATG	FF954_03145|CP040690_686086_686883_+1_ATG_265
CP040690	687772	TAG	FF954_03150	686885	888	CDS		ATG	FF954_03150|CP040690_686885_687772_+2_ATG_295
CP040690	688992	TGA	FF954_03155	687778	1215	CDS		GTG	FF954_03155|CP040690_687778_688992_+1_GTG_404
CP040690	690020	TGA	FF954_03160	688989	1032	CDS		ATG	FF954_03160|CP040690_688989_690020_+3_ATG_343
CP040690	691462	TGA	FF954_03165	690017	1446	CDS		ATG	FF954_03165|CP040690_690017_691462_+2_ATG_481
CP040690	692985	TGA	FF954_03170	691459	1527	CDS		ATG	FF954_03170|CP040690_691459_692985_+1_ATG_508
CP040690	694190	TGA	FF954_03175	692982	1209	CDS		GTG	FF954_03175|CP040690_692982_694190_+3_GTG_402
CP040690	695745	TGA	FF954_03180	694195	1551	CDS		ATG	FF954_03180|CP040690_694195_695745_+1_ATG_516
CP040690	701125	TAG	FF954_03225	700814	312	CDS		ATG	FF954_03225|CP040690_700814_701125_+2_ATG_103
CP040690	702147	TGA	FF954_03230	701197	951	CDS		ATG	FF954_03230|CP040690_701197_702147_+1_ATG_316
CP040690	702967	TGA	FF954_03235	702388	580	CDS	true	ATG	FF954_03235_p|CP040690_702388_702967_+1_ATG_193
CP040690	703712	TAA	FF954_03240	702969	744	CDS		ATG	FF954_03240|CP040690_702969_703712_+3_ATG_247
CP040690	704152	TGA	FF954_03245	703766	387	CDS		GTG	FF954_03245|CP040690_703766_704152_+2_GTG_128
CP040690	704442	TGA	FF954_03250	704197	246	CDS		ATG	FF954_03250|CP040690_704197_704442_+1_ATG_81
CP040690	704840	TGA	FF954_03255	704439	402	CDS		GTG	FF954_03255|CP040690_704439_704840_+3_GTG_133
CP040690	705010	TGA	FF954_03260	704783	228	CDS		GTG	FF954_03260|CP040690_704783_705010_+2_GTG_75
CP040690	705165	TAG	FF954_03265	704938	228	CDS		GTG	FF954_03265|CP040690_704938_705165_+1_GTG_75
CP040690	707882	TGA	FF954_03290	707277	606	CDS		GTG	FF954_03290|CP040690_707277_707882_+3_GTG_201
CP040690	711301	TGA	FF954_03300	710552	750	CDS		GTG	FF954_03300|CP040690_710552_711301_+2_GTG_249
CP040690	711540	TAG	FF954_03305	711298	243	CDS		GTG	FF954_03305|CP040690_711298_711540_+1_GTG_80
CP040690	711962	TGA	FF954_03315	711735	228	CDS		GTG	FF954_03315|CP040690_711735_711962_+3_GTG_75
CP040690	712360	TGA	FF954_03320	711959	402	CDS		GTG	FF954_03320|CP040690_711959_712360_+2_GTG_133
CP040690	713673	TGA	FF954_03325	712489	1185	CDS		ATG	FF954_03325|CP040690_712489_713673_+1_ATG_394
CP040690	714761	TGA	FF954_03330	713670	1092	CDS		ATG	FF954_03330|CP040690_713670_714761_+3_ATG_363
CP040690	716313	TGA	FF954_03340	715156	1158	CDS		ATG	FF954_03340|CP040690_715156_716313_+1_ATG_385
CP040690	717271	TGA	FF954_03345	716324	948	CDS		ATG	FF954_03345|CP040690_716324_717271_+2_ATG_315
CP040690	717618	TGA	FF954_03350	717364	255	CDS		ATG	FF954_03350|CP040690_717364_717618_+1_ATG_84
CP040690	718013	TAA	FF954_03355	717618	396	CDS		ATG	FF954_03355|CP040690_717618_718013_+3_ATG_131
CP040690	719239	TGA	FF954_03365	718979	261	CDS		ATG	FF954_03365|CP040690_718979_719239_+2_ATG_86
CP040690	719643	TGA	FF954_03370	719236	408	CDS		GTG	FF954_03370|CP040690_719236_719643_+1_GTG_135
CP040690	732318	TGA	FF954_03410	732067	252	CDS		TTG	FF954_03410|CP040690_732067_732318_+1_TTG_83
CP040690	732833	TAA	FF954_03425	732666	168	CDS		ATG	FF954_03425|CP040690_732666_732833_+3_ATG_55
CP040690	733360	TGA	FF954_03430	732884	477	CDS		GTG	FF954_03430|CP040690_732884_733360_+2_GTG_158
CP040690	733775	TAG	FF954_03435	733347	429	CDS		ATG	FF954_03435|CP040690_733347_733775_+3_ATG_142
CP040690	734279	TAA	FF954_03440	733779	501	CDS		ATG	FF954_03440|CP040690_733779_734279_+3_ATG_166
CP040690	735176	TGA	FF954_03450	734691	486	CDS		GTG	FF954_03450|CP040690_734691_735176_+3_GTG_161
CP040690	735924	TAG	FF954_03455	735208	717	CDS		GTG	FF954_03455|CP040690_735208_735924_+1_GTG_238
CP040690	736404	TAG	FF954_03460	735976	429	CDS		ATG	FF954_03460|CP040690_735976_736404_+1_ATG_142
CP040690	737178	TAG	FF954_03465	736471	708	CDS		ATG	FF954_03465|CP040690_736471_737178_+1_ATG_235
CP040690	747853	TGA	FF954_03500	743948	3906	CDS		ATG	FF954_03500|CP040690_743948_747853_+2_ATG_1301
CP040690	748524	TGA	FF954_03505	747850	675	CDS		ATG	FF954_03505|CP040690_747850_748524_+1_ATG_224
CP040690	749432	TAA	FF954_03510	748524	909	CDS		ATG	FF954_03510|CP040690_748524_749432_+3_ATG_302
CP040690	750299	TAG	FF954_03515	749763	537	CDS		ATG	FF954_03515|CP040690_749763_750299_+3_ATG_178
CP040690	750728	TAG	FF954_03520	750336	393	CDS		ATG	FF954_03520|CP040690_750336_750728_+3_ATG_130
CP040690	752992	TGA	FF954_03530	751487	1506	CDS		ATG	FF954_03530|CP040690_751487_752992_+2_ATG_501
CP040690	754083	TAA	FF954_03535	753004	1080	CDS		GTG	FF954_03535|CP040690_753004_754083_+1_GTG_359
CP040690	759987	TAG	FF954_03575	757624	2364	CDS		ATG	FF954_03575|CP040690_757624_759987_+1_ATG_787
CP040690	760291	TGA	FF954_03580	760019	273	CDS		ATG	FF954_03580|CP040690_760019_760291_+2_ATG_90
CP040690	760626	TGA	FF954_03585	760288	339	CDS		GTG	FF954_03585|CP040690_760288_760626_+1_GTG_112
CP040690	760796	TGA	FF954_03590	760623	174	CDS		GTG	FF954_03590|CP040690_760623_760796_+3_GTG_57
CP040690	761011	TAG	FF954_03595	760781	231	CDS		TTG	FF954_03595|CP040690_760781_761011_+2_TTG_76
CP040690	764812	TAA	FF954_03600	761294	3519	CDS		TTG	FF954_03600|CP040690_761294_764812_+2_TTG_1172
CP040690	768807	TAG	FF954_03605	764857	3951	CDS		GTG	FF954_03605|CP040690_764857_768807_+1_GTG_1316
CP040690	772037	TGA	FF954_03620	771279	759	CDS		GTG	FF954_03620|CP040690_771279_772037_+3_GTG_252
CP040690	772911	TGA	FF954_03625	772069	843	CDS		ATG	FF954_03625|CP040690_772069_772911_+1_ATG_280
CP040690	774599	TGA	FF954_03630	772971	1629	CDS		ATG	FF954_03630|CP040690_772971_774599_+3_ATG_542
CP040690	775548	TAA	FF954_03635	774610	939	CDS		ATG	FF954_03635|CP040690_774610_775548_+1_ATG_312
CP040690	776273	TGA	FF954_03640	775551	723	CDS		ATG	FF954_03640|CP040690_775551_776273_+3_ATG_240
CP040690	777061	TAG	FF954_03645	776270	792	CDS		ATG	FF954_03645|CP040690_776270_777061_+2_ATG_263
CP040690	780974	TGA	FF954_03660	780477	498	CDS		GTG	FF954_03660|CP040690_780477_780974_+3_GTG_165
CP040690	782798	TAG	FF954_03675	782208	591	CDS		GTG	FF954_03675|CP040690_782208_782798_+3_GTG_196
CP040690	783421	TGA	FF954_03680	783047	375	CDS		ATG	FF954_03680|CP040690_783047_783421_+2_ATG_124
CP040690	783891	TGA	FF954_03685	783421	471	CDS		ATG	FF954_03685|CP040690_783421_783891_+1_ATG_156
CP040690	786077	TGA	FF954_03690	783972	2106	CDS		GTG	FF954_03690|CP040690_783972_786077_+3_GTG_701
CP040690	787498	TAG	FF954_03695	786308	1191	CDS		GTG	FF954_03695|CP040690_786308_787498_+2_GTG_396
CP040690	788433	TGA	FF954_03700	787636	798	CDS		GTG	FF954_03700|CP040690_787636_788433_+1_GTG_265
CP040690	789413	TGA	FF954_03705	788586	828	CDS		GTG	FF954_03705|CP040690_788586_789413_+3_GTG_275
CP040690	790647	TAG	FF954_03710	789427	1221	CDS		ATG	FF954_03710|CP040690_789427_790647_+1_ATG_406
CP040690	793333	TGA	FF954_03735	793244	90	CDS		ATG	FF954_03735|CP040690_793244_793333_+2_ATG_29
CP040690	793647	TGA	FF954_03740	793336	312	CDS		GTG	FF954_03740|CP040690_793336_793647_+1_GTG_103
CP040690	794819	TAG	FF954_03745	793644	1176	CDS		ATG	FF954_03745|CP040690_793644_794819_+3_ATG_391
CP040690	796012	TAG	FF954_03750	794822	1191	CDS		GTG	FF954_03750|CP040690_794822_796012_+2_GTG_396
CP040690	796957	TGA	FF954_03755	796202	756	CDS		GTG	FF954_03755|CP040690_796202_796957_+2_GTG_251
CP040690	798418	TAG	FF954_03760	797006	1413	CDS		ATG	FF954_03760|CP040690_797006_798418_+2_ATG_470
CP040690	799859	TGA	FF954_03765	798420	1440	CDS		GTG	FF954_03765|CP040690_798420_799859_+3_GTG_479
CP040690	800052	TGA	FF954_03770	799849	204	CDS		TTG	FF954_03770|CP040690_799849_800052_+1_TTG_67
CP040690	800281	GCC	FF954_03775	800135	147	CDS	true	GCG	FF954_03775_p|CP040690_800135_800281_+2_GCG_49
CP040690	800649	TAG	FF954_03780	800320	330	CDS		TTG	FF954_03780|CP040690_800320_800649_+1_TTG_109
CP040690	800930	TGA	FF954_03785	800697	234	CDS		GTG	FF954_03785|CP040690_800697_800930_+3_GTG_77
CP040690	801336	TAG	FF954_03790	801115	222	CDS		ATG	FF954_03790|CP040690_801115_801336_+1_ATG_73
CP040690	802278	TAG	FF954_03800	801973	306	CDS		GTG	FF954_03800|CP040690_801973_802278_+1_GTG_101
CP040690	802948	TGA	FF954_03805	802295	654	CDS		ATG	FF954_03805|CP040690_802295_802948_+2_ATG_217
CP040690	803619	TGA	FF954_03810	802948	672	CDS		ATG	FF954_03810|CP040690_802948_803619_+1_ATG_223
CP040690	803921	TAG	FF954_03815	803619	303	CDS		ATG	FF954_03815|CP040690_803619_803921_+3_ATG_100
CP040690	804964	TAG	FF954_03820	804122	843	CDS		ATG	FF954_03820|CP040690_804122_804964_+2_ATG_280
CP040690	805286	TGA	FF954_03825	805005	282	CDS		ATG	FF954_03825|CP040690_805005_805286_+3_ATG_93
CP040690	805876	TAG	FF954_03830	805283	594	CDS		ATG	FF954_03830|CP040690_805283_805876_+2_ATG_197
CP040690	806700	TGA	FF954_03835	805876	825	CDS		GTG	FF954_03835|CP040690_805876_806700_+1_GTG_274
CP040690	807120	TGA	FF954_03840	806704	417	CDS		ATG	FF954_03840|CP040690_806704_807120_+1_ATG_138
CP040690	807353	TGA	FF954_03845	807120	234	CDS		ATG	FF954_03845|CP040690_807120_807353_+3_ATG_77
CP040690	807760	TAA	FF954_03850	807350	411	CDS		GTG	FF954_03850|CP040690_807350_807760_+2_GTG_136
CP040690	810292	TGA	FF954_03855	807929	2364	CDS		ATG	FF954_03855|CP040690_807929_810292_+2_ATG_787
CP040690	811239	TAG	FF954_03860	810340	900	CDS		GTG	FF954_03860|CP040690_810340_811239_+1_GTG_299
CP040690	812481	TAA	FF954_03865	811540	942	CDS		ATG	FF954_03865|CP040690_811540_812481_+1_ATG_313
CP040690	813335	TAG	FF954_03870	812967	369	CDS		GTG	FF954_03870|CP040690_812967_813335_+3_GTG_122
CP040690	813653	TGA	FF954_03875	813336	318	CDS		ATG	FF954_03875|CP040690_813336_813653_+3_ATG_105
CP040690	814216	TGA	FF954_03880	813653	564	CDS		ATG	FF954_03880|CP040690_813653_814216_+2_ATG_187
CP040690	814406	TAA	FF954_03885	814221	186	CDS		ATG	FF954_03885|CP040690_814221_814406_+3_ATG_61
CP040690	814968	TGA	FF954_03890	814570	399	CDS		ATG	FF954_03890|CP040690_814570_814968_+1_ATG_132
CP040690	815531	TAG	FF954_03895	814992	540	CDS		ATG	FF954_03895|CP040690_814992_815531_+3_ATG_179
CP040690	815902	TGA	FF954_03900	815534	369	CDS		ATG	FF954_03900|CP040690_815534_815902_+2_ATG_122
CP040690	816584	TAG	FF954_03905	815922	663	CDS		ATG	FF954_03905|CP040690_815922_816584_+3_ATG_220
CP040690	816784	TAG	FF954_03910	816587	198	CDS		ATG	FF954_03910|CP040690_816587_816784_+2_ATG_65
CP040690	817224	TAG	FF954_03915	816784	441	CDS		GTG	FF954_03915|CP040690_816784_817224_+1_GTG_146
CP040690	819128	TAG	FF954_03920	817257	1872	CDS		ATG	FF954_03920|CP040690_817257_819128_+3_ATG_623
CP040690	824447	TGA	FF954_03945	823101	1347	CDS		GTG	FF954_03945|CP040690_823101_824447_+3_GTG_448
CP040690	825188	TAG	FF954_03950	824460	729	CDS		ATG	FF954_03950|CP040690_824460_825188_+3_ATG_242
CP040690	827719	TGA	FF954_03960	826394	1326	CDS		GTG	FF954_03960|CP040690_826394_827719_+2_GTG_441
CP040690	828261	TAG	FF954_03965	827716	546	CDS		GTG	FF954_03965|CP040690_827716_828261_+1_GTG_181
CP040690	829064	TAG	FF954_03970	828264	801	CDS		ATG	FF954_03970|CP040690_828264_829064_+3_ATG_266
CP040690	829670	TGA	FF954_03975	829137	534	CDS		GTG	FF954_03975|CP040690_829137_829670_+3_GTG_177
CP040690	830486	TAA	FF954_03980	829734	753	CDS		ATG	FF954_03980|CP040690_829734_830486_+3_ATG_250
CP040690	830753	TGA	FF954_03985	830541	213	CDS		GTG	FF954_03985|CP040690_830541_830753_+3_GTG_70
CP040690	831298	TGA	FF954_03990	830801	498	CDS		GTG	FF954_03990|CP040690_830801_831298_+2_GTG_165
CP040690	831507	TAA	FF954_03995	831295	213	CDS		TTG	FF954_03995|CP040690_831295_831507_+1_TTG_70
CP040690	832204	TGA	FF954_04000	831656	549	CDS		GTG	FF954_04000|CP040690_831656_832204_+2_GTG_182
CP040690	833257	TGA	FF954_04010	832409	849	CDS		ATG	FF954_04010|CP040690_832409_833257_+2_ATG_282
CP040690	833899	TGA	FF954_04015	833372	528	CDS		ATG	FF954_04015|CP040690_833372_833899_+2_ATG_175
CP040690	834444	TAG	FF954_04020	834121	324	CDS	true	CTA	FF954_04020_p|CP040690_834121_834444_+1_CTA_107
CP040690	835047	TGA	FF954_04025	834586	462	CDS		GTG	FF954_04025|CP040690_834586_835047_+1_GTG_153
CP040690	837220	TGA	FF954_04045	836693	528	CDS		GTG	FF954_04045|CP040690_836693_837220_+2_GTG_175
CP040690	837482	AGC	FF954_04050	837240	243	CDS	true	ATG	FF954_04050_p|CP040690_837240_837482_+3_ATG_81
CP040690	838172	GGG	FF954_04055	837975	198	CDS	true	ACC	FF954_04055_p|CP040690_837975_838172_+3_ACC_66
CP040690	840144	TAG	FF954_04060	839125	1020	CDS	true	TCT	FF954_04060_p|CP040690_839125_840144_+1_TCT_339
CP040690	840463	TGA	FF954_04065	840221	243	CDS		ATG	FF954_04065|CP040690_840221_840463_+2_ATG_80
CP040690	843332	TAG	FF954_04070	840543	2790	CDS		ATG	FF954_04070|CP040690_840543_843332_+3_ATG_929
CP040690	843680	TAA	FF954_04075	843423	258	CDS		ATG	FF954_04075|CP040690_843423_843680_+3_ATG_85
CP040690	844132	TAG	FF954_04080	843704	429	CDS		ATG	FF954_04080|CP040690_843704_844132_+2_ATG_142
CP040690	844754	TGA	FF954_04090	844509	246	CDS		GTG	FF954_04090|CP040690_844509_844754_+3_GTG_81
CP040690	850389	TGA	FF954_04110	848635	1755	CDS		ATG	FF954_04110|CP040690_848635_850389_+1_ATG_584
CP040690	854827	TGA	FF954_04135	854084	744	CDS		ATG	FF954_04135|CP040690_854084_854827_+2_ATG_247
CP040690	856329	TGA	FF954_04140	854872	1458	CDS		ATG	FF954_04140|CP040690_854872_856329_+1_ATG_485
CP040690	864856	TAG	FF954_04190	863387	1470	CDS		ATG	FF954_04190|CP040690_863387_864856_+2_ATG_489
CP040690	865633	TGA	FF954_04195	864887	747	CDS		ATG	FF954_04195|CP040690_864887_865633_+2_ATG_248
CP040690	866618	TGA	FF954_04200	865731	888	CDS		ATG	FF954_04200|CP040690_865731_866618_+3_ATG_295
CP040690	867049	TAG	FF954_04205	866615	435	CDS		ATG	FF954_04205|CP040690_866615_867049_+2_ATG_144
CP040690	868329	TAG	FF954_04210	867061	1269	CDS		GTG	FF954_04210|CP040690_867061_868329_+1_GTG_422
CP040690	871505	TGA	FF954_04225	870882	624	CDS		ATG	FF954_04225|CP040690_870882_871505_+3_ATG_207
CP040690	873901	TAG	FF954_04235	872483	1419	CDS		GTG	FF954_04235|CP040690_872483_873901_+2_GTG_472
CP040690	875150	TAG	FF954_04240	873906	1245	CDS		ATG	FF954_04240|CP040690_873906_875150_+3_ATG_414
CP040690	876711	TGA	FF954_04250	875818	894	CDS		ATG	FF954_04250|CP040690_875818_876711_+1_ATG_297
CP040690	878867	TAG	FF954_04255	876708	2160	CDS		ATG	FF954_04255|CP040690_876708_878867_+3_ATG_719
CP040690	879306	TAG	FF954_04260	879121	186	CDS		CTG	FF954_04260|CP040690_879121_879306_+1_CTG_61
CP040690	881801	TGA	FF954_04270	881115	687	CDS		GTG	FF954_04270|CP040690_881115_881801_+3_GTG_228
CP040690	883517	TAG	FF954_04275	881817	1701	CDS		GTG	FF954_04275|CP040690_881817_883517_+3_GTG_566
CP040690	884895	TGA	FF954_04285	884176	720	CDS		ATG	FF954_04285|CP040690_884176_884895_+1_ATG_239
CP040690	885240	TGA	FF954_04290	885001	240	CDS		GTG	FF954_04290|CP040690_885001_885240_+1_GTG_79
CP040690	885911	TGA	FF954_04295	885237	675	CDS		GTG	FF954_04295|CP040690_885237_885911_+3_GTG_224
CP040690	889501	TAG	FF954_04320	889196	306	CDS		ATG	FF954_04320|CP040690_889196_889501_+2_ATG_101
CP040690	892600	TGA	FF954_04330	891449	1152	CDS		ATG	FF954_04330|CP040690_891449_892600_+2_ATG_383
CP040690	895737	TAG	FF954_04345	894436	1302	CDS		ATG	FF954_04345|CP040690_894436_895737_+1_ATG_433
CP040690	896096	TAA	FF954_04350	895749	348	CDS		ATG	FF954_04350|CP040690_895749_896096_+3_ATG_115
CP040690	899202	TGA	FF954_04360	896938	2265	CDS		GTG	FF954_04360|CP040690_896938_899202_+1_GTG_754
CP040690	899828	TGA	FF954_04365	899199	630	CDS		ATG	FF954_04365|CP040690_899199_899828_+3_ATG_209
CP040690	900905	TGA	FF954_04370	899949	957	CDS		GTG	FF954_04370|CP040690_899949_900905_+3_GTG_318
CP040690	903142	TGA	FF954_04380	902753	390	CDS		ATG	FF954_04380|CP040690_902753_903142_+2_ATG_129
CP040690	904812	TGA	FF954_04385	903229	1584	CDS		GTG	FF954_04385|CP040690_903229_904812_+1_GTG_527
CP040690	905937	TAA	FF954_04390	904843	1095	CDS		ATG	FF954_04390|CP040690_904843_905937_+1_ATG_364
CP040690	908410	TGA	FF954_04405	907541	870	CDS		GTG	FF954_04405|CP040690_907541_908410_+2_GTG_289
CP040690	912857	TGA	FF954_04435	912090	768	CDS		TTG	FF954_04435|CP040690_912090_912857_+3_TTG_255
CP040690	913801	TGA	FF954_04440	912854	948	CDS		GTG	FF954_04440|CP040690_912854_913801_+2_GTG_315
CP040690	914620	TAG	FF954_04445	913844	777	CDS		GTG	FF954_04445|CP040690_913844_914620_+2_GTG_258
CP040690	921807	TGA	FF954_04480	920725	1083	CDS		ATG	FF954_04480|CP040690_920725_921807_+1_ATG_360
CP040690	922983	TGA	FF954_04495	922693	291	CDS		TTG	FF954_04495|CP040690_922693_922983_+1_TTG_96
CP040690	923993	TAA	FF954_04500	923088	906	CDS		ATG	FF954_04500|CP040690_923088_923993_+3_ATG_301
CP040690	928795	TAG	FF954_04530	926069	2727	CDS		GTG	FF954_04530|CP040690_926069_928795_+2_GTG_908
CP040690	928993	TGA	FF954_04535	928814	180	CDS		GTG	FF954_04535|CP040690_928814_928993_+2_GTG_59
CP040690	932782	TAG	FF954_04545	932138	645	CDS		GTG	FF954_04545|CP040690_932138_932782_+2_GTG_214
CP040690	936675	TGA	FF954_04575	935905	771	CDS		GTG	FF954_04575|CP040690_935905_936675_+1_GTG_256
CP040690	937574	TAA	FF954_04580	936762	813	CDS		GTG	FF954_04580|CP040690_936762_937574_+3_GTG_270
CP040690	938853	TGA	FF954_04590	938590	264	CDS		ATG	FF954_04590|CP040690_938590_938853_+1_ATG_87
CP040690	939020	TGA	FF954_04595	938778	243	CDS		GTG	FF954_04595|CP040690_938778_939020_+3_GTG_80
CP040690	940589	TGA	FF954_04600	939297	1293	CDS		TTG	FF954_04600|CP040690_939297_940589_+3_TTG_430
CP040690	941577	TGA	FF954_04605	940573	1005	CDS		GTG	FF954_04605|CP040690_940573_941577_+1_GTG_334
CP040690	943652	TGA	FF954_04615	942375	1278	CDS		GTG	FF954_04615|CP040690_942375_943652_+3_GTG_425
CP040690	945920	TGA	FF954_04625	945528	393	CDS		GTG	FF954_04625|CP040690_945528_945920_+3_GTG_130
CP040690	947241	TAA	FF954_04630	946123	1119	CDS		GTG	FF954_04630|CP040690_946123_947241_+1_GTG_372
CP040690	948500	TGA	FF954_04635	947241	1260	CDS		ATG	FF954_04635|CP040690_947241_948500_+3_ATG_419
CP040690	948829	TAA	FF954_04640	948497	333	CDS		GTG	FF954_04640|CP040690_948497_948829_+2_GTG_110
CP040690	949887	GAT	FF954_04650	949792	96	CDS	true	TTG	FF954_04650_p|CP040690_949792_949887_+1_TTG_32
CP040690	950580	TGA	FF954_04655	949942	639	CDS		GTG	FF954_04655|CP040690_949942_950580_+1_GTG_212
CP040690	952811	TAG	FF954_04665	952368	444	CDS		ATG	FF954_04665|CP040690_952368_952811_+3_ATG_147
CP040690	953896	TAA	FF954_04670	952817	1080	CDS		GTG	FF954_04670|CP040690_952817_953896_+2_GTG_359
CP040690	954413	TGA	FF954_04675	953955	459	CDS		GTG	FF954_04675|CP040690_953955_954413_+3_GTG_152
CP040690	954914	TAG	FF954_04680	954441	474	CDS		GTG	FF954_04680|CP040690_954441_954914_+3_GTG_157
CP040690	957472	TAA	FF954_04690	956261	1212	CDS		ATG	FF954_04690|CP040690_956261_957472_+2_ATG_403
CP040690	959639	TGA	FF954_04695	957477	2163	CDS		ATG	FF954_04695|CP040690_957477_959639_+3_ATG_720
CP040690	964117	TAA	FF954_04715	963917	201	CDS		GTG	FF954_04715|CP040690_963917_964117_+2_GTG_66
CP040690	964630	TGA	FF954_04720	964127	504	CDS		ATG	FF954_04720|CP040690_964127_964630_+2_ATG_167
CP040690	965109	TGA	FF954_04725	964627	483	CDS		ATG	FF954_04725|CP040690_964627_965109_+1_ATG_160
CP040690	965531	TAA	FF954_04730	965106	426	CDS		ATG	FF954_04730|CP040690_965106_965531_+3_ATG_141
CP040690	969542	TAA	FF954_04755	969135	408	CDS		GTG	FF954_04755|CP040690_969135_969542_+3_GTG_135
CP040690	973702	TAG	FF954_04770	971750	1953	CDS		ATG	FF954_04770|CP040690_971750_973702_+2_ATG_650
CP040690	978108	TAG	FF954_04790	977320	789	CDS		GTG	FF954_04790|CP040690_977320_978108_+1_GTG_262
CP040690	980609	TGA	FF954_04805	980178	432	CDS		GTG	FF954_04805|CP040690_980178_980609_+3_GTG_143
CP040690	981472	TGA	FF954_04810	980606	867	CDS		GTG	FF954_04810|CP040690_980606_981472_+2_GTG_288
CP040690	981753	TAG	FF954_04815	981469	285	CDS		GTG	FF954_04815|CP040690_981469_981753_+1_GTG_94
CP040690	985028	TAG	FF954_04830	984006	1023	CDS		ATG	FF954_04830|CP040690_984006_985028_+3_ATG_340
CP040690	986774	TGA	FF954_04835	985047	1728	CDS		ATG	FF954_04835|CP040690_985047_986774_+3_ATG_575
CP040690	987779	TGA	FF954_04845	987513	267	CDS		ATG	FF954_04845|CP040690_987513_987779_+3_ATG_88
CP040690	989949	TGA	FF954_04850	988477	1473	CDS		ATG	FF954_04850|CP040690_988477_989949_+1_ATG_490
CP040690	994997	TAG	FF954_04870	994623	375	CDS		ATG	FF954_04870|CP040690_994623_994997_+3_ATG_124
CP040690	996585	TGA	FF954_04875	995098	1488	CDS		ATG	FF954_04875|CP040690_995098_996585_+1_ATG_495
CP040690	998950	TGA	FF954_04885	997769	1182	CDS		ATG	FF954_04885|CP040690_997769_998950_+2_ATG_393
CP040690	1000544	TAA	FF954_04890	999027	1518	CDS		GTG	FF954_04890|CP040690_999027_1000544_+3_GTG_505
CP040690	1002012	TAG	FF954_04895	1000717	1296	CDS		GTG	FF954_04895|CP040690_1000717_1002012_+1_GTG_431
CP040690	1005037	TAA	FF954_04910	1004057	981	CDS		GTG	FF954_04910|CP040690_1004057_1005037_+2_GTG_326
CP040690	1005202	TGA	FF954_04915	1005050	153	CDS		ATG	FF954_04915|CP040690_1005050_1005202_+2_ATG_50
CP040690	1005729	TGA	FF954_04920	1005202	528	CDS		ATG	FF954_04920|CP040690_1005202_1005729_+1_ATG_175
CP040690	1010183	TAA	FF954_04940	1009452	732	CDS		ATG	FF954_04940|CP040690_1009452_1010183_+3_ATG_243
CP040690	1011307	TAA	FF954_04945	1010189	1119	CDS	true	ATG	FF954_04945_p|CP040690_1010189_1011307_+2_ATG_372
CP040690	1012980	TGA	FF954_04950	1011430	1551	CDS		GTG	FF954_04950|CP040690_1011430_1012980_+1_GTG_516
CP040690	1015370	TAA	FF954_04955	1012977	2394	CDS		ATG	FF954_04955|CP040690_1012977_1015370_+3_ATG_797
CP040690	1016106	TAG	FF954_04960	1015927	180	CDS		ATG	FF954_04960|CP040690_1015927_1016106_+1_ATG_59
CP040690	1016546	TGA	FF954_04965	1016112	435	CDS		ATG	FF954_04965|CP040690_1016112_1016546_+3_ATG_144
CP040690	1017417	TAA	FF954_04970	1016644	774	CDS		GTG	FF954_04970|CP040690_1016644_1017417_+1_GTG_257
CP040690	1017931	TAG	FF954_04975	1017482	450	CDS		ATG	FF954_04975|CP040690_1017482_1017931_+2_ATG_149
CP040690	1025115	TGA	FF954_05005	1023334	1782	CDS		ATG	FF954_05005|CP040690_1023334_1025115_+1_ATG_593
CP040690	1025369	TGA	FF954_05010	1025112	258	CDS		ATG	FF954_05010|CP040690_1025112_1025369_+3_ATG_85
CP040690	1025934	TGA	FF954_05015	1025458	477	CDS		TTG	FF954_05015|CP040690_1025458_1025934_+1_TTG_158
CP040690	1026431	TGA	FF954_05020	1025931	501	CDS		GTG	FF954_05020|CP040690_1025931_1026431_+3_GTG_166
CP040690	1028932	TGA	FF954_05035	1028351	582	CDS		GTG	FF954_05035|CP040690_1028351_1028932_+2_GTG_193
CP040690	1030584	TGA	FF954_05040	1028932	1653	CDS		ATG	FF954_05040|CP040690_1028932_1030584_+1_ATG_550
CP040690	1037262	TGA	FF954_05070	1036150	1113	CDS		TTG	FF954_05070|CP040690_1036150_1037262_+1_TTG_370
CP040690	1038249	TGA	FF954_05075	1037275	975	CDS		GTG	FF954_05075|CP040690_1037275_1038249_+1_GTG_324
CP040690	1039160	TGA	FF954_05080	1038246	915	CDS		GTG	FF954_05080|CP040690_1038246_1039160_+3_GTG_304
CP040690	1043341	TGA	FF954_05095	1042511	831	CDS		ATG	FF954_05095|CP040690_1042511_1043341_+2_ATG_276
CP040690	1044486	TAG	FF954_05100	1043362	1125	CDS		GTG	FF954_05100|CP040690_1043362_1044486_+1_GTG_374
CP040690	1045562	TGA	FF954_05105	1044546	1017	CDS		ATG	FF954_05105|CP040690_1044546_1045562_+3_ATG_338
CP040690	1046469	TGA	FF954_05110	1045564	906	CDS		ATG	FF954_05110|CP040690_1045564_1046469_+1_ATG_301
CP040690	1049662	TGA	FF954_05120	1047383	2280	CDS		ATG	FF954_05120|CP040690_1047383_1049662_+2_ATG_759
CP040690	1051593	TAG	FF954_05125	1049659	1935	CDS		ATG	FF954_05125|CP040690_1049659_1051593_+1_ATG_644
CP040690	1053885	TAG	FF954_05140	1053607	279	CDS		TTG	FF954_05140|CP040690_1053607_1053885_+1_TTG_92
CP040690	1055488	TAG	FF954_05150	1055012	477	CDS		GTG	FF954_05150|CP040690_1055012_1055488_+2_GTG_158
CP040690	1056255	TAG	FF954_05155	1055494	762	CDS		ATG	FF954_05155|CP040690_1055494_1056255_+1_ATG_253
CP040690	1058888	TGA	FF954_05175	1058694	195	CDS		ATG	FF954_05175|CP040690_1058694_1058888_+3_ATG_64
CP040690	1061822	TGA	FF954_05185	1059507	2316	CDS		ATG	FF954_05185|CP040690_1059507_1061822_+3_ATG_771
CP040690	1064374	TGA	FF954_05195	1063211	1164	CDS		ATG	FF954_05195|CP040690_1063211_1064374_+2_ATG_387
CP040690	1065298	TAG	FF954_05200	1064396	903	CDS		ATG	FF954_05200|CP040690_1064396_1065298_+2_ATG_300
CP040690	1066393	TAA	FF954_05210	1066208	186	CDS		ATG	FF954_05210|CP040690_1066208_1066393_+2_ATG_61
CP040690	1067285	TAG	FF954_05215	1066374	912	CDS		ATG	FF954_05215|CP040690_1066374_1067285_+3_ATG_303
CP040690	1068692	TAA	FF954_05220	1067325	1368	CDS		GTG	FF954_05220|CP040690_1067325_1068692_+3_GTG_455
CP040690	1069455	TGA	FF954_05225	1068808	648	CDS		GTG	FF954_05225|CP040690_1068808_1069455_+1_GTG_215
CP040690	1071023	TGA	FF954_05230	1069452	1572	CDS		ATG	FF954_05230|CP040690_1069452_1071023_+3_ATG_523
CP040690	1072509	TAA	FF954_05235	1071130	1380	CDS		ATG	FF954_05235|CP040690_1071130_1072509_+1_ATG_459
CP040690	1074520	TAG	FF954_05240	1072502	2019	CDS		ATG	FF954_05240|CP040690_1072502_1074520_+2_ATG_672
CP040690	1074795	TGA	FF954_05245	1074574	222	CDS		ATG	FF954_05245|CP040690_1074574_1074795_+1_ATG_73
CP040690	1075175	TAG	FF954_05250	1074792	384	CDS		ATG	FF954_05250|CP040690_1074792_1075175_+3_ATG_127
CP040690	1075668	TGA	FF954_05255	1075321	348	CDS		GTG	FF954_05255|CP040690_1075321_1075668_+1_GTG_115
CP040690	1079577	TGA	FF954_05285	1079218	360	CDS		ATG	FF954_05285|CP040690_1079218_1079577_+1_ATG_119
CP040690	1079930	TGA	FF954_05290	1079634	297	CDS		ATG	FF954_05290|CP040690_1079634_1079930_+3_ATG_98
CP040690	1082298	TGA	FF954_05295	1079986	2313	CDS		ATG	FF954_05295|CP040690_1079986_1082298_+1_ATG_770
CP040690	1082927	TGA	FF954_05300	1082295	633	CDS		ATG	FF954_05300|CP040690_1082295_1082927_+3_ATG_210
CP040690	1094382	TGA	FF954_05335	1091617	2766	CDS		ATG	FF954_05335|CP040690_1091617_1094382_+1_ATG_921
CP040690	1095372	TAA	FF954_05340	1094491	882	CDS		ATG	FF954_05340|CP040690_1094491_1095372_+1_ATG_293
CP040690	1096309	TGA	FF954_05360	1096136	174	CDS		ATG	FF954_05360|CP040690_1096136_1096309_+2_ATG_57
CP040690	1098758	TGA	FF954_05375	1098072	687	CDS		GTG	FF954_05375|CP040690_1098072_1098758_+3_GTG_228
CP040690	1100272	TAG	FF954_05380	1098758	1515	CDS		ATG	FF954_05380|CP040690_1098758_1100272_+2_ATG_504
CP040690	1101710	TGA	FF954_05385	1100316	1395	CDS		ATG	FF954_05385|CP040690_1100316_1101710_+3_ATG_464
CP040690	1102255	TGA	FF954_05390	1101710	546	CDS		ATG	FF954_05390|CP040690_1101710_1102255_+2_ATG_181
CP040690	1103799	TGA	FF954_05400	1103053	747	CDS		ATG	FF954_05400|CP040690_1103053_1103799_+1_ATG_248
CP040690	1106359	TGA	FF954_05405	1103792	2568	CDS		ATG	FF954_05405|CP040690_1103792_1106359_+2_ATG_855
CP040690	1107526	TGA	FF954_05410	1106366	1161	CDS		ATG	FF954_05410|CP040690_1106366_1107526_+2_ATG_386
CP040690	1111442	TAG	FF954_05435	1110522	921	CDS		ATG	FF954_05435|CP040690_1110522_1111442_+3_ATG_306
CP040690	1112799	TGA	FF954_05440	1111519	1281	CDS		GTG	FF954_05440|CP040690_1111519_1112799_+1_GTG_426
CP040690	1113473	TAA	FF954_05445	1112862	612	CDS		ATG	FF954_05445|CP040690_1112862_1113473_+3_ATG_203
CP040690	1114710	TAG	FF954_05450	1113634	1077	CDS		ATG	FF954_05450|CP040690_1113634_1114710_+1_ATG_358
CP040690	1115114	TGA	FF954_05460	1114884	231	CDS		GTG	FF954_05460|CP040690_1114884_1115114_+3_GTG_76
CP040690	1115362	TAG	FF954_05465	1115111	252	CDS		ATG	FF954_05465|CP040690_1115111_1115362_+2_ATG_83
CP040690	1116999	TGA	FF954_05480	1115998	1002	CDS		TTG	FF954_05480|CP040690_1115998_1116999_+1_TTG_333
CP040690	1117775	TGA	FF954_05485	1117017	759	CDS		GTG	FF954_05485|CP040690_1117017_1117775_+3_GTG_252
CP040690	1119643	TAG	FF954_05495	1118435	1209	CDS		GTG	FF954_05495|CP040690_1118435_1119643_+2_GTG_402
CP040690	1122129	TAG	FF954_05505	1121272	858	CDS		ATG	FF954_05505|CP040690_1121272_1122129_+1_ATG_285
CP040690	1126667	TAG	FF954_05520	1124964	1704	CDS		ATG	FF954_05520|CP040690_1124964_1126667_+3_ATG_567
CP040690	1129133	TGA	FF954_05530	1128339	795	CDS		TTG	FF954_05530|CP040690_1128339_1129133_+3_TTG_264
CP040690	1130429	TGA	FF954_05535	1129341	1089	CDS		ATG	FF954_05535|CP040690_1129341_1130429_+3_ATG_362
CP040690	1131355	TGA	FF954_05540	1130402	954	CDS		ATG	FF954_05540|CP040690_1130402_1131355_+2_ATG_317
CP040690	1132361	TGA	FF954_05545	1131441	921	CDS		GTG	FF954_05545|CP040690_1131441_1132361_+3_GTG_306
CP040690	1132672	TGA	FF954_05550	1132358	315	CDS		GTG	FF954_05550|CP040690_1132358_1132672_+2_GTG_104
CP040690	1134510	TAA	FF954_05560	1132876	1635	CDS		TTG	FF954_05560|CP040690_1132876_1134510_+1_TTG_544
CP040690	1140159	TAG	FF954_05595	1139566	594	CDS		ATG	FF954_05595|CP040690_1139566_1140159_+1_ATG_197
CP040690	1143922	TGA	FF954_05600	1140218	3705	CDS		ATG	FF954_05600|CP040690_1140218_1143922_+2_ATG_1234
CP040690	1144899	TAA	FF954_05605	1143922	978	CDS		ATG	FF954_05605|CP040690_1143922_1144899_+1_ATG_325
CP040690	1145718	TAG	FF954_05610	1144987	732	CDS		GTG	FF954_05610|CP040690_1144987_1145718_+1_GTG_243
CP040690	1147104	TAG	FF954_05615	1145815	1290	CDS		GTG	FF954_05615|CP040690_1145815_1147104_+1_GTG_429
CP040690	1147795	TGA	FF954_05620	1147109	687	CDS		ATG	FF954_05620|CP040690_1147109_1147795_+2_ATG_228
CP040690	1148279	TAA	FF954_05625	1147812	468	CDS		GTG	FF954_05625|CP040690_1147812_1148279_+3_GTG_155
CP040690	1149229	TAA	FF954_05630	1148270	960	CDS		GTG	FF954_05630|CP040690_1148270_1149229_+2_GTG_319
CP040690	1149681	TAG	FF954_05635	1149469	213	CDS		GTG	FF954_05635|CP040690_1149469_1149681_+1_GTG_70
CP040690	1153172	TGA	FF954_05650	1153026	147	CDS		ATG	FF954_05650|CP040690_1153026_1153172_+3_ATG_48
CP040690	1153261	TGA	FF954_05655	1153169	93	CDS		ATG	FF954_05655|CP040690_1153169_1153261_+2_ATG_30
CP040690	1154976	TGA	FF954_05660	1153261	1716	CDS		ATG	FF954_05660|CP040690_1153261_1154976_+1_ATG_571
CP040690	1157102	TGA	FF954_05665	1154973	2130	CDS		GTG	FF954_05665|CP040690_1154973_1157102_+3_GTG_709
CP040690	1157671	TGA	FF954_05670	1157102	570	CDS		ATG	FF954_05670|CP040690_1157102_1157671_+2_ATG_189
CP040690	1165434	TGA	FF954_05710	1165186	249	CDS		GTG	FF954_05710|CP040690_1165186_1165434_+1_GTG_82
CP040690	1168926	TGA	FF954_05735	1168303	624	CDS		TTG	FF954_05735|CP040690_1168303_1168926_+1_TTG_207
CP040690	1169804	TGA	FF954_05740	1168923	882	CDS		GTG	FF954_05740|CP040690_1168923_1169804_+3_GTG_293
CP040690	1171921	TAG	FF954_05750	1170674	1248	CDS		ATG	FF954_05750|CP040690_1170674_1171921_+2_ATG_415
CP040690	1174083	TGA	FF954_05765	1173637	447	CDS		ATG	FF954_05765|CP040690_1173637_1174083_+1_ATG_148
CP040690	1175037	TGA	FF954_05770	1174132	906	CDS		ATG	FF954_05770|CP040690_1174132_1175037_+1_ATG_301
CP040690	1177121	TGA	FF954_05785	1176939	183	CDS		GTG	FF954_05785|CP040690_1176939_1177121_+3_GTG_60
CP040690	1177736	TAG	FF954_05790	1177112	625	CDS	true	ATG	FF954_05790_p|CP040690_1177112_1177736_+2_ATG_208
CP040690	1178155	TGA	FF954_05795	1177817	339	CDS		GTG	FF954_05795|CP040690_1177817_1178155_+2_GTG_112
CP040690	1178493	TGA	FF954_05800	1178179	315	CDS		GTG	FF954_05800|CP040690_1178179_1178493_+1_GTG_104
CP040690	1178624	TGA	FF954_05805	1178430	195	CDS		ATC	FF954_05805|CP040690_1178430_1178624_+3_ATC_64
CP040690	1179643	TAG	FF954_05815	1178879	765	CDS		ATG	FF954_05815|CP040690_1178879_1179643_+2_ATG_254
CP040690	1181828	TAG	FF954_05825	1180647	1182	CDS		ATG	FF954_05825|CP040690_1180647_1181828_+3_ATG_393
CP040690	1183566	TGA	FF954_05830	1181935	1632	CDS	true	ATG	FF954_05830_p|CP040690_1181935_1183566_+1_ATG_543
CP040690	1184706	TAG	FF954_05835	1183642	1065	CDS		GTG	FF954_05835|CP040690_1183642_1184706_+1_GTG_354
CP040690	1185232	TGA	FF954_05840	1184759	474	CDS		ATG	FF954_05840|CP040690_1184759_1185232_+2_ATG_157
CP040690	1186129	TGA	FF954_05845	1185266	864	CDS		ATG	FF954_05845|CP040690_1185266_1186129_+2_ATG_287
CP040690	1186991	TGA	FF954_05850	1186134	858	CDS		GTG	FF954_05850|CP040690_1186134_1186991_+3_GTG_285
CP040690	1189252	TGA	FF954_05865	1188686	567	CDS		GTG	FF954_05865|CP040690_1188686_1189252_+2_GTG_188
CP040690	1189644	TAG	FF954_05870	1189249	396	CDS		ATG	FF954_05870|CP040690_1189249_1189644_+1_ATG_131
CP040690	1196624	TAG	FF954_05895	1195788	837	CDS		GTG	FF954_05895|CP040690_1195788_1196624_+3_GTG_278
CP040690	1197591	TGA	FF954_05900	1196740	852	CDS		ATG	FF954_05900|CP040690_1196740_1197591_+1_ATG_283
CP040690	1201169	TAG	FF954_05915	1200276	894	CDS		GTG	FF954_05915|CP040690_1200276_1201169_+3_GTG_297
CP040690	1202620	TAG	FF954_05920	1201226	1395	CDS		ATG	FF954_05920|CP040690_1201226_1202620_+2_ATG_464
CP040690	1203544	TGA	FF954_05925	1202822	723	CDS		ATG	FF954_05925|CP040690_1202822_1203544_+2_ATG_240
CP040690	1204742	TAA	FF954_05930	1203576	1167	CDS		ATG	FF954_05930|CP040690_1203576_1204742_+3_ATG_388
CP040690	1206895	TGA	FF954_05945	1206029	867	CDS		GTG	FF954_05945|CP040690_1206029_1206895_+2_GTG_288
CP040690	1207158	TAA	FF954_05950	1206892	267	CDS		GTG	FF954_05950|CP040690_1206892_1207158_+1_GTG_88
CP040690	1209166	TAG	FF954_05955	1207145	2022	CDS		ATG	FF954_05955|CP040690_1207145_1209166_+2_ATG_673
CP040690	1210892	TGA	FF954_05965	1210104	789	CDS		GTG	FF954_05965|CP040690_1210104_1210892_+3_GTG_262
CP040690	1213519	TAG	FF954_05975	1211069	2451	CDS		ATG	FF954_05975|CP040690_1211069_1213519_+2_ATG_816
CP040690	1214016	TAA	FF954_05980	1213696	321	CDS		TTG	FF954_05980|CP040690_1213696_1214016_+1_TTG_106
CP040690	1214603	TAG	FF954_05985	1214169	435	CDS		ATG	FF954_05985|CP040690_1214169_1214603_+3_ATG_144
CP040690	1214869	TAA	FF954_05990	1214681	189	CDS		ATG	FF954_05990|CP040690_1214681_1214869_+2_ATG_62
CP040690	1215063	TAG	FF954_05995	1214881	183	CDS		GTG	FF954_05995|CP040690_1214881_1215063_+1_GTG_60
CP040690	1215277	TGA	FF954_06000	1215173	105	CDS		ATG	FF954_06000|CP040690_1215173_1215277_+2_ATG_34
CP040690	1215710	TAA	FF954_06005	1215255	456	CDS		GTG	FF954_06005|CP040690_1215255_1215710_+3_GTG_151
CP040690	1218398	TAG	FF954_06010	1216125	2274	CDS		ATG	FF954_06010|CP040690_1216125_1218398_+3_ATG_757
CP040690	1221222	TGA	FF954_06020	1219942	1281	CDS		ATG	FF954_06020|CP040690_1219942_1221222_+1_ATG_426
CP040690	1222154	TAG	FF954_06025	1221327	828	CDS		ATG	FF954_06025|CP040690_1221327_1222154_+3_ATG_275
CP040690	1223666	TGA	FF954_06030	1222365	1302	CDS		GTG	FF954_06030|CP040690_1222365_1223666_+3_GTG_433
CP040690	1223847	TAG	FF954_06035	1223602	246	CDS		GTG	FF954_06035|CP040690_1223602_1223847_+1_GTG_81
CP040690	1224628	TAA	FF954_06040	1223753	876	CDS		GTG	FF954_06040|CP040690_1223753_1224628_+2_GTG_291
CP040690	1228752	TAG	FF954_06060	1228051	702	CDS		ATG	FF954_06060|CP040690_1228051_1228752_+1_ATG_233
CP040690	1232194	TGA	FF954_06080	1230669	1526	CDS	true	ATG	FF954_06080_p|CP040690_1230669_1232194_+3_ATG_508
CP040690	1236560	TGA	FF954_06105	1235553	1008	CDS		ATG	FF954_06105|CP040690_1235553_1236560_+3_ATG_335
CP040690	1238696	TAG	FF954_06115	1237623	1074	CDS		GTG	FF954_06115|CP040690_1237623_1238696_+3_GTG_357
CP040690	1238981	TGA	FF954_06120	1238784	198	CDS		ATG	FF954_06120|CP040690_1238784_1238981_+3_ATG_65
CP040690	1239352	TGA	FF954_06125	1238978	375	CDS		GTG	FF954_06125|CP040690_1238978_1239352_+2_GTG_124
CP040690	1240253	TAG	FF954_06130	1239555	699	CDS		GTG	FF954_06130|CP040690_1239555_1240253_+3_GTG_232
CP040690	1240556	TGA	FF954_06135	1240371	186	CDS		ATG	FF954_06135|CP040690_1240371_1240556_+3_ATG_61
CP040690	1241324	TAA	FF954_06145	1241001	324	CDS		ATG	FF954_06145|CP040690_1241001_1241324_+3_ATG_107
CP040690	1244475	TGA	FF954_06160	1243075	1401	CDS		TTG	FF954_06160|CP040690_1243075_1244475_+1_TTG_466
CP040690	1245519	TAA	FF954_06165	1244497	1023	CDS		ATG	FF954_06165|CP040690_1244497_1245519_+1_ATG_340
CP040690	1247445	TGA	FF954_06175	1246495	951	CDS		ATG	FF954_06175|CP040690_1246495_1247445_+1_ATG_316
CP040690	1248694	TGA	FF954_06180	1247450	1245	CDS		GTG	FF954_06180|CP040690_1247450_1248694_+2_GTG_414
CP040690	1255503	TGA	FF954_06205	1253923	1581	CDS		GTG	FF954_06205|CP040690_1253923_1255503_+1_GTG_526
CP040690	1256681	TAG	FF954_06210	1255500	1182	CDS		ATG	FF954_06210|CP040690_1255500_1256681_+3_ATG_393
CP040690	1258423	TAG	FF954_06215	1256693	1731	CDS		ATG	FF954_06215|CP040690_1256693_1258423_+2_ATG_576
CP040690	1261526	TAA	FF954_06225	1261290	237	CDS		ATG	FF954_06225|CP040690_1261290_1261526_+3_ATG_78
CP040690	1263924	TGA	FF954_06235	1263682	243	CDS		ATG	FF954_06235|CP040690_1263682_1263924_+1_ATG_80
CP040690	1264315	TAA	FF954_06240	1263921	395	CDS	true	GTG	FF954_06240_p|CP040690_1263921_1264315_+3_GTG_131
CP040690	1264806	TGA	FF954_06245	1264465	342	CDS		GTG	FF954_06245|CP040690_1264465_1264806_+1_GTG_113
CP040690	1267563	TGA	FF954_06265	1266715	849	CDS		ATG	FF954_06265|CP040690_1266715_1267563_+1_ATG_282
CP040690	1270512	TAG	FF954_06280	1269430	1083	CDS		ATG	FF954_06280|CP040690_1269430_1270512_+1_ATG_360
CP040690	1271277	TAA	FF954_06285	1270525	753	CDS		ATG	FF954_06285|CP040690_1270525_1271277_+1_ATG_250
CP040690	1271732	TAA	FF954_06295	1271505	228	CDS		ATG	FF954_06295|CP040690_1271505_1271732_+3_ATG_75
CP040690	1274137	TGA	FF954_06300	1271792	2346	CDS		ATG	FF954_06300|CP040690_1271792_1274137_+2_ATG_781
CP040690	1274920	TAG	FF954_06305	1274270	651	CDS		ATG	FF954_06305|CP040690_1274270_1274920_+2_ATG_216
CP040690	1278191	TAG	FF954_06325	1277264	928	CDS	true	GTG	FF954_06325_p|CP040690_1277264_1278191_+2_GTG_309
CP040690	1279391	TGA	FF954_06335	1279026	366	CDS		GTG	FF954_06335|CP040690_1279026_1279391_+3_GTG_121
CP040690	1281243	TAA	FF954_06350	1280800	444	CDS		ATG	FF954_06350|CP040690_1280800_1281243_+1_ATG_147
CP040690	1281589	TAG	FF954_06355	1281401	189	CDS		ATG	FF954_06355|CP040690_1281401_1281589_+2_ATG_62
CP040690	1282264	TGA	FF954_06360	1281677	588	CDS		GTG	FF954_06360|CP040690_1281677_1282264_+2_GTG_195
CP040690	1282407	TGA	FF954_06365	1282261	147	CDS		GTG	FF954_06365|CP040690_1282261_1282407_+1_GTG_48
CP040690	1285658	TAG	FF954_06380	1284363	1296	CDS		ATG	FF954_06380|CP040690_1284363_1285658_+3_ATG_431
CP040690	1286391	TAG	FF954_06390	1285966	426	CDS		ATG	FF954_06390|CP040690_1285966_1286391_+1_ATG_141
CP040690	1290397	TGA	FF954_06395	1286699	3699	CDS		GTG	FF954_06395|CP040690_1286699_1290397_+2_GTG_1232
CP040690	1292112	TGA	FF954_06400	1290436	1677	CDS		ATG	FF954_06400|CP040690_1290436_1292112_+1_ATG_558
CP040690	1292774	TGA	FF954_06405	1292169	606	CDS		GTG	FF954_06405|CP040690_1292169_1292774_+3_GTG_201
CP040690	1293517	TAG	FF954_06410	1292777	741	CDS		TTG	FF954_06410|CP040690_1292777_1293517_+2_TTG_246
CP040690	1295425	TAG	FF954_06415	1293539	1887	CDS		GTG	FF954_06415|CP040690_1293539_1295425_+2_GTG_628
CP040690	1297430	TAG	FF954_06420	1295523	1908	CDS		ATG	FF954_06420|CP040690_1295523_1297430_+3_ATG_635
CP040690	1300586	TAG	FF954_06440	1299675	912	CDS		ATG	FF954_06440|CP040690_1299675_1300586_+3_ATG_303
CP040690	1301118	TAG	FF954_06445	1300678	441	CDS		GTG	FF954_06445|CP040690_1300678_1301118_+1_GTG_146
CP040690	1304872	TAG	FF954_06455	1302302	2571	CDS		GTG	FF954_06455|CP040690_1302302_1304872_+2_GTG_856
CP040690	1308702	TGA	FF954_06475	1308376	327	CDS		GTG	FF954_06475|CP040690_1308376_1308702_+1_GTG_108
CP040690	1309823	TAG	FF954_06480	1308735	1089	CDS		GTG	FF954_06480|CP040690_1308735_1309823_+3_GTG_362
CP040690	1319354	TGA	FF954_06490	1313097	6258	CDS		GTG	FF954_06490|CP040690_1313097_1319354_+3_GTG_2085
CP040690	1320825	TGA	FF954_06495	1319407	1419	CDS		ATG	FF954_06495|CP040690_1319407_1320825_+1_ATG_472
CP040690	1323900	TAG	FF954_06500	1320892	3009	CDS		GTG	FF954_06500|CP040690_1320892_1323900_+1_GTG_1002
CP040690	1330393	TGA	FF954_06520	1328762	1632	CDS		ATG	FF954_06520|CP040690_1328762_1330393_+2_ATG_543
CP040690	1331382	TGA	FF954_06525	1330393	990	CDS		ATG	FF954_06525|CP040690_1330393_1331382_+1_ATG_329
CP040690	1332336	TAG	FF954_06530	1331464	873	CDS		ATG	FF954_06530|CP040690_1331464_1332336_+1_ATG_290
CP040690	1333230	TGA	FF954_06535	1332352	879	CDS		ATG	FF954_06535|CP040690_1332352_1333230_+1_ATG_292
CP040690	1334217	TGA	FF954_06540	1333303	915	CDS		ATG	FF954_06540|CP040690_1333303_1334217_+1_ATG_304
CP040690	1335126	TGA	FF954_06545	1334299	828	CDS		ATG	FF954_06545|CP040690_1334299_1335126_+1_ATG_275
CP040690	1336587	TGA	FF954_06550	1335166	1422	CDS		GTG	FF954_06550|CP040690_1335166_1336587_+1_GTG_473
CP040690	1338674	TAA	FF954_06565	1338375	300	CDS		GTG	FF954_06565|CP040690_1338375_1338674_+3_GTG_99
CP040690	1339896	TAG	FF954_06570	1338721	1176	CDS		ATG	FF954_06570|CP040690_1338721_1339896_+1_ATG_391
CP040690	1340327	TAA	FF954_06575	1340031	297	CDS		ATG	FF954_06575|CP040690_1340031_1340327_+3_ATG_98
CP040690	1340662	TGA	FF954_06580	1340378	285	CDS		ATG	FF954_06580|CP040690_1340378_1340662_+2_ATG_94
CP040690	1342105	TGA	FF954_06590	1341977	129	CDS		TTG	FF954_06590|CP040690_1341977_1342105_+2_TTG_42
CP040690	1343591	TAG	FF954_06595	1342314	1278	CDS		ATG	FF954_06595|CP040690_1342314_1343591_+3_ATG_425
CP040690	1345696	TAG	FF954_06605	1344632	1065	CDS		GTG	FF954_06605|CP040690_1344632_1345696_+2_GTG_354
CP040690	1348651	TGA	FF954_06620	1348088	564	CDS		ATG	FF954_06620|CP040690_1348088_1348651_+2_ATG_187
CP040690	1350494	TAG	FF954_06625	1348701	1794	CDS		GTG	FF954_06625|CP040690_1348701_1350494_+3_GTG_597
CP040690	1351516	TGA	FF954_06630	1350560	957	CDS		GTG	FF954_06630|CP040690_1350560_1351516_+2_GTG_318
CP040690	1352487	TGA	FF954_06635	1351513	975	CDS		ATG	FF954_06635|CP040690_1351513_1352487_+1_ATG_324
CP040690	1352894	TGA	FF954_06640	1352526	369	CDS		GTG	FF954_06640|CP040690_1352526_1352894_+3_GTG_122
CP040690	1353505	TGA	FF954_06645	1352891	615	CDS		GTG	FF954_06645|CP040690_1352891_1353505_+2_GTG_204
CP040690	1353839	TAA	FF954_06650	1353612	228	CDS		ATG	FF954_06650|CP040690_1353612_1353839_+3_ATG_75
CP040690	1356419	TAG	FF954_06660	1355205	1215	CDS		ATG	FF954_06660|CP040690_1355205_1356419_+3_ATG_404
CP040690	1364555	TGA	FF954_06700	1363782	774	CDS		ATG	FF954_06700|CP040690_1363782_1364555_+3_ATG_257
CP040690	1364713	TGA	FF954_06705	1364525	189	CDS		GTG	FF954_06705|CP040690_1364525_1364713_+2_GTG_62
CP040690	1365177	TAG	FF954_06710	1364713	465	CDS		ATG	FF954_06710|CP040690_1364713_1365177_+1_ATG_154
CP040690	1366832	TAG	FF954_06715	1365246	1587	CDS		GTG	FF954_06715|CP040690_1365246_1366832_+3_GTG_528
CP040690	1367229	TAG	FF954_06720	1366834	396	CDS		GTG	FF954_06720|CP040690_1366834_1367229_+1_GTG_131
CP040690	1370848	TGA	FF954_06740	1370291	558	CDS		ATG	FF954_06740|CP040690_1370291_1370848_+2_ATG_185
CP040690	1371073	TAG	FF954_06745	1370900	174	CDS		TTG	FF954_06745|CP040690_1370900_1371073_+2_TTG_57
CP040690	1376874	TGA	FF954_06775	1376347	528	CDS		ATG	FF954_06775|CP040690_1376347_1376874_+1_ATG_175
CP040690	1378301	TGA	FF954_06780	1376895	1407	CDS		GTG	FF954_06780|CP040690_1376895_1378301_+3_GTG_468
CP040690	1379221	TGA	FF954_06785	1378298	924	CDS		GTG	FF954_06785|CP040690_1378298_1379221_+2_GTG_307
CP040690	1380050	TAG	FF954_06790	1379226	825	CDS		GTG	FF954_06790|CP040690_1379226_1380050_+3_GTG_274
CP040690	1381236	TAA	FF954_06795	1380055	1182	CDS		ATG	FF954_06795|CP040690_1380055_1381236_+1_ATG_393
CP040690	1383573	TGA	FF954_06805	1382584	990	CDS		GTG	FF954_06805|CP040690_1382584_1383573_+1_GTG_329
CP040690	1383909	TGA	FF954_06810	1383649	261	CDS		ATG	FF954_06810|CP040690_1383649_1383909_+1_ATG_86
CP040690	1384337	TAA	FF954_06815	1383906	432	CDS		GTG	FF954_06815|CP040690_1383906_1384337_+3_GTG_143
CP040690	1387088	TGA	FF954_06830	1386228	861	CDS		GTG	FF954_06830|CP040690_1386228_1387088_+3_GTG_286
CP040690	1395289	TAA	FF954_06860	1393550	1740	CDS		ATG	FF954_06860|CP040690_1393550_1395289_+2_ATG_579
CP040690	1401032	TGA	FF954_06875	1399341	1692	CDS		ATG	FF954_06875|CP040690_1399341_1401032_+3_ATG_563
CP040690	1402180	TAG	FF954_06880	1401029	1152	CDS		ATG	FF954_06880|CP040690_1401029_1402180_+2_ATG_383
CP040690	1407609	TGA	FF954_06905	1406710	900	CDS		ATG	FF954_06905|CP040690_1406710_1407609_+1_ATG_299
CP040690	1408561	TGA	FF954_06910	1407578	984	CDS		GTG	FF954_06910|CP040690_1407578_1408561_+2_GTG_327
CP040690	1408718	TGA	FF954_06915	1408425	294	CDS		ATG	FF954_06915|CP040690_1408425_1408718_+3_ATG_97
CP040690	1411179	TGA	FF954_06930	1409791	1389	CDS		GTG	FF954_06930|CP040690_1409791_1411179_+1_GTG_462
CP040690	1412447	TAG	FF954_06935	1411254	1194	CDS		GTG	FF954_06935|CP040690_1411254_1412447_+3_GTG_397
CP040690	1413300	TAA	FF954_06940	1412620	681	CDS		ATG	FF954_06940|CP040690_1412620_1413300_+1_ATG_226
CP040690	1428495	TGA	FF954_07000	1427938	558	CDS		GTG	FF954_07000|CP040690_1427938_1428495_+1_GTG_185
CP040690	1429034	TAG	FF954_07005	1428492	543	CDS		ATG	FF954_07005|CP040690_1428492_1429034_+3_ATG_180
CP040690	1429253	TAG	FF954_07010	1429074	180	CDS		TTG	FF954_07010|CP040690_1429074_1429253_+3_TTG_59
CP040690	1431158	TGA	FF954_07020	1429905	1254	CDS		GTG	FF954_07020|CP040690_1429905_1431158_+3_GTG_417
CP040690	1433782	TGA	FF954_07025	1431155	2628	CDS		GTG	FF954_07025|CP040690_1431155_1433782_+2_GTG_875
CP040690	1435389	TGA	FF954_07030	1433803	1587	CDS		ATG	FF954_07030|CP040690_1433803_1435389_+1_ATG_528
CP040690	1441556	TAG	FF954_07055	1441065	492	CDS		GTG	FF954_07055|CP040690_1441065_1441556_+3_GTG_163
CP040690	1442648	TGA	FF954_07060	1441650	999	CDS		ATG	FF954_07060|CP040690_1441650_1442648_+3_ATG_332
CP040690	1444492	TAG	FF954_07065	1442648	1845	CDS		ATG	FF954_07065|CP040690_1442648_1444492_+2_ATG_614
CP040690	1445031	TAG	FF954_07070	1444546	486	CDS		ATG	FF954_07070|CP040690_1444546_1445031_+1_ATG_161
CP040690	1446459	TAG	FF954_07075	1445089	1371	CDS		ATG	FF954_07075|CP040690_1445089_1446459_+1_ATG_456
CP040690	1447140	TAA	FF954_07080	1446508	633	CDS		ATG	FF954_07080|CP040690_1446508_1447140_+1_ATG_210
CP040690	1449169	TGA	FF954_07090	1448855	315	CDS		GTG	FF954_07090|CP040690_1448855_1449169_+2_GTG_104
CP040690	1451828	TGA	FF954_07105	1450176	1653	CDS		GTG	FF954_07105|CP040690_1450176_1451828_+3_GTG_550
CP040690	1453168	TGA	FF954_07110	1451825	1344	CDS		GTG	FF954_07110|CP040690_1451825_1453168_+2_GTG_447
CP040690	1454497	TGA	FF954_07115	1453172	1326	CDS		GTG	FF954_07115|CP040690_1453172_1454497_+2_GTG_441
CP040690	1455576	TAG	FF954_07120	1454494	1083	CDS		ATG	FF954_07120|CP040690_1454494_1455576_+1_ATG_360
CP040690	1455800	TGA	FF954_07125	1455576	225	CDS		GTG	FF954_07125|CP040690_1455576_1455800_+3_GTG_74
CP040690	1456744	TAA	FF954_07130	1455794	951	CDS		ATG	FF954_07130|CP040690_1455794_1456744_+2_ATG_316
CP040690	1457004	TGA	FF954_07135	1456897	108	CDS		ATG	FF954_07135|CP040690_1456897_1457004_+1_ATG_35
CP040690	1458809	TGA	FF954_07140	1457001	1809	CDS		GTG	FF954_07140|CP040690_1457001_1458809_+3_GTG_602
CP040690	1459202	TAG	FF954_07150	1458960	243	CDS		ATG	FF954_07150|CP040690_1458960_1459202_+3_ATG_80
CP040690	1460365	TGA	FF954_07155	1459292	1074	CDS		ATG	FF954_07155|CP040690_1459292_1460365_+2_ATG_357
CP040690	1461339	TGA	FF954_07160	1460362	978	CDS		ATG	FF954_07160|CP040690_1460362_1461339_+1_ATG_325
CP040690	1462008	TAG	FF954_07165	1461355	654	CDS		TTG	FF954_07165|CP040690_1461355_1462008_+1_TTG_217
CP040690	1463306	TAG	FF954_07170	1462092	1215	CDS		GTG	FF954_07170|CP040690_1462092_1463306_+3_GTG_404
CP040690	1464048	TGA	FF954_07175	1463563	486	CDS		GTG	FF954_07175|CP040690_1463563_1464048_+1_GTG_161
CP040690	1464793	TAG	FF954_07180	1464041	753	CDS		ATG	FF954_07180|CP040690_1464041_1464793_+2_ATG_250
CP040690	1465087	TAA	FF954_07185	1464842	246	CDS		ATG	FF954_07185|CP040690_1464842_1465087_+2_ATG_81
CP040690	1465633	TAA	FF954_07190	1465118	516	CDS		ATG	FF954_07190|CP040690_1465118_1465633_+2_ATG_171
CP040690	1466980	TGA	FF954_07195	1465640	1341	CDS		ATG	FF954_07195|CP040690_1465640_1466980_+2_ATG_446
CP040690	1468674	TAG	FF954_07200	1467025	1650	CDS		ATG	FF954_07200|CP040690_1467025_1468674_+1_ATG_549
CP040690	1469598	TAG	FF954_07205	1468681	918	CDS		ATG	FF954_07205|CP040690_1468681_1469598_+1_ATG_305
CP040690	1471098	TGA	FF954_07210	1469638	1461	CDS		ATG	FF954_07210|CP040690_1469638_1471098_+1_ATG_486
CP040690	1471477	TAA	FF954_07215	1471112	366	CDS		ATG	FF954_07215|CP040690_1471112_1471477_+2_ATG_121
CP040690	1471928	TGA	FF954_07220	1471485	444	CDS		ATG	FF954_07220|CP040690_1471485_1471928_+3_ATG_147
CP040690	1475363	TAG	FF954_07235	1474107	1257	CDS		GTG	FF954_07235|CP040690_1474107_1475363_+3_GTG_418
CP040690	1488745	TGA	FF954_07280	1488074	672	CDS		GTG	FF954_07280|CP040690_1488074_1488745_+2_GTG_223
CP040690	1489064	TAG	FF954_07285	1488768	297	CDS		ATG	FF954_07285|CP040690_1488768_1489064_+3_ATG_98
CP040690	1490817	TAG	FF954_07295	1489636	1182	CDS		ATA	FF954_07295|CP040690_1489636_1490817_+1_ATA_393
CP040690	1491861	TGA	FF954_07300	1490947	915	CDS		GTG	FF954_07300|CP040690_1490947_1491861_+1_GTG_304
CP040690	1500941	TGA	FF954_07320	1498350	2592	CDS		GTG	FF954_07320|CP040690_1498350_1500941_+3_GTG_863
CP040690	1504752	TGA	FF954_07335	1504447	306	CDS		ATG	FF954_07335|CP040690_1504447_1504752_+1_ATG_101
CP040690	1505368	TGA	FF954_07340	1504712	657	CDS		ATG	FF954_07340|CP040690_1504712_1505368_+2_ATG_218
CP040690	1506419	TGA	FF954_07345	1505385	1035	CDS		ATG	FF954_07345|CP040690_1505385_1506419_+3_ATG_344
CP040690	1506867	TGA	FF954_07350	1506427	441	CDS		GTG	FF954_07350|CP040690_1506427_1506867_+1_GTG_146
CP040690	1507170	TGA	FF954_07355	1506889	282	CDS		ATG	FF954_07355|CP040690_1506889_1507170_+1_ATG_93
CP040690	1508151	TGA	FF954_07360	1507180	972	CDS		ATG	FF954_07360|CP040690_1507180_1508151_+1_ATG_323
CP040690	1508864	TGA	FF954_07365	1508142	723	CDS		ATG	FF954_07365|CP040690_1508142_1508864_+3_ATG_240
CP040690	1509676	TAG	FF954_07370	1508861	816	CDS		ATG	FF954_07370|CP040690_1508861_1509676_+2_ATG_271
CP040690	1510524	TAG	FF954_07375	1509703	822	CDS		ATG	FF954_07375|CP040690_1509703_1510524_+1_ATG_273
CP040690	1511320	TGA	FF954_07380	1510541	780	CDS		GTG	FF954_07380|CP040690_1510541_1511320_+2_GTG_259
CP040690	1511973	TAA	FF954_07385	1511359	615	CDS		GTG	FF954_07385|CP040690_1511359_1511973_+1_GTG_204
CP040690	1513074	TGA	FF954_07400	1512754	321	CDS		ATG	FF954_07400|CP040690_1512754_1513074_+1_ATG_106
CP040690	1514632	TGA	FF954_07405	1513067	1566	CDS		ATG	FF954_07405|CP040690_1513067_1514632_+2_ATG_521
CP040690	1515792	TAG	FF954_07410	1514632	1161	CDS		ATG	FF954_07410|CP040690_1514632_1515792_+1_ATG_386
CP040690	1519412	TGA	FF954_07425	1516833	2580	CDS		ATG	FF954_07425|CP040690_1516833_1519412_+3_ATG_859
CP040690	1521148	TAA	FF954_07430	1519409	1740	CDS		ATG	FF954_07430|CP040690_1519409_1521148_+2_ATG_579
CP040690	1522020	TGA	FF954_07440	1521277	744	CDS		ATG	FF954_07440|CP040690_1521277_1522020_+1_ATG_247
CP040690	1522346	TGA	FF954_07445	1522017	330	CDS		ATG	FF954_07445|CP040690_1522017_1522346_+3_ATG_109
CP040690	1522920	TAG	FF954_07455	1522549	372	CDS		ATG	FF954_07455|CP040690_1522549_1522920_+1_ATG_123
CP040690	1533877	TAG	FF954_07485	1530398	3480	CDS		ATG	FF954_07485|CP040690_1530398_1533877_+2_ATG_1159
CP040690	1534711	TGA	FF954_07490	1533959	753	CDS		ATG	FF954_07490|CP040690_1533959_1534711_+2_ATG_250
CP040690	1536156	TGA	FF954_07500	1535134	1023	CDS		ATG	FF954_07500|CP040690_1535134_1536156_+1_ATG_340
CP040690	1542997	TGA	FF954_07530	1542176	822	CDS		GTG	FF954_07530|CP040690_1542176_1542997_+2_GTG_273
CP040690	1543226	TAG	FF954_07535	1542966	261	CDS		ATG	FF954_07535|CP040690_1542966_1543226_+3_ATG_86
CP040690	1545591	TAA	FF954_07545	1544806	786	CDS		ATG	FF954_07545|CP040690_1544806_1545591_+1_ATG_261
CP040690	1547256	TGA	FF954_07550	1545787	1470	CDS		GTG	FF954_07550|CP040690_1545787_1547256_+1_GTG_489
CP040690	1548434	TGA	FF954_07555	1547253	1182	CDS		ATG	FF954_07555|CP040690_1547253_1548434_+3_ATG_393
CP040690	1549420	TGA	FF954_07560	1548440	981	CDS		ATG	FF954_07560|CP040690_1548440_1549420_+2_ATG_326
CP040690	1551579	TGA	FF954_07570	1550260	1320	CDS		ATG	FF954_07570|CP040690_1550260_1551579_+1_ATG_439
CP040690	1553069	TAA	FF954_07575	1551576	1494	CDS		ATG	FF954_07575|CP040690_1551576_1553069_+3_ATG_497
CP040690	1555663	TGA	FF954_07590	1555082	582	CDS		ATG	FF954_07590|CP040690_1555082_1555663_+2_ATG_193
CP040690	1556619	TGA	FF954_07595	1555660	960	CDS		ATG	FF954_07595|CP040690_1555660_1556619_+1_ATG_319
CP040690	1557908	TGA	FF954_07600	1556616	1293	CDS		GTG	FF954_07600|CP040690_1556616_1557908_+3_GTG_430
CP040690	1558402	TGA	FF954_07605	1557905	498	CDS		ATG	FF954_07605|CP040690_1557905_1558402_+2_ATG_165
CP040690	1559529	TAG	FF954_07610	1558399	1131	CDS		TTG	FF954_07610|CP040690_1558399_1559529_+1_TTG_376
CP040690	1562876	TGA	FF954_07615	1559529	3348	CDS		GTG	FF954_07615|CP040690_1559529_1562876_+3_GTG_1115
CP040690	1563697	TAG	FF954_07620	1562873	825	CDS		GTG	FF954_07620|CP040690_1562873_1563697_+2_GTG_274
CP040690	1564200	TGA	FF954_07625	1563892	309	CDS		GTG	FF954_07625|CP040690_1563892_1564200_+1_GTG_102
CP040690	1565816	TGA	FF954_07630	1564197	1620	CDS		ATG	FF954_07630|CP040690_1564197_1565816_+3_ATG_539
CP040690	1566694	TAA	FF954_07640	1566377	318	CDS		GTG	FF954_07640|CP040690_1566377_1566694_+2_GTG_105
CP040690	1567455	TGA	FF954_07645	1566829	627	CDS		GTG	FF954_07645|CP040690_1566829_1567455_+1_GTG_208
CP040690	1567853	TAG	FF954_07650	1567521	333	CDS		GTG	FF954_07650|CP040690_1567521_1567853_+3_GTG_110
CP040690	1569125	TAA	FF954_07655	1567869	1257	CDS		GTG	FF954_07655|CP040690_1567869_1569125_+3_GTG_418
CP040690	1570464	TAG	FF954_07660	1569253	1212	CDS		GTG	FF954_07660|CP040690_1569253_1570464_+1_GTG_403
CP040690	1574509	TAG	FF954_07675	1573475	1035	CDS		GTG	FF954_07675|CP040690_1573475_1574509_+2_GTG_344
CP040690	1579960	TAG	FF954_07705	1579358	603	CDS		ATG	FF954_07705|CP040690_1579358_1579960_+2_ATG_200
CP040690	1582008	TAA	FF954_07710	1580041	1968	CDS		ATG	FF954_07710|CP040690_1580041_1582008_+1_ATG_655
CP040690	1583501	TAG	FF954_07720	1583019	483	CDS		ATG	FF954_07720|CP040690_1583019_1583501_+3_ATG_160
CP040690	1585532	TGA	FF954_07730	1584594	939	CDS		GTG	FF954_07730|CP040690_1584594_1585532_+3_GTG_312
CP040690	1586902	TGA	FF954_07735	1585529	1374	CDS		ATG	FF954_07735|CP040690_1585529_1586902_+2_ATG_457
CP040690	1587625	TGA	FF954_07740	1586927	699	CDS		GTG	FF954_07740|CP040690_1586927_1587625_+2_GTG_232
CP040690	1588641	TAG	FF954_07745	1587622	1020	CDS		ATG	FF954_07745|CP040690_1587622_1588641_+1_ATG_339
CP040690	1591600	TGA	FF954_07760	1590995	606	CDS		ATG	FF954_07760|CP040690_1590995_1591600_+2_ATG_201
CP040690	1592329	TGA	FF954_07765	1591808	522	CDS		CTG	FF954_07765|CP040690_1591808_1592329_+2_CTG_173
CP040690	1592720	TGA	FF954_07770	1592319	402	CDS		GTG	FF954_07770|CP040690_1592319_1592720_+3_GTG_133
CP040690	1594102	TGA	FF954_07775	1592825	1278	CDS		ATG	FF954_07775|CP040690_1592825_1594102_+2_ATG_425
CP040690	1594581	TGA	FF954_07780	1594099	483	CDS		GTG	FF954_07780|CP040690_1594099_1594581_+1_GTG_160
CP040690	1595042	TGA	FF954_07785	1594578	465	CDS		GTG	FF954_07785|CP040690_1594578_1595042_+3_GTG_154
CP040690	1595753	TAA	FF954_07790	1595067	687	CDS		ATG	FF954_07790|CP040690_1595067_1595753_+3_ATG_228
CP040690	1596406	TAA	FF954_07795	1595933	474	CDS		ATG	FF954_07795|CP040690_1595933_1596406_+2_ATG_157
CP040690	1598410	TGA	FF954_07800	1596470	1941	CDS		GTG	FF954_07800|CP040690_1596470_1598410_+2_GTG_646
CP040690	1599312	TGA	FF954_07805	1598407	906	CDS		ATG	FF954_07805|CP040690_1598407_1599312_+1_ATG_301
CP040690	1600337	TGA	FF954_07810	1599309	1029	CDS		ATG	FF954_07810|CP040690_1599309_1600337_+3_ATG_342
CP040690	1601311	TAG	FF954_07815	1600334	978	CDS		ATG	FF954_07815|CP040690_1600334_1601311_+2_ATG_325
CP040690	1603465	TAG	FF954_07825	1602086	1380	CDS		ATG	FF954_07825|CP040690_1602086_1603465_+2_ATG_459
CP040690	1608574	TAG	FF954_07845	1607306	1269	CDS		GTG	FF954_07845|CP040690_1607306_1608574_+2_GTG_422
CP040690	1610400	TAG	FF954_07850	1608814	1587	CDS		ATG	FF954_07850|CP040690_1608814_1610400_+1_ATG_528
CP040690	1612280	TGA	FF954_07855	1610511	1770	CDS		ATG	FF954_07855|CP040690_1610511_1612280_+3_ATG_589
CP040690	1613698	TGA	FF954_07860	1612277	1422	CDS		ATG	FF954_07860|CP040690_1612277_1613698_+2_ATG_473
CP040690	1614677	TAG	FF954_07865	1613862	816	CDS		ATG	FF954_07865|CP040690_1613862_1614677_+3_ATG_271
CP040690	1614821	TGA	FF954_07870	1614684	138	CDS		ATG	FF954_07870|CP040690_1614684_1614821_+3_ATG_45
CP040690	1615592	TAG	FF954_07880	1615377	216	CDS		TTG	FF954_07880|CP040690_1615377_1615592_+3_TTG_71
CP040690	1616775	TAG	FF954_07885	1615756	1020	CDS		GTG	FF954_07885|CP040690_1615756_1616775_+1_GTG_339
CP040690	1618016	TGA	FF954_07890	1616778	1239	CDS		ATG	FF954_07890|CP040690_1616778_1618016_+3_ATG_412
CP040690	1618798	TAG	FF954_07895	1618013	786	CDS		GTG	FF954_07895|CP040690_1618013_1618798_+2_GTG_261
CP040690	1620519	TAG	FF954_07915	1620286	234	CDS		ATG	FF954_07915|CP040690_1620286_1620519_+1_ATG_77
CP040690	1624567	TAG	FF954_07925	1622267	2301	CDS		ATG	FF954_07925|CP040690_1622267_1624567_+2_ATG_766
CP040690	1625483	TGA	FF954_07935	1625244	240	CDS		ATG	FF954_07935|CP040690_1625244_1625483_+3_ATG_79
CP040690	1638665	TGA	FF954_07985	1637739	927	CDS		GTG	FF954_07985|CP040690_1637739_1638665_+3_GTG_308
CP040690	1642495	TAG	FF954_07995	1641230	1266	CDS		GTG	FF954_07995|CP040690_1641230_1642495_+2_GTG_421
CP040690	1644392	TAG	FF954_08005	1643529	864	CDS		ATG	FF954_08005|CP040690_1643529_1644392_+3_ATG_287
CP040690	1649841	TGA	FF954_08030	1649035	807	CDS		GTG	FF954_08030|CP040690_1649035_1649841_+1_GTG_268
CP040690	1652378	TGA	FF954_08035	1649838	2541	CDS		ATG	FF954_08035|CP040690_1649838_1652378_+3_ATG_846
CP040690	1653568	TGA	FF954_08040	1652375	1194	CDS		ATG	FF954_08040|CP040690_1652375_1653568_+2_ATG_397
CP040690	1654365	TGA	FF954_08045	1653565	801	CDS		ATG	FF954_08045|CP040690_1653565_1654365_+1_ATG_266
CP040690	1655620	TGA	FF954_08050	1654367	1254	CDS		ATG	FF954_08050|CP040690_1654367_1655620_+2_ATG_417
CP040690	1656105	TGA	FF954_08055	1655617	489	CDS		GTG	FF954_08055|CP040690_1655617_1656105_+1_GTG_162
CP040690	1656427	TGA	FF954_08060	1656080	348	CDS		ATG	FF954_08060|CP040690_1656080_1656427_+2_ATG_115
CP040690	1661785	TAG	FF954_08075	1659812	1974	CDS		ATG	FF954_08075|CP040690_1659812_1661785_+2_ATG_657
CP040690	1662203	TGA	FF954_08080	1661829	375	CDS		GTG	FF954_08080|CP040690_1661829_1662203_+3_GTG_124
CP040690	1662590	TGA	FF954_08085	1662219	372	CDS		GTG	FF954_08085|CP040690_1662219_1662590_+3_GTG_123
CP040690	1663469	TAA	FF954_08090	1662612	858	CDS		GTG	FF954_08090|CP040690_1662612_1663469_+3_GTG_285
CP040690	1665133	TGA	FF954_08095	1663505	1629	CDS		GTG	FF954_08095|CP040690_1663505_1665133_+2_GTG_542
CP040690	1665421	TGA	FF954_08100	1665230	192	CDS	true	ATG	FF954_08100_p|CP040690_1665230_1665421_+2_ATG_63
CP040690	1669613	TAG	FF954_08115	1669053	561	CDS		ATG	FF954_08115|CP040690_1669053_1669613_+3_ATG_186
CP040690	1671257	TAG	FF954_08120	1669839	1419	CDS		ATG	FF954_08120|CP040690_1669839_1671257_+3_ATG_472
CP040690	1671993	TGA	FF954_08125	1671268	726	CDS		ATG	FF954_08125|CP040690_1671268_1671993_+1_ATG_241
CP040690	1673265	TGA	FF954_08130	1672132	1134	CDS		ATG	FF954_08130|CP040690_1672132_1673265_+1_ATG_377
CP040690	1674215	TGA	FF954_08135	1673262	954	CDS		GTG	FF954_08135|CP040690_1673262_1674215_+3_GTG_317
CP040690	1675233	TAG	FF954_08140	1674226	1008	CDS		ATG	FF954_08140|CP040690_1674226_1675233_+1_ATG_335
CP040690	1677032	TGA	FF954_08150	1676289	744	CDS		GTG	FF954_08150|CP040690_1676289_1677032_+3_GTG_247
CP040690	1677860	TAG	FF954_08155	1677051	810	CDS		ATG	FF954_08155|CP040690_1677051_1677860_+3_ATG_269
CP040690	1678900	TGA	FF954_08160	1677866	1035	CDS		ATG	FF954_08160|CP040690_1677866_1678900_+2_ATG_344
CP040690	1680224	TAG	FF954_08170	1679790	435	CDS		ATG	FF954_08170|CP040690_1679790_1680224_+3_ATG_144
CP040690	1681391	TAG	FF954_08175	1680246	1146	CDS		GTG	FF954_08175|CP040690_1680246_1681391_+3_GTG_381
CP040690	1681757	TAA	FF954_08180	1681401	357	CDS		ATG	FF954_08180|CP040690_1681401_1681757_+3_ATG_118
CP040690	1682021	TGA	FF954_08185	1681791	231	CDS		GTG	FF954_08185|CP040690_1681791_1682021_+3_GTG_76
CP040690	1683478	TGA	FF954_08190	1682171	1308	CDS		GTG	FF954_08190|CP040690_1682171_1683478_+2_GTG_435
CP040690	1683839	TAG	FF954_08195	1683576	264	CDS		TTG	FF954_08195|CP040690_1683576_1683839_+3_TTG_87
CP040690	1686853	TAG	FF954_08205	1685006	1848	CDS		GTG	FF954_08205|CP040690_1685006_1686853_+2_GTG_615
CP040690	1689106	TAG	FF954_08210	1686854	2253	CDS		ATG	FF954_08210|CP040690_1686854_1689106_+2_ATG_750
CP040690	1689422	TGA	FF954_08215	1689120	303	CDS		GTG	FF954_08215|CP040690_1689120_1689422_+3_GTG_100
CP040690	1689736	TGA	FF954_08220	1689419	318	CDS		GTG	FF954_08220|CP040690_1689419_1689736_+2_GTG_105
CP040690	1690737	TAA	FF954_08225	1689733	1005	CDS		ATG	FF954_08225|CP040690_1689733_1690737_+1_ATG_334
CP040690	1692079	TAA	FF954_08230	1690790	1290	CDS		GTG	FF954_08230|CP040690_1690790_1692079_+2_GTG_429
CP040690	1693654	TGA	FF954_08245	1693256	399	CDS		GTG	FF954_08245|CP040690_1693256_1693654_+2_GTG_132
CP040690	1694727	TGA	FF954_08250	1693699	1029	CDS		ATG	FF954_08250|CP040690_1693699_1694727_+1_ATG_342
CP040690	1695560	TAG	FF954_08255	1694739	822	CDS		ATG	FF954_08255|CP040690_1694739_1695560_+3_ATG_273
CP040690	1696672	TGA	FF954_08260	1695773	900	CDS		ATG	FF954_08260|CP040690_1695773_1696672_+2_ATG_299
CP040690	1700712	TGA	FF954_08285	1700209	504	CDS		ATG	FF954_08285|CP040690_1700209_1700712_+1_ATG_167
CP040690	1703081	TAA	FF954_08295	1702719	363	CDS		GTG	FF954_08295|CP040690_1702719_1703081_+3_GTG_120
CP040690	1703950	TAA	FF954_08300	1703065	886	CDS	true	GTG	FF954_08300_p|CP040690_1703065_1703950_+1_GTG_295
CP040690	1705450	TGA	FF954_08305	1704152	1299	CDS		ATG	FF954_08305|CP040690_1704152_1705450_+2_ATG_432
CP040690	1706953	TGA	FF954_08315	1705931	1023	CDS		GTG	FF954_08315|CP040690_1705931_1706953_+2_GTG_340
CP040690	1707918	TGA	FF954_08320	1706950	969	CDS		ATG	FF954_08320|CP040690_1706950_1707918_+1_ATG_322
CP040690	1708646	TGA	FF954_08325	1707915	732	CDS		ATG	FF954_08325|CP040690_1707915_1708646_+3_ATG_243
CP040690	1712492	TGA	FF954_08345	1711728	765	CDS		ATG	FF954_08345|CP040690_1711728_1712492_+3_ATG_254
CP040690	1713460	TAG	FF954_08350	1712501	960	CDS		GTG	FF954_08350|CP040690_1712501_1713460_+2_GTG_319
CP040690	1713859	TGA	FF954_08355	1713590	270	CDS		TTG	FF954_08355|CP040690_1713590_1713859_+2_TTG_89
CP040690	1714925	TAG	FF954_08360	1713885	1041	CDS		GTG	FF954_08360|CP040690_1713885_1714925_+3_GTG_346
CP040690	1716910	TAG	FF954_08370	1715159	1752	CDS		ATG	FF954_08370|CP040690_1715159_1716910_+2_ATG_583
CP040690	1721553	TGA	FF954_08380	1720510	1044	CDS		ATG	FF954_08380|CP040690_1720510_1721553_+1_ATG_347
CP040690	1721861	TAG	FF954_08385	1721583	279	CDS		ATG	FF954_08385|CP040690_1721583_1721861_+3_ATG_92
CP040690	1731809	TGA	FF954_08405	1730055	1755	CDS		GTG	FF954_08405|CP040690_1730055_1731809_+3_GTG_584
CP040690	1733029	TGA	FF954_08410	1731926	1104	CDS		ATG	FF954_08410|CP040690_1731926_1733029_+2_ATG_367
CP040690	1733592	TGA	FF954_08415	1733026	567	CDS		ATG	FF954_08415|CP040690_1733026_1733592_+1_ATG_188
CP040690	1735290	TGA	FF954_08425	1734163	1128	CDS		ATG	FF954_08425|CP040690_1734163_1735290_+1_ATG_375
CP040690	1735964	TGA	FF954_08430	1735287	678	CDS		GTG	FF954_08430|CP040690_1735287_1735964_+3_GTG_225
CP040690	1736765	TAG	FF954_08435	1736529	237	CDS		ATG	FF954_08435|CP040690_1736529_1736765_+3_ATG_78
CP040690	1740197	TGA	FF954_08440	1737072	3126	CDS		GTG	FF954_08440|CP040690_1737072_1740197_+3_GTG_1041
CP040690	1741800	TGA	FF954_08445	1740409	1392	CDS		GTG	FF954_08445|CP040690_1740409_1741800_+1_GTG_463
CP040690	1743405	TGA	FF954_08455	1742797	609	CDS		GTG	FF954_08455|CP040690_1742797_1743405_+1_GTG_202
CP040690	1744324	TGA	FF954_08460	1743398	927	CDS		ATG	FF954_08460|CP040690_1743398_1744324_+2_ATG_308
CP040690	1746642	TGA	FF954_08475	1745617	1026	CDS		ATG	FF954_08475|CP040690_1745617_1746642_+1_ATG_341
CP040690	1747450	TGA	FF954_08480	1746647	804	CDS		ATG	FF954_08480|CP040690_1746647_1747450_+2_ATG_267
CP040690	1747699	TAG	FF954_08485	1747472	228	CDS		GTG	FF954_08485|CP040690_1747472_1747699_+2_GTG_75
CP040690	1748179	TAG	FF954_08490	1747748	432	CDS		ATG	FF954_08490|CP040690_1747748_1748179_+2_ATG_143
CP040690	1751801	TAG	FF954_08495	1748247	3555	CDS		ATG	FF954_08495|CP040690_1748247_1751801_+3_ATG_1184
CP040690	1755986	TGA	FF954_08505	1754043	1944	CDS		ATG	FF954_08505|CP040690_1754043_1755986_+3_ATG_647
CP040690	1757865	TGA	FF954_08510	1756000	1866	CDS		GTG	FF954_08510|CP040690_1756000_1757865_+1_GTG_621
CP040690	1758226	TGA	FF954_08515	1758044	183	CDS		ATG	FF954_08515|CP040690_1758044_1758226_+2_ATG_60
CP040690	1759987	TAA	FF954_08520	1758236	1752	CDS		ATG	FF954_08520|CP040690_1758236_1759987_+2_ATG_583
CP040690	1760733	TGA	FF954_08525	1759990	744	CDS		ATG	FF954_08525|CP040690_1759990_1760733_+1_ATG_247
CP040690	1761110	TGA	FF954_08530	1760730	381	CDS		ATG	FF954_08530|CP040690_1760730_1761110_+3_ATG_126
CP040690	1761484	TAA	FF954_08535	1761107	378	CDS		ATG	FF954_08535|CP040690_1761107_1761484_+2_ATG_125
CP040690	1762160	TGA	FF954_08540	1761552	609	CDS		ATG	FF954_08540|CP040690_1761552_1762160_+3_ATG_202
CP040690	1762745	TGA	FF954_08545	1762299	447	CDS		GTG	FF954_08545|CP040690_1762299_1762745_+3_GTG_148
CP040690	1765645	TAA	FF954_08550	1762742	2904	CDS		ATG	FF954_08550|CP040690_1762742_1765645_+2_ATG_967
CP040690	1766101	TAG	FF954_08555	1765655	447	CDS		ATG	FF954_08555|CP040690_1765655_1766101_+2_ATG_148
CP040690	1767425	TAG	FF954_08560	1766136	1290	CDS		GTG	FF954_08560|CP040690_1766136_1767425_+3_GTG_429
CP040690	1767681	TGA	FF954_08565	1767463	219	CDS		GTG	FF954_08565|CP040690_1767463_1767681_+1_GTG_72
CP040690	1768091	TGA	FF954_08570	1767687	405	CDS		ATG	FF954_08570|CP040690_1767687_1768091_+3_ATG_134
CP040690	1779411	TGA	FF954_08605	1778098	1314	CDS		ATG	FF954_08605|CP040690_1778098_1779411_+1_ATG_437
CP040690	1780568	TGA	FF954_08610	1779408	1161	CDS		ATG	FF954_08610|CP040690_1779408_1780568_+3_ATG_386
CP040690	1781245	TGA	FF954_08615	1780565	681	CDS		TTG	FF954_08615|CP040690_1780565_1781245_+2_TTG_226
CP040690	1781754	TGA	FF954_08620	1781245	510	CDS		ATG	FF954_08620|CP040690_1781245_1781754_+1_ATG_169
CP040690	1781938	TAG	FF954_08625	1781732	207	CDS		GTG	FF954_08625|CP040690_1781732_1781938_+2_GTG_68
CP040690	1784792	TAA	FF954_08640	1783743	1050	CDS		GTG	FF954_08640|CP040690_1783743_1784792_+3_GTG_349
CP040690	1785032	TGA	FF954_08645	1784793	240	CDS		ATG	FF954_08645|CP040690_1784793_1785032_+3_ATG_79
CP040690	1785694	TAG	FF954_08650	1785029	666	CDS		GTG	FF954_08650|CP040690_1785029_1785694_+2_GTG_221
CP040690	1789264	TGA	FF954_08665	1788215	1050	CDS		ATG	FF954_08665|CP040690_1788215_1789264_+2_ATG_349
CP040690	1790847	TGA	FF954_08670	1789264	1584	CDS		ATG	FF954_08670|CP040690_1789264_1790847_+1_ATG_527
CP040690	1791704	TAG	FF954_08675	1790847	858	CDS		ATG	FF954_08675|CP040690_1790847_1791704_+3_ATG_285
CP040690	1792511	TGA	FF954_08680	1791753	759	CDS		GTG	FF954_08680|CP040690_1791753_1792511_+3_GTG_252
CP040690	1794358	TGA	FF954_08690	1793042	1317	CDS		GTG	FF954_08690|CP040690_1793042_1794358_+2_GTG_438
CP040690	1795497	TGA	FF954_08695	1794355	1143	CDS		ATG	FF954_08695|CP040690_1794355_1795497_+1_ATG_380
CP040690	1796126	TGA	FF954_08700	1795494	633	CDS		ATG	FF954_08700|CP040690_1795494_1796126_+3_ATG_210
CP040690	1796743	TAA	FF954_08705	1796123	621	CDS		GTG	FF954_08705|CP040690_1796123_1796743_+2_GTG_206
CP040690	1797490	TAG	FF954_08710	1796753	738	CDS		GTG	FF954_08710|CP040690_1796753_1797490_+2_GTG_245
CP040690	1798310	TGA	FF954_08715	1797498	813	CDS		ATG	FF954_08715|CP040690_1797498_1798310_+3_ATG_270
CP040690	1799115	TGA	FF954_08720	1798312	804	CDS		ATG	FF954_08720|CP040690_1798312_1799115_+1_ATG_267
CP040690	1799459	TAA	FF954_08725	1799112	348	CDS		ATG	FF954_08725|CP040690_1799112_1799459_+3_ATG_115
CP040690	1800722	TGA	FF954_08730	1799640	1083	CDS		ATG	FF954_08730|CP040690_1799640_1800722_+3_ATG_360
CP040690	1802912	TAA	FF954_08740	1801362	1551	CDS		GTG	FF954_08740|CP040690_1801362_1802912_+3_GTG_516
CP040690	1803609	TGA	FF954_08745	1802902	708	CDS		GTG	FF954_08745|CP040690_1802902_1803609_+1_GTG_235
CP040690	1804517	TAG	FF954_08750	1803699	819	CDS		ATG	FF954_08750|CP040690_1803699_1804517_+3_ATG_272
CP040690	1805818	TGA	FF954_08755	1804586	1233	CDS		ATG	FF954_08755|CP040690_1804586_1805818_+2_ATG_410
CP040690	1806630	TGA	FF954_08760	1805818	813	CDS		ATG	FF954_08760|CP040690_1805818_1806630_+1_ATG_270
CP040690	1808036	TGA	FF954_08765	1806630	1407	CDS		ATG	FF954_08765|CP040690_1806630_1808036_+3_ATG_468
CP040690	1808586	CAG	FF954_08770	1808365	222	CDS	true	ATG	FF954_08770_p|CP040690_1808365_1808586_+1_ATG_74
CP040690	1809152	TAG	FF954_08775	1808712	441	CDS		ATG	FF954_08775|CP040690_1808712_1809152_+3_ATG_146
CP040690	1809540	TAG	FF954_08780	1809142	399	CDS		ATG	FF954_08780|CP040690_1809142_1809540_+1_ATG_132
CP040690	1811066	TAG	FF954_08785	1809648	1419	CDS		GTG	FF954_08785|CP040690_1809648_1811066_+3_GTG_472
CP040690	1811976	TAG	FF954_08790	1811074	903	CDS		GTG	FF954_08790|CP040690_1811074_1811976_+1_GTG_300
CP040690	1813488	TGA	FF954_08795	1812034	1455	CDS		ATG	FF954_08795|CP040690_1812034_1813488_+1_ATG_484
CP040690	1822256	TGA	FF954_08835	1821639	618	CDS		ATG	FF954_08835|CP040690_1821639_1822256_+3_ATG_205
CP040690	1826838	TGA	FF954_08850	1824124	2715	CDS		GTG	FF954_08850|CP040690_1824124_1826838_+1_GTG_904
CP040690	1828446	TGA	FF954_08855	1827001	1446	CDS		ATG	FF954_08855|CP040690_1827001_1828446_+1_ATG_481
CP040690	1829695	TGA	FF954_08860	1828472	1224	CDS		ATG	FF954_08860|CP040690_1828472_1829695_+2_ATG_407
CP040690	1829850	ATG	FF954_08865	1829731	120	CDS	true	ATC	FF954_08865_p|CP040690_1829731_1829850_+1_ATC_40
CP040690	1830460	TAG	FF954_08875	1830260	201	CDS		ATG	FF954_08875|CP040690_1830260_1830460_+2_ATG_66
CP040690	1832630	TGA	FF954_08880	1830534	2097	CDS		GTG	FF954_08880|CP040690_1830534_1832630_+3_GTG_698
CP040690	1834042	TGA	FF954_08885	1832627	1416	CDS		GTG	FF954_08885|CP040690_1832627_1834042_+2_GTG_471
CP040690	1835887	TAG	FF954_08895	1835627	261	CDS		ATG	FF954_08895|CP040690_1835627_1835887_+2_ATG_86
CP040690	1836350	TAG	FF954_08900	1835910	441	CDS		ATG	FF954_08900|CP040690_1835910_1836350_+3_ATG_146
CP040690	1840232	TGA	FF954_08910	1837314	2919	CDS		GTG	FF954_08910|CP040690_1837314_1840232_+3_GTG_972
CP040690	1846451	TAG	FF954_08930	1845846	606	CDS		ATC	FF954_08930|CP040690_1845846_1846451_+3_ATC_201
CP040690	1846695	TGA	FF954_08935	1846501	195	CDS		ATG	FF954_08935|CP040690_1846501_1846695_+1_ATG_64
CP040690	1847146	TGA	FF954_08940	1846757	390	CDS		ATG	FF954_08940|CP040690_1846757_1847146_+2_ATG_129
CP040690	1847961	TGA	FF954_08945	1847179	783	CDS		GTG	FF954_08945|CP040690_1847179_1847961_+1_GTG_260
CP040690	1850269	TAA	FF954_08955	1849337	933	CDS		ATG	FF954_08955|CP040690_1849337_1850269_+2_ATG_310
CP040690	1851297	TAG	FF954_08960	1850347	951	CDS		TTG	FF954_08960|CP040690_1850347_1851297_+1_TTG_316
CP040690	1852110	TGA	FF954_08965	1851304	807	CDS		ATG	FF954_08965|CP040690_1851304_1852110_+1_ATG_268
CP040690	1853331	TGA	FF954_08970	1852306	1026	CDS		ATG	FF954_08970|CP040690_1852306_1853331_+1_ATG_341
CP040690	1855826	TGA	FF954_08975	1853331	2496	CDS		ATG	FF954_08975|CP040690_1853331_1855826_+3_ATG_831
CP040690	1860228	TGA	FF954_08985	1859170	1059	CDS		ATG	FF954_08985|CP040690_1859170_1860228_+1_ATG_352
CP040690	1861439	TGA	FF954_08990	1860225	1215	CDS		GTG	FF954_08990|CP040690_1860225_1861439_+3_GTG_404
CP040690	1862320	TGA	FF954_08995	1861436	885	CDS		ATG	FF954_08995|CP040690_1861436_1862320_+2_ATG_294
CP040690	1863519	TGA	FF954_09000	1862317	1203	CDS		ATG	FF954_09000|CP040690_1862317_1863519_+1_ATG_400
CP040690	1864439	TGA	FF954_09005	1863516	924	CDS		GTG	FF954_09005|CP040690_1863516_1864439_+3_GTG_307
CP040690	1864948	TAA	FF954_09010	1864436	513	CDS		ATG	FF954_09010|CP040690_1864436_1864948_+2_ATG_170
CP040690	1866153	TGA	FF954_09015	1864957	1197	CDS		ATG	FF954_09015|CP040690_1864957_1866153_+1_ATG_398
CP040690	1867645	TGA	FF954_09020	1866233	1413	CDS		GTG	FF954_09020|CP040690_1866233_1867645_+2_GTG_470
CP040690	1868814	TGA	FF954_09025	1867754	1061	CDS	true	GTG	FF954_09025_p|CP040690_1867754_1868814_+2_GTG_353
CP040690	1875277	TAA	FF954_09030	1868897	6381	CDS		ATG	FF954_09030|CP040690_1868897_1875277_+2_ATG_2126
CP040690	1880105	TGA	FF954_09035	1875297	4809	CDS		ATG	FF954_09035|CP040690_1875297_1880105_+3_ATG_1602
CP040690	1881613	TAG	FF954_09040	1880105	1509	CDS	true	ATG	FF954_09040_p|CP040690_1880105_1881613_+2_ATG_502
CP040690	1884672	TGA	FF954_09045	1881619	3054	CDS		GTG	FF954_09045|CP040690_1881619_1884672_+1_GTG_1017
CP040690	1885880	TGA	FF954_09050	1884819	1062	CDS		ATG	FF954_09050|CP040690_1884819_1885880_+3_ATG_353
CP040690	1889690	TGA	FF954_09065	1889328	363	CDS		ATG	FF954_09065|CP040690_1889328_1889690_+3_ATG_120
CP040690	1890070	TAG	FF954_09070	1889723	348	CDS		ATG	FF954_09070|CP040690_1889723_1890070_+2_ATG_115
CP040690	1890470	TAG	FF954_09075	1890078	393	CDS		ATG	FF954_09075|CP040690_1890078_1890470_+3_ATG_130
CP040690	1895354	TGA	FF954_09100	1894650	705	CDS		TTG	FF954_09100|CP040690_1894650_1895354_+3_TTG_234
CP040690	1895899	TGA	FF954_09105	1895351	549	CDS		GTG	FF954_09105|CP040690_1895351_1895899_+2_GTG_182
CP040690	1896902	TGA	FF954_09110	1896000	903	CDS		ATG	FF954_09110|CP040690_1896000_1896902_+3_ATG_300
CP040690	1898023	TAG	FF954_09115	1896902	1122	CDS		ATG	FF954_09115|CP040690_1896902_1898023_+2_ATG_373
CP040690	1898856	TGA	FF954_09120	1898032	825	CDS		ATG	FF954_09120|CP040690_1898032_1898856_+1_ATG_274
CP040690	1899845	TAG	FF954_09125	1898853	993	CDS		GTG	FF954_09125|CP040690_1898853_1899845_+3_GTG_330
CP040690	1900923	TAG	FF954_09130	1900006	918	CDS		GTG	FF954_09130|CP040690_1900006_1900923_+1_GTG_305
CP040690	1904196	TGA	FF954_09135	1901197	3000	CDS		GTG	FF954_09135|CP040690_1901197_1904196_+1_GTG_999
CP040690	1904413	TGA	FF954_09140	1904189	225	CDS		ATG	FF954_09140|CP040690_1904189_1904413_+2_ATG_74
CP040690	1907193	TAG	FF954_09160	1906582	612	CDS		ATG	FF954_09160|CP040690_1906582_1907193_+1_ATG_203
CP040690	1908479	TGA	FF954_09165	1907205	1275	CDS		ATG	FF954_09165|CP040690_1907205_1908479_+3_ATG_424
CP040690	1909513	TGA	FF954_09170	1909130	384	CDS		ATG	FF954_09170|CP040690_1909130_1909513_+2_ATG_127
CP040690	1910304	TGA	FF954_09175	1909552	753	CDS		GTG	FF954_09175|CP040690_1909552_1910304_+1_GTG_250
CP040690	1911362	TGA	FF954_09180	1910301	1062	CDS		ATG	FF954_09180|CP040690_1910301_1911362_+3_ATG_353
CP040690	1911535	TGA	FF954_09185	1911359	177	CDS		ATG	FF954_09185|CP040690_1911359_1911535_+2_ATG_58
CP040690	1912349	TAG	FF954_09190	1911543	807	CDS		GTG	FF954_09190|CP040690_1911543_1912349_+3_GTG_268
CP040690	1913272	TAG	FF954_09195	1912349	924	CDS		GTG	FF954_09195|CP040690_1912349_1913272_+2_GTG_307
CP040690	1915049	TAG	FF954_09200	1913286	1764	CDS		GTG	FF954_09200|CP040690_1913286_1915049_+3_GTG_587
CP040690	1916326	TAG	FF954_09205	1915145	1182	CDS		ATG	FF954_09205|CP040690_1915145_1916326_+2_ATG_393
CP040690	1917292	TAG	FF954_09210	1916348	945	CDS		ATG	FF954_09210|CP040690_1916348_1917292_+2_ATG_314
CP040690	1919192	TGA	FF954_09215	1917432	1761	CDS		GTG	FF954_09215|CP040690_1917432_1919192_+3_GTG_586
CP040690	1919808	TGA	FF954_09220	1919185	624	CDS		GTG	FF954_09220|CP040690_1919185_1919808_+1_GTG_207
CP040690	1920740	TAA	FF954_09225	1919805	936	CDS		ATG	FF954_09225|CP040690_1919805_1920740_+3_ATG_311
CP040690	1929945	TGA	FF954_09260	1928485	1461	CDS		GTG	FF954_09260|CP040690_1928485_1929945_+1_GTG_486
CP040690	1930919	TGA	FF954_09265	1929963	957	CDS		TTG	FF954_09265|CP040690_1929963_1930919_+3_TTG_318
CP040690	1931752	TGA	FF954_09270	1930916	837	CDS		GTG	FF954_09270|CP040690_1930916_1931752_+2_GTG_278
CP040690	1932444	TGA	FF954_09275	1931749	696	CDS		GTG	FF954_09275|CP040690_1931749_1932444_+1_GTG_231
CP040690	1933205	TGA	FF954_09280	1932441	765	CDS		TTG	FF954_09280|CP040690_1932441_1933205_+3_TTG_254
CP040690	1933894	TGA	FF954_09285	1933202	693	CDS		GTG	FF954_09285|CP040690_1933202_1933894_+2_GTG_230
CP040690	1935282	TGA	FF954_09290	1933891	1392	CDS		GTG	FF954_09290|CP040690_1933891_1935282_+1_GTG_463
CP040690	1936268	TGA	FF954_09295	1935456	813	CDS		GTG	FF954_09295|CP040690_1935456_1936268_+3_GTG_270
CP040690	1937176	TAG	FF954_09300	1936262	915	CDS		ATG	FF954_09300|CP040690_1936262_1937176_+2_ATG_304
CP040690	1938009	TGA	FF954_09305	1937179	831	CDS		ATG	FF954_09305|CP040690_1937179_1938009_+1_ATG_276
CP040690	1938359	TGA	FF954_09310	1938009	351	CDS		ATG	FF954_09310|CP040690_1938009_1938359_+3_ATG_116
CP040690	1939230	TGA	FF954_09315	1938412	819	CDS		ATG	FF954_09315|CP040690_1938412_1939230_+1_ATG_272
CP040690	1940023	TGA	FF954_09320	1939244	780	CDS		GTG	FF954_09320|CP040690_1939244_1940023_+2_GTG_259
CP040690	1942948	TGA	FF954_09340	1941464	1485	CDS		GTG	FF954_09340|CP040690_1941464_1942948_+2_GTG_494
CP040690	1944192	TAA	FF954_09345	1942945	1248	CDS		GTG	FF954_09345|CP040690_1942945_1944192_+1_GTG_415
CP040690	1946840	TGA	FF954_09360	1945455	1386	CDS		ATG	FF954_09360|CP040690_1945455_1946840_+3_ATG_461
CP040690	1947442	TGA	FF954_09365	1946873	570	CDS		ATG	FF954_09365|CP040690_1946873_1947442_+2_ATG_189
CP040690	1953007	TGA	FF954_09390	1951451	1557	CDS		ATG	FF954_09390|CP040690_1951451_1953007_+2_ATG_518
CP040690	1955132	TGA	FF954_09410	1954932	201	CDS		GTG	FF954_09410|CP040690_1954932_1955132_+3_GTG_66
CP040690	1959715	TGA	FF954_09435	1959431	285	CDS		ATG	FF954_09435|CP040690_1959431_1959715_+2_ATG_94
CP040690	1961691	TGA	FF954_09445	1961479	213	CDS		ATG	FF954_09445|CP040690_1961479_1961691_+1_ATG_70
CP040690	1961939	TGA	FF954_09450	1961691	249	CDS		ATG	FF954_09450|CP040690_1961691_1961939_+3_ATG_82
CP040690	1962684	TAG	FF954_09455	1961947	738	CDS		ATG	FF954_09455|CP040690_1961947_1962684_+1_ATG_245
CP040690	1964478	TAG	FF954_09460	1962778	1701	CDS		ATG	FF954_09460|CP040690_1962778_1964478_+1_ATG_566
CP040690	1967342	TGA	FF954_09475	1965912	1431	CDS		ATG	FF954_09475|CP040690_1965912_1967342_+3_ATG_476
CP040690	1970001	TAG	FF954_09480	1967404	2598	CDS		GTG	FF954_09480|CP040690_1967404_1970001_+1_GTG_865
CP040690	1971105	TAA	FF954_09485	1970374	732	CDS		TTG	FF954_09485|CP040690_1970374_1971105_+1_TTG_243
CP040690	1974777	TGA	FF954_09500	1973395	1383	CDS	true	ATG	FF954_09500_p|CP040690_1973395_1974777_+1_ATG_460
CP040690	1975353	TGA	FF954_09505	1974904	450	CDS		ATG	FF954_09505|CP040690_1974904_1975353_+1_ATG_149
CP040690	1985225	TAG	FF954_09530	1984086	1140	CDS		TTG	FF954_09530|CP040690_1984086_1985225_+3_TTG_379
CP040690	1988263	TAA	FF954_09535	1985426	2838	CDS		GTG	FF954_09535|CP040690_1985426_1988263_+2_GTG_945
CP040690	1989240	TAA	FF954_09540	1988584	657	CDS		ATG	FF954_09540|CP040690_1988584_1989240_+1_ATG_218
CP040690	1994334	TGA	FF954_09550	1992826	1509	CDS		ATG	FF954_09550|CP040690_1992826_1994334_+1_ATG_502
CP040690	1999280	TGA	FF954_09590	1999011	270	CDS		GTG	FF954_09590|CP040690_1999011_1999280_+3_GTG_89
CP040690	1999707	TAG	FF954_09595	1999348	360	CDS		ATG	FF954_09595|CP040690_1999348_1999707_+1_ATG_119
CP040690	2001762	TGA	FF954_09600	1999888	1875	CDS		ATG	FF954_09600|CP040690_1999888_2001762_+1_ATG_624
CP040690	2003162	TAA	FF954_09605	2001918	1245	CDS		GTG	FF954_09605|CP040690_2001918_2003162_+3_GTG_414
CP040690	2004456	TGA	FF954_09610	2003170	1287	CDS		ATG	FF954_09610|CP040690_2003170_2004456_+1_ATG_428
CP040690	2005739	TGA	FF954_09615	2004453	1287	CDS		ATG	FF954_09615|CP040690_2004453_2005739_+3_ATG_428
CP040690	2006239	TAA	FF954_09620	2005928	312	CDS		TTG	FF954_09620|CP040690_2005928_2006239_+2_TTG_103
CP040690	2008464	TGA	FF954_09630	2007124	1341	CDS		ATG	FF954_09630|CP040690_2007124_2008464_+1_ATG_446
CP040690	2009282	TGA	FF954_09635	2008464	819	CDS		ATG	FF954_09635|CP040690_2008464_2009282_+3_ATG_272
CP040690	2011252	TAG	FF954_09645	2009948	1305	CDS		GTG	FF954_09645|CP040690_2009948_2011252_+2_GTG_434
CP040690	2014554	TAG	FF954_09660	2013991	564	CDS		ATG	FF954_09660|CP040690_2013991_2014554_+1_ATG_187
CP040690	2018552	TGA	FF954_09670	2017032	1521	CDS		GTG	FF954_09670|CP040690_2017032_2018552_+3_GTG_506
CP040690	2022724	TAG	FF954_09675	2018549	4176	CDS		ATG	FF954_09675|CP040690_2018549_2022724_+2_ATG_1391
CP040690	2024323	TGA	FF954_09685	2024120	204	CDS		GTG	FF954_09685|CP040690_2024120_2024323_+2_GTG_67
CP040690	2025690	TAA	FF954_09690	2024593	1098	CDS		TTG	FF954_09690|CP040690_2024593_2025690_+1_TTG_365
CP040690	2026068	TAG	FF954_09695	2025769	300	CDS		ATG	FF954_09695|CP040690_2025769_2026068_+1_ATG_99
CP040690	2027263	TAG	FF954_09700	2026082	1182	CDS		ATG	FF954_09700|CP040690_2026082_2027263_+2_ATG_393
CP040690	2027605	TAG	FF954_09705	2027303	303	CDS		GTG	FF954_09705|CP040690_2027303_2027605_+2_GTG_100
CP040690	2028769	TAG	FF954_09710	2027717	1053	CDS		ATG	FF954_09710|CP040690_2027717_2028769_+2_ATG_350
CP040690	2029495	TGA	FF954_09715	2029196	300	CDS		ATG	FF954_09715|CP040690_2029196_2029495_+2_ATG_99
CP040690	2029935	TAG	FF954_09720	2029639	297	CDS		ATG	FF954_09720|CP040690_2029639_2029935_+1_ATG_98
CP040690	2030270	TAA	FF954_09725	2029986	285	CDS		ATG	FF954_09725|CP040690_2029986_2030270_+3_ATG_94
CP040690	2031260	TGA	FF954_09730	2030358	903	CDS		ATG	FF954_09730|CP040690_2030358_2031260_+3_ATG_300
CP040690	2033043	TAG	FF954_09735	2031532	1512	CDS		ATG	FF954_09735|CP040690_2031532_2033043_+1_ATG_503
CP040690	2034778	TGA	FF954_09740	2033021	1758	CDS		ATG	FF954_09740|CP040690_2033021_2034778_+2_ATG_585
CP040690	2035995	TGA	FF954_09745	2034775	1221	CDS		ATG	FF954_09745|CP040690_2034775_2035995_+1_ATG_406
CP040690	2037824	TAG	FF954_09750	2035992	1833	CDS		ATG	FF954_09750|CP040690_2035992_2037824_+3_ATG_610
CP040690	2038642	TGA	FF954_09755	2038451	192	CDS		ATG	FF954_09755|CP040690_2038451_2038642_+2_ATG_63
CP040690	2040712	TGA	FF954_09760	2038745	1968	CDS		ATG	FF954_09760|CP040690_2038745_2040712_+2_ATG_655
CP040690	2042564	TAG	FF954_09770	2041293	1272	CDS		ATG	FF954_09770|CP040690_2041293_2042564_+3_ATG_423
CP040690	2044067	TAG	FF954_09775	2042676	1392	CDS		ATG	FF954_09775|CP040690_2042676_2044067_+3_ATG_463
CP040690	2047647	TAA	FF954_09795	2047348	300	CDS		ATG	FF954_09795|CP040690_2047348_2047647_+1_ATG_99
CP040690	2048873	TGA	FF954_09800	2047662	1212	CDS		ATG	FF954_09800|CP040690_2047662_2048873_+3_ATG_403
CP040690	2050426	TGA	FF954_09805	2049197	1230	CDS		TTG	FF954_09805|CP040690_2049197_2050426_+2_TTG_409
CP040690	2051970	TGA	FF954_09810	2050558	1413	CDS		ATG	FF954_09810|CP040690_2050558_2051970_+1_ATG_470
CP040690	2052577	TAG	FF954_09815	2052209	369	CDS		ATG	FF954_09815|CP040690_2052209_2052577_+2_ATG_122
CP040690	2053435	TGA	FF954_09820	2052731	705	CDS		ATG	FF954_09820|CP040690_2052731_2053435_+2_ATG_234
CP040690	2056711	TAA	FF954_09835	2055809	903	CDS		ATG	FF954_09835|CP040690_2055809_2056711_+2_ATG_300
CP040690	2057481	TAG	FF954_09840	2056816	666	CDS		GTG	FF954_09840|CP040690_2056816_2057481_+1_GTG_221
CP040690	2058248	TGA	FF954_09845	2057544	705	CDS		TTG	FF954_09845|CP040690_2057544_2058248_+3_TTG_234
CP040690	2058638	TTT	FF954_09850	2058387	252	CDS	true	ATC	FF954_09850_p|CP040690_2058387_2058638_+3_ATC_84
CP040690	2058809	TGA	FF954_09855	2058735	75	CDS	true	CGC	FF954_09855_p|CP040690_2058735_2058809_+3_CGC_24
CP040690	2060346	TAA	FF954_09860	2058883	1464	CDS		ATG	FF954_09860|CP040690_2058883_2060346_+1_ATG_487
CP040690	2065729	TGA	FF954_09875	2064086	1644	CDS		ATG	FF954_09875|CP040690_2064086_2065729_+2_ATG_547
CP040690	2068170	TGA	FF954_09880	2065744	2427	CDS		GTG	FF954_09880|CP040690_2065744_2068170_+1_GTG_808
CP040690	2068996	TGA	FF954_09885	2068367	630	CDS		ATG	FF954_09885|CP040690_2068367_2068996_+2_ATG_209
CP040690	2069912	TAG	FF954_09890	2068989	924	CDS		GTG	FF954_09890|CP040690_2068989_2069912_+3_GTG_307
CP040690	2070306	TGA	FF954_09895	2069974	333	CDS		ATG	FF954_09895|CP040690_2069974_2070306_+1_ATG_110
CP040690	2071201	TGA	FF954_09900	2070323	879	CDS		GTG	FF954_09900|CP040690_2070323_2071201_+2_GTG_292
CP040690	2071643	TGA	FF954_09905	2071239	405	CDS		GTG	FF954_09905|CP040690_2071239_2071643_+3_GTG_134
CP040690	2072371	TGA	FF954_09910	2071883	489	CDS		GTG	FF954_09910|CP040690_2071883_2072371_+2_GTG_162
CP040690	2073111	TGA	FF954_09915	2072368	744	CDS		GTG	FF954_09915|CP040690_2072368_2073111_+1_GTG_247
CP040690	2073724	TAG	FF954_09920	2073230	495	CDS		ATG	FF954_09920|CP040690_2073230_2073724_+2_ATG_164
CP040690	2074749	TAG	FF954_09925	2074072	678	CDS		GTG	FF954_09925|CP040690_2074072_2074749_+1_GTG_225
CP040690	2077933	TAA	FF954_09930	2075108	2826	CDS		GTG	FF954_09930|CP040690_2075108_2077933_+2_GTG_941
CP040690	2079927	TAG	FF954_09940	2079061	867	CDS		GTG	FF954_09940|CP040690_2079061_2079927_+1_GTG_288
CP040690	2083990	TAG	FF954_09955	2083790	201	CDS		GTG	FF954_09955|CP040690_2083790_2083990_+2_GTG_66
CP040690	2096536	TAA	FF954_10010	2096114	423	CDS		GTG	FF954_10010|CP040690_2096114_2096536_+2_GTG_140
CP040690	2096887	TGA	FF954_10015	2096585	303	CDS		ATG	FF954_10015|CP040690_2096585_2096887_+2_ATG_100
CP040690	2097198	TGA	FF954_10020	2096884	315	CDS		ATG	FF954_10020|CP040690_2096884_2097198_+1_ATG_104
CP040690	2098931	TAA	FF954_10025	2097198	1734	CDS		ATG	FF954_10025|CP040690_2097198_2098931_+3_ATG_577
CP040690	2099566	TGA	FF954_10030	2098931	636	CDS		ATG	FF954_10030|CP040690_2098931_2099566_+2_ATG_211
CP040690	2100251	TAG	FF954_10035	2099577	675	CDS		ATG	FF954_10035|CP040690_2099577_2100251_+3_ATG_224
CP040690	2100885	TAA	FF954_10040	2100259	627	CDS		GTG	FF954_10040|CP040690_2100259_2100885_+1_GTG_208
CP040690	2105007	TGA	FF954_10060	2104222	786	CDS		GTG	FF954_10060|CP040690_2104222_2105007_+1_GTG_261
CP040690	2105804	TAG	FF954_10065	2105010	795	CDS		ATG	FF954_10065|CP040690_2105010_2105804_+3_ATG_264
CP040690	2106920	TGA	FF954_10070	2105811	1110	CDS		ATG	FF954_10070|CP040690_2105811_2106920_+3_ATG_369
CP040690	2107950	TGA	FF954_10075	2106973	978	CDS		ATG	FF954_10075|CP040690_2106973_2107950_+1_ATG_325
CP040690	2108707	TAG	FF954_10080	2108402	306	CDS		ATG	FF954_10080|CP040690_2108402_2108707_+2_ATG_101
CP040690	2109822	TGA	FF954_10085	2108782	1041	CDS		ATG	FF954_10085|CP040690_2108782_2109822_+1_ATG_346
CP040690	2114714	TAA	FF954_10105	2112300	2415	CDS		GTG	FF954_10105|CP040690_2112300_2114714_+3_GTG_804
CP040690	2116486	TAG	FF954_10115	2115002	1485	CDS		ATG	FF954_10115|CP040690_2115002_2116486_+2_ATG_494
CP040690	2118684	TAG	FF954_10120	2116585	2100	CDS		GTG	FF954_10120|CP040690_2116585_2118684_+1_GTG_699
CP040690	2122849	TAG	FF954_10145	2122412	438	CDS		ATG	FF954_10145|CP040690_2122412_2122849_+2_ATG_145
CP040690	2123608	TGA	FF954_10150	2122922	687	CDS		GTG	FF954_10150|CP040690_2122922_2123608_+2_GTG_228
CP040690	2124062	TGA	FF954_10155	2123619	444	CDS		ATG	FF954_10155|CP040690_2123619_2124062_+3_ATG_147
CP040690	2125057	TGA	FF954_10170	2124578	480	CDS		ATG	FF954_10170|CP040690_2124578_2125057_+2_ATG_159
CP040690	2127205	TAG	FF954_10175	2125142	2064	CDS		ATG	FF954_10175|CP040690_2125142_2127205_+2_ATG_687
CP040690	2128612	TAA	FF954_10180	2127260	1353	CDS		ATG	FF954_10180|CP040690_2127260_2128612_+2_ATG_450
CP040690	2129751	TAG	FF954_10185	2128615	1137	CDS		ATG	FF954_10185|CP040690_2128615_2129751_+1_ATG_378
CP040690	2135370	TAG	FF954_10225	2135188	183	CDS		ATG	FF954_10225|CP040690_2135188_2135370_+1_ATG_60
CP040690	2136653	TAG	FF954_10230	2135511	1143	CDS		TTG	FF954_10230|CP040690_2135511_2136653_+3_TTG_380
CP040690	2137761	TGA	FF954_10240	2137582	180	CDS		GTG	FF954_10240|CP040690_2137582_2137761_+1_GTG_59
CP040690	2139411	TAA	FF954_10260	2139004	408	CDS		ATG	FF954_10260|CP040690_2139004_2139411_+1_ATG_135
CP040690	2139739	TAG	FF954_10265	2139428	312	CDS		ATG	FF954_10265|CP040690_2139428_2139739_+2_ATG_103
CP040690	2139967	TAG	FF954_10270	2139749	219	CDS		ATG	FF954_10270|CP040690_2139749_2139967_+2_ATG_72
CP040690	2141796	TAG	FF954_10280	2141491	306	CDS		GTG	FF954_10280|CP040690_2141491_2141796_+1_GTG_101
CP040690	2142809	TGA	FF954_10285	2141784	1026	CDS		ATG	FF954_10285|CP040690_2141784_2142809_+3_ATG_341
CP040690	2144512	TAG	FF954_10300	2144204	309	CDS		GTG	FF954_10300|CP040690_2144204_2144512_+2_GTG_102
CP040690	2148278	TAG	FF954_10315	2146986	1293	CDS		ATG	FF954_10315|CP040690_2146986_2148278_+3_ATG_430
CP040690	2150092	TAG	FF954_10325	2149688	405	CDS		ATG	FF954_10325|CP040690_2149688_2150092_+2_ATG_134
CP040690	2150709	TGA	FF954_10330	2150278	432	CDS		ATG	FF954_10330|CP040690_2150278_2150709_+1_ATG_143
CP040690	2159148	TGA	FF954_10375	2158396	753	CDS		GTG	FF954_10375|CP040690_2158396_2159148_+1_GTG_250
CP040690	2161968	TAG	FF954_10385	2159668	2301	CDS		ATG	FF954_10385|CP040690_2159668_2161968_+1_ATG_766
CP040690	2172550	TAA	FF954_10405	2171687	864	CDS		GTG	FF954_10405|CP040690_2171687_2172550_+2_GTG_287
CP040690	2175246	TAG	FF954_10415	2174131	1116	CDS		ATG	FF954_10415|CP040690_2174131_2175246_+1_ATG_371
CP040690	2176577	TAA	FF954_10420	2175237	1341	CDS		TTG	FF954_10420|CP040690_2175237_2176577_+3_TTG_446
CP040690	2179008	TAG	FF954_10430	2177146	1863	CDS		ATG	FF954_10430|CP040690_2177146_2179008_+1_ATG_620
CP040690	2180505	TGA	FF954_10440	2179732	774	CDS		GTG	FF954_10440|CP040690_2179732_2180505_+1_GTG_257
CP040690	2183928	TAG	FF954_10465	2183431	498	CDS		ATG	FF954_10465|CP040690_2183431_2183928_+1_ATG_165
CP040690	2188552	TAG	FF954_10490	2187443	1110	CDS		ATG	FF954_10490|CP040690_2187443_2188552_+2_ATG_369
CP040690	2191074	TAG	FF954_10495	2188555	2520	CDS		ATG	FF954_10495|CP040690_2188555_2191074_+1_ATG_839
CP040690	2192156	TGA	FF954_10500	2191086	1071	CDS		GTG	FF954_10500|CP040690_2191086_2192156_+3_GTG_356
CP040690	2192668	TGA	FF954_10505	2192153	516	CDS		GTG	FF954_10505|CP040690_2192153_2192668_+2_GTG_171
CP040690	2193726	TGA	FF954_10510	2192665	1062	CDS		ATG	FF954_10510|CP040690_2192665_2193726_+1_ATG_353
CP040690	2194493	TGA	FF954_10515	2193723	771	CDS		TTG	FF954_10515|CP040690_2193723_2194493_+3_TTG_256
CP040690	2197412	TGA	FF954_10535	2196048	1365	CDS		ATG	FF954_10535|CP040690_2196048_2197412_+3_ATG_454
CP040690	2198484	TAG	FF954_10545	2198083	402	CDS		GTG	FF954_10545|CP040690_2198083_2198484_+1_GTG_133
CP040690	2201000	TGA	FF954_10575	2200785	216	CDS		GTG	FF954_10575|CP040690_2200785_2201000_+3_GTG_71
CP040690	2201308	TAG	FF954_10580	2200997	312	CDS		GTG	FF954_10580|CP040690_2200997_2201308_+2_GTG_103
CP040690	2201638	TGA	FF954_10585	2201336	303	CDS		ATG	FF954_10585|CP040690_2201336_2201638_+2_ATG_100
CP040690	2202155	TGA	FF954_10590	2201643	513	CDS		GTG	FF954_10590|CP040690_2201643_2202155_+3_GTG_170
CP040690	2202646	TGA	FF954_10595	2202197	450	CDS		ATG	FF954_10595|CP040690_2202197_2202646_+2_ATG_149
CP040690	2203188	TGA	FF954_10600	2202643	546	CDS		ATG	FF954_10600|CP040690_2202643_2203188_+1_ATG_181
CP040690	2204765	TGA	FF954_10620	2204271	495	CDS		GTG	FF954_10620|CP040690_2204271_2204765_+3_GTG_164
CP040690	2207266	TGA	FF954_10640	2207009	258	CDS		GTG	FF954_10640|CP040690_2207009_2207266_+2_GTG_85
CP040690	2207766	TAA	FF954_10645	2207497	270	CDS		GTG	FF954_10645|CP040690_2207497_2207766_+1_GTG_89
CP040690	2208557	TGA	FF954_10650	2207760	798	CDS		ATG	FF954_10650|CP040690_2207760_2208557_+3_ATG_265
CP040690	2209382	TAG	FF954_10655	2208567	816	CDS		ATG	FF954_10655|CP040690_2208567_2209382_+3_ATG_271
CP040690	2210664	TGA	FF954_10660	2209387	1278	CDS		ATG	FF954_10660|CP040690_2209387_2210664_+1_ATG_425
CP040690	2211689	TGA	FF954_10665	2210661	1029	CDS		ATG	FF954_10665|CP040690_2210661_2211689_+3_ATG_342
CP040690	2212918	TGA	FF954_10670	2211686	1233	CDS		ATG	FF954_10670|CP040690_2211686_2212918_+2_ATG_410
CP040690	2214186	TGA	FF954_10675	2212915	1272	CDS		GTG	FF954_10675|CP040690_2212915_2214186_+1_GTG_423
CP040690	2215316	TAG	FF954_10680	2214183	1134	CDS		GTG	FF954_10680|CP040690_2214183_2215316_+3_GTG_377
CP040690	2216630	TGA	FF954_10685	2215317	1314	CDS		ATG	FF954_10685|CP040690_2215317_2216630_+3_ATG_437
CP040690	2217227	TGA	FF954_10690	2216652	576	CDS		ATG	FF954_10690|CP040690_2216652_2217227_+3_ATG_191
CP040690	2217706	TGA	FF954_10695	2217224	483	CDS		GTG	FF954_10695|CP040690_2217224_2217706_+2_GTG_160
CP040690	2218096	TGA	FF954_10700	2217719	378	CDS		GTG	FF954_10700|CP040690_2217719_2218096_+2_GTG_125
CP040690	2218777	TAG	FF954_10705	2218112	666	CDS		ATG	FF954_10705|CP040690_2218112_2218777_+2_ATG_221
CP040690	2221958	TGA	FF954_10730	2221209	750	CDS		GTG	FF954_10730|CP040690_2221209_2221958_+3_GTG_249
CP040690	2222701	TGA	FF954_10735	2221955	747	CDS		ATG	FF954_10735|CP040690_2221955_2222701_+2_ATG_248
CP040690	2223907	TGA	FF954_10750	2223701	207	CDS		GTG	FF954_10750|CP040690_2223701_2223907_+2_GTG_68
CP040690	2225355	TGA	FF954_10755	2224549	807	CDS		GTG	FF954_10755|CP040690_2224549_2225355_+1_GTG_268
CP040690	2226311	TGA	FF954_10760	2225463	849	CDS		ATG	FF954_10760|CP040690_2225463_2226311_+3_ATG_282
CP040690	2231155	CAG	FF954_10790	2230799	357	CDS	true	GTG	FF954_10790_p|CP040690_2230799_2231155_+2_GTG_119
CP040690	2232543	TGA	FF954_10805	2232286	258	CDS		ATG	FF954_10805|CP040690_2232286_2232543_+1_ATG_85
CP040690	2237471	TAA	FF954_10840	2236704	768	CDS		GTG	FF954_10840|CP040690_2236704_2237471_+3_GTG_255
CP040690	2238520	TGA	FF954_10845	2237567	954	CDS		ATG	FF954_10845|CP040690_2237567_2238520_+2_ATG_317
CP040690	2241439	TGA	FF954_10850	2238722	2718	CDS		TTG	FF954_10850|CP040690_2238722_2241439_+2_TTG_905
CP040690	2245385	TAA	FF954_10865	2243772	1614	CDS		ATG	FF954_10865|CP040690_2243772_2245385_+3_ATG_537
CP040690	2246147	TAA	FF954_10870	2245395	753	CDS		GTG	FF954_10870|CP040690_2245395_2246147_+3_GTG_250
CP040690	2247005	TAA	FF954_10875	2246223	783	CDS		ATG	FF954_10875|CP040690_2246223_2247005_+3_ATG_260
CP040690	2254548	TGA	FF954_10895	2250565	3984	CDS		GTG	FF954_10895|CP040690_2250565_2254548_+1_GTG_1327
CP040690	2256835	TAG	FF954_10910	2256593	243	CDS		GTG	FF954_10910|CP040690_2256593_2256835_+2_GTG_80
CP040690	2257234	TGA	FF954_10915	2256836	399	CDS		ATG	FF954_10915|CP040690_2256836_2257234_+2_ATG_132
CP040690	2258383	TGA	FF954_10925	2257889	495	CDS		ATG	FF954_10925|CP040690_2257889_2258383_+2_ATG_164
CP040690	2258628	TGA	FF954_10930	2258380	249	CDS		TTG	FF954_10930|CP040690_2258380_2258628_+1_TTG_82
CP040690	2259707	TGA	FF954_10945	2259060	648	CDS		ATC	FF954_10945|CP040690_2259060_2259707_+3_ATC_215
CP040690	2260251	TGA	FF954_10950	2259661	591	CDS		GTG	FF954_10950|CP040690_2259661_2260251_+1_GTG_196
CP040690	2261992	TGA	FF954_10960	2261696	297	CDS		GTG	FF954_10960|CP040690_2261696_2261992_+2_GTG_98
CP040690	2262564	TGA	FF954_10965	2261989	576	CDS		ATG	FF954_10965|CP040690_2261989_2262564_+1_ATG_191
CP040690	2263601	TGA	FF954_10970	2262561	1041	CDS		ATG	FF954_10970|CP040690_2262561_2263601_+3_ATG_346
CP040690	2264562	TGA	FF954_10975	2263843	720	CDS		ATG	FF954_10975|CP040690_2263843_2264562_+1_ATG_239
CP040690	2264968	TAG	FF954_10980	2264552	417	CDS		TTG	FF954_10980|CP040690_2264552_2264968_+2_TTG_138
CP040690	2283687	TAG	FF954_11060	2282692	996	CDS		ATG	FF954_11060|CP040690_2282692_2283687_+1_ATG_331
CP040690	2285180	TGA	FF954_11070	2284857	324	CDS		GTG	FF954_11070|CP040690_2284857_2285180_+3_GTG_107
CP040690	2285665	TGA	FF954_11075	2285177	489	CDS		ATG	FF954_11075|CP040690_2285177_2285665_+2_ATG_162
CP040690	2286303	TAA	FF954_11080	2285662	642	CDS		ATG	FF954_11080|CP040690_2285662_2286303_+1_ATG_213
CP040690	2295488	TGA	FF954_11130	2294832	657	CDS		ATG	FF954_11130|CP040690_2294832_2295488_+3_ATG_218
CP040690	2311719	TGA	FF954_11150	2311384	336	CDS		ATG	FF954_11150|CP040690_2311384_2311719_+1_ATG_111
CP040690	2317401	TAG	FF954_11170	2316688	714	CDS		ATG	FF954_11170|CP040690_2316688_2317401_+1_ATG_237
CP040690	2320272	TGA	FF954_11195	2318737	1536	CDS		GTG	FF954_11195|CP040690_2318737_2320272_+1_GTG_511
CP040690	2324627	TGA	FF954_11210	2324394	234	CDS		ATG	FF954_11210|CP040690_2324394_2324627_+3_ATG_77
CP040690	2325030	TGA	FF954_11215	2324620	411	CDS		TTG	FF954_11215|CP040690_2324620_2325030_+1_TTG_136
CP040690	2326220	TAG	FF954_11220	2325014	1207	CDS	true	GTG	FF954_11220_p|CP040690_2325014_2326220_+2_GTG_402
CP040690	2326856	TGA	FF954_11225	2326230	627	CDS		GTG	FF954_11225|CP040690_2326230_2326856_+3_GTG_208
CP040690	2328379	TGA	FF954_11230	2326853	1527	CDS		ATG	FF954_11230|CP040690_2326853_2328379_+2_ATG_508
CP040690	2331179	TAG	FF954_11245	2330622	558	CDS		ATG	FF954_11245|CP040690_2330622_2331179_+3_ATG_185
CP040690	2335080	TGA	FF954_11270	2334667	414	CDS		GTG	FF954_11270|CP040690_2334667_2335080_+1_GTG_137
CP040690	2339047	TAA	FF954_11295	2338733	315	CDS		GTG	FF954_11295|CP040690_2338733_2339047_+2_GTG_104
CP040690	2340999	TGA	FF954_11300	2339029	1971	CDS		ATG	FF954_11300|CP040690_2339029_2340999_+1_ATG_656
CP040690	2341543	TGA	FF954_11305	2340980	564	CDS		ATG	FF954_11305|CP040690_2340980_2341543_+2_ATG_187
CP040690	2342392	TGA	FF954_11315	2342201	192	CDS		ATG	FF954_11315|CP040690_2342201_2342392_+2_ATG_63
CP040690	2344547	TGA	FF954_11320	2342382	2166	CDS		GTG	FF954_11320|CP040690_2342382_2344547_+3_GTG_721
CP040690	2345488	TGA	FF954_11325	2344544	945	CDS		ATG	FF954_11325|CP040690_2344544_2345488_+2_ATG_314
CP040690	2346476	TAG	FF954_11330	2345481	996	CDS		GTG	FF954_11330|CP040690_2345481_2346476_+3_GTG_331
CP040690	2346628	TGA	FF954_11335	2346521	108	CDS		TTG	FF954_11335|CP040690_2346521_2346628_+2_TTG_35
CP040690	2347600	TAG	FF954_11340	2346995	606	CDS		GTG	FF954_11340|CP040690_2346995_2347600_+2_GTG_201
CP040690	2349864	TGA	FF954_11345	2348095	1770	CDS		GTG	FF954_11345|CP040690_2348095_2349864_+1_GTG_589
CP040690	2352181	TGA	FF954_11355	2351057	1125	CDS		ATG	FF954_11355|CP040690_2351057_2352181_+2_ATG_374
CP040690	2363734	TGA	FF954_11400	2362082	1653	CDS		ATG	FF954_11400|CP040690_2362082_2363734_+2_ATG_550
CP040690	2366974	TAG	FF954_11405	2363933	3042	CDS		ATG	FF954_11405|CP040690_2363933_2366974_+2_ATG_1013
CP040690	2367800	TGA	FF954_11410	2366967	834	CDS		GTG	FF954_11410|CP040690_2366967_2367800_+3_GTG_277
CP040690	2369074	TAG	FF954_11430	2368883	192	CDS		TTG	FF954_11430|CP040690_2368883_2369074_+2_TTG_63
CP040690	2369989	TAA	FF954_11435	2369694	296	CDS	true	ATG	FF954_11435_p|CP040690_2369694_2369989_+3_ATG_98
CP040690	2370776	TGA	FF954_11440	2370045	732	CDS		ATG	FF954_11440|CP040690_2370045_2370776_+3_ATG_243
CP040690	2376156	TAG	FF954_11465	2374963	1194	CDS		ATG	FF954_11465|CP040690_2374963_2376156_+1_ATG_397
CP040690	2376790	TGA	FF954_11470	2376167	624	CDS		ATG	FF954_11470|CP040690_2376167_2376790_+2_ATG_207
CP040690	2379473	TGA	FF954_11480	2378904	570	CDS		ATG	FF954_11480|CP040690_2378904_2379473_+3_ATG_189
CP040690	2379774	TAA	FF954_11485	2379481	294	CDS		ATG	FF954_11485|CP040690_2379481_2379774_+1_ATG_97
CP040690	2381555	TAA	FF954_11495	2380719	837	CDS		ATG	FF954_11495|CP040690_2380719_2381555_+3_ATG_278
CP040690	2384825	TAA	FF954_11515	2383404	1422	CDS		GTG	FF954_11515|CP040690_2383404_2384825_+3_GTG_473
CP040690	2389504	TAG	FF954_11525	2388626	879	CDS		GTG	FF954_11525|CP040690_2388626_2389504_+2_GTG_292
CP040690	2392418	TGA	FF954_11535	2390949	1470	CDS		TTG	FF954_11535|CP040690_2390949_2392418_+3_TTG_489
CP040690	2392621	TGA	FF954_11540	2392418	204	CDS		ATG	FF954_11540|CP040690_2392418_2392621_+2_ATG_67
CP040690	2395974	TAA	FF954_11560	2395744	231	CDS		ATG	FF954_11560|CP040690_2395744_2395974_+1_ATG_76
CP040690	2400739	TGA	FF954_11590	2399663	1077	CDS		TTG	FF954_11590|CP040690_2399663_2400739_+2_TTG_358
CP040690	2401017	TGA	FF954_11595	2400736	282	CDS		ATG	FF954_11595|CP040690_2400736_2401017_+1_ATG_93
CP040690	2402126	TAA	FF954_11600	2401053	1074	CDS		ATG	FF954_11600|CP040690_2401053_2402126_+3_ATG_357
CP040690	2406368	TAA	FF954_11630	2405310	1059	CDS		ATG	FF954_11630|CP040690_2405310_2406368_+3_ATG_352
CP040690	2433816	TAA	FF954_11755	2433196	621	CDS		TTG	FF954_11755|CP040690_2433196_2433816_+1_TTG_206
CP040690	2434595	TAG	FF954_11760	2433912	684	CDS		GTG	FF954_11760|CP040690_2433912_2434595_+3_GTG_227
CP040690	2436866	TAA	FF954_11770	2435808	1059	CDS		TTG	FF954_11770|CP040690_2435808_2436866_+3_TTG_352
CP040690	2438420	TAG	FF954_11775	2436870	1551	CDS		ATG	FF954_11775|CP040690_2436870_2438420_+3_ATG_516
CP040690	2440101	TAA	FF954_11785	2438902	1200	CDS		GTG	FF954_11785|CP040690_2438902_2440101_+1_GTG_399
CP040690	2445546	TGA	FF954_11815	2444263	1284	CDS		ATG	FF954_11815|CP040690_2444263_2445546_+1_ATG_427
CP040690	2450923	TAG	FF954_11845	2449121	1803	CDS	true	GTG	FF954_11845_p|CP040690_2449121_2450923_+2_GTG_600
CP040690	2456721	TAA	FF954_11870	2454784	1938	CDS		GTG	FF954_11870|CP040690_2454784_2456721_+1_GTG_645
CP040690	2458477	TGA	FF954_11880	2457866	612	CDS		GTG	FF954_11880|CP040690_2457866_2458477_+2_GTG_203
CP040690	2459360	TGA	FF954_11885	2458518	843	CDS		TTG	FF954_11885|CP040690_2458518_2459360_+3_TTG_280
CP040690	2460646	TGA	FF954_11890	2459357	1290	CDS		ATG	FF954_11890|CP040690_2459357_2460646_+2_ATG_429
CP040690	2462292	TAG	FF954_11895	2460643	1650	CDS		ATG	FF954_11895|CP040690_2460643_2462292_+1_ATG_549
CP040690	2467977	TAA	FF954_11920	2466019	1959	CDS		GTG	FF954_11920|CP040690_2466019_2467977_+1_GTG_652
CP040690	2469945	TAG	FF954_11930	2469253	693	CDS		ATG	FF954_11930|CP040690_2469253_2469945_+1_ATG_230
CP040690	2472354	TAA	FF954_11945	2471644	711	CDS		GTG	FF954_11945|CP040690_2471644_2472354_+1_GTG_236
CP040690	2473518	TGA	FF954_11950	2472433	1086	CDS		ATG	FF954_11950|CP040690_2472433_2473518_+1_ATG_361
CP040690	2474264	TAG	FF954_11955	2473515	750	CDS		GTG	FF954_11955|CP040690_2473515_2474264_+3_GTG_249
CP040690	2475960	TAG	FF954_11960	2474422	1539	CDS		ATG	FF954_11960|CP040690_2474422_2475960_+1_ATG_512
CP040690	2479348	TAG	FF954_11975	2478212	1137	CDS		GTG	FF954_11975|CP040690_2478212_2479348_+2_GTG_378
CP040690	2480907	TAG	FF954_11980	2479360	1548	CDS		GTG	FF954_11980|CP040690_2479360_2480907_+1_GTG_515
CP040690	2484648	TGA	FF954_11990	2482987	1662	CDS		ATG	FF954_11990|CP040690_2482987_2484648_+1_ATG_553
CP040690	2485553	TAG	FF954_11995	2484648	906	CDS		ATG	FF954_11995|CP040690_2484648_2485553_+3_ATG_301
CP040690	2486298	TGA	FF954_12000	2485606	693	CDS		GTG	FF954_12000|CP040690_2485606_2486298_+1_GTG_230
CP040690	2487230	TAG	FF954_12005	2486295	936	CDS		ATG	FF954_12005|CP040690_2486295_2487230_+3_ATG_311
CP040690	2488009	TAA	FF954_12010	2487257	753	CDS		ATG	FF954_12010|CP040690_2487257_2488009_+2_ATG_250
CP040690	2490073	TAA	FF954_12020	2488637	1437	CDS		GTG	FF954_12020|CP040690_2488637_2490073_+2_GTG_478
CP040690	2499609	TGA	FF954_12050	2498764	846	CDS		ATG	FF954_12050|CP040690_2498764_2499609_+1_ATG_281
CP040690	2501395	TGA	FF954_12055	2499854	1542	CDS		ATG	FF954_12055|CP040690_2499854_2501395_+2_ATG_513
CP040690	2502655	TGA	FF954_12065	2501945	711	CDS		GTG	FF954_12065|CP040690_2501945_2502655_+2_GTG_236
CP040690	2508176	TGA	FF954_12100	2507301	876	CDS		GTG	FF954_12100|CP040690_2507301_2508176_+3_GTG_291
CP040690	2508660	TGA	FF954_12105	2508169	492	CDS		GTG	FF954_12105|CP040690_2508169_2508660_+1_GTG_163
CP040690	2509475	TAA	FF954_12110	2508660	816	CDS		ATG	FF954_12110|CP040690_2508660_2509475_+3_ATG_271
CP040690	2511279	TGA	FF954_12120	2510512	768	CDS		ATG	FF954_12120|CP040690_2510512_2511279_+1_ATG_255
CP040690	2516267	TAA	FF954_12150	2513475	2793	CDS		TTG	FF954_12150|CP040690_2513475_2516267_+3_TTG_930
CP040690	2517571	TGA	FF954_12155	2516327	1245	CDS		GTG	FF954_12155|CP040690_2516327_2517571_+2_GTG_414
CP040690	2518718	TAA	FF954_12160	2517810	909	CDS		GTG	FF954_12160|CP040690_2517810_2518718_+3_GTG_302
CP040690	2519141	TGA	FF954_12165	2518794	348	CDS		GTG	FF954_12165|CP040690_2518794_2519141_+3_GTG_115
CP040690	2520388	TGA	FF954_12170	2519138	1251	CDS		GTG	FF954_12170|CP040690_2519138_2520388_+2_GTG_416
CP040690	2521735	TAA	FF954_12175	2520419	1317	CDS		GTG	FF954_12175|CP040690_2520419_2521735_+2_GTG_438
CP040690	2523187	TAG	FF954_12180	2521766	1422	CDS		ATG	FF954_12180|CP040690_2521766_2523187_+2_ATG_473
CP040690	2524198	TGA	FF954_12185	2523383	816	CDS		ATG	FF954_12185|CP040690_2523383_2524198_+2_ATG_271
CP040690	2528017	TGA	FF954_12200	2526428	1590	CDS		ATG	FF954_12200|CP040690_2526428_2528017_+2_ATG_529
CP040690	2528943	TAA	FF954_12205	2528014	930	CDS		ATG	FF954_12205|CP040690_2528014_2528943_+1_ATG_309
CP040690	2529512	TGA	FF954_12210	2529009	504	CDS		ATG	FF954_12210|CP040690_2529009_2529512_+3_ATG_167
CP040690	2530337	TGA	FF954_12225	2530119	219	CDS		GTG	FF954_12225|CP040690_2530119_2530337_+3_GTG_72
CP040690	2534302	TGA	FF954_12250	2533217	1086	CDS		ATG	FF954_12250|CP040690_2533217_2534302_+2_ATG_361
CP040690	2534937	TGA	FF954_12255	2534302	636	CDS		ATG	FF954_12255|CP040690_2534302_2534937_+1_ATG_211
CP040690	2537564	TGA	FF954_12265	2536611	954	CDS		ATG	FF954_12265|CP040690_2536611_2537564_+3_ATG_317
CP040690	2540899	TAA	FF954_12275	2539670	1230	CDS		GTG	FF954_12275|CP040690_2539670_2540899_+2_GTG_409
CP040690	2542360	TGA	FF954_12280	2541074	1287	CDS		ATG	FF954_12280|CP040690_2541074_2542360_+2_ATG_428
CP040690	2546196	TGA	FF954_12300	2545669	528	CDS		ATG	FF954_12300|CP040690_2545669_2546196_+1_ATG_175
CP040690	2546602	TAG	FF954_12305	2546303	300	CDS		ATG	FF954_12305|CP040690_2546303_2546602_+2_ATG_99
CP040690	2547076	TGA	FF954_12310	2546708	369	CDS		GTG	FF954_12310|CP040690_2546708_2547076_+2_GTG_122
CP040690	2547402	TAG	FF954_12315	2547073	330	CDS		GTG	FF954_12315|CP040690_2547073_2547402_+1_GTG_109
CP040690	2548724	TGA	FF954_12325	2547854	871	CDS	true	ATG	FF954_12325_p|CP040690_2547854_2548724_+2_ATG_290
CP040690	2549911	TAG	FF954_12330	2548721	1191	CDS	true	ATG	FF954_12330_p|CP040690_2548721_2549911_+2_ATG_396
CP040690	2552553	TGA	FF954_12340	2551174	1380	CDS		ATG	FF954_12340|CP040690_2551174_2552553_+1_ATG_459
CP040690	2554445	TGA	FF954_12345	2552787	1659	CDS		ATG	FF954_12345|CP040690_2552787_2554445_+3_ATG_552
CP040690	2555749	TAA	FF954_12355	2555555	195	CDS		ATG	FF954_12355|CP040690_2555555_2555749_+2_ATG_64
CP040690	2557054	TAG	FF954_12360	2555759	1296	CDS		ATG	FF954_12360|CP040690_2555759_2557054_+2_ATG_431
CP040690	2558424	TAG	FF954_12365	2557087	1338	CDS		GTG	FF954_12365|CP040690_2557087_2558424_+1_GTG_445
CP040690	2560945	TGA	FF954_12375	2559317	1629	CDS		ATG	FF954_12375|CP040690_2559317_2560945_+2_ATG_542
CP040690	2561319	TAA	FF954_12380	2560942	378	CDS		GTG	FF954_12380|CP040690_2560942_2561319_+1_GTG_125
CP040690	2562071	TGA	FF954_12385	2561289	783	CDS		GTG	FF954_12385|CP040690_2561289_2562071_+3_GTG_260
CP040690	2562728	TAA	FF954_12390	2562213	516	CDS		TTG	FF954_12390|CP040690_2562213_2562728_+3_TTG_171
CP040690	2563642	TAG	FF954_12395	2562788	855	CDS		GTG	FF954_12395|CP040690_2562788_2563642_+2_GTG_284
CP040690	2564932	TAG	FF954_12405	2564831	102	CDS	true	TAT	FF954_12405_p|CP040690_2564831_2564932_+2_TAT_33
CP040690	2566165	TAG	FF954_12410	2564942	1224	CDS		GTG	FF954_12410|CP040690_2564942_2566165_+2_GTG_407
CP040690	2567026	TAA	FF954_12415	2566388	639	CDS		ATG	FF954_12415|CP040690_2566388_2567026_+2_ATG_212
CP040690	2568022	TAA	FF954_12420	2567120	903	CDS		ATG	FF954_12420|CP040690_2567120_2568022_+2_ATG_300
CP040690	2568506	TGA	FF954_12425	2568054	453	CDS		ATG	FF954_12425|CP040690_2568054_2568506_+3_ATG_150
CP040690	2569669	TGA	FF954_12430	2568698	972	CDS		ATG	FF954_12430|CP040690_2568698_2569669_+2_ATG_323
CP040690	2573323	TAG	FF954_12445	2572631	693	CDS		GTG	FF954_12445|CP040690_2572631_2573323_+2_GTG_230
CP040690	2573671	TAG	FF954_12450	2573429	243	CDS		ATG	FF954_12450|CP040690_2573429_2573671_+2_ATG_80
CP040690	2576714	TGA	FF954_12470	2575425	1290	CDS		ATG	FF954_12470|CP040690_2575425_2576714_+3_ATG_429
CP040690	2577538	TAG	FF954_12475	2577050	489	CDS		CTG	FF954_12475|CP040690_2577050_2577538_+2_CTG_162
CP040690	2580751	TAA	FF954_12505	2580035	717	CDS		ATG	FF954_12505|CP040690_2580035_2580751_+2_ATG_238
CP040690	2581093	TGA	FF954_12510	2580761	333	CDS		ATG	FF954_12510|CP040690_2580761_2581093_+2_ATG_110
CP040690	2582948	TGA	FF954_12535	2582661	288	CDS		TTG	FF954_12535|CP040690_2582661_2582948_+3_TTG_95
CP040690	2583395	TGA	FF954_12540	2583051	345	CDS		GTG	FF954_12540|CP040690_2583051_2583395_+3_GTG_114
CP040690	2584024	TGA	FF954_12545	2583500	525	CDS		GTG	FF954_12545|CP040690_2583500_2584024_+2_GTG_174
CP040690	2584371	TGA	FF954_12550	2584102	270	CDS		ATG	FF954_12550|CP040690_2584102_2584371_+1_ATG_89
CP040690	2589326	TAG	FF954_12570	2588454	873	CDS		ATG	FF954_12570|CP040690_2588454_2589326_+3_ATG_290
CP040690	2590137	TGA	FF954_12575	2589313	825	CDS		ATG	FF954_12575|CP040690_2589313_2590137_+1_ATG_274
CP040690	2591456	TAG	FF954_12580	2590134	1323	CDS		GTG	FF954_12580|CP040690_2590134_2591456_+3_GTG_440
CP040690	2596395	TAG	FF954_12610	2595949	447	CDS		ATG	FF954_12610|CP040690_2595949_2596395_+1_ATG_148
CP040690	2600094	TAG	FF954_12625	2599603	492	CDS		ATG	FF954_12625|CP040690_2599603_2600094_+1_ATG_163
CP040690	2600317	TAA	FF954_12630	2600129	189	CDS		GTG	FF954_12630|CP040690_2600129_2600317_+2_GTG_62
CP040690	2601494	TAG	FF954_12635	2600346	1149	CDS		ATG	FF954_12635|CP040690_2600346_2601494_+3_ATG_382
CP040690	2604298	TAG	FF954_12650	2603912	387	CDS		GTG	FF954_12650|CP040690_2603912_2604298_+2_GTG_128
CP040690	2604693	TAA	FF954_12655	2604355	339	CDS		ATG	FF954_12655|CP040690_2604355_2604693_+1_ATG_112
CP040690	2606369	TAA	FF954_12660	2604723	1647	CDS		ATG	FF954_12660|CP040690_2604723_2606369_+3_ATG_548
CP040690	2609344	TAA	FF954_12670	2608412	933	CDS		ATG	FF954_12670|CP040690_2608412_2609344_+2_ATG_310
CP040690	2610037	TGA	FF954_12675	2609348	690	CDS		ATG	FF954_12675|CP040690_2609348_2610037_+2_ATG_229
CP040690	2611421	TGA	FF954_12680	2610453	969	CDS		ATG	FF954_12680|CP040690_2610453_2611421_+3_ATG_322
CP040690	2614912	TAG	FF954_12700	2613665	1248	CDS		ATG	FF954_12700|CP040690_2613665_2614912_+2_ATG_415
CP040690	2615715	TGA	FF954_12710	2615239	477	CDS		GTG	FF954_12710|CP040690_2615239_2615715_+1_GTG_158
CP040690	2618640	TGA	FF954_12715	2615752	2889	CDS		ATG	FF954_12715|CP040690_2615752_2618640_+1_ATG_962
CP040690	2618696	GGC	FF954_12720	2618597	100	CDS	true	GCC	FF954_12720_p|CP040690_2618597_2618696_+2_GCC_33
CP040690	2621075	TGA	FF954_12735	2620656	420	CDS		ATG	FF954_12735|CP040690_2620656_2621075_+3_ATG_139
CP040690	2621588	TGA	FF954_12740	2621331	258	CDS		TTG	FF954_12740|CP040690_2621331_2621588_+3_TTG_85
CP040690	2626862	TAA	FF954_12755	2624880	1983	CDS		ATG	FF954_12755|CP040690_2624880_2626862_+3_ATG_660
CP040690	2640107	GTC	FF954_12815	2639883	225	CDS	true	ATG	FF954_12815_p|CP040690_2639883_2640107_+3_ATG_75
CP040690	2643807	TGA	FF954_12830	2643628	180	CDS		GTG	FF954_12830|CP040690_2643628_2643807_+1_GTG_59
CP040690	2644225	TGA	FF954_12835	2643818	408	CDS		ATG	FF954_12835|CP040690_2643818_2644225_+2_ATG_135
CP040690	2644614	TAG	FF954_12840	2644222	393	CDS		ATG	FF954_12840|CP040690_2644222_2644614_+1_ATG_130
CP040690	2648346	TAA	FF954_12860	2646892	1455	CDS		GTG	FF954_12860|CP040690_2646892_2648346_+1_GTG_484
CP040690	2654510	TGA	FF954_12900	2654223	288	CDS		GTG	FF954_12900|CP040690_2654223_2654510_+3_GTG_95
CP040690	2658154	TGA	FF954_12920	2657837	318	CDS		ATG	FF954_12920|CP040690_2657837_2658154_+2_ATG_105
CP040690	2680205	TGA	FF954_12965	2678508	1698	CDS		ATG	FF954_12965|CP040690_2678508_2680205_+3_ATG_565
CP040690	2681221	TGA	FF954_12970	2680301	921	CDS		ATG	FF954_12970|CP040690_2680301_2681221_+2_ATG_306
CP040690	2683239	TAA	FF954_12980	2683030	210	CDS		ATG	FF954_12980|CP040690_2683030_2683239_+1_ATG_69
CP040690	2684590	TAG	FF954_12985	2683337	1254	CDS		ATG	FF954_12985|CP040690_2683337_2684590_+2_ATG_417
CP040690	2688942	TGA	FF954_13005	2687251	1692	CDS		ATG	FF954_13005|CP040690_2687251_2688942_+1_ATG_563
CP040690	2689703	TGA	FF954_13010	2688939	765	CDS		ATG	FF954_13010|CP040690_2688939_2689703_+3_ATG_254
CP040690	2690599	TAG	FF954_13015	2689733	867	CDS		ATG	FF954_13015|CP040690_2689733_2690599_+2_ATG_288
CP040690	2692567	TGA	FF954_13020	2690636	1932	CDS		GTG	FF954_13020|CP040690_2690636_2692567_+2_GTG_643
CP040690	2694701	TAA	FF954_13025	2692698	2004	CDS		ATG	FF954_13025|CP040690_2692698_2694701_+3_ATG_667
CP040690	2695065	TGA	FF954_13030	2694850	216	CDS		TTG	FF954_13030|CP040690_2694850_2695065_+1_TTG_71
CP040690	2695341	TAG	FF954_13035	2695177	165	CDS		GTG	FF954_13035|CP040690_2695177_2695341_+1_GTG_54
CP040690	2695850	TGA	FF954_13040	2695362	489	CDS		ATG	FF954_13040|CP040690_2695362_2695850_+3_ATG_162
CP040690	2696509	TAG	FF954_13045	2696120	390	CDS	true	GGC	FF954_13045_p|CP040690_2696120_2696509_+2_GGC_129
CP040690	2700682	TGA	FF954_13070	2700353	330	CDS		GTG	FF954_13070|CP040690_2700353_2700682_+2_GTG_109
CP040690	2703082	TAG	FF954_13080	2701154	1929	CDS		ATG	FF954_13080|CP040690_2701154_2703082_+2_ATG_642
CP040690	2706463	TAA	FF954_13095	2705894	570	CDS		TTG	FF954_13095|CP040690_2705894_2706463_+2_TTG_189
CP040690	2708164	TAG	FF954_13105	2707322	843	CDS		ATG	FF954_13105|CP040690_2707322_2708164_+2_ATG_280
CP040690	2708525	TGA	FF954_13115	2708247	279	CDS		GTG	FF954_13115|CP040690_2708247_2708525_+3_GTG_92
CP040690	2708965	AGC	FF954_13120	2708711	255	CDS	true	ATG	FF954_13120_p|CP040690_2708711_2708965_+2_ATG_85
CP040690	2712981	TGA	FF954_13140	2712721	261	CDS		GTG	FF954_13140|CP040690_2712721_2712981_+1_GTG_86
CP040690	2722001	TAG	FF954_13195	2721729	273	CDS		ATG	FF954_13195|CP040690_2721729_2722001_+3_ATG_90
CP040690	2723289	TGA	FF954_13200	2722243	1047	CDS		GTG	FF954_13200|CP040690_2722243_2723289_+1_GTG_348
CP040690	2729406	TAA	FF954_13235	2728819	588	CDS		ATG	FF954_13235|CP040690_2728819_2729406_+1_ATG_195
CP040690	2729965	TAA	FF954_13240	2729432	534	CDS		ATG	FF954_13240|CP040690_2729432_2729965_+2_ATG_177
CP040690	2736770	TGA	FF954_13280	2735856	915	CDS		ATG	FF954_13280|CP040690_2735856_2736770_+3_ATG_304
CP040690	2737421	TAG	FF954_13290	2736984	438	CDS		GTG	FF954_13290|CP040690_2736984_2737421_+3_GTG_145
CP040690	2744810	TAG	FF954_13325	2743335	1476	CDS		ATG	FF954_13325|CP040690_2743335_2744810_+3_ATG_491
CP040690	2755286	TGA	FF954_13365	2754888	399	CDS		GTG	FF954_13365|CP040690_2754888_2755286_+3_GTG_132
CP040690	2763313	TGA	FF954_13400	2762405	909	CDS		GTG	FF954_13400|CP040690_2762405_2763313_+2_GTG_302
CP040690	2765006	TAA	FF954_13405	2763480	1527	CDS		ATG	FF954_13405|CP040690_2763480_2765006_+3_ATG_508
CP040690	2769465	TAG	FF954_13435	2768281	1185	CDS		ATG	FF954_13435|CP040690_2768281_2769465_+1_ATG_394
CP040690	2774197	TAG	FF954_13455	2771612	2586	CDS		GTG	FF954_13455|CP040690_2771612_2774197_+2_GTG_861
CP040690	2776190	TGA	FF954_13475	2775804	387	CDS		ATG	FF954_13475|CP040690_2775804_2776190_+3_ATG_128
CP040690	2777830	TAG	FF954_13480	2776190	1641	CDS		ATG	FF954_13480|CP040690_2776190_2777830_+2_ATG_546
CP040690	2778191	TAA	FF954_13485	2777898	294	CDS		ATG	FF954_13485|CP040690_2777898_2778191_+3_ATG_97
CP040690	2778910	TGA	FF954_13490	2778194	717	CDS		GTG	FF954_13490|CP040690_2778194_2778910_+2_GTG_238
CP040690	2787787	TAG	FF954_13520	2787530	258	CDS		ATG	FF954_13520|CP040690_2787530_2787787_+2_ATG_85
CP040690	2796388	TAG	FF954_13555	2795618	771	CDS		ATG	FF954_13555|CP040690_2795618_2796388_+2_ATG_256
CP040690	2808550	TAG	FF954_13585	2807927	624	CDS		ATG	FF954_13585|CP040690_2807927_2808550_+2_ATG_207
CP040690	2809292	TAG	FF954_13590	2808540	753	CDS		ATG	FF954_13590|CP040690_2808540_2809292_+3_ATG_250
CP040690	2809566	TGA	FF954_13595	2809345	222	CDS		GTG	FF954_13595|CP040690_2809345_2809566_+1_GTG_73
CP040690	2809997	TAA	FF954_13600	2809572	426	CDS		GTG	FF954_13600|CP040690_2809572_2809997_+3_GTG_141
CP040690	2823621	TAG	FF954_13660	2822974	648	CDS		GTG	FF954_13660|CP040690_2822974_2823621_+1_GTG_215
CP040690	2824521	TAG	FF954_13665	2823700	822	CDS		ATG	FF954_13665|CP040690_2823700_2824521_+1_ATG_273
CP040690	2826746	TAG	FF954_13675	2825940	807	CDS		ATG	FF954_13675|CP040690_2825940_2826746_+3_ATG_268
CP040690	2829066	TAA	FF954_13685	2828419	648	CDS		GTG	FF954_13685|CP040690_2828419_2829066_+1_GTG_215
CP040690	2829754	GCC	FF954_13695	2829521	234	CDS	true	ATG	FF954_13695_p|CP040690_2829521_2829754_+2_ATG_78
CP040690	2831202	TGA	FF954_13705	2831065	138	CDS		TTG	FF954_13705|CP040690_2831065_2831202_+1_TTG_45
CP040690	2831401	TAA	FF954_13710	2831216	186	CDS		ATG	FF954_13710|CP040690_2831216_2831401_+2_ATG_61
CP040690	2831845	TAA	FF954_13715	2831423	423	CDS		GTG	FF954_13715|CP040690_2831423_2831845_+2_GTG_140
CP040690	2832098	TGA	FF954_13720	2831853	246	CDS		ATG	FF954_13720|CP040690_2831853_2832098_+3_ATG_81
CP040690	2838525	TAG	FF954_13760	2837047	1479	CDS		GTG	FF954_13760|CP040690_2837047_2838525_+1_GTG_492
CP040690	2839419	TAG	FF954_13770	2838946	474	CDS		GTG	FF954_13770|CP040690_2838946_2839419_+1_GTG_157
CP040690	2851083	TAG	FF954_13790	2850838	246	CDS		GTG	FF954_13790|CP040690_2850838_2851083_+1_GTG_81
CP040690	2852172	TGA	FF954_13800	2851837	336	CDS		ATG	FF954_13800|CP040690_2851837_2852172_+1_ATG_111
CP040690	2852580	TGA	FF954_13805	2852353	228	CDS		ATG	FF954_13805|CP040690_2852353_2852580_+1_ATG_75
CP040690	2852978	TAG	FF954_13810	2852577	402	CDS		ATG	FF954_13810|CP040690_2852577_2852978_+3_ATG_133
CP040690	2855528	TGA	FF954_13820	2854137	1392	CDS		GTG	FF954_13820|CP040690_2854137_2855528_+3_GTG_463
CP040690	2862406	TAA	FF954_13860	2861714	693	CDS		ATG	FF954_13860|CP040690_2861714_2862406_+2_ATG_230
CP040690	2866096	TGA	FF954_13885	2865689	408	CDS		ATG	FF954_13885|CP040690_2865689_2866096_+2_ATG_135
CP040690	2867603	TGA	FF954_13890	2866392	1212	CDS		GTG	FF954_13890|CP040690_2866392_2867603_+3_GTG_403
CP040690	2868389	TGA	FF954_13900	2867730	660	CDS		GTG	FF954_13900|CP040690_2867730_2868389_+3_GTG_219
CP040690	2869045	TGA	FF954_13905	2868386	660	CDS		TTG	FF954_13905|CP040690_2868386_2869045_+2_TTG_219
CP040690	2869704	TGA	FF954_13910	2869042	663	CDS		TTG	FF954_13910|CP040690_2869042_2869704_+1_TTG_220
CP040690	2869979	TAG	FF954_13915	2869701	279	CDS		GTG	FF954_13915|CP040690_2869701_2869979_+3_GTG_92
CP040690	2870485	TAA	FF954_13920	2870072	414	CDS		ATG	FF954_13920|CP040690_2870072_2870485_+2_ATG_137
CP040690	2870781	TGA	FF954_13925	2870524	258	CDS		ATG	FF954_13925|CP040690_2870524_2870781_+1_ATG_85
CP040690	2871155	TGA	FF954_13930	2870778	378	CDS		GTG	FF954_13930|CP040690_2870778_2871155_+3_GTG_125
CP040690	2879667	TGA	FF954_13985	2878993	675	CDS		TTG	FF954_13985|CP040690_2878993_2879667_+1_TTG_224
CP040690	2880462	TGA	FF954_13990	2879752	711	CDS		TTG	FF954_13990|CP040690_2879752_2880462_+1_TTG_236
CP040690	2882973	TAG	FF954_14000	2881996	978	CDS		ATG	FF954_14000|CP040690_2881996_2882973_+1_ATG_325
CP040690	2884067	TAA	FF954_14015	2883330	738	CDS		ATG	FF954_14015|CP040690_2883330_2884067_+3_ATG_245
CP040690	2885259	TAG	FF954_14020	2884210	1050	CDS		ATG	FF954_14020|CP040690_2884210_2885259_+1_ATG_349
CP040690	2886254	TAG	FF954_14025	2885262	993	CDS		ATG	FF954_14025|CP040690_2885262_2886254_+3_ATG_330
CP040690	2888282	TGA	FF954_14030	2886531	1752	CDS		ATG	FF954_14030|CP040690_2886531_2888282_+3_ATG_583
CP040690	2891715	TAA	FF954_14035	2888293	3423	CDS		GTG	FF954_14035|CP040690_2888293_2891715_+1_GTG_1140
CP040690	2894369	TAA	FF954_14040	2891715	2655	CDS		ATG	FF954_14040|CP040690_2891715_2894369_+3_ATG_884
CP040690	2896821	TGA	FF954_14055	2896432	390	CDS		GTG	FF954_14055|CP040690_2896432_2896821_+1_GTG_129
CP040690	2900703	TAG	FF954_14070	2899828	876	CDS		ATT	FF954_14070|CP040690_2899828_2900703_+1_ATT_291
CP040690	2901230	TAG	FF954_14075	2900726	505	CDS	true	ATG	FF954_14075_p|CP040690_2900726_2901230_+2_ATG_168
CP040690	2902141	TAG	FF954_14080	2901260	882	CDS		ATG	FF954_14080|CP040690_2901260_2902141_+2_ATG_293
CP040690	2904428	TAG	FF954_14090	2902839	1590	CDS		GTG	FF954_14090|CP040690_2902839_2904428_+3_GTG_529
CP040690	2906462	TGA	FF954_14100	2905560	903	CDS		ATG	FF954_14100|CP040690_2905560_2906462_+3_ATG_300
CP040690	2909661	TAG	FF954_14115	2908735	927	CDS		ATG	FF954_14115|CP040690_2908735_2909661_+1_ATG_308
CP040690	2919630	TGA	FF954_14155	2918281	1350	CDS		GTG	FF954_14155|CP040690_2918281_2919630_+1_GTG_449
CP040690	2923298	TGA	FF954_14160	2919792	3507	CDS		ATG	FF954_14160|CP040690_2919792_2923298_+3_ATG_1168
CP040690	2925103	TAG	FF954_14165	2923472	1632	CDS		ATG	FF954_14165|CP040690_2923472_2925103_+2_ATG_543
CP040690	2927658	TGA	FF954_14185	2927413	246	CDS		ATG	FF954_14185|CP040690_2927413_2927658_+1_ATG_81
CP040690	2928059	TGA	FF954_14190	2927655	405	CDS		GTG	FF954_14190|CP040690_2927655_2928059_+3_GTG_134
CP040690	2928896	TAG	FF954_14195	2928276	621	CDS		GTG	FF954_14195|CP040690_2928276_2928896_+3_GTG_206
CP040690	2929401	TGA	FF954_14200	2928907	495	CDS		GTG	FF954_14200|CP040690_2928907_2929401_+1_GTG_164
CP040690	2929829	TAA	FF954_14205	2929398	432	CDS		ATG	FF954_14205|CP040690_2929398_2929829_+3_ATG_143
CP040690	2930312	TGA	FF954_14210	2929911	402	CDS		GTG	FF954_14210|CP040690_2929911_2930312_+3_GTG_133
CP040690	2931880	TAG	FF954_14215	2930309	1572	CDS		ATG	FF954_14215|CP040690_2930309_2931880_+2_ATG_523
CP040690	2932278	TGA	FF954_14220	2931991	288	CDS		ATG	FF954_14220|CP040690_2931991_2932278_+1_ATG_95
CP040690	2932705	TGA	FF954_14225	2932265	441	CDS		ATG	FF954_14225|CP040690_2932265_2932705_+2_ATG_146
CP040690	2936793	TGA	FF954_14250	2936119	675	CDS		ATG	FF954_14250|CP040690_2936119_2936793_+1_ATG_224
CP040690	2938709	TAA	FF954_14255	2936967	1743	CDS		ATG	FF954_14255|CP040690_2936967_2938709_+3_ATG_580
CP040690	2945524	TAG	FF954_14290	2945297	228	CDS		GTG	FF954_14290|CP040690_2945297_2945524_+2_GTG_75
CP040690	2947760	TGA	FF954_14300	2947260	501	CDS		GTG	FF954_14300|CP040690_2947260_2947760_+3_GTG_166
CP040690	2949041	TGA	FF954_14310	2948364	678	CDS		GTG	FF954_14310|CP040690_2948364_2949041_+3_GTG_225
CP040690	2951387	TGA	FF954_14330	2950566	822	CDS		ATG	FF954_14330|CP040690_2950566_2951387_+3_ATG_273
CP040690	2952416	TAG	FF954_14335	2951523	894	CDS		ATG	FF954_14335|CP040690_2951523_2952416_+3_ATG_297
CP040690	2957350	TAA	FF954_14360	2956988	363	CDS		ATG	FF954_14360|CP040690_2956988_2957350_+2_ATG_120
CP040690	2958821	TAG	FF954_14365	2957697	1125	CDS		ATG	FF954_14365|CP040690_2957697_2958821_+3_ATG_374
CP040690	2959362	TGA	FF954_14370	2958823	540	CDS		ATG	FF954_14370|CP040690_2958823_2959362_+1_ATG_179
CP040690	2960799	TGA	FF954_14375	2959501	1299	CDS		ATG	FF954_14375|CP040690_2959501_2960799_+1_ATG_432
CP040690	2964641	TGA	FF954_14400	2964399	243	CDS		ATG	FF954_14400|CP040690_2964399_2964641_+3_ATG_80
CP040690	2965319	TGA	FF954_14405	2964642	678	CDS		GTG	FF954_14405|CP040690_2964642_2965319_+3_GTG_225
CP040690	2966171	TGA	FF954_14410	2965515	657	CDS		ATG	FF954_14410|CP040690_2965515_2966171_+3_ATG_218
CP040690	2966780	TGA	FF954_14415	2966334	447	CDS		ATG	FF954_14415|CP040690_2966334_2966780_+3_ATG_148
CP040690	2968326	TAA	FF954_14430	2967868	459	CDS		ATG	FF954_14430|CP040690_2967868_2968326_+1_ATG_152
CP040690	2968842	TGA	FF954_14435	2968462	381	CDS		ATG	FF954_14435|CP040690_2968462_2968842_+1_ATG_126
CP040690	2970335	TAG	FF954_14440	2968839	1497	CDS		ATG	FF954_14440|CP040690_2968839_2970335_+3_ATG_498
CP040690	2970761	TGA	FF954_14445	2970525	237	CDS		ATC	FF954_14445|CP040690_2970525_2970761_+3_ATC_78
CP040690	2971007	TGA	FF954_14450	2970834	174	CDS		ATC	FF954_14450|CP040690_2970834_2971007_+3_ATC_57
CP040690	2972701	TAG	FF954_14485	2972429	273	CDS		ATG	FF954_14485|CP040690_2972429_2972701_+2_ATG_90
CP040690	2973033	TGA	FF954_14490	2972800	234	CDS		GTG	FF954_14490|CP040690_2972800_2973033_+1_GTG_77
CP040690	2973298	TAA	FF954_14495	2973044	255	CDS		GTG	FF954_14495|CP040690_2973044_2973298_+2_GTG_84
CP040690	2973927	TAA	FF954_14505	2973646	282	CDS		ATG	FF954_14505|CP040690_2973646_2973927_+1_ATG_93
CP040690	2974800	AAT	FF954_14515	2974018	783	CDS	true	ATG	FF954_14515_p|CP040690_2974018_2974800_+1_ATG_261
CP040690	2975601	TGA	FF954_14520	2974843	759	CDS		ATG	FF954_14520|CP040690_2974843_2975601_+1_ATG_252
CP040690	2976201	TGA	FF954_14525	2975680	522	CDS		ATG	FF954_14525|CP040690_2975680_2976201_+1_ATG_173
CP040690	2976700	TGA	FF954_14530	2976230	471	CDS		GTG	FF954_14530|CP040690_2976230_2976700_+2_GTG_156
CP040690	2978562	TGA	FF954_14540	2977786	777	CDS		ATG	FF954_14540|CP040690_2977786_2978562_+1_ATG_258
CP040690	2980215	TGA	FF954_14545	2978629	1587	CDS		ATG	FF954_14545|CP040690_2978629_2980215_+1_ATG_528
CP040690	2981539	TGA	FF954_14550	2980238	1302	CDS		GTG	FF954_14550|CP040690_2980238_2981539_+2_GTG_433
CP040690	2982173	TAG	FF954_14555	2981763	411	CDS		ATG	FF954_14555|CP040690_2981763_2982173_+3_ATG_136
CP040690	2987002	TGA	FF954_14580	2986172	831	CDS		ATG	FF954_14580|CP040690_2986172_2987002_+2_ATG_276
CP040690	2987743	TGA	FF954_14585	2987111	633	CDS		TTG	FF954_14585|CP040690_2987111_2987743_+2_TTG_210
CP040690	2989061	TAG	FF954_14590	2987745	1317	CDS		ATG	FF954_14590|CP040690_2987745_2989061_+3_ATG_438
CP040690	2991086	GGC	FF954_14600	2990879	208	CDS	true	GTG	FF954_14600_p|CP040690_2990879_2991086_+2_GTG_69
CP040690	2991615	TGA	FF954_14605	2991118	498	CDS		ATG	FF954_14605|CP040690_2991118_2991615_+1_ATG_165
CP040690	2992909	TGA	FF954_14610	2991620	1290	CDS		GTG	FF954_14610|CP040690_2991620_2992909_+2_GTG_429
CP040690	2994275	TAA	FF954_14615	2992989	1287	CDS		ATG	FF954_14615|CP040690_2992989_2994275_+3_ATG_428
CP040690	2998282	TGA	FF954_14640	2998025	258	CDS		GTG	FF954_14640|CP040690_2998025_2998282_+2_GTG_85
CP040690	3001033	TGA	FF954_14650	3000350	684	CDS		ATG	FF954_14650|CP040690_3000350_3001033_+2_ATG_227
CP040690	3001692	TAA	FF954_14655	3001030	663	CDS		ATG	FF954_14655|CP040690_3001030_3001692_+1_ATG_220
CP040690	3003629	TGA	FF954_14670	3002922	708	CDS		ATG	FF954_14670|CP040690_3002922_3003629_+3_ATG_235
CP040690	3005664	TGA	FF954_14685	3005179	486	CDS		GTG	FF954_14685|CP040690_3005179_3005664_+1_GTG_161
CP040690	3006858	TGA	FF954_14695	3006208	651	CDS		GTG	FF954_14695|CP040690_3006208_3006858_+1_GTG_216
CP040690	3008660	TGA	FF954_14705	3007863	798	CDS		ATG	FF954_14705|CP040690_3007863_3008660_+3_ATG_265
CP040690	3010426	TGA	FF954_14710	3008840	1587	CDS		GTG	FF954_14710|CP040690_3008840_3010426_+2_GTG_528
CP040690	3010891	TAG	FF954_14715	3010463	429	CDS		ATG	FF954_14715|CP040690_3010463_3010891_+2_ATG_142
CP040690	3012552	TAG	FF954_14730	3011578	975	CDS		ATG	FF954_14730|CP040690_3011578_3012552_+1_ATG_324
CP040690	3013290	TAG	FF954_14740	3012844	447	CDS		ATG	FF954_14740|CP040690_3012844_3013290_+1_ATG_148
CP040690	3014437	TGA	FF954_14745	3013466	972	CDS		ATG	FF954_14745|CP040690_3013466_3014437_+2_ATG_323
CP040690	3015262	TGA	FF954_14750	3014570	693	CDS		ATG	FF954_14750|CP040690_3014570_3015262_+2_ATG_230
CP040690	3017852	TGA	FF954_14760	3016446	1407	CDS		ATG	FF954_14760|CP040690_3016446_3017852_+3_ATG_468
CP040690	3019044	TAA	FF954_14765	3018070	975	CDS		ATG	FF954_14765|CP040690_3018070_3019044_+1_ATG_324
CP040690	3020128	TGA	FF954_14770	3019103	1026	CDS		ATG	FF954_14770|CP040690_3019103_3020128_+2_ATG_341
CP040690	3020863	TGA	FF954_14775	3020177	687	CDS		ATG	FF954_14775|CP040690_3020177_3020863_+2_ATG_228
CP040690	3023503	TGA	FF954_14795	3022793	711	CDS		ATG	FF954_14795|CP040690_3022793_3023503_+2_ATG_236
CP040690	3025888	TGA	FF954_14805	3025640	249	CDS		ATG	FF954_14805|CP040690_3025640_3025888_+2_ATG_82
CP040690	3027107	TGA	FF954_14810	3025914	1194	CDS		ATG	FF954_14810|CP040690_3025914_3027107_+3_ATG_397
CP040690	3034023	TGA	FF954_14845	3033547	477	CDS		ATG	FF954_14845|CP040690_3033547_3034023_+1_ATG_158
CP040690	3035383	TAA	FF954_14850	3034031	1353	CDS		ATG	FF954_14850|CP040690_3034031_3035383_+2_ATG_450
CP040690	3037728	TAA	FF954_14865	3037453	276	CDS		GTG	FF954_14865|CP040690_3037453_3037728_+1_GTG_91
CP040690	3038680	TGA	FF954_14870	3037826	855	CDS		ATG	FF954_14870|CP040690_3037826_3038680_+2_ATG_284
CP040690	3042797	TGA	FF954_14890	3042624	174	CDS		GTG	FF954_14890|CP040690_3042624_3042797_+3_GTG_57
CP040690	3044687	TAG	FF954_14905	3044238	450	CDS		ATG	FF954_14905|CP040690_3044238_3044687_+3_ATG_149
CP040690	3044860	TGA	FF954_14910	3044594	267	CDS		GTG	FF954_14910|CP040690_3044594_3044860_+2_GTG_88
CP040690	3046496	TGA	FF954_14915	3044919	1578	CDS		ATG	FF954_14915|CP040690_3044919_3046496_+3_ATG_525
CP040690	3050791	TAG	FF954_14945	3050267	525	CDS		GTG	FF954_14945|CP040690_3050267_3050791_+2_GTG_174
CP040690	3053824	TGA	FF954_14955	3053510	315	CDS		ATG	FF954_14955|CP040690_3053510_3053824_+2_ATG_104
CP040690	3054639	TAG	FF954_14960	3053821	819	CDS		GTG	FF954_14960|CP040690_3053821_3054639_+1_GTG_272
CP040690	3055533	TGA	FF954_14965	3054643	891	CDS		ATG	FF954_14965|CP040690_3054643_3055533_+1_ATG_296
CP040690	3066378	TAG	FF954_15035	3065641	738	CDS		ATG	FF954_15035|CP040690_3065641_3066378_+1_ATG_245
CP040690	3074375	TAA	FF954_15090	3073914	462	CDS		ATG	FF954_15090|CP040690_3073914_3074375_+3_ATG_153
CP040690	3078941	TGA	FF954_15115	3077826	1116	CDS		ATG	FF954_15115|CP040690_3077826_3078941_+3_ATG_371
CP040690	3087880	TGA	FF954_15150	3086117	1764	CDS		ATG	FF954_15150|CP040690_3086117_3087880_+2_ATG_587
CP040690	3088651	TGA	FF954_15155	3087965	687	CDS	true	GTG	FF954_15155_p|CP040690_3087965_3088651_+2_GTG_228
CP040690	3099403	TAG	FF954_15210	3098774	630	CDS		TTG	FF954_15210|CP040690_3098774_3099403_+2_TTG_209
CP040690	3101071	TAA	FF954_15215	3099422	1650	CDS		GTG	FF954_15215|CP040690_3099422_3101071_+2_GTG_549
CP040690	3103295	TGA	FF954_15235	3103020	276	CDS		ATG	FF954_15235|CP040690_3103020_3103295_+3_ATG_91
CP040690	3103800	TGA	FF954_15240	3103435	366	CDS		GTG	FF954_15240|CP040690_3103435_3103800_+1_GTG_121
CP040690	3104277	TGA	FF954_15245	3103873	405	CDS		ATG	FF954_15245|CP040690_3103873_3104277_+1_ATG_134
CP040690	3104465	TAG	FF954_15250	3104274	192	CDS		GTG	FF954_15250|CP040690_3104274_3104465_+3_GTG_63
CP040690	3105818	TAA	FF954_15255	3104664	1155	CDS		GTG	FF954_15255|CP040690_3104664_3105818_+3_GTG_384
CP040690	3106309	TAA	FF954_15260	3106052	258	CDS		GTG	FF954_15260|CP040690_3106052_3106309_+2_GTG_85
CP040690	3106725	TGA	FF954_15265	3106414	312	CDS		ATG	FF954_15265|CP040690_3106414_3106725_+1_ATG_103
CP040690	3107753	TAG	FF954_15275	3107145	609	CDS		GTG	FF954_15275|CP040690_3107145_3107753_+3_GTG_202
CP040690	3109233	TGA	FF954_15280	3107824	1410	CDS		GTG	FF954_15280|CP040690_3107824_3109233_+1_GTG_469
CP040690	3110042	TGA	FF954_15285	3109230	813	CDS		ATG	FF954_15285|CP040690_3109230_3110042_+3_ATG_270
CP040690	3127058	TAG	FF954_15370	3126348	711	CDS		ATG	FF954_15370|CP040690_3126348_3127058_+3_ATG_236
CP040690	3139754	TGA	FF954_15430	3139209	546	CDS		GTG	FF954_15430|CP040690_3139209_3139754_+3_GTG_181
CP040690	3140239	TAG	FF954_15435	3139751	489	CDS		ATG	FF954_15435|CP040690_3139751_3140239_+2_ATG_162
CP040690	3153045	TGA	FF954_15480	3151198	1848	CDS		ATG	FF954_15480|CP040690_3151198_3153045_+1_ATG_615
CP040690	3154122	TGA	FF954_15485	3153082	1041	CDS		GTG	FF954_15485|CP040690_3153082_3154122_+1_GTG_346
CP040690	3155514	TGA	FF954_15490	3154135	1380	CDS		ATG	FF954_15490|CP040690_3154135_3155514_+1_ATG_459
CP040690	3156732	TGA	FF954_15495	3155614	1119	CDS		ATG	FF954_15495|CP040690_3155614_3156732_+1_ATG_372
CP040690	3157130	TAA	FF954_15500	3156798	333	CDS		GTG	FF954_15500|CP040690_3156798_3157130_+3_GTG_110
CP040690	3157357	TGA	FF954_15505	3157142	216	CDS		ATG	FF954_15505|CP040690_3157142_3157357_+2_ATG_71
CP040690	3157460	TGA	FF954_15510	3157278	183	CDS		ATG	FF954_15510|CP040690_3157278_3157460_+3_ATG_60
CP040690	3163925	TGA	FF954_15545	3163731	195	CDS		ATG	FF954_15545|CP040690_3163731_3163925_+3_ATG_64
CP040690	3164302	TGA	FF954_15550	3163922	381	CDS		ATG	FF954_15550|CP040690_3163922_3164302_+2_ATG_126
CP040690	3166748	TGA	FF954_15560	3166467	282	CDS		ATG	FF954_15560|CP040690_3166467_3166748_+3_ATG_93
CP040690	3167015	TAG	FF954_15565	3166752	264	CDS		GTG	FF954_15565|CP040690_3166752_3167015_+3_GTG_87
CP040690	3172325	TGA	FF954_15590	3172068	258	CDS		GTG	FF954_15590|CP040690_3172068_3172325_+3_GTG_85
CP040690	3172755	TAA	FF954_15595	3172312	444	CDS		ATG	FF954_15595|CP040690_3172312_3172755_+1_ATG_147
CP040690	3173497	TAA	FF954_15600	3172835	663	CDS		ATG	FF954_15600|CP040690_3172835_3173497_+2_ATG_220
CP040690	3173784	TGA	FF954_15605	3173593	192	CDS		ATG	FF954_15605|CP040690_3173593_3173784_+1_ATG_63
CP040690	3175864	TGA	FF954_15610	3173777	2088	CDS		ATG	FF954_15610|CP040690_3173777_3175864_+2_ATG_695
CP040690	3176541	TAA	FF954_15615	3175960	582	CDS		ATG	FF954_15615|CP040690_3175960_3176541_+1_ATG_193
CP040690	3176907	TAG	FF954_15620	3176593	315	CDS		ATG	FF954_15620|CP040690_3176593_3176907_+1_ATG_104
CP040690	3183243	TGA	FF954_15665	3182485	759	CDS		ATG	FF954_15665|CP040690_3182485_3183243_+1_ATG_252
CP040690	3185943	TAG	FF954_15680	3185524	420	CDS		ATG	FF954_15680|CP040690_3185524_3185943_+1_ATG_139
CP040690	3190108	TGA	FF954_15700	3189359	750	CDS		TTG	FF954_15700|CP040690_3189359_3190108_+2_TTG_249
CP040690	3192490	TAG	FF954_15710	3191513	978	CDS		ATG	FF954_15710|CP040690_3191513_3192490_+2_ATG_325
CP040690	3204665	TGA	FF954_15770	3203721	945	CDS		ATG	FF954_15770|CP040690_3203721_3204665_+3_ATG_314
CP040690	3208307	TAG	FF954_15800	3207432	876	CDS		ATG	FF954_15800|CP040690_3207432_3208307_+3_ATG_291
CP040690	3217336	TGA	FF954_15830	3215456	1881	CDS		GTG	FF954_15830|CP040690_3215456_3217336_+2_GTG_626
CP040690	3231853	TAG	FF954_15900	3231068	786	CDS		ATG	FF954_15900|CP040690_3231068_3231853_+2_ATG_261
CP040690	3232151	TGA	FF954_15905	3231840	312	CDS		ATG	FF954_15905|CP040690_3231840_3232151_+3_ATG_103
CP040690	3234318	TGA	FF954_15910	3232567	1752	CDS		ATG	FF954_15910|CP040690_3232567_3234318_+1_ATG_583
CP040690	3239945	TGA	FF954_15915	3234315	5631	CDS		ATG	FF954_15915|CP040690_3234315_3239945_+3_ATG_1876
CP040690	3244558	TGA	FF954_15920	3239942	4617	CDS		GTG	FF954_15920|CP040690_3239942_3244558_+2_GTG_1538
CP040690	3251121	TGA	FF954_15925	3244555	6567	CDS		ATG	FF954_15925|CP040690_3244555_3251121_+1_ATG_2188
CP040690	3256601	TAA	FF954_15930	3251118	5484	CDS		ATG	FF954_15930|CP040690_3251118_3256601_+3_ATG_1827
CP040690	3261073	TGA	FF954_15935	3256607	4467	CDS		GTG	FF954_15935|CP040690_3256607_3261073_+2_GTG_1488
CP040690	3262079	TGA	FF954_15940	3261084	996	CDS		ATG	FF954_15940|CP040690_3261084_3262079_+3_ATG_331
CP040690	3262945	TGA	FF954_15945	3262076	870	CDS		ATG	FF954_15945|CP040690_3262076_3262945_+2_ATG_289
CP040690	3263772	TGA	FF954_15950	3262942	831	CDS		ATG	FF954_15950|CP040690_3262942_3263772_+1_ATG_276
CP040690	3265087	TGA	FF954_15955	3263819	1269	CDS		ATG	FF954_15955|CP040690_3263819_3265087_+2_ATG_422
CP040690	3273947	TAG	FF954_15965	3272205	1743	CDS		ATG	FF954_15965|CP040690_3272205_3273947_+3_ATG_580
CP040690	3276702	TGA	FF954_15970	3273940	2763	CDS		ATG	FF954_15970|CP040690_3273940_3276702_+1_ATG_920
CP040690	3278575	TGA	FF954_15980	3277334	1242	CDS		ATG	FF954_15980|CP040690_3277334_3278575_+2_ATG_413
CP040690	3279376	TAA	FF954_15985	3278575	802	CDS	true	ATG	FF954_15985_p|CP040690_3278575_3279376_+1_ATG_267
CP040690	3291980	TGA	FF954_16020	3291663	318	CDS		ATG	FF954_16020|CP040690_3291663_3291980_+3_ATG_105
CP040690	3294301	TGA	FF954_16030	3293489	813	CDS		ATG	FF954_16030|CP040690_3293489_3294301_+2_ATG_270
CP040690	3295571	TAA	FF954_16035	3294327	1245	CDS		ATG	FF954_16035|CP040690_3294327_3295571_+3_ATG_414
CP040690	3298435	TGA	FF954_16050	3297704	732	CDS		GTG	FF954_16050|CP040690_3297704_3298435_+2_GTG_243
CP040690	3299333	TAG	FF954_16055	3298506	828	CDS		ATG	FF954_16055|CP040690_3298506_3299333_+3_ATG_275
CP040690	3302708	TGA	FF954_16080	3302253	456	CDS	true	CCG	FF954_16080_p|CP040690_3302253_3302708_+3_CCG_151
CP040690	3305492	TAG	FF954_16090	3304272	1221	CDS		GTG	FF954_16090|CP040690_3304272_3305492_+3_GTG_406
CP040690	3306497	TGA	FF954_16095	3305565	933	CDS		ATG	FF954_16095|CP040690_3305565_3306497_+3_ATG_310
CP040690	3307322	TAG	FF954_16105	3307137	186	CDS		ATG	FF954_16105|CP040690_3307137_3307322_+3_ATG_61
CP040690	3315130	TGA	FF954_16140	3314937	194	CDS	true	GTC	FF954_16140_p|CP040690_3314937_3315130_+3_GTC_64
CP040690	3315985	TGA	FF954_16145	3315137	849	CDS		GTG	FF954_16145|CP040690_3315137_3315985_+2_GTG_282
CP040690	3321082	TGA	FF954_16170	3320888	195	CDS		ATG	FF954_16170|CP040690_3320888_3321082_+2_ATG_64
CP040690	3325539	TAG	FF954_16195	3324994	546	CDS		GTG	FF954_16195|CP040690_3324994_3325539_+1_GTG_181
CP040690	3328913	TGA	FF954_16210	3328269	645	CDS		ATG	FF954_16210|CP040690_3328269_3328913_+3_ATG_214
CP040690	3331233	TGA	FF954_16215	3329005	2229	CDS		ATG	FF954_16215|CP040690_3329005_3331233_+1_ATG_742
CP040690	3332269	TAA	FF954_16220	3331316	954	CDS		GTG	FF954_16220|CP040690_3331316_3332269_+2_GTG_317
CP040690	3335999	TAG	FF954_16240	3335298	702	CDS		GTG	FF954_16240|CP040690_3335298_3335999_+3_GTG_233
CP040690	3337624	TAG	FF954_16250	3337133	492	CDS		ATG	FF954_16250|CP040690_3337133_3337624_+2_ATG_163
CP040690	3341705	GGG	FF954_16275	3340420	1286	CDS	true	ATG	FF954_16275_p|CP040690_3340420_3341705_+1_ATG_428
CP040690	3345691	TAA	FF954_16290	3344249	1443	CDS		GTG	FF954_16290|CP040690_3344249_3345691_+2_GTG_480
CP040690	3347717	TAA	FF954_16305	3346752	966	CDS		ATG	FF954_16305|CP040690_3346752_3347717_+3_ATG_321
CP040690	3348421	TGA	FF954_16310	3347762	660	CDS		ATG	FF954_16310|CP040690_3347762_3348421_+2_ATG_219
CP040690	3352836	TGA	FF954_16330	3352498	339	CDS		ATG	FF954_16330|CP040690_3352498_3352836_+1_ATG_112
CP040690	3354980	TGA	FF954_16340	3353859	1122	CDS		ATG	FF954_16340|CP040690_3353859_3354980_+3_ATG_373
CP040690	3356406	TAA	FF954_16350	3355783	624	CDS		ATG	FF954_16350|CP040690_3355783_3356406_+1_ATG_207
CP040690	3361610	TGA	FF954_16375	3360954	657	CDS		GTG	FF954_16375|CP040690_3360954_3361610_+3_GTG_218
CP040690	3365526	TAG	FF954_16390	3364897	630	CDS		ATG	FF954_16390|CP040690_3364897_3365526_+1_ATG_209
CP040690	3371890	CCA	FF954_16435	3371762	129	CDS	true	TTG	FF954_16435_p|CP040690_3371762_3371890_+2_TTG_43
CP040690	3379065	TGA	FF954_16470	3378241	825	CDS		ATG	FF954_16470|CP040690_3378241_3379065_+1_ATG_274
CP040690	3380642	TGA	FF954_16475	3379062	1581	CDS		TTG	FF954_16475|CP040690_3379062_3380642_+3_TTG_526
CP040690	3381918	TAG	FF954_16480	3380674	1245	CDS		ATG	FF954_16480|CP040690_3380674_3381918_+1_ATG_414
CP040690	3382341	TAG	FF954_16485	3381952	390	CDS		GTG	FF954_16485|CP040690_3381952_3382341_+1_GTG_129
CP040690	3383068	TAG	FF954_16490	3382520	549	CDS		ATG	FF954_16490|CP040690_3382520_3383068_+2_ATG_182
CP040690	3385601	TAG	FF954_16500	3384519	1083	CDS		TTG	FF954_16500|CP040690_3384519_3385601_+3_TTG_360
CP040690	3395356	TAG	FF954_16550	3394277	1080	CDS		ATG	FF954_16550|CP040690_3394277_3395356_+2_ATG_359
CP040690	3396466	TGA	FF954_16555	3395426	1041	CDS		ATG	FF954_16555|CP040690_3395426_3396466_+2_ATG_346
CP040690	3405822	TGA	FF954_16610	3405208	615	CDS		GTG	FF954_16610|CP040690_3405208_3405822_+1_GTG_204
CP040690	3406872	TAG	FF954_16615	3405832	1041	CDS		ATG	FF954_16615|CP040690_3405832_3406872_+1_ATG_346
CP040690	3410097	TAG	FF954_16630	3408619	1479	CDS		ATG	FF954_16630|CP040690_3408619_3410097_+1_ATG_492
CP040690	3410557	TAG	FF954_16635	3410372	186	CDS		ATG	FF954_16635|CP040690_3410372_3410557_+2_ATG_61
CP040690	3416302	TGA	FF954_16650	3414779	1524	CDS		GTG	FF954_16650|CP040690_3414779_3416302_+2_GTG_507
CP040690	3418714	TAG	FF954_16655	3416438	2277	CDS		GTG	FF954_16655|CP040690_3416438_3418714_+2_GTG_758
CP040690	3419905	TGA	FF954_16665	3419582	324	CDS		TTG	FF954_16665|CP040690_3419582_3419905_+2_TTG_107
CP040690	3420510	TGA	FF954_16670	3419902	609	CDS		TTG	FF954_16670|CP040690_3419902_3420510_+1_TTG_202
CP040690	3421033	TGA	FF954_16675	3420623	411	CDS		TTG	FF954_16675|CP040690_3420623_3421033_+2_TTG_136
CP040690	3423285	TGA	FF954_16690	3422887	399	CDS		GTG	FF954_16690|CP040690_3422887_3423285_+1_GTG_132
CP040690	3423662	TGA	FF954_16695	3423282	381	CDS		ATG	FF954_16695|CP040690_3423282_3423662_+3_ATG_126
CP040690	3424768	TGA	FF954_16700	3423659	1110	CDS		ATG	FF954_16700|CP040690_3423659_3424768_+2_ATG_369
CP040690	3427248	TAG	FF954_16715	3425974	1275	CDS		ATG	FF954_16715|CP040690_3425974_3427248_+1_ATG_424
CP040690	3428743	TAA	FF954_16725	3428267	477	CDS		ATG	FF954_16725|CP040690_3428267_3428743_+2_ATG_158
CP040690	3430547	TAA	FF954_16730	3428736	1812	CDS		ATG	FF954_16730|CP040690_3428736_3430547_+3_ATG_603
CP040690	3430949	TGA	FF954_16735	3430548	402	CDS		TTG	FF954_16735|CP040690_3430548_3430949_+3_TTG_133
CP040690	3436476	TAG	FF954_16750	3435238	1239	CDS		GTG	FF954_16750|CP040690_3435238_3436476_+1_GTG_412
CP040690	3439189	TGA	FF954_16760	3437702	1488	CDS		ATG	FF954_16760|CP040690_3437702_3439189_+2_ATG_495
CP040690	3440121	TGA	FF954_16765	3439195	927	CDS		ATG	FF954_16765|CP040690_3439195_3440121_+1_ATG_308
CP040690	3440948	TAG	FF954_16770	3440118	831	CDS		ATG	FF954_16770|CP040690_3440118_3440948_+3_ATG_276
CP040690	3442085	TGA	FF954_16775	3440979	1107	CDS		ATG	FF954_16775|CP040690_3440979_3442085_+3_ATG_368
CP040690	3443541	TGA	FF954_16780	3442123	1419	CDS		ATG	FF954_16780|CP040690_3442123_3443541_+1_ATG_472
CP040690	3444962	TGA	FF954_16785	3443538	1425	CDS		ATG	FF954_16785|CP040690_3443538_3444962_+3_ATG_474
CP040690	3446470	TGA	FF954_16790	3444959	1512	CDS		ATG	FF954_16790|CP040690_3444959_3446470_+2_ATG_503
CP040690	3446962	TAG	FF954_16795	3446750	213	CDS		TTG	FF954_16795|CP040690_3446750_3446962_+2_TTG_70
CP040690	3448296	TAA	FF954_16805	3447409	888	CDS		ATG	FF954_16805|CP040690_3447409_3448296_+1_ATG_295
CP040690	3450005	TAG	FF954_16810	3448314	1692	CDS		ATG	FF954_16810|CP040690_3448314_3450005_+3_ATG_563
CP040690	3453647	TAA	FF954_16830	3453171	477	CDS		ATG	FF954_16830|CP040690_3453171_3453647_+3_ATG_158
CP040690	3454884	TAG	FF954_16835	3453745	1140	CDS		GTG	FF954_16835|CP040690_3453745_3454884_+1_GTG_379
CP040690	3457124	TGA	FF954_16850	3456804	321	CDS		GTG	FF954_16850|CP040690_3456804_3457124_+3_GTG_106
CP040690	3464576	TGA	FF954_16895	3463206	1371	CDS		ATG	FF954_16895|CP040690_3463206_3464576_+3_ATG_456
CP040690	3466699	TAA	FF954_16905	3466259	441	CDS		ATG	FF954_16905|CP040690_3466259_3466699_+2_ATG_146
CP040690	3467927	TAA	FF954_16910	3466848	1080	CDS		ATG	FF954_16910|CP040690_3466848_3467927_+3_ATG_359
CP040690	3468373	TGA	FF954_16915	3467978	396	CDS		ATG	FF954_16915|CP040690_3467978_3468373_+2_ATG_131
CP040690	3468882	TAA	FF954_16920	3468370	513	CDS		ATG	FF954_16920|CP040690_3468370_3468882_+1_ATG_170
CP040690	3469150	TGA	FF954_16925	3468899	252	CDS		ATG	FF954_16925|CP040690_3468899_3469150_+2_ATG_83
CP040690	3469941	TGA	FF954_16930	3469273	669	CDS		ATG	FF954_16930|CP040690_3469273_3469941_+1_ATG_222
CP040690	3470488	TGA	FF954_16935	3469958	531	CDS		GTG	FF954_16935|CP040690_3469958_3470488_+2_GTG_176
CP040690	3471897	TAG	FF954_16945	3470650	1248	CDS		ATG	FF954_16945|CP040690_3470650_3471897_+1_ATG_415
CP040690	3473144	TAG	FF954_16950	3471975	1170	CDS		ATG	FF954_16950|CP040690_3471975_3473144_+3_ATG_389
CP040690	3474006	TGA	FF954_16955	3473173	834	CDS		ATG	FF954_16955|CP040690_3473173_3474006_+1_ATG_277
CP040690	3474310	TGA	FF954_16960	3474008	303	CDS		ATG	FF954_16960|CP040690_3474008_3474310_+2_ATG_100
CP040690	3474774	TGA	FF954_16965	3474331	444	CDS		ATG	FF954_16965|CP040690_3474331_3474774_+1_ATG_147
CP040690	3475373	TGA	FF954_16970	3474771	603	CDS		ATG	FF954_16970|CP040690_3474771_3475373_+3_ATG_200
CP040690	3476910	TGA	FF954_16975	3475708	1203	CDS		ATG	FF954_16975|CP040690_3475708_3476910_+1_ATG_400
CP040690	3477758	TAG	FF954_16985	3477333	426	CDS		GTG	FF954_16985|CP040690_3477333_3477758_+3_GTG_141
CP040690	3478262	TAA	FF954_16990	3477768	495	CDS		TTG	FF954_16990|CP040690_3477768_3478262_+3_TTG_164
CP040690	3479574	TAA	FF954_16995	3478705	870	CDS		GTG	FF954_16995|CP040690_3478705_3479574_+1_GTG_289
CP040690	3482380	TGA	FF954_17010	3481346	1035	CDS		GTG	FF954_17010|CP040690_3481346_3482380_+2_GTG_344
CP040690	3484188	TAG	FF954_17025	3483857	332	CDS	true	GTG	FF954_17025_p|CP040690_3483857_3484188_+2_GTG_110
CP040690	3486745	TGA	FF954_17035	3485747	999	CDS		ATG	FF954_17035|CP040690_3485747_3486745_+2_ATG_332
CP040690	3491632	TAA	FF954_17060	3490490	1143	CDS		ATG	FF954_17060|CP040690_3490490_3491632_+2_ATG_380
CP040690	3492871	TAA	FF954_17070	3492089	783	CDS		GTG	FF954_17070|CP040690_3492089_3492871_+2_GTG_260
CP040690	3493979	TGA	FF954_17075	3492891	1089	CDS		ATG	FF954_17075|CP040690_3492891_3493979_+3_ATG_362
CP040690	3495465	TAG	FF954_17080	3494059	1407	CDS		ATG	FF954_17080|CP040690_3494059_3495465_+1_ATG_468
CP040690	3496691	TAG	FF954_17085	3495486	1206	CDS		ATG	FF954_17085|CP040690_3495486_3496691_+3_ATG_401
CP040690	3497762	TAA	FF954_17090	3496791	972	CDS		ATG	FF954_17090|CP040690_3496791_3497762_+3_ATG_323
CP040690	3498751	TAA	FF954_17100	3498350	402	CDS		GTG	FF954_17100|CP040690_3498350_3498751_+2_GTG_133
CP040690	3500764	TGA	FF954_17110	3500378	387	CDS		TTG	FF954_17110|CP040690_3500378_3500764_+2_TTG_128
CP040690	3501327	TGA	FF954_17115	3500773	555	CDS		GTG	FF954_17115|CP040690_3500773_3501327_+1_GTG_184
CP040690	3502034	TGA	FF954_17120	3501324	711	CDS		ATG	FF954_17120|CP040690_3501324_3502034_+3_ATG_236
CP040690	3503356	TGA	FF954_17125	3502034	1323	CDS		ATG	FF954_17125|CP040690_3502034_3503356_+2_ATG_440
CP040690	3504111	TGA	FF954_17130	3503353	759	CDS		GTG	FF954_17130|CP040690_3503353_3504111_+1_GTG_252
CP040690	3505445	TGA	FF954_17135	3504108	1338	CDS		ATG	FF954_17135|CP040690_3504108_3505445_+3_ATG_445
CP040690	3507862	TGA	FF954_17140	3505442	2421	CDS		GTG	FF954_17140|CP040690_3505442_3507862_+2_GTG_806
CP040690	3509210	TAA	FF954_17145	3507978	1233	CDS		ATG	FF954_17145|CP040690_3507978_3509210_+3_ATG_410
CP040690	3509838	TGA	FF954_17150	3509203	636	CDS		GTG	FF954_17150|CP040690_3509203_3509838_+1_GTG_211
CP040690	3510623	TGA	FF954_17155	3509835	789	CDS		ATG	FF954_17155|CP040690_3509835_3510623_+3_ATG_262
CP040690	3510919	TGA	FF954_17160	3510620	300	CDS		ATG	FF954_17160|CP040690_3510620_3510919_+2_ATG_99
CP040690	3512831	TGA	FF954_17165	3510930	1902	CDS		GTG	FF954_17165|CP040690_3510930_3512831_+3_GTG_633
CP040690	3514489	TGA	FF954_17170	3512828	1662	CDS		GTG	FF954_17170|CP040690_3512828_3514489_+2_GTG_553
CP040690	3516081	TGA	FF954_17175	3514486	1596	CDS		ATG	FF954_17175|CP040690_3514486_3516081_+1_ATG_531
CP040690	3528050	TAA	FF954_17230	3526914	1137	CDS		GTG	FF954_17230|CP040690_3526914_3528050_+3_GTG_378
CP040690	3529174	TAG	FF954_17235	3528050	1125	CDS		ATG	FF954_17235|CP040690_3528050_3529174_+2_ATG_374
CP040690	3530662	TGA	FF954_17240	3529317	1346	CDS	true	GTG	FF954_17240_p|CP040690_3529317_3530662_+3_GTG_448
CP040690	3533656	TGA	FF954_17260	3532949	708	CDS		ATG	FF954_17260|CP040690_3532949_3533656_+2_ATG_235
CP040690	3535158	TAG	FF954_17265	3533671	1488	CDS		ATG	FF954_17265|CP040690_3533671_3535158_+1_ATG_495
CP040690	3537118	TGA	FF954_17275	3536258	861	CDS		GTG	FF954_17275|CP040690_3536258_3537118_+2_GTG_286
CP040690	3537608	TAA	FF954_17280	3537213	396	CDS		ATC	FF954_17280|CP040690_3537213_3537608_+3_ATC_131
CP040690	3537835	TGA	FF954_17285	3537624	212	CDS	true	TCC	FF954_17285_p|CP040690_3537624_3537835_+3_TCC_70
CP040690	3538141	TGA	FF954_17290	3537848	294	CDS		GTG	FF954_17290|CP040690_3537848_3538141_+2_GTG_97
CP040690	3539718	TAG	FF954_17295	3538429	1290	CDS		GTG	FF954_17295|CP040690_3538429_3539718_+1_GTG_429
CP040690	3541529	TGA	FF954_17310	3541185	345	CDS		TTG	FF954_17310|CP040690_3541185_3541529_+3_TTG_114
CP040690	3541855	TGA	FF954_17315	3541526	330	CDS		ATG	FF954_17315|CP040690_3541526_3541855_+2_ATG_109
CP040690	3542740	TGA	FF954_17320	3542393	348	CDS		ATG	FF954_17320|CP040690_3542393_3542740_+2_ATG_115
CP040690	3543357	TAA	FF954_17325	3542737	621	CDS		GTG	FF954_17325|CP040690_3542737_3543357_+1_GTG_206
CP040690	3545159	TGA	FF954_17335	3544950	210	CDS		ATG	FF954_17335|CP040690_3544950_3545159_+3_ATG_69
CP040690	3545379	TGA	FF954_17340	3545194	186	CDS		ATG	FF954_17340|CP040690_3545194_3545379_+1_ATG_61
CP040690	3548119	TGA	FF954_17365	3547502	618	CDS		ATG	FF954_17365|CP040690_3547502_3548119_+2_ATG_205
CP040690	3553877	TGA	FF954_17380	3552459	1419	CDS		GTG	FF954_17380|CP040690_3552459_3553877_+3_GTG_472
CP040690	3554782	TGA	FF954_17385	3553883	900	CDS		GTG	FF954_17385|CP040690_3553883_3554782_+2_GTG_299
CP040690	3556472	TGA	FF954_17395	3555129	1344	CDS		ATG	FF954_17395|CP040690_3555129_3556472_+3_ATG_447
CP040690	3559694	TAA	FF954_17410	3559440	255	CDS		ATG	FF954_17410|CP040690_3559440_3559694_+3_ATG_84
CP040690	3568600	TAG	FF954_17435	3568391	210	CDS		ATG	FF954_17435|CP040690_3568391_3568600_+2_ATG_69
CP040690	3569416	TAG	FF954_17440	3568631	786	CDS		GTG	FF954_17440|CP040690_3568631_3569416_+2_GTG_261
CP040690	3569724	TGA	FF954_17445	3569419	306	CDS		ATG	FF954_17445|CP040690_3569419_3569724_+1_ATG_101
CP040690	3573794	TAG	FF954_17465	3573108	687	CDS		ATG	FF954_17465|CP040690_3573108_3573794_+3_ATG_228
CP040690	3574938	TAG	FF954_17475	3574378	561	CDS		GTG	FF954_17475|CP040690_3574378_3574938_+1_GTG_186
CP040690	3577485	TGA	FF954_17485	3575902	1584	CDS		ATG	FF954_17485|CP040690_3575902_3577485_+1_ATG_527
CP040690	3578721	TGA	FF954_17490	3577498	1224	CDS		ATG	FF954_17490|CP040690_3577498_3578721_+1_ATG_407
CP040690	3580362	TGA	FF954_17500	3579751	612	CDS		ATG	FF954_17500|CP040690_3579751_3580362_+1_ATG_203
CP040690	3581477	TGA	FF954_17505	3580359	1119	CDS		GTG	FF954_17505|CP040690_3580359_3581477_+3_GTG_372
CP040690	3581957	TGA	FF954_17510	3581625	333	CDS		ATG	FF954_17510|CP040690_3581625_3581957_+3_ATG_110
CP040690	3583538	TGA	FF954_17520	3582573	966	CDS		ATG	FF954_17520|CP040690_3582573_3583538_+3_ATG_321
CP040690	3584072	TGA	FF954_17525	3583818	255	CDS		ATG	FF954_17525|CP040690_3583818_3584072_+3_ATG_84
CP040690	3586146	TAA	FF954_17540	3586072	75	CDS		ATG	FF954_17540|CP040690_3586072_3586146_+1_ATG_24
CP040690	3588804	TAG	FF954_17560	3587956	849	CDS		ATG	FF954_17560|CP040690_3587956_3588804_+1_ATG_282
CP040690	3588928	TAA	FF954_17565	3588818	111	CDS		CTG	FF954_17565|CP040690_3588818_3588928_+2_CTG_36
CP040690	3589124	TAA	FF954_17570	3588906	219	CDS		GTG	FF954_17570|CP040690_3588906_3589124_+3_GTG_72
CP040690	3592834	TGA	FF954_17585	3591482	1353	CDS		GTG	FF954_17585|CP040690_3591482_3592834_+2_GTG_450
CP040690	3593823	TGA	FF954_17590	3592831	993	CDS		TTG	FF954_17590|CP040690_3592831_3593823_+1_TTG_330
CP040690	3600042	TGA	FF954_17620	3599401	642	CDS		ATG	FF954_17620|CP040690_3599401_3600042_+1_ATG_213
CP040690	3623152	TGA	FF954_17715	3621764	1389	CDS		GTG	FF954_17715|CP040690_3621764_3623152_+2_GTG_462
CP040690	3627933	TAG	FF954_17740	3627514	420	CDS		ATG	FF954_17740|CP040690_3627514_3627933_+1_ATG_139
CP040690	3628582	TGA	FF954_17750	3628383	200	CDS	true	ATG	FF954_17750_p|CP040690_3628383_3628582_+3_ATG_66
CP040690	3629627	TGA	FF954_17755	3628632	996	CDS		GTG	FF954_17755|CP040690_3628632_3629627_+3_GTG_331
CP040690	3630970	TGA	FF954_17760	3629624	1347	CDS		TTG	FF954_17760|CP040690_3629624_3630970_+2_TTG_448
CP040690	3631202	CTG	FF954_17765	3631012	191	CDS	true	CTG	FF954_17765_p|CP040690_3631012_3631202_+1_CTG_63
CP040690	3632927	TAA	FF954_17770	3631266	1662	CDS		ATG	FF954_17770|CP040690_3631266_3632927_+3_ATG_553
CP040690	3637470	TGA	FF954_17790	3635974	1497	CDS		GTG	FF954_17790|CP040690_3635974_3637470_+1_GTG_498
CP040690	3638198	TGA	FF954_17795	3637509	690	CDS		ATG	FF954_17795|CP040690_3637509_3638198_+3_ATG_229
CP040690	3638604	TGA	FF954_17800	3638323	282	CDS		ATG	FF954_17800|CP040690_3638323_3638604_+1_ATG_93
CP040690	3640771	TAG	FF954_17805	3638615	2157	CDS		ATG	FF954_17805|CP040690_3638615_3640771_+2_ATG_718
CP040690	3642721	TGA	FF954_17815	3641537	1185	CDS		ATG	FF954_17815|CP040690_3641537_3642721_+2_ATG_394
CP040690	3645020	TAG	FF954_17820	3642726	2295	CDS		GTG	FF954_17820|CP040690_3642726_3645020_+3_GTG_764
CP040690	3648785	TGA	FF954_17840	3647967	819	CDS		ATG	FF954_17840|CP040690_3647967_3648785_+3_ATG_272
CP040690	3651797	TGA	FF954_17855	3650151	1647	CDS		ATG	FF954_17855|CP040690_3650151_3651797_+3_ATG_548
CP040690	3652248	TGA	FF954_17860	3651778	471	CDS		ATG	FF954_17860|CP040690_3651778_3652248_+1_ATG_156
CP040690	3652913	TAG	FF954_17865	3652245	669	CDS		ATG	FF954_17865|CP040690_3652245_3652913_+3_ATG_222
CP040690	3653847	TGA	FF954_17870	3652954	894	CDS		GTG	FF954_17870|CP040690_3652954_3653847_+1_GTG_297
CP040690	3654275	TGA	FF954_17875	3653844	432	CDS		ATG	FF954_17875|CP040690_3653844_3654275_+3_ATG_143
CP040690	3656185	TAA	FF954_17880	3654383	1803	CDS		GTG	FF954_17880|CP040690_3654383_3656185_+2_GTG_600
CP040690	3661601	TGA	FF954_17915	3660354	1248	CDS		ATG	FF954_17915|CP040690_3660354_3661601_+3_ATG_415
CP040690	3663112	TAA	FF954_17920	3661628	1485	CDS		GTG	FF954_17920|CP040690_3661628_3663112_+2_GTG_494
CP040690	3664757	TGA	FF954_17930	3664092	666	CDS		ATG	FF954_17930|CP040690_3664092_3664757_+3_ATG_221
CP040690	3669342	TAA	FF954_17935	3664801	4542	CDS		GTG	FF954_17935|CP040690_3664801_3669342_+1_GTG_1513
CP040690	3670113	TGA	FF954_17940	3669346	768	CDS		ATG	FF954_17940|CP040690_3669346_3670113_+1_ATG_255
CP040690	3679085	AGT	FF954_17975	3679008	78	CDS	true	GTG	FF954_17975_p|CP040690_3679008_3679085_+3_GTG_26
CP040690	3679762	TAA	FF954_17980	3679283	480	CDS		GTG	FF954_17980|CP040690_3679283_3679762_+2_GTG_159
CP040690	3683002	TAA	FF954_17995	3682196	807	CDS		GTG	FF954_17995|CP040690_3682196_3683002_+2_GTG_268
CP040690	3684610	TGA	FF954_18000	3683006	1605	CDS		GTG	FF954_18000|CP040690_3683006_3684610_+2_GTG_534
CP040690	3686239	TAG	FF954_18010	3685340	900	CDS		ATG	FF954_18010|CP040690_3685340_3686239_+2_ATG_299
CP040690	3687525	TAG	FF954_18015	3686263	1263	CDS		ATG	FF954_18015|CP040690_3686263_3687525_+1_ATG_420
CP040690	3692582	TGA	FF954_18050	3692148	435	CDS		GTG	FF954_18050|CP040690_3692148_3692582_+3_GTG_144
CP040690	3693013	TGA	FF954_18055	3692579	435	CDS		ATG	FF954_18055|CP040690_3692579_3693013_+2_ATG_144
CP040690	3694914	TAA	FF954_18060	3693142	1773	CDS		TTG	FF954_18060|CP040690_3693142_3694914_+1_TTG_590
CP040690	3695705	TGA	FF954_18065	3694914	792	CDS		ATG	FF954_18065|CP040690_3694914_3695705_+3_ATG_263
CP040690	3700327	TGA	FF954_18105	3699977	351	CDS		ATG	FF954_18105|CP040690_3699977_3700327_+2_ATG_116
CP040690	3700691	TAA	FF954_18110	3700305	387	CDS		GTG	FF954_18110|CP040690_3700305_3700691_+3_GTG_128
CP040690	3701712	TAG	FF954_18115	3700639	1074	CDS		TTG	FF954_18115|CP040690_3700639_3701712_+1_TTG_357
CP040690	3704330	TGA	FF954_18125	3702618	1713	CDS		ATG	FF954_18125|CP040690_3702618_3704330_+3_ATG_570
CP040690	3706577	TAA	FF954_18135	3705210	1368	CDS		TTG	FF954_18135|CP040690_3705210_3706577_+3_TTG_455
CP040690	3707863	TAG	FF954_18140	3706646	1218	CDS		ATG	FF954_18140|CP040690_3706646_3707863_+2_ATG_405
CP040690	3709467	TGA	FF954_18145	3707959	1509	CDS		GTG	FF954_18145|CP040690_3707959_3709467_+1_GTG_502
CP040690	3710615	TGA	FF954_18150	3709464	1152	CDS		GTG	FF954_18150|CP040690_3709464_3710615_+3_GTG_383
CP040690	3712107	TAG	FF954_18160	3711628	480	CDS		ATG	FF954_18160|CP040690_3711628_3712107_+1_ATG_159
CP040690	3712566	TAG	FF954_18165	3712126	441	CDS		ATG	FF954_18165|CP040690_3712126_3712566_+1_ATG_146
CP040690	3715418	TAG	FF954_18180	3714525	894	CDS		GTG	FF954_18180|CP040690_3714525_3715418_+3_GTG_297
CP040690	3718346	TGA	FF954_18190	3716997	1350	CDS		ATG	FF954_18190|CP040690_3716997_3718346_+3_ATG_449
CP040690	3719497	TGA	FF954_18195	3718358	1140	CDS		ATG	FF954_18195|CP040690_3718358_3719497_+2_ATG_379
CP040690	3720225	TGA	FF954_18200	3719494	732	CDS		GTG	FF954_18200|CP040690_3719494_3720225_+1_GTG_243
CP040690	3746959	TAG	FF954_18230	3746513	447	CDS		ATC	FF954_18230|CP040690_3746513_3746959_+2_ATC_148
CP040690	3747060	GAC	FF954_18235	3746974	87	CDS	true	GTG	FF954_18235_p|CP040690_3746974_3747060_+1_GTG_29
CP040690	3762203	TAG	FF954_18275	3761814	390	CDS		ATG	FF954_18275|CP040690_3761814_3762203_+3_ATG_129
CP040690	3763751	TGA	FF954_18290	3763476	276	CDS		ATG	FF954_18290|CP040690_3763476_3763751_+3_ATG_91
CP040690	3764005	TGA	FF954_18295	3763748	258	CDS		GTG	FF954_18295|CP040690_3763748_3764005_+2_GTG_85
CP040690	3765237	TAG	FF954_18300	3764047	1191	CDS		GTG	FF954_18300|CP040690_3764047_3765237_+1_GTG_396
CP040690	3765722	TAG	FF954_18305	3765354	369	CDS		ATG	FF954_18305|CP040690_3765354_3765722_+3_ATG_122
CP040690	3770904	TAG	FF954_18335	3770440	465	CDS		ATG	FF954_18335|CP040690_3770440_3770904_+1_ATG_154
CP040690	3773046	TAA	FF954_18345	3771271	1776	CDS		ATG	FF954_18345|CP040690_3771271_3773046_+1_ATG_591
CP040690	3774124	TGA	FF954_18355	3773690	435	CDS		ATG	FF954_18355|CP040690_3773690_3774124_+2_ATG_144
CP040690	3778984	TGA	FF954_18365	3777644	1341	CDS		ATG	FF954_18365|CP040690_3777644_3778984_+2_ATG_446
CP040690	3780201	TGA	FF954_18370	3779026	1176	CDS		GTG	FF954_18370|CP040690_3779026_3780201_+1_GTG_391
CP040690	3780359	TGA	FF954_18375	3780255	105	CDS		ATG	FF954_18375|CP040690_3780255_3780359_+3_ATG_34
CP040690	3781328	TAG	FF954_18380	3780438	891	CDS		ATG	FF954_18380|CP040690_3780438_3781328_+3_ATG_296
CP040690	3782760	TGA	FF954_18385	3781333	1428	CDS		ATG	FF954_18385|CP040690_3781333_3782760_+1_ATG_475
CP040690	3783521	TGA	FF954_18390	3782868	654	CDS		TTG	FF954_18390|CP040690_3782868_3783521_+3_TTG_217
CP040690	3792819	TGA	FF954_18430	3791478	1342	CDS	true	TTG	FF954_18430_p|CP040690_3791478_3792819_+3_TTG_447
CP040690	3795261	TAA	FF954_18435	3793009	2253	CDS		ATG	FF954_18435|CP040690_3793009_3795261_+1_ATG_750
CP040690	3796988	TGA	FF954_18445	3796278	711	CDS		ATG	FF954_18445|CP040690_3796278_3796988_+3_ATG_236
CP040690	3798986	TAG	FF954_18450	3797034	1953	CDS		ATG	FF954_18450|CP040690_3797034_3798986_+3_ATG_650
CP040690	3800800	TGA	FF954_18460	3799874	927	CDS		GTG	FF954_18460|CP040690_3799874_3800800_+2_GTG_308
CP040690	3803758	TAG	FF954_18475	3803132	627	CDS		GTG	FF954_18475|CP040690_3803132_3803758_+2_GTG_208
CP040690	3808588	TAG	FF954_18495	3807542	1047	CDS		ATG	FF954_18495|CP040690_3807542_3808588_+2_ATG_348
CP040690	3809440	TAG	FF954_18500	3808652	789	CDS		ATG	FF954_18500|CP040690_3808652_3809440_+2_ATG_262
CP040690	3811815	TGA	FF954_18505	3809455	2361	CDS		ATG	FF954_18505|CP040690_3809455_3811815_+1_ATG_786
CP040690	3817976	TGA	FF954_18535	3817089	888	CDS		ATG	FF954_18535|CP040690_3817089_3817976_+3_ATG_295
CP040690	3818310	TGA	FF954_18540	3818011	300	CDS		ATG	FF954_18540|CP040690_3818011_3818310_+1_ATG_99
CP040690	3818717	TGA	FF954_18545	3818307	411	CDS		GTG	FF954_18545|CP040690_3818307_3818717_+3_GTG_136
CP040690	3823895	TGA	FF954_18565	3823485	411	CDS		GTG	FF954_18565|CP040690_3823485_3823895_+3_GTG_136
CP040690	3826959	TAA	FF954_18585	3826651	309	CDS		ATG	FF954_18585|CP040690_3826651_3826959_+1_ATG_102
CP040690	3833369	TAG	FF954_18625	3833139	231	CDS		GTG	FF954_18625|CP040690_3833139_3833369_+3_GTG_76
CP040690	3834528	TAG	FF954_18635	3833998	531	CDS		ATG	FF954_18635|CP040690_3833998_3834528_+1_ATG_176
CP040690	3835325	TAG	FF954_18640	3834795	531	CDS		ATG	FF954_18640|CP040690_3834795_3835325_+3_ATG_176
CP040690	3838822	TGA	FF954_18660	3838523	300	CDS		GTG	FF954_18660|CP040690_3838523_3838822_+2_GTG_99
CP040690	3839450	TAG	FF954_18665	3838908	543	CDS		ATG	FF954_18665|CP040690_3838908_3839450_+3_ATG_180
CP040690	3839936	TAG	FF954_18675	3839541	396	CDS		ATG	FF954_18675|CP040690_3839541_3839936_+3_ATG_131
CP040690	3841880	TAG	FF954_18690	3841344	537	CDS		ATG	FF954_18690|CP040690_3841344_3841880_+3_ATG_178
CP040690	3851566	TAA	FF954_18735	3851090	477	CDS		ATG	FF954_18735|CP040690_3851090_3851566_+2_ATG_158
CP040690	3852418	TAG	FF954_18740	3851576	843	CDS		GTG	FF954_18740|CP040690_3851576_3852418_+2_GTG_280
CP040690	3863933	TGA	FF954_18790	3862530	1404	CDS		ATG	FF954_18790|CP040690_3862530_3863933_+3_ATG_467
CP040690	3865297	TGA	FF954_18795	3863930	1368	CDS		ATG	FF954_18795|CP040690_3863930_3865297_+2_ATG_455
CP040690	3867583	TGA	FF954_18805	3866795	789	CDS		GTG	FF954_18805|CP040690_3866795_3867583_+2_GTG_262
CP040690	3868310	TAA	FF954_18810	3867630	681	CDS		GTG	FF954_18810|CP040690_3867630_3868310_+3_GTG_226
CP040690	3868607	TGA	FF954_18815	3868368	240	CDS		GTG	FF954_18815|CP040690_3868368_3868607_+3_GTG_79
CP040690	3870267	TGA	FF954_18820	3868582	1686	CDS		ATG	FF954_18820|CP040690_3868582_3870267_+1_ATG_561
CP040690	3874565	TAA	FF954_18855	3874368	198	CDS		ATG	FF954_18855|CP040690_3874368_3874565_+3_ATG_65
CP040690	3875997	TGA	FF954_18870	3875140	858	CDS		ATG	FF954_18870|CP040690_3875140_3875997_+1_ATG_285
CP040690	3877065	TGA	FF954_18875	3876070	996	CDS		ATG	FF954_18875|CP040690_3876070_3877065_+1_ATG_331
CP040690	3877675	TAG	FF954_18880	3877067	609	CDS		ATG	FF954_18880|CP040690_3877067_3877675_+2_ATG_202
CP040690	3878045	GCC	FF954_18885	3877758	288	CDS	true	ATG	FF954_18885_p|CP040690_3877758_3878045_+3_ATG_96
CP040690	3879150	TGA	FF954_18890	3878197	954	CDS		GTG	FF954_18890|CP040690_3878197_3879150_+1_GTG_317
CP040690	3884101	TAG	FF954_18915	3883595	507	CDS		ATG	FF954_18915|CP040690_3883595_3884101_+2_ATG_168
CP040690	3887264	TAG	FF954_18930	3886968	297	CDS		GTG	FF954_18930|CP040690_3886968_3887264_+3_GTG_98
CP040690	3888473	TAG	FF954_18935	3887301	1173	CDS		GTG	FF954_18935|CP040690_3887301_3888473_+3_GTG_390
CP040690	3891751	TGA	FF954_18940	3888503	3249	CDS		TTG	FF954_18940|CP040690_3888503_3891751_+2_TTG_1082
CP040690	3897482	TAG	FF954_18965	3895944	1539	CDS		ATG	FF954_18965|CP040690_3895944_3897482_+3_ATG_512
CP040690	3898705	TGA	FF954_18975	3898457	249	CDS		GTG	FF954_18975|CP040690_3898457_3898705_+2_GTG_82
CP040690	3899087	TGA	FF954_18980	3898638	450	CDS		TTG	FF954_18980|CP040690_3898638_3899087_+3_TTG_149
CP040690	3900855	TGA	FF954_18990	3900532	324	CDS		ATG	FF954_18990|CP040690_3900532_3900855_+1_ATG_107
CP040690	3901101	TAA	FF954_18995	3900937	165	CDS		ATG	FF954_18995|CP040690_3900937_3901101_+1_ATG_54
CP040690	3902603	TAA	FF954_19000	3901101	1503	CDS		ATG	FF954_19000|CP040690_3901101_3902603_+3_ATG_500
CP040690	3903333	TAA	FF954_19005	3902755	579	CDS		GTG	FF954_19005|CP040690_3902755_3903333_+1_GTG_192
CP040690	3916538	TGA	FF954_19070	3915336	1203	CDS		ATG	FF954_19070|CP040690_3915336_3916538_+3_ATG_400
CP040690	3917684	TAG	FF954_19075	3916563	1122	CDS		ATG	FF954_19075|CP040690_3916563_3917684_+3_ATG_373
CP040690	3919263	TAG	FF954_19080	3917755	1509	CDS		ATG	FF954_19080|CP040690_3917755_3919263_+1_ATG_502
CP040690	3923746	TGA	FF954_19085	3919434	4313	CDS	true	ATG	FF954_19085_p|CP040690_3919434_3923746_+3_ATG_1437
CP040690	3930417	TAA	FF954_19090	3924037	6381	CDS		ATG	FF954_19090|CP040690_3924037_3930417_+1_ATG_2126
CP040690	3939053	TAG	FF954_19105	3933324	5730	CDS		GTG	FF954_19105|CP040690_3933324_3939053_+3_GTG_1909
CP040690	3942844	TGA	FF954_19115	3939884	2961	CDS		ATG	FF954_19115|CP040690_3939884_3942844_+2_ATG_986
CP040690	3945916	TAG	FF954_19130	3945125	792	CDS		GTG	FF954_19130|CP040690_3945125_3945916_+2_GTG_263
CP040690	3946851	TGA	FF954_19135	3946012	840	CDS		GTG	FF954_19135|CP040690_3946012_3946851_+1_GTG_279
CP040690	3948841	TGA	FF954_19145	3948131	711	CDS		ATG	FF954_19145|CP040690_3948131_3948841_+2_ATG_236
CP040690	3951013	TAA	FF954_19155	3950102	912	CDS		GTG	FF954_19155|CP040690_3950102_3951013_+2_GTG_303
CP040690	3952093	TAG	FF954_19160	3951029	1065	CDS		ATG	FF954_19160|CP040690_3951029_3952093_+2_ATG_354
CP040690	3953294	TAA	FF954_19165	3952110	1185	CDS		ATG	FF954_19165|CP040690_3952110_3953294_+3_ATG_394
CP040690	3954367	TAA	FF954_19170	3953336	1032	CDS		ATG	FF954_19170|CP040690_3953336_3954367_+2_ATG_343
CP040690	3956180	TGA	FF954_19180	3955020	1161	CDS		GTG	FF954_19180|CP040690_3955020_3956180_+3_GTG_386
CP040690	3956635	TAA	FF954_19185	3956186	450	CDS		ATG	FF954_19185|CP040690_3956186_3956635_+2_ATG_149
CP040690	3958201	TGA	FF954_19195	3958004	198	CDS		ATG	FF954_19195|CP040690_3958004_3958201_+2_ATG_65
CP040690	3958403	TGA	FF954_19200	3958206	198	CDS		TTG	FF954_19200|CP040690_3958206_3958403_+3_TTG_65
CP040690	3963144	TGA	FF954_19220	3961924	1221	CDS		ATG	FF954_19220|CP040690_3961924_3963144_+1_ATG_406
CP040690	3969641	TGA	FF954_19245	3967950	1692	CDS		ATG	FF954_19245|CP040690_3967950_3969641_+3_ATG_563
CP040690	3970503	TAG	FF954_19250	3969643	861	CDS		ATG	FF954_19250|CP040690_3969643_3970503_+1_ATG_286
CP040690	3972079	TAG	FF954_19255	3970640	1440	CDS		ATG	FF954_19255|CP040690_3970640_3972079_+2_ATG_479
CP040690	3979313	TAA	FF954_19290	3978138	1176	CDS		ATG	FF954_19290|CP040690_3978138_3979313_+3_ATG_391
CP040690	3979880	TGA	FF954_19295	3979425	456	CDS		ATG	FF954_19295|CP040690_3979425_3979880_+3_ATG_151
CP040690	3982477	TAG	FF954_19315	3981734	744	CDS		ATG	FF954_19315|CP040690_3981734_3982477_+2_ATG_247
CP040690	3983355	TGA	FF954_19320	3982477	879	CDS		GTG	FF954_19320|CP040690_3982477_3983355_+1_GTG_292
CP040690	3984104	TGA	FF954_19325	3983352	753	CDS		GTG	FF954_19325|CP040690_3983352_3984104_+3_GTG_250
CP040690	3985269	TGA	FF954_19330	3984202	1068	CDS		ATG	FF954_19330|CP040690_3984202_3985269_+1_ATG_355
CP040690	3987323	TAG	FF954_19335	3985266	2058	CDS		GTG	FF954_19335|CP040690_3985266_3987323_+3_GTG_685
CP040690	3992219	TAG	FF954_19355	3990561	1659	CDS		ATG	FF954_19355|CP040690_3990561_3992219_+3_ATG_552
CP040690	3995741	TAG	FF954_19370	3994218	1524	CDS		TTG	FF954_19370|CP040690_3994218_3995741_+3_TTG_507
CP040690	3996875	TGA	FF954_19375	3995742	1134	CDS		ATG	FF954_19375|CP040690_3995742_3996875_+3_ATG_377
CP040690	3997831	TGA	FF954_19380	3996872	960	CDS		GTG	FF954_19380|CP040690_3996872_3997831_+2_GTG_319
CP040690	3998784	TGA	FF954_19385	3997828	957	CDS		ATG	FF954_19385|CP040690_3997828_3998784_+1_ATG_318
CP040690	3999947	TAG	FF954_19390	3998781	1167	CDS		GTG	FF954_19390|CP040690_3998781_3999947_+3_GTG_388
CP040690	4001234	GAC	FF954_19405	4001130	105	CDS	true	ATG	FF954_19405_p|CP040690_4001130_4001234_+3_ATG_35
CP040690	4006074	TAG	FF954_19430	4004998	1077	CDS		TTG	FF954_19430|CP040690_4004998_4006074_+1_TTG_358
CP040690	4006622	TAG	FF954_19435	4006092	531	CDS		ATG	FF954_19435|CP040690_4006092_4006622_+3_ATG_176
CP040690	4009664	TAG	FF954_19445	4009065	600	CDS		GTG	FF954_19445|CP040690_4009065_4009664_+3_GTG_199
CP040690	4011652	TAG	FF954_19455	4010939	714	CDS		GTG	FF954_19455|CP040690_4010939_4011652_+2_GTG_237
CP040690	4012709	TGA	FF954_19460	4011843	867	CDS		GTG	FF954_19460|CP040690_4011843_4012709_+3_GTG_288
CP040690	4013964	TAG	FF954_19465	4012723	1242	CDS		TTG	FF954_19465|CP040690_4012723_4013964_+1_TTG_413
CP040690	4018959	TAG	FF954_19495	4018411	549	CDS		GTG	FF954_19495|CP040690_4018411_4018959_+1_GTG_182
CP040690	4020467	TAG	FF954_19500	4019025	1443	CDS		GTG	FF954_19500|CP040690_4019025_4020467_+3_GTG_480
CP040690	4021548	TAA	FF954_19505	4020472	1077	CDS		ATG	FF954_19505|CP040690_4020472_4021548_+1_ATG_358
CP040690	4023988	TAG	FF954_19520	4023074	915	CDS		ATG	FF954_19520|CP040690_4023074_4023988_+2_ATG_304
CP040690	4026955	TAA	FF954_19535	4026638	318	CDS		ATG	FF954_19535|CP040690_4026638_4026955_+2_ATG_105
CP040690	4028291	TAG	FF954_19540	4026933	1359	CDS		GTG	FF954_19540|CP040690_4026933_4028291_+3_GTG_452
CP040690	4029265	TAG	FF954_19545	4028438	828	CDS		GTG	FF954_19545|CP040690_4028438_4029265_+2_GTG_275
CP040690	4046322	TGA	FF954_19630	4045792	531	CDS		ATC	FF954_19630|CP040690_4045792_4046322_+1_ATC_176
CP040690	4049383	CTT	FF954_19660	4049174	210	CDS	true	CTG	FF954_19660_p|CP040690_4049174_4049383_+2_CTG_70
CP040690	4049968	TGA	FF954_19665	4049666	303	CDS	true	TAC	FF954_19665_p|CP040690_4049666_4049968_+2_TAC_100
CP040690	4051152	TGA	FF954_19670	4049965	1188	CDS		ATG	FF954_19670|CP040690_4049965_4051152_+1_ATG_395
CP040690	4054516	TAG	FF954_19695	4053794	723	CDS		ATG	FF954_19695|CP040690_4053794_4054516_+2_ATG_240
CP040690	4059178	TGA	FF954_19720	4058690	489	CDS		GTG	FF954_19720|CP040690_4058690_4059178_+2_GTG_162
CP040690	4061737	TAA	FF954_19730	4060442	1296	CDS		TTG	FF954_19730|CP040690_4060442_4061737_+2_TTG_431
CP040690	4062506	TGA	FF954_19735	4061781	726	CDS		ATG	FF954_19735|CP040690_4061781_4062506_+3_ATG_241
CP040690	4062847	TAA	FF954_19740	4062503	345	CDS		ATG	FF954_19740|CP040690_4062503_4062847_+2_ATG_114
CP040690	4063933	TGA	FF954_19745	4063058	876	CDS		ATG	FF954_19745|CP040690_4063058_4063933_+2_ATG_291
CP040690	4066676	TGA	FF954_19755	4064901	1776	CDS		ATG	FF954_19755|CP040690_4064901_4066676_+3_ATG_591
CP040690	4068251	TGA	FF954_19760	4067019	1233	CDS	true	GTG	FF954_19760_p|CP040690_4067019_4068251_+3_GTG_410
CP040690	4068997	TGA	FF954_19765	4068251	747	CDS		ATG	FF954_19765|CP040690_4068251_4068997_+2_ATG_248
CP040690	4072618	TGA	FF954_19790	4072427	192	CDS		GTG	FF954_19790|CP040690_4072427_4072618_+2_GTG_63
CP040690	4075723	TAG	FF954_19805	4074074	1650	CDS		ATG	FF954_19805|CP040690_4074074_4075723_+2_ATG_549
CP040690	4082363	TGA	FF954_19825	4080048	2316	CDS		ATG	FF954_19825|CP040690_4080048_4082363_+3_ATG_771
CP040690	4082784	TAG	FF954_19830	4082500	285	CDS		GTG	FF954_19830|CP040690_4082500_4082784_+1_GTG_94
CP040690	4083458	TGA	FF954_19835	4083108	351	CDS		ATG	FF954_19835|CP040690_4083108_4083458_+3_ATG_116
CP040690	4084371	TGA	FF954_19845	4084057	315	CDS		ATG	FF954_19845|CP040690_4084057_4084371_+1_ATG_104
CP040690	4085078	TAG	FF954_19850	4084365	714	CDS		TTG	FF954_19850|CP040690_4084365_4085078_+3_TTG_237
CP040690	4090114	TGA	FF954_19890	4089920	195	CDS		TTG	FF954_19890|CP040690_4089920_4090114_+2_TTG_64
CP040690	4091060	TAG	FF954_19895	4090197	864	CDS		GTG	FF954_19895|CP040690_4090197_4091060_+3_GTG_287
CP040690	4098076	TAA	FF954_19930	4097720	357	CDS		GTG	FF954_19930|CP040690_4097720_4098076_+2_GTG_118
CP040690	4100297	TAG	FF954_19935	4098342	1956	CDS		GTG	FF954_19935|CP040690_4098342_4100297_+3_GTG_651
CP040690	4101895	TAG	FF954_19945	4101377	519	CDS		GTG	FF954_19945|CP040690_4101377_4101895_+2_GTG_172
CP040690	4102879	TGA	FF954_19950	4101896	984	CDS		ATG	FF954_19950|CP040690_4101896_4102879_+2_ATG_327
CP040690	4106929	TAG	FF954_19975	4106552	378	CDS		ATG	FF954_19975|CP040690_4106552_4106929_+2_ATG_125
CP040690	4107702	TAA	FF954_19980	4107028	675	CDS		GTG	FF954_19980|CP040690_4107028_4107702_+1_GTG_224
CP040690	4110348	TGA	FF954_20000	4109326	1023	CDS		ATG	FF954_20000|CP040690_4109326_4110348_+1_ATG_340
CP040690	4111505	TGA	FF954_20005	4110345	1161	CDS		ATG	FF954_20005|CP040690_4110345_4111505_+3_ATG_386
CP040690	4115012	TAG	FF954_20020	4112580	2433	CDS		ATG	FF954_20020|CP040690_4112580_4115012_+3_ATG_810
CP040690	4116040	TGA	FF954_20025	4115081	960	CDS		ATG	FF954_20025|CP040690_4115081_4116040_+2_ATG_319
CP040690	4117143	TGA	FF954_20030	4116103	1041	CDS		TTG	FF954_20030|CP040690_4116103_4117143_+1_TTG_346
CP040690	4117940	GTT	FF954_20040	4117716	225	CDS	true	ATT	FF954_20040_p|CP040690_4117716_4117940_+3_ATT_75
CP040690	4122376	TAA	FF954_20065	4121021	1356	CDS		TTG	FF954_20065|CP040690_4121021_4122376_+2_TTG_451
CP040690	4123056	TGA	FF954_20070	4122403	654	CDS		GTG	FF954_20070|CP040690_4122403_4123056_+1_GTG_217
CP040690	4124183	TGA	FF954_20075	4123182	1002	CDS		ATG	FF954_20075|CP040690_4123182_4124183_+3_ATG_333
CP040690	4125256	TAG	FF954_20080	4124180	1077	CDS		GTG	FF954_20080|CP040690_4124180_4125256_+2_GTG_358
CP040690	4125393	TGA	FF954_20085	4125274	120	CDS	true	GCC	FF954_20085_p|CP040690_4125274_4125393_+1_GCC_39
CP040690	4126712	TAA	FF954_20090	4125390	1323	CDS		ATG	FF954_20090|CP040690_4125390_4126712_+3_ATG_440
CP040690	4128802	TAG	FF954_20100	4127870	933	CDS		ATG	FF954_20100|CP040690_4127870_4128802_+2_ATG_310
CP040690	4132686	TAG	FF954_20120	4131157	1530	CDS		ATG	FF954_20120|CP040690_4131157_4132686_+1_ATG_509
CP040690	4133409	TGA	FF954_20125	4132708	702	CDS		ATG	FF954_20125|CP040690_4132708_4133409_+1_ATG_233
CP040690	4146965	TAG	FF954_20185	4144404	2562	CDS		GTG	FF954_20185|CP040690_4144404_4146965_+3_GTG_853
CP040690	4149454	TGA	FF954_20200	4148213	1242	CDS		GTG	FF954_20200|CP040690_4148213_4149454_+2_GTG_413
CP040690	4150154	TAG	FF954_20205	4149459	696	CDS		GTG	FF954_20205|CP040690_4149459_4150154_+3_GTG_231
CP040690	4152996	TAG	FF954_20225	4152271	726	CDS		ATG	FF954_20225|CP040690_4152271_4152996_+1_ATG_241
CP040690	4154941	TGA	FF954_20235	4153529	1413	CDS		ATG	FF954_20235|CP040690_4153529_4154941_+2_ATG_470
CP040690	4156221	TAG	FF954_20240	4154959	1263	CDS		ATG	FF954_20240|CP040690_4154959_4156221_+1_ATG_420
CP040690	4160523	TAG	FF954_20265	4159759	765	CDS		ATG	FF954_20265|CP040690_4159759_4160523_+1_ATG_254
CP040690	4161391	TAG	FF954_20270	4160690	702	CDS		ATG	FF954_20270|CP040690_4160690_4161391_+2_ATG_233
CP040690	4162437	TAA	FF954_20275	4161436	1002	CDS		ATG	FF954_20275|CP040690_4161436_4162437_+1_ATG_333
CP040690	4163837	TGA	FF954_20280	4162644	1194	CDS		ATG	FF954_20280|CP040690_4162644_4163837_+3_ATG_397
CP040690	4165986	TAG	FF954_20285	4164178	1809	CDS		ATG	FF954_20285|CP040690_4164178_4165986_+1_ATG_602
CP040690	4169293	TGA	FF954_20290	4166096	3198	CDS		GTG	FF954_20290|CP040690_4166096_4169293_+2_GTG_1065
CP040690	4171838	TGA	FF954_20295	4169508	2331	CDS		ATG	FF954_20295|CP040690_4169508_4171838_+3_ATG_776
CP040690	4174057	TAA	FF954_20305	4172981	1077	CDS		ATG	FF954_20305|CP040690_4172981_4174057_+2_ATG_358
CP040690	4175215	TAG	FF954_20310	4174157	1059	CDS		ATG	FF954_20310|CP040690_4174157_4175215_+2_ATG_352
CP040690	4177800	TGA	FF954_20325	4177312	489	CDS		ATG	FF954_20325|CP040690_4177312_4177800_+1_ATG_162
CP040690	4178918	TGA	FF954_20330	4177857	1062	CDS		ATG	FF954_20330|CP040690_4177857_4178918_+3_ATG_353
CP040690	4180511	TAG	FF954_20335	4178922	1590	CDS		ATG	FF954_20335|CP040690_4178922_4180511_+3_ATG_529
CP040690	4187025	TAA	FF954_20365	4186663	363	CDS		ATG	FF954_20365|CP040690_4186663_4187025_+1_ATG_120
CP040690	4188330	TGA	FF954_20380	4187947	384	CDS		GTG	FF954_20380|CP040690_4187947_4188330_+1_GTG_127
CP040690	4188819	TGA	FF954_20385	4188460	360	CDS		GTG	FF954_20385|CP040690_4188460_4188819_+1_GTG_119
CP040690	4190312	TGA	FF954_20405	4190085	228	CDS		ATC	FF954_20405|CP040690_4190085_4190312_+3_ATC_75
CP040690	4192549	TGA	FF954_20425	4191578	972	CDS		GTG	FF954_20425|CP040690_4191578_4192549_+2_GTG_323
CP040690	4197063	TAA	FF954_20455	4196761	303	CDS		GTG	FF954_20455|CP040690_4196761_4197063_+1_GTG_100
CP040690	4200749	TAA	FF954_20470	4200270	480	CDS		GTG	FF954_20470|CP040690_4200270_4200749_+3_GTG_159
CP040690	4204205	TAG	FF954_20485	4203516	690	CDS		ATG	FF954_20485|CP040690_4203516_4204205_+3_ATG_229
CP040690	4205652	TGA	FF954_20495	4205293	360	CDS		ATG	FF954_20495|CP040690_4205293_4205652_+1_ATG_119
CP040690	4206110	TGA	FF954_20500	4205838	273	CDS		GTG	FF954_20500|CP040690_4205838_4206110_+3_GTG_90
CP040690	4209418	TGA	FF954_20530	4208357	1062	CDS		GTG	FF954_20530|CP040690_4208357_4209418_+2_GTG_353
CP040690	4210896	TAG	FF954_20540	4210072	825	CDS		ATG	FF954_20540|CP040690_4210072_4210896_+1_ATG_274
CP040690	4212155	TGA	FF954_20545	4210908	1248	CDS		ATG	FF954_20545|CP040690_4210908_4212155_+3_ATG_415
CP040690	4213784	CCC	FF954_20550	4212243	1542	CDS	true	ATG	FF954_20550_p|CP040690_4212243_4213784_+3_ATG_514
CP040690	4214903	TAG	FF954_20560	4213917	987	CDS		GTG	FF954_20560|CP040690_4213917_4214903_+3_GTG_328
CP040690	4218208	TAG	FF954_20570	4216208	2001	CDS		GTG	FF954_20570|CP040690_4216208_4218208_+2_GTG_666
CP040690	4218748	TAA	FF954_20575	4218212	537	CDS		GTG	FF954_20575|CP040690_4218212_4218748_+2_GTG_178
CP040690	4219573	TGA	FF954_20580	4218752	822	CDS		GTG	FF954_20580|CP040690_4218752_4219573_+2_GTG_273
CP040690	4220484	TGA	FF954_20585	4219570	915	CDS		ATG	FF954_20585|CP040690_4219570_4220484_+1_ATG_304
CP040690	4221323	TAG	FF954_20590	4220481	843	CDS		ATG	FF954_20590|CP040690_4220481_4221323_+3_ATG_280
CP040690	4222459	TAA	FF954_20595	4221479	981	CDS		ATG	FF954_20595|CP040690_4221479_4222459_+2_ATG_326
CP040690	4223616	TGA	FF954_20600	4222543	1074	CDS		ATG	FF954_20600|CP040690_4222543_4223616_+1_ATG_357
CP040690	4226488	TAA	FF954_20615	4226003	486	CDS		GTG	FF954_20615|CP040690_4226003_4226488_+2_GTG_161
CP040690	4226962	TGA	FF954_20620	4226597	366	CDS		ATG	FF954_20620|CP040690_4226597_4226962_+2_ATG_121
CP040690	4228387	TAG	FF954_20625	4227002	1386	CDS		ATG	FF954_20625|CP040690_4227002_4228387_+2_ATG_461
CP040690	4229152	TGA	FF954_20630	4228388	765	CDS		ATG	FF954_20630|CP040690_4228388_4229152_+2_ATG_254
CP040690	4231086	TGA	FF954_20635	4229155	1932	CDS		ATG	FF954_20635|CP040690_4229155_4231086_+1_ATG_643
CP040690	4234370	TAG	FF954_20640	4231086	3285	CDS		ATG	FF954_20640|CP040690_4231086_4234370_+3_ATG_1094
CP040690	4237740	TGA	FF954_20645	4234456	3285	CDS		GTG	FF954_20645|CP040690_4234456_4237740_+1_GTG_1094
CP040690	4241033	TAG	FF954_20650	4237737	3297	CDS		ATG	FF954_20650|CP040690_4237737_4241033_+3_ATG_1098
CP040690	4242228	TGA	FF954_20655	4241101	1128	CDS		ATG	FF954_20655|CP040690_4241101_4242228_+1_ATG_375
CP040690	4244089	TAA	FF954_20660	4242308	1782	CDS		ATG	FF954_20660|CP040690_4242308_4244089_+2_ATG_593
CP040690	4245549	TAG	FF954_20665	4244216	1334	CDS	true	GTG	FF954_20665_p|CP040690_4244216_4245549_+2_GTG_444
CP040690	4265804	TAA	FF954_20725	4264950	855	CDS		GTG	FF954_20725|CP040690_4264950_4265804_+3_GTG_284
CP040690	4267628	TGA	FF954_20730	4266009	1620	CDS		ATG	FF954_20730|CP040690_4266009_4267628_+3_ATG_539
CP040690	4269296	TAG	FF954_20735	4267782	1515	CDS		GTG	FF954_20735|CP040690_4267782_4269296_+3_GTG_504
CP040690	4273613	TAA	FF954_20770	4272858	756	CDS		GTG	FF954_20770|CP040690_4272858_4273613_+3_GTG_251
CP040690	4275210	TGA	FF954_20775	4273660	1551	CDS		GTG	FF954_20775|CP040690_4273660_4275210_+1_GTG_516
CP040690	4275542	TGA	FF954_20780	4275207	336	CDS		ATG	FF954_20780|CP040690_4275207_4275542_+3_ATG_111
CP040690	4277897	TAG	FF954_20790	4277184	714	CDS		ATG	FF954_20790|CP040690_4277184_4277897_+3_ATG_237
CP040690	4279146	TAG	FF954_20795	4277932	1215	CDS		ATG	FF954_20795|CP040690_4277932_4279146_+1_ATG_404
CP040690	4292777	TAG	FF954_20820	4291023	1755	CDS		ATG	FF954_20820|CP040690_4291023_4292777_+3_ATG_584
CP040690	4297450	TAG	FF954_20845	4296968	483	CDS		ATG	FF954_20845|CP040690_4296968_4297450_+2_ATG_160
CP040690	4298869	TAA	FF954_20855	4298078	792	CDS		ATG	FF954_20855|CP040690_4298078_4298869_+2_ATG_263
CP040690	4301607	TAG	FF954_20865	4300258	1350	CDS		ATG	FF954_20865|CP040690_4300258_4301607_+1_ATG_449
CP040690	4301962	TGA	FF954_20870	4301612	351	CDS		GTG	FF954_20870|CP040690_4301612_4301962_+2_GTG_116
CP040690	4302244	TGA	FF954_20875	4302023	222	CDS		ATG	FF954_20875|CP040690_4302023_4302244_+2_ATG_73
CP040690	4304753	TAG	FF954_20890	4303977	777	CDS		ATG	FF954_20890|CP040690_4303977_4304753_+3_ATG_258
CP040690	4305192	TAA	FF954_20895	4304779	414	CDS		TTG	FF954_20895|CP040690_4304779_4305192_+1_TTG_137
CP040690	4305935	TAG	FF954_20900	4305390	546	CDS		ATG	FF954_20900|CP040690_4305390_4305935_+3_ATG_181
CP040690	4310477	TAG	FF954_20930	4310031	447	CDS		ATC	FF954_20930|CP040690_4310031_4310477_+3_ATC_148
CP040690	4310851	TGA	FF954_20935	4310492	360	CDS		GTG	FF954_20935|CP040690_4310492_4310851_+2_GTG_119
CP040690	4311251	TGA	FF954_20940	4311036	216	CDS		ATG	FF954_20940|CP040690_4311036_4311251_+3_ATG_71
CP040690	4312538	TGA	FF954_20950	4311915	624	CDS		GTG	FF954_20950|CP040690_4311915_4312538_+3_GTG_207
CP040690	4313282	TAA	FF954_20955	4312749	534	CDS		ATG	FF954_20955|CP040690_4312749_4313282_+3_ATG_177
CP040690	4314445	TGA	FF954_20965	4313537	909	CDS		ATG	FF954_20965|CP040690_4313537_4314445_+2_ATG_302
CP040690	4315109	TAG	FF954_20970	4314711	399	CDS		ATG	FF954_20970|CP040690_4314711_4315109_+3_ATG_132
CP040690	4315883	TAA	FF954_20975	4315227	657	CDS		ATG	FF954_20975|CP040690_4315227_4315883_+3_ATG_218
CP040690	4316179	TAA	FF954_20980	4315895	285	CDS		ATG	FF954_20980|CP040690_4315895_4316179_+2_ATG_94
CP040690	4316690	TGA	FF954_20985	4316286	405	CDS		ATG	FF954_20985|CP040690_4316286_4316690_+3_ATG_134
CP040690	4317180	TGA	FF954_20990	4316707	474	CDS		GTG	FF954_20990|CP040690_4316707_4317180_+1_GTG_157
CP040690	4319411	TAA	FF954_21000	4318761	651	CDS		GTG	FF954_21000|CP040690_4318761_4319411_+3_GTG_216
CP040690	4329161	TGA	FF954_21030	4327989	1173	CDS		ATG	FF954_21030|CP040690_4327989_4329161_+3_ATG_390
CP040690	4329484	TGA	FF954_21035	4329158	327	CDS		GTG	FF954_21035|CP040690_4329158_4329484_+2_GTG_108
CP040690	4331238	TGA	FF954_21045	4330060	1179	CDS		ATG	FF954_21045|CP040690_4330060_4331238_+1_ATG_392
CP040690	4332737	TGA	FF954_21050	4331481	1257	CDS		ATG	FF954_21050|CP040690_4331481_4332737_+3_ATG_418
CP040690	4333136	TGA	FF954_21055	4332825	312	CDS		ATG	FF954_21055|CP040690_4332825_4333136_+3_ATG_103
CP040690	4333990	TGA	FF954_21060	4333139	852	CDS		ATG	FF954_21060|CP040690_4333139_4333990_+2_ATG_283
CP040690	4334580	TGA	FF954_21065	4334029	552	CDS		ATG	FF954_21065|CP040690_4334029_4334580_+1_ATG_183
CP040690	4336294	TGA	FF954_21070	4334573	1722	CDS		ATG	FF954_21070|CP040690_4334573_4336294_+2_ATG_573
CP040690	4337740	TGA	FF954_21075	4336298	1443	CDS		ATG	FF954_21075|CP040690_4336298_4337740_+2_ATG_480
CP040690	4339983	TGA	FF954_21080	4337740	2244	CDS		ATG	FF954_21080|CP040690_4337740_4339983_+1_ATG_747
CP040690	4340123	TGA	FF954_21085	4339980	144	CDS		GTG	FF954_21085|CP040690_4339980_4340123_+3_GTG_47
CP040690	4341914	TAA	FF954_21090	4340139	1776	CDS		ATG	FF954_21090|CP040690_4340139_4341914_+3_ATG_591
CP040690	4342353	TAA	FF954_21095	4342057	297	CDS		ATG	FF954_21095|CP040690_4342057_4342353_+1_ATG_98
CP040690	4343493	TGA	FF954_21100	4342387	1107	CDS		ATG	FF954_21100|CP040690_4342387_4343493_+1_ATG_368
CP040690	4343888	TGA	FF954_21105	4343586	303	CDS		ATG	FF954_21105|CP040690_4343586_4343888_+3_ATG_100
CP040690	4344208	TAG	FF954_21110	4343921	288	CDS		ATG	FF954_21110|CP040690_4343921_4344208_+2_ATG_95
CP040690	4346322	TGA	FF954_21115	4344322	2001	CDS		ATG	FF954_21115|CP040690_4344322_4346322_+1_ATG_666
CP040690	4347854	TGA	FF954_21120	4346319	1536	CDS		TTG	FF954_21120|CP040690_4346319_4347854_+3_TTG_511
CP040690	4348849	TAG	FF954_21125	4348005	845	CDS	true	ATG	FF954_21125_p|CP040690_4348005_4348849_+3_ATG_281
CP040690	4385607	TGA	FF954_21285	4385395	213	CDS		ATG	FF954_21285|CP040690_4385395_4385607_+1_ATG_70
CP040690	4386502	TGA	FF954_21290	4385756	747	CDS		GTG	FF954_21290|CP040690_4385756_4386502_+2_GTG_248
CP040690	4388907	TGA	FF954_21295	4386499	2409	CDS		GTG	FF954_21295|CP040690_4386499_4388907_+1_GTG_802
CP040690	4392458	TGA	FF954_21300	4388904	3555	CDS		ATG	FF954_21300|CP040690_4388904_4392458_+3_ATG_1184
CP040690	4393083	TGA	FF954_21305	4392493	591	CDS		ATG	FF954_21305|CP040690_4392493_4393083_+1_ATG_196
CP040690	4393940	TGA	FF954_21310	4393176	765	CDS		ATG	FF954_21310|CP040690_4393176_4393940_+3_ATG_254
CP040690	4395041	TGA	FF954_21315	4394034	1008	CDS		ATG	FF954_21315|CP040690_4394034_4395041_+3_ATG_335
CP040690	4395388	TAG	FF954_21320	4395038	351	CDS		ATG	FF954_21320|CP040690_4395038_4395388_+2_ATG_116
CP040690	4396718	TAA	FF954_21325	4395498	1221	CDS		ATG	FF954_21325|CP040690_4395498_4396718_+3_ATG_406
CP040690	4403472	TAA	FF954_21380	4403251	222	CDS		ATG	FF954_21380|CP040690_4403251_4403472_+1_ATG_73
CP040690	-11756	TAG	FF954_00055	-11893	138	CDS		GTG	FF954_00055|CP040690_11893_11756_-1_GTG_45
CP040690	-12075	TGA	FF954_00060	-12512	438	CDS		ATG	FF954_00060|CP040690_12512_12075_-3_ATG_145
CP040690	-13334	TGA	FF954_00070	-13759	426	CDS		ATG	FF954_00070|CP040690_13759_13334_-1_ATG_141
CP040690	-13915	TGA	FF954_00075	-14196	282	CDS		ATG	FF954_00075|CP040690_14196_13915_-2_ATG_93
CP040690	-15791	TAG	FF954_00090	-17671	1881	CDS		ATG	FF954_00090|CP040690_17671_15791_-1_ATG_626
CP040690	-17668	TGA	FF954_00095	-18963	1296	CDS		ATG	FF954_00095|CP040690_18963_17668_-2_ATG_431
CP040690	-18960	TGA	FF954_00100	-20435	1476	CDS		ATG	FF954_00100|CP040690_20435_18960_-3_ATG_491
CP040690	-20432	TGA	FF954_00105	-21841	1410	CDS		ATG	FF954_00105|CP040690_21841_20432_-1_ATG_469
CP040690	-21838	TGA	FF954_00110	-23382	1545	CDS		GTG	FF954_00110|CP040690_23382_21838_-2_GTG_514
CP040690	-23471	TGA	FF954_00115	-23938	468	CDS		ATG	FF954_00115|CP040690_23938_23471_-1_ATG_155
CP040690	-24062	TGA	FF954_00120	-25627	1566	CDS		ATG	FF954_00120|CP040690_25627_24062_-1_ATG_521
CP040690	-26096	TAA	FF954_00130	-27064	969	CDS		GTG	FF954_00130|CP040690_27064_26096_-1_GTG_322
CP040690	-27206	TGA	FF954_00135	-27625	420	CDS		ATG	FF954_00135|CP040690_27625_27206_-1_ATG_139
CP040690	-34087	TAG	FF954_00185	-34344	258	CDS		TTG	FF954_00185|CP040690_34344_34087_-2_TTG_85
CP040690	-39243	TGA	FF954_00210	-40016	774	CDS		ATG	FF954_00210|CP040690_40016_39243_-3_ATG_257
CP040690	-40064	TAG	FF954_00215	-41389	1326	CDS		GTG	FF954_00215|CP040690_41389_40064_-1_GTG_441
CP040690	-42191	TGA	FF954_00225	-42538	348	CDS		ATG	FF954_00225|CP040690_42538_42191_-1_ATG_115
CP040690	-42620	TAG	FF954_00230	-43552	933	CDS		ATG	FF954_00230|CP040690_43552_42620_-1_ATG_310
CP040690	-46768	TGA	FF954_00240	-47394	627	CDS		ATG	FF954_00240|CP040690_47394_46768_-2_ATG_208
CP040690	-47553	TAA	FF954_00245	-48287	735	CDS		ATG	FF954_00245|CP040690_48287_47553_-3_ATG_244
CP040690	-48420	TGA	FF954_00250	-49214	795	CDS		ATG	FF954_00250|CP040690_49214_48420_-3_ATG_264
CP040690	-49230	TGA	FF954_00255	-50126	897	CDS		GTG	FF954_00255|CP040690_50126_49230_-3_GTG_298
CP040690	-50208	TAG	FF954_00260	-51311	1104	CDS		ATG	FF954_00260|CP040690_51311_50208_-3_ATG_367
CP040690	-51372	TAA	FF954_00265	-51914	543	CDS		ATG	FF954_00265|CP040690_51914_51372_-3_ATG_180
CP040690	-52015	TGA	FF954_00270	-52884	870	CDS		GTG	FF954_00270|CP040690_52884_52015_-2_GTG_289
CP040690	-65208	TGA	FF954_00335	-65546	339	CDS		ATG	FF954_00335|CP040690_65546_65208_-3_ATG_112
CP040690	-65596	TGA	FF954_00340	-65808	213	CDS		GTG	FF954_00340|CP040690_65808_65596_-2_GTG_70
CP040690	-72507	TGA	FF954_00375	-74744	2238	CDS		ATG	FF954_00375|CP040690_74744_72507_-3_ATG_745
CP040690	-74862	TGA	FF954_00380	-75431	570	CDS		TTG	FF954_00380|CP040690_75431_74862_-3_TTG_189
CP040690	-76470	TGA	FF954_00390	-77855	1386	CDS		ATG	FF954_00390|CP040690_77855_76470_-3_ATG_461
CP040690	-77852	TGA	FF954_00395	-79129	1278	CDS		ATG	FF954_00395|CP040690_79129_77852_-1_ATG_425
CP040690	-85439	TGA	FF954_00430	-85828	390	CDS		ATG	FF954_00430|CP040690_85828_85439_-1_ATG_129
CP040690	-85892	TAG	FF954_00435	-86722	831	CDS		ATG	FF954_00435|CP040690_86722_85892_-1_ATG_276
CP040690	-87464	TGA	FF954_00445	-88057	594	CDS		ATG	FF954_00445|CP040690_88057_87464_-1_ATG_197
CP040690	-88054	TGA	FF954_00450	-88260	207	CDS		GTG	FF954_00450|CP040690_88260_88054_-2_GTG_68
CP040690	-103071	TAG	FF954_00530	-103919	849	CDS		GTG	FF954_00530|CP040690_103919_103071_-3_GTG_282
CP040690	-103966	TGA	FF954_00535	-104937	972	CDS		CTG	FF954_00535|CP040690_104937_103966_-2_CTG_323
CP040690	-105061	TAG	FF954_00540	-105471	411	CDS		GTG	FF954_00540|CP040690_105471_105061_-2_GTG_136
CP040690	-120171	TAG	FF954_00580	-122429	2259	CDS		GTG	FF954_00580|CP040690_122429_120171_-3_GTG_752
CP040690	-124107	CGA	FF954_00590	-124224	118	CDS	true	ATG	FF954_00590_p|CP040690_124224_124107_-2_ATG_39
CP040690	-124234	TGA	FF954_00595	-124518	285	CDS		ATG	FF954_00595|CP040690_124518_124234_-2_ATG_94
CP040690	-125919	TAG	FF954_00605	-130796	4878	CDS		GTG	FF954_00605|CP040690_130796_125919_-3_GTG_1625
CP040690	-131150	TGA	FF954_00610	-131359	210	CDS		TTG	FF954_00610|CP040690_131359_131150_-1_TTG_69
CP040690	-140524	TAG	FF954_00655	-141279	756	CDS		ATG	FF954_00655|CP040690_141279_140524_-2_ATG_251
CP040690	-142385	TGA	FF954_00665	-144133	1749	CDS		ATG	FF954_00665|CP040690_144133_142385_-1_ATG_582
CP040690	-145884	TAG	FF954_00675	-148028	2145	CDS		ATG	FF954_00675|CP040690_148028_145884_-3_ATG_714
CP040690	-148165	TGA	FF954_00680	-148599	435	CDS		GTG	FF954_00680|CP040690_148599_148165_-2_GTG_144
CP040690	-157068	TGA	FF954_00725	-158090	1023	CDS		ATG	FF954_00725|CP040690_158090_157068_-3_ATG_340
CP040690	-158805	TGA	FF954_00735	-160148	1344	CDS		ATG	FF954_00735|CP040690_160148_158805_-3_ATG_447
CP040690	-160190	TGA	FF954_00740	-161272	1083	CDS		ATG	FF954_00740|CP040690_161272_160190_-1_ATG_360
CP040690	-163134	TAG	FF954_00755	-163739	606	CDS		GTG	FF954_00755|CP040690_163739_163134_-3_GTG_201
CP040690	-165202	TGA	FF954_00765	-165750	549	CDS		ATG	FF954_00765|CP040690_165750_165202_-2_ATG_182
CP040690	-167761	TGA	FF954_00785	-168171	411	CDS		ATG	FF954_00785|CP040690_168171_167761_-2_ATG_136
CP040690	-169194	TAG	FF954_00795	-170672	1479	CDS		ATG	FF954_00795|CP040690_170672_169194_-3_ATG_492
CP040690	-177155	TAG	FF954_00830	-177442	288	CDS		ATG	FF954_00830|CP040690_177442_177155_-1_ATG_95
CP040690	-178033	TGA	FF954_00840	-179799	1767	CDS		ATG	FF954_00840|CP040690_179799_178033_-2_ATG_588
CP040690	-179809	TGA	FF954_00845	-181386	1578	CDS		ATG	FF954_00845|CP040690_181386_179809_-2_ATG_525
CP040690	-181295	TAG	FF954_00850	-181519	225	CDS		ATG	FF954_00850|CP040690_181519_181295_-1_ATG_74
CP040690	-181645	TGA	FF954_00855	-182475	831	CDS		ATG	FF954_00855|CP040690_182475_181645_-2_ATG_276
CP040690	-182477	TGA	FF954_00860	-183688	1212	CDS		ATG	FF954_00860|CP040690_183688_182477_-1_ATG_403
CP040690	-186985	TGA	FF954_00885	-187110	126	CDS		ATG	FF954_00885|CP040690_187110_186985_-2_ATG_41
CP040690	-187923	TGA	FF954_00895	-189329	1407	CDS		ATG	FF954_00895|CP040690_189329_187923_-3_ATG_468
CP040690	-189421	TGA	FF954_00900	-190929	1509	CDS		ATG	FF954_00900|CP040690_190929_189421_-2_ATG_502
CP040690	-192474	TAA	FF954_00910	-193625	1152	CDS		GTG	FF954_00910|CP040690_193625_192474_-3_GTG_383
CP040690	-193992	TAG	FF954_00920	-194177	186	CDS		TTG	FF954_00920|CP040690_194177_193992_-3_TTG_61
CP040690	-194615	TGA	FF954_00930	-195307	693	CDS		GTG	FF954_00930|CP040690_195307_194615_-1_GTG_230
CP040690	-210194	TAA	FF954_01000	-211303	1110	CDS		ATG	FF954_01000|CP040690_211303_210194_-1_ATG_369
CP040690	-211383	TAA	FF954_01005	-212741	1359	CDS		ATG	FF954_01005|CP040690_212741_211383_-3_ATG_452
CP040690	-212768	TAG	FF954_01010	-213502	735	CDS		ATG	FF954_01010|CP040690_213502_212768_-1_ATG_244
CP040690	-213519	TGA	FF954_01015	-214631	1113	CDS		ATG	FF954_01015|CP040690_214631_213519_-3_ATG_370
CP040690	-218881	TAG	FF954_01040	-219042	162	CDS		ATG	FF954_01040|CP040690_219042_218881_-2_ATG_53
CP040690	-220487	TAG	FF954_01055	-222214	1728	CDS		ATG	FF954_01055|CP040690_222214_220487_-1_ATG_575
CP040690	-225216	TAA	FF954_01075	-227063	1848	CDS		GTG	FF954_01075|CP040690_227063_225216_-3_GTG_615
CP040690	-235011	TAG	FF954_01100	-237002	1992	CDS		GTG	FF954_01100|CP040690_237002_235011_-3_GTG_663
CP040690	-238387	TAG	FF954_01115	-238890	504	CDS		GTG	FF954_01115|CP040690_238890_238387_-2_GTG_167
CP040690	-238887	TGA	FF954_01120	-241787	2901	CDS		ATG	FF954_01120|CP040690_241787_238887_-3_ATG_966
CP040690	-242471	TAG	FF954_01130	-243754	1284	CDS		ATG	FF954_01130|CP040690_243754_242471_-1_ATG_427
CP040690	-244979	TAA	FF954_01140	-247813	2835	CDS		GTG	FF954_01140|CP040690_247813_244979_-1_GTG_944
CP040690	-247879	TGA	FF954_01145	-248607	729	CDS		ATG	FF954_01145|CP040690_248607_247879_-2_ATG_242
CP040690	-248610	TGA	FF954_01150	-249401	792	CDS		ATG	FF954_01150|CP040690_249401_248610_-3_ATG_263
CP040690	-254164	TAA	FF954_01170	-255135	972	CDS		GTG	FF954_01170|CP040690_255135_254164_-2_GTG_323
CP040690	-255132	TGA	FF954_01175	-256463	1332	CDS		ATG	FF954_01175|CP040690_256463_255132_-3_ATG_443
CP040690	-258214	TAG	FF954_01185	-259380	1167	CDS		GTG	FF954_01185|CP040690_259380_258214_-2_GTG_388
CP040690	-260447	TAG	FF954_01195	-261355	909	CDS		GTG	FF954_01195|CP040690_261355_260447_-1_GTG_302
CP040690	-266824	TAG	FF954_01225	-268287	1464	CDS		ATG	FF954_01225|CP040690_268287_266824_-2_ATG_487
CP040690	-268386	TAA	FF954_01230	-269150	765	CDS		GTG	FF954_01230|CP040690_269150_268386_-3_GTG_254
CP040690	-270357	TAA	FF954_01240	-272087	1731	CDS		GTG	FF954_01240|CP040690_272087_270357_-3_GTG_576
CP040690	-272097	TAA	FF954_01245	-273362	1266	CDS		ATG	FF954_01245|CP040690_273362_272097_-3_ATG_421
CP040690	-274829	TAG	FF954_01255	-275242	414	CDS		ATG	FF954_01255|CP040690_275242_274829_-1_ATG_137
CP040690	-275233	TGA	FF954_01260	-275427	195	CDS		ATG	FF954_01260|CP040690_275427_275233_-2_ATG_64
CP040690	-275506	TGA	FF954_01265	-276486	981	CDS		GTG	FF954_01265|CP040690_276486_275506_-2_GTG_326
CP040690	-280128	TAG	FF954_01285	-281663	1536	CDS		ATG	FF954_01285|CP040690_281663_280128_-3_ATG_511
CP040690	-281689	TGA	FF954_01290	-283137	1449	CDS		ATG	FF954_01290|CP040690_283137_281689_-2_ATG_482
CP040690	-283172	TAG	FF954_01295	-287374	4203	CDS		GTG	FF954_01295|CP040690_287374_283172_-1_GTG_1400
CP040690	-287421	TAG	FF954_01300	-287594	174	CDS		ATG	FF954_01300|CP040690_287594_287421_-3_ATG_57
CP040690	-290335	TAG	FF954_01325	-291177	843	CDS		GTG	FF954_01325|CP040690_291177_290335_-2_GTG_280
CP040690	-291188	TGA	FF954_01330	-292552	1365	CDS		GTG	FF954_01330|CP040690_292552_291188_-1_GTG_454
CP040690	-294322	TGA	FF954_01340	-296157	1836	CDS		GTG	FF954_01340|CP040690_296157_294322_-2_GTG_611
CP040690	-298640	TAA	FF954_01355	-299386	747	CDS		ATG	FF954_01355|CP040690_299386_298640_-1_ATG_248
CP040690	-299387	TAA	FF954_01360	-301327	1941	CDS		ATG	FF954_01360|CP040690_301327_299387_-1_ATG_646
CP040690	-301358	TGA	FF954_01365	-302179	822	CDS		ATG	FF954_01365|CP040690_302179_301358_-1_ATG_273
CP040690	-302259	TGA	FF954_01370	-302552	294	CDS		TTG	FF954_01370|CP040690_302552_302259_-3_TTG_97
CP040690	-302697	TAG	FF954_01375	-303176	480	CDS		ATG	FF954_01375|CP040690_303176_302697_-3_ATG_159
CP040690	-306349	TGA	FF954_01390	-306873	525	CDS		GTG	FF954_01390|CP040690_306873_306349_-2_GTG_174
CP040690	-306898	TGA	FF954_01395	-308382	1485	CDS		ATG	FF954_01395|CP040690_308382_306898_-2_ATG_494
CP040690	-308401	TGA	FF954_01400	-310071	1671	CDS		ATG	FF954_01400|CP040690_310071_308401_-2_ATG_556
CP040690	-310818	TAG	FF954_01405	-311273	456	CDS		ATG	FF954_01405|CP040690_311273_310818_-3_ATG_151
CP040690	-311298	TGA	FF954_01410	-312041	744	CDS		ATG	FF954_01410|CP040690_312041_311298_-3_ATG_247
CP040690	-312038	TGA	FF954_01415	-313183	1146	CDS		ATG	FF954_01415|CP040690_313183_312038_-1_ATG_381
CP040690	-313283	TAG	FF954_01420	-314692	1410	CDS		ATG	FF954_01420|CP040690_314692_313283_-1_ATG_469
CP040690	-314833	TAA	FF954_01425	-315378	546	CDS		GTG	FF954_01425|CP040690_315378_314833_-2_GTG_181
CP040690	-315388	TAG	FF954_01430	-316290	903	CDS		ATG	FF954_01430|CP040690_316290_315388_-2_ATG_300
CP040690	-316307	TGA	FF954_01435	-316939	633	CDS		ATG	FF954_01435|CP040690_316939_316307_-1_ATG_210
CP040690	-317035	TGA	FF954_01440	-318027	993	CDS		GTG	FF954_01440|CP040690_318027_317035_-2_GTG_330
CP040690	-318049	TAA	FF954_01445	-321678	3630	CDS		GTG	FF954_01445|CP040690_321678_318049_-2_GTG_1209
CP040690	-323288	TGA	FF954_01455	-323797	510	CDS		GTG	FF954_01455|CP040690_323797_323288_-1_GTG_169
CP040690	-323862	TGA	FF954_01460	-325055	1194	CDS		ATG	FF954_01460|CP040690_325055_323862_-3_ATG_397
CP040690	-326790	TAA	FF954_01470	-328985	2196	CDS		ATG	FF954_01470|CP040690_328985_326790_-3_ATG_731
CP040690	-329099	TGA	FF954_01475	-330232	1134	CDS		TTG	FF954_01475|CP040690_330232_329099_-1_TTG_377
CP040690	-330229	TGA	FF954_01480	-330849	621	CDS		GTG	FF954_01480|CP040690_330849_330229_-2_GTG_206
CP040690	-331457	TAG	FF954_01490	-332182	726	CDS		ATG	FF954_01490|CP040690_332182_331457_-1_ATG_241
CP040690	-333232	TAG	FF954_01500	-333660	429	CDS		ATG	FF954_01500|CP040690_333660_333232_-2_ATG_142
CP040690	-333684	TGA	FF954_01505	-333866	183	CDS		CTG	FF954_01505|CP040690_333866_333684_-3_CTG_60
CP040690	-333961	TAG	FF954_01510	-336750	2790	CDS		ATG	FF954_01510|CP040690_336750_333961_-2_ATG_929
CP040690	-337014	TAG	FF954_01515	-339560	2547	CDS		ATG	FF954_01515|CP040690_339560_337014_-3_ATG_848
CP040690	-339843	CTG	FF954_01520	-341450	1608	CDS	true	ATG	FF954_01520_p|CP040690_341450_339843_-3_ATG_536
CP040690	-359239	TGA	FF954_01595	-360441	1203	CDS		ATG	FF954_01595|CP040690_360441_359239_-2_ATG_400
CP040690	-361322	TGA	FF954_01605	-362125	804	CDS		ATG	FF954_01605|CP040690_362125_361322_-1_ATG_267
CP040690	-362135	TAG	FF954_01610	-363532	1398	CDS		GTG	FF954_01610|CP040690_363532_362135_-1_GTG_465
CP040690	-368572	TAA	FF954_01650	-378117	9546	CDS		ATG	FF954_01650|CP040690_378117_368572_-2_ATG_3181
CP040690	-378979	TGA	FF954_01660	-379461	483	CDS		ATG	FF954_01660|CP040690_379461_378979_-2_ATG_160
CP040690	-381063	TGA	FF954_01675	-381554	492	CDS		GTG	FF954_01675|CP040690_381554_381063_-3_GTG_163
CP040690	-385285	TGA	FF954_01695	-385947	663	CDS		ATG	FF954_01695|CP040690_385947_385285_-2_ATG_220
CP040690	-387579	TAA	FF954_01710	-388349	771	CDS		GTG	FF954_01710|CP040690_388349_387579_-3_GTG_256
CP040690	-388711	TGA	FF954_01720	-389505	795	CDS		TTG	FF954_01720|CP040690_389505_388711_-2_TTG_264
CP040690	-392986	TAA	FF954_01745	-393657	672	CDS		ATG	FF954_01745|CP040690_393657_392986_-2_ATG_223
CP040690	-395102	TAG	FF954_01760	-396451	1350	CDS		ATG	FF954_01760|CP040690_396451_395102_-1_ATG_449
CP040690	-397100	TGA	FF954_01770	-397726	627	CDS		ATG	FF954_01770|CP040690_397726_397100_-1_ATG_208
CP040690	-397753	TAA	FF954_01775	-398493	741	CDS		ATG	FF954_01775|CP040690_398493_397753_-2_ATG_246
CP040690	-401941	TAA	FF954_01800	-402243	303	CDS		GTG	FF954_01800|CP040690_402243_401941_-2_GTG_100
CP040690	-404278	TAG	FF954_01815	-405567	1290	CDS		GTG	FF954_01815|CP040690_405567_404278_-2_GTG_429
CP040690	-405598	TGA	FF954_01820	-408246	2649	CDS		GTG	FF954_01820|CP040690_408246_405598_-2_GTG_882
CP040690	-408355	TGA	FF954_01825	-410853	2499	CDS		GTG	FF954_01825|CP040690_410853_408355_-2_GTG_832
CP040690	-416786	TGA	FF954_01850	-417346	561	CDS		GTG	FF954_01850|CP040690_417346_416786_-1_GTG_186
CP040690	-417907	TGA	FF954_01860	-419370	1464	CDS		ATG	FF954_01860|CP040690_419370_417907_-2_ATG_487
CP040690	-426549	TAA	FF954_01900	-437012	10464	CDS		ATG	FF954_01900|CP040690_437012_426549_-3_ATG_3487
CP040690	-437163	TAG	FF954_01905	-437807	645	CDS		GTG	FF954_01905|CP040690_437807_437163_-3_GTG_214
CP040690	-437804	TGA	FF954_01910	-439102	1299	CDS		ATG	FF954_01910|CP040690_439102_437804_-1_ATG_432
CP040690	-440635	TGA	FF954_01925	-441072	438	CDS		GTG	FF954_01925|CP040690_441072_440635_-2_GTG_145
CP040690	-443598	TAA	FF954_01940	-444632	1035	CDS		ATG	FF954_01940|CP040690_444632_443598_-3_ATG_344
CP040690	-445400	TAA	FF954_01950	-446530	1131	CDS		ATG	FF954_01950|CP040690_446530_445400_-1_ATG_376
CP040690	-446555	TAA	FF954_01955	-447148	594	CDS		GTG	FF954_01955|CP040690_447148_446555_-1_GTG_197
CP040690	-447177	TGA	FF954_01960	-447566	390	CDS		GTG	FF954_01960|CP040690_447566_447177_-3_GTG_129
CP040690	-447647	TAG	FF954_01965	-448858	1212	CDS		ATG	FF954_01965|CP040690_448858_447647_-1_ATG_403
CP040690	-448864	TGA	FF954_01970	-449466	603	CDS		ATG	FF954_01970|CP040690_449466_448864_-2_ATG_200
CP040690	-449480	TGA	FF954_01975	-450376	897	CDS		GTG	FF954_01975|CP040690_450376_449480_-1_GTG_298
CP040690	-450373	TGA	FF954_01980	-450966	594	CDS		ATG	FF954_01980|CP040690_450966_450373_-2_ATG_197
CP040690	-450963	TGA	FF954_01985	-451718	756	CDS		ATG	FF954_01985|CP040690_451718_450963_-3_ATG_251
CP040690	-451737	TAG	FF954_01990	-454136	2400	CDS		ATG	FF954_01990|CP040690_454136_451737_-3_ATG_799
CP040690	-454133	TGA	FF954_01995	-454612	480	CDS		ATG	FF954_01995|CP040690_454612_454133_-1_ATG_159
CP040690	-454627	TGA	FF954_02000	-455529	903	CDS		ATG	FF954_02000|CP040690_455529_454627_-2_ATG_300
CP040690	-455563	TGA	FF954_02005	-456705	1143	CDS		ATG	FF954_02005|CP040690_456705_455563_-2_ATG_380
CP040690	-458601	TAG	FF954_02025	-459152	552	CDS		GTG	FF954_02025|CP040690_459152_458601_-3_GTG_183
CP040690	-459248	TGA	FF954_02030	-460156	909	CDS		GTG	FF954_02030|CP040690_460156_459248_-1_GTG_302
CP040690	-460174	TAG	FF954_02035	-460713	540	CDS		GTG	FF954_02035|CP040690_460713_460174_-2_GTG_179
CP040690	-460794	TGA	FF954_02040	-461648	855	CDS		ATG	FF954_02040|CP040690_461648_460794_-3_ATG_284
CP040690	-461789	TGA	FF954_02045	-464335	2547	CDS		GTG	FF954_02045|CP040690_464335_461789_-1_GTG_848
CP040690	-471311	TAG	FF954_02075	-472723	1413	CDS	true	ATG	FF954_02075_p|CP040690_472723_471311_-1_ATG_470
CP040690	-474215	TGA	FF954_02085	-474934	720	CDS		ATG	FF954_02085|CP040690_474934_474215_-1_ATG_239
CP040690	-476357	TAG	FF954_02105	-476551	195	CDS		ATG	FF954_02105|CP040690_476551_476357_-1_ATG_64
CP040690	-476772	TAG	FF954_02115	-477413	642	CDS		ATG	FF954_02115|CP040690_477413_476772_-3_ATG_213
CP040690	-477420	TAG	FF954_02120	-478649	1230	CDS		ATG	FF954_02120|CP040690_478649_477420_-3_ATG_409
CP040690	-478659	TAG	FF954_02125	-479846	1188	CDS		ATG	FF954_02125|CP040690_479846_478659_-3_ATG_395
CP040690	-480448	TAG	FF954_02135	-483324	2877	CDS		GTG	FF954_02135|CP040690_483324_480448_-2_GTG_958
CP040690	-483321	TGA	FF954_02140	-483749	429	CDS		ATG	FF954_02140|CP040690_483749_483321_-3_ATG_142
CP040690	-489980	TAG	FF954_02155	-490798	819	CDS		ATG	FF954_02155|CP040690_490798_489980_-1_ATG_272
CP040690	-495155	TAA	FF954_02175	-497407	2253	CDS		ATG	FF954_02175|CP040690_497407_495155_-1_ATG_750
CP040690	-497407	TGA	FF954_02180	-498393	987	CDS		ATG	FF954_02180|CP040690_498393_497407_-2_ATG_328
CP040690	-498393	TGA	FF954_02185	-499712	1320	CDS		GTG	FF954_02185|CP040690_499712_498393_-3_GTG_439
CP040690	-500443	TGA	FF954_02195	-501111	669	CDS		GTG	FF954_02195|CP040690_501111_500443_-2_GTG_222
CP040690	-506654	TAG	FF954_02230	-507064	411	CDS		TTG	FF954_02230|CP040690_507064_506654_-1_TTG_136
CP040690	-507225	TGA	FF954_02235	-507854	630	CDS		ATG	FF954_02235|CP040690_507854_507225_-3_ATG_209
CP040690	-507851	TGA	FF954_02240	-508648	798	CDS		ATG	FF954_02240|CP040690_508648_507851_-1_ATG_265
CP040690	-508675	TGA	FF954_02245	-510318	1644	CDS		ATG	FF954_02245|CP040690_510318_508675_-2_ATG_547
CP040690	-510470	TAA	FF954_02250	-510745	276	CDS		ATG	FF954_02250|CP040690_510745_510470_-1_ATG_91
CP040690	-510795	TGA	FF954_02255	-515414	4620	CDS		ATG	FF954_02255|CP040690_515414_510795_-3_ATG_1539
CP040690	-515466	TAG	FF954_02260	-515909	444	CDS		ATG	FF954_02260|CP040690_515909_515466_-3_ATG_147
CP040690	-516110	TAG	FF954_02265	-516985	876	CDS		ATG	FF954_02265|CP040690_516985_516110_-1_ATG_291
CP040690	-516988	TAG	FF954_02270	-517896	909	CDS		ATG	FF954_02270|CP040690_517896_516988_-2_ATG_302
CP040690	-517896	TAA	FF954_02275	-518489	594	CDS		ATG	FF954_02275|CP040690_518489_517896_-3_ATG_197
CP040690	-522440	TAG	FF954_02305	-524626	2187	CDS		GTG	FF954_02305|CP040690_524626_522440_-1_GTG_728
CP040690	-524623	TGA	FF954_02310	-525483	861	CDS		ATG	FF954_02310|CP040690_525483_524623_-2_ATG_286
CP040690	-525480	TGA	FF954_02315	-526175	696	CDS		GTG	FF954_02315|CP040690_526175_525480_-3_GTG_231
CP040690	-526236	TAA	FF954_02320	-527453	1218	CDS		GTG	FF954_02320|CP040690_527453_526236_-3_GTG_405
CP040690	-527472	TGA	FF954_02325	-528407	936	CDS		ATG	FF954_02325|CP040690_528407_527472_-3_ATG_311
CP040690	-530389	TAG	FF954_02335	-530817	429	CDS		GTG	FF954_02335|CP040690_530817_530389_-2_GTG_142
CP040690	-530844	TAA	FF954_02340	-532307	1464	CDS		GTG	FF954_02340|CP040690_532307_530844_-3_GTG_487
CP040690	-533184	TGA	FF954_02350	-533882	699	CDS		ATG	FF954_02350|CP040690_533882_533184_-3_ATG_232
CP040690	-533926	TGA	FF954_02355	-534489	564	CDS		ATG	FF954_02355|CP040690_534489_533926_-2_ATG_187
CP040690	-534538	TGA	FF954_02360	-535308	771	CDS		GTG	FF954_02360|CP040690_535308_534538_-2_GTG_256
CP040690	-535317	TGA	FF954_02365	-536600	1284	CDS		ATG	FF954_02365|CP040690_536600_535317_-3_ATG_427
CP040690	-536597	TGA	FF954_02370	-537286	690	CDS		ATC	FF954_02370|CP040690_537286_536597_-1_ATC_229
CP040690	-537322	TGA	FF954_02375	-538641	1320	CDS		GTG	FF954_02375|CP040690_538641_537322_-2_GTG_439
CP040690	-538681	TGA	FF954_02380	-541584	2904	CDS		GTG	FF954_02380|CP040690_541584_538681_-2_GTG_967
CP040690	-541581	TGA	FF954_02385	-542003	423	CDS		GTG	FF954_02385|CP040690_542003_541581_-3_GTG_140
CP040690	-545468	TAA	FF954_02410	-545914	447	CDS		ATG	FF954_02410|CP040690_545914_545468_-1_ATG_148
CP040690	-545982	TAG	FF954_02415	-546896	915	CDS		ATG	FF954_02415|CP040690_546896_545982_-3_ATG_304
CP040690	-547169	TGA	FF954_02420	-547450	282	CDS		ATG	FF954_02420|CP040690_547450_547169_-1_ATG_93
CP040690	-547437	TGA	FF954_02425	-547610	174	CDS		ATT	FF954_02425|CP040690_547610_547437_-3_ATT_57
CP040690	-547679	TAA	FF954_02430	-549709	2031	CDS	true	ATG	FF954_02430_p|CP040690_549709_547679_-1_ATG_676
CP040690	-554406	TAG	FF954_02465	-554978	573	CDS		ATG	FF954_02465|CP040690_554978_554406_-3_ATG_190
CP040690	-554975	TGA	FF954_02470	-556399	1425	CDS		GTG	FF954_02470|CP040690_556399_554975_-1_GTG_474
CP040690	-560941	TAA	FF954_02495	-561804	864	CDS		ATG	FF954_02495|CP040690_561804_560941_-2_ATG_287
CP040690	-561947	TGA	FF954_02500	-562387	441	CDS		GTG	FF954_02500|CP040690_562387_561947_-1_GTG_146
CP040690	-562318	TGA	FF954_02505	-562806	489	CDS		ATG	FF954_02505|CP040690_562806_562318_-2_ATG_162
CP040690	-562816	TAG	FF954_02510	-563520	705	CDS		GTG	FF954_02510|CP040690_563520_562816_-2_GTG_234
CP040690	-568014	TGA	FF954_02545	-569060	1047	CDS		GTG	FF954_02545|CP040690_569060_568014_-3_GTG_348
CP040690	-569057	TGA	FF954_02550	-569899	843	CDS		ATG	FF954_02550|CP040690_569899_569057_-1_ATG_280
CP040690	-570193	TGA	FF954_02555	-570717	525	CDS		ATG	FF954_02555|CP040690_570717_570193_-2_ATG_174
CP040690	-573251	TAG	FF954_02570	-574006	756	CDS		ATG	FF954_02570|CP040690_574006_573251_-1_ATG_251
CP040690	-580757	TGA	FF954_02605	-581365	609	CDS		TTG	FF954_02605|CP040690_581365_580757_-1_TTG_202
CP040690	-581978	TAG	FF954_02615	-583867	1890	CDS		ATG	FF954_02615|CP040690_583867_581978_-1_ATG_629
CP040690	-583864	TGA	FF954_02620	-584193	330	CDS		ATG	FF954_02620|CP040690_584193_583864_-2_ATG_109
CP040690	-584190	TGA	FF954_02625	-585179	990	CDS		GTG	FF954_02625|CP040690_585179_584190_-3_GTG_329
CP040690	-585913	TAG	FF954_02635	-586803	891	CDS		GTG	FF954_02635|CP040690_586803_585913_-2_GTG_296
CP040690	-594360	TAA	FF954_02685	-595268	909	CDS		ATG	FF954_02685|CP040690_595268_594360_-3_ATG_302
CP040690	-595291	TAG	FF954_02690	-595791	501	CDS		ATG	FF954_02690|CP040690_595791_595291_-2_ATG_166
CP040690	-596301	TGA	FF954_02695	-597422	1122	CDS		ATG	FF954_02695|CP040690_597422_596301_-3_ATG_373
CP040690	-608896	TAA	FF954_02750	-609372	477	CDS		ATG	FF954_02750|CP040690_609372_608896_-2_ATG_158
CP040690	-612009	TAG	FF954_02765	-612911	903	CDS		GTG	FF954_02765|CP040690_612911_612009_-3_GTG_300
CP040690	-615163	TAA	FF954_02790	-615558	396	CDS		ATG	FF954_02790|CP040690_615558_615163_-2_ATG_131
CP040690	-622958	TAG	FF954_02830	-623119	162	CDS		GTG	FF954_02830|CP040690_623119_622958_-1_GTG_53
CP040690	-625404	TGA	FF954_02855	-626411	1008	CDS		ATG	FF954_02855|CP040690_626411_625404_-3_ATG_335
CP040690	-626493	TAA	FF954_02860	-627371	879	CDS		GTG	FF954_02860|CP040690_627371_626493_-3_GTG_292
CP040690	-629229	TAG	FF954_02875	-630662	1434	CDS		GTG	FF954_02875|CP040690_630662_629229_-3_GTG_477
CP040690	-633986	TAA	FF954_02895	-635335	1350	CDS		GTG	FF954_02895|CP040690_635335_633986_-1_GTG_449
CP040690	-635347	TAG	FF954_02900	-636489	1143	CDS		CTG	FF954_02900|CP040690_636489_635347_-2_CTG_380
CP040690	-636504	TAG	FF954_02905	-636806	303	CDS		GTG	FF954_02905|CP040690_636806_636504_-3_GTG_100
CP040690	-636866	TAG	FF954_02910	-637144	279	CDS		GTG	FF954_02910|CP040690_637144_636866_-1_GTG_92
CP040690	-637141	TGA	FF954_02915	-638394	1254	CDS		GTG	FF954_02915|CP040690_638394_637141_-2_GTG_417
CP040690	-638514	TGA	FF954_02920	-638900	387	CDS		ATG	FF954_02920|CP040690_638900_638514_-3_ATG_128
CP040690	-638963	TGA	FF954_02925	-639847	885	CDS		GTG	FF954_02925|CP040690_639847_638963_-1_GTG_294
CP040690	-639943	TAA	FF954_02930	-640845	903	CDS		TTG	FF954_02930|CP040690_640845_639943_-2_TTG_300
CP040690	-641159	TGA	FF954_02935	-641572	414	CDS		GTG	FF954_02935|CP040690_641572_641159_-1_GTG_137
CP040690	-641569	TGA	FF954_02940	-641835	267	CDS		TTG	FF954_02940|CP040690_641835_641569_-2_TTG_88
CP040690	-642027	TAG	FF954_02945	-643742	1716	CDS		ATG	FF954_02945|CP040690_643742_642027_-3_ATG_571
CP040690	-651338	TAA	FF954_02985	-651676	339	CDS		ATG	FF954_02985|CP040690_651676_651338_-1_ATG_112
CP040690	-651710	TGA	FF954_02990	-652435	726	CDS		ATG	FF954_02990|CP040690_652435_651710_-1_ATG_241
CP040690	-652460	TGA	FF954_02995	-653686	1227	CDS		GTG	FF954_02995|CP040690_653686_652460_-1_GTG_408
CP040690	-655855	TAG	FF954_03010	-656880	1026	CDS		ATG	FF954_03010|CP040690_656880_655855_-2_ATG_341
CP040690	-656941	TGA	FF954_03015	-658401	1461	CDS		ATG	FF954_03015|CP040690_658401_656941_-2_ATG_486
CP040690	-658479	TAG	FF954_03020	-658970	492	CDS		ATG	FF954_03020|CP040690_658970_658479_-3_ATG_163
CP040690	-664418	TAA	FF954_03055	-665749	1332	CDS		ATG	FF954_03055|CP040690_665749_664418_-1_ATG_443
CP040690	-665973	TGA	FF954_03060	-666314	342	CDS		ATG	FF954_03060|CP040690_666314_665973_-3_ATG_113
CP040690	-666365	TAG	FF954_03065	-666532	168	CDS		ATG	FF954_03065|CP040690_666532_666365_-1_ATG_55
CP040690	-666782	TAG	FF954_03070	-668173	1392	CDS		ATG	FF954_03070|CP040690_668173_666782_-1_ATG_463
CP040690	-668183	TAA	FF954_03075	-669325	1143	CDS		GTG	FF954_03075|CP040690_669325_668183_-1_GTG_380
CP040690	-669510	TGA	FF954_03080	-670676	1167	CDS		GTG	FF954_03080|CP040690_670676_669510_-3_GTG_388
CP040690	-672927	TAG	FF954_03095	-676874	3948	CDS		ATG	FF954_03095|CP040690_676874_672927_-3_ATG_1315
CP040690	-678083	TAG	FF954_03110	-678574	492	CDS		ATG	FF954_03110|CP040690_678574_678083_-1_ATG_163
CP040690	-679347	TAA	FF954_03125	-680033	687	CDS		ATG	FF954_03125|CP040690_680033_679347_-3_ATG_228
CP040690	-682843	TAA	FF954_03135	-685230	2388	CDS		ATG	FF954_03135|CP040690_685230_682843_-2_ATG_795
CP040690	-695797	TGA	FF954_03185	-696189	393	CDS		GTG	FF954_03185|CP040690_696189_695797_-2_GTG_130
CP040690	-696186	TGA	FF954_03190	-696443	258	CDS		ATG	FF954_03190|CP040690_696443_696186_-3_ATG_85
CP040690	-696626	TAA	FF954_03195	-697861	1236	CDS		ATG	FF954_03195|CP040690_697861_696626_-1_ATG_411
CP040690	-698112	TGA	FF954_03200	-698525	414	CDS		GTG	FF954_03200|CP040690_698525_698112_-3_GTG_137
CP040690	-698522	TGA	FF954_03205	-698758	237	CDS		ATG	FF954_03205|CP040690_698758_698522_-1_ATG_78
CP040690	-698862	TAG	FF954_03210	-699368	507	CDS		GTG	FF954_03210|CP040690_699368_698862_-3_GTG_168
CP040690	-699482	TGA	FF954_03215	-699952	471	CDS		ATG	FF954_03215|CP040690_699952_699482_-1_ATG_156
CP040690	-699996	TGA	FF954_03220	-700757	762	CDS		GTG	FF954_03220|CP040690_700757_699996_-3_GTG_253
CP040690	-705228	TGA	FF954_03270	-705395	168	CDS		ATA	FF954_03270|CP040690_705395_705228_-3_ATA_55
CP040690	-705428	TGA	FF954_03275	-705625	198	CDS		GTG	FF954_03275|CP040690_705625_705428_-1_GTG_65
CP040690	-705948	TAA	FF954_03280	-706862	915	CDS		ATG	FF954_03280|CP040690_706862_705948_-3_ATG_304
CP040690	-706914	TAG	FF954_03285	-707135	222	CDS		ATG	FF954_03285|CP040690_707135_706914_-3_ATG_73
CP040690	-707901	TAG	FF954_03295	-710468	2568	CDS		GTG	FF954_03295|CP040690_710468_707901_-3_GTG_855
CP040690	-711537	TAA	FF954_03310	-711803	267	CDS		GTG	FF954_03310|CP040690_711803_711537_-3_GTG_88
CP040690	-714883	TAA	FF954_03335	-715227	345	CDS		ATG	FF954_03335|CP040690_715227_714883_-2_ATG_114
CP040690	-718107	TGA	FF954_03360	-718847	741	CDS		ATG	FF954_03360|CP040690_718847_718107_-3_ATG_246
CP040690	-719715	TGA	FF954_03375	-720866	1152	CDS		GTG	FF954_03375|CP040690_720866_719715_-3_GTG_383
CP040690	-720959	TGA	FF954_03380	-722686	1728	CDS		GTG	FF954_03380|CP040690_722686_720959_-1_GTG_575
CP040690	-722683	TGA	FF954_03385	-725967	3285	CDS		ATG	FF954_03385|CP040690_725967_722683_-2_ATG_1094
CP040690	-725967	TGA	FF954_03390	-729260	3294	CDS		ATG	FF954_03390|CP040690_729260_725967_-3_ATG_1097
CP040690	-729537	TAA	FF954_03395	-730232	696	CDS		ATG	FF954_03395|CP040690_730232_729537_-3_ATG_231
CP040690	-730281	TAA	FF954_03400	-731120	840	CDS		ATG	FF954_03400|CP040690_731120_730281_-3_ATG_279
CP040690	-731274	TGA	FF954_03405	-731987	714	CDS		GTG	FF954_03405|CP040690_731987_731274_-3_GTG_237
CP040690	-737252	TAA	FF954_03470	-738157	906	CDS		ATG	FF954_03470|CP040690_738157_737252_-1_ATG_301
CP040690	-738222	TAG	FF954_03475	-739103	882	CDS		ATG	FF954_03475|CP040690_739103_738222_-3_ATG_293
CP040690	-739251	TAG	FF954_03480	-740114	864	CDS		ATG	FF954_03480|CP040690_740114_739251_-3_ATG_287
CP040690	-740281	TAG	FF954_03485	-741141	861	CDS		ATG	FF954_03485|CP040690_741141_740281_-2_ATG_286
CP040690	-741188	TGA	FF954_03490	-742093	906	CDS		GTG	FF954_03490|CP040690_742093_741188_-1_GTG_301
CP040690	-742105	TAG	FF954_03495	-743571	1467	CDS		ATG	FF954_03495|CP040690_743571_742105_-2_ATG_488
CP040690	-750721	TGA	FF954_03525	-751416	696	CDS		ATG	FF954_03525|CP040690_751416_750721_-2_ATG_231
CP040690	-754471	TAG	FF954_03540	-754854	384	CDS		TTG	FF954_03540|CP040690_754854_754471_-2_TTG_127
CP040690	-754949	TAG	FF954_03545	-755104	156	CDS		GTG	FF954_03545|CP040690_755104_754949_-1_GTG_51
CP040690	-755180	TGA	FF954_03550	-755896	717	CDS		GTG	FF954_03550|CP040690_755896_755180_-1_GTG_238
CP040690	-756172	TGA	FF954_03555	-756480	309	CDS		ATG	FF954_03555|CP040690_756480_756172_-2_ATG_102
CP040690	-756467	TGA	FF954_03560	-756712	246	CDS		ATG	FF954_03560|CP040690_756712_756467_-1_ATG_81
CP040690	-756822	TGA	FF954_03565	-757259	438	CDS		ATG	FF954_03565|CP040690_757259_756822_-3_ATG_145
CP040690	-757256	TGA	FF954_03570	-757624	369	CDS		TTG	FF954_03570|CP040690_757624_757256_-1_TTG_122
CP040690	-768804	TAG	FF954_03610	-769124	321	CDS		ATG	FF954_03610|CP040690_769124_768804_-3_ATG_106
CP040690	-769171	TGA	FF954_03615	-771084	1914	CDS		ATG	FF954_03615|CP040690_771084_769171_-2_ATG_637
CP040690	-777073	TGA	FF954_03650	-779967	2895	CDS	true	ATG	FF954_03650_p|CP040690_779967_777073_-2_ATG_964
CP040690	-779964	TGA	FF954_03655	-780392	429	CDS		ATG	FF954_03655|CP040690_780392_779964_-3_ATG_142
CP040690	-781030	TGA	FF954_03665	-781527	498	CDS		GTG	FF954_03665|CP040690_781527_781030_-2_GTG_165
CP040690	-781529	TGA	FF954_03670	-781903	375	CDS		GTG	FF954_03670|CP040690_781903_781529_-1_GTG_124
CP040690	-790644	TAG	FF954_03715	-790898	255	CDS		GTG	FF954_03715|CP040690_790898_790644_-3_GTG_84
CP040690	-791252	CAC	FF954_03720	-791390	139	CDS	true	CGG	FF954_03720_p|CP040690_791390_791252_-3_CGG_46
CP040690	-791511	TGA	FF954_03725	-792560	1050	CDS		GTG	FF954_03725|CP040690_792560_791511_-3_GTG_349
CP040690	-792557	TGA	FF954_03730	-793153	597	CDS		ATG	FF954_03730|CP040690_793153_792557_-1_ATG_198
CP040690	-801590	TGA	FF954_03795	-801820	231	CDS		GTG	FF954_03795|CP040690_801820_801590_-1_GTG_76
CP040690	-819133	TGA	FF954_03925	-820038	906	CDS		ATG	FF954_03925|CP040690_820038_819133_-2_ATG_301
CP040690	-820131	TGA	FF954_03930	-821234	1104	CDS		ATG	FF954_03930|CP040690_821234_820131_-3_ATG_367
CP040690	-821437	TAG	FF954_03935	-822093	657	CDS		ATG	FF954_03935|CP040690_822093_821437_-2_ATG_218
CP040690	-822090	TGA	FF954_03940	-823070	981	CDS		GTG	FF954_03940|CP040690_823070_822090_-3_GTG_326
CP040690	-825277	TGA	FF954_03955	-826233	957	CDS		ATG	FF954_03955|CP040690_826233_825277_-2_ATG_318
CP040690	-832218	AGC	FF954_04005	-832346	129	CDS	true	ATG	FF954_04005_p|CP040690_832346_832218_-3_ATG_43
CP040690	-835425	TAG	FF954_04030	-835982	558	CDS		ATG	FF954_04030|CP040690_835982_835425_-3_ATG_185
CP040690	-835979	TGA	FF954_04035	-836485	507	CDS		ATG	FF954_04035|CP040690_836485_835979_-1_ATG_168
CP040690	-836598	TAG	FF954_04040	-836744	147	CDS		ATG	FF954_04040|CP040690_836744_836598_-3_ATG_48
CP040690	-844213	TAG	FF954_04085	-844350	138	CDS		GTG	FF954_04085|CP040690_844350_844213_-2_GTG_45
CP040690	-844823	TAA	FF954_04095	-845707	885	CDS		ATG	FF954_04095|CP040690_845707_844823_-1_ATG_294
CP040690	-845718	TAG	FF954_04100	-846890	1173	CDS		ATG	FF954_04100|CP040690_846890_845718_-3_ATG_390
CP040690	-846897	TAG	FF954_04105	-848429	1533	CDS		ATG	FF954_04105|CP040690_848429_846897_-3_ATG_510
CP040690	-850579	TAG	FF954_04115	-852516	1938	CDS		ATG	FF954_04115|CP040690_852516_850579_-2_ATG_645
CP040690	-852845	TTA	FF954_04120	-853003	159	CDS	true	ATG	FF954_04120_p|CP040690_853003_852845_-1_ATG_53
CP040690	-853217	TGA	FF954_04130	-853942	726	CDS		ATG	FF954_04130|CP040690_853942_853217_-1_ATG_241
CP040690	-856301	TGA	FF954_04145	-856702	402	CDS		GTG	FF954_04145|CP040690_856702_856301_-1_GTG_133
CP040690	-856742	TGA	FF954_04150	-857161	420	CDS		ATG	FF954_04150|CP040690_857161_856742_-1_ATG_139
CP040690	-857174	TAG	FF954_04155	-858301	1128	CDS		GTG	FF954_04155|CP040690_858301_857174_-1_GTG_375
CP040690	-858400	TAA	FF954_04160	-858945	546	CDS		GTG	FF954_04160|CP040690_858945_858400_-2_GTG_181
CP040690	-858948	TAA	FF954_04165	-859154	207	CDS		ATG	FF954_04165|CP040690_859154_858948_-3_ATG_68
CP040690	-859157	TAA	FF954_04170	-860512	1356	CDS		ATG	FF954_04170|CP040690_860512_859157_-1_ATG_451
CP040690	-860512	TAA	FF954_04175	-861339	828	CDS		ATG	FF954_04175|CP040690_861339_860512_-2_ATG_275
CP040690	-861339	TAA	FF954_04180	-862547	1209	CDS		ATG	FF954_04180|CP040690_862547_861339_-3_ATG_402
CP040690	-862544	TGA	FF954_04185	-863185	642	CDS		GTG	FF954_04185|CP040690_863185_862544_-1_GTG_213
CP040690	-868326	TAG	FF954_04215	-869864	1539	CDS		ATG	FF954_04215|CP040690_869864_868326_-3_ATG_512
CP040690	-869915	TAA	FF954_04220	-870826	912	CDS		ATG	FF954_04220|CP040690_870826_869915_-1_ATG_303
CP040690	-871459	TGA	FF954_04230	-872238	780	CDS		ATG	FF954_04230|CP040690_872238_871459_-2_ATG_259
CP040690	-875147	TAG	FF954_04245	-875767	621	CDS		ATG	FF954_04245|CP040690_875767_875147_-1_ATG_206
CP040690	-879295	TGA	FF954_04265	-880917	1623	CDS		ATG	FF954_04265|CP040690_880917_879295_-2_ATG_540
CP040690	-883552	TAG	FF954_04280	-884190	639	CDS		ATG	FF954_04280|CP040690_884190_883552_-2_ATG_212
CP040690	-885928	TGA	FF954_04300	-886527	600	CDS		GTG	FF954_04300|CP040690_886527_885928_-2_GTG_199
CP040690	-886549	TGA	FF954_04305	-887277	729	CDS		ATG	FF954_04305|CP040690_887277_886549_-2_ATG_242
CP040690	-887274	TGA	FF954_04310	-888317	1044	CDS		ATG	FF954_04310|CP040690_888317_887274_-3_ATG_347
CP040690	-888314	TGA	FF954_04315	-889123	810	CDS		ATG	FF954_04315|CP040690_889123_888314_-1_ATG_269
CP040690	-889614	TAG	FF954_04325	-891113	1500	CDS		ATG	FF954_04325|CP040690_891113_889614_-3_ATG_499
CP040690	-892590	TAA	FF954_04335	-893387	798	CDS		ATG	FF954_04335|CP040690_893387_892590_-3_ATG_265
CP040690	-893384	TGA	FF954_04340	-894391	1008	CDS		GTG	FF954_04340|CP040690_894391_893384_-1_GTG_335
CP040690	-896090	TGA	FF954_04355	-896746	657	CDS		ATG	FF954_04355|CP040690_896746_896090_-1_ATG_218
CP040690	-900850	TGA	FF954_04375	-902448	1599	CDS		ATG	FF954_04375|CP040690_902448_900850_-2_ATG_532
CP040690	-906023	TAG	FF954_04395	-906205	183	CDS		ATG	FF954_04395|CP040690_906205_906023_-1_ATG_60
CP040690	-906352	TGA	FF954_04400	-907458	1107	CDS		GTG	FF954_04400|CP040690_907458_906352_-2_GTG_368
CP040690	-908456	TAA	FF954_04410	-909136	681	CDS		GTG	FF954_04410|CP040690_909136_908456_-1_GTG_226
CP040690	-909299	TGA	FF954_04415	-909601	303	CDS		ATG	FF954_04415|CP040690_909601_909299_-1_ATG_100
CP040690	-909603	TGA	FF954_04420	-910436	834	CDS		ATG	FF954_04420|CP040690_910436_909603_-3_ATG_277
CP040690	-910729	TGA	FF954_04425	-911151	423	CDS		ATG	FF954_04425|CP040690_911151_910729_-2_ATG_140
CP040690	-911148	TGA	FF954_04430	-911960	813	CDS		ATG	FF954_04430|CP040690_911960_911148_-3_ATG_270
CP040690	-914676	TAG	FF954_04450	-915317	642	CDS		ATG	FF954_04450|CP040690_915317_914676_-3_ATG_213
CP040690	-915375	TAG	FF954_04455	-917429	2055	CDS		ATG	FF954_04455|CP040690_917429_915375_-3_ATG_684
CP040690	-917595	TGA	FF954_04460	-918764	1170	CDS		ATG	FF954_04460|CP040690_918764_917595_-3_ATG_389
CP040690	-918757	CAG	FF954_04465	-918852	96	CDS	true	GCC	FF954_04465_p|CP040690_918852_918757_-2_GCC_32
CP040690	-918852	TAG	FF954_04470	-919868	1017	CDS		ATG	FF954_04470|CP040690_919868_918852_-3_ATG_338
CP040690	-920030	TGA	FF954_04475	-920671	642	CDS		GTG	FF954_04475|CP040690_920671_920030_-1_GTG_213
CP040690	-921859	TAA	FF954_04485	-922251	393	CDS		ATG	FF954_04485|CP040690_922251_921859_-2_ATG_130
CP040690	-922309	TGA	FF954_04490	-922731	423	CDS		ATG	FF954_04490|CP040690_922731_922309_-2_ATG_140
CP040690	-924012	TAA	FF954_04505	-924827	816	CDS		ATG	FF954_04505|CP040690_924827_924012_-3_ATG_271
CP040690	-929022	TAA	FF954_04540	-931670	2649	CDS		ATG	FF954_04540|CP040690_931670_929022_-3_ATG_882
CP040690	-932763	TGA	FF954_04550	-933314	552	CDS		ATG	FF954_04550|CP040690_933314_932763_-3_ATG_183
CP040690	-933395	TAA	FF954_04555	-934117	723	CDS		ATG	FF954_04555|CP040690_934117_933395_-1_ATG_240
CP040690	-934188	TGA	FF954_04560	-935216	1029	CDS		ATG	FF954_04560|CP040690_935216_934188_-3_ATG_342
CP040690	-935478	TAG	FF954_04565	-935666	189	CDS		ATG	FF954_04565|CP040690_935666_935478_-3_ATG_62
CP040690	-935685	TGA	FF954_04570	-935954	270	CDS		ATG	FF954_04570|CP040690_935954_935685_-3_ATG_89
CP040690	-937642	TGA	FF954_04585	-938502	861	CDS		GTG	FF954_04585|CP040690_938502_937642_-2_GTG_286
CP040690	-941641	TAG	FF954_04610	-942291	651	CDS		ATG	FF954_04610|CP040690_942291_941641_-2_ATG_216
CP040690	-943865	TGA	FF954_04620	-945379	1515	CDS		ATG	FF954_04620|CP040690_945379_943865_-1_ATG_504
CP040690	-948826	TAG	FF954_04645	-949653	828	CDS		GTG	FF954_04645|CP040690_949653_948826_-2_GTG_275
CP040690	-950621	TGA	FF954_04660	-952303	1683	CDS		GTG	FF954_04660|CP040690_952303_950621_-1_GTG_560
CP040690	-954911	TAG	FF954_04685	-956104	1194	CDS		ATG	FF954_04685|CP040690_956104_954911_-1_ATG_397
CP040690	-959707	TAG	FF954_04700	-961335	1629	CDS		GTG	FF954_04700|CP040690_961335_959707_-2_GTG_542
CP040690	-961359	CGC	FF954_04705	-961462	104	CDS	true	TTG	FF954_04705_p|CP040690_961462_961359_-1_TTG_34
CP040690	-961579	TAA	FF954_04710	-963849	2271	CDS		ATG	FF954_04710|CP040690_963849_961579_-2_ATG_756
CP040690	-965549	TGA	FF954_04735	-966772	1224	CDS		ATG	FF954_04735|CP040690_966772_965549_-1_ATG_407
CP040690	-967220	TAA	FF954_04740	-967498	279	CDS		GTG	FF954_04740|CP040690_967498_967220_-1_GTG_92
CP040690	-967502	TAA	FF954_04745	-968584	1083	CDS		ATG	FF954_04745|CP040690_968584_967502_-1_ATG_360
CP040690	-968581	TGA	FF954_04750	-968970	390	CDS		ATG	FF954_04750|CP040690_968970_968581_-2_ATG_129
CP040690	-969661	TAA	FF954_04760	-971489	1829	CDS	true	ATG	FF954_04760_p|CP040690_971489_969661_-3_ATG_609
CP040690	-971570	TAG	FF954_04765	-971761	192	CDS		TTG	FF954_04765|CP040690_971761_971570_-1_TTG_63
CP040690	-973791	TAG	FF954_04775	-974951	1161	CDS		GTG	FF954_04775|CP040690_974951_973791_-3_GTG_386
CP040690	-975051	TGA	FF954_04780	-975539	489	CDS		GTG	FF954_04780|CP040690_975539_975051_-3_GTG_162
CP040690	-975536	TGA	FF954_04785	-977182	1647	CDS		ATG	FF954_04785|CP040690_977182_975536_-1_ATG_548
CP040690	-978131	TAG	FF954_04795	-979447	1317	CDS		ATG	FF954_04795|CP040690_979447_978131_-1_ATG_438
CP040690	-979725	TAG	FF954_04800	-980000	276	CDS		ATG	FF954_04800|CP040690_980000_979725_-3_ATG_91
CP040690	-981750	TAG	FF954_04820	-982511	762	CDS		ATG	FF954_04820|CP040690_982511_981750_-3_ATG_253
CP040690	-982668	TAG	FF954_04825	-983798	1131	CDS		ATG	FF954_04825|CP040690_983798_982668_-3_ATG_376
CP040690	-986757	TAG	FF954_04840	-987215	459	CDS		ATG	FF954_04840|CP040690_987215_986757_-3_ATG_152
CP040690	-989984	TGA	FF954_04855	-991114	1131	CDS		ATT	FF954_04855|CP040690_991114_989984_-1_ATT_376
CP040690	-991193	TGA	FF954_04860	-993841	2649	CDS		GTG	FF954_04860|CP040690_993841_991193_-1_GTG_882
CP040690	-993843	TGA	FF954_04865	-994700	858	CDS		GTG	FF954_04865|CP040690_994700_993843_-3_GTG_285
CP040690	-996563	TAG	FF954_04880	-997540	978	CDS		ATG	FF954_04880|CP040690_997540_996563_-1_ATG_325
CP040690	-1002053	TAA	FF954_04900	-1003660	1608	CDS		ATG	FF954_04900|CP040690_1003660_1002053_-1_ATG_535
CP040690	-1003686	TAG	FF954_04905	-1003949	264	CDS		ATG	FF954_04905|CP040690_1003949_1003686_-3_ATG_87
CP040690	-1005746	TAG	FF954_04925	-1007086	1341	CDS		ATG	FF954_04925|CP040690_1007086_1005746_-1_ATG_446
CP040690	-1007097	TGA	FF954_04930	-1007807	711	CDS		ATG	FF954_04930|CP040690_1007807_1007097_-3_ATG_236
CP040690	-1007938	TAA	FF954_04935	-1009425	1488	CDS		GTG	FF954_04935|CP040690_1009425_1007938_-2_GTG_495
CP040690	-1018066	TGA	FF954_04980	-1018296	231	CDS		GTG	FF954_04980|CP040690_1018296_1018066_-2_GTG_76
CP040690	-1018463	TGA	FF954_04985	-1019971	1509	CDS		ATG	FF954_04985|CP040690_1019971_1018463_-1_ATG_502
CP040690	-1019973	TGA	FF954_04990	-1021212	1240	CDS	true	ATG	FF954_04990_p|CP040690_1021212_1019973_-2_ATG_413
CP040690	-1021305	TAA	FF954_04995	-1022576	1272	CDS		ATG	FF954_04995|CP040690_1022576_1021305_-3_ATG_423
CP040690	-1022591	TAA	FF954_05000	-1022890	300	CDS		ATG	FF954_05000|CP040690_1022890_1022591_-1_ATG_99
CP040690	-1026744	TGA	FF954_05030	-1028063	1320	CDS		ATG	FF954_05030|CP040690_1028063_1026744_-3_ATG_439
CP040690	-1030760	TAG	FF954_05045	-1031824	1065	CDS		ATG	FF954_05045|CP040690_1031824_1030760_-1_ATG_354
CP040690	-1031825	TGA	FF954_05050	-1033111	1287	CDS		GTG	FF954_05050|CP040690_1033111_1031825_-1_GTG_428
CP040690	-1033143	TAG	FF954_05055	-1033880	738	CDS		ATG	FF954_05055|CP040690_1033880_1033143_-3_ATG_245
CP040690	-1033957	TGA	FF954_05060	-1035033	1077	CDS		ATG	FF954_05060|CP040690_1035033_1033957_-2_ATG_358
CP040690	-1035087	TGA	FF954_05065	-1035878	792	CDS		ATG	FF954_05065|CP040690_1035878_1035087_-3_ATG_263
CP040690	-1039167	TAA	FF954_05085	-1041161	1995	CDS		GTG	FF954_05085|CP040690_1041161_1039167_-3_GTG_664
CP040690	-1041183	TGA	FF954_05090	-1042295	1113	CDS		GTG	FF954_05090|CP040690_1042295_1041183_-3_GTG_370
CP040690	-1046446	TGA	FF954_05115	-1047267	822	CDS		ATG	FF954_05115|CP040690_1047267_1046446_-2_ATG_273
CP040690	-1051840	TAA	FF954_05130	-1052706	867	CDS		GTG	FF954_05130|CP040690_1052706_1051840_-2_GTG_288
CP040690	-1052791	TGA	FF954_05135	-1053564	774	CDS		GTG	FF954_05135|CP040690_1053564_1052791_-2_GTG_257
CP040690	-1053943	TGA	FF954_05145	-1054983	1041	CDS		GTG	FF954_05145|CP040690_1054983_1053943_-2_GTG_346
CP040690	-1056271	TAG	FF954_05160	-1057932	1662	CDS		ATG	FF954_05160|CP040690_1057932_1056271_-2_ATG_553
CP040690	-1058033	TAG	FF954_05165	-1058317	285	CDS		ATG	FF954_05165|CP040690_1058317_1058033_-1_ATG_94
CP040690	-1058547	TGA	FF954_05170	-1058777	231	CDS		ATG	FF954_05170|CP040690_1058777_1058547_-3_ATG_76
CP040690	-1058893	TAA	FF954_05180	-1059210	318	CDS		ATG	FF954_05180|CP040690_1059210_1058893_-2_ATG_105
CP040690	-1061903	TGA	FF954_05190	-1062901	999	CDS		ATG	FF954_05190|CP040690_1062901_1061903_-1_ATG_332
CP040690	-1065361	TAG	FF954_05205	-1066209	849	CDS		ATG	FF954_05205|CP040690_1066209_1065361_-2_ATG_282
CP040690	-1075687	TGA	FF954_05260	-1076361	675	CDS		ATG	FF954_05260|CP040690_1076361_1075687_-2_ATG_224
CP040690	-1076541	TAA	FF954_05265	-1077341	801	CDS		GTG	FF954_05265|CP040690_1077341_1076541_-3_GTG_266
CP040690	-1077440	TGA	FF954_05270	-1077922	483	CDS		ATG	FF954_05270|CP040690_1077922_1077440_-1_ATG_160
CP040690	-1078022	TGA	FF954_05275	-1078441	420	CDS		ATG	FF954_05275|CP040690_1078441_1078022_-1_ATG_139
CP040690	-1078477	TAG	FF954_05280	-1079078	602	CDS	true	ATG	FF954_05280_p|CP040690_1079078_1078477_-3_ATG_200
CP040690	-1083018	TAG	FF954_05305	-1083827	810	CDS		ATG	FF954_05305|CP040690_1083827_1083018_-3_ATG_269
CP040690	-1083827	TGA	FF954_05310	-1084993	1167	CDS		GTG	FF954_05310|CP040690_1084993_1083827_-1_GTG_388
CP040690	-1084990	TGA	FF954_05315	-1086993	2004	CDS		ATG	FF954_05315|CP040690_1086993_1084990_-2_ATG_667
CP040690	-1086999	TGA	FF954_05320	-1088588	1590	CDS		GTG	FF954_05320|CP040690_1088588_1086999_-3_GTG_529
CP040690	-1088591	TGA	FF954_05325	-1089739	1149	CDS		GTG	FF954_05325|CP040690_1089739_1088591_-1_GTG_382
CP040690	-1089736	TGA	FF954_05330	-1091418	1683	CDS		GTG	FF954_05330|CP040690_1091418_1089736_-2_GTG_560
CP040690	-1095325	GCA	FF954_05345	-1095606	282	CDS	true	ATG	FF954_05345_p|CP040690_1095606_1095325_-2_ATG_94
CP040690	-1095658	TAA	FF954_05350	-1095744	87	CDS	true	CCA	FF954_05350_p|CP040690_1095744_1095658_-2_CCA_28
CP040690	-1095920	TGA	FF954_05355	-1096114	195	CDS		ATG	FF954_05355|CP040690_1096114_1095920_-1_ATG_64
CP040690	-1096328	TGA	FF954_05365	-1097701	1374	CDS		ATG	FF954_05365|CP040690_1097701_1096328_-1_ATG_457
CP040690	-1097884	CTG	FF954_05370	-1097970	87	CDS	true	ATG	FF954_05370_p|CP040690_1097970_1097884_-2_ATG_29
CP040690	-1102275	TAG	FF954_05395	-1102730	456	CDS		ATG	FF954_05395|CP040690_1102730_1102275_-3_ATG_151
CP040690	-1107655	TAG	FF954_05415	-1108632	978	CDS		ATG	FF954_05415|CP040690_1108632_1107655_-2_ATG_325
CP040690	-1108693	TGA	FF954_05420	-1109349	657	CDS		GTG	FF954_05420|CP040690_1109349_1108693_-2_GTG_218
CP040690	-1109422	TGA	FF954_05425	-1109754	333	CDS		GTG	FF954_05425|CP040690_1109754_1109422_-2_GTG_110
CP040690	-1109828	TGA	FF954_05430	-1110421	594	CDS		ATG	FF954_05430|CP040690_1110421_1109828_-1_ATG_197
CP040690	-1115423	TAG	FF954_05470	-1115632	210	CDS		ATG	FF954_05470|CP040690_1115632_1115423_-1_ATG_69
CP040690	-1115636	TAG	FF954_05475	-1116091	456	CDS		ATG	FF954_05475|CP040690_1116091_1115636_-1_ATG_151
CP040690	-1117781	TAA	FF954_05490	-1118398	618	CDS		ATG	FF954_05490|CP040690_1118398_1117781_-1_ATG_205
CP040690	-1119678	TGA	FF954_05500	-1121189	1512	CDS		GTG	FF954_05500|CP040690_1121189_1119678_-3_GTG_503
CP040690	-1122139	TAA	FF954_05510	-1123398	1260	CDS		GTG	FF954_05510|CP040690_1123398_1122139_-2_GTG_419
CP040690	-1123472	TAG	FF954_05515	-1124908	1437	CDS		TTG	FF954_05515|CP040690_1124908_1123472_-1_TTG_478
CP040690	-1126694	TGA	FF954_05525	-1128253	1560	CDS		ATG	FF954_05525|CP040690_1128253_1126694_-1_ATG_519
CP040690	-1132632	TGA	FF954_05555	-1132931	300	CDS		ATG	FF954_05555|CP040690_1132931_1132632_-3_ATG_99
CP040690	-1134584	TAA	FF954_05565	-1135159	576	CDS		ATG	FF954_05565|CP040690_1135159_1134584_-1_ATG_191
CP040690	-1135172	TAG	FF954_05570	-1135819	648	CDS		ATG	FF954_05570|CP040690_1135819_1135172_-1_ATG_215
CP040690	-1136036	TAA	FF954_05575	-1136716	681	CDS		TTG	FF954_05575|CP040690_1136716_1136036_-1_TTG_226
CP040690	-1136752	TAG	FF954_05580	-1137732	981	CDS		TTG	FF954_05580|CP040690_1137732_1136752_-2_TTG_326
CP040690	-1137824	TGA	FF954_05585	-1139311	1488	CDS		ATG	FF954_05585|CP040690_1139311_1137824_-1_ATG_495
CP040690	-1149678	TAA	FF954_05640	-1150358	681	CDS		ATG	FF954_05640|CP040690_1150358_1149678_-3_ATG_226
CP040690	-1150355	TGA	FF954_05645	-1152935	2581	CDS	true	GTG	FF954_05645_p|CP040690_1152935_1150355_-3_GTG_860
CP040690	-1157675	TGA	FF954_05675	-1159204	1530	CDS		ATG	FF954_05675|CP040690_1159204_1157675_-1_ATG_509
CP040690	-1159212	TGA	FF954_05680	-1159985	774	CDS		ATG	FF954_05680|CP040690_1159985_1159212_-3_ATG_257
CP040690	-1160167	TAA	FF954_05685	-1161607	1441	CDS	true	GTG	FF954_05685_p|CP040690_1161607_1160167_-1_GTG_480
CP040690	-1161793	TAA	FF954_05690	-1162077	285	CDS		ATG	FF954_05690|CP040690_1162077_1161793_-2_ATG_94
CP040690	-1162104	TGA	FF954_05695	-1162400	297	CDS		ATG	FF954_05695|CP040690_1162400_1162104_-3_ATG_98
CP040690	-1162546	TGA	FF954_05700	-1163721	1176	CDS		ATG	FF954_05700|CP040690_1163721_1162546_-2_ATG_391
CP040690	-1163798	TAG	FF954_05705	-1164625	828	CDS		ATG	FF954_05705|CP040690_1164625_1163798_-1_ATG_275
CP040690	-1165413	TGA	FF954_05715	-1165652	240	CDS		TTG	FF954_05715|CP040690_1165652_1165413_-3_TTG_79
CP040690	-1165558	TGA	FF954_05720	-1165776	219	CDS		GTG	FF954_05720|CP040690_1165776_1165558_-2_GTG_72
CP040690	-1165821	TAG	FF954_05725	-1166748	928	CDS	true	GTG	FF954_05725_p|CP040690_1166748_1165821_-2_GTG_309
CP040690	-1167031	TAG	FF954_05730	-1168056	1026	CDS		ATG	FF954_05730|CP040690_1168056_1167031_-2_ATG_341
CP040690	-1169886	TGA	FF954_05745	-1170674	789	CDS		TTG	FF954_05745|CP040690_1170674_1169886_-3_TTG_262
CP040690	-1172289	TGA	FF954_05755	-1173404	1116	CDS		GTG	FF954_05755|CP040690_1173404_1172289_-3_GTG_371
CP040690	-1173361	TAG	FF954_05760	-1173564	204	CDS		GTG	FF954_05760|CP040690_1173564_1173361_-2_GTG_67
CP040690	-1175196	TGA	FF954_05775	-1175951	756	CDS		ATG	FF954_05775|CP040690_1175951_1175196_-3_ATG_251
CP040690	-1176246	TGA	FF954_05780	-1176872	627	CDS		ATG	FF954_05780|CP040690_1176872_1176246_-3_ATG_208
CP040690	-1179855	TGA	FF954_05820	-1180019	165	CDS		ATG	FF954_05820|CP040690_1180019_1179855_-3_ATG_54
CP040690	-1186992	TGA	FF954_05855	-1188074	1083	CDS		ATG	FF954_05855|CP040690_1188074_1186992_-3_ATG_360
CP040690	-1188155	TAA	FF954_05860	-1188574	420	CDS		GTG	FF954_05860|CP040690_1188574_1188155_-1_GTG_139
CP040690	-1189672	TAA	FF954_05875	-1191657	1986	CDS		ATG	FF954_05875|CP040690_1191657_1189672_-2_ATG_661
CP040690	-1192019	TAG	FF954_05880	-1193782	1764	CDS		ATG	FF954_05880|CP040690_1193782_1192019_-1_ATG_587
CP040690	-1193779	TGA	FF954_05885	-1194552	774	CDS		ATG	FF954_05885|CP040690_1194552_1193779_-2_ATG_257
CP040690	-1194564	TAG	FF954_05890	-1195601	1038	CDS		GTG	FF954_05890|CP040690_1195601_1194564_-3_GTG_345
CP040690	-1197665	TGA	FF954_05905	-1198882	1218	CDS		ATG	FF954_05905|CP040690_1198882_1197665_-1_ATG_405
CP040690	-1198935	TAG	FF954_05910	-1199879	945	CDS		GTG	FF954_05910|CP040690_1199879_1198935_-3_GTG_314
CP040690	-1204813	TAG	FF954_05935	-1205307	495	CDS		ATG	FF954_05935|CP040690_1205307_1204813_-2_ATG_164
CP040690	-1205493	TGA	FF954_05940	-1205927	435	CDS		ATG	FF954_05940|CP040690_1205927_1205493_-3_ATG_144
CP040690	-1209265	TGA	FF954_05960	-1209993	729	CDS		ATG	FF954_05960|CP040690_1209993_1209265_-2_ATG_242
CP040690	-1210909	TAG	FF954_05970	-1211178	270	CDS		GTG	FF954_05970|CP040690_1211178_1210909_-2_GTG_89
CP040690	-1218616	TAA	FF954_06015	-1219554	939	CDS		ATG	FF954_06015|CP040690_1219554_1218616_-2_ATG_312
CP040690	-1224631	TGA	FF954_06045	-1225512	882	CDS		ATG	FF954_06045|CP040690_1225512_1224631_-2_ATG_293
CP040690	-1225509	TGA	FF954_06050	-1226933	1425	CDS		ATG	FF954_06050|CP040690_1226933_1225509_-3_ATG_474
CP040690	-1226964	TAA	FF954_06055	-1228052	1089	CDS		ATG	FF954_06055|CP040690_1228052_1226964_-3_ATG_362
CP040690	-1228759	TGA	FF954_06065	-1229916	1158	CDS		TTG	FF954_06065|CP040690_1229916_1228759_-2_TTG_385
CP040690	-1230028	TAG	FF954_06070	-1230339	312	CDS		ATG	FF954_06070|CP040690_1230339_1230028_-2_ATG_103
CP040690	-1230339	TGA	FF954_06075	-1230659	321	CDS		ATG	FF954_06075|CP040690_1230659_1230339_-3_ATG_106
CP040690	-1232212	TAG	FF954_06085	-1233324	1113	CDS		ATG	FF954_06085|CP040690_1233324_1232212_-2_ATG_370
CP040690	-1233334	TAA	FF954_06090	-1233591	258	CDS		ATG	FF954_06090|CP040690_1233591_1233334_-2_ATG_85
CP040690	-1233581	TGA	FF954_06095	-1234828	1248	CDS		GTG	FF954_06095|CP040690_1234828_1233581_-1_GTG_415
CP040690	-1234825	TGA	FF954_06100	-1235463	639	CDS		ATG	FF954_06100|CP040690_1235463_1234825_-2_ATG_212
CP040690	-1236577	TAA	FF954_06110	-1237560	984	CDS		GTG	FF954_06110|CP040690_1237560_1236577_-2_GTG_327
CP040690	-1240483	TGA	FF954_06140	-1240758	276	CDS		ATG	FF954_06140|CP040690_1240758_1240483_-2_ATG_91
CP040690	-1241339	TGA	FF954_06150	-1242199	861	CDS		GTG	FF954_06150|CP040690_1242199_1241339_-1_GTG_286
CP040690	-1242232	TGA	FF954_06155	-1243002	771	CDS	true	CTG	FF954_06155_p|CP040690_1243002_1242232_-2_CTG_256
CP040690	-1245512	TAG	FF954_06170	-1246420	909	CDS		ATG	FF954_06170|CP040690_1246420_1245512_-1_ATG_302
CP040690	-1248698	TAG	FF954_06185	-1249303	606	CDS		ATG	FF954_06185|CP040690_1249303_1248698_-1_ATG_201
CP040690	-1249300	TGA	FF954_06190	-1250772	1473	CDS		ATG	FF954_06190|CP040690_1250772_1249300_-2_ATG_490
CP040690	-1250985	TAG	FF954_06195	-1252340	1356	CDS		ATG	FF954_06195|CP040690_1252340_1250985_-3_ATG_451
CP040690	-1252442	TGA	FF954_06200	-1253902	1461	CDS		ATG	FF954_06200|CP040690_1253902_1252442_-1_ATG_486
CP040690	-1258435	TAG	FF954_06220	-1260714	2280	CDS		GTG	FF954_06220|CP040690_1260714_1258435_-2_GTG_759
CP040690	-1261640	TAG	FF954_06230	-1263496	1857	CDS		ATG	FF954_06230|CP040690_1263496_1261640_-1_ATG_618
CP040690	-1264840	TGA	FF954_06250	-1265856	1017	CDS		ATG	FF954_06250|CP040690_1265856_1264840_-2_ATG_338
CP040690	-1265853	TGA	FF954_06255	-1266353	501	CDS		GTG	FF954_06255|CP040690_1266353_1265853_-3_GTG_166
CP040690	-1266358	TAG	FF954_06260	-1266807	450	CDS		ATG	FF954_06260|CP040690_1266807_1266358_-2_ATG_149
CP040690	-1267571	TGA	FF954_06270	-1268377	807	CDS		ATG	FF954_06270|CP040690_1268377_1267571_-1_ATG_268
CP040690	-1268520	TGA	FF954_06275	-1269326	807	CDS		ATG	FF954_06275|CP040690_1269326_1268520_-3_ATG_268
CP040690	-1271405	TGA	FF954_06290	-1271536	132	CDS		ATG	FF954_06290|CP040690_1271536_1271405_-1_ATG_43
CP040690	-1275047	TGA	FF954_06310	-1275304	258	CDS		ATG	FF954_06310|CP040690_1275304_1275047_-1_ATG_85
CP040690	-1275398	TAA	FF954_06315	-1275673	276	CDS		TTG	FF954_06315|CP040690_1275673_1275398_-1_TTG_91
CP040690	-1275670	TGA	FF954_06320	-1277118	1449	CDS		GTG	FF954_06320|CP040690_1277118_1275670_-2_GTG_482
CP040690	-1278275	TAG	FF954_06330	-1278988	714	CDS		ATG	FF954_06330|CP040690_1278988_1278275_-1_ATG_237
CP040690	-1279369	TGA	FF954_06340	-1280217	849	CDS		GTG	FF954_06340|CP040690_1280217_1279369_-2_GTG_282
CP040690	-1280214	TGA	FF954_06345	-1280855	642	CDS		ATG	FF954_06345|CP040690_1280855_1280214_-3_ATG_213
CP040690	-1282427	TAG	FF954_06370	-1283542	1116	CDS		GTG	FF954_06370|CP040690_1283542_1282427_-1_GTG_371
CP040690	-1283550	TGA	FF954_06375	-1284233	684	CDS		ATG	FF954_06375|CP040690_1284233_1283550_-3_ATG_227
CP040690	-1285655	TAA	FF954_06385	-1285939	285	CDS		ATG	FF954_06385|CP040690_1285939_1285655_-1_ATG_94
CP040690	-1297458	TAG	FF954_06425	-1298063	606	CDS		ATG	FF954_06425|CP040690_1298063_1297458_-3_ATG_201
CP040690	-1298135	TAG	FF954_06430	-1299175	1041	CDS		ATG	FF954_06430|CP040690_1299175_1298135_-1_ATG_346
CP040690	-1299193	TAG	FF954_06435	-1299495	303	CDS		GTG	FF954_06435|CP040690_1299495_1299193_-2_GTG_100
CP040690	-1301126	TAA	FF954_06450	-1302052	927	CDS		ATG	FF954_06450|CP040690_1302052_1301126_-1_ATG_308
CP040690	-1305040	TAA	FF954_06460	-1305372	333	CDS		ATG	FF954_06460|CP040690_1305372_1305040_-2_ATG_110
CP040690	-1305573	TAA	FF954_06465	-1307597	2025	CDS		ATG	FF954_06465|CP040690_1307597_1305573_-3_ATG_674
CP040690	-1307594	TGA	FF954_06470	-1308163	570	CDS		ATG	FF954_06470|CP040690_1308163_1307594_-1_ATG_189
CP040690	-1309851	TGA	FF954_06485	-1312670	2820	CDS		GTG	FF954_06485|CP040690_1312670_1309851_-3_GTG_939
CP040690	-1323904	TAA	FF954_06505	-1324983	1080	CDS		ATG	FF954_06505|CP040690_1324983_1323904_-2_ATG_359
CP040690	-1325148	TGA	FF954_06510	-1326884	1737	CDS		ATG	FF954_06510|CP040690_1326884_1325148_-3_ATG_578
CP040690	-1327061	TAG	FF954_06515	-1328677	1617	CDS		ATG	FF954_06515|CP040690_1328677_1327061_-1_ATG_538
CP040690	-1336620	TAA	FF954_06555	-1337885	1266	CDS		GTG	FF954_06555|CP040690_1337885_1336620_-3_GTG_421
CP040690	-1337977	TGA	FF954_06560	-1338204	228	CDS		ATG	FF954_06560|CP040690_1338204_1337977_-2_ATG_75
CP040690	-1340730	TAG	FF954_06585	-1341977	1248	CDS		ATG	FF954_06585|CP040690_1341977_1340730_-3_ATG_415
CP040690	-1343588	TAG	FF954_06600	-1344541	954	CDS		GTG	FF954_06600|CP040690_1344541_1343588_-1_GTG_317
CP040690	-1345693	TAG	FF954_06610	-1346277	585	CDS		GTG	FF954_06610|CP040690_1346277_1345693_-2_GTG_194
CP040690	-1346308	TAG	FF954_06615	-1347993	1686	CDS		ATG	FF954_06615|CP040690_1347993_1346308_-2_ATG_561
CP040690	-1353867	TAA	FF954_06655	-1355030	1164	CDS		ATG	FF954_06655|CP040690_1355030_1353867_-3_ATG_387
CP040690	-1356662	TGA	FF954_06665	-1356994	333	CDS		GTG	FF954_06665|CP040690_1356994_1356662_-1_GTG_110
CP040690	-1357128	TAG	FF954_06670	-1358813	1686	CDS		GTG	FF954_06670|CP040690_1358813_1357128_-3_GTG_561
CP040690	-1358841	TAG	FF954_06675	-1359515	675	CDS		ATG	FF954_06675|CP040690_1359515_1358841_-3_ATG_224
CP040690	-1359524	TAG	FF954_06680	-1361170	1647	CDS		GTG	FF954_06680|CP040690_1361170_1359524_-1_GTG_548
CP040690	-1361167	TGA	FF954_06685	-1362102	936	CDS		ATG	FF954_06685|CP040690_1362102_1361167_-2_ATG_311
CP040690	-1362092	TGA	FF954_06690	-1362730	639	CDS		ATG	FF954_06690|CP040690_1362730_1362092_-1_ATG_212
CP040690	-1362872	TAA	FF954_06695	-1363546	675	CDS		ATG	FF954_06695|CP040690_1363546_1362872_-1_ATG_224
CP040690	-1367262	TAG	FF954_06725	-1368092	831	CDS		GTG	FF954_06725|CP040690_1368092_1367262_-3_GTG_276
CP040690	-1368203	TGA	FF954_06730	-1369666	1464	CDS		ATG	FF954_06730|CP040690_1369666_1368203_-1_ATG_487
CP040690	-1369663	TGA	FF954_06735	-1370196	534	CDS		TTG	FF954_06735|CP040690_1370196_1369663_-2_TTG_177
CP040690	-1371148	TAG	FF954_06750	-1372320	1173	CDS		ATG	FF954_06750|CP040690_1372320_1371148_-2_ATG_390
CP040690	-1372333	TGA	FF954_06755	-1373568	1236	CDS		GTG	FF954_06755|CP040690_1373568_1372333_-2_GTG_411
CP040690	-1373693	TGA	FF954_06760	-1374235	543	CDS		GTG	FF954_06760|CP040690_1374235_1373693_-1_GTG_180
CP040690	-1374232	TGA	FF954_06765	-1375539	1308	CDS		ATG	FF954_06765|CP040690_1375539_1374232_-2_ATG_435
CP040690	-1375601	TAG	FF954_06770	-1376197	597	CDS		ATG	FF954_06770|CP040690_1376197_1375601_-1_ATG_198
CP040690	-1381313	TAG	FF954_06800	-1382413	1101	CDS		GTG	FF954_06800|CP040690_1382413_1381313_-1_GTG_366
CP040690	-1384360	TGA	FF954_06820	-1386048	1689	CDS		ATG	FF954_06820|CP040690_1386048_1384360_-2_ATG_562
CP040690	-1386036	TGA	FF954_06825	-1386221	186	CDS		GTG	FF954_06825|CP040690_1386221_1386036_-3_GTG_61
CP040690	-1387169	TGA	FF954_06835	-1387999	831	CDS		ATG	FF954_06835|CP040690_1387999_1387169_-1_ATG_276
CP040690	-1388056	TAA	FF954_06840	-1388349	294	CDS		GTG	FF954_06840|CP040690_1388349_1388056_-2_GTG_97
CP040690	-1388346	TGA	FF954_06845	-1388615	270	CDS		ATG	FF954_06845|CP040690_1388615_1388346_-3_ATG_89
CP040690	-1388728	TGA	FF954_06850	-1392423	3696	CDS		GTG	FF954_06850|CP040690_1392423_1388728_-2_GTG_1231
CP040690	-1392565	TAG	FF954_06855	-1393353	789	CDS		ATG	FF954_06855|CP040690_1393353_1392565_-2_ATG_262
CP040690	-1395192	TGA	FF954_06865	-1398611	3420	CDS		GTG	FF954_06865|CP040690_1398611_1395192_-3_GTG_1139
CP040690	-1398667	TAA	FF954_06870	-1399275	609	CDS		GTG	FF954_06870|CP040690_1399275_1398667_-2_GTG_202
CP040690	-1402149	TGA	FF954_06885	-1402757	609	CDS		ATG	FF954_06885|CP040690_1402757_1402149_-3_ATG_202
CP040690	-1402757	TGA	FF954_06890	-1403974	1218	CDS		ATG	FF954_06890|CP040690_1403974_1402757_-1_ATG_405
CP040690	-1404088	TGA	FF954_06895	-1405455	1368	CDS		GTG	FF954_06895|CP040690_1405455_1404088_-2_GTG_455
CP040690	-1405452	TGA	FF954_06900	-1406711	1260	CDS		ATG	FF954_06900|CP040690_1406711_1405452_-3_ATG_419
CP040690	-1408844	TAA	FF954_06920	-1409293	450	CDS		ATG	FF954_06920|CP040690_1409293_1408844_-1_ATG_149
CP040690	-1409298	TGA	FF954_06925	-1409732	435	CDS		ATG	FF954_06925|CP040690_1409732_1409298_-3_ATG_144
CP040690	-1413320	TGA	FF954_06945	-1415200	1881	CDS		ATG	FF954_06945|CP040690_1415200_1413320_-1_ATG_626
CP040690	-1415444	TGA	FF954_06950	-1417840	2397	CDS		ATG	FF954_06950|CP040690_1417840_1415444_-1_ATG_798
CP040690	-1417851	TAA	FF954_06955	-1419581	1731	CDS		ATG	FF954_06955|CP040690_1419581_1417851_-3_ATG_576
CP040690	-1419922	TAG	FF954_06960	-1421088	1167	CDS		ATG	FF954_06960|CP040690_1421088_1419922_-2_ATG_388
CP040690	-1421136	TAG	FF954_06965	-1421387	252	CDS		ATG	FF954_06965|CP040690_1421387_1421136_-3_ATG_83
CP040690	-1421399	TGA	FF954_06970	-1422097	699	CDS		ATG	FF954_06970|CP040690_1422097_1421399_-1_ATG_232
CP040690	-1422320	TAA	FF954_06975	-1422694	375	CDS		ATG	FF954_06975|CP040690_1422694_1422320_-1_ATG_124
CP040690	-1422755	TAG	FF954_06980	-1423489	735	CDS		ATG	FF954_06980|CP040690_1423489_1422755_-1_ATG_244
CP040690	-1423702	TAG	FF954_06985	-1424043	342	CDS		ATG	FF954_06985|CP040690_1424043_1423702_-2_ATG_113
CP040690	-1424151	TAG	FF954_06990	-1426046	1896	CDS		GTG	FF954_06990|CP040690_1426046_1424151_-3_GTG_631
CP040690	-1426043	TGA	FF954_06995	-1427791	1749	CDS		ATG	FF954_06995|CP040690_1427791_1426043_-1_ATG_582
CP040690	-1429179	TAG	FF954_07015	-1429655	477	CDS		ATG	FF954_07015|CP040690_1429655_1429179_-3_ATG_158
CP040690	-1435406	TGA	FF954_07035	-1437181	1776	CDS		GTG	FF954_07035|CP040690_1437181_1435406_-1_GTG_591
CP040690	-1437174	TGA	FF954_07040	-1439012	1839	CDS		ATG	FF954_07040|CP040690_1439012_1437174_-3_ATG_612
CP040690	-1439009	TGA	FF954_07045	-1439884	876	CDS		ATG	FF954_07045|CP040690_1439884_1439009_-1_ATG_291
CP040690	-1439881	TGA	FF954_07050	-1440858	978	CDS		ATG	FF954_07050|CP040690_1440858_1439881_-2_ATG_325
CP040690	-1447279	TAG	FF954_07085	-1448844	1566	CDS		GTG	FF954_07085|CP040690_1448844_1447279_-2_GTG_521
CP040690	-1449296	TAA	FF954_07095	-1449631	336	CDS		ATG	FF954_07095|CP040690_1449631_1449296_-1_ATG_111
CP040690	-1458767	TGA	FF954_07145	-1458961	195	CDS		ATG	FF954_07145|CP040690_1458961_1458767_-1_ATG_64
CP040690	-1471968	TAG	FF954_07225	-1473291	1324	CDS	true	GTG	FF954_07225_p|CP040690_1473291_1471968_-2_GTG_441
CP040690	-1473457	TAG	FF954_07230	-1474038	582	CDS		ATG	FF954_07230|CP040690_1474038_1473457_-2_ATG_193
CP040690	-1480920	TGA	FF954_07255	-1481417	498	CDS		ATG	FF954_07255|CP040690_1481417_1480920_-3_ATG_165
CP040690	-1481414	TGA	FF954_07260	-1482904	1491	CDS		GTG	FF954_07260|CP040690_1482904_1481414_-1_GTG_496
CP040690	-1482985	TAA	FF954_07265	-1484610	1626	CDS		ATG	FF954_07265|CP040690_1484610_1482985_-2_ATG_541
CP040690	-1484680	TAA	FF954_07270	-1486287	1608	CDS		ATG	FF954_07270|CP040690_1486287_1484680_-2_ATG_535
CP040690	-1486300	TAG	FF954_07275	-1488003	1704	CDS		ATG	FF954_07275|CP040690_1488003_1486300_-2_ATG_567
CP040690	-1489099	TAA	FF954_07290	-1489557	459	CDS		GTG	FF954_07290|CP040690_1489557_1489099_-2_GTG_152
CP040690	-1491940	TAG	FF954_07305	-1493751	1812	CDS		ATG	FF954_07305|CP040690_1493751_1491940_-2_ATG_603
CP040690	-1493903	TAG	FF954_07310	-1496098	2196	CDS		ATG	FF954_07310|CP040690_1496098_1493903_-1_ATG_731
CP040690	-1496106	TGA	FF954_07315	-1498211	2106	CDS		GTG	FF954_07315|CP040690_1498211_1496106_-3_GTG_701
CP040690	-1500981	TAA	FF954_07325	-1502975	1995	CDS		GTG	FF954_07325|CP040690_1502975_1500981_-3_GTG_664
CP040690	-1502999	TGA	FF954_07330	-1504345	1347	CDS		GTG	FF954_07330|CP040690_1504345_1502999_-1_GTG_448
CP040690	-1511970	TAG	FF954_07390	-1512332	363	CDS		ATG	FF954_07390|CP040690_1512332_1511970_-3_ATG_120
CP040690	-1512329	TGA	FF954_07395	-1512709	381	CDS		GTG	FF954_07395|CP040690_1512709_1512329_-1_GTG_126
CP040690	-1515759	TAA	FF954_07415	-1516391	633	CDS		ATG	FF954_07415|CP040690_1516391_1515759_-3_ATG_210
CP040690	-1521090	TGA	FF954_07435	-1521260	171	CDS	true	GCA	FF954_07435_p|CP040690_1521260_1521090_-3_GCA_56
CP040690	-1522238	TGA	FF954_07450	-1522510	273	CDS		ATG	FF954_07450|CP040690_1522510_1522238_-1_ATG_90
CP040690	-1522986	TGA	FF954_07460	-1523771	786	CDS		ATG	FF954_07460|CP040690_1523771_1522986_-3_ATG_261
CP040690	-1523791	TGA	FF954_07465	-1525662	1872	CDS		ATG	FF954_07465|CP040690_1525662_1523791_-2_ATG_623
CP040690	-1525671	TAG	FF954_07470	-1527818	2148	CDS		GTG	FF954_07470|CP040690_1527818_1525671_-3_GTG_715
CP040690	-1527815	TGA	FF954_07475	-1528606	792	CDS		GTG	FF954_07475|CP040690_1528606_1527815_-1_GTG_263
CP040690	-1529079	TAG	FF954_07480	-1530002	924	CDS		ATG	FF954_07480|CP040690_1530002_1529079_-3_ATG_307
CP040690	-1534759	TGA	FF954_07495	-1534995	237	CDS		ATG	FF954_07495|CP040690_1534995_1534759_-2_ATG_78
CP040690	-1536229	TAA	FF954_07505	-1537419	1191	CDS		GTG	FF954_07505|CP040690_1537419_1536229_-2_GTG_396
CP040690	-1537734	TAG	FF954_07510	-1538396	663	CDS		GTG	FF954_07510|CP040690_1538396_1537734_-3_GTG_220
CP040690	-1538393	TGA	FF954_07515	-1539178	786	CDS		ATG	FF954_07515|CP040690_1539178_1538393_-1_ATG_261
CP040690	-1539469	TAG	FF954_07520	-1541430	1962	CDS		ATG	FF954_07520|CP040690_1541430_1539469_-2_ATG_653
CP040690	-1541569	TAA	FF954_07525	-1541955	387	CDS		ATG	FF954_07525|CP040690_1541955_1541569_-2_ATG_128
CP040690	-1543298	TAG	FF954_07540	-1544503	1206	CDS		GTG	FF954_07540|CP040690_1544503_1543298_-1_GTG_401
CP040690	-1549500	TGA	FF954_07565	-1549958	459	CDS		GTG	FF954_07565|CP040690_1549958_1549500_-3_GTG_152
CP040690	-1553007	TAA	FF954_07580	-1553645	639	CDS		ATG	FF954_07580|CP040690_1553645_1553007_-3_ATG_212
CP040690	-1553656	TAA	FF954_07585	-1555083	1428	CDS		ATG	FF954_07585|CP040690_1555083_1553656_-2_ATG_475
CP040690	-1565914	TAG	FF954_07635	-1566135	222	CDS		GTG	FF954_07635|CP040690_1566135_1565914_-2_GTG_73
CP040690	-1570537	TAG	FF954_07665	-1572015	1479	CDS		ATG	FF954_07665|CP040690_1572015_1570537_-2_ATG_492
CP040690	-1572012	TGA	FF954_07670	-1573397	1386	CDS		ATG	FF954_07670|CP040690_1573397_1572012_-3_ATG_461
CP040690	-1574555	TAA	FF954_07680	-1576285	1731	CDS		ATG	FF954_07680|CP040690_1576285_1574555_-1_ATG_576
CP040690	-1576540	TGA	FF954_07685	-1576941	402	CDS		ATG	FF954_07685|CP040690_1576941_1576540_-2_ATG_133
CP040690	-1576938	TGA	FF954_07690	-1577195	258	CDS		ATG	FF954_07690|CP040690_1577195_1576938_-3_ATG_85
CP040690	-1577278	TAA	FF954_07695	-1578237	960	CDS		ATG	FF954_07695|CP040690_1578237_1577278_-2_ATG_319
CP040690	-1578262	TAG	FF954_07700	-1579224	963	CDS		ATG	FF954_07700|CP040690_1579224_1578262_-2_ATG_320
CP040690	-1582026	TGA	FF954_07715	-1582850	825	CDS		ATG	FF954_07715|CP040690_1582850_1582026_-3_ATG_274
CP040690	-1583573	TGA	FF954_07725	-1584397	825	CDS		ATG	FF954_07725|CP040690_1584397_1583573_-1_ATG_274
CP040690	-1588638	TAA	FF954_07750	-1590194	1557	CDS		ATG	FF954_07750|CP040690_1590194_1588638_-3_ATG_518
CP040690	-1590200	TGA	FF954_07755	-1590910	711	CDS		ATG	FF954_07755|CP040690_1590910_1590200_-1_ATG_236
CP040690	-1601321	TAA	FF954_07820	-1602082	762	CDS		ATG	FF954_07820|CP040690_1602082_1601321_-1_ATG_253
CP040690	-1603487	TAG	FF954_07830	-1604749	1263	CDS		ATG	FF954_07830|CP040690_1604749_1603487_-1_ATG_420
CP040690	-1604749	TAA	FF954_07835	-1606356	1608	CDS		ATG	FF954_07835|CP040690_1606356_1604749_-2_ATG_535
CP040690	-1606360	TAA	FF954_07840	-1607187	828	CDS		TTG	FF954_07840|CP040690_1607187_1606360_-2_TTG_275
CP040690	-1614770	TGA	FF954_07875	-1615399	630	CDS		TTG	FF954_07875|CP040690_1615399_1614770_-1_TTG_209
CP040690	-1618814	TAG	FF954_07900	-1619041	228	CDS		ATG	FF954_07900|CP040690_1619041_1618814_-1_ATG_75
CP040690	-1619220	CAG	FF954_07905	-1619402	183	CDS	true	ATG	FF954_07905_p|CP040690_1619402_1619220_-3_ATG_61
CP040690	-1619410	TGA	FF954_07910	-1619835	426	CDS		ATG	FF954_07910|CP040690_1619835_1619410_-2_ATG_141
CP040690	-1620658	TGA	FF954_07920	-1622160	1503	CDS		ATG	FF954_07920|CP040690_1622160_1620658_-2_ATG_500
CP040690	-1624683	TAG	FF954_07930	-1625168	486	CDS		GTG	FF954_07930|CP040690_1625168_1624683_-3_GTG_161
CP040690	-1625600	TAA	FF954_07940	-1625713	114	CDS		ATG	FF954_07940|CP040690_1625713_1625600_-1_ATG_37
CP040690	-1625763	TGA	FF954_07945	-1626173	411	CDS		ATG	FF954_07945|CP040690_1626173_1625763_-3_ATG_136
CP040690	-1626190	TAA	FF954_07950	-1626933	744	CDS		GTG	FF954_07950|CP040690_1626933_1626190_-2_GTG_247
CP040690	-1626930	TGA	FF954_07955	-1627841	912	CDS		ATG	FF954_07955|CP040690_1627841_1626930_-3_ATG_303
CP040690	-1627894	TAG	FF954_07960	-1629438	1545	CDS		ATG	FF954_07960|CP040690_1629438_1627894_-2_ATG_514
CP040690	-1629435	TGA	FF954_07965	-1630556	1122	CDS		ATG	FF954_07965|CP040690_1630556_1629435_-3_ATG_373
CP040690	-1630573	TGA	FF954_07970	-1632675	2103	CDS		GTG	FF954_07970|CP040690_1632675_1630573_-2_GTG_700
CP040690	-1632867	TAG	FF954_07975	-1633082	216	CDS		ATG	FF954_07975|CP040690_1633082_1632867_-3_ATG_71
CP040690	-1633114	TAG	FF954_07980	-1637337	4224	CDS		ATG	FF954_07980|CP040690_1637337_1633114_-2_ATG_1407
CP040690	-1638714	TGA	FF954_07990	-1641078	2365	CDS	true	ATG	FF954_07990_p|CP040690_1641078_1638714_-2_ATG_788
CP040690	-1642523	TAG	FF954_08000	-1643509	987	CDS		ATG	FF954_08000|CP040690_1643509_1642523_-1_ATG_328
CP040690	-1644342	TGA	FF954_08010	-1645274	933	CDS		GTG	FF954_08010|CP040690_1645274_1644342_-3_GTG_310
CP040690	-1645386	TGA	FF954_08015	-1646171	786	CDS		GTG	FF954_08015|CP040690_1646171_1645386_-3_GTG_261
CP040690	-1646168	TGA	FF954_08020	-1647109	942	CDS		GTG	FF954_08020|CP040690_1647109_1646168_-1_GTG_313
CP040690	-1647212	TGA	FF954_08025	-1648987	1776	CDS		ATG	FF954_08025|CP040690_1648987_1647212_-1_ATG_591
CP040690	-1656522	TGA	FF954_08065	-1658351	1830	CDS		TTG	FF954_08065|CP040690_1658351_1656522_-3_TTG_609
CP040690	-1658458	TAG	FF954_08070	-1659570	1113	CDS		ATG	FF954_08070|CP040690_1659570_1658458_-2_ATG_370
CP040690	-1665490	TGA	FF954_08105	-1666053	564	CDS		GTG	FF954_08105|CP040690_1666053_1665490_-2_GTG_187
CP040690	-1666064	TGA	FF954_08110	-1668895	2832	CDS		GTG	FF954_08110|CP040690_1668895_1666064_-1_GTG_943
CP040690	-1675306	TAA	FF954_08145	-1676148	843	CDS		ATG	FF954_08145|CP040690_1676148_1675306_-2_ATG_280
CP040690	-1678866	TGA	FF954_08165	-1679732	867	CDS		ATG	FF954_08165|CP040690_1679732_1678866_-3_ATG_288
CP040690	-1684057	TGA	FF954_08200	-1684815	759	CDS		GTG	FF954_08200|CP040690_1684815_1684057_-2_GTG_252
CP040690	-1692152	TAG	FF954_08235	-1692925	774	CDS		CTG	FF954_08235|CP040690_1692925_1692152_-1_CTG_257
CP040690	-1692983	TGA	FF954_08240	-1693195	213	CDS		ATG	FF954_08240|CP040690_1693195_1692983_-1_ATG_70
CP040690	-1696845	TGA	FF954_08265	-1697993	1149	CDS		GTG	FF954_08265|CP040690_1697993_1696845_-3_GTG_382
CP040690	-1698130	TGA	FF954_08270	-1698795	666	CDS		ATG	FF954_08270|CP040690_1698795_1698130_-2_ATG_221
CP040690	-1698792	TGA	FF954_08275	-1699292	501	CDS		GTG	FF954_08275|CP040690_1699292_1698792_-3_GTG_166
CP040690	-1699580	TGA	FF954_08280	-1700275	696	CDS		TTG	FF954_08280|CP040690_1700275_1699580_-1_TTG_231
CP040690	-1700948	TAG	FF954_08290	-1702747	1800	CDS		GTG	FF954_08290|CP040690_1702747_1700948_-1_GTG_599
CP040690	-1705472	TGA	FF954_08310	-1705766	295	CDS	true	ATT	FF954_08310_p|CP040690_1705766_1705472_-3_ATT_98
CP040690	-1708664	TAG	FF954_08330	-1709452	789	CDS		GTG	FF954_08330|CP040690_1709452_1708664_-1_GTG_262
CP040690	-1709487	TGA	FF954_08335	-1710383	897	CDS		ATG	FF954_08335|CP040690_1710383_1709487_-3_ATG_298
CP040690	-1710386	TGA	FF954_08340	-1711396	1011	CDS		GTG	FF954_08340|CP040690_1711396_1710386_-1_GTG_336
CP040690	-1714914	TGA	FF954_08365	-1715114	201	CDS		ATG	FF954_08365|CP040690_1715114_1714914_-3_ATG_66
CP040690	-1717029	TGA	FF954_08375	-1720469	3441	CDS		GTG	FF954_08375|CP040690_1720469_1717029_-3_GTG_1146
CP040690	-1721768	CTG	FF954_08390	-1722613	846	CDS	true	ATG	FF954_08390_p|CP040690_1722613_1721768_-1_ATG_282
CP040690	-1722636	TGA	FF954_08395	-1728962	6327	CDS		GTG	FF954_08395|CP040690_1728962_1722636_-3_GTG_2108
CP040690	-1729506	TGA	FF954_08400	-1730003	498	CDS		GTG	FF954_08400|CP040690_1730003_1729506_-3_GTG_165
CP040690	-1733669	TAG	FF954_08420	-1734103	435	CDS		ATG	FF954_08420|CP040690_1734103_1733669_-1_ATG_144
CP040690	-1741765	TGA	FF954_08450	-1742745	981	CDS		ATG	FF954_08450|CP040690_1742745_1741765_-2_ATG_326
CP040690	-1744331	TGA	FF954_08465	-1744924	594	CDS		ATG	FF954_08465|CP040690_1744924_1744331_-1_ATG_197
CP040690	-1744979	TGA	FF954_08470	-1745389	411	CDS		ATG	FF954_08470|CP040690_1745389_1744979_-1_ATG_136
CP040690	-1751850	TAG	FF954_08500	-1753886	2037	CDS		ATG	FF954_08500|CP040690_1753886_1751850_-3_ATG_678
CP040690	-1768108	TGA	FF954_08575	-1769848	1741	CDS	true	ATG	FF954_08575_p|CP040690_1769848_1768108_-1_ATG_580
CP040690	-1769841	TGA	FF954_08580	-1772138	2298	CDS		ATG	FF954_08580|CP040690_1772138_1769841_-3_ATG_765
CP040690	-1772142	TGA	FF954_08585	-1774307	2166	CDS		ATG	FF954_08585|CP040690_1774307_1772142_-3_ATG_721
CP040690	-1774346	TGA	FF954_08590	-1776535	2190	CDS		ATG	FF954_08590|CP040690_1776535_1774346_-1_ATG_729
CP040690	-1776634	TAA	FF954_08595	-1777326	693	CDS		ATG	FF954_08595|CP040690_1777326_1776634_-2_ATG_230
CP040690	-1777566	TAA	FF954_08600	-1777850	285	CDS		ATG	FF954_08600|CP040690_1777850_1777566_-3_ATG_94
CP040690	-1781900	TGA	FF954_08630	-1782856	957	CDS		GTG	FF954_08630|CP040690_1782856_1781900_-1_GTG_318
CP040690	-1782627	TGA	FF954_08635	-1783295	669	CDS		ATG	FF954_08635|CP040690_1783295_1782627_-3_ATG_222
CP040690	-1785859	TGA	FF954_08655	-1787199	1341	CDS		ATG	FF954_08655|CP040690_1787199_1785859_-2_ATG_446
CP040690	-1787456	TGA	FF954_08660	-1788166	711	CDS		ATG	FF954_08660|CP040690_1788166_1787456_-1_ATG_236
CP040690	-1792532	TGA	FF954_08685	-1792942	411	CDS		ATG	FF954_08685|CP040690_1792942_1792532_-1_ATG_136
CP040690	-1800757	TAG	FF954_08735	-1801221	465	CDS		ATG	FF954_08735|CP040690_1801221_1800757_-2_ATG_154
CP040690	-1813422	TGA	FF954_08800	-1815152	1731	CDS		ATG	FF954_08800|CP040690_1815152_1813422_-3_ATG_576
CP040690	-1815149	TGA	FF954_08805	-1816756	1608	CDS		CTG	FF954_08805|CP040690_1816756_1815149_-1_CTG_535
CP040690	-1816819	TGA	FF954_08810	-1817859	1041	CDS		GTG	FF954_08810|CP040690_1817859_1816819_-2_GTG_346
CP040690	-1817889	TGA	FF954_08815	-1819346	1458	CDS		ATG	FF954_08815|CP040690_1819346_1817889_-3_ATG_485
CP040690	-1819457	TGA	FF954_08820	-1820044	588	CDS		ATG	FF954_08820|CP040690_1820044_1819457_-1_ATG_195
CP040690	-1820073	TGA	FF954_08825	-1821404	1332	CDS		GTG	FF954_08825|CP040690_1821404_1820073_-3_GTG_443
CP040690	-1822324	TAG	FF954_08840	-1823532	1209	CDS		ATG	FF954_08840|CP040690_1823532_1822324_-2_ATG_402
CP040690	-1823529	TGA	FF954_08845	-1824020	492	CDS		GTG	FF954_08845|CP040690_1824020_1823529_-3_GTG_163
CP040690	-1829846	TGA	FF954_08870	-1830289	444	CDS		GTG	FF954_08870|CP040690_1830289_1829846_-1_GTG_147
CP040690	-1834031	TAA	FF954_08890	-1835701	1671	CDS		ATG	FF954_08890|CP040690_1835701_1834031_-1_ATG_556
CP040690	-1836357	TAA	FF954_08905	-1837148	792	CDS		ATG	FF954_08905|CP040690_1837148_1836357_-3_ATG_263
CP040690	-1840289	TGA	FF954_08915	-1840546	258	CDS		ATG	FF954_08915|CP040690_1840546_1840289_-1_ATG_85
CP040690	-1840562	TAG	FF954_08920	-1842031	1470	CDS		ATG	FF954_08920|CP040690_1842031_1840562_-1_ATG_489
CP040690	-1842090	TAG	FF954_08925	-1845608	3519	CDS		GTG	FF954_08925|CP040690_1845608_1842090_-3_GTG_1172
CP040690	-1847972	TAG	FF954_08950	-1849027	1056	CDS		ATG	FF954_08950|CP040690_1849027_1847972_-1_ATG_351
CP040690	-1855920	TAG	FF954_08980	-1858976	3057	CDS		ATG	FF954_08980|CP040690_1858976_1855920_-3_ATG_1018
CP040690	-1885863	TAA	FF954_09055	-1887155	1293	CDS		GTG	FF954_09055|CP040690_1887155_1885863_-3_GTG_430
CP040690	-1887170	TGA	FF954_09060	-1888945	1776	CDS		ATG	FF954_09060|CP040690_1888945_1887170_-1_ATG_591
CP040690	-1890479	TAA	FF954_09080	-1891810	1332	CDS		GTG	FF954_09080|CP040690_1891810_1890479_-1_GTG_443
CP040690	-1891903	TAA	FF954_09085	-1892835	933	CDS		ATG	FF954_09085|CP040690_1892835_1891903_-2_ATG_310
CP040690	-1892863	TAA	FF954_09090	-1893519	657	CDS		ATG	FF954_09090|CP040690_1893519_1892863_-2_ATG_218
CP040690	-1893844	TGA	FF954_09095	-1894578	735	CDS		ATG	FF954_09095|CP040690_1894578_1893844_-2_ATG_244
CP040690	-1904379	TGA	FF954_09145	-1905002	624	CDS		GTG	FF954_09145|CP040690_1905002_1904379_-3_GTG_207
CP040690	-1905004	TAG	FF954_09150	-1905723	720	CDS		ATT	FF954_09150|CP040690_1905723_1905004_-2_ATT_239
CP040690	-1905756	TAA	FF954_09155	-1906523	768	CDS		ATG	FF954_09155|CP040690_1906523_1905756_-3_ATG_255
CP040690	-1920814	TGA	FF954_09230	-1922178	1365	CDS		ATG	FF954_09230|CP040690_1922178_1920814_-2_ATG_454
CP040690	-1922734	TAG	FF954_09235	-1923483	750	CDS		ATG	FF954_09235|CP040690_1923483_1922734_-2_ATG_249
CP040690	-1923389	TGA	FF954_09240	-1925059	1671	CDS		ATG	FF954_09240|CP040690_1925059_1923389_-1_ATG_556
CP040690	-1925100	TAA	FF954_09245	-1926257	1158	CDS		ATG	FF954_09245|CP040690_1926257_1925100_-3_ATG_385
CP040690	-1926297	TAG	FF954_09250	-1927481	1185	CDS		ATG	FF954_09250|CP040690_1927481_1926297_-3_ATG_394
CP040690	-1928085	TGA	FF954_09255	-1928252	168	CDS		ATG	FF954_09255|CP040690_1928252_1928085_-3_ATG_55
CP040690	-1940633	TGA	FF954_09330	-1941022	390	CDS		GTG	FF954_09330|CP040690_1941022_1940633_-1_GTG_129
CP040690	-1941019	TGA	FF954_09335	-1941246	228	CDS		ATG	FF954_09335|CP040690_1941246_1941019_-2_ATG_75
CP040690	-1944235	TAA	FF954_09350	-1944654	420	CDS		ATG	FF954_09350|CP040690_1944654_1944235_-2_ATG_139
CP040690	-1944644	TAA	FF954_09355	-1945354	711	CDS		GTG	FF954_09355|CP040690_1945354_1944644_-1_GTG_236
CP040690	-1947467	TGA	FF954_09370	-1948237	771	CDS		ATG	FF954_09370|CP040690_1948237_1947467_-1_ATG_256
CP040690	-1948234	TGA	FF954_09375	-1949172	939	CDS		GTG	FF954_09375|CP040690_1949172_1948234_-2_GTG_312
CP040690	-1949139	TGA	FF954_09380	-1949387	249	CDS		TTG	FF954_09380|CP040690_1949387_1949139_-3_TTG_82
CP040690	-1949466	TAG	FF954_09385	-1951019	1554	CDS		TTG	FF954_09385|CP040690_1951019_1949466_-3_TTG_517
CP040690	-1953017	TAG	FF954_09395	-1953565	549	CDS		ATG	FF954_09395|CP040690_1953565_1953017_-1_ATG_182
CP040690	-1953629	TGA	FF954_09400	-1954261	633	CDS		ATG	FF954_09400|CP040690_1954261_1953629_-1_ATG_210
CP040690	-1954548	TGA	FF954_09405	-1954790	243	CDS		ATG	FF954_09405|CP040690_1954790_1954548_-3_ATG_80
CP040690	-1955065	TAG	FF954_09415	-1955601	537	CDS		CTG	FF954_09415|CP040690_1955601_1955065_-2_CTG_178
CP040690	-1955661	TAG	FF954_09420	-1955903	243	CDS		ATG	FF954_09420|CP040690_1955903_1955661_-3_ATG_80
CP040690	-1956002	TGA	FF954_09425	-1957960	1959	CDS		GTG	FF954_09425|CP040690_1957960_1956002_-1_GTG_652
CP040690	-1957957	TGA	FF954_09430	-1959144	1188	CDS		ATG	FF954_09430|CP040690_1959144_1957957_-2_ATG_395
CP040690	-1959729	TAA	FF954_09440	-1961411	1683	CDS		ATG	FF954_09440|CP040690_1961411_1959729_-3_ATG_560
CP040690	-1964763	TAA	FF954_09465	-1965164	402	CDS		ATG	FF954_09465|CP040690_1965164_1964763_-3_ATG_133
CP040690	-1965154	TAA	FF954_09470	-1965765	612	CDS		ATG	FF954_09470|CP040690_1965765_1965154_-2_ATG_203
CP040690	-1971102	TAG	FF954_09490	-1971659	558	CDS		GTG	FF954_09490|CP040690_1971659_1971102_-3_GTG_185
CP040690	-1971743	TGA	FF954_09495	-1973341	1599	CDS		ATG	FF954_09495|CP040690_1973341_1971743_-1_ATG_532
CP040690	-1975388	TAA	FF954_09510	-1978999	3612	CDS		ATG	FF954_09510|CP040690_1978999_1975388_-1_ATG_1203
CP040690	-1979203	TAG	FF954_09515	-1980894	1692	CDS		ATG	FF954_09515|CP040690_1980894_1979203_-2_ATG_563
CP040690	-1981078	TAA	FF954_09520	-1982622	1545	CDS		GTG	FF954_09520|CP040690_1982622_1981078_-2_GTG_514
CP040690	-1982751	TAG	FF954_09525	-1983936	1186	CDS	true	ATG	FF954_09525_p|CP040690_1983936_1982751_-2_ATG_395
CP040690	-1989507	TAG	FF954_09545	-1992250	2744	CDS	true	ATG	FF954_09545_p|CP040690_1992250_1989507_-1_ATG_914
CP040690	-1994344	TGA	FF954_09555	-1994727	384	CDS		ATG	FF954_09555|CP040690_1994727_1994344_-2_ATG_127
CP040690	-1994727	TGA	FF954_09560	-1995515	789	CDS		ATG	FF954_09560|CP040690_1995515_1994727_-3_ATG_262
CP040690	-1995655	TAG	FF954_09565	-1996122	468	CDS		GTG	FF954_09565|CP040690_1996122_1995655_-2_GTG_155
CP040690	-1996533	TAG	FF954_09570	-1997789	1257	CDS		ATG	FF954_09570|CP040690_1997789_1996533_-3_ATG_418
CP040690	-1998416	TAA	FF954_09575	-1998655	240	CDS		ATT	FF954_09575|CP040690_1998655_1998416_-1_ATT_79
CP040690	-1998689	TAG	FF954_09580	-1998817	129	CDS		ATT	FF954_09580|CP040690_1998817_1998689_-1_ATT_42
CP040690	-1998793	TGA	FF954_09585	-1998993	201	CDS		TTG	FF954_09585|CP040690_1998993_1998793_-2_TTG_66
CP040690	-2006312	TGA	FF954_09625	-2007058	747	CDS		GTG	FF954_09625|CP040690_2007058_2006312_-1_GTG_248
CP040690	-2009287	TGA	FF954_09640	-2009847	561	CDS		GTG	FF954_09640|CP040690_2009847_2009287_-2_GTG_186
CP040690	-2011373	TAG	FF954_09650	-2011822	450	CDS		ATG	FF954_09650|CP040690_2011822_2011373_-1_ATG_149
CP040690	-2011978	TAG	FF954_09655	-2013771	1794	CDS		ATG	FF954_09655|CP040690_2013771_2011978_-2_ATG_597
CP040690	-2014594	TGA	FF954_09665	-2016768	2175	CDS		ATG	FF954_09665|CP040690_2016768_2014594_-2_ATG_724
CP040690	-2022739	TGA	FF954_09680	-2023920	1182	CDS		ATG	FF954_09680|CP040690_2023920_2022739_-2_ATG_393
CP040690	-2040663	TGA	FF954_09765	-2041049	387	CDS		ATG	FF954_09765|CP040690_2041049_2040663_-3_ATG_128
CP040690	-2044215	TAG	FF954_09780	-2046134	1920	CDS		GTG	FF954_09780|CP040690_2046134_2044215_-3_GTG_639
CP040690	-2046315	TAG	FF954_09785	-2046641	327	CDS		ATG	FF954_09785|CP040690_2046641_2046315_-3_ATG_108
CP040690	-2046963	TAA	FF954_09790	-2047310	348	CDS		ATG	FF954_09790|CP040690_2047310_2046963_-3_ATG_115
CP040690	-2053445	TAG	FF954_09825	-2054647	1203	CDS		TTG	FF954_09825|CP040690_2054647_2053445_-1_TTG_400
CP040690	-2054969	TAA	FF954_09830	-2055400	432	CDS		ATG	FF954_09830|CP040690_2055400_2054969_-1_ATG_143
CP040690	-2060466	TAG	FF954_09865	-2061961	1496	CDS	true	ATG	FF954_09865_p|CP040690_2061961_2060466_-1_ATG_498
CP040690	-2062096	TAA	FF954_09870	-2064015	1920	CDS		TTG	FF954_09870|CP040690_2064015_2062096_-2_TTG_639
CP040690	-2078160	TGA	FF954_09935	-2079020	861	CDS		ATG	FF954_09935|CP040690_2079020_2078160_-3_ATG_286
CP040690	-2079932	TAG	FF954_09945	-2081818	1887	CDS		ATG	FF954_09945|CP040690_2081818_2079932_-1_ATG_628
CP040690	-2081834	TGA	FF954_09950	-2083867	2034	CDS		ATG	FF954_09950|CP040690_2083867_2081834_-1_ATG_677
CP040690	-2083987	TAG	FF954_09960	-2086212	2226	CDS		ATG	FF954_09960|CP040690_2086212_2083987_-2_ATG_741
CP040690	-2086488	TGA	FF954_09965	-2086883	396	CDS		GTG	FF954_09965|CP040690_2086883_2086488_-3_GTG_131
CP040690	-2086880	TGA	FF954_09970	-2087143	264	CDS		ATG	FF954_09970|CP040690_2087143_2086880_-1_ATG_87
CP040690	-2087202	TAG	FF954_09975	-2088749	1548	CDS		ATG	FF954_09975|CP040690_2088749_2087202_-3_ATG_515
CP040690	-2088912	TGA	FF954_09980	-2089961	1050	CDS		ATG	FF954_09980|CP040690_2089961_2088912_-3_ATG_349
CP040690	-2089961	TGA	FF954_09985	-2091328	1368	CDS		GTG	FF954_09985|CP040690_2091328_2089961_-1_GTG_455
CP040690	-2091502	TGA	FF954_09990	-2092938	1437	CDS		ATG	FF954_09990|CP040690_2092938_2091502_-2_ATG_478
CP040690	-2092974	TAG	FF954_09995	-2094425	1452	CDS		ATG	FF954_09995|CP040690_2094425_2092974_-3_ATG_483
CP040690	-2094455	TAG	FF954_10000	-2095405	951	CDS		GTG	FF954_10000|CP040690_2095405_2094455_-1_GTG_316
CP040690	-2095420	TGA	FF954_10005	-2095836	417	CDS		ATG	FF954_10005|CP040690_2095836_2095420_-2_ATG_138
CP040690	-2100888	TAG	FF954_10045	-2102279	1392	CDS		ATG	FF954_10045|CP040690_2102279_2100888_-3_ATG_463
CP040690	-2102421	TAG	FF954_10050	-2103344	924	CDS		GTG	FF954_10050|CP040690_2103344_2102421_-3_GTG_307
CP040690	-2103383	TGA	FF954_10055	-2104060	678	CDS		ATG	FF954_10055|CP040690_2104060_2103383_-1_ATG_225
CP040690	-2109829	TGA	FF954_10090	-2110599	771	CDS		ATG	FF954_10090|CP040690_2110599_2109829_-2_ATG_256
CP040690	-2110592	TGA	FF954_10095	-2111347	756	CDS		GTG	FF954_10095|CP040690_2111347_2110592_-1_GTG_251
CP040690	-2111344	TGA	FF954_10100	-2112204	861	CDS		GTG	FF954_10100|CP040690_2112204_2111344_-2_GTG_286
CP040690	-2114849	TAG	FF954_10110	-2115055	207	CDS		GTG	FF954_10110|CP040690_2115055_2114849_-1_GTG_68
CP040690	-2118698	TGA	FF954_10125	-2119933	1236	CDS		ATG	FF954_10125|CP040690_2119933_2118698_-1_ATG_411
CP040690	-2120000	TGA	FF954_10130	-2120668	669	CDS		TTG	FF954_10130|CP040690_2120668_2120000_-1_TTG_222
CP040690	-2120733	TGA	FF954_10135	-2121122	390	CDS		TTG	FF954_10135|CP040690_2121122_2120733_-3_TTG_129
CP040690	-2121145	TGA	FF954_10140	-2122389	1245	CDS		ATG	FF954_10140|CP040690_2122389_2121145_-2_ATG_414
CP040690	-2124068	TGA	FF954_10160	-2124280	213	CDS		ATG	FF954_10160|CP040690_2124280_2124068_-1_ATG_70
CP040690	-2124280	TGA	FF954_10165	-2124471	192	CDS		GTG	FF954_10165|CP040690_2124471_2124280_-2_GTG_63
CP040690	-2129779	TGA	FF954_10190	-2131095	1317	CDS		GTG	FF954_10190|CP040690_2131095_2129779_-2_GTG_438
CP040690	-2131145	TGA	FF954_10195	-2131567	423	CDS		GTG	FF954_10195|CP040690_2131567_2131145_-1_GTG_140
CP040690	-2131608	TAA	FF954_10200	-2132441	834	CDS		ATG	FF954_10200|CP040690_2132441_2131608_-3_ATG_277
CP040690	-2132469	TGA	FF954_10205	-2132945	477	CDS		ATG	FF954_10205|CP040690_2132945_2132469_-3_ATG_158
CP040690	-2132984	TGA	FF954_10210	-2133514	531	CDS		GTG	FF954_10210|CP040690_2133514_2132984_-1_GTG_176
CP040690	-2133526	TGA	FF954_10215	-2134125	600	CDS		TTG	FF954_10215|CP040690_2134125_2133526_-2_TTG_199
CP040690	-2134143	TGA	FF954_10220	-2135120	978	CDS		ATG	FF954_10220|CP040690_2135120_2134143_-3_ATG_325
CP040690	-2136623	TAA	FF954_10235	-2137342	720	CDS		ATG	FF954_10235|CP040690_2137342_2136623_-1_ATG_239
CP040690	-2137707	TAG	FF954_10245	-2137880	174	CDS		GTG	FF954_10245|CP040690_2137880_2137707_-3_GTG_57
CP040690	-2137924	TGA	FF954_10250	-2138280	357	CDS		ATG	FF954_10250|CP040690_2138280_2137924_-2_ATG_118
CP040690	-2138339	TGA	FF954_10255	-2138950	612	CDS		GTG	FF954_10255|CP040690_2138950_2138339_-1_GTG_203
CP040690	-2140002	TGA	FF954_10275	-2141132	1131	CDS		ATG	FF954_10275|CP040690_2141132_2140002_-3_ATG_376
CP040690	-2142799	TAA	FF954_10290	-2143710	912	CDS		ATG	FF954_10290|CP040690_2143710_2142799_-2_ATG_303
CP040690	-2143715	TGA	FF954_10295	-2144146	432	CDS		GTG	FF954_10295|CP040690_2144146_2143715_-1_GTG_143
CP040690	-2144478	TAG	FF954_10305	-2145554	1077	CDS		ATG	FF954_10305|CP040690_2145554_2144478_-3_ATG_358
CP040690	-2145554	TAA	FF954_10310	-2146942	1389	CDS		GTG	FF954_10310|CP040690_2146942_2145554_-1_GTG_462
CP040690	-2148330	TAG	FF954_10320	-2149598	1269	CDS		GTG	FF954_10320|CP040690_2149598_2148330_-3_GTG_422
CP040690	-2150757	TAA	FF954_10335	-2151719	963	CDS		GTG	FF954_10335|CP040690_2151719_2150757_-3_GTG_320
CP040690	-2151749	TAA	FF954_10340	-2152219	471	CDS		ATG	FF954_10340|CP040690_2152219_2151749_-1_ATG_156
CP040690	-2152559	TGA	FF954_10345	-2153206	648	CDS		TTG	FF954_10345|CP040690_2153206_2152559_-1_TTG_215
CP040690	-2153213	TGA	FF954_10350	-2155435	2223	CDS		GTG	FF954_10350|CP040690_2155435_2153213_-1_GTG_740
CP040690	-2155473	TGA	FF954_10355	-2155798	326	CDS	true	GTG	FF954_10355_p|CP040690_2155798_2155473_-1_GTG_108
CP040690	-2155912	TGA	FF954_10360	-2156505	594	CDS		GTG	FF954_10360|CP040690_2156505_2155912_-2_GTG_197
CP040690	-2156588	TGA	FF954_10365	-2157193	606	CDS		ATG	FF954_10365|CP040690_2157193_2156588_-1_ATG_201
CP040690	-2157293	TGA	FF954_10370	-2158296	1004	CDS	true	ATG	FF954_10370_p|CP040690_2158296_2157293_-2_ATG_334
CP040690	-2159126	TAG	FF954_10380	-2159533	408	CDS		ATG	FF954_10380|CP040690_2159533_2159126_-1_ATG_135
CP040690	-2162138	TAA	FF954_10390	-2167375	5238	CDS		ATG	FF954_10390|CP040690_2167375_2162138_-1_ATG_1745
CP040690	-2167713	TAA	FF954_10395	-2170676	2964	CDS		ATG	FF954_10395|CP040690_2170676_2167713_-3_ATG_987
CP040690	-2171125	TGA	FF954_10400	-2171589	465	CDS		ATG	FF954_10400|CP040690_2171589_2171125_-2_ATG_154
CP040690	-2172588	TGA	FF954_10410	-2173859	1272	CDS		ATG	FF954_10410|CP040690_2173859_2172588_-3_ATG_423
CP040690	-2176614	TAG	FF954_10425	-2176989	376	CDS	true	ATG	FF954_10425_p|CP040690_2176989_2176614_-2_ATG_125
CP040690	-2179016	TAG	FF954_10435	-2179495	480	CDS		ATG	FF954_10435|CP040690_2179495_2179016_-1_ATG_159
CP040690	-2180509	TAA	FF954_10445	-2181276	768	CDS		ATG	FF954_10445|CP040690_2181276_2180509_-2_ATG_255
CP040690	-2181321	TGA	FF954_10450	-2181965	645	CDS		GTG	FF954_10450|CP040690_2181965_2181321_-3_GTG_214
CP040690	-2181977	TAG	FF954_10455	-2182501	525	CDS		ATG	FF954_10455|CP040690_2182501_2181977_-1_ATG_174
CP040690	-2182519	TGA	FF954_10460	-2183298	780	CDS		GTG	FF954_10460|CP040690_2183298_2182519_-2_GTG_259
CP040690	-2183925	TAG	FF954_10470	-2185016	1092	CDS		GTG	FF954_10470|CP040690_2185016_2183925_-3_GTG_363
CP040690	-2185018	TGA	FF954_10475	-2186247	1230	CDS		GTG	FF954_10475|CP040690_2186247_2185018_-2_GTG_409
CP040690	-2186262	TGA	FF954_10480	-2187218	957	CDS		ATG	FF954_10480|CP040690_2187218_2186262_-3_ATG_318
CP040690	-2187260	TAA	FF954_10485	-2187475	216	CDS		ATG	FF954_10485|CP040690_2187475_2187260_-1_ATG_71
CP040690	-2194703	TGA	FF954_10520	-2195032	330	CDS		GTG	FF954_10520|CP040690_2195032_2194703_-1_GTG_109
CP040690	-2195029	TGA	FF954_10525	-2195406	378	CDS		GTG	FF954_10525|CP040690_2195406_2195029_-2_GTG_125
CP040690	-2195403	TGA	FF954_10530	-2195993	591	CDS		ATG	FF954_10530|CP040690_2195993_2195403_-3_ATG_196
CP040690	-2197567	TGA	FF954_10540	-2198019	453	CDS		ATG	FF954_10540|CP040690_2198019_2197567_-2_ATG_150
CP040690	-2198477	TAA	FF954_10550	-2198659	183	CDS		GTG	FF954_10550|CP040690_2198659_2198477_-1_GTG_60
CP040690	-2198773	TGA	FF954_10555	-2199123	351	CDS		ATG	FF954_10555|CP040690_2199123_2198773_-2_ATG_116
CP040690	-2199134	TGA	FF954_10560	-2200036	903	CDS		TTG	FF954_10560|CP040690_2200036_2199134_-1_TTG_300
CP040690	-2200057	TAG	FF954_10565	-2200248	192	CDS		TTG	FF954_10565|CP040690_2200248_2200057_-2_TTG_63
CP040690	-2200249	TAA	FF954_10570	-2200545	297	CDS		ATG	FF954_10570|CP040690_2200545_2200249_-2_ATG_98
CP040690	-2203077	TAG	FF954_10605	-2203691	615	CDS		ATG	FF954_10605|CP040690_2203691_2203077_-3_ATG_204
CP040690	-2203740	TGA	FF954_10610	-2204036	297	CDS		GTG	FF954_10610|CP040690_2204036_2203740_-3_GTG_98
CP040690	-2204033	TGA	FF954_10615	-2204284	252	CDS		GTG	FF954_10615|CP040690_2204284_2204033_-1_GTG_83
CP040690	-2204925	TGA	FF954_10625	-2205332	408	CDS		GTG	FF954_10625|CP040690_2205332_2204925_-3_GTG_135
CP040690	-2205336	TAG	FF954_10630	-2205608	273	CDS		GTG	FF954_10630|CP040690_2205608_2205336_-3_GTG_90
CP040690	-2205641	TAG	FF954_10635	-2206861	1221	CDS		ATG	FF954_10635|CP040690_2206861_2205641_-1_ATG_406
CP040690	-2218904	TGA	FF954_10710	-2219311	408	CDS		GTG	FF954_10710|CP040690_2219311_2218904_-1_GTG_135
CP040690	-2219374	TAG	FF954_10715	-2219652	279	CDS		GTG	FF954_10715|CP040690_2219652_2219374_-2_GTG_92
CP040690	-2219782	TAG	FF954_10720	-2220429	648	CDS		ATG	FF954_10720|CP040690_2220429_2219782_-2_ATG_215
CP040690	-2220928	TGA	FF954_10725	-2221137	210	CDS		GTG	FF954_10725|CP040690_2221137_2220928_-2_GTG_69
CP040690	-2222754	TAA	FF954_10740	-2223023	270	CDS		ATG	FF954_10740|CP040690_2223023_2222754_-3_ATG_89
CP040690	-2223101	TAG	FF954_10745	-2223280	180	CDS		GTG	FF954_10745|CP040690_2223280_2223101_-1_GTG_59
CP040690	-2226274	TAG	FF954_10765	-2227719	1446	CDS		GTG	FF954_10765|CP040690_2227719_2226274_-2_GTG_481
CP040690	-2227898	TAG	FF954_10770	-2228584	687	CDS		GTG	FF954_10770|CP040690_2228584_2227898_-1_GTG_228
CP040690	-2228775	TAA	FF954_10775	-2229743	969	CDS		ATG	FF954_10775|CP040690_2229743_2228775_-3_ATG_322
CP040690	-2229968	TAA	FF954_10780	-2230387	420	CDS		ATG	FF954_10780|CP040690_2230387_2229968_-1_ATG_139
CP040690	-2230396	TGA	FF954_10785	-2230656	261	CDS		GTG	FF954_10785|CP040690_2230656_2230396_-2_GTG_86
CP040690	-2231302	TAG	FF954_10795	-2231862	561	CDS		GTG	FF954_10795|CP040690_2231862_2231302_-2_GTG_186
CP040690	-2231859	TGA	FF954_10800	-2232200	342	CDS		ATG	FF954_10800|CP040690_2232200_2231859_-3_ATG_113
CP040690	-2232444	TAG	FF954_10810	-2232779	336	CDS		GTG	FF954_10810|CP040690_2232779_2232444_-3_GTG_111
CP040690	-2232868	TGA	FF954_10815	-2233212	345	CDS		GTG	FF954_10815|CP040690_2233212_2232868_-2_GTG_114
CP040690	-2233206	TGA	FF954_10820	-2233454	249	CDS		ATG	FF954_10820|CP040690_2233454_2233206_-3_ATG_82
CP040690	-2233554	TAG	FF954_10825	-2235869	2316	CDS		GTG	FF954_10825|CP040690_2235869_2233554_-3_GTG_771
CP040690	-2235866	TGA	FF954_10830	-2236138	273	CDS		GTG	FF954_10830|CP040690_2236138_2235866_-1_GTG_90
CP040690	-2236191	TGA	FF954_10835	-2236547	357	CDS		ATG	FF954_10835|CP040690_2236547_2236191_-3_ATG_118
CP040690	-2241508	TAA	FF954_10855	-2242284	777	CDS		ATG	FF954_10855|CP040690_2242284_2241508_-2_ATG_258
CP040690	-2242379	TAG	FF954_10860	-2243701	1323	CDS		ATG	FF954_10860|CP040690_2243701_2242379_-1_ATG_440
CP040690	-2247126	TAG	FF954_10880	-2247983	858	CDS		GTG	FF954_10880|CP040690_2247983_2247126_-3_GTG_285
CP040690	-2248041	TGA	FF954_10885	-2249537	1497	CDS		ATG	FF954_10885|CP040690_2249537_2248041_-3_ATG_498
CP040690	-2249559	TGA	FF954_10890	-2250446	888	CDS		ATG	FF954_10890|CP040690_2250446_2249559_-3_ATG_295
CP040690	-2254647	TAG	FF954_10900	-2254991	345	CDS		GTG	FF954_10900|CP040690_2254991_2254647_-3_GTG_114
CP040690	-2255180	TGA	FF954_10905	-2256505	1326	CDS		ATG	FF954_10905|CP040690_2256505_2255180_-1_ATG_441
CP040690	-2257417	TGA	FF954_10920	-2257848	432	CDS		ATG	FF954_10920|CP040690_2257848_2257417_-2_ATG_143
CP040690	-2258584	TAA	FF954_10935	-2258823	240	CDS		GTG	FF954_10935|CP040690_2258823_2258584_-2_GTG_79
CP040690	-2258820	TGA	FF954_10940	-2258999	180	CDS	true	TTC	FF954_10940_p|CP040690_2258999_2258820_-3_TTC_59
CP040690	-2260379	TAG	FF954_10955	-2261635	1257	CDS		ATG	FF954_10955|CP040690_2261635_2260379_-1_ATG_418
CP040690	-2264984	TAA	FF954_10985	-2265283	300	CDS		GTG	FF954_10985|CP040690_2265283_2264984_-1_GTG_99
CP040690	-2265368	TAG	FF954_10990	-2265673	306	CDS		ATG	FF954_10990|CP040690_2265673_2265368_-1_ATG_101
CP040690	-2265682	TAA	FF954_10995	-2266287	606	CDS		GTG	FF954_10995|CP040690_2266287_2265682_-2_GTG_201
CP040690	-2266312	TGA	FF954_11000	-2266671	360	CDS		GTG	FF954_11000|CP040690_2266671_2266312_-2_GTG_119
CP040690	-2266831	TAG	FF954_11005	-2267508	678	CDS		ATG	FF954_11005|CP040690_2267508_2266831_-2_ATG_225
CP040690	-2267460	TGA	FF954_11010	-2267696	237	CDS		ATG	FF954_11010|CP040690_2267696_2267460_-3_ATG_78
CP040690	-2267903	TGA	FF954_11015	-2268799	897	CDS		ATG	FF954_11015|CP040690_2268799_2267903_-1_ATG_298
CP040690	-2268983	TGA	FF954_11020	-2273803	4821	CDS		ATG	FF954_11020|CP040690_2273803_2268983_-1_ATG_1606
CP040690	-2274313	TGA	FF954_11025	-2275311	999	CDS		ATG	FF954_11025|CP040690_2275311_2274313_-2_ATG_332
CP040690	-2275426	TAG	FF954_11030	-2276310	885	CDS		ATG	FF954_11030|CP040690_2276310_2275426_-2_ATG_294
CP040690	-2276350	TGA	FF954_11035	-2278071	1722	CDS		GTG	FF954_11035|CP040690_2278071_2276350_-2_GTG_573
CP040690	-2278132	TGA	FF954_11040	-2278971	840	CDS		ATG	FF954_11040|CP040690_2278971_2278132_-2_ATG_279
CP040690	-2278968	TGA	FF954_11045	-2279987	1020	CDS		ATG	FF954_11045|CP040690_2279987_2278968_-3_ATG_339
CP040690	-2280004	TAG	FF954_11050	-2282049	2046	CDS		GTG	FF954_11050|CP040690_2282049_2280004_-2_GTG_681
CP040690	-2282061	TGA	FF954_11055	-2282495	435	CDS		ATG	FF954_11055|CP040690_2282495_2282061_-3_ATG_144
CP040690	-2283803	TAG	FF954_11065	-2284645	843	CDS		GTG	FF954_11065|CP040690_2284645_2283803_-1_GTG_280
CP040690	-2286310	TAG	FF954_11085	-2287284	975	CDS		GTG	FF954_11085|CP040690_2287284_2286310_-2_GTG_324
CP040690	-2287286	TAA	FF954_11090	-2288359	1074	CDS		ATG	FF954_11090|CP040690_2288359_2287286_-1_ATG_357
CP040690	-2288362	TAA	FF954_11095	-2289204	843	CDS		GTG	FF954_11095|CP040690_2289204_2288362_-2_GTG_280
CP040690	-2289191	TGA	FF954_11100	-2290093	903	CDS		ATG	FF954_11100|CP040690_2290093_2289191_-1_ATG_300
CP040690	-2290090	TGA	FF954_11105	-2291409	1320	CDS		ATG	FF954_11105|CP040690_2291409_2290090_-2_ATG_439
CP040690	-2291447	TGA	FF954_11110	-2292244	798	CDS		ATG	FF954_11110|CP040690_2292244_2291447_-1_ATG_265
CP040690	-2292244	TGA	FF954_11115	-2292804	561	CDS		ATG	FF954_11115|CP040690_2292804_2292244_-2_ATG_186
CP040690	-2292845	TAG	FF954_11120	-2293162	318	CDS		ATG	FF954_11120|CP040690_2293162_2292845_-1_ATG_105
CP040690	-2293248	TGA	FF954_11125	-2294783	1536	CDS		GTG	FF954_11125|CP040690_2294783_2293248_-3_GTG_511
CP040690	-2295525	TGA	FF954_11135	-2298089	2565	CDS		GTG	FF954_11135|CP040690_2298089_2295525_-3_GTG_854
CP040690	-2298094	TAG	FF954_11140	-2310549	12456	CDS		ATG	FF954_11140|CP040690_2310549_2298094_-2_ATG_4151
CP040690	-2310856	TAG	FF954_11145	-2311080	225	CDS		ATG	FF954_11145|CP040690_2311080_2310856_-2_ATG_74
CP040690	-2311694	TGA	FF954_11155	-2314318	2625	CDS		GTG	FF954_11155|CP040690_2314318_2311694_-1_GTG_874
CP040690	-2314476	TAG	FF954_11160	-2316080	1605	CDS		GTG	FF954_11160|CP040690_2316080_2314476_-3_GTG_534
CP040690	-2316085	TAG	FF954_11165	-2316612	528	CDS		GTG	FF954_11165|CP040690_2316612_2316085_-2_GTG_175
CP040690	-2317650	TGA	FF954_11175	-2317916	267	CDS		ATG	FF954_11175|CP040690_2317916_2317650_-3_ATG_88
CP040690	-2317917	TAG	FF954_11180	-2318222	306	CDS		GTG	FF954_11180|CP040690_2318222_2317917_-3_GTG_101
CP040690	-2318224	TGA	FF954_11185	-2318388	165	CDS		ATG	FF954_11185|CP040690_2318388_2318224_-2_ATG_54
CP040690	-2318388	TGA	FF954_11190	-2318624	237	CDS		TTG	FF954_11190|CP040690_2318624_2318388_-3_TTG_78
CP040690	-2320244	TAG	FF954_11200	-2320648	405	CDS		GTG	FF954_11200|CP040690_2320648_2320244_-1_GTG_134
CP040690	-2320732	TGA	FF954_11205	-2324316	3585	CDS		GTG	FF954_11205|CP040690_2324316_2320732_-2_GTG_1194
CP040690	-2328325	TAG	FF954_11235	-2329548	1224	CDS		GTG	FF954_11235|CP040690_2329548_2328325_-2_GTG_407
CP040690	-2329564	TAG	FF954_11240	-2330487	924	CDS		ATG	FF954_11240|CP040690_2330487_2329564_-2_ATG_307
CP040690	-2331169	TGA	FF954_11250	-2331899	731	CDS	true	GTG	FF954_11250_p|CP040690_2331899_2331169_-3_GTG_243
CP040690	-2331896	TGA	FF954_11255	-2332651	756	CDS		ATG	FF954_11255|CP040690_2332651_2331896_-1_ATG_251
CP040690	-2332648	TGA	FF954_11260	-2333820	1173	CDS		ATG	FF954_11260|CP040690_2333820_2332648_-2_ATG_390
CP040690	-2333888	TGA	FF954_11265	-2334637	750	CDS		GTG	FF954_11265|CP040690_2334637_2333888_-1_GTG_249
CP040690	-2335090	TGA	FF954_11275	-2336553	1464	CDS		ATG	FF954_11275|CP040690_2336553_2335090_-2_ATG_487
CP040690	-2336711	TGA	FF954_11280	-2336962	252	CDS		GTG	FF954_11280|CP040690_2336962_2336711_-1_GTG_83
CP040690	-2336997	TAG	FF954_11285	-2337968	972	CDS		ATG	FF954_11285|CP040690_2337968_2336997_-3_ATG_323
CP040690	-2337969	TAG	FF954_11290	-2338268	300	CDS		GTG	FF954_11290|CP040690_2338268_2337969_-3_GTG_99
CP040690	-2341739	TAG	FF954_11310	-2342178	440	CDS	true	ATG	FF954_11310_p|CP040690_2342178_2341739_-2_ATG_146
CP040690	-2349881	TAG	FF954_11350	-2351008	1128	CDS		ATG	FF954_11350|CP040690_2351008_2349881_-1_ATG_375
CP040690	-2352185	TAA	FF954_11360	-2352919	735	CDS		ATG	FF954_11360|CP040690_2352919_2352185_-1_ATG_244
CP040690	-2352961	TAG	FF954_11365	-2355681	2721	CDS		GTG	FF954_11365|CP040690_2355681_2352961_-2_GTG_906
CP040690	-2355798	TAG	FF954_11370	-2356724	927	CDS		GTG	FF954_11370|CP040690_2356724_2355798_-3_GTG_308
CP040690	-2356741	TAG	FF954_11375	-2356992	252	CDS		GTG	FF954_11375|CP040690_2356992_2356741_-2_GTG_83
CP040690	-2357060	TGA	FF954_11380	-2358010	951	CDS		ATG	FF954_11380|CP040690_2358010_2357060_-1_ATG_316
CP040690	-2358007	TGA	FF954_11385	-2359005	999	CDS		ATG	FF954_11385|CP040690_2359005_2358007_-2_ATG_332
CP040690	-2359014	TAG	FF954_11390	-2360372	1359	CDS		GTG	FF954_11390|CP040690_2360372_2359014_-3_GTG_452
CP040690	-2360424	TAA	FF954_11395	-2361899	1476	CDS		ATG	FF954_11395|CP040690_2361899_2360424_-3_ATG_491
CP040690	-2367779	TGA	FF954_11415	-2368213	435	CDS		ATG	FF954_11415|CP040690_2368213_2367779_-1_ATG_144
CP040690	-2368220	TAG	FF954_11420	-2368474	255	CDS		ATG	FF954_11420|CP040690_2368474_2368220_-1_ATG_84
CP040690	-2368490	TGA	FF954_11425	-2368747	258	CDS		ATG	FF954_11425|CP040690_2368747_2368490_-1_ATG_85
CP040690	-2371316	TGA	FF954_11445	-2372062	747	CDS		GTG	FF954_11445|CP040690_2372062_2371316_-1_GTG_248
CP040690	-2372059	TGA	FF954_11450	-2372934	876	CDS		GTG	FF954_11450|CP040690_2372934_2372059_-2_GTG_291
CP040690	-2372931	TGA	FF954_11455	-2373125	195	CDS		ATG	FF954_11455|CP040690_2373125_2372931_-3_ATG_64
CP040690	-2373238	TAA	FF954_11460	-2374902	1665	CDS		ATG	FF954_11460|CP040690_2374902_2373238_-2_ATG_554
CP040690	-2376794	TAG	FF954_11475	-2378623	1830	CDS		ATG	FF954_11475|CP040690_2378623_2376794_-1_ATG_609
CP040690	-2379803	TAG	FF954_11490	-2380645	843	CDS		GTG	FF954_11490|CP040690_2380645_2379803_-1_GTG_280
CP040690	-2381578	TGA	FF954_11500	-2382060	483	CDS		GTG	FF954_11500|CP040690_2382060_2381578_-2_GTG_160
CP040690	-2382139	TGA	FF954_11505	-2382993	855	CDS		ATG	FF954_11505|CP040690_2382993_2382139_-2_ATG_284
CP040690	-2382996	TGA	FF954_11510	-2383277	282	CDS		GTG	FF954_11510|CP040690_2383277_2382996_-3_GTG_93
CP040690	-2384822	TAA	FF954_11520	-2388400	3579	CDS		GTG	FF954_11520|CP040690_2388400_2384822_-1_GTG_1192
CP040690	-2389535	TGA	FF954_11530	-2390623	1089	CDS		CTG	FF954_11530|CP040690_2390623_2389535_-1_CTG_362
CP040690	-2392641	TAG	FF954_11545	-2393522	882	CDS		ATG	FF954_11545|CP040690_2393522_2392641_-3_ATG_293
CP040690	-2393548	TAG	FF954_11550	-2394792	1245	CDS		ATG	FF954_11550|CP040690_2394792_2393548_-2_ATG_414
CP040690	-2394850	TGA	FF954_11555	-2395653	804	CDS		GTG	FF954_11555|CP040690_2395653_2394850_-2_GTG_267
CP040690	-2396184	TAG	FF954_11565	-2396972	789	CDS		GTG	FF954_11565|CP040690_2396972_2396184_-3_GTG_262
CP040690	-2396983	TGA	FF954_11570	-2397570	588	CDS		ATG	FF954_11570|CP040690_2397570_2396983_-2_ATG_195
CP040690	-2397634	TAG	FF954_11575	-2398344	711	CDS		ATG	FF954_11575|CP040690_2398344_2397634_-2_ATG_236
CP040690	-2398341	TGA	FF954_11580	-2399171	831	CDS		ATG	FF954_11580|CP040690_2399171_2398341_-3_ATG_276
CP040690	-2399235	TAG	FF954_11585	-2399648	414	CDS		ATG	FF954_11585|CP040690_2399648_2399235_-3_ATG_137
CP040690	-2402131	TAG	FF954_11605	-2402661	531	CDS		ATG	FF954_11605|CP040690_2402661_2402131_-2_ATG_176
CP040690	-2402709	TAG	FF954_11610	-2404055	1347	CDS		GTG	FF954_11610|CP040690_2404055_2402709_-3_GTG_448
CP040690	-2404526	TGA	FF954_11620	-2404843	318	CDS		ATG	FF954_11620|CP040690_2404843_2404526_-1_ATG_105
CP040690	-2404840	TGA	FF954_11625	-2405055	216	CDS		GTG	FF954_11625|CP040690_2405055_2404840_-2_GTG_71
CP040690	-2406498	TAG	FF954_11635	-2406854	357	CDS		ATG	FF954_11635|CP040690_2406854_2406498_-3_ATG_118
CP040690	-2406949	TAG	FF954_11640	-2407731	783	CDS		ATG	FF954_11640|CP040690_2407731_2406949_-2_ATG_260
CP040690	-2407999	TGA	FF954_11645	-2408289	291	CDS		TTG	FF954_11645|CP040690_2408289_2407999_-2_TTG_96
CP040690	-2408451	TAG	FF954_11650	-2409107	657	CDS		ATG	FF954_11650|CP040690_2409107_2408451_-3_ATG_218
CP040690	-2409173	TGA	FF954_11655	-2409949	777	CDS		ATG	FF954_11655|CP040690_2409949_2409173_-1_ATG_258
CP040690	-2409955	TGA	FF954_11660	-2410707	753	CDS		TTG	FF954_11660|CP040690_2410707_2409955_-2_TTG_250
CP040690	-2410718	TGA	FF954_11665	-2411857	1140	CDS		ATG	FF954_11665|CP040690_2411857_2410718_-1_ATG_379
CP040690	-2412030	TAG	FF954_11670	-2412974	945	CDS		ATG	FF954_11670|CP040690_2412974_2412030_-3_ATG_314
CP040690	-2412971	TGA	FF954_11675	-2414455	1485	CDS		GTG	FF954_11675|CP040690_2414455_2412971_-1_GTG_494
CP040690	-2414452	TGA	FF954_11680	-2415684	1233	CDS		GTG	FF954_11680|CP040690_2415684_2414452_-2_GTG_410
CP040690	-2415681	TGA	FF954_11685	-2417255	1575	CDS		GTG	FF954_11685|CP040690_2417255_2415681_-3_GTG_524
CP040690	-2417267	TAG	FF954_11690	-2418727	1461	CDS		GTG	FF954_11690|CP040690_2418727_2417267_-1_GTG_486
CP040690	-2418729	TGA	FF954_11695	-2419808	1080	CDS		ATG	FF954_11695|CP040690_2419808_2418729_-3_ATG_359
CP040690	-2419805	TGA	FF954_11700	-2421337	1533	CDS		ATG	FF954_11700|CP040690_2421337_2419805_-1_ATG_510
CP040690	-2421334	TGA	FF954_11705	-2422941	1608	CDS		GTG	FF954_11705|CP040690_2422941_2421334_-2_GTG_535
CP040690	-2422964	TGA	FF954_11710	-2423998	1035	CDS		ATG	FF954_11710|CP040690_2423998_2422964_-1_ATG_344
CP040690	-2423995	TGA	FF954_11715	-2424615	621	CDS		ATG	FF954_11715|CP040690_2424615_2423995_-2_ATG_206
CP040690	-2424608	TAG	FF954_11720	-2425474	867	CDS		ATG	FF954_11720|CP040690_2425474_2424608_-1_ATG_288
CP040690	-2425577	TGA	FF954_11725	-2427157	1581	CDS		ATG	FF954_11725|CP040690_2427157_2425577_-1_ATG_526
CP040690	-2427367	TAG	FF954_11730	-2429406	2040	CDS		GTG	FF954_11730|CP040690_2429406_2427367_-2_GTG_679
CP040690	-2429403	TGA	FF954_11735	-2430557	1155	CDS		ATG	FF954_11735|CP040690_2430557_2429403_-3_ATG_384
CP040690	-2430554	TGA	FF954_11740	-2431744	1191	CDS		GTG	FF954_11740|CP040690_2431744_2430554_-1_GTG_396
CP040690	-2431746	TGA	FF954_11745	-2432177	432	CDS		ATG	FF954_11745|CP040690_2432177_2431746_-3_ATG_143
CP040690	-2432526	TAA	FF954_11750	-2432930	405	CDS		ATG	FF954_11750|CP040690_2432930_2432526_-3_ATG_134
CP040690	-2434592	TAG	FF954_11765	-2435497	906	CDS		GTG	FF954_11765|CP040690_2435497_2434592_-1_GTG_301
CP040690	-2438407	TGA	FF954_11780	-2438847	441	CDS		ATG	FF954_11780|CP040690_2438847_2438407_-2_ATG_146
CP040690	-2440243	TGA	FF954_11790	-2440908	666	CDS		ATG	FF954_11790|CP040690_2440908_2440243_-2_ATG_221
CP040690	-2440842	TGA	FF954_11795	-2441024	183	CDS		ATG	FF954_11795|CP040690_2441024_2440842_-3_ATG_60
CP040690	-2441293	TAG	FF954_11800	-2442681	1389	CDS		ATG	FF954_11800|CP040690_2442681_2441293_-2_ATG_462
CP040690	-2442772	TGA	FF954_11805	-2443278	507	CDS		GTG	FF954_11805|CP040690_2443278_2442772_-2_GTG_168
CP040690	-2443288	TAG	FF954_11810	-2444175	888	CDS		TTG	FF954_11810|CP040690_2444175_2443288_-2_TTG_295
CP040690	-2445547	TAG	FF954_11820	-2446290	744	CDS		ATG	FF954_11820|CP040690_2446290_2445547_-2_ATG_247
CP040690	-2446376	TGA	FF954_11825	-2446771	396	CDS		GTG	FF954_11825|CP040690_2446771_2446376_-1_GTG_131
CP040690	-2446768	TGA	FF954_11830	-2447997	1230	CDS		ATC	FF954_11830|CP040690_2447997_2446768_-2_ATC_409
CP040690	-2448027	TGA	FF954_11835	-2448461	435	CDS		GTG	FF954_11835|CP040690_2448461_2448027_-3_GTG_144
CP040690	-2448566	TAA	FF954_11840	-2448955	390	CDS		ATG	FF954_11840|CP040690_2448955_2448566_-1_ATG_129
CP040690	-2450954	TGA	FF954_11850	-2452111	1158	CDS		GTG	FF954_11850|CP040690_2452111_2450954_-1_GTG_385
CP040690	-2452208	TAG	FF954_11855	-2452985	778	CDS	true	GTG	FF954_11855_p|CP040690_2452985_2452208_-3_GTG_259
CP040690	-2453080	TGA	FF954_11860	-2454237	1158	CDS		TTG	FF954_11860|CP040690_2454237_2453080_-2_TTG_385
CP040690	-2454423	TAA	FF954_11865	-2454674	252	CDS		ATG	FF954_11865|CP040690_2454674_2454423_-3_ATG_83
CP040690	-2456596	TGA	FF954_11875	-2457708	1113	CDS		GTG	FF954_11875|CP040690_2457708_2456596_-2_GTG_370
CP040690	-2462526	TAG	FF954_11900	-2463170	645	CDS		ATG	FF954_11900|CP040690_2463170_2462526_-3_ATG_214
CP040690	-2463170	TGA	FF954_11905	-2464069	900	CDS		ATG	FF954_11905|CP040690_2464069_2463170_-1_ATG_299
CP040690	-2464255	TGA	FF954_11910	-2464674	420	CDS		ATG	FF954_11910|CP040690_2464674_2464255_-2_ATG_139
CP040690	-2464682	TAG	FF954_11915	-2465773	1092	CDS		GTG	FF954_11915|CP040690_2465773_2464682_-1_GTG_363
CP040690	-2468075	TAG	FF954_11925	-2469049	975	CDS		GTG	FF954_11925|CP040690_2469049_2468075_-1_GTG_324
CP040690	-2469953	TGA	FF954_11935	-2470309	357	CDS		ATG	FF954_11935|CP040690_2470309_2469953_-1_ATG_118
CP040690	-2470409	TGA	FF954_11940	-2471485	1077	CDS		ATG	FF954_11940|CP040690_2471485_2470409_-1_ATG_358
CP040690	-2475886	TAG	FF954_11965	-2476992	1107	CDS		ATG	FF954_11965|CP040690_2476992_2475886_-2_ATG_368
CP040690	-2477064	TGA	FF954_11970	-2478203	1140	CDS		GTG	FF954_11970|CP040690_2478203_2477064_-3_GTG_379
CP040690	-2480945	TAA	FF954_11985	-2482723	1779	CDS		ATG	FF954_11985|CP040690_2482723_2480945_-1_ATG_592
CP040690	-2488016	TGA	FF954_12015	-2488438	423	CDS		ATG	FF954_12015|CP040690_2488438_2488016_-1_ATG_140
CP040690	-2490391	TGA	FF954_12025	-2493375	2985	CDS		GTG	FF954_12025|CP040690_2493375_2490391_-2_GTG_994
CP040690	-2493424	TAG	FF954_12030	-2494764	1341	CDS		ATG	FF954_12030|CP040690_2494764_2493424_-2_ATG_446
CP040690	-2494859	TGA	FF954_12035	-2496421	1563	CDS		ATG	FF954_12035|CP040690_2496421_2494859_-1_ATG_520
CP040690	-2496483	TAG	FF954_12040	-2498045	1563	CDS		GTG	FF954_12040|CP040690_2498045_2496483_-3_GTG_520
CP040690	-2498247	TGA	FF954_12045	-2498468	222	CDS		CTG	FF954_12045|CP040690_2498468_2498247_-3_CTG_73
CP040690	-2502667	TAG	FF954_12070	-2503761	1095	CDS		GTG	FF954_12070|CP040690_2503761_2502667_-2_GTG_364
CP040690	-2503758	TGA	FF954_12075	-2504495	738	CDS		ATG	FF954_12075|CP040690_2504495_2503758_-3_ATG_245
CP040690	-2504492	TGA	FF954_12080	-2505631	1140	CDS		ATG	FF954_12080|CP040690_2505631_2504492_-1_ATG_379
CP040690	-2505628	TGA	FF954_12085	-2506722	1095	CDS		GTG	FF954_12085|CP040690_2506722_2505628_-2_GTG_364
CP040690	-2506759	TGA	FF954_12090	-2507184	426	CDS		TTG	FF954_12090|CP040690_2507184_2506759_-2_TTG_141
CP040690	-2507105	TGA	FF954_12095	-2507385	281	CDS	true	ATG	FF954_12095_p|CP040690_2507385_2507105_-2_ATG_93
CP040690	-2509457	TAG	FF954_12115	-2510398	942	CDS		GTG	FF954_12115|CP040690_2510398_2509457_-1_GTG_313
CP040690	-2511374	TAG	FF954_12125	-2511610	237	CDS		GTG	FF954_12125|CP040690_2511610_2511374_-1_GTG_78
CP040690	-2511738	TAA	FF954_12135	-2512199	462	CDS		ATG	FF954_12135|CP040690_2512199_2511738_-3_ATG_153
CP040690	-2512199	TGA	FF954_12140	-2512675	477	CDS		ATG	FF954_12140|CP040690_2512675_2512199_-1_ATG_158
CP040690	-2512713	TGA	FF954_12145	-2513303	591	CDS		GTG	FF954_12145|CP040690_2513303_2512713_-3_GTG_196
CP040690	-2524267	TGA	FF954_12190	-2525817	1551	CDS		GTG	FF954_12190|CP040690_2525817_2524267_-2_GTG_516
CP040690	-2525811	TGA	FF954_12195	-2526380	570	CDS		ATG	FF954_12195|CP040690_2526380_2525811_-3_ATG_189
CP040690	-2529545	TGA	FF954_12215	-2530000	456	CDS		TTG	FF954_12215|CP040690_2530000_2529545_-1_TTG_151
CP040690	-2530005	TAG	FF954_12220	-2530199	195	CDS		GTG	FF954_12220|CP040690_2530199_2530005_-3_GTG_64
CP040690	-2530366	TAA	FF954_12230	-2530878	513	CDS		ATG	FF954_12230|CP040690_2530878_2530366_-2_ATG_170
CP040690	-2531029	TAG	FF954_12235	-2531847	819	CDS		ATG	FF954_12235|CP040690_2531847_2531029_-2_ATG_272
CP040690	-2531861	TGA	FF954_12240	-2532922	1062	CDS		ATG	FF954_12240|CP040690_2532922_2531861_-1_ATG_353
CP040690	-2533012	TGA	FF954_12245	-2533134	123	CDS	true	ATG	FF954_12245_p|CP040690_2533134_2533012_-2_ATG_40
CP040690	-2535014	TAG	FF954_12260	-2536522	1509	CDS		ATG	FF954_12260|CP040690_2536522_2535014_-1_ATG_502
CP040690	-2537542	TGA	FF954_12270	-2539320	1779	CDS		ATG	FF954_12270|CP040690_2539320_2537542_-2_ATG_592
CP040690	-2542614	TGA	FF954_12285	-2543780	1167	CDS		ATG	FF954_12285|CP040690_2543780_2542614_-3_ATG_388
CP040690	-2543793	CCC	FF954_12290	-2545247	1455	CDS	true	ATG	FF954_12290_p|CP040690_2545247_2543793_-3_ATG_485
CP040690	-2545260	TGA	FF954_12295	-2545592	333	CDS		GTG	FF954_12295|CP040690_2545592_2545260_-3_GTG_110
CP040690	-2547459	TAG	FF954_12320	-2547776	318	CDS		ATG	FF954_12320|CP040690_2547776_2547459_-3_ATG_105
CP040690	-2550096	TAA	FF954_12335	-2550995	900	CDS		ATG	FF954_12335|CP040690_2550995_2550096_-3_ATG_299
CP040690	-2554552	TAG	FF954_12350	-2555490	939	CDS		ATG	FF954_12350|CP040690_2555490_2554552_-2_ATG_312
CP040690	-2558491	TGA	FF954_12370	-2559183	693	CDS		ATG	FF954_12370|CP040690_2559183_2558491_-2_ATG_230
CP040690	-2563643	TGA	FF954_12400	-2564647	1005	CDS		GTG	FF954_12400|CP040690_2564647_2563643_-1_GTG_334
CP040690	-2569675	TAG	FF954_12435	-2571618	1944	CDS		ATG	FF954_12435|CP040690_2571618_2569675_-2_ATG_647
CP040690	-2571692	TAG	FF954_12440	-2572624	933	CDS		ATG	FF954_12440|CP040690_2572624_2571692_-1_ATG_310
CP040690	-2573712	TGA	FF954_12455	-2574635	924	CDS		ATG	FF954_12455|CP040690_2574635_2573712_-3_ATG_307
CP040690	-2574632	TGA	FF954_12460	-2574841	210	CDS		ATG	FF954_12460|CP040690_2574841_2574632_-1_ATG_69
CP040690	-2575224	TAA	FF954_12465	-2575403	180	CDS		GTG	FF954_12465|CP040690_2575403_2575224_-3_GTG_59
CP040690	-2577467	TGA	FF954_12480	-2578312	846	CDS		ATG	FF954_12480|CP040690_2578312_2577467_-1_ATG_281
CP040690	-2578469	TGA	FF954_12485	-2578813	345	CDS		ATG	FF954_12485|CP040690_2578813_2578469_-1_ATG_114
CP040690	-2578844	TAG	FF954_12490	-2579035	192	CDS		GTG	FF954_12490|CP040690_2579035_2578844_-1_GTG_63
CP040690	-2579120	TGA	FF954_12495	-2579551	432	CDS		GTG	FF954_12495|CP040690_2579551_2579120_-1_GTG_143
CP040690	-2579644	TAG	FF954_12500	-2579826	183	CDS		ATG	FF954_12500|CP040690_2579826_2579644_-2_ATG_60
CP040690	-2581459	TAG	FF954_12520	-2581914	456	CDS		GTG	FF954_12520|CP040690_2581914_2581459_-2_GTG_151
CP040690	-2581931	TGA	FF954_12525	-2582056	126	CDS		GTG	FF954_12525|CP040690_2582056_2581931_-1_GTG_41
CP040690	-2582443	TGA	FF954_12530	-2582607	165	CDS		GTG	FF954_12530|CP040690_2582607_2582443_-2_GTG_54
CP040690	-2584668	TGA	FF954_12555	-2585522	855	CDS		GTG	FF954_12555|CP040690_2585522_2584668_-3_GTG_284
CP040690	-2585533	TAG	FF954_12560	-2586906	1374	CDS		ATG	FF954_12560|CP040690_2586906_2585533_-2_ATG_457
CP040690	-2586903	TGA	FF954_12565	-2588420	1518	CDS		GTG	FF954_12565|CP040690_2588420_2586903_-3_GTG_505
CP040690	-2591464	TAG	FF954_12585	-2592341	878	CDS	true	GTG	FF954_12585_p|CP040690_2592341_2591464_-3_GTG_292
CP040690	-2592338	TGA	FF954_12590	-2593768	1431	CDS		TTG	FF954_12590|CP040690_2593768_2592338_-1_TTG_476
CP040690	-2593769	TAA	FF954_12595	-2594314	546	CDS		ATG	FF954_12595|CP040690_2594314_2593769_-1_ATG_181
CP040690	-2594314	TGA	FF954_12600	-2594979	666	CDS		ATG	FF954_12600|CP040690_2594979_2594314_-2_ATG_221
CP040690	-2594976	TGA	FF954_12605	-2595884	909	CDS		ATG	FF954_12605|CP040690_2595884_2594976_-3_ATG_302
CP040690	-2596624	TAG	FF954_12615	-2597472	849	CDS		ATG	FF954_12615|CP040690_2597472_2596624_-2_ATG_282
CP040690	-2597469	TGA	FF954_12620	-2599562	2094	CDS		ATG	FF954_12620|CP040690_2599562_2597469_-3_ATG_697
CP040690	-2601529	TAA	FF954_12640	-2603076	1548	CDS		ATG	FF954_12640|CP040690_2603076_2601529_-2_ATG_515
CP040690	-2603310	TAG	FF954_12645	-2603837	528	CDS		GTG	FF954_12645|CP040690_2603837_2603310_-3_GTG_175
CP040690	-2606366	TAG	FF954_12665	-2607937	1572	CDS		ATG	FF954_12665|CP040690_2607937_2606366_-1_ATG_523
CP040690	-2611485	TAA	FF954_12685	-2612603	1119	CDS		ATG	FF954_12685|CP040690_2612603_2611485_-3_ATG_372
CP040690	-2612723	TAG	FF954_12690	-2613532	810	CDS		ATG	FF954_12690|CP040690_2613532_2612723_-1_ATG_269
CP040690	-2613510	TGA	FF954_12695	-2613665	156	CDS		TTG	FF954_12695|CP040690_2613665_2613510_-3_TTG_51
CP040690	-2614976	GGG	FF954_12705	-2615122	147	CDS	true	ATG	FF954_12705_p|CP040690_2615122_2614976_-1_ATG_49
CP040690	-2618726	TGA	FF954_12725	-2619967	1242	CDS		ATG	FF954_12725|CP040690_2619967_2618726_-1_ATG_413
CP040690	-2621592	TGA	FF954_12745	-2623511	1920	CDS		ATG	FF954_12745|CP040690_2623511_2621592_-3_ATG_639
CP040690	-2623516	TGA	FF954_12750	-2624811	1296	CDS		GTG	FF954_12750|CP040690_2624811_2623516_-2_GTG_431
CP040690	-2626947	TGA	FF954_12760	-2627231	285	CDS		ATG	FF954_12760|CP040690_2627231_2626947_-3_ATG_94
CP040690	-2627282	TAA	FF954_12765	-2627578	297	CDS		ATG	FF954_12765|CP040690_2627578_2627282_-1_ATG_98
CP040690	-2627713	TAG	FF954_12770	-2628039	327	CDS		GTG	FF954_12770|CP040690_2628039_2627713_-2_GTG_108
CP040690	-2628231	TAG	FF954_12775	-2629757	1527	CDS		ATG	FF954_12775|CP040690_2629757_2628231_-3_ATG_508
CP040690	-2629840	TGA	FF954_12780	-2631380	1541	CDS	true	ATG	FF954_12780_p|CP040690_2631380_2629840_-3_ATG_513
CP040690	-2631598	TGA	FF954_12785	-2633136	1539	CDS		ATG	FF954_12785|CP040690_2633136_2631598_-2_ATG_512
CP040690	-2633985	TAG	FF954_12790	-2635160	1176	CDS		ATG	FF954_12790|CP040690_2635160_2633985_-3_ATG_391
CP040690	-2635362	TAG	FF954_12795	-2635646	285	CDS		ATG	FF954_12795|CP040690_2635646_2635362_-3_ATG_94
CP040690	-2635661	TAG	FF954_12800	-2635957	297	CDS		GTG	FF954_12800|CP040690_2635957_2635661_-1_GTG_98
CP040690	-2636049	TAG	FF954_12805	-2637224	1176	CDS		ATG	FF954_12805|CP040690_2637224_2636049_-3_ATG_391
CP040690	-2637654	TAG	FF954_12810	-2639522	1869	CDS		GTG	FF954_12810|CP040690_2639522_2637654_-3_GTG_622
CP040690	-2640260	TAG	FF954_12820	-2642107	1848	CDS		GTG	FF954_12820|CP040690_2642107_2640260_-1_GTG_615
CP040690	-2642245	TAG	FF954_12825	-2643636	1392	CDS		GTG	FF954_12825|CP040690_2643636_2642245_-2_GTG_463
CP040690	-2644722	TAG	FF954_12845	-2645150	429	CDS		GTG	FF954_12845|CP040690_2645150_2644722_-3_GTG_142
CP040690	-2645150	TAG	FF954_12850	-2646040	891	CDS		GTG	FF954_12850|CP040690_2646040_2645150_-1_GTG_296
CP040690	-2646033	TAG	FF954_12855	-2646830	798	CDS		ATG	FF954_12855|CP040690_2646830_2646033_-3_ATG_265
CP040690	-2648343	TAG	FF954_12865	-2649245	903	CDS		ATG	FF954_12865|CP040690_2649245_2648343_-3_ATG_300
CP040690	-2649319	TGA	FF954_12870	-2649660	342	CDS		ATG	FF954_12870|CP040690_2649660_2649319_-2_ATG_113
CP040690	-2649632	TGA	FF954_12875	-2650939	1308	CDS		TTG	FF954_12875|CP040690_2650939_2649632_-1_TTG_435
CP040690	-2650936	TGA	FF954_12880	-2651469	534	CDS		ATG	FF954_12880|CP040690_2651469_2650936_-2_ATG_177
CP040690	-2651488	TGA	FF954_12885	-2652546	1059	CDS		GTG	FF954_12885|CP040690_2652546_2651488_-2_GTG_352
CP040690	-2652518	TGA	FF954_12890	-2652820	303	CDS		GTG	FF954_12890|CP040690_2652820_2652518_-1_GTG_100
CP040690	-2652817	TGA	FF954_12895	-2654130	1314	CDS		GTG	FF954_12895|CP040690_2654130_2652817_-2_GTG_437
CP040690	-2654609	TAG	FF954_12905	-2655397	789	CDS		ATG	FF954_12905|CP040690_2655397_2654609_-1_ATG_262
CP040690	-2655411	TAA	FF954_12910	-2656559	1149	CDS		GTG	FF954_12910|CP040690_2656559_2655411_-3_GTG_382
CP040690	-2656634	TGA	FF954_12915	-2657665	1032	CDS		ATG	FF954_12915|CP040690_2657665_2656634_-1_ATG_343
CP040690	-2658181	TGA	FF954_12925	-2658687	507	CDS		ATG	FF954_12925|CP040690_2658687_2658181_-2_ATG_168
CP040690	-2658787	TGA	FF954_12930	-2659002	216	CDS		GTG	FF954_12930|CP040690_2659002_2658787_-2_GTG_71
CP040690	-2658980	TGA	FF954_12935	-2660275	1296	CDS		ATG	FF954_12935|CP040690_2660275_2658980_-1_ATG_431
CP040690	-2660272	TGA	FF954_12940	-2664657	4386	CDS		ATG	FF954_12940|CP040690_2664657_2660272_-2_ATG_1461
CP040690	-2664639	TGA	FF954_12945	-2669834	5196	CDS		GTG	FF954_12945|CP040690_2669834_2664639_-3_GTG_1731
CP040690	-2669827	TAA	FF954_12950	-2672841	3015	CDS		ATG	FF954_12950|CP040690_2672841_2669827_-2_ATG_1004
CP040690	-2672841	TGA	FF954_12955	-2674175	1335	CDS		ATG	FF954_12955|CP040690_2674175_2672841_-3_ATG_444
CP040690	-2674165	TAA	FF954_12960	-2678409	4245	CDS		GTG	FF954_12960|CP040690_2678409_2674165_-2_GTG_1414
CP040690	-2681225	TAA	FF954_12975	-2682577	1353	CDS		GTG	FF954_12975|CP040690_2682577_2681225_-1_GTG_450
CP040690	-2684587	TAA	FF954_12990	-2685759	1173	CDS		ATG	FF954_12990|CP040690_2685759_2684587_-2_ATG_390
CP040690	-2685820	TGA	FF954_12995	-2686284	465	CDS		ATG	FF954_12995|CP040690_2686284_2685820_-2_ATG_154
CP040690	-2686281	TGA	FF954_13000	-2686838	558	CDS		ATG	FF954_13000|CP040690_2686838_2686281_-3_ATG_185
CP040690	-2696534	TGA	FF954_13050	-2697589	1056	CDS		ATG	FF954_13050|CP040690_2697589_2696534_-1_ATG_351
CP040690	-2697606	TGA	FF954_13055	-2698424	819	CDS		ATG	FF954_13055|CP040690_2698424_2697606_-3_ATG_272
CP040690	-2698421	TGA	FF954_13060	-2699272	852	CDS		ATG	FF954_13060|CP040690_2699272_2698421_-1_ATG_283
CP040690	-2699269	TGA	FF954_13065	-2700339	1071	CDS		ATG	FF954_13065|CP040690_2700339_2699269_-2_ATG_356
CP040690	-2700667	TAG	FF954_13075	-2700870	204	CDS		GTG	FF954_13075|CP040690_2700870_2700667_-2_GTG_67
CP040690	-2703160	TGA	FF954_13085	-2703915	756	CDS		GTG	FF954_13085|CP040690_2703915_2703160_-2_GTG_251
CP040690	-2703912	TGA	FF954_13090	-2705873	1962	CDS		GTG	FF954_13090|CP040690_2705873_2703912_-3_GTG_653
CP040690	-2706634	TGA	FF954_13100	-2707062	429	CDS		ATG	FF954_13100|CP040690_2707062_2706634_-2_ATG_142
CP040690	-2708132	TAG	FF954_13110	-2708350	219	CDS		GTG	FF954_13110|CP040690_2708350_2708132_-1_GTG_72
CP040690	-2709140	TAG	FF954_13125	-2709979	840	CDS		ATG	FF954_13125|CP040690_2709979_2709140_-1_ATG_279
CP040690	-2709979	TGA	FF954_13130	-2710956	978	CDS		ATG	FF954_13130|CP040690_2710956_2709979_-2_ATG_325
CP040690	-2710956	TGA	FF954_13135	-2712611	1656	CDS		ATG	FF954_13135|CP040690_2712611_2710956_-3_ATG_551
CP040690	-2712997	TGA	FF954_13145	-2713947	951	CDS		TTG	FF954_13145|CP040690_2713947_2712997_-2_TTG_316
CP040690	-2713978	TGA	FF954_13150	-2715522	1545	CDS		ATG	FF954_13150|CP040690_2715522_2713978_-2_ATG_514
CP040690	-2715537	TGA	FF954_13155	-2716430	894	CDS		ATG	FF954_13155|CP040690_2716430_2715537_-3_ATG_297
CP040690	-2716770	TGA	FF954_13160	-2717996	1227	CDS		ATG	FF954_13160|CP040690_2717996_2716770_-3_ATG_408
CP040690	-2718118	TAA	FF954_13165	-2718960	843	CDS		GTG	FF954_13165|CP040690_2718960_2718118_-2_GTG_280
CP040690	-2719041	TGA	FF954_13170	-2719784	744	CDS		ATG	FF954_13170|CP040690_2719784_2719041_-3_ATG_247
CP040690	-2719774	TAG	FF954_13175	-2720445	672	CDS		ATG	FF954_13175|CP040690_2720445_2719774_-2_ATG_223
CP040690	-2720442	TGA	FF954_13180	-2720822	381	CDS		ATG	FF954_13180|CP040690_2720822_2720442_-3_ATG_126
CP040690	-2720819	TGA	FF954_13185	-2721454	636	CDS		ATG	FF954_13185|CP040690_2721454_2720819_-1_ATG_211
CP040690	-2721490	TAA	FF954_13190	-2721693	204	CDS		ATG	FF954_13190|CP040690_2721693_2721490_-2_ATG_67
CP040690	-2723422	TGA	FF954_13205	-2724423	1002	CDS		GTG	FF954_13205|CP040690_2724423_2723422_-2_GTG_333
CP040690	-2724512	TAG	FF954_13210	-2725954	1443	CDS		GTG	FF954_13210|CP040690_2725954_2724512_-1_GTG_480
CP040690	-2725954	TAG	FF954_13215	-2726829	876	CDS		GTG	FF954_13215|CP040690_2726829_2725954_-2_GTG_291
CP040690	-2726856	TGA	FF954_13220	-2728103	1248	CDS		ATG	FF954_13220|CP040690_2728103_2726856_-3_ATG_415
CP040690	-2728186	TAG	FF954_13225	-2728491	306	CDS		CTG	FF954_13225|CP040690_2728491_2728186_-2_CTG_101
CP040690	-2728492	TGA	FF954_13230	-2728686	195	CDS		GTG	FF954_13230|CP040690_2728686_2728492_-2_GTG_64
CP040690	-2729962	TAG	FF954_13245	-2730546	585	CDS		ATG	FF954_13245|CP040690_2730546_2729962_-2_ATG_194
CP040690	-2730593	TAA	FF954_13250	-2730892	300	CDS		ATG	FF954_13250|CP040690_2730892_2730593_-1_ATG_99
CP040690	-2731063	TGA	FF954_13255	-2731473	411	CDS		ATG	FF954_13255|CP040690_2731473_2731063_-2_ATG_136
CP040690	-2731470	TGA	FF954_13260	-2731760	291	CDS		GTG	FF954_13260|CP040690_2731760_2731470_-3_GTG_96
CP040690	-2731741	TGA	FF954_13265	-2733186	1446	CDS		ATG	FF954_13265|CP040690_2733186_2731741_-2_ATG_481
CP040690	-2733183	TGA	FF954_13270	-2735375	2193	CDS		TTG	FF954_13270|CP040690_2735375_2733183_-3_TTG_730
CP040690	-2735519	TGA	FF954_13275	-2735722	204	CDS		ATG	FF954_13275|CP040690_2735722_2735519_-1_ATG_67
CP040690	-2736825	TAA	FF954_13285	-2737028	204	CDS		TTG	FF954_13285|CP040690_2737028_2736825_-3_TTG_67
CP040690	-2737418	TAG	FF954_13295	-2739457	2040	CDS		ATG	FF954_13295|CP040690_2739457_2737418_-1_ATG_679
CP040690	-2739743	TAG	FF954_13300	-2740873	1131	CDS		ATG	FF954_13300|CP040690_2740873_2739743_-1_ATG_376
CP040690	-2740873	TGA	FF954_13305	-2742312	1440	CDS		GTG	FF954_13305|CP040690_2742312_2740873_-2_GTG_479
CP040690	-2742398	TGA	FF954_13310	-2742658	261	CDS		ATG	FF954_13310|CP040690_2742658_2742398_-1_ATG_86
CP040690	-2742673	TAA	FF954_13315	-2742984	312	CDS		ATG	FF954_13315|CP040690_2742984_2742673_-2_ATG_103
CP040690	-2743154	TGA	FF954_13320	-2743384	231	CDS		TTG	FF954_13320|CP040690_2743384_2743154_-1_TTG_76
CP040690	-2744749	TGA	FF954_13330	-2747610	2862	CDS		GTG	FF954_13330|CP040690_2747610_2744749_-2_GTG_953
CP040690	-2747940	TAG	FF954_13335	-2748350	411	CDS		GTG	FF954_13335|CP040690_2748350_2747940_-3_GTG_136
CP040690	-2748393	TGA	FF954_13340	-2748764	372	CDS		ATG	FF954_13340|CP040690_2748764_2748393_-3_ATG_123
CP040690	-2748761	TGA	FF954_13345	-2750224	1464	CDS		ATG	FF954_13345|CP040690_2750224_2748761_-1_ATG_487
CP040690	-2750221	TGA	FF954_13350	-2752851	2631	CDS		ATG	FF954_13350|CP040690_2752851_2750221_-2_ATG_876
CP040690	-2752939	TGA	FF954_13355	-2754198	1260	CDS		GTG	FF954_13355|CP040690_2754198_2752939_-2_GTG_419
CP040690	-2754288	TGA	FF954_13360	-2754806	519	CDS		TTG	FF954_13360|CP040690_2754806_2754288_-3_TTG_172
CP040690	-2755474	TGA	FF954_13370	-2755620	147	CDS		GTG	FF954_13370|CP040690_2755620_2755474_-2_GTG_48
CP040690	-2755644	TAA	FF954_13375	-2756249	606	CDS		GTG	FF954_13375|CP040690_2756249_2755644_-3_GTG_201
CP040690	-2756251	TGA	FF954_13380	-2757372	1122	CDS		ATG	FF954_13380|CP040690_2757372_2756251_-2_ATG_373
CP040690	-2757369	TGA	FF954_13385	-2759330	1962	CDS		GTG	FF954_13385|CP040690_2759330_2757369_-3_GTG_653
CP040690	-2759562	TGA	FF954_13390	-2760818	1257	CDS		ATG	FF954_13390|CP040690_2760818_2759562_-3_ATG_418
CP040690	-2760834	TAG	FF954_13395	-2762114	1281	CDS		ATG	FF954_13395|CP040690_2762114_2760834_-3_ATG_426
CP040690	-2765157	TGA	FF954_13410	-2765801	645	CDS		GTG	FF954_13410|CP040690_2765801_2765157_-3_GTG_214
CP040690	-2765798	TGA	FF954_13415	-2766400	603	CDS		GTG	FF954_13415|CP040690_2766400_2765798_-1_GTG_200
CP040690	-2766517	TGA	FF954_13420	-2767917	1401	CDS		GTG	FF954_13420|CP040690_2767917_2766517_-2_GTG_466
CP040690	-2769485	TGA	FF954_13440	-2770291	807	CDS		GTG	FF954_13440|CP040690_2770291_2769485_-1_GTG_268
CP040690	-2770297	TGA	FF954_13445	-2770785	489	CDS		ATG	FF954_13445|CP040690_2770785_2770297_-2_ATG_162
CP040690	-2770887	TAG	FF954_13450	-2771510	624	CDS		ATG	FF954_13450|CP040690_2771510_2770887_-3_ATG_207
CP040690	-2774270	TGA	FF954_13460	-2774773	504	CDS		ATG	FF954_13460|CP040690_2774773_2774270_-1_ATG_167
CP040690	-2774724	TGA	FF954_13465	-2774957	234	CDS		ATG	FF954_13465|CP040690_2774957_2774724_-3_ATG_77
CP040690	-2774993	TGA	FF954_13470	-2775661	669	CDS		ATG	FF954_13470|CP040690_2775661_2774993_-1_ATG_222
CP040690	-2778942	TGA	FF954_13495	-2779595	654	CDS		GTG	FF954_13495|CP040690_2779595_2778942_-3_GTG_217
CP040690	-2779601	TAG	FF954_13500	-2780017	417	CDS		GTG	FF954_13500|CP040690_2780017_2779601_-1_GTG_138
CP040690	-2780014	TGA	FF954_13505	-2784888	4875	CDS		ATG	FF954_13505|CP040690_2784888_2780014_-2_ATG_1624
CP040690	-2784992	TAA	FF954_13510	-2786668	1677	CDS		ATG	FF954_13510|CP040690_2786668_2784992_-1_ATG_558
CP040690	-2786749	TAG	FF954_13515	-2787255	507	CDS		ATG	FF954_13515|CP040690_2787255_2786749_-2_ATG_168
CP040690	-2787843	TAG	FF954_13525	-2788166	324	CDS		GTG	FF954_13525|CP040690_2788166_2787843_-3_GTG_107
CP040690	-2788182	TAA	FF954_13530	-2790551	2370	CDS		GTG	FF954_13530|CP040690_2790551_2788182_-3_GTG_789
CP040690	-2790548	TGA	FF954_13535	-2792290	1743	CDS		ATG	FF954_13535|CP040690_2792290_2790548_-1_ATG_580
CP040690	-2792287	TGA	FF954_13540	-2793762	1476	CDS		ATG	FF954_13540|CP040690_2793762_2792287_-2_ATG_491
CP040690	-2793991	TGA	FF954_13545	-2795256	1266	CDS		ATG	FF954_13545|CP040690_2795256_2793991_-2_ATG_421
CP040690	-2796569	TAG	FF954_13560	-2798652	2084	CDS	true	GTG	FF954_13560_p|CP040690_2798652_2796569_-2_GTG_694
CP040690	-2798734	TAG	FF954_13565	-2802142	3409	CDS	true	ATG	FF954_13565_p|CP040690_2802142_2798734_-1_ATG_1136
CP040690	-2802108	TAG	FF954_13570	-2802407	300	CDS		TTG	FF954_13570|CP040690_2802407_2802108_-3_TTG_99
CP040690	-2802516	TAG	FF954_13575	-2807498	4983	CDS		ATG	FF954_13575|CP040690_2807498_2802516_-3_ATG_1660
CP040690	-2807585	TAG	FF954_13580	-2807791	207	CDS		GTG	FF954_13580|CP040690_2807791_2807585_-1_GTG_68
CP040690	-2810020	TAG	FF954_13605	-2811201	1182	CDS		ATG	FF954_13605|CP040690_2811201_2810020_-2_ATG_393
CP040690	-2811198	TGA	FF954_13610	-2812244	1047	CDS		ATG	FF954_13610|CP040690_2812244_2811198_-3_ATG_348
CP040690	-2812255	TGA	FF954_13615	-2813358	1104	CDS		ATG	FF954_13615|CP040690_2813358_2812255_-2_ATG_367
CP040690	-2813617	TGA	FF954_13620	-2814438	822	CDS		ATG	FF954_13620|CP040690_2814438_2813617_-2_ATG_273
CP040690	-2814435	TGA	FF954_13625	-2814992	558	CDS		GTG	FF954_13625|CP040690_2814992_2814435_-3_GTG_185
CP040690	-2814989	TGA	FF954_13630	-2816173	1185	CDS		ATG	FF954_13630|CP040690_2816173_2814989_-1_ATG_394
CP040690	-2816178	TAG	FF954_13635	-2818142	1965	CDS		ATG	FF954_13635|CP040690_2818142_2816178_-3_ATG_654
CP040690	-2818147	TGA	FF954_13640	-2819736	1590	CDS		GTG	FF954_13640|CP040690_2819736_2818147_-2_GTG_529
CP040690	-2819733	TGA	FF954_13645	-2820389	657	CDS		ATG	FF954_13645|CP040690_2820389_2819733_-3_ATG_218
CP040690	-2820386	TGA	FF954_13650	-2821132	747	CDS		ATG	FF954_13650|CP040690_2821132_2820386_-1_ATG_248
CP040690	-2821215	TGA	FF954_13655	-2822858	1644	CDS		GTG	FF954_13655|CP040690_2822858_2821215_-3_GTG_547
CP040690	-2824518	TAG	FF954_13670	-2825855	1338	CDS		ATG	FF954_13670|CP040690_2825855_2824518_-3_ATG_445
CP040690	-2826750	TGA	FF954_13680	-2828351	1602	CDS		ATG	FF954_13680|CP040690_2828351_2826750_-3_ATG_533
CP040690	-2829818	TAG	FF954_13700	-2831065	1248	CDS		ATG	FF954_13700|CP040690_2831065_2829818_-1_ATG_415
CP040690	-2832139	TGA	FF954_13725	-2832600	462	CDS		GTG	FF954_13725|CP040690_2832600_2832139_-2_GTG_153
CP040690	-2832606	TAA	FF954_13730	-2833853	1248	CDS		GTG	FF954_13730|CP040690_2833853_2832606_-3_GTG_415
CP040690	-2833972	TAG	FF954_13735	-2834775	804	CDS		GTG	FF954_13735|CP040690_2834775_2833972_-2_GTG_267
CP040690	-2834772	TGA	FF954_13740	-2835023	252	CDS		GTG	FF954_13740|CP040690_2835023_2834772_-3_GTG_83
CP040690	-2834965	TGA	FF954_13745	-2835204	240	CDS		GTG	FF954_13745|CP040690_2835204_2834965_-2_GTG_79
CP040690	-2835371	TAA	FF954_13750	-2836597	1227	CDS		ATG	FF954_13750|CP040690_2836597_2835371_-1_ATG_408
CP040690	-2838650	TGA	FF954_13765	-2838877	228	CDS		GTG	FF954_13765|CP040690_2838877_2838650_-1_GTG_75
CP040690	-2839391	TAG	FF954_13775	-2840803	1413	CDS		GTG	FF954_13775|CP040690_2840803_2839391_-1_GTG_470
CP040690	-2840800	TGA	FF954_13780	-2841192	393	CDS		ATG	FF954_13780|CP040690_2841192_2840800_-2_ATG_130
CP040690	-2841385	TGA	FF954_13785	-2850594	9210	CDS		GTG	FF954_13785|CP040690_2850594_2841385_-2_GTG_3069
CP040690	-2851114	TAG	FF954_13795	-2851836	723	CDS		ATG	FF954_13795|CP040690_2851836_2851114_-2_ATG_240
CP040690	-2853013	TAA	FF954_13815	-2853933	921	CDS		ATG	FF954_13815|CP040690_2853933_2853013_-2_ATG_306
CP040690	-2855529	TAG	FF954_13825	-2855948	420	CDS		GTG	FF954_13825|CP040690_2855948_2855529_-3_GTG_139
CP040690	-2855945	TGA	FF954_13830	-2856169	225	CDS		ATG	FF954_13830|CP040690_2856169_2855945_-1_ATG_74
CP040690	-2856200	TGA	FF954_13835	-2859043	2844	CDS		ATG	FF954_13835|CP040690_2859043_2856200_-1_ATG_947
CP040690	-2859115	TGA	FF954_13840	-2859516	402	CDS		ATG	FF954_13840|CP040690_2859516_2859115_-2_ATG_133
CP040690	-2859516	TGA	FF954_13845	-2859986	471	CDS		ATG	FF954_13845|CP040690_2859986_2859516_-3_ATG_156
CP040690	-2859989	TGA	FF954_13850	-2860552	564	CDS		GTG	FF954_13850|CP040690_2860552_2859989_-1_GTG_187
CP040690	-2860562	TAG	FF954_13855	-2861680	1119	CDS		GTG	FF954_13855|CP040690_2861680_2860562_-1_GTG_372
CP040690	-2862410	TGA	FF954_13865	-2862853	444	CDS		ATG	FF954_13865|CP040690_2862853_2862410_-1_ATG_147
CP040690	-2862850	TGA	FF954_13870	-2863938	1089	CDS		ATG	FF954_13870|CP040690_2863938_2862850_-2_ATG_362
CP040690	-2863935	TGA	FF954_13875	-2864465	531	CDS		ATG	FF954_13875|CP040690_2864465_2863935_-3_ATG_176
CP040690	-2864469	TAA	FF954_13880	-2865674	1206	CDS		GTG	FF954_13880|CP040690_2865674_2864469_-3_GTG_401
CP040690	-2867515	TGA	FF954_13895	-2867742	228	CDS		GTG	FF954_13895|CP040690_2867742_2867515_-2_GTG_75
CP040690	-2871171	TGA	FF954_13935	-2871545	375	CDS		GTG	FF954_13935|CP040690_2871545_2871171_-3_GTG_124
CP040690	-2871645	TAG	FF954_13940	-2872040	396	CDS		ATG	FF954_13940|CP040690_2872040_2871645_-3_ATG_131
CP040690	-2872037	TGA	FF954_13945	-2872282	246	CDS		ATG	FF954_13945|CP040690_2872282_2872037_-1_ATG_81
CP040690	-2872400	TAG	FF954_13950	-2872609	210	CDS		TTG	FF954_13950|CP040690_2872609_2872400_-1_TTG_69
CP040690	-2872693	TGA	FF954_13955	-2873112	420	CDS		ATG	FF954_13955|CP040690_2873112_2872693_-2_ATG_139
CP040690	-2873124	TAG	FF954_13960	-2873933	810	CDS		ATG	FF954_13960|CP040690_2873933_2873124_-3_ATG_269
CP040690	-2873930	TGA	FF954_13965	-2875186	1257	CDS		ATG	FF954_13965|CP040690_2875186_2873930_-1_ATG_418
CP040690	-2875179	TGA	FF954_13970	-2875691	513	CDS		GTG	FF954_13970|CP040690_2875691_2875179_-3_GTG_170
CP040690	-2875692	TGA	FF954_13975	-2878406	2715	CDS		GTG	FF954_13975|CP040690_2878406_2875692_-3_GTG_904
CP040690	-2878497	TGA	FF954_13980	-2878886	390	CDS		GTG	FF954_13980|CP040690_2878886_2878497_-3_GTG_129
CP040690	-2880492	TGA	FF954_13995	-2881850	1359	CDS		ATG	FF954_13995|CP040690_2881850_2880492_-3_ATG_452
CP040690	-2882886	TAG	FF954_14005	-2883209	324	CDS		GTG	FF954_14005|CP040690_2883209_2882886_-3_GTG_107
CP040690	-2883228	TAA	FF954_14010	-2883416	189	CDS		GTG	FF954_14010|CP040690_2883416_2883228_-3_GTG_62
CP040690	-2894366	TAG	FF954_14045	-2895391	1026	CDS		ATG	FF954_14045|CP040690_2895391_2894366_-1_ATG_341
CP040690	-2895384	TGA	FF954_14050	-2896328	945	CDS		TTG	FF954_14050|CP040690_2896328_2895384_-3_TTG_314
CP040690	-2896813	TGA	FF954_14060	-2897880	1068	CDS		ATG	FF954_14060|CP040690_2897880_2896813_-2_ATG_355
CP040690	-2897933	TGA	FF954_14065	-2899723	1791	CDS		GTG	FF954_14065|CP040690_2899723_2897933_-1_GTG_596
CP040690	-2902147	TAA	FF954_14085	-2902611	465	CDS		GTG	FF954_14085|CP040690_2902611_2902147_-2_GTG_154
CP040690	-2904430	TGA	FF954_14095	-2905452	1023	CDS		ATG	FF954_14095|CP040690_2905452_2904430_-2_ATG_340
CP040690	-2906742	TAG	FF954_14105	-2908013	1272	CDS		GTG	FF954_14105|CP040690_2908013_2906742_-3_GTG_423
CP040690	-2908010	TGA	FF954_14110	-2908684	675	CDS		GTG	FF954_14110|CP040690_2908684_2908010_-1_GTG_224
CP040690	-2909747	TAG	FF954_14120	-2912119	2373	CDS		GTG	FF954_14120|CP040690_2912119_2909747_-1_GTG_790
CP040690	-2912150	TGA	FF954_14125	-2912821	672	CDS		GTG	FF954_14125|CP040690_2912821_2912150_-1_GTG_223
CP040690	-2912925	TGA	FF954_14130	-2914598	1674	CDS		GTG	FF954_14130|CP040690_2914598_2912925_-3_GTG_557
CP040690	-2914604	TAG	FF954_14135	-2915932	1329	CDS		ATG	FF954_14135|CP040690_2915932_2914604_-1_ATG_442
CP040690	-2915936	TAG	FF954_14140	-2917657	1722	CDS		GTG	FF954_14140|CP040690_2917657_2915936_-1_GTG_573
CP040690	-2917767	TGA	FF954_14145	-2918114	348	CDS		ATG	FF954_14145|CP040690_2918114_2917767_-3_ATG_115
CP040690	-2918143	TGA	FF954_14150	-2918352	210	CDS		GTG	FF954_14150|CP040690_2918352_2918143_-2_GTG_69
CP040690	-2925120	TAG	FF954_14170	-2926154	1035	CDS		ATG	FF954_14170|CP040690_2926154_2925120_-3_ATG_344
CP040690	-2926151	TGA	FF954_14175	-2926741	591	CDS		ATG	FF954_14175|CP040690_2926741_2926151_-1_ATG_196
CP040690	-2926738	TGA	FF954_14180	-2927304	567	CDS		GTG	FF954_14180|CP040690_2927304_2926738_-2_GTG_188
CP040690	-2932726	TGA	FF954_14230	-2933481	756	CDS		ATG	FF954_14230|CP040690_2933481_2932726_-2_ATG_251
CP040690	-2933614	TGA	FF954_14235	-2934210	597	CDS		GTG	FF954_14235|CP040690_2934210_2933614_-2_GTG_198
CP040690	-2934218	TGA	FF954_14240	-2935063	846	CDS		GTG	FF954_14240|CP040690_2935063_2934218_-1_GTG_281
CP040690	-2935092	TGA	FF954_14245	-2935991	900	CDS		ATG	FF954_14245|CP040690_2935991_2935092_-3_ATG_299
CP040690	-2938731	TGA	FF954_14260	-2939786	1056	CDS		ATG	FF954_14260|CP040690_2939786_2938731_-3_ATG_351
CP040690	-2939786	TGA	FF954_14265	-2940922	1137	CDS		ATG	FF954_14265|CP040690_2940922_2939786_-1_ATG_378
CP040690	-2940933	TGA	FF954_14270	-2941883	951	CDS		GTG	FF954_14270|CP040690_2941883_2940933_-3_GTG_316
CP040690	-2941880	TGA	FF954_14275	-2942533	654	CDS		ATG	FF954_14275|CP040690_2942533_2941880_-1_ATG_217
CP040690	-2942530	TGA	FF954_14280	-2943117	588	CDS		GTG	FF954_14280|CP040690_2943117_2942530_-2_GTG_195
CP040690	-2943110	TGA	FF954_14285	-2945188	2079	CDS		ATG	FF954_14285|CP040690_2945188_2943110_-1_ATG_692
CP040690	-2945521	TAA	FF954_14295	-2946915	1395	CDS		ATG	FF954_14295|CP040690_2946915_2945521_-2_ATG_464
CP040690	-2947777	TAA	FF954_14305	-2948217	441	CDS		ATG	FF954_14305|CP040690_2948217_2947777_-2_ATG_146
CP040690	-2949026	TGA	FF954_14315	-2949379	354	CDS		ATG	FF954_14315|CP040690_2949379_2949026_-1_ATG_117
CP040690	-2949392	TGA	FF954_14320	-2949817	426	CDS		GTG	FF954_14320|CP040690_2949817_2949392_-1_GTG_141
CP040690	-2949814	TGA	FF954_14325	-2950488	675	CDS		ATG	FF954_14325|CP040690_2950488_2949814_-2_ATG_224
CP040690	-2952419	TGA	FF954_14340	-2953237	819	CDS		ATG	FF954_14340|CP040690_2953237_2952419_-1_ATG_272
CP040690	-2953252	TGA	FF954_14345	-2954433	1182	CDS		ATG	FF954_14345|CP040690_2954433_2953252_-2_ATG_393
CP040690	-2954492	TAG	FF954_14350	-2954923	432	CDS		ATG	FF954_14350|CP040690_2954923_2954492_-1_ATG_143
CP040690	-2955437	TAA	FF954_14355	-2956678	1242	CDS		ATG	FF954_14355|CP040690_2956678_2955437_-1_ATG_413
CP040690	-2960838	TGA	FF954_14380	-2961119	282	CDS		ATG	FF954_14380|CP040690_2961119_2960838_-3_ATG_93
CP040690	-2961264	TAG	FF954_14385	-2961749	486	CDS		GTG	FF954_14385|CP040690_2961749_2961264_-3_GTG_161
CP040690	-2961776	TGA	FF954_14390	-2962033	258	CDS		TTG	FF954_14390|CP040690_2962033_2961776_-1_TTG_85
CP040690	-2962034	TAG	FF954_14395	-2964370	2337	CDS		ATG	FF954_14395|CP040690_2964370_2962034_-1_ATG_778
CP040690	-2966955	TGA	FF954_14420	-2967287	333	CDS		ATG	FF954_14420|CP040690_2967287_2966955_-3_ATG_110
CP040690	-2967407	TGA	FF954_14425	-2967766	360	CDS		ATG	FF954_14425|CP040690_2967766_2967407_-1_ATG_119
CP040690	-2971916	TGA	FF954_14475	-2972137	222	CDS		GTG	FF954_14475|CP040690_2972137_2971916_-1_GTG_73
CP040690	-2972134	TGA	FF954_14480	-2972523	390	CDS		ATG	FF954_14480|CP040690_2972523_2972134_-2_ATG_129
CP040690	-2973295	TAG	FF954_14500	-2973468	174	CDS		GTG	FF954_14500|CP040690_2973468_2973295_-2_GTG_57
CP040690	-2973884	CGC	FF954_14510	-2974018	135	CDS	true	TTG	FF954_14510_p|CP040690_2974018_2973884_-1_TTG_45
CP040690	-2976678	TGA	FF954_14535	-2977787	1110	CDS		ATG	FF954_14535|CP040690_2977787_2976678_-3_ATG_369
CP040690	-2982241	TGA	FF954_14560	-2982993	753	CDS		ATG	FF954_14560|CP040690_2982993_2982241_-2_ATG_250
CP040690	-2982990	TGA	FF954_14565	-2983685	696	CDS		ATG	FF954_14565|CP040690_2983685_2982990_-3_ATG_231
CP040690	-2983691	TAG	FF954_14570	-2985049	1359	CDS		ATG	FF954_14570|CP040690_2985049_2983691_-1_ATG_452
CP040690	-2985046	TGA	FF954_14575	-2986119	1074	CDS		ATG	FF954_14575|CP040690_2986119_2985046_-2_ATG_357
CP040690	-2989058	TAA	FF954_14595	-2990974	1917	CDS		ATG	FF954_14595|CP040690_2990974_2989058_-1_ATG_638
CP040690	-2994286	TGA	FF954_14620	-2995044	759	CDS		GTG	FF954_14620|CP040690_2995044_2994286_-2_GTG_252
CP040690	-2995041	TGA	FF954_14625	-2995754	714	CDS		ATG	FF954_14625|CP040690_2995754_2995041_-3_ATG_237
CP040690	-2995751	TGA	FF954_14630	-2996656	906	CDS		ATG	FF954_14630|CP040690_2996656_2995751_-1_ATG_301
CP040690	-2996851	TAG	FF954_14635	-2998068	1218	CDS		GTG	FF954_14635|CP040690_2998068_2996851_-2_GTG_405
CP040690	-2998224	TGA	FF954_14645	-3000215	1992	CDS		GTG	FF954_14645|CP040690_3000215_2998224_-3_GTG_663
CP040690	-3001703	TAG	FF954_14660	-3002374	672	CDS		GTG	FF954_14660|CP040690_3002374_3001703_-1_GTG_223
CP040690	-3002405	TGA	FF954_14665	-3002773	369	CDS		ATG	FF954_14665|CP040690_3002773_3002405_-1_ATG_122
CP040690	-3003835	TAG	FF954_14675	-3004614	780	CDS		ATG	FF954_14675|CP040690_3004614_3003835_-2_ATG_259
CP040690	-3004689	TGA	FF954_14680	-3005153	465	CDS		GTG	FF954_14680|CP040690_3005153_3004689_-3_GTG_154
CP040690	-3005669	TGA	FF954_14690	-3005971	303	CDS		ATG	FF954_14690|CP040690_3005971_3005669_-1_ATG_100
CP040690	-3006868	TGA	FF954_14700	-3007740	873	CDS		GTG	FF954_14700|CP040690_3007740_3006868_-2_GTG_290
CP040690	-3010819	TAG	FF954_14720	-3011208	390	CDS		GTG	FF954_14720|CP040690_3011208_3010819_-2_GTG_129
CP040690	-3011205	TGA	FF954_14725	-3011462	258	CDS		GTG	FF954_14725|CP040690_3011462_3011205_-3_GTG_85
CP040690	-3012553	TGA	FF954_14735	-3012801	249	CDS		ATG	FF954_14735|CP040690_3012801_3012553_-2_ATG_82
CP040690	-3015275	TAG	FF954_14755	-3016333	1059	CDS		ATG	FF954_14755|CP040690_3016333_3015275_-1_ATG_352
CP040690	-3020872	TGA	FF954_14780	-3021366	495	CDS		ATG	FF954_14780|CP040690_3021366_3020872_-2_ATG_164
CP040690	-3021418	TGA	FF954_14785	-3021882	465	CDS		ATG	FF954_14785|CP040690_3021882_3021418_-2_ATG_154
CP040690	-3022045	TGA	FF954_14790	-3022542	498	CDS		ATG	FF954_14790|CP040690_3022542_3022045_-2_ATG_165
CP040690	-3023525	TGA	FF954_14800	-3025624	2100	CDS		GTG	FF954_14800|CP040690_3025624_3023525_-1_GTG_699
CP040690	-3027136	TAG	FF954_14815	-3028296	1161	CDS		ATG	FF954_14815|CP040690_3028296_3027136_-2_ATG_386
CP040690	-3028432	TAA	FF954_14820	-3029919	1488	CDS		ATG	FF954_14820|CP040690_3029919_3028432_-2_ATG_495
CP040690	-3029936	TGA	FF954_14825	-3030805	870	CDS		ATG	FF954_14825|CP040690_3030805_3029936_-1_ATG_289
CP040690	-3030830	TGA	FF954_14830	-3031774	945	CDS		GTG	FF954_14830|CP040690_3031774_3030830_-1_GTG_314
CP040690	-3031771	TGA	FF954_14835	-3032466	696	CDS		GTG	FF954_14835|CP040690_3032466_3031771_-2_GTG_231
CP040690	-3032575	TGA	FF954_14840	-3033480	906	CDS		ATG	FF954_14840|CP040690_3033480_3032575_-2_ATG_301
CP040690	-3035380	TAG	FF954_14855	-3035994	615	CDS		ATG	FF954_14855|CP040690_3035994_3035380_-2_ATG_204
CP040690	-3035991	TGA	FF954_14860	-3037529	1539	CDS		ATG	FF954_14860|CP040690_3037529_3035991_-3_ATG_512
CP040690	-3038565	TAA	FF954_14875	-3039557	993	CDS		ATG	FF954_14875|CP040690_3039557_3038565_-3_ATG_330
CP040690	-3039567	TAA	FF954_14880	-3040091	525	CDS		ATG	FF954_14880|CP040690_3040091_3039567_-3_ATG_174
CP040690	-3040057	TGA	FF954_14885	-3042429	2373	CDS		ATG	FF954_14885|CP040690_3042429_3040057_-2_ATG_790
CP040690	-3042811	TGA	FF954_14895	-3043017	207	CDS		ATG	FF954_14895|CP040690_3043017_3042811_-2_ATG_68
CP040690	-3043028	TAG	FF954_14900	-3044194	1167	CDS		ATG	FF954_14900|CP040690_3044194_3043028_-1_ATG_388
CP040690	-3046520	TGA	FF954_14920	-3047353	834	CDS		GTG	FF954_14920|CP040690_3047353_3046520_-1_GTG_277
CP040690	-3047425	TAG	FF954_14925	-3048237	813	CDS		ATG	FF954_14925|CP040690_3048237_3047425_-2_ATG_270
CP040690	-3048256	TAG	FF954_14930	-3049068	813	CDS		ATG	FF954_14930|CP040690_3049068_3048256_-2_ATG_270
CP040690	-3049198	TAA	FF954_14935	-3049536	339	CDS		ATG	FF954_14935|CP040690_3049536_3049198_-2_ATG_112
CP040690	-3049607	TGA	FF954_14940	-3050236	630	CDS		ATG	FF954_14940|CP040690_3050236_3049607_-1_ATG_209
CP040690	-3050860	TAG	FF954_14950	-3053511	2652	CDS		ATG	FF954_14950|CP040690_3053511_3050860_-2_ATG_883
CP040690	-3055520	TAA	FF954_14970	-3057196	1677	CDS		GTG	FF954_14970|CP040690_3057196_3055520_-1_GTG_558
CP040690	-3057227	TGA	FF954_14975	-3058129	903	CDS		GTG	FF954_14975|CP040690_3058129_3057227_-1_GTG_300
CP040690	-3058198	TGA	FF954_14980	-3058950	753	CDS		GTG	FF954_14980|CP040690_3058950_3058198_-2_GTG_250
CP040690	-3059194	TAG	FF954_14985	-3059469	276	CDS		ATG	FF954_14985|CP040690_3059469_3059194_-2_ATG_91
CP040690	-3059466	TGA	FF954_14990	-3061088	1623	CDS		ATG	FF954_14990|CP040690_3061088_3059466_-3_ATG_540
CP040690	-3061175	TGA	FF954_14995	-3061591	417	CDS		ATG	FF954_14995|CP040690_3061591_3061175_-1_ATG_138
CP040690	-3061588	TGA	FF954_15000	-3061854	267	CDS		ATG	FF954_15000|CP040690_3061854_3061588_-2_ATG_88
CP040690	-3061880	TGA	FF954_15005	-3062275	396	CDS		GTG	FF954_15005|CP040690_3062275_3061880_-1_GTG_131
CP040690	-3062272	TGA	FF954_15010	-3062541	270	CDS		ATG	FF954_15010|CP040690_3062541_3062272_-2_ATG_89
CP040690	-3062551	TAG	FF954_15015	-3063645	1095	CDS		ATG	FF954_15015|CP040690_3063645_3062551_-2_ATG_364
CP040690	-3063642	TGA	FF954_15020	-3064061	420	CDS		ATG	FF954_15020|CP040690_3064061_3063642_-3_ATG_139
CP040690	-3064135	TGA	FF954_15025	-3064614	480	CDS		ATG	FF954_15025|CP040690_3064614_3064135_-2_ATG_159
CP040690	-3064685	TGA	FF954_15030	-3065485	801	CDS		GTG	FF954_15030|CP040690_3065485_3064685_-1_GTG_266
CP040690	-3066593	TGA	FF954_15040	-3067375	783	CDS		ATG	FF954_15040|CP040690_3067375_3066593_-1_ATG_260
CP040690	-3067372	TGA	FF954_15045	-3067725	354	CDS		ATG	FF954_15045|CP040690_3067725_3067372_-2_ATG_117
CP040690	-3067608	TAA	FF954_15050	-3067898	291	CDS		TTG	FF954_15050|CP040690_3067898_3067608_-3_TTG_96
CP040690	-3067899	TGA	FF954_15055	-3069083	1185	CDS		ATG	FF954_15055|CP040690_3069083_3067899_-3_ATG_394
CP040690	-3069163	TAG	FF954_15060	-3069990	828	CDS		ATG	FF954_15060|CP040690_3069990_3069163_-2_ATG_275
CP040690	-3070314	TGA	FF954_15065	-3071462	1149	CDS		GTG	FF954_15065|CP040690_3071462_3070314_-3_GTG_382
CP040690	-3071586	TGA	FF954_15070	-3072038	453	CDS		GTG	FF954_15070|CP040690_3072038_3071586_-3_GTG_150
CP040690	-3072124	TGA	FF954_15075	-3072597	474	CDS		ATG	FF954_15075|CP040690_3072597_3072124_-2_ATG_157
CP040690	-3072609	TGA	FF954_15080	-3073346	738	CDS		ATG	FF954_15080|CP040690_3073346_3072609_-3_ATG_245
CP040690	-3073357	TAG	FF954_15085	-3073761	405	CDS		GTG	FF954_15085|CP040690_3073761_3073357_-2_GTG_134
CP040690	-3074379	TGA	FF954_15095	-3075308	930	CDS		GTG	FF954_15095|CP040690_3075308_3074379_-3_GTG_309
CP040690	-3075490	TGA	FF954_15100	-3076561	1072	CDS	true	GTG	FF954_15100_p|CP040690_3076561_3075490_-1_GTG_357
CP040690	-3076719	TAG	FF954_15105	-3077189	471	CDS		ATG	FF954_15105|CP040690_3077189_3076719_-3_ATG_156
CP040690	-3077221	TAG	FF954_15110	-3077760	540	CDS		ATG	FF954_15110|CP040690_3077760_3077221_-2_ATG_179
CP040690	-3078956	TAA	FF954_15120	-3079990	1035	CDS		ATG	FF954_15120|CP040690_3079990_3078956_-1_ATG_344
CP040690	-3080051	TAG	FF954_15125	-3081367	1317	CDS		ATG	FF954_15125|CP040690_3081367_3080051_-1_ATG_438
CP040690	-3081345	TGA	FF954_15130	-3083603	2259	CDS		ATG	FF954_15130|CP040690_3083603_3081345_-3_ATG_752
CP040690	-3083957	TGA	FF954_15135	-3084472	516	CDS		ATG	FF954_15135|CP040690_3084472_3083957_-1_ATG_171
CP040690	-3084485	TGA	FF954_15140	-3084754	270	CDS		GTG	FF954_15140|CP040690_3084754_3084485_-1_GTG_89
CP040690	-3084911	TGA	FF954_15145	-3085906	996	CDS		GTG	FF954_15145|CP040690_3085906_3084911_-1_GTG_331
CP040690	-3088712	TAA	FF954_15160	-3089944	1233	CDS		ATG	FF954_15160|CP040690_3089944_3088712_-1_ATG_410
CP040690	-3089970	TGA	FF954_15165	-3091175	1206	CDS		ATG	FF954_15165|CP040690_3091175_3089970_-3_ATG_401
CP040690	-3091208	TGA	FF954_15170	-3092587	1380	CDS		ATG	FF954_15170|CP040690_3092587_3091208_-1_ATG_459
CP040690	-3092587	TGA	FF954_15175	-3093168	582	CDS		ATG	FF954_15175|CP040690_3093168_3092587_-2_ATG_193
CP040690	-3093370	TAG	FF954_15180	-3094266	897	CDS		ATG	FF954_15180|CP040690_3094266_3093370_-2_ATG_298
CP040690	-3094263	TGA	FF954_15185	-3094946	684	CDS		ATG	FF954_15185|CP040690_3094946_3094263_-3_ATG_227
CP040690	-3094943	TGA	FF954_15190	-3095917	975	CDS		GTG	FF954_15190|CP040690_3095917_3094943_-1_GTG_324
CP040690	-3096062	TAG	FF954_15195	-3096625	564	CDS		ATG	FF954_15195|CP040690_3096625_3096062_-1_ATG_187
CP040690	-3096625	TGA	FF954_15200	-3098313	1689	CDS		GTG	FF954_15200|CP040690_3098313_3096625_-2_GTG_562
CP040690	-3098317	TGA	FF954_15205	-3098643	327	CDS		GTG	FF954_15205|CP040690_3098643_3098317_-2_GTG_108
CP040690	-3101173	TAG	FF954_15220	-3101529	357	CDS		GTG	FF954_15220|CP040690_3101529_3101173_-2_GTG_118
CP040690	-3101513	TGA	FF954_15225	-3101743	231	CDS		GTG	FF954_15225|CP040690_3101743_3101513_-1_GTG_76
CP040690	-3101786	TGA	FF954_15230	-3102829	1044	CDS		ATG	FF954_15230|CP040690_3102829_3101786_-1_ATG_347
CP040690	-3106747	TGA	FF954_15270	-3107019	273	CDS	true	CGG	FF954_15270_p|CP040690_3107019_3106747_-2_CGG_90
CP040690	-3112693	TGA	FF954_15290	-3113034	342	CDS		ATG	FF954_15290|CP040690_3113034_3112693_-2_ATG_113
CP040690	-3113035	TAA	FF954_15295	-3114051	1017	CDS		ATG	FF954_15295|CP040690_3114051_3113035_-2_ATG_338
CP040690	-3114064	TAA	FF954_15300	-3115212	1149	CDS		GTG	FF954_15300|CP040690_3115212_3114064_-2_GTG_382
CP040690	-3115308	TGA	FF954_15305	-3116435	1128	CDS		ATG	FF954_15305|CP040690_3116435_3115308_-3_ATG_375
CP040690	-3116432	TGA	FF954_15310	-3117340	909	CDS		ATG	FF954_15310|CP040690_3117340_3116432_-1_ATG_302
CP040690	-3117321	TAG	FF954_15315	-3118031	711	CDS		ATG	FF954_15315|CP040690_3118031_3117321_-3_ATG_236
CP040690	-3118041	TGA	FF954_15320	-3118415	375	CDS		ATG	FF954_15320|CP040690_3118415_3118041_-3_ATG_124
CP040690	-3118412	TGA	FF954_15325	-3120850	2439	CDS		ATG	FF954_15325|CP040690_3120850_3118412_-1_ATG_812
CP040690	-3120847	TGA	FF954_15330	-3121791	945	CDS		TTG	FF954_15330|CP040690_3121791_3120847_-2_TTG_314
CP040690	-3121969	TGA	FF954_15335	-3122616	648	CDS		ATG	FF954_15335|CP040690_3122616_3121969_-2_ATG_215
CP040690	-3122786	TGA	FF954_15340	-3123670	885	CDS		GTG	FF954_15340|CP040690_3123670_3122786_-1_GTG_294
CP040690	-3123673	TGA	FF954_15345	-3124560	888	CDS		GTG	FF954_15345|CP040690_3124560_3123673_-2_GTG_295
CP040690	-3124865	TGA	FF954_15350	-3125410	546	CDS		GTG	FF954_15350|CP040690_3125410_3124865_-1_GTG_181
CP040690	-3125407	TGA	FF954_15355	-3125676	270	CDS		ATG	FF954_15355|CP040690_3125676_3125407_-2_ATG_89
CP040690	-3125697	TAG	FF954_15360	-3126089	393	CDS		ATG	FF954_15360|CP040690_3126089_3125697_-3_ATG_130
CP040690	-3126086	TGA	FF954_15365	-3126301	216	CDS		ATG	FF954_15365|CP040690_3126301_3126086_-1_ATG_71
CP040690	-3127137	TGA	FF954_15375	-3128219	1083	CDS	true	ATG	FF954_15375_p|CP040690_3128219_3127137_-3_ATG_360
CP040690	-3128212	TAA	FF954_15380	-3129522	1311	CDS		ATG	FF954_15380|CP040690_3129522_3128212_-2_ATG_436
CP040690	-3129525	TAG	FF954_15385	-3130352	828	CDS		GTG	FF954_15385|CP040690_3130352_3129525_-3_GTG_275
CP040690	-3130349	TGA	FF954_15390	-3131260	912	CDS		ATG	FF954_15390|CP040690_3131260_3130349_-1_ATG_303
CP040690	-3131347	TAG	FF954_15395	-3132666	1320	CDS		TTG	FF954_15395|CP040690_3132666_3131347_-2_TTG_439
CP040690	-3132673	TAG	FF954_15400	-3133683	1011	CDS		GTG	FF954_15400|CP040690_3133683_3132673_-2_GTG_336
CP040690	-3133658	TGA	FF954_15405	-3134209	552	CDS		ATG	FF954_15405|CP040690_3134209_3133658_-1_ATG_183
CP040690	-3134209	TGA	FF954_15410	-3136911	2703	CDS		GTG	FF954_15410|CP040690_3136911_3134209_-2_GTG_900
CP040690	-3136997	TGA	FF954_15415	-3137296	300	CDS		GTG	FF954_15415|CP040690_3137296_3136997_-1_GTG_99
CP040690	-3137423	TAG	FF954_15420	-3138466	1044	CDS		ATG	FF954_15420|CP040690_3138466_3137423_-1_ATG_347
CP040690	-3138463	TGA	FF954_15425	-3139014	552	CDS		GTG	FF954_15425|CP040690_3139014_3138463_-2_GTG_183
CP040690	-3140240	TAG	FF954_15440	-3141988	1749	CDS		GTG	FF954_15440|CP040690_3141988_3140240_-1_GTG_582
CP040690	-3142077	TAA	FF954_15445	-3143669	1593	CDS		ATG	FF954_15445|CP040690_3143669_3142077_-3_ATG_530
CP040690	-3143692	TAA	FF954_15450	-3144909	1218	CDS		GTG	FF954_15450|CP040690_3144909_3143692_-2_GTG_405
CP040690	-3145078	TAA	FF954_15455	-3146451	1374	CDS		ATG	FF954_15455|CP040690_3146451_3145078_-2_ATG_457
CP040690	-3146451	TGA	FF954_15460	-3147074	624	CDS		ATG	FF954_15460|CP040690_3147074_3146451_-3_ATG_207
CP040690	-3147095	TGA	FF954_15465	-3148984	1890	CDS		GTG	FF954_15465|CP040690_3148984_3147095_-1_GTG_629
CP040690	-3148981	TGA	FF954_15470	-3149451	471	CDS		ATG	FF954_15470|CP040690_3149451_3148981_-2_ATG_156
CP040690	-3149510	TGA	FF954_15475	-3150991	1482	CDS		GTG	FF954_15475|CP040690_3150991_3149510_-1_GTG_493
CP040690	-3157513	TGA	FF954_15515	-3158289	777	CDS		GTG	FF954_15515|CP040690_3158289_3157513_-2_GTG_258
CP040690	-3158286	TGA	FF954_15520	-3159653	1368	CDS		ATG	FF954_15520|CP040690_3159653_3158286_-3_ATG_455
CP040690	-3159650	TGA	FF954_15525	-3160576	927	CDS		GTG	FF954_15525|CP040690_3160576_3159650_-1_GTG_308
CP040690	-3160557	TAG	FF954_15530	-3161930	1374	CDS		GTG	FF954_15530|CP040690_3161930_3160557_-3_GTG_457
CP040690	-3162090	TAG	FF954_15535	-3162947	858	CDS		ATG	FF954_15535|CP040690_3162947_3162090_-3_ATG_285
CP040690	-3162989	TGA	FF954_15540	-3163573	585	CDS		ATG	FF954_15540|CP040690_3163573_3162989_-1_ATG_194
CP040690	-3164384	TAG	FF954_15555	-3166195	1812	CDS		ATG	FF954_15555|CP040690_3166195_3164384_-1_ATG_603
CP040690	-3167388	TGA	FF954_15570	-3168242	855	CDS		ATG	FF954_15570|CP040690_3168242_3167388_-3_ATG_284
CP040690	-3168298	TGA	FF954_15575	-3169461	1164	CDS		GTG	FF954_15575|CP040690_3169461_3168298_-2_GTG_387
CP040690	-3169478	TAG	FF954_15580	-3170692	1215	CDS		ATG	FF954_15580|CP040690_3170692_3169478_-1_ATG_404
CP040690	-3170700	TGA	FF954_15585	-3171941	1242	CDS		GTG	FF954_15585|CP040690_3171941_3170700_-3_GTG_413
CP040690	-3176938	TGA	FF954_15625	-3177801	864	CDS		GTG	FF954_15625|CP040690_3177801_3176938_-2_GTG_287
CP040690	-3177806	TGA	FF954_15630	-3178327	522	CDS		ATG	FF954_15630|CP040690_3178327_3177806_-1_ATG_173
CP040690	-3178570	TAG	FF954_15635	-3179664	1095	CDS		ATG	FF954_15635|CP040690_3179664_3178570_-2_ATG_364
CP040690	-3179687	TGA	FF954_15640	-3180607	921	CDS		GTG	FF954_15640|CP040690_3180607_3179687_-1_GTG_306
CP040690	-3180630	TAG	FF954_15645	-3181187	558	CDS		ATG	FF954_15645|CP040690_3181187_3180630_-3_ATG_185
CP040690	-3181180	TGA	FF954_15650	-3181293	114	CDS		ATG	FF954_15650|CP040690_3181293_3181180_-2_ATG_37
CP040690	-3181309	TGA	FF954_15655	-3181452	144	CDS		CTG	FF954_15655|CP040690_3181452_3181309_-2_CTG_47
CP040690	-3181465	TAA	FF954_15660	-3182250	786	CDS		ATG	FF954_15660|CP040690_3182250_3181465_-2_ATG_261
CP040690	-3183322	TGA	FF954_15670	-3184638	1317	CDS		ATG	FF954_15670|CP040690_3184638_3183322_-2_ATG_438
CP040690	-3184638	TGA	FF954_15675	-3185525	888	CDS		ATG	FF954_15675|CP040690_3185525_3184638_-3_ATG_295
CP040690	-3185957	TAG	FF954_15685	-3187378	1422	CDS		ATG	FF954_15685|CP040690_3187378_3185957_-1_ATG_473
CP040690	-3187385	TAG	FF954_15690	-3188200	816	CDS		ATG	FF954_15690|CP040690_3188200_3187385_-1_ATG_271
CP040690	-3188212	TAG	FF954_15695	-3189075	864	CDS		ATG	FF954_15695|CP040690_3189075_3188212_-2_ATG_287
CP040690	-3189887	TAG	FF954_15705	-3191113	1227	CDS		TTG	FF954_15705|CP040690_3191113_3189887_-1_TTG_408
CP040690	-3192487	TAG	FF954_15715	-3193383	897	CDS		GTG	FF954_15715|CP040690_3193383_3192487_-2_GTG_298
CP040690	-3193474	TAG	FF954_15720	-3194325	852	CDS		GTG	FF954_15720|CP040690_3194325_3193474_-2_GTG_283
CP040690	-3194358	TAG	FF954_15725	-3195527	1170	CDS		ATG	FF954_15725|CP040690_3195527_3194358_-3_ATG_389
CP040690	-3195524	TGA	FF954_15730	-3197035	1512	CDS		ATG	FF954_15730|CP040690_3197035_3195524_-1_ATG_503
CP040690	-3197035	TGA	FF954_15735	-3197421	387	CDS		ATG	FF954_15735|CP040690_3197421_3197035_-2_ATG_128
CP040690	-3197669	TAA	FF954_15740	-3198499	831	CDS		GTG	FF954_15740|CP040690_3198499_3197669_-1_GTG_276
CP040690	-3198499	TAG	FF954_15745	-3200838	2340	CDS		ATG	FF954_15745|CP040690_3200838_3198499_-2_ATG_779
CP040690	-3200896	TAG	FF954_15750	-3201201	306	CDS		ATG	FF954_15750|CP040690_3201201_3200896_-2_ATG_101
CP040690	-3201255	TAG	FF954_15755	-3202049	795	CDS		ATG	FF954_15755|CP040690_3202049_3201255_-3_ATG_264
CP040690	-3202063	TAG	FF954_15760	-3202947	885	CDS		GTG	FF954_15760|CP040690_3202947_3202063_-2_GTG_294
CP040690	-3203005	TGA	FF954_15765	-3203346	342	CDS		ATG	FF954_15765|CP040690_3203346_3203005_-2_ATG_113
CP040690	-3204758	TAG	FF954_15775	-3205450	693	CDS		GTG	FF954_15775|CP040690_3205450_3204758_-1_GTG_230
CP040690	-3205454	TAA	FF954_15780	-3205984	531	CDS		ATG	FF954_15780|CP040690_3205984_3205454_-1_ATG_176
CP040690	-3205998	TAG	FF954_15785	-3206240	243	CDS		ATG	FF954_15785|CP040690_3206240_3205998_-3_ATG_80
CP040690	-3206248	TGA	FF954_15790	-3206736	489	CDS		ATG	FF954_15790|CP040690_3206736_3206248_-2_ATG_162
CP040690	-3206920	TGA	FF954_15795	-3207363	444	CDS		ATG	FF954_15795|CP040690_3207363_3206920_-2_ATG_147
CP040690	-3208367	TGA	FF954_15805	-3208954	588	CDS		ATG	FF954_15805|CP040690_3208954_3208367_-1_ATG_195
CP040690	-3208956	TGA	FF954_15810	-3210791	1836	CDS	true	ATG	FF954_15810_p|CP040690_3210791_3208956_-3_ATG_611
CP040690	-3210860	TGA	FF954_15815	-3212617	1758	CDS		ATG	FF954_15815|CP040690_3212617_3210860_-1_ATG_585
CP040690	-3212661	TAG	FF954_15820	-3213773	1113	CDS		GTG	FF954_15820|CP040690_3213773_3212661_-3_GTG_370
CP040690	-3213801	TAG	FF954_15825	-3215378	1578	CDS		GTG	FF954_15825|CP040690_3215378_3213801_-3_GTG_525
CP040690	-3217347	TAG	FF954_15835	-3219773	2427	CDS		ATG	FF954_15835|CP040690_3219773_3217347_-3_ATG_808
CP040690	-3219831	TGA	FF954_15840	-3220169	339	CDS		ATG	FF954_15840|CP040690_3220169_3219831_-3_ATG_112
CP040690	-3220166	TGA	FF954_15845	-3221599	1434	CDS		GTG	FF954_15845|CP040690_3221599_3220166_-1_GTG_477
CP040690	-3221796	TAG	FF954_15850	-3223064	1269	CDS		GTG	FF954_15850|CP040690_3223064_3221796_-3_GTG_422
CP040690	-3223114	TAG	FF954_15855	-3226731	3618	CDS		GTG	FF954_15855|CP040690_3226731_3223114_-2_GTG_1205
CP040690	-3226743	TAA	FF954_15860	-3227024	282	CDS		ATG	FF954_15860|CP040690_3227024_3226743_-3_ATG_93
CP040690	-3227011	TGA	FF954_15865	-3227424	414	CDS		ATG	FF954_15865|CP040690_3227424_3227011_-2_ATG_137
CP040690	-3227526	TAG	FF954_15870	-3228395	870	CDS		ATG	FF954_15870|CP040690_3228395_3227526_-3_ATG_289
CP040690	-3228397	CTG	FF954_15875	-3228576	180	CDS	true	TTG	FF954_15875_p|CP040690_3228576_3228397_-2_TTG_60
CP040690	-3228530	TGG	FF954_15880	-3228664	135	CDS	true	TTG	FF954_15880_p|CP040690_3228664_3228530_-1_TTG_45
CP040690	-3228699	TAA	FF954_15885	-3229421	723	CDS		ATG	FF954_15885|CP040690_3229421_3228699_-3_ATG_240
CP040690	-3229418	TGA	FF954_15890	-3230041	624	CDS		GTG	FF954_15890|CP040690_3230041_3229418_-1_GTG_207
CP040690	-3230092	TAA	FF954_15895	-3230829	738	CDS		GTG	FF954_15895|CP040690_3230829_3230092_-2_GTG_245
CP040690	-3265250	TAG	FF954_15960	-3271585	6336	CDS		ATG	FF954_15960|CP040690_3271585_3265250_-1_ATG_2111
CP040690	-3276656	TGA	FF954_15975	-3276871	216	CDS		TTG	FF954_15975|CP040690_3276871_3276656_-1_TTG_71
CP040690	-3279494	TAG	FF954_15990	-3280195	702	CDS		ATG	FF954_15990|CP040690_3280195_3279494_-1_ATG_233
CP040690	-3280217	TGA	FF954_15995	-3280438	222	CDS		TTG	FF954_15995|CP040690_3280438_3280217_-1_TTG_73
CP040690	-3280544	TAG	FF954_16000	-3286888	6345	CDS		GTG	FF954_16000|CP040690_3286888_3280544_-1_GTG_2114
CP040690	-3286885	TGA	FF954_16005	-3289002	2118	CDS		ATG	FF954_16005|CP040690_3289002_3286885_-2_ATG_705
CP040690	-3289019	TAG	FF954_16010	-3289618	600	CDS		ATG	FF954_16010|CP040690_3289618_3289019_-1_ATG_199
CP040690	-3289644	TAA	FF954_16015	-3291503	1860	CDS		ATG	FF954_16015|CP040690_3291503_3289644_-3_ATG_619
CP040690	-3292151	TGA	FF954_16025	-3293296	1146	CDS		GTG	FF954_16025|CP040690_3293296_3292151_-1_GTG_381
CP040690	-3295702	TGA	FF954_16040	-3296427	726	CDS		ATG	FF954_16040|CP040690_3296427_3295702_-2_ATG_241
CP040690	-3296616	TAG	FF954_16045	-3297581	966	CDS		GTG	FF954_16045|CP040690_3297581_3296616_-3_GTG_321
CP040690	-3299481	TAG	FF954_16060	-3299687	207	CDS		GTG	FF954_16060|CP040690_3299687_3299481_-3_GTG_68
CP040690	-3299750	TAA	FF954_16065	-3301036	1287	CDS		ATG	FF954_16065|CP040690_3301036_3299750_-1_ATG_428
CP040690	-3301137	TAG	FF954_16070	-3301874	738	CDS		ATG	FF954_16070|CP040690_3301874_3301137_-3_ATG_245
CP040690	-3301989	TAA	FF954_16075	-3302237	249	CDS		GTG	FF954_16075|CP040690_3302237_3301989_-3_GTG_82
CP040690	-3302809	TAG	FF954_16085	-3304158	1350	CDS	true	GTG	FF954_16085_p|CP040690_3304158_3302809_-2_GTG_449
CP040690	-3306569	GCC	FF954_16100	-3306775	207	CDS	true	CTT	FF954_16100_p|CP040690_3306775_3306569_-1_CTT_69
CP040690	-3307366	TAG	FF954_16110	-3307851	486	CDS		ATG	FF954_16110|CP040690_3307851_3307366_-2_ATG_161
CP040690	-3307937	TAG	FF954_16115	-3308503	567	CDS		TTG	FF954_16115|CP040690_3308503_3307937_-1_TTG_188
CP040690	-3308699	TGA	FF954_16120	-3312082	3384	CDS		GTG	FF954_16120|CP040690_3312082_3308699_-1_GTG_1127
CP040690	-3312107	TGA	FF954_16125	-3312739	633	CDS		GTG	FF954_16125|CP040690_3312739_3312107_-1_GTG_210
CP040690	-3312745	TGA	FF954_16130	-3313512	768	CDS		GTG	FF954_16130|CP040690_3313512_3312745_-2_GTG_255
CP040690	-3313609	TGA	FF954_16135	-3314739	1131	CDS		ATG	FF954_16135|CP040690_3314739_3313609_-2_ATG_376
CP040690	-3316059	TAG	FF954_16150	-3316772	714	CDS		ATG	FF954_16150|CP040690_3316772_3316059_-3_ATG_237
CP040690	-3316769	TGA	FF954_16155	-3318982	2214	CDS		GTG	FF954_16155|CP040690_3318982_3316769_-1_GTG_737
CP040690	-3318985	TAG	FF954_16160	-3320646	1662	CDS		GTG	FF954_16160|CP040690_3320646_3318985_-2_GTG_553
CP040690	-3320646	TAG	FF954_16165	-3320852	207	CDS		CTG	FF954_16165|CP040690_3320852_3320646_-3_CTG_68
CP040690	-3321105	TGA	FF954_16175	-3321788	684	CDS		GTG	FF954_16175|CP040690_3321788_3321105_-3_GTG_227
CP040690	-3321821	TGA	FF954_16180	-3322822	1002	CDS		GTG	FF954_16180|CP040690_3322822_3321821_-1_GTG_333
CP040690	-3322819	TGA	FF954_16185	-3324198	1380	CDS		ATG	FF954_16185|CP040690_3324198_3322819_-2_ATG_459
CP040690	-3324198	TGA	FF954_16190	-3324782	585	CDS		ATG	FF954_16190|CP040690_3324782_3324198_-3_ATG_194
CP040690	-3325947	TAG	FF954_16200	-3327068	1122	CDS		GTG	FF954_16200|CP040690_3327068_3325947_-3_GTG_373
CP040690	-3327146	TGA	FF954_16205	-3328150	1005	CDS		ATG	FF954_16205|CP040690_3328150_3327146_-1_ATG_334
CP040690	-3332327	TAG	FF954_16225	-3332971	645	CDS		ATG	FF954_16225|CP040690_3332971_3332327_-1_ATG_214
CP040690	-3333184	TGA	FF954_16230	-3333780	597	CDS		ATG	FF954_16230|CP040690_3333780_3333184_-2_ATG_198
CP040690	-3333805	TGA	FF954_16235	-3335226	1422	CDS		ATG	FF954_16235|CP040690_3335226_3333805_-2_ATG_473
CP040690	-3336010	TAG	FF954_16245	-3336870	861	CDS		ATG	FF954_16245|CP040690_3336870_3336010_-2_ATG_286
CP040690	-3337956	TGA	FF954_16265	-3339428	1473	CDS		GTG	FF954_16265|CP040690_3339428_3337956_-3_GTG_490
CP040690	-3339425	TGA	FF954_16270	-3340222	798	CDS		ATG	FF954_16270|CP040690_3340222_3339425_-1_ATG_265
CP040690	-3341608	TAG	FF954_16280	-3342618	1011	CDS		ATG	FF954_16280|CP040690_3342618_3341608_-2_ATG_336
CP040690	-3342633	TGA	FF954_16285	-3344219	1587	CDS		GTG	FF954_16285|CP040690_3344219_3342633_-3_GTG_528
CP040690	-3345883	TGA	FF954_16295	-3346083	201	CDS		ATG	FF954_16295|CP040690_3346083_3345883_-2_ATG_66
CP040690	-3346148	TGA	FF954_16300	-3346605	458	CDS	true	CTG	FF954_16300_p|CP040690_3346605_3346148_-2_CTG_152
CP040690	-3348735	TAG	FF954_16315	-3349736	1002	CDS		ATG	FF954_16315|CP040690_3349736_3348735_-3_ATG_333
CP040690	-3349774	TAG	FF954_16320	-3350280	507	CDS		ATG	FF954_16320|CP040690_3350280_3349774_-2_ATG_168
CP040690	-3350280	TGA	FF954_16325	-3352136	1857	CDS		GTG	FF954_16325|CP040690_3352136_3350280_-3_GTG_618
CP040690	-3352843	TGA	FF954_16335	-3353682	840	CDS		GTG	FF954_16335|CP040690_3353682_3352843_-2_GTG_279
CP040690	-3354986	TAA	FF954_16345	-3355540	555	CDS		TTG	FF954_16345|CP040690_3355540_3354986_-1_TTG_184
CP040690	-3356403	TAG	FF954_16355	-3357932	1530	CDS		ATG	FF954_16355|CP040690_3357932_3356403_-3_ATG_509
CP040690	-3357962	TGA	FF954_16360	-3358993	1032	CDS		ATG	FF954_16360|CP040690_3358993_3357962_-1_ATG_343
CP040690	-3359089	TAG	FF954_16365	-3360573	1485	CDS		GTG	FF954_16365|CP040690_3360573_3359089_-2_GTG_494
CP040690	-3360570	TGA	FF954_16370	-3360869	300	CDS		GTG	FF954_16370|CP040690_3360869_3360570_-3_GTG_99
CP040690	-3361684	TAA	FF954_16380	-3363759	2076	CDS		GTG	FF954_16380|CP040690_3363759_3361684_-2_GTG_691
CP040690	-3363790	TGA	FF954_16385	-3364803	1014	CDS		GTG	FF954_16385|CP040690_3364803_3363790_-2_GTG_337
CP040690	-3365629	TAA	FF954_16395	-3365991	363	CDS		GTG	FF954_16395|CP040690_3365991_3365629_-2_GTG_120
CP040690	-3366078	TGA	FF954_16400	-3367382	1305	CDS	true	GTG	FF954_16400_p|CP040690_3367382_3366078_-3_GTG_434
CP040690	-3367468	TGA	FF954_16405	-3367671	204	CDS		GTG	FF954_16405|CP040690_3367671_3367468_-2_GTG_67
CP040690	-3367850	TAG	FF954_16410	-3368140	291	CDS		ATG	FF954_16410|CP040690_3368140_3367850_-1_ATG_96
CP040690	-3368175	TAA	FF954_16415	-3368468	294	CDS		ATG	FF954_16415|CP040690_3368468_3368175_-3_ATG_97
CP040690	-3368515	TGA	FF954_16420	-3369822	1308	CDS		GTG	FF954_16420|CP040690_3369822_3368515_-2_GTG_435
CP040690	-3369819	TGA	FF954_16425	-3370133	315	CDS		GTG	FF954_16425|CP040690_3370133_3369819_-3_GTG_104
CP040690	-3370515	TAG	FF954_16430	-3371762	1248	CDS		ATG	FF954_16430|CP040690_3371762_3370515_-3_ATG_415
CP040690	-3371925	TGA	FF954_16440	-3373028	1104	CDS		ATG	FF954_16440|CP040690_3373028_3371925_-3_ATG_367
CP040690	-3373025	TGA	FF954_16445	-3374206	1182	CDS		ATG	FF954_16445|CP040690_3374206_3373025_-1_ATG_393
CP040690	-3374303	TAA	FF954_16450	-3375217	915	CDS		ATG	FF954_16450|CP040690_3375217_3374303_-1_ATG_304
CP040690	-3375214	TGA	FF954_16455	-3376059	846	CDS		ATG	FF954_16455|CP040690_3376059_3375214_-2_ATG_281
CP040690	-3376215	TAG	FF954_16460	-3377171	957	CDS		ATG	FF954_16460|CP040690_3377171_3376215_-3_ATG_318
CP040690	-3377210	TAA	FF954_16465	-3378010	801	CDS		ATG	FF954_16465|CP040690_3378010_3377210_-1_ATG_266
CP040690	-3383159	TAG	FF954_16495	-3384061	903	CDS		GTG	FF954_16495|CP040690_3384061_3383159_-1_GTG_300
CP040690	-3385598	TAA	FF954_16505	-3386281	684	CDS		ATG	FF954_16505|CP040690_3386281_3385598_-1_ATG_227
CP040690	-3386354	TAG	FF954_16510	-3387431	1078	CDS	true	GTG	FF954_16510_p|CP040690_3387431_3386354_-3_GTG_359
CP040690	-3387566	TGA	FF954_16515	-3388549	984	CDS		ATG	FF954_16515|CP040690_3388549_3387566_-1_ATG_327
CP040690	-3388560	TAG	FF954_16520	-3389324	765	CDS		GTG	FF954_16520|CP040690_3389324_3388560_-3_GTG_254
CP040690	-3389333	TGA	FF954_16525	-3390199	867	CDS		ATG	FF954_16525|CP040690_3390199_3389333_-1_ATG_288
CP040690	-3390196	TGA	FF954_16530	-3391059	864	CDS		ATG	FF954_16530|CP040690_3391059_3390196_-2_ATG_287
CP040690	-3391074	TAG	FF954_16535	-3392303	1230	CDS		ATG	FF954_16535|CP040690_3392303_3391074_-3_ATG_409
CP040690	-3392341	TGA	FF954_16540	-3394062	1722	CDS		TTG	FF954_16540|CP040690_3394062_3392341_-2_TTG_573
CP040690	-3394154	TAG	FF954_16545	-3394357	204	CDS		ATG	FF954_16545|CP040690_3394357_3394154_-1_ATG_67
CP040690	-3396455	TGA	FF954_16560	-3396829	375	CDS		GTG	FF954_16560|CP040690_3396829_3396455_-1_GTG_124
CP040690	-3397163	TGA	FF954_16565	-3397447	285	CDS		ATG	FF954_16565|CP040690_3397447_3397163_-1_ATG_94
CP040690	-3397545	TAG	FF954_16570	-3398519	975	CDS		GTG	FF954_16570|CP040690_3398519_3397545_-3_GTG_324
CP040690	-3398650	TAG	FF954_16575	-3400224	1575	CDS		GTG	FF954_16575|CP040690_3400224_3398650_-2_GTG_524
CP040690	-3400358	TGA	FF954_16580	-3401098	741	CDS		GTG	FF954_16580|CP040690_3401098_3400358_-1_GTG_246
CP040690	-3401226	TAG	FF954_16585	-3403403	2178	CDS		GTG	FF954_16585|CP040690_3403403_3401226_-3_GTG_725
CP040690	-3403373	TAG	FF954_16590	-3403825	453	CDS		ATG	FF954_16590|CP040690_3403825_3403373_-1_ATG_150
CP040690	-3403860	TAG	FF954_16595	-3404099	240	CDS		ATG	FF954_16595|CP040690_3404099_3403860_-3_ATG_79
CP040690	-3404077	TAA	FF954_16600	-3404481	405	CDS		TTG	FF954_16600|CP040690_3404481_3404077_-2_TTG_134
CP040690	-3404562	TGA	FF954_16605	-3405116	555	CDS		GTG	FF954_16605|CP040690_3405116_3404562_-3_GTG_184
CP040690	-3406926	TAG	FF954_16620	-3407789	864	CDS		ATG	FF954_16620|CP040690_3407789_3406926_-3_ATG_287
CP040690	-3407853	TAG	FF954_16625	-3408503	651	CDS		GTG	FF954_16625|CP040690_3408503_3407853_-3_GTG_216
CP040690	-3410868	TAA	FF954_16640	-3412340	1473	CDS		ATG	FF954_16640|CP040690_3412340_3410868_-3_ATG_490
CP040690	-3412457	TAG	FF954_16645	-3414622	2166	CDS		ATG	FF954_16645|CP040690_3414622_3412457_-1_ATG_721
CP040690	-3419020	TAA	FF954_16660	-3419445	426	CDS		ATG	FF954_16660|CP040690_3419445_3419020_-2_ATG_141
CP040690	-3421174	TGA	FF954_16685	-3422817	1644	CDS		ATG	FF954_16685|CP040690_3422817_3421174_-2_ATG_547
CP040690	-3424993	TGA	FF954_16705	-3425517	525	CDS		TTG	FF954_16705|CP040690_3425517_3424993_-2_TTG_174
CP040690	-3425524	TAA	FF954_16710	-3425880	357	CDS		ATG	FF954_16710|CP040690_3425880_3425524_-2_ATG_118
CP040690	-3427245	TAG	FF954_16720	-3428168	924	CDS		ATG	FF954_16720|CP040690_3428168_3427245_-3_ATG_307
CP040690	-3430965	TAG	FF954_16740	-3431792	828	CDS	true	ATG	FF954_16740_p|CP040690_3431792_3430965_-3_ATG_275
CP040690	-3431851	TAA	FF954_16745	-3435186	3336	CDS		ATG	FF954_16745|CP040690_3435186_3431851_-2_ATG_1111
CP040690	-3436602	TGA	FF954_16755	-3437624	1023	CDS		ATG	FF954_16755|CP040690_3437624_3436602_-3_ATG_340
CP040690	-3446967	TGA	FF954_16800	-3447269	303	CDS		GTG	FF954_16800|CP040690_3447269_3446967_-3_GTG_100
CP040690	-3450012	TAG	FF954_16815	-3450932	921	CDS		ATG	FF954_16815|CP040690_3450932_3450012_-3_ATG_306
CP040690	-3450958	TAA	FF954_16820	-3451962	1005	CDS		ATG	FF954_16820|CP040690_3451962_3450958_-2_ATG_334
CP040690	-3451959	TGA	FF954_16825	-3453089	1131	CDS		GTG	FF954_16825|CP040690_3453089_3451959_-3_GTG_376
CP040690	-3454976	TGA	FF954_16840	-3456289	1314	CDS		GTG	FF954_16840|CP040690_3456289_3454976_-1_GTG_437
CP040690	-3456408	TAA	FF954_16845	-3456860	453	CDS		GTG	FF954_16845|CP040690_3456860_3456408_-3_GTG_150
CP040690	-3457611	TGA	FF954_16860	-3458462	852	CDS		GTG	FF954_16860|CP040690_3458462_3457611_-3_GTG_283
CP040690	-3458499	TGA	FF954_16865	-3458981	483	CDS		GTG	FF954_16865|CP040690_3458981_3458499_-3_GTG_160
CP040690	-3458984	TAG	FF954_16870	-3459877	894	CDS		GTG	FF954_16870|CP040690_3459877_3458984_-1_GTG_297
CP040690	-3459878	TAA	FF954_16875	-3460567	690	CDS		ATG	FF954_16875|CP040690_3460567_3459878_-1_ATG_229
CP040690	-3460611	TGA	FF954_16880	-3461048	438	CDS		GTG	FF954_16880|CP040690_3461048_3460611_-3_GTG_145
CP040690	-3461050	TAG	FF954_16885	-3461976	927	CDS		ATG	FF954_16885|CP040690_3461976_3461050_-2_ATG_308
CP040690	-3461966	TAG	FF954_16890	-3463081	1116	CDS		GTG	FF954_16890|CP040690_3463081_3461966_-1_GTG_371
CP040690	-3464577	TGA	FF954_16900	-3466160	1584	CDS		ATG	FF954_16900|CP040690_3466160_3464577_-3_ATG_527
CP040690	-3470507	TGA	FF954_16940	-3470650	144	CDS		TTG	FF954_16940|CP040690_3470650_3470507_-1_TTG_47
CP040690	-3476992	TGA	FF954_16980	-3477111	120	CDS	true	ATT	FF954_16980_p|CP040690_3477111_3476992_-2_ATT_39
CP040690	-3479675	TAG	FF954_17000	-3480850	1176	CDS		ATG	FF954_17000|CP040690_3480850_3479675_-1_ATG_391
CP040690	-3481007	TGA	FF954_17005	-3481321	315	CDS		ATG	FF954_17005|CP040690_3481321_3481007_-1_ATG_104
CP040690	-3482367	TGA	FF954_17015	-3482717	351	CDS		GTG	FF954_17015|CP040690_3482717_3482367_-3_GTG_116
CP040690	-3482799	TAG	FF954_17020	-3483380	582	CDS		GTG	FF954_17020|CP040690_3483380_3482799_-3_GTG_193
CP040690	-3484171	TGA	FF954_17030	-3485562	1392	CDS		ATG	FF954_17030|CP040690_3485562_3484171_-2_ATG_463
CP040690	-3486725	TAG	FF954_17040	-3488461	1737	CDS		ATG	FF954_17040|CP040690_3488461_3486725_-1_ATG_578
CP040690	-3488458	TGA	FF954_17045	-3489111	654	CDS		GTG	FF954_17045|CP040690_3489111_3488458_-2_GTG_217
CP040690	-3489139	TAG	FF954_17050	-3489945	807	CDS		ATG	FF954_17050|CP040690_3489945_3489139_-2_ATG_268
CP040690	-3490104	TAG	FF954_17055	-3490379	276	CDS		GTG	FF954_17055|CP040690_3490379_3490104_-3_GTG_91
CP040690	-3491641	TAG	FF954_17065	-3491973	333	CDS		GTG	FF954_17065|CP040690_3491973_3491641_-2_GTG_110
CP040690	-3497814	TGA	FF954_17095	-3498242	429	CDS		ATG	FF954_17095|CP040690_3498242_3497814_-3_ATG_142
CP040690	-3498784	TGA	FF954_17105	-3500013	1230	CDS		GTG	FF954_17105|CP040690_3500013_3498784_-2_GTG_409
CP040690	-3516087	TAA	FF954_17180	-3517826	1740	CDS		ATG	FF954_17180|CP040690_3517826_3516087_-3_ATG_579
CP040690	-3518074	TAA	FF954_17185	-3519975	1902	CDS		ATG	FF954_17185|CP040690_3519975_3518074_-2_ATG_633
CP040690	-3520150	TAG	FF954_17190	-3520791	642	CDS		ATG	FF954_17190|CP040690_3520791_3520150_-2_ATG_213
CP040690	-3520802	TAG	FF954_17195	-3521950	1149	CDS		ATG	FF954_17195|CP040690_3521950_3520802_-1_ATG_382
CP040690	-3522020	TGA	FF954_17200	-3522457	438	CDS		ATG	FF954_17200|CP040690_3522457_3522020_-1_ATG_145
CP040690	-3522454	TGA	FF954_17205	-3523725	1272	CDS		GTG	FF954_17205|CP040690_3523725_3522454_-2_GTG_423
CP040690	-3523755	TAG	FF954_17210	-3524717	963	CDS		ATG	FF954_17210|CP040690_3524717_3523755_-3_ATG_320
CP040690	-3524725	TGA	FF954_17215	-3525207	483	CDS		ATG	FF954_17215|CP040690_3525207_3524725_-2_ATG_160
CP040690	-3525204	TGA	FF954_17220	-3526163	960	CDS		ATG	FF954_17220|CP040690_3526163_3525204_-3_ATG_319
CP040690	-3526243	TGA	FF954_17225	-3526869	627	CDS		ATG	FF954_17225|CP040690_3526869_3526243_-2_ATG_208
CP040690	-3530657	TAG	FF954_17245	-3531556	900	CDS		TTG	FF954_17245|CP040690_3531556_3530657_-1_TTG_299
CP040690	-3531693	TAA	FF954_17250	-3532175	483	CDS		ATG	FF954_17250|CP040690_3532175_3531693_-3_ATG_160
CP040690	-3532254	TGA	FF954_17255	-3532856	603	CDS		ATG	FF954_17255|CP040690_3532856_3532254_-3_ATG_200
CP040690	-3535155	TAA	FF954_17270	-3536111	957	CDS		ATG	FF954_17270|CP040690_3536111_3535155_-3_ATG_318
CP040690	-3540065	TGA	FF954_17300	-3540499	435	CDS		GTG	FF954_17300|CP040690_3540499_3540065_-1_GTG_144
CP040690	-3540502	TGA	FF954_17305	-3540954	453	CDS		ATG	FF954_17305|CP040690_3540954_3540502_-2_ATG_150
CP040690	-3543517	TGA	FF954_17330	-3544782	1266	CDS		GTG	FF954_17330|CP040690_3544782_3543517_-2_GTG_421
CP040690	-3545406	TGA	FF954_17345	-3546440	1035	CDS		GTG	FF954_17345|CP040690_3546440_3545406_-3_GTG_344
CP040690	-3546724	TGA	FF954_17350	-3546948	225	CDS		GTG	FF954_17350|CP040690_3546948_3546724_-2_GTG_74
CP040690	-3546893	TGA	FF954_17355	-3547075	183	CDS		GTG	FF954_17355|CP040690_3547075_3546893_-1_GTG_60
CP040690	-3548289	TAG	FF954_17370	-3551267	2979	CDS		GTG	FF954_17370|CP040690_3551267_3548289_-3_GTG_992
CP040690	-3551359	TAG	FF954_17375	-3552381	1023	CDS		GTG	FF954_17375|CP040690_3552381_3551359_-2_GTG_340
CP040690	-3554791	TAG	FF954_17390	-3554991	201	CDS		GTG	FF954_17390|CP040690_3554991_3554791_-2_GTG_66
CP040690	-3556506	TAG	FF954_17400	-3556784	279	CDS		GTG	FF954_17400|CP040690_3556784_3556506_-3_GTG_92
CP040690	-3557214	TGA	FF954_17405	-3559316	2103	CDS		ATG	FF954_17405|CP040690_3559316_3557214_-3_ATG_700
CP040690	-3559707	TGA	FF954_17415	-3560648	942	CDS		GTG	FF954_17415|CP040690_3560648_3559707_-3_GTG_313
CP040690	-3560707	TAG	FF954_17420	-3561774	1068	CDS		GTG	FF954_17420|CP040690_3561774_3560707_-2_GTG_355
CP040690	-3561836	TGA	FF954_17425	-3565141	3306	CDS		ATG	FF954_17425|CP040690_3565141_3561836_-1_ATG_1101
CP040690	-3565138	TGA	FF954_17430	-3568305	3168	CDS		ATG	FF954_17430|CP040690_3568305_3565138_-2_ATG_1055
CP040690	-3569731	TAA	FF954_17450	-3570609	879	CDS		ATG	FF954_17450|CP040690_3570609_3569731_-2_ATG_292
CP040690	-3570636	TAG	FF954_17455	-3571814	1179	CDS		GTG	FF954_17455|CP040690_3571814_3570636_-3_GTG_392
CP040690	-3571905	TAA	FF954_17460	-3572762	858	CDS		GTG	FF954_17460|CP040690_3572762_3571905_-3_GTG_285
CP040690	-3573781	TAA	FF954_17470	-3574053	273	CDS		GTG	FF954_17470|CP040690_3574053_3573781_-2_GTG_90
CP040690	-3574948	TAG	FF954_17480	-3575643	696	CDS		ATG	FF954_17480|CP040690_3575643_3574948_-2_ATG_231
CP040690	-3578797	TAG	FF954_17495	-3579597	801	CDS		ATG	FF954_17495|CP040690_3579597_3578797_-2_ATG_266
CP040690	-3581909	TAG	FF954_17515	-3582340	432	CDS		GTG	FF954_17515|CP040690_3582340_3581909_-1_GTG_143
CP040690	-3584134	TAG	FF954_17530	-3585639	1506	CDS		ATG	FF954_17530|CP040690_3585639_3584134_-2_ATG_501
CP040690	-3585656	TAG	FF954_17535	-3585871	216	CDS		ATG	FF954_17535|CP040690_3585871_3585656_-1_ATG_71
CP040690	-3586156	TAG	FF954_17545	-3586461	306	CDS		GTG	FF954_17545|CP040690_3586461_3586156_-2_GTG_101
CP040690	-3586458	TGA	FF954_17550	-3587009	552	CDS		ATG	FF954_17550|CP040690_3587009_3586458_-3_ATG_183
CP040690	-3587006	TGA	FF954_17555	-3587656	651	CDS		ATG	FF954_17555|CP040690_3587656_3587006_-1_ATG_216
CP040690	-3589121	TAG	FF954_17575	-3590545	1425	CDS		GTG	FF954_17575|CP040690_3590545_3589121_-1_GTG_474
CP040690	-3590669	TGA	FF954_17580	-3591427	759	CDS		ATG	FF954_17580|CP040690_3591427_3590669_-1_ATG_252
CP040690	-3593856	TAA	FF954_17595	-3595139	1284	CDS		ATG	FF954_17595|CP040690_3595139_3593856_-3_ATG_427
CP040690	-3595217	TAG	FF954_17600	-3596359	1143	CDS		ATG	FF954_17600|CP040690_3596359_3595217_-1_ATG_380
CP040690	-3596469	TGA	FF954_17605	-3596978	510	CDS		GTG	FF954_17605|CP040690_3596978_3596469_-3_GTG_169
CP040690	-3596975	TGA	FF954_17610	-3597862	888	CDS		GTG	FF954_17610|CP040690_3597862_3596975_-1_GTG_295
CP040690	-3597886	TAG	FF954_17615	-3599290	1405	CDS	true	GTG	FF954_17615_p|CP040690_3599290_3597886_-1_GTG_468
CP040690	-3600060	TAG	FF954_17625	-3601217	1158	CDS		GTG	FF954_17625|CP040690_3601217_3600060_-3_GTG_385
CP040690	-3601222	TGA	FF954_17630	-3601704	483	CDS		ATG	FF954_17630|CP040690_3601704_3601222_-2_ATG_160
CP040690	-3601765	TGA	FF954_17635	-3602499	735	CDS		ATG	FF954_17635|CP040690_3602499_3601765_-2_ATG_244
CP040690	-3602558	TGA	FF954_17640	-3605704	3147	CDS		ATG	FF954_17640|CP040690_3605704_3602558_-1_ATG_1048
CP040690	-3605783	TAG	FF954_17645	-3608620	2838	CDS		GTG	FF954_17645|CP040690_3608620_3605783_-1_GTG_945
CP040690	-3608699	TGA	FF954_17650	-3609343	645	CDS		GTG	FF954_17650|CP040690_3609343_3608699_-1_GTG_214
CP040690	-3609659	TGA	FF954_17655	-3610300	642	CDS		GTG	FF954_17655|CP040690_3610300_3609659_-1_GTG_213
CP040690	-3610338	TGA	FF954_17660	-3611180	843	CDS		ATG	FF954_17660|CP040690_3611180_3610338_-3_ATG_280
CP040690	-3611248	TGA	FF954_17665	-3612999	1752	CDS		ATG	FF954_17665|CP040690_3612999_3611248_-2_ATG_583
CP040690	-3612999	TGA	FF954_17670	-3614702	1704	CDS		ATG	FF954_17670|CP040690_3614702_3612999_-3_ATG_567
CP040690	-3614752	TGA	FF954_17675	-3615438	687	CDS		ATG	FF954_17675|CP040690_3615438_3614752_-2_ATG_228
CP040690	-3615508	TGA	FF954_17680	-3616152	645	CDS		GTG	FF954_17680|CP040690_3616152_3615508_-2_GTG_214
CP040690	-3616249	TGA	FF954_17685	-3617736	1488	CDS		ATG	FF954_17685|CP040690_3617736_3616249_-2_ATG_495
CP040690	-3617841	TGA	FF954_17690	-3618476	636	CDS		GTG	FF954_17690|CP040690_3618476_3617841_-3_GTG_211
CP040690	-3618473	TGA	FF954_17695	-3618655	183	CDS		GTG	FF954_17695|CP040690_3618655_3618473_-1_GTG_60
CP040690	-3618660	TAA	FF954_17700	-3618827	168	CDS		ATG	FF954_17700|CP040690_3618827_3618660_-3_ATG_55
CP040690	-3618827	TGA	FF954_17705	-3620077	1251	CDS		ATG	FF954_17705|CP040690_3620077_3618827_-1_ATG_416
CP040690	-3620186	TGA	FF954_17710	-3621673	1488	CDS		ATG	FF954_17710|CP040690_3621673_3620186_-1_ATG_495
CP040690	-3623130	TGA	FF954_17720	-3624356	1227	CDS		GTG	FF954_17720|CP040690_3624356_3623130_-3_GTG_408
CP040690	-3624364	TAG	FF954_17725	-3625404	1041	CDS		GTG	FF954_17725|CP040690_3625404_3624364_-2_GTG_346
CP040690	-3625401	TGA	FF954_17730	-3626798	1398	CDS		ATG	FF954_17730|CP040690_3626798_3625401_-3_ATG_465
CP040690	-3626900	TAG	FF954_17735	-3627391	492	CDS		ATG	FF954_17735|CP040690_3627391_3626900_-1_ATG_163
CP040690	-3627961	TGA	FF954_17745	-3628230	270	CDS		TTG	FF954_17745|CP040690_3628230_3627961_-2_TTG_89
CP040690	-3632987	TGA	FF954_17775	-3634066	1080	CDS		TTG	FF954_17775|CP040690_3634066_3632987_-1_TTG_359
CP040690	-3634068	TGA	FF954_17780	-3634973	906	CDS		GTG	FF954_17780|CP040690_3634973_3634068_-3_GTG_301
CP040690	-3634984	TGA	FF954_17785	-3635898	915	CDS		ATG	FF954_17785|CP040690_3635898_3634984_-2_ATG_304
CP040690	-3640768	TAG	FF954_17810	-3641436	669	CDS		ATG	FF954_17810|CP040690_3641436_3640768_-2_ATG_222
CP040690	-3645009	TGA	FF954_17825	-3646178	1170	CDS		ATG	FF954_17825|CP040690_3646178_3645009_-3_ATG_389
CP040690	-3646203	TAG	FF954_17830	-3646727	525	CDS		ATG	FF954_17830|CP040690_3646727_3646203_-3_ATG_174
CP040690	-3646724	TGA	FF954_17835	-3648013	1290	CDS		ATG	FF954_17835|CP040690_3648013_3646724_-1_ATG_429
CP040690	-3648740	TGA	FF954_17845	-3649258	519	CDS		ATG	FF954_17845|CP040690_3649258_3648740_-1_ATG_172
CP040690	-3649301	TAA	FF954_17850	-3650101	801	CDS		GTG	FF954_17850|CP040690_3650101_3649301_-1_GTG_266
CP040690	-3656195	TAG	FF954_17885	-3656980	786	CDS		GTG	FF954_17885|CP040690_3656980_3656195_-1_GTG_261
CP040690	-3656977	TGA	FF954_17890	-3657414	438	CDS		ATG	FF954_17890|CP040690_3657414_3656977_-2_ATG_145
CP040690	-3657612	TAG	FF954_17895	-3658025	414	CDS		ATG	FF954_17895|CP040690_3658025_3657612_-3_ATG_137
CP040690	-3658060	TGA	FF954_17900	-3658437	378	CDS		ATG	FF954_17900|CP040690_3658437_3658060_-2_ATG_125
CP040690	-3658471	TAA	FF954_17905	-3659820	1350	CDS		ATG	FF954_17905|CP040690_3659820_3658471_-2_ATG_449
CP040690	-3659871	TAA	FF954_17910	-3660323	453	CDS		ATG	FF954_17910|CP040690_3660323_3659871_-3_ATG_150
CP040690	-3663212	TAG	FF954_17925	-3664021	810	CDS		GTG	FF954_17925|CP040690_3664021_3663212_-1_GTG_269
CP040690	-3670136	TAG	FF954_17945	-3671050	915	CDS		ATG	FF954_17945|CP040690_3671050_3670136_-1_ATG_304
CP040690	-3671077	TGA	FF954_17950	-3673989	2913	CDS		GTG	FF954_17950|CP040690_3673989_3671077_-2_GTG_970
CP040690	-3674009	TGA	FF954_17955	-3674926	918	CDS		GTG	FF954_17955|CP040690_3674926_3674009_-1_GTG_305
CP040690	-3674938	TGA	FF954_17960	-3675603	666	CDS		ATG	FF954_17960|CP040690_3675603_3674938_-2_ATG_221
CP040690	-3675711	TGA	FF954_17965	-3677468	1758	CDS		GTG	FF954_17965|CP040690_3677468_3675711_-3_GTG_585
CP040690	-3677549	TGA	FF954_17970	-3678964	1416	CDS		GTG	FF954_17970|CP040690_3678964_3677549_-1_GTG_471
CP040690	-3679781	TAG	FF954_17985	-3680950	1170	CDS		ATG	FF954_17985|CP040690_3680950_3679781_-1_ATG_389
CP040690	-3680947	TGA	FF954_17990	-3682131	1185	CDS		ATG	FF954_17990|CP040690_3682131_3680947_-2_ATG_394
CP040690	-3684612	TGA	FF954_18005	-3685235	624	CDS		GTG	FF954_18005|CP040690_3685235_3684612_-3_GTG_207
CP040690	-3687546	TAG	FF954_18020	-3688472	927	CDS		TTG	FF954_18020|CP040690_3688472_3687546_-3_TTG_308
CP040690	-3688498	TGA	FF954_18025	-3688668	171	CDS		ATG	FF954_18025|CP040690_3688668_3688498_-2_ATG_56
CP040690	-3688847	TAG	FF954_18030	-3689158	312	CDS		ATG	FF954_18030|CP040690_3689158_3688847_-1_ATG_103
CP040690	-3689229	TAA	FF954_18035	-3690326	1098	CDS		ATG	FF954_18035|CP040690_3690326_3689229_-3_ATG_365
CP040690	-3690326	TGA	FF954_18040	-3691609	1284	CDS		GTG	FF954_18040|CP040690_3691609_3690326_-1_GTG_427
CP040690	-3691606	TGA	FF954_18045	-3692007	402	CDS		ATG	FF954_18045|CP040690_3692007_3691606_-2_ATG_133
CP040690	-3695784	TAG	FF954_18070	-3696212	429	CDS		ATG	FF954_18070|CP040690_3696212_3695784_-3_ATG_142
CP040690	-3696216	TGA	FF954_18075	-3696458	243	CDS		ATG	FF954_18075|CP040690_3696458_3696216_-3_ATG_80
CP040690	-3696580	TAG	FF954_18080	-3697194	615	CDS		ATG	FF954_18080|CP040690_3697194_3696580_-2_ATG_204
CP040690	-3697191	TGA	FF954_18085	-3697856	666	CDS		ATG	FF954_18085|CP040690_3697856_3697191_-3_ATG_221
CP040690	-3697857	TGA	FF954_18090	-3698390	534	CDS		GTG	FF954_18090|CP040690_3698390_3697857_-3_GTG_177
CP040690	-3698387	TGA	FF954_18095	-3698761	375	CDS		ATG	FF954_18095|CP040690_3698761_3698387_-1_ATG_124
CP040690	-3698858	TAA	FF954_18100	-3699922	1065	CDS		GTG	FF954_18100|CP040690_3699922_3698858_-1_GTG_354
CP040690	-3701807	TAG	FF954_18120	-3702451	645	CDS		GTG	FF954_18120|CP040690_3702451_3701807_-1_GTG_214
CP040690	-3704263	TGA	FF954_18130	-3705201	939	CDS		ATG	FF954_18130|CP040690_3705201_3704263_-2_ATG_312
CP040690	-3710806	TGA	FF954_18155	-3711651	846	CDS		ATG	FF954_18155|CP040690_3711651_3710806_-2_ATG_281
CP040690	-3712600	TAA	FF954_18170	-3713469	870	CDS		ATG	FF954_18170|CP040690_3713469_3712600_-2_ATG_289
CP040690	-3713490	TAA	FF954_18175	-3714500	1011	CDS		ATG	FF954_18175|CP040690_3714500_3713490_-3_ATG_336
CP040690	-3715485	TAG	FF954_18185	-3716714	1230	CDS		ATG	FF954_18185|CP040690_3716714_3715485_-3_ATG_409
CP040690	-3720234	TAA	FF954_18205	-3727805	7572	CDS		ATG	FF954_18205|CP040690_3727805_3720234_-3_ATG_2523
CP040690	-3727854	TGA	FF954_18210	-3733711	5858	CDS	true	ATG	FF954_18210_p|CP040690_3733711_3727854_-1_ATG_1952
CP040690	-3734141	TAG	FF954_18215	-3734398	258	CDS		ATG	FF954_18215|CP040690_3734398_3734141_-1_ATG_85
CP040690	-3734654	TAA	FF954_18220	-3745888	11235	CDS		TTG	FF954_18220|CP040690_3745888_3734654_-1_TTG_3744
CP040690	-3745926	TGA	FF954_18225	-3746416	491	CDS	true	GTG	FF954_18225_p|CP040690_3746416_3745926_-1_GTG_163
CP040690	-3746996	TAA	FF954_18240	-3747814	819	CDS		ATG	FF954_18240|CP040690_3747814_3746996_-1_ATG_272
CP040690	-3748031	TGA	FF954_18245	-3748318	288	CDS		ATG	FF954_18245|CP040690_3748318_3748031_-1_ATG_95
CP040690	-3748655	TAA	FF954_18250	-3759805	11151	CDS		ATG	FF954_18250|CP040690_3759805_3748655_-1_ATG_3716
CP040690	-3760049	TGA	FF954_18255	-3760843	795	CDS		GTG	FF954_18255|CP040690_3760843_3760049_-1_GTG_264
CP040690	-3760925	TGA	FF954_18260	-3761296	372	CDS		GTG	FF954_18260|CP040690_3761296_3760925_-1_GTG_123
CP040690	-3761194	TGA	FF954_18265	-3761604	411	CDS		GTG	FF954_18265|CP040690_3761604_3761194_-2_GTG_136
CP040690	-3761439	TAG	FF954_18270	-3761699	261	CDS		ATG	FF954_18270|CP040690_3761699_3761439_-3_ATG_86
CP040690	-3762217	TAG	FF954_18280	-3762510	294	CDS		ATG	FF954_18280|CP040690_3762510_3762217_-2_ATG_97
CP040690	-3762507	TGA	FF954_18285	-3763352	846	CDS		GTG	FF954_18285|CP040690_3763352_3762507_-3_GTG_281
CP040690	-3765719	TAG	FF954_18310	-3766270	552	CDS		TTG	FF954_18310|CP040690_3766270_3765719_-1_TTG_183
CP040690	-3766277	TGA	FF954_18315	-3766858	582	CDS		GTG	FF954_18315|CP040690_3766858_3766277_-1_GTG_193
CP040690	-3766839	TGA	FF954_18320	-3767207	369	CDS		TTG	FF954_18320|CP040690_3767207_3766839_-3_TTG_122
CP040690	-3767185	TAG	FF954_18325	-3767577	393	CDS		ATG	FF954_18325|CP040690_3767577_3767185_-2_ATG_130
CP040690	-3767574	TGA	FF954_18330	-3770204	2631	CDS		GTG	FF954_18330|CP040690_3770204_3767574_-3_GTG_876
CP040690	-3770786	TGA	FF954_18340	-3771217	432	CDS		ATG	FF954_18340|CP040690_3771217_3770786_-1_ATG_143
CP040690	-3773047	TAA	FF954_18350	-3773691	645	CDS		ATG	FF954_18350|CP040690_3773691_3773047_-2_ATG_214
CP040690	-3774213	TGA	FF954_18360	-3777452	3240	CDS		ATG	FF954_18360|CP040690_3777452_3774213_-3_ATG_1079
CP040690	-3783560	TGA	FF954_18395	-3785065	1506	CDS		ATG	FF954_18395|CP040690_3785065_3783560_-1_ATG_501
CP040690	-3785070	TGA	FF954_18400	-3785960	891	CDS		ATG	FF954_18400|CP040690_3785960_3785070_-3_ATG_296
CP040690	-3785969	TAA	FF954_18405	-3787807	1839	CDS		ATG	FF954_18405|CP040690_3787807_3785969_-1_ATG_612
CP040690	-3787804	TGA	FF954_18410	-3788793	990	CDS		ATG	FF954_18410|CP040690_3788793_3787804_-2_ATG_329
CP040690	-3788793	TGA	FF954_18415	-3789845	1053	CDS		ATG	FF954_18415|CP040690_3789845_3788793_-3_ATG_350
CP040690	-3790599	TGA	FF954_18420	-3790991	393	CDS		ATG	FF954_18420|CP040690_3790991_3790599_-3_ATG_130
CP040690	-3790991	TGA	FF954_18425	-3791299	309	CDS		ATG	FF954_18425|CP040690_3791299_3790991_-1_ATG_102
CP040690	-3795332	TAG	FF954_18440	-3796204	873	CDS		ATG	FF954_18440|CP040690_3796204_3795332_-1_ATG_290
CP040690	-3798987	TGA	FF954_18455	-3799850	864	CDS		ATG	FF954_18455|CP040690_3799850_3798987_-3_ATG_287
CP040690	-3800855	TGA	FF954_18465	-3802438	1584	CDS		GTG	FF954_18465|CP040690_3802438_3800855_-1_GTG_527
CP040690	-3802435	TGA	FF954_18470	-3803049	615	CDS		ATG	FF954_18470|CP040690_3803049_3802435_-2_ATG_204
CP040690	-3803914	TAG	FF954_18480	-3805491	1578	CDS		GTG	FF954_18480|CP040690_3805491_3803914_-2_GTG_525
CP040690	-3805503	TAG	FF954_18485	-3806411	909	CDS		ATG	FF954_18485|CP040690_3806411_3805503_-3_ATG_302
CP040690	-3806440	TGA	FF954_18490	-3807519	1080	CDS		ATG	FF954_18490|CP040690_3807519_3806440_-2_ATG_359
CP040690	-3811866	CGG	FF954_18510	-3812084	219	CDS	true	ATT	FF954_18510_p|CP040690_3812084_3811866_-3_ATT_73
CP040690	-3812412	TGA	FF954_18515	-3813650	1239	CDS		ATG	FF954_18515|CP040690_3813650_3812412_-3_ATG_412
CP040690	-3814021	TGA	FF954_18520	-3815622	1602	CDS		ATG	FF954_18520|CP040690_3815622_3814021_-2_ATG_533
CP040690	-3815639	TAA	FF954_18525	-3816343	705	CDS		GTG	FF954_18525|CP040690_3816343_3815639_-1_GTG_234
CP040690	-3816461	TGA	FF954_18530	-3817027	567	CDS		ATG	FF954_18530|CP040690_3817027_3816461_-1_ATG_188
CP040690	-3818750	TGA	FF954_18550	-3820486	1737	CDS		ATG	FF954_18550|CP040690_3820486_3818750_-1_ATG_578
CP040690	-3820542	TGA	FF954_18555	-3821669	1128	CDS		ATG	FF954_18555|CP040690_3821669_3820542_-3_ATG_375
CP040690	-3821689	TAA	FF954_18560	-3823278	1590	CDS		ATG	FF954_18560|CP040690_3823278_3821689_-2_ATG_529
CP040690	-3823905	TAG	FF954_18570	-3824804	900	CDS		ATG	FF954_18570|CP040690_3824804_3823905_-3_ATG_299
CP040690	-3824797	TGA	FF954_18575	-3825435	639	CDS		ATG	FF954_18575|CP040690_3825435_3824797_-2_ATG_212
CP040690	-3825453	TAA	FF954_18580	-3826280	828	CDS		GTG	FF954_18580|CP040690_3826280_3825453_-3_GTG_275
CP040690	-3827031	TGA	FF954_18590	-3828650	1620	CDS		ATG	FF954_18590|CP040690_3828650_3827031_-3_ATG_539
CP040690	-3828745	TAG	FF954_18595	-3829047	303	CDS		GTG	FF954_18595|CP040690_3829047_3828745_-2_GTG_100
CP040690	-3829314	TGA	FF954_18600	-3830348	1035	CDS		ATG	FF954_18600|CP040690_3830348_3829314_-3_ATG_344
CP040690	-3830345	TGA	FF954_18605	-3830821	477	CDS		GTG	FF954_18605|CP040690_3830821_3830345_-1_GTG_158
CP040690	-3830818	TGA	FF954_18610	-3831453	636	CDS		ATG	FF954_18610|CP040690_3831453_3830818_-2_ATG_211
CP040690	-3831450	TGA	FF954_18615	-3831956	507	CDS		TTG	FF954_18615|CP040690_3831956_3831450_-3_TTG_168
CP040690	-3831953	TGA	FF954_18620	-3833179	1227	CDS		GTG	FF954_18620|CP040690_3833179_3831953_-1_GTG_408
CP040690	-3833473	TGA	FF954_18630	-3833835	363	CDS		ATG	FF954_18630|CP040690_3833835_3833473_-2_ATG_120
CP040690	-3835272	TAG	FF954_18645	-3835538	267	CDS		GTG	FF954_18645|CP040690_3835538_3835272_-3_GTG_88
CP040690	-3835643	TAG	FF954_18650	-3837817	2175	CDS		CTG	FF954_18650|CP040690_3837817_3835643_-1_CTG_724
CP040690	-3837810	TGA	FF954_18655	-3838028	219	CDS		ATG	FF954_18655|CP040690_3838028_3837810_-3_ATG_72
CP040690	-3839388	TAG	FF954_18670	-3839590	203	CDS	true	CTG	FF954_18670_p|CP040690_3839590_3839388_-1_CTG_67
CP040690	-3840085	TGA	FF954_18680	-3840351	267	CDS		GTG	FF954_18680|CP040690_3840351_3840085_-2_GTG_88
CP040690	-3840819	TGA	FF954_18685	-3841181	363	CDS		ATG	FF954_18685|CP040690_3841181_3840819_-3_ATG_120
CP040690	-3841937	TAA	FF954_18695	-3842984	1048	CDS	true	GTG	FF954_18695_p|CP040690_3842984_3841937_-3_GTG_349
CP040690	-3843023	TGA	FF954_18700	-3843178	156	CDS		TTG	FF954_18700|CP040690_3843178_3843023_-1_TTG_51
CP040690	-3843497	GTC	FF954_18705	-3844333	837	CDS	true	GCT	FF954_18705_p|CP040690_3844333_3843497_-1_GCT_279
CP040690	-3844551	TAG	FF954_18710	-3845933	1383	CDS		GTG	FF954_18710|CP040690_3845933_3844551_-3_GTG_460
CP040690	-3845971	TAG	FF954_18715	-3847392	1422	CDS		ATG	FF954_18715|CP040690_3847392_3845971_-2_ATG_473
CP040690	-3847394	TGA	FF954_18720	-3848107	714	CDS		GTG	FF954_18720|CP040690_3848107_3847394_-1_GTG_237
CP040690	-3848118	TAA	FF954_18725	-3848972	855	CDS		TTG	FF954_18725|CP040690_3848972_3848118_-3_TTG_284
CP040690	-3849194	TAG	FF954_18730	-3851068	1875	CDS		GTG	FF954_18730|CP040690_3851068_3849194_-1_GTG_624
CP040690	-3852438	TGA	FF954_18745	-3853841	1404	CDS		GTG	FF954_18745|CP040690_3853841_3852438_-3_GTG_467
CP040690	-3853844	TGA	FF954_18750	-3854155	312	CDS		ATG	FF954_18750|CP040690_3854155_3853844_-1_ATG_103
CP040690	-3854203	TGA	FF954_18755	-3855549	1347	CDS		ATG	FF954_18755|CP040690_3855549_3854203_-2_ATG_448
CP040690	-3855674	TGA	FF954_18760	-3856129	456	CDS		ATG	FF954_18760|CP040690_3856129_3855674_-1_ATG_151
CP040690	-3856126	TGA	FF954_18765	-3856569	444	CDS		GTG	FF954_18765|CP040690_3856569_3856126_-2_GTG_147
CP040690	-3856802	TAG	FF954_18770	-3857104	303	CDS		ATG	FF954_18770|CP040690_3857104_3856802_-1_ATG_100
CP040690	-3857125	TAG	FF954_18775	-3857442	318	CDS		GTG	FF954_18775|CP040690_3857442_3857125_-2_GTG_105
CP040690	-3857495	TGA	FF954_18780	-3858709	1215	CDS		GTG	FF954_18780|CP040690_3858709_3857495_-1_GTG_404
CP040690	-3858706	TGA	FF954_18785	-3862416	3711	CDS		ATG	FF954_18785|CP040690_3862416_3858706_-2_ATG_1236
CP040690	-3865262	TAG	FF954_18800	-3866674	1413	CDS		GTG	FF954_18800|CP040690_3866674_3865262_-1_GTG_470
CP040690	-3870229	TAA	FF954_18825	-3871122	894	CDS		GTG	FF954_18825|CP040690_3871122_3870229_-2_GTG_297
CP040690	-3871067	TAG	FF954_18830	-3871609	543	CDS		ATG	FF954_18830|CP040690_3871609_3871067_-1_ATG_180
CP040690	-3871641	TAG	FF954_18835	-3872684	1044	CDS		ATG	FF954_18835|CP040690_3872684_3871641_-3_ATG_347
CP040690	-3872835	TAA	FF954_18840	-3873440	606	CDS		ATG	FF954_18840|CP040690_3873440_3872835_-3_ATG_201
CP040690	-3873449	TAG	FF954_18845	-3873868	420	CDS		ATG	FF954_18845|CP040690_3873868_3873449_-1_ATG_139
CP040690	-3873872	TAA	FF954_18850	-3874246	375	CDS		ATG	FF954_18850|CP040690_3874246_3873872_-1_ATG_124
CP040690	-3874519	TAG	FF954_18860	-3874632	114	CDS		GTG	FF954_18860|CP040690_3874632_3874519_-2_GTG_37
CP040690	-3874665	TAG	FF954_18865	-3874886	222	CDS		ATG	FF954_18865|CP040690_3874886_3874665_-3_ATG_73
CP040690	-3879208	TGA	FF954_18895	-3880302	1095	CDS		GTG	FF954_18895|CP040690_3880302_3879208_-2_GTG_364
CP040690	-3880306	TGA	FF954_18900	-3881316	1011	CDS		ATG	FF954_18900|CP040690_3881316_3880306_-2_ATG_336
CP040690	-3881377	TAG	FF954_18905	-3883035	1659	CDS		GTG	FF954_18905|CP040690_3883035_3881377_-2_GTG_552
CP040690	-3883041	TGA	FF954_18910	-3883574	534	CDS		ATG	FF954_18910|CP040690_3883574_3883041_-3_ATG_177
CP040690	-3884181	TGA	FF954_18920	-3884966	786	CDS		GTG	FF954_18920|CP040690_3884966_3884181_-3_GTG_261
CP040690	-3885246	TAG	FF954_18925	-3886595	1350	CDS		ATG	FF954_18925|CP040690_3886595_3885246_-3_ATG_449
CP040690	-3891775	TGA	FF954_18945	-3893268	1494	CDS		GTG	FF954_18945|CP040690_3893268_3891775_-2_GTG_497
CP040690	-3893359	TGA	FF954_18950	-3894048	690	CDS		ATG	FF954_18950|CP040690_3894048_3893359_-2_ATG_229
CP040690	-3894190	TAA	FF954_18955	-3894972	783	CDS		ATG	FF954_18955|CP040690_3894972_3894190_-2_ATG_260
CP040690	-3895016	TAG	FF954_18960	-3895678	663	CDS		GTG	FF954_18960|CP040690_3895678_3895016_-1_GTG_220
CP040690	-3897488	TAA	FF954_18970	-3898432	945	CDS		ATG	FF954_18970|CP040690_3898432_3897488_-1_ATG_314
CP040690	-3899040	TAG	FF954_18985	-3899873	834	CDS		GTG	FF954_18985|CP040690_3899873_3899040_-3_GTG_277
CP040690	-3903330	TAA	FF954_19010	-3903812	483	CDS		ATG	FF954_19010|CP040690_3903812_3903330_-3_ATG_160
CP040690	-3903812	TGA	FF954_19015	-3904540	729	CDS		GTG	FF954_19015|CP040690_3904540_3903812_-1_GTG_242
CP040690	-3904540	TAG	FF954_19020	-3906234	1695	CDS		ATG	FF954_19020|CP040690_3906234_3904540_-2_ATG_564
CP040690	-3906245	TAG	FF954_19025	-3907399	1155	CDS		ATG	FF954_19025|CP040690_3907399_3906245_-1_ATG_384
CP040690	-3907396	TGA	FF954_19030	-3908751	1356	CDS		GTG	FF954_19030|CP040690_3908751_3907396_-2_GTG_451
CP040690	-3908748	TGA	FF954_19035	-3909821	1074	CDS		TTG	FF954_19035|CP040690_3909821_3908748_-3_TTG_357
CP040690	-3909811	TAG	FF954_19040	-3910863	1053	CDS		ATG	FF954_19040|CP040690_3910863_3909811_-2_ATG_350
CP040690	-3910863	TGA	FF954_19045	-3912065	1203	CDS		ATG	FF954_19045|CP040690_3912065_3910863_-3_ATG_400
CP040690	-3912085	TAA	FF954_19050	-3912927	843	CDS		ATG	FF954_19050|CP040690_3912927_3912085_-2_ATG_280
CP040690	-3912962	TAA	FF954_19055	-3913726	765	CDS		TTG	FF954_19055|CP040690_3913726_3912962_-1_TTG_254
CP040690	-3913952	TGA	FF954_19060	-3914905	954	CDS		TTG	FF954_19060|CP040690_3914905_3913952_-1_TTG_317
CP040690	-3914930	TAG	FF954_19065	-3915121	192	CDS		GTG	FF954_19065|CP040690_3915121_3914930_-1_GTG_63
CP040690	-3930584	TAG	FF954_19095	-3932131	1548	CDS		GTG	FF954_19095|CP040690_3932131_3930584_-1_GTG_515
CP040690	-3932128	TGA	FF954_19100	-3932964	837	CDS		ATG	FF954_19100|CP040690_3932964_3932128_-2_ATG_278
CP040690	-3939182	TGA	FF954_19110	-3939838	657	CDS		ATG	FF954_19110|CP040690_3939838_3939182_-1_ATG_218
CP040690	-3943190	TAG	FF954_19120	-3943408	219	CDS		GTG	FF954_19120|CP040690_3943408_3943190_-1_GTG_72
CP040690	-3943405	TGA	FF954_19125	-3945051	1647	CDS		GTG	FF954_19125|CP040690_3945051_3943405_-2_GTG_548
CP040690	-3946906	TGA	FF954_19140	-3948102	1197	CDS		ATG	FF954_19140|CP040690_3948102_3946906_-2_ATG_398
CP040690	-3948906	TGA	FF954_19150	-3949949	1044	CDS		GTG	FF954_19150|CP040690_3949949_3948906_-3_GTG_347
CP040690	-3954384	ATG	FF954_19175	-3954905	522	CDS	true	ATG	FF954_19175_p|CP040690_3954905_3954384_-3_ATG_174
CP040690	-3957060	TAA	FF954_19190	-3957773	714	CDS		ATG	FF954_19190|CP040690_3957773_3957060_-3_ATG_237
CP040690	-3958465	TGA	FF954_19205	-3959619	1155	CDS		ATG	FF954_19205|CP040690_3959619_3958465_-2_ATG_384
CP040690	-3959619	TAA	FF954_19210	-3960401	783	CDS		ATG	FF954_19210|CP040690_3960401_3959619_-3_ATG_260
CP040690	-3960398	TGA	FF954_19215	-3961525	1128	CDS		GTG	FF954_19215|CP040690_3961525_3960398_-1_GTG_375
CP040690	-3963286	TGA	FF954_19225	-3965034	1749	CDS		ATG	FF954_19225|CP040690_3965034_3963286_-2_ATG_582
CP040690	-3965133	TGA	FF954_19230	-3966173	1041	CDS		ATG	FF954_19230|CP040690_3966173_3965133_-3_ATG_346
CP040690	-3966170	TGA	FF954_19235	-3967081	912	CDS		ATG	FF954_19235|CP040690_3967081_3966170_-1_ATG_303
CP040690	-3967092	TAA	FF954_19240	-3967877	786	CDS		ATG	FF954_19240|CP040690_3967877_3967092_-3_ATG_261
CP040690	-3972080	TAA	FF954_19260	-3973240	1161	CDS		GTG	FF954_19260|CP040690_3973240_3972080_-1_GTG_386
CP040690	-3973240	TAG	FF954_19265	-3973629	390	CDS		ATG	FF954_19265|CP040690_3973629_3973240_-2_ATG_129
CP040690	-3973626	TGA	FF954_19270	-3974561	936	CDS		GTG	FF954_19270|CP040690_3974561_3973626_-3_GTG_311
CP040690	-3974558	TGA	FF954_19275	-3975721	1164	CDS		ATG	FF954_19275|CP040690_3975721_3974558_-1_ATG_387
CP040690	-3975706	TGA	FF954_19280	-3976725	1020	CDS		ATG	FF954_19280|CP040690_3976725_3975706_-2_ATG_339
CP040690	-3976725	TAA	FF954_19285	-3978026	1302	CDS		GTG	FF954_19285|CP040690_3978026_3976725_-3_GTG_433
CP040690	-3979963	TAG	FF954_19300	-3980877	915	CDS		ATG	FF954_19300|CP040690_3980877_3979963_-2_ATG_304
CP040690	-3980900	TGA	FF954_19305	-3981679	780	CDS		GTG	FF954_19305|CP040690_3981679_3980900_-1_GTG_259
CP040690	-3981676	TGA	FF954_19310	-3981780	105	CDS		GTG	FF954_19310|CP040690_3981780_3981676_-2_GTG_34
CP040690	-3987411	TGA	FF954_19340	-3988280	870	CDS		ATG	FF954_19340|CP040690_3988280_3987411_-3_ATG_289
CP040690	-3988385	TAG	FF954_19345	-3989545	1161	CDS		ATG	FF954_19345|CP040690_3989545_3988385_-1_ATG_386
CP040690	-3989610	TGA	FF954_19350	-3990212	603	CDS		ATG	FF954_19350|CP040690_3990212_3989610_-3_ATG_200
CP040690	-3992228	TGA	FF954_19360	-3993016	789	CDS		ATG	FF954_19360|CP040690_3993016_3992228_-1_ATG_262
CP040690	-3993013	TGA	FF954_19365	-3994170	1158	CDS		ATG	FF954_19365|CP040690_3994170_3993013_-2_ATG_385
CP040690	-3999912	TAA	FF954_19395	-4000763	852	CDS		ATG	FF954_19395|CP040690_4000763_3999912_-3_ATG_283
CP040690	-4000748	TGA	FF954_19400	-4001014	267	CDS		GTG	FF954_19400|CP040690_4001014_4000748_-1_GTG_88
CP040690	-4001300	TAG	FF954_19410	-4001863	564	CDS		ATG	FF954_19410|CP040690_4001863_4001300_-1_ATG_187
CP040690	-4001878	TAG	FF954_19415	-4002780	903	CDS		ATG	FF954_19415|CP040690_4002780_4001878_-2_ATG_300
CP040690	-4002777	TGA	FF954_19420	-4003652	876	CDS		ATG	FF954_19420|CP040690_4003652_4002777_-3_ATG_291
CP040690	-4003667	TAG	FF954_19425	-4004851	1185	CDS		GTG	FF954_19425|CP040690_4004851_4003667_-1_GTG_394
CP040690	-4006658	TGA	FF954_19440	-4008793	2136	CDS		GTG	FF954_19440|CP040690_4008793_4006658_-1_GTG_711
CP040690	-4009670	TAA	FF954_19450	-4010749	1080	CDS		GTG	FF954_19450|CP040690_4010749_4009670_-1_GTG_359
CP040690	-4014006	TGA	FF954_19470	-4014974	969	CDS		ATG	FF954_19470|CP040690_4014974_4014006_-3_ATG_322
CP040690	-4014975	TAG	FF954_19475	-4016384	1410	CDS		GTG	FF954_19475|CP040690_4016384_4014975_-3_GTG_469
CP040690	-4016449	TAG	FF954_19480	-4016928	480	CDS		GTG	FF954_19480|CP040690_4016928_4016449_-2_GTG_159
CP040690	-4016925	TGA	FF954_19485	-4017620	696	CDS		GTG	FF954_19485|CP040690_4017620_4016925_-3_GTG_231
CP040690	-4017637	TGA	FF954_19490	-4018125	489	CDS		ATG	FF954_19490|CP040690_4018125_4017637_-2_ATG_162
CP040690	-4021549	TAA	FF954_19510	-4022343	795	CDS		GTG	FF954_19510|CP040690_4022343_4021549_-2_GTG_264
CP040690	-4022452	TGA	FF954_19515	-4023075	624	CDS		ATG	FF954_19515|CP040690_4023075_4022452_-2_ATG_207
CP040690	-4023985	TAA	FF954_19525	-4025739	1755	CDS		ATG	FF954_19525|CP040690_4025739_4023985_-2_ATG_584
CP040690	-4025850	TGA	FF954_19530	-4026623	774	CDS		GTG	FF954_19530|CP040690_4026623_4025850_-3_GTG_257
CP040690	-4029312	TGA	FF954_19550	-4030658	1347	CDS		ATG	FF954_19550|CP040690_4030658_4029312_-3_ATG_448
CP040690	-4030766	TAG	FF954_19555	-4033312	2547	CDS		ATG	FF954_19555|CP040690_4033312_4030766_-1_ATG_848
CP040690	-4033589	TGA	FF954_19560	-4033927	339	CDS		ATG	FF954_19560|CP040690_4033927_4033589_-1_ATG_112
CP040690	-4034031	TGA	FF954_19565	-4035548	1518	CDS		GTG	FF954_19565|CP040690_4035548_4034031_-3_GTG_505
CP040690	-4035560	TAA	FF954_19570	-4035643	84	CDS		ATG	FF954_19570|CP040690_4035643_4035560_-1_ATG_27
CP040690	-4035649	TGA	FF954_19575	-4036467	819	CDS		GTG	FF954_19575|CP040690_4036467_4035649_-2_GTG_272
CP040690	-4036470	TAG	FF954_19580	-4036889	420	CDS		ATG	FF954_19580|CP040690_4036889_4036470_-3_ATG_139
CP040690	-4036889	TGA	FF954_19585	-4037818	930	CDS		ATG	FF954_19585|CP040690_4037818_4036889_-1_ATG_309
CP040690	-4037815	TGA	FF954_19590	-4038726	912	CDS		ATG	FF954_19590|CP040690_4038726_4037815_-2_ATG_303
CP040690	-4038911	TAG	FF954_19595	-4040104	1194	CDS		ATG	FF954_19595|CP040690_4040104_4038911_-1_ATG_397
CP040690	-4040313	TAG	FF954_19600	-4040789	477	CDS		ATG	FF954_19600|CP040690_4040789_4040313_-3_ATG_158
CP040690	-4040789	TGA	FF954_19605	-4041355	567	CDS		ATG	FF954_19605|CP040690_4041355_4040789_-1_ATG_188
CP040690	-4041352	TGA	FF954_19610	-4041753	402	CDS		ATG	FF954_19610|CP040690_4041753_4041352_-2_ATG_133
CP040690	-4041746	TGA	FF954_19615	-4042588	843	CDS		GTG	FF954_19615|CP040690_4042588_4041746_-1_GTG_280
CP040690	-4042585	TGA	FF954_19620	-4043193	609	CDS		ATG	FF954_19620|CP040690_4043193_4042585_-2_ATG_202
CP040690	-4043209	TGA	FF954_19625	-4045491	2283	CDS		ATG	FF954_19625|CP040690_4045491_4043209_-2_ATG_760
CP040690	-4046237	TGA	FF954_19635	-4046566	330	CDS		ATG	FF954_19635|CP040690_4046566_4046237_-1_ATG_109
CP040690	-4046600	TAG	FF954_19640	-4046761	162	CDS		ATG	FF954_19640|CP040690_4046761_4046600_-1_ATG_53
CP040690	-4046861	TGA	FF954_19645	-4047415	555	CDS		GTG	FF954_19645|CP040690_4047415_4046861_-1_GTG_184
CP040690	-4047531	TGA	FF954_19650	-4047842	312	CDS		ATG	FF954_19650|CP040690_4047842_4047531_-3_ATG_103
CP040690	-4047916	TAA	FF954_19655	-4049094	1179	CDS		ATG	FF954_19655|CP040690_4049094_4047916_-2_ATG_392
CP040690	-4051251	TAA	FF954_19675	-4051535	285	CDS		ATG	FF954_19675|CP040690_4051535_4051251_-3_ATG_94
CP040690	-4051562	TGA	FF954_19680	-4051858	297	CDS		ATG	FF954_19680|CP040690_4051858_4051562_-1_ATG_98
CP040690	-4051915	TGA	FF954_19685	-4053156	1242	CDS		ATG	FF954_19685|CP040690_4053156_4051915_-2_ATG_413
CP040690	-4053166	TAG	FF954_19690	-4053465	300	CDS		ATG	FF954_19690|CP040690_4053465_4053166_-2_ATG_99
CP040690	-4054521	TAG	FF954_19700	-4055171	651	CDS		TTG	FF954_19700|CP040690_4055171_4054521_-3_TTG_216
CP040690	-4055168	TGA	FF954_19705	-4056139	972	CDS		ATG	FF954_19705|CP040690_4056139_4055168_-1_ATG_323
CP040690	-4056118	TAG	FF954_19710	-4057170	1053	CDS		GTG	FF954_19710|CP040690_4057170_4056118_-2_GTG_350
CP040690	-4057167	TGA	FF954_19715	-4058552	1386	CDS		ATG	FF954_19715|CP040690_4058552_4057167_-3_ATG_461
CP040690	-4059224	TGA	FF954_19725	-4060321	1098	CDS		ATG	FF954_19725|CP040690_4060321_4059224_-1_ATG_365
CP040690	-4063934	TGA	FF954_19750	-4064878	945	CDS		GTG	FF954_19750|CP040690_4064878_4063934_-1_GTG_314
CP040690	-4069151	TGA	FF954_19770	-4069717	567	CDS		ATG	FF954_19770|CP040690_4069717_4069151_-1_ATG_188
CP040690	-4069787	TAG	FF954_19775	-4071016	1230	CDS		ATG	FF954_19775|CP040690_4071016_4069787_-1_ATG_409
CP040690	-4071192	TGA	FF954_19780	-4071827	636	CDS		GTG	FF954_19780|CP040690_4071827_4071192_-3_GTG_211
CP040690	-4071838	TAA	FF954_19785	-4072032	195	CDS		GTG	FF954_19785|CP040690_4072032_4071838_-2_GTG_64
CP040690	-4072783	TAG	FF954_19800	-4073988	1206	CDS		ATG	FF954_19800|CP040690_4073988_4072783_-2_ATG_401
CP040690	-4075720	TAG	FF954_19810	-4078524	2805	CDS		TTG	FF954_19810|CP040690_4078524_4075720_-2_TTG_934
CP040690	-4078877	TAG	FF954_19815	-4079455	579	CDS		GTG	FF954_19815|CP040690_4079455_4078877_-1_GTG_192
CP040690	-4079595	TGA	FF954_19820	-4079798	204	CDS		ATG	FF954_19820|CP040690_4079798_4079595_-3_ATG_67
CP040690	-4083818	TGA	FF954_19840	-4084063	246	CDS		ATG	FF954_19840|CP040690_4084063_4083818_-1_ATG_81
CP040690	-4085211	TGA	FF954_19855	-4085588	378	CDS		TTG	FF954_19855|CP040690_4085588_4085211_-3_TTG_125
CP040690	-4085551	TGA	FF954_19860	-4085850	300	CDS		GTG	FF954_19860|CP040690_4085850_4085551_-2_GTG_99
CP040690	-4085874	TAG	FF954_19865	-4086080	207	CDS		ATG	FF954_19865|CP040690_4086080_4085874_-3_ATG_68
CP040690	-4086090	TGA	FF954_19870	-4086665	576	CDS		ATG	FF954_19870|CP040690_4086665_4086090_-3_ATG_191
CP040690	-4086689	TGA	FF954_19875	-4087489	801	CDS		ATG	FF954_19875|CP040690_4087489_4086689_-1_ATG_266
CP040690	-4087486	TGA	FF954_19880	-4088649	1164	CDS		ATG	FF954_19880|CP040690_4088649_4087486_-2_ATG_387
CP040690	-4088646	TGA	FF954_19885	-4089698	1053	CDS		ATG	FF954_19885|CP040690_4089698_4088646_-3_ATG_350
CP040690	-4091235	CCG	FF954_19900	-4091502	268	CDS	true	ATC	FF954_19900_p|CP040690_4091502_4091235_-2_ATC_89
CP040690	-4091815	TGA	FF954_19905	-4092585	771	CDS		GTG	FF954_19905|CP040690_4092585_4091815_-2_GTG_256
CP040690	-4092582	TGA	FF954_19910	-4094228	1647	CDS		ATG	FF954_19910|CP040690_4094228_4092582_-3_ATG_548
CP040690	-4094225	TGA	FF954_19915	-4095088	864	CDS		ATG	FF954_19915|CP040690_4095088_4094225_-1_ATG_287
CP040690	-4095081	TGA	FF954_19920	-4096007	927	CDS		ATG	FF954_19920|CP040690_4096007_4095081_-3_ATG_308
CP040690	-4096009	TGA	FF954_19925	-4097634	1626	CDS		ATG	FF954_19925|CP040690_4097634_4096009_-2_ATG_541
CP040690	-4100333	TGA	FF954_19940	-4101031	699	CDS		TTG	FF954_19940|CP040690_4101031_4100333_-1_TTG_232
CP040690	-4102872	TGA	FF954_19955	-4104065	1194	CDS		ATG	FF954_19955|CP040690_4104065_4102872_-3_ATG_397
CP040690	-4104071	TGA	FF954_19960	-4104892	822	CDS		ATG	FF954_19960|CP040690_4104892_4104071_-1_ATG_273
CP040690	-4105024	TGA	FF954_19965	-4105707	684	CDS		ATG	FF954_19965|CP040690_4105707_4105024_-2_ATG_227
CP040690	-4105707	TAA	FF954_19970	-4106444	738	CDS		GTG	FF954_19970|CP040690_4106444_4105707_-3_GTG_245
CP040690	-4107808	TAG	FF954_19985	-4108602	795	CDS		ATG	FF954_19985|CP040690_4108602_4107808_-2_ATG_264
CP040690	-4108609	TAG	FF954_19990	-4109064	456	CDS		ATG	FF954_19990|CP040690_4109064_4108609_-2_ATG_151
CP040690	-4109080	TAG	FF954_19995	-4109241	162	CDS		ATG	FF954_19995|CP040690_4109241_4109080_-2_ATG_53
CP040690	-4111462	TGA	FF954_20010	-4111725	264	CDS		ATG	FF954_20010|CP040690_4111725_4111462_-2_ATG_87
CP040690	-4111862	TAG	FF954_20015	-4112218	357	CDS		GTG	FF954_20015|CP040690_4112218_4111862_-1_GTG_118
CP040690	-4117959	TAG	FF954_20045	-4119389	1431	CDS		ATG	FF954_20045|CP040690_4119389_4117959_-3_ATG_476
CP040690	-4119415	TAG	FF954_20050	-4119747	333	CDS		ATG	FF954_20050|CP040690_4119747_4119415_-2_ATG_110
CP040690	-4119987	TAA	FF954_20055	-4120355	369	CDS		TTG	FF954_20055|CP040690_4120355_4119987_-3_TTG_122
CP040690	-4120557	TAG	FF954_20060	-4121021	465	CDS		ATG	FF954_20060|CP040690_4121021_4120557_-3_ATG_154
CP040690	-4126786	TGA	FF954_20095	-4127778	993	CDS		GTG	FF954_20095|CP040690_4127778_4126786_-2_GTG_330
CP040690	-4128866	TAG	FF954_20105	-4130392	1527	CDS		TTG	FF954_20105|CP040690_4130392_4128866_-1_TTG_508
CP040690	-4130469	TGA	FF954_20110	-4130906	438	CDS		GTG	FF954_20110|CP040690_4130906_4130469_-3_GTG_145
CP040690	-4130903	TGA	FF954_20115	-4131127	225	CDS		ATG	FF954_20115|CP040690_4131127_4130903_-1_ATG_74
CP040690	-4133412	TAG	FF954_20130	-4134584	1173	CDS		ATG	FF954_20130|CP040690_4134584_4133412_-3_ATG_390
CP040690	-4134615	TGA	FF954_20135	-4135580	966	CDS		ATG	FF954_20135|CP040690_4135580_4134615_-3_ATG_321
CP040690	-4135577	TGA	FF954_20140	-4136278	702	CDS		ATG	FF954_20140|CP040690_4136278_4135577_-1_ATG_233
CP040690	-4136278	TGA	FF954_20145	-4137555	1278	CDS		GTG	FF954_20145|CP040690_4137555_4136278_-2_GTG_425
CP040690	-4137552	TGA	FF954_20150	-4138850	1299	CDS		ATG	FF954_20150|CP040690_4138850_4137552_-3_ATG_432
CP040690	-4138982	TGA	FF954_20155	-4139626	645	CDS		ATG	FF954_20155|CP040690_4139626_4138982_-1_ATG_214
CP040690	-4139755	TAG	FF954_20160	-4140144	390	CDS		ATG	FF954_20160|CP040690_4140144_4139755_-2_ATG_129
CP040690	-4140255	TAA	FF954_20165	-4140575	321	CDS		ATG	FF954_20165|CP040690_4140575_4140255_-3_ATG_106
CP040690	-4140694	TAG	FF954_20170	-4141704	1011	CDS		GTG	FF954_20170|CP040690_4141704_4140694_-2_GTG_336
CP040690	-4141844	TGA	FF954_20175	-4142881	1038	CDS		ATG	FF954_20175|CP040690_4142881_4141844_-1_ATG_345
CP040690	-4142882	TAG	FF954_20180	-4144147	1266	CDS		GTG	FF954_20180|CP040690_4144147_4142882_-1_GTG_421
CP040690	-4147031	TGA	FF954_20190	-4148020	990	CDS		GTG	FF954_20190|CP040690_4148020_4147031_-1_GTG_329
CP040690	-4148017	TGA	FF954_20195	-4148280	264	CDS		GTG	FF954_20195|CP040690_4148280_4148017_-2_GTG_87
CP040690	-4150163	TAA	FF954_20210	-4151053	891	CDS		ATG	FF954_20210|CP040690_4151053_4150163_-1_ATG_296
CP040690	-4151121	TGA	FF954_20215	-4151732	612	CDS		ATG	FF954_20215|CP040690_4151732_4151121_-3_ATG_203
CP040690	-4151744	TGA	FF954_20220	-4152136	393	CDS		ATG	FF954_20220|CP040690_4152136_4151744_-1_ATG_130
CP040690	-4153038	TGA	FF954_20230	-4153481	444	CDS		ATG	FF954_20230|CP040690_4153481_4153038_-3_ATG_147
CP040690	-4156218	TAG	FF954_20245	-4157954	1737	CDS		GTG	FF954_20245|CP040690_4157954_4156218_-3_GTG_578
CP040690	-4158044	TGA	FF954_20250	-4159351	1308	CDS		GTG	FF954_20250|CP040690_4159351_4158044_-1_GTG_435
CP040690	-4171903	TAA	FF954_20300	-4172943	1041	CDS		ATG	FF954_20300|CP040690_4172943_4171903_-2_ATG_346
CP040690	-4175235	TGA	FF954_20315	-4175735	501	CDS		ATG	FF954_20315|CP040690_4175735_4175235_-3_ATG_166
CP040690	-4175749	TAA	FF954_20320	-4177113	1365	CDS		ATG	FF954_20320|CP040690_4177113_4175749_-2_ATG_454
CP040690	-4180508	TAG	FF954_20340	-4181740	1233	CDS		ATG	FF954_20340|CP040690_4181740_4180508_-1_ATG_410
CP040690	-4182056	TGA	FF954_20345	-4183402	1347	CDS		ATG	FF954_20345|CP040690_4183402_4182056_-1_ATG_448
CP040690	-4183402	TGA	FF954_20350	-4184076	675	CDS		ATG	FF954_20350|CP040690_4184076_4183402_-2_ATG_224
CP040690	-4184073	TGA	FF954_20355	-4184468	396	CDS		GTG	FF954_20355|CP040690_4184468_4184073_-3_GTG_131
CP040690	-4184614	TGA	FF954_20360	-4186596	1983	CDS		GTG	FF954_20360|CP040690_4186596_4184614_-2_GTG_660
CP040690	-4187109	TGA	FF954_20370	-4187321	213	CDS		ATG	FF954_20370|CP040690_4187321_4187109_-3_ATG_70
CP040690	-4187394	TAG	FF954_20375	-4187729	336	CDS		ATG	FF954_20375|CP040690_4187729_4187394_-3_ATG_111
CP040690	-4188852	TAG	FF954_20390	-4189361	510	CDS		ATG	FF954_20390|CP040690_4189361_4188852_-3_ATG_169
CP040690	-4189429	TAG	FF954_20395	-4189821	393	CDS		ATG	FF954_20395|CP040690_4189821_4189429_-2_ATG_130
CP040690	-4189979	TGA	FF954_20400	-4190179	201	CDS		TTG	FF954_20400|CP040690_4190179_4189979_-1_TTG_66
CP040690	-4190470	TGA	FF954_20415	-4190928	459	CDS		GTG	FF954_20415|CP040690_4190928_4190470_-2_GTG_152
CP040690	-4190944	TGA	FF954_20420	-4191465	522	CDS		ATG	FF954_20420|CP040690_4191465_4190944_-2_ATG_173
CP040690	-4192512	TAA	FF954_20430	-4193111	600	CDS		GTG	FF954_20430|CP040690_4193111_4192512_-3_GTG_199
CP040690	-4193117	TAG	FF954_20435	-4193836	720	CDS		ATG	FF954_20435|CP040690_4193836_4193117_-1_ATG_239
CP040690	-4193833	TGA	FF954_20440	-4194522	690	CDS		ATG	FF954_20440|CP040690_4194522_4193833_-2_ATG_229
CP040690	-4194510	TGA	FF954_20445	-4195640	1131	CDS		TTG	FF954_20445|CP040690_4195640_4194510_-3_TTG_376
CP040690	-4195649	TAG	FF954_20450	-4196596	948	CDS		ATG	FF954_20450|CP040690_4196596_4195649_-1_ATG_315
CP040690	-4197085	TAA	FF954_20460	-4198140	1056	CDS		GTG	FF954_20460|CP040690_4198140_4197085_-2_GTG_351
CP040690	-4198219	TAG	FF954_20465	-4200099	1881	CDS		GTG	FF954_20465|CP040690_4200099_4198219_-2_GTG_626
CP040690	-4200805	TAG	FF954_20475	-4202232	1428	CDS		GTG	FF954_20475|CP040690_4202232_4200805_-2_GTG_475
CP040690	-4202303	TAG	FF954_20480	-4203007	705	CDS		ATG	FF954_20480|CP040690_4203007_4202303_-1_ATG_234
CP040690	-4204219	TGA	FF954_20490	-4205163	945	CDS		GTG	FF954_20490|CP040690_4205163_4204219_-2_GTG_314
CP040690	-4206423	TAA	FF954_20505	-4206998	576	CDS		ATG	FF954_20505|CP040690_4206998_4206423_-3_ATG_191
CP040690	-4207143	CTG	FF954_20510	-4207492	350	CDS	true	GTG	FF954_20510_p|CP040690_4207492_4207143_-1_GTG_116
CP040690	-4207627	TGA	FF954_20515	-4207953	327	CDS		GTG	FF954_20515|CP040690_4207953_4207627_-2_GTG_108
CP040690	-4209464	TAG	FF954_20535	-4210048	585	CDS		ATG	FF954_20535|CP040690_4210048_4209464_-1_ATG_194
CP040690	-4214922	TGA	FF954_20565	-4216118	1197	CDS		ATG	FF954_20565|CP040690_4216118_4214922_-3_ATG_398
CP040690	-4223597	TAG	FF954_20605	-4224820	1224	CDS		ATG	FF954_20605|CP040690_4224820_4223597_-1_ATG_407
CP040690	-4224833	TGA	FF954_20610	-4225759	927	CDS		GTG	FF954_20610|CP040690_4225759_4224833_-1_GTG_308
CP040690	-4245591	TAG	FF954_20670	-4247159	1569	CDS		GTG	FF954_20670|CP040690_4247159_4245591_-3_GTG_522
CP040690	-4247156	TGA	FF954_20675	-4252357	5202	CDS		ATG	FF954_20675|CP040690_4252357_4247156_-1_ATG_1733
CP040690	-4252364	TGA	FF954_20680	-4254277	1914	CDS		ATG	FF954_20680|CP040690_4254277_4252364_-1_ATG_637
CP040690	-4254566	TGA	FF954_20685	-4255576	1011	CDS		ATG	FF954_20685|CP040690_4255576_4254566_-1_ATG_336
CP040690	-4255774	TAA	FF954_20690	-4256673	900	CDS		ATG	FF954_20690|CP040690_4256673_4255774_-2_ATG_299
CP040690	-4256853	TAG	FF954_20695	-4257869	1017	CDS		ATG	FF954_20695|CP040690_4257869_4256853_-3_ATG_338
CP040690	-4258164	TGA	FF954_20700	-4260047	1884	CDS		ATG	FF954_20700|CP040690_4260047_4258164_-3_ATG_627
CP040690	-4260136	TAG	FF954_20705	-4261044	909	CDS		ATG	FF954_20705|CP040690_4261044_4260136_-2_ATG_302
CP040690	-4261051	TGA	FF954_20710	-4261548	498	CDS		ATG	FF954_20710|CP040690_4261548_4261051_-2_ATG_165
CP040690	-4261577	TGA	FF954_20715	-4263490	1914	CDS		ATG	FF954_20715|CP040690_4263490_4261577_-1_ATG_637
CP040690	-4263487	TGA	FF954_20720	-4264686	1200	CDS		ATG	FF954_20720|CP040690_4264686_4263487_-2_ATG_399
CP040690	-4269293	TAA	FF954_20740	-4269445	153	CDS		ATG	FF954_20740|CP040690_4269445_4269293_-1_ATG_50
CP040690	-4269396	TGA	FF954_20745	-4269512	117	CDS		ATG	FF954_20745|CP040690_4269512_4269396_-3_ATG_38
CP040690	-4269605	TAG	FF954_20750	-4270426	822	CDS		TTG	FF954_20750|CP040690_4270426_4269605_-1_TTG_273
CP040690	-4270441	TGA	FF954_20755	-4271226	786	CDS		ATG	FF954_20755|CP040690_4271226_4270441_-2_ATG_261
CP040690	-4271244	TAA	FF954_20760	-4271999	756	CDS		ATG	FF954_20760|CP040690_4271999_4271244_-3_ATG_251
CP040690	-4272003	TGA	FF954_20765	-4272782	780	CDS		GTG	FF954_20765|CP040690_4272782_4272003_-3_GTG_259
CP040690	-4275630	TGA	FF954_20785	-4277036	1407	CDS		GTG	FF954_20785|CP040690_4277036_4275630_-3_GTG_468
CP040690	-4279471	TAG	FF954_20800	-4282740	3270	CDS		ATG	FF954_20800|CP040690_4282740_4279471_-2_ATG_1089
CP040690	-4282850	TAG	FF954_20805	-4284385	1536	CDS		GTG	FF954_20805|CP040690_4284385_4282850_-1_GTG_511
CP040690	-4284436	TAA	FF954_20810	-4290816	6381	CDS		TTG	FF954_20810|CP040690_4290816_4284436_-2_TTG_2126
CP040690	-4290917	TAG	FF954_20815	-4291093	177	CDS		GTG	FF954_20815|CP040690_4291093_4290917_-1_GTG_58
CP040690	-4292774	TAA	FF954_20825	-4293997	1224	CDS		ATG	FF954_20825|CP040690_4293997_4292774_-1_ATG_407
CP040690	-4293997	TGA	FF954_20830	-4294578	582	CDS		ATG	FF954_20830|CP040690_4294578_4293997_-2_ATG_193
CP040690	-4294609	TAG	FF954_20835	-4296219	1611	CDS		ATG	FF954_20835|CP040690_4296219_4294609_-2_ATG_536
CP040690	-4296267	TAA	FF954_20840	-4296896	630	CDS		ATG	FF954_20840|CP040690_4296896_4296267_-3_ATG_209
CP040690	-4297447	TAG	FF954_20850	-4298022	576	CDS		ATG	FF954_20850|CP040690_4298022_4297447_-2_ATG_191
CP040690	-4298866	TAG	FF954_20860	-4300125	1260	CDS		GTG	FF954_20860|CP040690_4300125_4298866_-2_GTG_419
CP040690	-4302221	TGA	FF954_20880	-4302919	699	CDS		ATG	FF954_20880|CP040690_4302919_4302221_-1_ATG_232
CP040690	-4302916	TGA	FF954_20885	-4303881	966	CDS		GTG	FF954_20885|CP040690_4303881_4302916_-2_GTG_321
CP040690	-4305950	TGA	FF954_20905	-4306774	825	CDS		ATG	FF954_20905|CP040690_4306774_4305950_-1_ATG_274
CP040690	-4306780	TAG	FF954_20910	-4307808	1029	CDS		GTG	FF954_20910|CP040690_4307808_4306780_-2_GTG_342
CP040690	-4308897	TAA	FF954_20915	-4309109	213	CDS		TTG	FF954_20915|CP040690_4309109_4308897_-3_TTG_70
CP040690	-4309177	GGG	FF954_20920	-4309370	194	CDS	true	GTT	FF954_20920_p|CP040690_4309370_4309177_-3_GTT_64
CP040690	-4309459	TAG	FF954_20925	-4310057	599	CDS	true	GTG	FF954_20925_p|CP040690_4310057_4309459_-3_GTG_199
CP040690	-4311574	TAA	FF954_20945	-4311882	309	CDS		ATG	FF954_20945|CP040690_4311882_4311574_-2_ATG_102
CP040690	-4313373	TAG	FF954_20960	-4313552	180	CDS		GTG	FF954_20960|CP040690_4313552_4313373_-3_GTG_59
CP040690	-4317216	TAG	FF954_20995	-4318685	1470	CDS		ATG	FF954_20995|CP040690_4318685_4317216_-3_ATG_489
CP040690	-4319613	TAG	FF954_21005	-4320620	1008	CDS		ATG	FF954_21005|CP040690_4320620_4319613_-3_ATG_335
CP040690	-4320629	TGA	FF954_21010	-4320826	198	CDS		ATG	FF954_21010|CP040690_4320826_4320629_-1_ATG_65
CP040690	-4321251	TAA	FF954_21015	-4322717	1467	CDS		ATG	FF954_21015|CP040690_4322717_4321251_-3_ATG_488
CP040690	-4322710	TGA	FF954_21020	-4327293	4584	CDS		ATG	FF954_21020|CP040690_4327293_4322710_-2_ATG_1527
CP040690	-4327308	TGA	FF954_21025	-4327691	384	CDS		GTG	FF954_21025|CP040690_4327691_4327308_-3_GTG_127
CP040690	-4329383	TGA	FF954_21040	-4329733	351	CDS		ATG	FF954_21040|CP040690_4329733_4329383_-1_ATG_116
CP040690	-4348907	TGA	FF954_21130	-4351141	2235	CDS		ATG	FF954_21130|CP040690_4351141_4348907_-1_ATG_744
CP040690	-4351558	TAA	FF954_21135	-4351905	348	CDS		GTG	FF954_21135|CP040690_4351905_4351558_-2_GTG_115
CP040690	-4351902	TGA	FF954_21140	-4353284	1383	CDS		ATG	FF954_21140|CP040690_4353284_4351902_-3_ATG_460
CP040690	-4353391	TAG	FF954_21145	-4354779	1389	CDS		ATG	FF954_21145|CP040690_4354779_4353391_-2_ATG_462
CP040690	-4354776	TGA	FF954_21150	-4356116	1341	CDS		GTG	FF954_21150|CP040690_4356116_4354776_-3_GTG_446
CP040690	-4356338	TAG	FF954_21155	-4358197	1860	CDS		ATG	FF954_21155|CP040690_4358197_4356338_-1_ATG_619
CP040690	-4358267	TAG	FF954_21160	-4359880	1614	CDS		TTG	FF954_21160|CP040690_4359880_4358267_-1_TTG_537
CP040690	-4359877	TGA	FF954_21165	-4361529	1653	CDS		ATG	FF954_21165|CP040690_4361529_4359877_-2_ATG_550
CP040690	-4361514	TAA	FF954_21170	-4363043	1530	CDS		GTG	FF954_21170|CP040690_4363043_4361514_-3_GTG_509
CP040690	-4363040	TGA	FF954_21175	-4364065	1026	CDS		GTG	FF954_21175|CP040690_4364065_4363040_-1_GTG_341
CP040690	-4364159	TGA	FF954_21180	-4364989	831	CDS		ATG	FF954_21180|CP040690_4364989_4364159_-1_ATG_276
CP040690	-4365085	TAA	FF954_21185	-4365372	288	CDS		ATG	FF954_21185|CP040690_4365372_4365085_-2_ATG_95
CP040690	-4365408	TGA	FF954_21190	-4365731	324	CDS		GTG	FF954_21190|CP040690_4365731_4365408_-3_GTG_107
CP040690	-4365843	TAG	FF954_21195	-4367042	1200	CDS		ATG	FF954_21195|CP040690_4367042_4365843_-3_ATG_399
CP040690	-4367121	TAG	FF954_21200	-4367354	234	CDS		ATG	FF954_21200|CP040690_4367354_4367121_-3_ATG_77
CP040690	-4367621	TAG	FF954_21205	-4371811	4191	CDS		ATG	FF954_21205|CP040690_4371811_4367621_-1_ATG_1396
CP040690	-4371812	TAG	FF954_21210	-4373299	1488	CDS		ATG	FF954_21210|CP040690_4373299_4371812_-1_ATG_495
CP040690	-4373302	TGA	FF954_21215	-4374210	909	CDS		GTG	FF954_21215|CP040690_4374210_4373302_-2_GTG_302
CP040690	-4374360	TAG	FF954_21220	-4375349	990	CDS		ATG	FF954_21220|CP040690_4375349_4374360_-3_ATG_329
CP040690	-4375511	TGA	FF954_21225	-4375996	486	CDS		CTG	FF954_21225|CP040690_4375996_4375511_-1_CTG_161
CP040690	-4375999	TGA	FF954_21230	-4376742	744	CDS		ATG	FF954_21230|CP040690_4376742_4375999_-2_ATG_247
CP040690	-4376736	TGA	FF954_21235	-4377668	933	CDS		ATG	FF954_21235|CP040690_4377668_4376736_-3_ATG_310
CP040690	-4377658	TGA	FF954_21240	-4378161	504	CDS		GTG	FF954_21240|CP040690_4378161_4377658_-2_GTG_167
CP040690	-4378097	TAG	FF954_21245	-4378615	519	CDS		GTG	FF954_21245|CP040690_4378615_4378097_-1_GTG_172
CP040690	-4378672	TGA	FF954_21250	-4379121	450	CDS		GTG	FF954_21250|CP040690_4379121_4378672_-2_GTG_149
CP040690	-4379672	TAG	FF954_21255	-4380202	531	CDS		GTG	FF954_21255|CP040690_4380202_4379672_-1_GTG_176
CP040690	-4380199	TGA	FF954_21260	-4382739	2541	CDS		ATG	FF954_21260|CP040690_4382739_4380199_-2_ATG_846
CP040690	-4382744	TGA	FF954_21265	-4383016	273	CDS		GTG	FF954_21265|CP040690_4383016_4382744_-1_GTG_90
CP040690	-4383027	TGA	FF954_21270	-4383338	312	CDS		ATG	FF954_21270|CP040690_4383338_4383027_-3_ATG_103
CP040690	-4383404	TAG	FF954_21275	-4383913	510	CDS		GTG	FF954_21275|CP040690_4383913_4383404_-1_GTG_169
CP040690	-4383938	TAG	FF954_21280	-4385380	1443	CDS		GTG	FF954_21280|CP040690_4385380_4383938_-1_GTG_480
CP040690	-4396739	TAA	FF954_21330	-4397473	735	CDS		GTG	FF954_21330|CP040690_4397473_4396739_-1_GTG_244
CP040690	-4397513	TAG	FF954_21335	-4397800	288	CDS		ATG	FF954_21335|CP040690_4397800_4397513_-1_ATG_95
CP040690	-4397763	TAA	FF954_21340	-4398797	1035	CDS		ATG	FF954_21340|CP040690_4398797_4397763_-3_ATG_344
CP040690	-4398794	TGA	FF954_21345	-4399837	1044	CDS		GTG	FF954_21345|CP040690_4399837_4398794_-1_GTG_347
CP040690	-4399834	TGA	FF954_21350	-4400508	675	CDS		ATG	FF954_21350|CP040690_4400508_4399834_-2_ATG_224
CP040690	-4400640	TAG	FF954_21355	-4401203	564	CDS		ATG	FF954_21355|CP040690_4401203_4400640_-3_ATG_187
CP040690	-4401275	TGA	FF954_21360	-4402375	1101	CDS		GTG	FF954_21360|CP040690_4402375_4401275_-1_GTG_366
CP040690	-4402359	TGA	FF954_21365	-4402721	363	CDS		GTG	FF954_21365|CP040690_4402721_4402359_-3_GTG_120
CP040690	-4402718	TGA	FF954_21370	-4403095	378	CDS		TTG	FF954_21370|CP040690_4403095_4402718_-1_TTG_125
CP040690	-4403092	TGA	FF954_21375	-4403235	144	CDS		GTG	FF954_21375|CP040690_4403235_4403092_-2_GTG_47
